1023000: system.cpu.fetch: [tid:0] Instruction PC (0x7ffff801f266=>0x7ffff801f26a).(0=>1) created [sn:1923].
1023000: system.cpu.fetch: [tid:0] Instruction is:   MOV_M_R : st   rdx, DS:[8*rax + rsi]
1023000: system.cpu.fetch: [tid:0] Fetch queue entry created (10/128).
1023000: system.cpu.decoder: Decode: Decoded mov instruction: 
{
	leg = 0,
	rex = 0x48,
	vex/xop = 0,
	op = {
		type = one byte,
		op = 0x8b,
		},
	modRM = 0x42,
	sib = 0,
	immediate = 0,
	displacement = 0x10
	dispSize = 1}

1023000: global: DynInst: [sn:1924] Instruction created. Instcount for system.cpu = 58
1023000: system.cpu.fetch: [tid:0] Instruction PC (0x7ffff801f26a=>0x7ffff801f26e).(0=>1) created [sn:1924].
1023000: system.cpu.fetch: [tid:0] Instruction is:   MOV_R_M : ld   rax, DS:[rdx + 0x10]
1023000: system.cpu.fetch: [tid:0] Fetch queue entry created (11/128).
1023000: system.cpu.decoder: Decode: Decoded add instruction: 
{
	leg = 0,
	rex = 0x48,
	vex/xop = 0,
	op = {
		type = one byte,
		op = 0x83,
		},
	modRM = 0xc2,
	sib = 0,
	immediate = 0x10,
	displacement = 0
	dispSize = 0}

1023000: global: DynInst: [sn:1925] Instruction created. Instcount for system.cpu = 59
1023000: system.cpu.fetch: [tid:0] Instruction PC (0x7ffff801f26e=>0x7ffff801f272).(0=>1) created [sn:1925].
1023000: system.cpu.fetch: [tid:0] Instruction is:   ADD_R_I : limm   t1, 0x10
1023000: system.cpu.fetch: [tid:0] Fetch queue entry created (12/128).
1023000: global: DynInst: [sn:1926] Instruction created. Instcount for system.cpu = 60
1023000: system.cpu.fetch: [tid:0] Instruction PC (0x7ffff801f26e=>0x7ffff801f272).(1=>2) created [sn:1926].
1023000: system.cpu.fetch: [tid:0] Instruction is:   ADD_R_I : add   rdx, rdx, t1
1023000: system.cpu.fetch: [tid:0] Fetch queue entry created (13/128).
1023000: system.cpu.decoder: Decode: Decoded test instruction: 
{
	leg = 0,
	rex = 0x48,
	vex/xop = 0,
	op = {
		type = one byte,
		op = 0x85,
		},
	modRM = 0xc0,
	sib = 0,
	immediate = 0,
	displacement = 0
	dispSize = 0}

1023000: global: DynInst: [sn:1927] Instruction created. Instcount for system.cpu = 61
1023000: system.cpu.fetch: [tid:0] Instruction PC (0x7ffff801f272=>0x7ffff801f275).(0=>1) created [sn:1927].
1023000: system.cpu.fetch: [tid:0] Instruction is:   TEST_R_R : and   t0, rax, rax
1023000: system.cpu.fetch: [tid:0] Fetch queue entry created (14/128).
1023000: system.cpu.decoder: Decode: Decoded jz instruction: 
{
	leg = 0,
	rex = 0,
	vex/xop = 0,
	op = {
		type = one byte,
		op = 0x74,
		},
	modRM = 0,
	sib = 0,
	immediate = 0x51,
	displacement = 0
	dispSize = 0}

1023000: global: DynInst: [sn:1928] Instruction created. Instcount for system.cpu = 62
1023000: system.cpu.fetch: [tid:0] Instruction PC (0x7ffff801f275=>0x7ffff801f277).(0=>1) created [sn:1928].
1023000: system.cpu.fetch: [tid:0] Instruction is:   JZ_I : rdip   t1, t1
1023000: system.cpu.fetch: [tid:0] Fetch queue entry created (15/128).
1023000: global: DynInst: [sn:1929] Instruction created. Instcount for system.cpu = 63
1023000: system.cpu.fetch: [tid:0] Instruction PC (0x7ffff801f275=>0x7ffff801f277).(1=>2) created [sn:1929].
1023000: system.cpu.fetch: [tid:0] Instruction is:   JZ_I : limm   t2, 0x51
1023000: system.cpu.fetch: [tid:0] Fetch queue entry created (16/128).
1023000: global: DynInst: [sn:1930] Instruction created. Instcount for system.cpu = 64
1023000: system.cpu.fetch: [tid:0] Instruction PC (0x7ffff801f275=>0x7ffff801f277).(2=>3) created [sn:1930].
1023000: system.cpu.fetch: [tid:0] Instruction is:   JZ_I : wrip   t1, t2
1023000: system.cpu.fetch: [tid:0] Fetch queue entry created (17/128).
1023000: system.cpu.fetch: [tid:0] [sn:1930] Branch at PC 0x7ffff801f275 predicted to be not taken
1023000: system.cpu.fetch: [tid:0] [sn:1930] Branch at PC 0x7ffff801f275 predicted to go to (0x7ffff801f277=>0x7ffff801f27f).(0=>1)
1023000: system.cpu.decoder: Decode: Decoded cmp instruction: 
{
	leg = 0,
	rex = 0x48,
	vex/xop = 0,
	op = {
		type = one byte,
		op = 0x83,
		},
	modRM = 0xf8,
	sib = 0,
	immediate = 0x25,
	displacement = 0
	dispSize = 0}

1023000: global: DynInst: [sn:1931] Instruction created. Instcount for system.cpu = 65
1023000: system.cpu.fetch: [tid:0] Instruction PC (0x7ffff801f277=>0x7ffff801f27b).(0=>1) created [sn:1931].
1023000: system.cpu.fetch: [tid:0] Instruction is:   CMP_R_I : limm   t1, 0x25
1023000: system.cpu.fetch: [tid:0] Fetch queue entry created (18/128).
1023000: global: DynInst: [sn:1932] Instruction created. Instcount for system.cpu = 66
1023000: system.cpu.fetch: [tid:0] Instruction PC (0x7ffff801f277=>0x7ffff801f27b).(1=>2) created [sn:1932].
1023000: system.cpu.fetch: [tid:0] Instruction is:   CMP_R_I : sub   t0, rax, t1
1023000: system.cpu.fetch: [tid:0] Fetch queue entry created (19/128).
1023000: system.cpu.fetch: [tid:0] Done fetching, reached fetch bandwidth for this cycle.
1023000: system.cpu.fetch: [tid:0] [sn:1914] Sending instruction to decode from fetch queue. Fetch queue size: 19.
1023000: system.cpu.fetch: [tid:0] [sn:1915] Sending instruction to decode from fetch queue. Fetch queue size: 18.
1023000: system.cpu.fetch: [tid:0] [sn:1916] Sending instruction to decode from fetch queue. Fetch queue size: 17.
1023000: system.cpu.fetch: [tid:0] [sn:1917] Sending instruction to decode from fetch queue. Fetch queue size: 16.
1023000: system.cpu.fetch: [tid:0] [sn:1918] Sending instruction to decode from fetch queue. Fetch queue size: 15.
1023000: system.cpu.fetch: [tid:0] [sn:1919] Sending instruction to decode from fetch queue. Fetch queue size: 14.
1023000: system.cpu.fetch: [tid:0] [sn:1920] Sending instruction to decode from fetch queue. Fetch queue size: 13.
1023000: system.cpu.fetch: [tid:0] [sn:1921] Sending instruction to decode from fetch queue. Fetch queue size: 12.
1023000: system.cpu.fetch: [tid:0] [sn:1922] Sending instruction to decode from fetch queue. Fetch queue size: 11.
1023000: system.cpu.fetch: [tid:0] [sn:1923] Sending instruction to decode from fetch queue. Fetch queue size: 10.
1023000: system.cpu.fetch: Activity this cycle.
1023000: system.cpu.decode: Processing [tid:0]
1023000: system.cpu.decode: [tid:0] Not blocked, so attempting to run stage.
1023000: system.cpu.decode: [tid:0] Sending instruction to rename.
1023000: system.cpu.decode: [tid:0] Processing instruction [sn:1904] with PC (0x7ffff801f275=>0x7ffff801f277).(2=>3)
1023000: system.cpu.decode: [tid:0] Processing instruction [sn:1905] with PC (0x7ffff801f277=>0x7ffff801f27b).(0=>1)
1023000: system.cpu.decode: [tid:0] Processing instruction [sn:1906] with PC (0x7ffff801f277=>0x7ffff801f27b).(1=>2)
1023000: system.cpu.decode: [tid:0] Processing instruction [sn:1907] with PC (0x7ffff801f27b=>0x7ffff801f27d).(0=>1)
1023000: system.cpu.decode: [tid:0] Processing instruction [sn:1908] with PC (0x7ffff801f27b=>0x7ffff801f27d).(1=>2)
1023000: system.cpu.decode: [tid:0] Processing instruction [sn:1909] with PC (0x7ffff801f27b=>0x7ffff801f27d).(2=>3)
1023000: system.cpu.decode: [tid:0] Processing instruction [sn:1910] with PC (0x7ffff801f266=>0x7ffff801f26a).(0=>1)
1023000: system.cpu.decode: [tid:0] Processing instruction [sn:1911] with PC (0x7ffff801f26a=>0x7ffff801f26e).(0=>1)
1023000: system.cpu.decode: [tid:0] Processing instruction [sn:1912] with PC (0x7ffff801f26e=>0x7ffff801f272).(0=>1)
1023000: system.cpu.decode: [tid:0] Processing instruction [sn:1913] with PC (0x7ffff801f26e=>0x7ffff801f272).(1=>2)
1023000: system.cpu.decode: Activity this cycle.
1023000: system.cpu.rename: Processing [tid:0]
1023000: system.cpu.rename: [tid:0] Free IQ: 550, Free ROB: 895, Free LQ: 130, Free SQ: 66, FreeRM 127(865 870 917 1834 127 8 4573)
1023000: system.cpu.rename: [tid:0] 13 instructions not yet in ROB
1023000: system.cpu.rename: calcFreeLQEntries: free lqEntries: 130, loadsInProgress: 1, loads dispatchedToLQ: 1
1023000: system.cpu.rename: [tid:0] Not blocked, so attempting to run stage.
1023000: system.cpu.rename: [tid:0] 10 available instructions to send iew.
1023000: system.cpu.rename: [tid:0] 13 insts pipelining from Rename | 10 insts dispatched to IQ last cycle.
1023000: system.cpu.rename: [tid:0] Sending instructions to IEW.
1023000: system.cpu.rename: [tid:0] Processing instruction [sn:1894] with PC (0x7ffff801f27b=>0x7ffff801f27d).(0=>1).
1023000: system.cpu.rename: [tid:0] Looking up miscellaneous arch reg 153, got phys reg 153 (miscellaneous)
1023000: system.cpu.rename: [tid:0] Register 153 (flat: 0) (miscellaneous) is ready.
1023000: global: [sn:1894] has 1 ready out of 1 sources. RTI 0)
1023000: global: Renamed reg t1 to physical reg 132 (132) old mapping was 39 (39)
1023000: system.cpu.rename: [tid:0] Renaming arch reg 17 (integer) to physical reg 132 (132).
1023000: system.cpu.rename: [tid:0] [sn:1894] Adding instruction to history buffer (size=49).
1023000: system.cpu.rename: [tid:0] Sending instructions to IEW.
1023000: system.cpu.rename: [tid:0] Processing instruction [sn:1895] with PC (0x7ffff801f27b=>0x7ffff801f27d).(1=>2).
1023000: global: Renamed reg t2 to physical reg 167 (167) old mapping was 130 (130)
1023000: system.cpu.rename: [tid:0] Renaming arch reg 18 (integer) to physical reg 167 (167).
1023000: system.cpu.rename: [tid:0] [sn:1895] Adding instruction to history buffer (size=50).
1023000: system.cpu.rename: [tid:0] Sending instructions to IEW.
1023000: system.cpu.rename: [tid:0] Processing instruction [sn:1896] with PC (0x7ffff801f27b=>0x7ffff801f27d).(2=>3).
1023000: system.cpu.rename: [tid:0] Looking up integer arch reg 17, got phys reg 132 (integer)
1023000: system.cpu.rename: [tid:0] Register 132 (flat: 132) (integer) is not ready.
1023000: system.cpu.rename: [tid:0] Looking up integer arch reg 18, got phys reg 167 (integer)
1023000: system.cpu.rename: [tid:0] Register 167 (flat: 167) (integer) is not ready.
1023000: system.cpu.rename: [tid:0] Looking up condition_code arch reg 0, got phys reg 703 (condition_code)
1023000: system.cpu.rename: [tid:0] Register 703 (flat: 5429) (condition_code) is not ready.
1023000: system.cpu.rename: [tid:0] Looking up condition_code arch reg 1, got phys reg 704 (condition_code)
1023000: system.cpu.rename: [tid:0] Register 704 (flat: 5430) (condition_code) is not ready.
1023000: system.cpu.rename: [tid:0] Looking up condition_code arch reg 2, got phys reg 2 (condition_code)
1023000: system.cpu.rename: [tid:0] Register 2 (flat: 4728) (condition_code) is ready.
1023000: global: [sn:1896] has 1 ready out of 8 sources. RTI 0)
1023000: system.cpu.rename: [tid:0] Looking up condition_code arch reg 3, got phys reg 3 (condition_code)
1023000: system.cpu.rename: [tid:0] Register 3 (flat: 4729) (condition_code) is ready.
1023000: global: [sn:1896] has 2 ready out of 8 sources. RTI 0)
1023000: system.cpu.rename: [tid:0] Looking up condition_code arch reg 4, got phys reg 4 (condition_code)
1023000: system.cpu.rename: [tid:0] Register 4 (flat: 4730) (condition_code) is ready.
1023000: global: [sn:1896] has 3 ready out of 8 sources. RTI 0)
1023000: system.cpu.rename: [tid:0] Looking up miscellaneous arch reg 153, got phys reg 153 (miscellaneous)
1023000: system.cpu.rename: [tid:0] Register 153 (flat: 0) (miscellaneous) is ready.
1023000: global: [sn:1896] has 4 ready out of 8 sources. RTI 0)
1023000: system.cpu.rename: [tid:0] Sending instructions to IEW.
1023000: system.cpu.rename: calcFreeSQEntries: free sqEntries: 66, storesInProgress: 1, stores dispatchedToSQ: 1
1023000: system.cpu.rename: [tid:0] Processing instruction [sn:1897] with PC (0x7ffff801f266=>0x7ffff801f26a).(0=>1).
1023000: system.cpu.rename: [tid:0] Looking up integer arch reg 0, got phys reg 127 (integer)
1023000: system.cpu.rename: [tid:0] Register 127 (flat: 127) (integer) is not ready.
1023000: system.cpu.rename: [tid:0] Looking up integer arch reg 6, got phys reg 64 (integer)
1023000: system.cpu.rename: [tid:0] Register 64 (flat: 64) (integer) is ready.
1023000: global: [sn:1897] has 1 ready out of 4 sources. RTI 0)
1023000: system.cpu.rename: [tid:0] Looking up integer arch reg 2, got phys reg 129 (integer)
1023000: system.cpu.rename: [tid:0] Register 129 (flat: 129) (integer) is not ready.
1023000: system.cpu.rename: [tid:0] Looking up miscellaneous arch reg 155, got phys reg 155 (miscellaneous)
1023000: system.cpu.rename: [tid:0] Register 155 (flat: 0) (miscellaneous) is ready.
1023000: global: [sn:1897] has 2 ready out of 4 sources. RTI 0)
1023000: system.cpu.rename: [tid:0] Sending instructions to IEW.
1023000: system.cpu.rename: calcFreeLQEntries: free lqEntries: 130, loadsInProgress: 1, loads dispatchedToLQ: 1
1023000: system.cpu.rename: [tid:0] Processing instruction [sn:1898] with PC (0x7ffff801f26a=>0x7ffff801f26e).(0=>1).
1023000: system.cpu.rename: [tid:0] Looking up invalid arch reg 0, got phys reg 4294967295 (invalid)
1023000: system.cpu.rename: [tid:0] Register 4294967295 (flat: 4294967295) (invalid) is ready.
1023000: global: [sn:1898] has 1 ready out of 3 sources. RTI 0)
1023000: system.cpu.rename: [tid:0] Looking up integer arch reg 2, got phys reg 129 (integer)
1023000: system.cpu.rename: [tid:0] Register 129 (flat: 129) (integer) is not ready.
1023000: system.cpu.rename: [tid:0] Looking up miscellaneous arch reg 155, got phys reg 155 (miscellaneous)
1023000: system.cpu.rename: [tid:0] Register 155 (flat: 0) (miscellaneous) is ready.
1023000: global: [sn:1898] has 2 ready out of 3 sources. RTI 0)
1023000: global: Renamed reg rax to physical reg 133 (133) old mapping was 127 (127)
1023000: system.cpu.rename: [tid:0] Querying SMB Predictor for load [sn:1898] with PC (0x7ffff801f26a=>0x7ffff801f26e).(0=>1).
1023000: system.cpu.rename: [tid:0] Renaming arch reg 0 (integer) to physical reg 133 (133).
1023000: system.cpu.rename: [tid:0] [sn:1898] Adding instruction to history buffer (size=51).
1023000: system.cpu.rename: [tid:0] Sending instructions to IEW.
1023000: system.cpu.rename: [tid:0] Processing instruction [sn:1899] with PC (0x7ffff801f26e=>0x7ffff801f272).(0=>1).
1023000: global: Renamed reg t1 to physical reg 209 (209) old mapping was 132 (132)
1023000: system.cpu.rename: [tid:0] Renaming arch reg 17 (integer) to physical reg 209 (209).
1023000: system.cpu.rename: [tid:0] [sn:1899] Adding instruction to history buffer (size=52).
1023000: system.cpu.rename: [tid:0] Sending instructions to IEW.
1023000: system.cpu.rename: [tid:0] Processing instruction [sn:1900] with PC (0x7ffff801f26e=>0x7ffff801f272).(1=>2).
1023000: system.cpu.rename: [tid:0] Looking up integer arch reg 2, got phys reg 129 (integer)
1023000: system.cpu.rename: [tid:0] Register 129 (flat: 129) (integer) is not ready.
1023000: system.cpu.rename: [tid:0] Looking up integer arch reg 17, got phys reg 209 (integer)
1023000: system.cpu.rename: [tid:0] Register 209 (flat: 209) (integer) is not ready.
1023000: system.cpu.rename: [tid:0] Looking up invalid arch reg 0, got phys reg 4294967295 (invalid)
1023000: system.cpu.rename: [tid:0] Register 4294967295 (flat: 4294967295) (invalid) is ready.
1023000: global: [sn:1900] has 1 ready out of 7 sources. RTI 0)
1023000: system.cpu.rename: [tid:0] Looking up invalid arch reg 0, got phys reg 4294967295 (invalid)
1023000: system.cpu.rename: [tid:0] Register 4294967295 (flat: 4294967295) (invalid) is ready.
1023000: global: [sn:1900] has 2 ready out of 7 sources. RTI 0)
1023000: system.cpu.rename: [tid:0] Looking up invalid arch reg 0, got phys reg 4294967295 (invalid)
1023000: system.cpu.rename: [tid:0] Register 4294967295 (flat: 4294967295) (invalid) is ready.
1023000: global: [sn:1900] has 3 ready out of 7 sources. RTI 0)
1023000: system.cpu.rename: [tid:0] Looking up invalid arch reg 0, got phys reg 4294967295 (invalid)
1023000: system.cpu.rename: [tid:0] Register 4294967295 (flat: 4294967295) (invalid) is ready.
1023000: global: [sn:1900] has 4 ready out of 7 sources. RTI 0)
1023000: system.cpu.rename: [tid:0] Looking up invalid arch reg 0, got phys reg 4294967295 (invalid)
1023000: system.cpu.rename: [tid:0] Register 4294967295 (flat: 4294967295) (invalid) is ready.
1023000: global: [sn:1900] has 5 ready out of 7 sources. RTI 0)
1023000: global: Renamed reg rdx to physical reg 208 (208) old mapping was 129 (129)
1023000: system.cpu.rename: [tid:0] Renaming arch reg 2 (integer) to physical reg 208 (208).
1023000: system.cpu.rename: [tid:0] [sn:1900] Adding instruction to history buffer (size=53).
1023000: global: Renamed reg condition_code[0] to physical reg 5431 (5431) old mapping was 5429 (5429)
1023000: system.cpu.rename: [tid:0] Renaming arch reg 0 (condition_code) to physical reg 705 (5431).
1023000: system.cpu.rename: [tid:0] [sn:1900] Adding instruction to history buffer (size=54).
1023000: global: Renamed reg condition_code[1] to physical reg 5432 (5432) old mapping was 5430 (5430)
1023000: system.cpu.rename: [tid:0] Renaming arch reg 1 (condition_code) to physical reg 706 (5432).
1023000: system.cpu.rename: [tid:0] [sn:1900] Adding instruction to history buffer (size=55).
1023000: system.cpu.rename: [tid:0] Renaming arch reg 0 (invalid) to physical reg 4294967295 (4294967295).
1023000: system.cpu.rename: [tid:0] [sn:1900] Adding instruction to history buffer (size=56).
1023000: system.cpu.rename: [tid:0] Renaming arch reg 0 (invalid) to physical reg 4294967295 (4294967295).
1023000: system.cpu.rename: [tid:0] [sn:1900] Adding instruction to history buffer (size=57).
1023000: system.cpu.rename: [tid:0] Renaming arch reg 0 (invalid) to physical reg 4294967295 (4294967295).
1023000: system.cpu.rename: [tid:0] [sn:1900] Adding instruction to history buffer (size=58).
1023000: system.cpu.rename: [tid:0] Sending instructions to IEW.
1023000: system.cpu.rename: [tid:0] Processing instruction [sn:1901] with PC (0x7ffff801f272=>0x7ffff801f275).(0=>1).
1023000: system.cpu.rename: [tid:0] Looking up integer arch reg 0, got phys reg 133 (integer)
1023000: system.cpu.rename: [tid:0] Register 133 (flat: 133) (integer) is not ready.
1023000: system.cpu.rename: [tid:0] Looking up integer arch reg 0, got phys reg 133 (integer)
1023000: system.cpu.rename: [tid:0] Register 133 (flat: 133) (integer) is not ready.
1023000: system.cpu.rename: [tid:0] Looking up invalid arch reg 0, got phys reg 4294967295 (invalid)
1023000: system.cpu.rename: [tid:0] Register 4294967295 (flat: 4294967295) (invalid) is ready.
1023000: global: [sn:1901] has 1 ready out of 7 sources. RTI 0)
1023000: system.cpu.rename: [tid:0] Looking up invalid arch reg 0, got phys reg 4294967295 (invalid)
1023000: system.cpu.rename: [tid:0] Register 4294967295 (flat: 4294967295) (invalid) is ready.
1023000: global: [sn:1901] has 2 ready out of 7 sources. RTI 0)
1023000: system.cpu.rename: [tid:0] Looking up invalid arch reg 0, got phys reg 4294967295 (invalid)
1023000: system.cpu.rename: [tid:0] Register 4294967295 (flat: 4294967295) (invalid) is ready.
1023000: global: [sn:1901] has 3 ready out of 7 sources. RTI 0)
1023000: system.cpu.rename: [tid:0] Looking up invalid arch reg 0, got phys reg 4294967295 (invalid)
1023000: system.cpu.rename: [tid:0] Register 4294967295 (flat: 4294967295) (invalid) is ready.
1023000: global: [sn:1901] has 4 ready out of 7 sources. RTI 0)
1023000: system.cpu.rename: [tid:0] Looking up invalid arch reg 0, got phys reg 4294967295 (invalid)
1023000: system.cpu.rename: [tid:0] Register 4294967295 (flat: 4294967295) (invalid) is ready.
1023000: global: [sn:1901] has 5 ready out of 7 sources. RTI 0)
1023000: system.cpu.rename: [tid:0] Renaming arch reg 0 (invalid) to physical reg 4294967295 (4294967295).
1023000: system.cpu.rename: [tid:0] [sn:1901] Adding instruction to history buffer (size=59).
1023000: global: Renamed reg condition_code[0] to physical reg 5433 (5433) old mapping was 5431 (5431)
1023000: system.cpu.rename: [tid:0] Renaming arch reg 0 (condition_code) to physical reg 707 (5433).
1023000: system.cpu.rename: [tid:0] [sn:1901] Adding instruction to history buffer (size=60).
1023000: global: Renamed reg condition_code[1] to physical reg 5434 (5434) old mapping was 5432 (5432)
1023000: system.cpu.rename: [tid:0] Renaming arch reg 1 (condition_code) to physical reg 708 (5434).
1023000: system.cpu.rename: [tid:0] [sn:1901] Adding instruction to history buffer (size=61).
1023000: system.cpu.rename: [tid:0] Renaming arch reg 0 (invalid) to physical reg 4294967295 (4294967295).
1023000: system.cpu.rename: [tid:0] [sn:1901] Adding instruction to history buffer (size=62).
1023000: system.cpu.rename: [tid:0] Renaming arch reg 0 (invalid) to physical reg 4294967295 (4294967295).
1023000: system.cpu.rename: [tid:0] [sn:1901] Adding instruction to history buffer (size=63).
1023000: system.cpu.rename: [tid:0] Renaming arch reg 0 (invalid) to physical reg 4294967295 (4294967295).
1023000: system.cpu.rename: [tid:0] [sn:1901] Adding instruction to history buffer (size=64).
1023000: system.cpu.rename: [tid:0] Sending instructions to IEW.
1023000: system.cpu.rename: [tid:0] Processing instruction [sn:1902] with PC (0x7ffff801f275=>0x7ffff801f277).(0=>1).
1023000: system.cpu.rename: [tid:0] Looking up miscellaneous arch reg 153, got phys reg 153 (miscellaneous)
1023000: system.cpu.rename: [tid:0] Register 153 (flat: 0) (miscellaneous) is ready.
1023000: global: [sn:1902] has 1 ready out of 1 sources. RTI 0)
1023000: global: Renamed reg t1 to physical reg 207 (207) old mapping was 209 (209)
1023000: system.cpu.rename: [tid:0] Renaming arch reg 17 (integer) to physical reg 207 (207).
1023000: system.cpu.rename: [tid:0] [sn:1902] Adding instruction to history buffer (size=65).
1023000: system.cpu.rename: [tid:0] Sending instructions to IEW.
1023000: system.cpu.rename: [tid:0] Processing instruction [sn:1903] with PC (0x7ffff801f275=>0x7ffff801f277).(1=>2).
1023000: global: Renamed reg t2 to physical reg 206 (206) old mapping was 167 (167)
1023000: system.cpu.rename: [tid:0] Renaming arch reg 18 (integer) to physical reg 206 (206).
1023000: system.cpu.rename: [tid:0] [sn:1903] Adding instruction to history buffer (size=66).
1023000: system.cpu.rename: Activity this cycle.
1023000: system.cpu.iew: Issue: Processing [tid:0]
1023000: system.cpu.iew: [tid:0] Not blocked, so attempting to run dispatch.
1023000: system.cpu.iew: [tid:0] Issue: Adding PC (0x7ffff801f275=>0x7ffff801f277).(2=>3) [sn:1891] [tid:0] to IQ.
1023000: system.cpu.iq: Adding instruction [sn:1891] PC (0x7ffff801f275=>0x7ffff801f277).(2=>3) to the IQ.
1023000: system.cpu.iq: Instruction PC (0x7ffff801f275=>0x7ffff801f277).(2=>3) has src reg 131 (integer) that is being added to the dependency chain.
1023000: system.cpu.iq: Instruction PC (0x7ffff801f275=>0x7ffff801f277).(2=>3) has src reg 130 (integer) that is being added to the dependency chain.
1023000: system.cpu.iq: Instruction PC (0x7ffff801f275=>0x7ffff801f277).(2=>3) has src reg 701 (condition_code) that is being added to the dependency chain.
1023000: system.cpu.iq: Instruction PC (0x7ffff801f275=>0x7ffff801f277).(2=>3) has src reg 702 (condition_code) that is being added to the dependency chain.
1023000: system.cpu.iew: [tid:0] Issue: Adding PC (0x7ffff801f277=>0x7ffff801f27b).(0=>1) [sn:1892] [tid:0] to IQ.
1023000: system.cpu.iq: Adding instruction [sn:1892] PC (0x7ffff801f277=>0x7ffff801f27b).(0=>1) to the IQ.
1023000: system.cpu.iq: Instruction is ready to issue, putting it onto the ready list, PC (0x7ffff801f277=>0x7ffff801f27b).(0=>1) opclass:1 [sn:1892].
1023000: system.cpu.iew: [tid:0] Issue: Adding PC (0x7ffff801f277=>0x7ffff801f27b).(1=>2) [sn:1893] [tid:0] to IQ.
1023000: system.cpu.iq: Adding instruction [sn:1893] PC (0x7ffff801f277=>0x7ffff801f27b).(1=>2) to the IQ.
1023000: system.cpu.iq: Instruction PC (0x7ffff801f277=>0x7ffff801f27b).(1=>2) has src reg 127 (integer) that is being added to the dependency chain.
1023000: system.cpu.iq: Instruction PC (0x7ffff801f277=>0x7ffff801f27b).(1=>2) has src reg 39 (integer) that is being added to the dependency chain.
1023000: system.cpu.iew: Execute: Executing instructions from IQ.
1023000: system.cpu.iew: Execute: Processing PC (0x7ffff801f27b=>0x7ffff801f27d).(0=>1), [tid:0] [sn:1881].
1023000: global: RegFile: Setting int register 124 to 0x7ffff801f27d
1023000: system.cpu.iew: Adding instruction [sn:1881] to commit queue.
1023000: system.cpu.iew: Current wb cycle: 0, width: 19, numInst: 1
wbActual:1
1023000: system.cpu.iew: Execute: Executing instructions from IQ.
1023000: system.cpu.iew: Execute: Processing PC (0x7ffff801f27b=>0x7ffff801f27d).(1=>2), [tid:0] [sn:1882].
1023000: global: RegFile: Setting int register 120 to 0xffffffffffffffe9
1023000: system.cpu.iew: Adding instruction [sn:1882] to commit queue.
1023000: system.cpu.iew: Current wb cycle: 0, width: 19, numInst: 2
wbActual:2
1023000: system.cpu.iew: Execute: Executing instructions from IQ.
1023000: system.cpu.iew: Execute: Processing PC (0x7ffff801f26a=>0x7ffff801f26e).(0=>1), [tid:0] [sn:1885].
1023000: system.cpu.iew: Execute: Calculating address for memory reference.
1023000: system.cpu.iew.lsq.thread0: Executing load PC (0x7ffff801f26a=>0x7ffff801f26e).(0=>1), [sn:1885]
1023000: global: RegFile: Access to int register 137, has data 0x7ffff8036f68
1023000: system.cpu.iew.lsq.thread0: Read called, load idx: 19, store idx: 33, storeHead: 26 addr: 0x19df78
1023000: system.cpu.iew.lsq.thread0: Doing memory access for inst [sn:1885] PC (0x7ffff801f26a=>0x7ffff801f26e).(0=>1)
1023000: system.cpu.iew.lsq.thread0: Memory request (pkt: ReadResp [19df78:19df7f]) from inst [sn:1885] was sent (cache is blocked: 0, cache_got_blocked: 0)
1023000: system.cpu.iew: Execute: Executing instructions from IQ.
1023000: system.cpu.iew: Execute: Processing PC (0x7ffff801f26e=>0x7ffff801f272).(0=>1), [tid:0] [sn:1886].
1023000: global: RegFile: Setting int register 125 to 0x10
1023000: system.cpu.iew: Adding instruction [sn:1886] to commit queue.
1023000: system.cpu.iew: Current wb cycle: 0, width: 19, numInst: 3
wbActual:3
1023000: system.cpu.iew: Execute: Executing instructions from IQ.
1023000: system.cpu.iew: Execute: Processing PC (0x7ffff801f275=>0x7ffff801f277).(0=>1), [tid:0] [sn:1889].
1023000: global: RegFile: Setting int register 131 to 0x7ffff801f277
1023000: system.cpu.iew: Adding instruction [sn:1889] to commit queue.
1023000: system.cpu.iew: Current wb cycle: 0, width: 19, numInst: 4
wbActual:4
1023000: system.cpu.iew: Execute: Executing instructions from IQ.
1023000: system.cpu.iew: Execute: Processing PC (0x7ffff801f275=>0x7ffff801f277).(1=>2), [tid:0] [sn:1890].
1023000: global: RegFile: Setting int register 130 to 0x51
1023000: system.cpu.iew: Adding instruction [sn:1890] to commit queue.
1023000: system.cpu.iew: Current wb cycle: 0, width: 19, numInst: 5
wbActual:5
1023000: system.cpu.iew: Sending instructions to commit, [sn:1872] PC (0x7ffff801f26a=>0x7ffff801f26e).(0=>1).
1023000: system.cpu.iq: Waking dependents of completed instruction.
1023000: system.cpu.memDep0: Completed mem instruction PC (0x7ffff801f26a=>0x7ffff801f26e).(0=>1) [sn:1872].
1023000: system.cpu.iq: Completing mem instruction PC: (0x7ffff801f26a=>0x7ffff801f26e).(0=>1) [sn:1872]
1023000: system.cpu.iq: Waking any dependents on register 139 (integer).
1023000: system.cpu.iq: Waking up a dependent instruction, [sn:1884] PC (0x7ffff801f266=>0x7ffff801f26a).(0=>1).
1023000: global: [sn:1884] has 4 ready out of 4 sources. RTI 0)
1023000: system.cpu.iq: Checking if memory instruction can issue.
1023000: system.cpu.memDep0: Marking registers as ready for instruction PC (0x7ffff801f266=>0x7ffff801f26a).(0=>1) [sn:1884].
1023000: system.cpu.memDep0: Instruction has its memory dependencies resolved, adding it to the ready list.
1023000: system.cpu.memDep0: Adding instruction [sn:1884] to the ready list.
1023000: system.cpu.iq: Instruction is ready to issue, putting it onto the ready list, PC (0x7ffff801f266=>0x7ffff801f26a).(0=>1) opclass:53 [sn:1884].
1023000: system.cpu.iq: Waking up a dependent instruction, [sn:1880] PC (0x7ffff801f277=>0x7ffff801f27b).(1=>2).
1023000: global: [sn:1880] has 7 ready out of 7 sources. RTI 0)
1023000: system.cpu.iq: Instruction is ready to issue, putting it onto the ready list, PC (0x7ffff801f277=>0x7ffff801f27b).(1=>2) opclass:1 [sn:1880].
1023000: system.cpu.iq: Waking up a dependent instruction, [sn:1875] PC (0x7ffff801f272=>0x7ffff801f275).(0=>1).
1023000: global: [sn:1875] has 6 ready out of 7 sources. RTI 0)
1023000: system.cpu.iq: Waking up a dependent instruction, [sn:1875] PC (0x7ffff801f272=>0x7ffff801f275).(0=>1).
1023000: global: [sn:1875] has 7 ready out of 7 sources. RTI 0)
1023000: system.cpu.iq: Instruction is ready to issue, putting it onto the ready list, PC (0x7ffff801f272=>0x7ffff801f275).(0=>1) opclass:1 [sn:1875].
1023000: system.cpu.iew: Setting Destination Register 139 (integer)
1023000: system.cpu.scoreboard: Setting reg 139 (integer) as ready
1023000: system.cpu.iew: Sending instructions to commit, [sn:1881] PC (0x7ffff801f27b=>0x7ffff801f27d).(0=>1).
1023000: system.cpu.iq: Waking dependents of completed instruction.
1023000: system.cpu.iq: Waking any dependents on register 124 (integer).
1023000: system.cpu.iq: Waking up a dependent instruction, [sn:1883] PC (0x7ffff801f27b=>0x7ffff801f27d).(2=>3).
1023000: global: [sn:1883] has 5 ready out of 8 sources. RTI 0)
1023000: system.cpu.iew: Setting Destination Register 124 (integer)
1023000: system.cpu.scoreboard: Setting reg 124 (integer) as ready
1023000: system.cpu.iew: Sending instructions to commit, [sn:1882] PC (0x7ffff801f27b=>0x7ffff801f27d).(1=>2).
1023000: system.cpu.iq: Waking dependents of completed instruction.
1023000: system.cpu.iq: Waking any dependents on register 120 (integer).
1023000: system.cpu.iq: Waking up a dependent instruction, [sn:1883] PC (0x7ffff801f27b=>0x7ffff801f27d).(2=>3).
1023000: global: [sn:1883] has 6 ready out of 8 sources. RTI 0)
1023000: system.cpu.iew: Setting Destination Register 120 (integer)
1023000: system.cpu.scoreboard: Setting reg 120 (integer) as ready
1023000: system.cpu.iew: Sending instructions to commit, [sn:1886] PC (0x7ffff801f26e=>0x7ffff801f272).(0=>1).
1023000: system.cpu.iq: Waking dependents of completed instruction.
1023000: system.cpu.iq: Waking any dependents on register 125 (integer).
1023000: system.cpu.iq: Waking up a dependent instruction, [sn:1887] PC (0x7ffff801f26e=>0x7ffff801f272).(1=>2).
1023000: global: [sn:1887] has 7 ready out of 7 sources. RTI 0)
1023000: system.cpu.iq: Instruction is ready to issue, putting it onto the ready list, PC (0x7ffff801f26e=>0x7ffff801f272).(1=>2) opclass:1 [sn:1887].
1023000: system.cpu.iew: Setting Destination Register 125 (integer)
1023000: system.cpu.scoreboard: Setting reg 125 (integer) as ready
1023000: system.cpu.iew: Sending instructions to commit, [sn:1889] PC (0x7ffff801f275=>0x7ffff801f277).(0=>1).
1023000: system.cpu.iq: Waking dependents of completed instruction.
1023000: system.cpu.iq: Waking any dependents on register 131 (integer).
1023000: system.cpu.iq: Waking up a dependent instruction, [sn:1891] PC (0x7ffff801f275=>0x7ffff801f277).(2=>3).
1023000: global: [sn:1891] has 5 ready out of 8 sources. RTI 0)
1023000: system.cpu.iew: Setting Destination Register 131 (integer)
1023000: system.cpu.scoreboard: Setting reg 131 (integer) as ready
1023000: system.cpu.iew: Sending instructions to commit, [sn:1890] PC (0x7ffff801f275=>0x7ffff801f277).(1=>2).
1023000: system.cpu.iq: Waking dependents of completed instruction.
1023000: system.cpu.iq: Waking any dependents on register 130 (integer).
1023000: system.cpu.iq: Waking up a dependent instruction, [sn:1891] PC (0x7ffff801f275=>0x7ffff801f277).(2=>3).
1023000: global: [sn:1891] has 6 ready out of 8 sources. RTI 0)
1023000: system.cpu.iew: Setting Destination Register 130 (integer)
1023000: system.cpu.scoreboard: Setting reg 130 (integer) as ready
1023000: system.cpu.iq: Attempting to schedule ready instructions from the IQ.
1023000: system.cpu.iq: Thread 0: Issuing instruction PC (0x7ffff801f272=>0x7ffff801f275).(0=>1) [sn:1875]
1023000: system.cpu.iq: Thread 0: Issuing instruction PC (0x7ffff801f277=>0x7ffff801f27b).(1=>2) [sn:1880]
1023000: system.cpu.iq: Thread 0: Issuing instruction PC (0x7ffff801f266=>0x7ffff801f26a).(0=>1) [sn:1884]
1023000: system.cpu.memDep0: Issuing instruction PC 0x7ffff801f266 [sn:1884].
1023000: system.cpu.iq: Thread 0: Issuing instruction PC (0x7ffff801f26e=>0x7ffff801f272).(1=>2) [sn:1887]
1023000: system.cpu.iq: Thread 0: Issuing instruction PC (0x7ffff801f277=>0x7ffff801f27b).(0=>1) [sn:1892]
1023000: system.cpu.iew.lsq: [tid:0] Writing back stores. 4 stores available for Writeback.
1023000: system.cpu.iew: Processing [tid:0]
1023000: system.cpu.iew.lsq.thread0: LQ size: 132, #loads occupied: 2
1023000: system.cpu.iew.lsq.thread0: SQ size: 72, #stores occupied: 6
1023000: system.cpu.iew: [tid:0], Dispatch dispatched 3 instructions.
1023000: system.cpu.iew.lsq.thread0: SQ size: 72, #stores occupied: 6
1023000: system.cpu.iew.lsq.thread0: LQ size: 132, #loads occupied: 2
1023000: system.cpu.iew: IQ has 552 free entries (Can schedule: 0).  LQ has 130 free entries. SQ has 66 free entries.
1023000: system.cpu.iew: Activity this cycle.
1023000: system.cpu.commit: Getting instructions from Rename stage.
1023000: system.cpu.commit: Trying to commit instructions in the ROB.
1023000: system.cpu.commit: Trying to commit head instruction, [tid:0] [sn:1871]
1023000: system.cpu.commit: [tid:0] [sn:1871] Committing instruction with PC (0x7ffff801f266=>0x7ffff801f26a).(0=>1)
1023000: system.cpu.rob: [tid:0] Retiring head instruction, instruction PC (0x7ffff801f266=>0x7ffff801f26a).(0=>1), [sn:1871]
1023000: system.cpu: Removing committed instruction [tid:0] PC (0x7ffff801f266=>0x7ffff801f26a).(0=>1) [sn:1871]
1023000: system.cpu.commit: MEM_TRACE_FILE environment variable not set. No predictions loaded.
1023000: system.cpu.commit: [tid:0] Marking PC (0x7ffff801f26e=>0x7ffff801f272).(1=>2), [sn:1874] ready within ROB.
1023000: system.cpu.commit: [tid:0] Can't commit, Instruction [sn:1872] PC (0x7ffff801f26a=>0x7ffff801f26e).(0=>1) is head of ROB and not ready
1023000: system.cpu.commit: [tid:0] ROB has 22 insts & 896 free entries.
1023000: system.cpu.commit: Activity This Cycle.
1023000: system.cpu.commit: Deactivating stage.
1023000: system.cpu: Activity: 13
1023000: system.cpu: Activity: 12
1023000: system.cpu: Removing instruction, [tid:0] [sn:1871] PC (0x7ffff801f266=>0x7ffff801f26a).(0=>1)
1023000: system.cpu: Scheduling next tick!
1024000: system.cpu: 

O3CPU: Ticking main, O3CPU.
1024000: system.cpu.fetch: Running stage.
1024000: system.cpu.fetch: Attempting to fetch from [tid:0]
1024000: system.cpu.fetch: [tid:0] Adding instructions to queue to decode.
1024000: system.cpu.decoder: Decode: Decoded jbe instruction: 
{
	leg = 0,
	rex = 0,
	vex/xop = 0,
	op = {
		type = one byte,
		op = 0x76,
		},
	modRM = 0,
	sib = 0,
	immediate = 0xffffffffffffffe9,
	displacement = 0
	dispSize = 0}

1024000: global: DynInst: [sn:1933] Instruction created. Instcount for system.cpu = 67
1024000: system.cpu.fetch: [tid:0] Instruction PC (0x7ffff801f27b=>0x7ffff801f27d).(0=>1) created [sn:1933].
1024000: system.cpu.fetch: [tid:0] Instruction is:   JBE_I : rdip   t1, t1
1024000: system.cpu.fetch: [tid:0] Fetch queue entry created (10/128).
1024000: global: DynInst: [sn:1934] Instruction created. Instcount for system.cpu = 68
1024000: system.cpu.fetch: [tid:0] Instruction PC (0x7ffff801f27b=>0x7ffff801f27d).(1=>2) created [sn:1934].
1024000: system.cpu.fetch: [tid:0] Instruction is:   JBE_I : limm   t2, 0xffffffffffffffe9
1024000: system.cpu.fetch: [tid:0] Fetch queue entry created (11/128).
1024000: global: DynInst: [sn:1935] Instruction created. Instcount for system.cpu = 69
1024000: system.cpu.fetch: [tid:0] Instruction PC (0x7ffff801f27b=>0x7ffff801f27d).(2=>3) created [sn:1935].
1024000: system.cpu.fetch: [tid:0] Instruction is:   JBE_I : wrip   t1, t2
1024000: system.cpu.fetch: [tid:0] Fetch queue entry created (12/128).
1024000: system.cpu.fetch: [tid:0] [sn:1935] Branch at PC 0x7ffff801f27b predicted to be not taken
1024000: system.cpu.fetch: [tid:0] [sn:1935] Branch at PC 0x7ffff801f27b predicted to go to (0x7ffff801f27d=>0x7ffff801f285).(0=>1)
1024000: system.cpu.fetch: [tid:0] Issuing a pipelined I-cache access, starting at PC (0x7ffff801f27d=>0x7ffff801f285).(0=>1).
1024000: system.cpu.fetch: [tid:0] Fetching cache line 0x7ffff801f280 for addr 0x7ffff801f280
1024000: system.cpu: CPU already running.
1024000: system.cpu.fetch: Fetch: Doing instruction read.
1024000: system.cpu.fetch: [tid:0] Doing Icache access.
1024000: system.cpu.fetch: [tid:0] Activity: Waiting on I-cache response.
1024000: system.cpu.fetch: Deactivating stage.
1024000: system.cpu: Activity: 11
1024000: system.cpu.fetch: [tid:0] [sn:1924] Sending instruction to decode from fetch queue. Fetch queue size: 12.
1024000: system.cpu.fetch: [tid:0] [sn:1925] Sending instruction to decode from fetch queue. Fetch queue size: 11.
1024000: system.cpu.fetch: [tid:0] [sn:1926] Sending instruction to decode from fetch queue. Fetch queue size: 10.
1024000: system.cpu.fetch: [tid:0] [sn:1927] Sending instruction to decode from fetch queue. Fetch queue size: 9.
1024000: system.cpu.fetch: [tid:0] [sn:1928] Sending instruction to decode from fetch queue. Fetch queue size: 8.
1024000: system.cpu.fetch: [tid:0] [sn:1929] Sending instruction to decode from fetch queue. Fetch queue size: 7.
1024000: system.cpu.fetch: [tid:0] [sn:1930] Sending instruction to decode from fetch queue. Fetch queue size: 6.
1024000: system.cpu.fetch: [tid:0] [sn:1931] Sending instruction to decode from fetch queue. Fetch queue size: 5.
1024000: system.cpu.fetch: [tid:0] [sn:1932] Sending instruction to decode from fetch queue. Fetch queue size: 4.
1024000: system.cpu.fetch: [tid:0] [sn:1933] Sending instruction to decode from fetch queue. Fetch queue size: 3.
1024000: system.cpu.fetch: Activity this cycle.
1024000: system.cpu: Activity: 12
1024000: system.cpu.decode: Processing [tid:0]
1024000: system.cpu.decode: [tid:0] Not blocked, so attempting to run stage.
1024000: system.cpu.decode: [tid:0] Sending instruction to rename.
1024000: system.cpu.decode: [tid:0] Processing instruction [sn:1914] with PC (0x7ffff801f272=>0x7ffff801f275).(0=>1)
1024000: system.cpu.decode: [tid:0] Processing instruction [sn:1915] with PC (0x7ffff801f275=>0x7ffff801f277).(0=>1)
1024000: system.cpu.decode: [tid:0] Processing instruction [sn:1916] with PC (0x7ffff801f275=>0x7ffff801f277).(1=>2)
1024000: system.cpu.decode: [tid:0] Processing instruction [sn:1917] with PC (0x7ffff801f275=>0x7ffff801f277).(2=>3)
1024000: system.cpu.decode: [tid:0] Processing instruction [sn:1918] with PC (0x7ffff801f277=>0x7ffff801f27b).(0=>1)
1024000: system.cpu.decode: [tid:0] Processing instruction [sn:1919] with PC (0x7ffff801f277=>0x7ffff801f27b).(1=>2)
1024000: system.cpu.decode: [tid:0] Processing instruction [sn:1920] with PC (0x7ffff801f27b=>0x7ffff801f27d).(0=>1)
1024000: system.cpu.decode: [tid:0] Processing instruction [sn:1921] with PC (0x7ffff801f27b=>0x7ffff801f27d).(1=>2)
1024000: system.cpu.decode: [tid:0] Processing instruction [sn:1922] with PC (0x7ffff801f27b=>0x7ffff801f27d).(2=>3)
1024000: system.cpu.decode: [tid:0] Processing instruction [sn:1923] with PC (0x7ffff801f266=>0x7ffff801f26a).(0=>1)
1024000: system.cpu.decode: Activity this cycle.
1024000: system.cpu.rename: Processing [tid:0]
1024000: system.cpu.rename: [tid:0] Free IQ: 552, Free ROB: 896, Free LQ: 130, Free SQ: 66, FreeRM 127(858 870 917 1834 127 8 4569)
1024000: system.cpu.rename: [tid:0] 13 instructions not yet in ROB
1024000: system.cpu.rename: calcFreeLQEntries: free lqEntries: 130, loadsInProgress: 1, loads dispatchedToLQ: 0
1024000: system.cpu.rename: [tid:0] Not blocked, so attempting to run stage.
1024000: system.cpu.rename: [tid:0] 10 available instructions to send iew.
1024000: system.cpu.rename: [tid:0] 13 insts pipelining from Rename | 3 insts dispatched to IQ last cycle.
1024000: system.cpu.rename: [tid:0] Sending instructions to IEW.
1024000: system.cpu.rename: [tid:0] Processing instruction [sn:1904] with PC (0x7ffff801f275=>0x7ffff801f277).(2=>3).
1024000: system.cpu.rename: [tid:0] Looking up integer arch reg 17, got phys reg 207 (integer)
1024000: system.cpu.rename: [tid:0] Register 207 (flat: 207) (integer) is not ready.
1024000: system.cpu.rename: [tid:0] Looking up integer arch reg 18, got phys reg 206 (integer)
1024000: system.cpu.rename: [tid:0] Register 206 (flat: 206) (integer) is not ready.
1024000: system.cpu.rename: [tid:0] Looking up condition_code arch reg 0, got phys reg 707 (condition_code)
1024000: system.cpu.rename: [tid:0] Register 707 (flat: 5433) (condition_code) is not ready.
1024000: system.cpu.rename: [tid:0] Looking up condition_code arch reg 1, got phys reg 708 (condition_code)
1024000: system.cpu.rename: [tid:0] Register 708 (flat: 5434) (condition_code) is not ready.
1024000: system.cpu.rename: [tid:0] Looking up condition_code arch reg 2, got phys reg 2 (condition_code)
1024000: system.cpu.rename: [tid:0] Register 2 (flat: 4728) (condition_code) is ready.
1024000: global: [sn:1904] has 1 ready out of 8 sources. RTI 0)
1024000: system.cpu.rename: [tid:0] Looking up condition_code arch reg 3, got phys reg 3 (condition_code)
1024000: system.cpu.rename: [tid:0] Register 3 (flat: 4729) (condition_code) is ready.
1024000: global: [sn:1904] has 2 ready out of 8 sources. RTI 0)
1024000: system.cpu.rename: [tid:0] Looking up condition_code arch reg 4, got phys reg 4 (condition_code)
1024000: system.cpu.rename: [tid:0] Register 4 (flat: 4730) (condition_code) is ready.
1024000: global: [sn:1904] has 3 ready out of 8 sources. RTI 0)
1024000: system.cpu.rename: [tid:0] Looking up miscellaneous arch reg 153, got phys reg 153 (miscellaneous)
1024000: system.cpu.rename: [tid:0] Register 153 (flat: 0) (miscellaneous) is ready.
1024000: global: [sn:1904] has 4 ready out of 8 sources. RTI 0)
1024000: system.cpu.rename: [tid:0] Sending instructions to IEW.
1024000: system.cpu.rename: [tid:0] Processing instruction [sn:1905] with PC (0x7ffff801f277=>0x7ffff801f27b).(0=>1).
1024000: global: Renamed reg t1 to physical reg 205 (205) old mapping was 207 (207)
1024000: system.cpu.rename: [tid:0] Renaming arch reg 17 (integer) to physical reg 205 (205).
1024000: system.cpu.rename: [tid:0] [sn:1905] Adding instruction to history buffer (size=67).
1024000: system.cpu.rename: [tid:0] Sending instructions to IEW.
1024000: system.cpu.rename: [tid:0] Processing instruction [sn:1906] with PC (0x7ffff801f277=>0x7ffff801f27b).(1=>2).
1024000: system.cpu.rename: [tid:0] Looking up integer arch reg 0, got phys reg 133 (integer)
1024000: system.cpu.rename: [tid:0] Register 133 (flat: 133) (integer) is not ready.
1024000: system.cpu.rename: [tid:0] Looking up integer arch reg 17, got phys reg 205 (integer)
1024000: system.cpu.rename: [tid:0] Register 205 (flat: 205) (integer) is not ready.
1024000: system.cpu.rename: [tid:0] Looking up invalid arch reg 0, got phys reg 4294967295 (invalid)
1024000: system.cpu.rename: [tid:0] Register 4294967295 (flat: 4294967295) (invalid) is ready.
1024000: global: [sn:1906] has 1 ready out of 7 sources. RTI 0)
1024000: system.cpu.rename: [tid:0] Looking up invalid arch reg 0, got phys reg 4294967295 (invalid)
1024000: system.cpu.rename: [tid:0] Register 4294967295 (flat: 4294967295) (invalid) is ready.
1024000: global: [sn:1906] has 2 ready out of 7 sources. RTI 0)
1024000: system.cpu.rename: [tid:0] Looking up invalid arch reg 0, got phys reg 4294967295 (invalid)
1024000: system.cpu.rename: [tid:0] Register 4294967295 (flat: 4294967295) (invalid) is ready.
1024000: global: [sn:1906] has 3 ready out of 7 sources. RTI 0)
1024000: system.cpu.rename: [tid:0] Looking up invalid arch reg 0, got phys reg 4294967295 (invalid)
1024000: system.cpu.rename: [tid:0] Register 4294967295 (flat: 4294967295) (invalid) is ready.
1024000: global: [sn:1906] has 4 ready out of 7 sources. RTI 0)
1024000: system.cpu.rename: [tid:0] Looking up invalid arch reg 0, got phys reg 4294967295 (invalid)
1024000: system.cpu.rename: [tid:0] Register 4294967295 (flat: 4294967295) (invalid) is ready.
1024000: global: [sn:1906] has 5 ready out of 7 sources. RTI 0)
1024000: system.cpu.rename: [tid:0] Renaming arch reg 0 (invalid) to physical reg 4294967295 (4294967295).
1024000: system.cpu.rename: [tid:0] [sn:1906] Adding instruction to history buffer (size=68).
1024000: global: Renamed reg condition_code[0] to physical reg 5435 (5435) old mapping was 5433 (5433)
1024000: system.cpu.rename: [tid:0] Renaming arch reg 0 (condition_code) to physical reg 709 (5435).
1024000: system.cpu.rename: [tid:0] [sn:1906] Adding instruction to history buffer (size=69).
1024000: global: Renamed reg condition_code[1] to physical reg 5436 (5436) old mapping was 5434 (5434)
1024000: system.cpu.rename: [tid:0] Renaming arch reg 1 (condition_code) to physical reg 710 (5436).
1024000: system.cpu.rename: [tid:0] [sn:1906] Adding instruction to history buffer (size=70).
1024000: system.cpu.rename: [tid:0] Renaming arch reg 0 (invalid) to physical reg 4294967295 (4294967295).
1024000: system.cpu.rename: [tid:0] [sn:1906] Adding instruction to history buffer (size=71).
1024000: system.cpu.rename: [tid:0] Renaming arch reg 0 (invalid) to physical reg 4294967295 (4294967295).
1024000: system.cpu.rename: [tid:0] [sn:1906] Adding instruction to history buffer (size=72).
1024000: system.cpu.rename: [tid:0] Renaming arch reg 0 (invalid) to physical reg 4294967295 (4294967295).
1024000: system.cpu.rename: [tid:0] [sn:1906] Adding instruction to history buffer (size=73).
1024000: system.cpu.rename: [tid:0] Sending instructions to IEW.
1024000: system.cpu.rename: [tid:0] Processing instruction [sn:1907] with PC (0x7ffff801f27b=>0x7ffff801f27d).(0=>1).
1024000: system.cpu.rename: [tid:0] Looking up miscellaneous arch reg 153, got phys reg 153 (miscellaneous)
1024000: system.cpu.rename: [tid:0] Register 153 (flat: 0) (miscellaneous) is ready.
1024000: global: [sn:1907] has 1 ready out of 1 sources. RTI 0)
1024000: global: Renamed reg t1 to physical reg 204 (204) old mapping was 205 (205)
1024000: system.cpu.rename: [tid:0] Renaming arch reg 17 (integer) to physical reg 204 (204).
1024000: system.cpu.rename: [tid:0] [sn:1907] Adding instruction to history buffer (size=74).
1024000: system.cpu.rename: [tid:0] Sending instructions to IEW.
1024000: system.cpu.rename: [tid:0] Processing instruction [sn:1908] with PC (0x7ffff801f27b=>0x7ffff801f27d).(1=>2).
1024000: global: Renamed reg t2 to physical reg 203 (203) old mapping was 206 (206)
1024000: system.cpu.rename: [tid:0] Renaming arch reg 18 (integer) to physical reg 203 (203).
1024000: system.cpu.rename: [tid:0] [sn:1908] Adding instruction to history buffer (size=75).
1024000: system.cpu.rename: [tid:0] Sending instructions to IEW.
1024000: system.cpu.rename: [tid:0] Processing instruction [sn:1909] with PC (0x7ffff801f27b=>0x7ffff801f27d).(2=>3).
1024000: system.cpu.rename: [tid:0] Looking up integer arch reg 17, got phys reg 204 (integer)
1024000: system.cpu.rename: [tid:0] Register 204 (flat: 204) (integer) is not ready.
1024000: system.cpu.rename: [tid:0] Looking up integer arch reg 18, got phys reg 203 (integer)
1024000: system.cpu.rename: [tid:0] Register 203 (flat: 203) (integer) is not ready.
1024000: system.cpu.rename: [tid:0] Looking up condition_code arch reg 0, got phys reg 709 (condition_code)
1024000: system.cpu.rename: [tid:0] Register 709 (flat: 5435) (condition_code) is not ready.
1024000: system.cpu.rename: [tid:0] Looking up condition_code arch reg 1, got phys reg 710 (condition_code)
1024000: system.cpu.rename: [tid:0] Register 710 (flat: 5436) (condition_code) is not ready.
1024000: system.cpu.rename: [tid:0] Looking up condition_code arch reg 2, got phys reg 2 (condition_code)
1024000: system.cpu.rename: [tid:0] Register 2 (flat: 4728) (condition_code) is ready.
1024000: global: [sn:1909] has 1 ready out of 8 sources. RTI 0)
1024000: system.cpu.rename: [tid:0] Looking up condition_code arch reg 3, got phys reg 3 (condition_code)
1024000: system.cpu.rename: [tid:0] Register 3 (flat: 4729) (condition_code) is ready.
1024000: global: [sn:1909] has 2 ready out of 8 sources. RTI 0)
1024000: system.cpu.rename: [tid:0] Looking up condition_code arch reg 4, got phys reg 4 (condition_code)
1024000: system.cpu.rename: [tid:0] Register 4 (flat: 4730) (condition_code) is ready.
1024000: global: [sn:1909] has 3 ready out of 8 sources. RTI 0)
1024000: system.cpu.rename: [tid:0] Looking up miscellaneous arch reg 153, got phys reg 153 (miscellaneous)
1024000: system.cpu.rename: [tid:0] Register 153 (flat: 0) (miscellaneous) is ready.
1024000: global: [sn:1909] has 4 ready out of 8 sources. RTI 0)
1024000: system.cpu.rename: [tid:0] Sending instructions to IEW.
1024000: system.cpu.rename: calcFreeSQEntries: free sqEntries: 66, storesInProgress: 1, stores dispatchedToSQ: 0
1024000: system.cpu.rename: [tid:0] Processing instruction [sn:1910] with PC (0x7ffff801f266=>0x7ffff801f26a).(0=>1).
1024000: system.cpu.rename: [tid:0] Looking up integer arch reg 0, got phys reg 133 (integer)
1024000: system.cpu.rename: [tid:0] Register 133 (flat: 133) (integer) is not ready.
1024000: system.cpu.rename: [tid:0] Looking up integer arch reg 6, got phys reg 64 (integer)
1024000: system.cpu.rename: [tid:0] Register 64 (flat: 64) (integer) is ready.
1024000: global: [sn:1910] has 1 ready out of 4 sources. RTI 0)
1024000: system.cpu.rename: [tid:0] Looking up integer arch reg 2, got phys reg 208 (integer)
1024000: system.cpu.rename: [tid:0] Register 208 (flat: 208) (integer) is not ready.
1024000: system.cpu.rename: [tid:0] Looking up miscellaneous arch reg 155, got phys reg 155 (miscellaneous)
1024000: system.cpu.rename: [tid:0] Register 155 (flat: 0) (miscellaneous) is ready.
1024000: global: [sn:1910] has 2 ready out of 4 sources. RTI 0)
1024000: system.cpu.rename: [tid:0] Sending instructions to IEW.
1024000: system.cpu.rename: calcFreeLQEntries: free lqEntries: 130, loadsInProgress: 1, loads dispatchedToLQ: 0
1024000: system.cpu.rename: [tid:0] Processing instruction [sn:1911] with PC (0x7ffff801f26a=>0x7ffff801f26e).(0=>1).
1024000: system.cpu.rename: [tid:0] Looking up invalid arch reg 0, got phys reg 4294967295 (invalid)
1024000: system.cpu.rename: [tid:0] Register 4294967295 (flat: 4294967295) (invalid) is ready.
1024000: global: [sn:1911] has 1 ready out of 3 sources. RTI 0)
1024000: system.cpu.rename: [tid:0] Looking up integer arch reg 2, got phys reg 208 (integer)
1024000: system.cpu.rename: [tid:0] Register 208 (flat: 208) (integer) is not ready.
1024000: system.cpu.rename: [tid:0] Looking up miscellaneous arch reg 155, got phys reg 155 (miscellaneous)
1024000: system.cpu.rename: [tid:0] Register 155 (flat: 0) (miscellaneous) is ready.
1024000: global: [sn:1911] has 2 ready out of 3 sources. RTI 0)
1024000: global: Renamed reg rax to physical reg 202 (202) old mapping was 133 (133)
1024000: system.cpu.rename: [tid:0] Querying SMB Predictor for load [sn:1911] with PC (0x7ffff801f26a=>0x7ffff801f26e).(0=>1).
1024000: system.cpu.rename: [tid:0] Renaming arch reg 0 (integer) to physical reg 202 (202).
1024000: system.cpu.rename: [tid:0] [sn:1911] Adding instruction to history buffer (size=76).
1024000: system.cpu.rename: [tid:0] Sending instructions to IEW.
1024000: system.cpu.rename: [tid:0] Processing instruction [sn:1912] with PC (0x7ffff801f26e=>0x7ffff801f272).(0=>1).
1024000: global: Renamed reg t1 to physical reg 201 (201) old mapping was 204 (204)
1024000: system.cpu.rename: [tid:0] Renaming arch reg 17 (integer) to physical reg 201 (201).
1024000: system.cpu.rename: [tid:0] [sn:1912] Adding instruction to history buffer (size=77).
1024000: system.cpu.rename: [tid:0] Sending instructions to IEW.
1024000: system.cpu.rename: [tid:0] Processing instruction [sn:1913] with PC (0x7ffff801f26e=>0x7ffff801f272).(1=>2).
1024000: system.cpu.rename: [tid:0] Looking up integer arch reg 2, got phys reg 208 (integer)
1024000: system.cpu.rename: [tid:0] Register 208 (flat: 208) (integer) is not ready.
1024000: system.cpu.rename: [tid:0] Looking up integer arch reg 17, got phys reg 201 (integer)
1024000: system.cpu.rename: [tid:0] Register 201 (flat: 201) (integer) is not ready.
1024000: system.cpu.rename: [tid:0] Looking up invalid arch reg 0, got phys reg 4294967295 (invalid)
1024000: system.cpu.rename: [tid:0] Register 4294967295 (flat: 4294967295) (invalid) is ready.
1024000: global: [sn:1913] has 1 ready out of 7 sources. RTI 0)
1024000: system.cpu.rename: [tid:0] Looking up invalid arch reg 0, got phys reg 4294967295 (invalid)
1024000: system.cpu.rename: [tid:0] Register 4294967295 (flat: 4294967295) (invalid) is ready.
1024000: global: [sn:1913] has 2 ready out of 7 sources. RTI 0)
1024000: system.cpu.rename: [tid:0] Looking up invalid arch reg 0, got phys reg 4294967295 (invalid)
1024000: system.cpu.rename: [tid:0] Register 4294967295 (flat: 4294967295) (invalid) is ready.
1024000: global: [sn:1913] has 3 ready out of 7 sources. RTI 0)
1024000: system.cpu.rename: [tid:0] Looking up invalid arch reg 0, got phys reg 4294967295 (invalid)
1024000: system.cpu.rename: [tid:0] Register 4294967295 (flat: 4294967295) (invalid) is ready.
1024000: global: [sn:1913] has 4 ready out of 7 sources. RTI 0)
1024000: system.cpu.rename: [tid:0] Looking up invalid arch reg 0, got phys reg 4294967295 (invalid)
1024000: system.cpu.rename: [tid:0] Register 4294967295 (flat: 4294967295) (invalid) is ready.
1024000: global: [sn:1913] has 5 ready out of 7 sources. RTI 0)
1024000: global: Renamed reg rdx to physical reg 200 (200) old mapping was 208 (208)
1024000: system.cpu.rename: [tid:0] Renaming arch reg 2 (integer) to physical reg 200 (200).
1024000: system.cpu.rename: [tid:0] [sn:1913] Adding instruction to history buffer (size=78).
1024000: global: Renamed reg condition_code[0] to physical reg 5437 (5437) old mapping was 5435 (5435)
1024000: system.cpu.rename: [tid:0] Renaming arch reg 0 (condition_code) to physical reg 711 (5437).
1024000: system.cpu.rename: [tid:0] [sn:1913] Adding instruction to history buffer (size=79).
1024000: global: Renamed reg condition_code[1] to physical reg 5438 (5438) old mapping was 5436 (5436)
1024000: system.cpu.rename: [tid:0] Renaming arch reg 1 (condition_code) to physical reg 712 (5438).
1024000: system.cpu.rename: [tid:0] [sn:1913] Adding instruction to history buffer (size=80).
1024000: system.cpu.rename: [tid:0] Renaming arch reg 0 (invalid) to physical reg 4294967295 (4294967295).
1024000: system.cpu.rename: [tid:0] [sn:1913] Adding instruction to history buffer (size=81).
1024000: system.cpu.rename: [tid:0] Renaming arch reg 0 (invalid) to physical reg 4294967295 (4294967295).
1024000: system.cpu.rename: [tid:0] [sn:1913] Adding instruction to history buffer (size=82).
1024000: system.cpu.rename: [tid:0] Renaming arch reg 0 (invalid) to physical reg 4294967295 (4294967295).
1024000: system.cpu.rename: [tid:0] [sn:1913] Adding instruction to history buffer (size=83).
1024000: system.cpu.rename: Activity this cycle.
1024000: system.cpu.rename: [tid:0] Removing a committed instruction from the history buffer 0 (size=83), until [sn:1871].
1024000: system.cpu.rename: [tid:0] [sn:1871] Old sequence number encountered. Ensure that a syscall happened recently.
1024000: system.cpu.iew: Issue: Processing [tid:0]
1024000: system.cpu.iew: [tid:0] Not blocked, so attempting to run dispatch.
1024000: system.cpu.iew: Execute: Executing instructions from IQ.
1024000: system.cpu.iew: Execute: Processing PC (0x7ffff801f272=>0x7ffff801f275).(0=>1), [tid:0] [sn:1875].
1024000: global: RegFile: Access to int register 139, has data 0x25
1024000: global: RegFile: Access to int register 139, has data 0x25
1024000: global: RegFile: Setting cc register 695 to 0
1024000: global: RegFile: Setting cc register 696 to 0
1024000: system.cpu.iew: Adding instruction [sn:1875] to commit queue.
1024000: system.cpu.iew: Current wb cycle: 0, width: 19, numInst: 0
wbActual:0
1024000: system.cpu.iew: Execute: Executing instructions from IQ.
1024000: system.cpu.iew: Execute: Processing PC (0x7ffff801f277=>0x7ffff801f27b).(1=>2), [tid:0] [sn:1880].
1024000: global: RegFile: Access to int register 139, has data 0x25
1024000: global: RegFile: Access to int register 134, has data 0x25
1024000: global: RegFile: Setting cc register 697 to 0x44
1024000: global: RegFile: Setting cc register 698 to 0
1024000: system.cpu.iew: Adding instruction [sn:1880] to commit queue.
1024000: system.cpu.iew: Current wb cycle: 0, width: 19, numInst: 1
wbActual:1
1024000: system.cpu.iew: Execute: Executing instructions from IQ.
1024000: system.cpu.iew: Execute: Processing PC (0x7ffff801f266=>0x7ffff801f26a).(0=>1), [tid:0] [sn:1884].
1024000: system.cpu.iew: Execute: Calculating address for memory reference.
1024000: system.cpu.iew.lsq.thread0: Executing store PC (0x7ffff801f266=>0x7ffff801f26a).(0=>1) [sn:1884]
1024000: global: RegFile: Access to int register 139, has data 0x25
1024000: global: RegFile: Access to int register 64, has data 0x7ffff8037af0
1024000: global: RegFile: Access to int register 137, has data 0x7ffff8036f68
1024000: system.cpu.iew.lsq.thread0: Doing write to store idx 31, addr 0x19ec18 | storeHead:26 [sn:1884]
1024000: system.cpu.iew: Adding instruction [sn:1884] to commit queue.
1024000: system.cpu.iew: Current wb cycle: 0, width: 19, numInst: 2
wbActual:2
1024000: system.cpu.iew: Activity this cycle.
1024000: system.cpu.iew: Execute: Executing instructions from IQ.
1024000: system.cpu.iew: Execute: Processing PC (0x7ffff801f26e=>0x7ffff801f272).(1=>2), [tid:0] [sn:1887].
1024000: global: RegFile: Access to int register 137, has data 0x7ffff8036f68
1024000: global: RegFile: Access to int register 125, has data 0x10
1024000: global: RegFile: Setting int register 129 to 0x7ffff8036f78
1024000: global: RegFile: Setting cc register 699 to 0x4
1024000: global: RegFile: Setting cc register 700 to 0
1024000: system.cpu.iew: Adding instruction [sn:1887] to commit queue.
1024000: system.cpu.iew: Current wb cycle: 0, width: 19, numInst: 3
wbActual:3
1024000: system.cpu.iew: Execute: Executing instructions from IQ.
1024000: system.cpu.iew: Execute: Processing PC (0x7ffff801f277=>0x7ffff801f27b).(0=>1), [tid:0] [sn:1892].
1024000: global: RegFile: Setting int register 39 to 0x25
1024000: system.cpu.iew: Adding instruction [sn:1892] to commit queue.
1024000: system.cpu.iew: Current wb cycle: 0, width: 19, numInst: 4
wbActual:4
1024000: system.cpu.iew: Sending instructions to commit, [sn:1875] PC (0x7ffff801f272=>0x7ffff801f275).(0=>1).
1024000: system.cpu.iq: Waking dependents of completed instruction.
1024000: system.cpu.iq: Reg 4294967295 [invalid] is part of a fix mapping, skipping
1024000: system.cpu.iq: Waking any dependents on register 695 (condition_code).
1024000: system.cpu.iq: Waking up a dependent instruction, [sn:1878] PC (0x7ffff801f275=>0x7ffff801f277).(2=>3).
1024000: global: [sn:1878] has 7 ready out of 8 sources. RTI 0)
1024000: system.cpu.iq: Waking any dependents on register 696 (condition_code).
1024000: system.cpu.iq: Waking up a dependent instruction, [sn:1878] PC (0x7ffff801f275=>0x7ffff801f277).(2=>3).
1024000: global: [sn:1878] has 8 ready out of 8 sources. RTI 0)
1024000: system.cpu.iq: Instruction is ready to issue, putting it onto the ready list, PC (0x7ffff801f275=>0x7ffff801f277).(2=>3) opclass:1 [sn:1878].
1024000: system.cpu.iq: Reg 4294967295 [invalid] is part of a fix mapping, skipping
1024000: system.cpu.iq: Reg 4294967295 [invalid] is part of a fix mapping, skipping
1024000: system.cpu.iq: Reg 4294967295 [invalid] is part of a fix mapping, skipping
1024000: system.cpu.iew: Setting Destination Register 4294967295 (invalid)
1024000: system.cpu.iew: Setting Destination Register 695 (condition_code)
1024000: system.cpu.scoreboard: Setting reg 695 (condition_code) as ready
1024000: system.cpu.iew: Setting Destination Register 696 (condition_code)
1024000: system.cpu.scoreboard: Setting reg 696 (condition_code) as ready
1024000: system.cpu.iew: Setting Destination Register 4294967295 (invalid)
1024000: system.cpu.iew: Setting Destination Register 4294967295 (invalid)
1024000: system.cpu.iew: Setting Destination Register 4294967295 (invalid)
1024000: system.cpu.iew: Sending instructions to commit, [sn:1880] PC (0x7ffff801f277=>0x7ffff801f27b).(1=>2).
1024000: system.cpu.iq: Waking dependents of completed instruction.
1024000: system.cpu.iq: Reg 4294967295 [invalid] is part of a fix mapping, skipping
1024000: system.cpu.iq: Waking any dependents on register 697 (condition_code).
1024000: system.cpu.iq: Waking up a dependent instruction, [sn:1883] PC (0x7ffff801f27b=>0x7ffff801f27d).(2=>3).
1024000: global: [sn:1883] has 7 ready out of 8 sources. RTI 0)
1024000: system.cpu.iq: Waking any dependents on register 698 (condition_code).
1024000: system.cpu.iq: Waking up a dependent instruction, [sn:1883] PC (0x7ffff801f27b=>0x7ffff801f27d).(2=>3).
1024000: global: [sn:1883] has 8 ready out of 8 sources. RTI 0)
1024000: system.cpu.iq: Instruction is ready to issue, putting it onto the ready list, PC (0x7ffff801f27b=>0x7ffff801f27d).(2=>3) opclass:1 [sn:1883].
1024000: system.cpu.iq: Reg 4294967295 [invalid] is part of a fix mapping, skipping
1024000: system.cpu.iq: Reg 4294967295 [invalid] is part of a fix mapping, skipping
1024000: system.cpu.iq: Reg 4294967295 [invalid] is part of a fix mapping, skipping
1024000: system.cpu.iew: Setting Destination Register 4294967295 (invalid)
1024000: system.cpu.iew: Setting Destination Register 697 (condition_code)
1024000: system.cpu.scoreboard: Setting reg 697 (condition_code) as ready
1024000: system.cpu.iew: Setting Destination Register 698 (condition_code)
1024000: system.cpu.scoreboard: Setting reg 698 (condition_code) as ready
1024000: system.cpu.iew: Setting Destination Register 4294967295 (invalid)
1024000: system.cpu.iew: Setting Destination Register 4294967295 (invalid)
1024000: system.cpu.iew: Setting Destination Register 4294967295 (invalid)
1024000: system.cpu.iew: Sending instructions to commit, [sn:1884] PC (0x7ffff801f266=>0x7ffff801f26a).(0=>1).
1024000: system.cpu.iq: Waking dependents of completed instruction.
1024000: system.cpu.memDep0: Completed mem instruction PC (0x7ffff801f266=>0x7ffff801f26a).(0=>1) [sn:1884].
1024000: system.cpu.iq: Completing mem instruction PC: (0x7ffff801f266=>0x7ffff801f26a).(0=>1) [sn:1884]
1024000: system.cpu.iew: Sending instructions to commit, [sn:1887] PC (0x7ffff801f26e=>0x7ffff801f272).(1=>2).
1024000: system.cpu.iq: Waking dependents of completed instruction.
1024000: system.cpu.iq: Waking any dependents on register 129 (integer).
1024000: system.cpu.iq: Waking any dependents on register 699 (condition_code).
1024000: system.cpu.iq: Waking any dependents on register 700 (condition_code).
1024000: system.cpu.iq: Reg 4294967295 [invalid] is part of a fix mapping, skipping
1024000: system.cpu.iq: Reg 4294967295 [invalid] is part of a fix mapping, skipping
1024000: system.cpu.iq: Reg 4294967295 [invalid] is part of a fix mapping, skipping
1024000: system.cpu.iew: Setting Destination Register 129 (integer)
1024000: system.cpu.scoreboard: Setting reg 129 (integer) as ready
1024000: system.cpu.iew: Setting Destination Register 699 (condition_code)
1024000: system.cpu.scoreboard: Setting reg 699 (condition_code) as ready
1024000: system.cpu.iew: Setting Destination Register 700 (condition_code)
1024000: system.cpu.scoreboard: Setting reg 700 (condition_code) as ready
1024000: system.cpu.iew: Setting Destination Register 4294967295 (invalid)
1024000: system.cpu.iew: Setting Destination Register 4294967295 (invalid)
1024000: system.cpu.iew: Setting Destination Register 4294967295 (invalid)
1024000: system.cpu.iew: Sending instructions to commit, [sn:1892] PC (0x7ffff801f277=>0x7ffff801f27b).(0=>1).
1024000: system.cpu.iq: Waking dependents of completed instruction.
1024000: system.cpu.iq: Waking any dependents on register 39 (integer).
1024000: system.cpu.iq: Waking up a dependent instruction, [sn:1893] PC (0x7ffff801f277=>0x7ffff801f27b).(1=>2).
1024000: global: [sn:1893] has 6 ready out of 7 sources. RTI 0)
1024000: system.cpu.iew: Setting Destination Register 39 (integer)
1024000: system.cpu.scoreboard: Setting reg 39 (integer) as ready
1024000: system.cpu.iq: Attempting to schedule ready instructions from the IQ.
1024000: system.cpu.iq: Thread 0: Issuing instruction PC (0x7ffff801f275=>0x7ffff801f277).(2=>3) [sn:1878]
1024000: system.cpu.iq: Thread 0: Issuing instruction PC (0x7ffff801f27b=>0x7ffff801f27d).(2=>3) [sn:1883]
1024000: system.cpu.iew.lsq: [tid:0] Writing back stores. 4 stores available for Writeback.
1024000: system.cpu.iew: Processing [tid:0]
1024000: system.cpu.iew.lsq.thread0: Marking store as able to write back, PC (0x7ffff801f266=>0x7ffff801f26a).(0=>1) [sn:1871]
1024000: system.cpu.iq: [tid:0] Committing instructions older than [sn:1871]
1024000: system.cpu.iew.lsq.thread0: LQ size: 132, #loads occupied: 2
1024000: system.cpu.iew.lsq.thread0: SQ size: 72, #stores occupied: 6
1024000: system.cpu.iew: [tid:0], Dispatch dispatched 0 instructions.
1024000: system.cpu.iew.lsq.thread0: SQ size: 72, #stores occupied: 6
1024000: system.cpu.iew.lsq.thread0: LQ size: 132, #loads occupied: 2
1024000: system.cpu.iew: IQ has 555 free entries (Can schedule: 0).  LQ has 130 free entries. SQ has 66 free entries.
1024000: system.cpu.iew: Activity this cycle.
1024000: system.cpu.commit: Getting instructions from Rename stage.
1024000: system.cpu.commit: [tid:0] [sn:1894] Inserting PC (0x7ffff801f27b=>0x7ffff801f27d).(0=>1) into ROB.
1024000: system.cpu.rob: Adding inst PC (0x7ffff801f27b=>0x7ffff801f27d).(0=>1) to the ROB.
1024000: system.cpu.rob: [tid:0] Now has 23 instructions.
1024000: system.cpu.commit: [tid:0] [sn:1895] Inserting PC (0x7ffff801f27b=>0x7ffff801f27d).(1=>2) into ROB.
1024000: system.cpu.rob: Adding inst PC (0x7ffff801f27b=>0x7ffff801f27d).(1=>2) to the ROB.
1024000: system.cpu.rob: [tid:0] Now has 24 instructions.
1024000: system.cpu.commit: [tid:0] [sn:1896] Inserting PC (0x7ffff801f27b=>0x7ffff801f27d).(2=>3) into ROB.
1024000: system.cpu.rob: Adding inst PC (0x7ffff801f27b=>0x7ffff801f27d).(2=>3) to the ROB.
1024000: system.cpu.rob: [tid:0] Now has 25 instructions.
1024000: system.cpu.commit: [tid:0] [sn:1897] Inserting PC (0x7ffff801f266=>0x7ffff801f26a).(0=>1) into ROB.
1024000: system.cpu.rob: Adding inst PC (0x7ffff801f266=>0x7ffff801f26a).(0=>1) to the ROB.
1024000: system.cpu.rob: [tid:0] Now has 26 instructions.
1024000: system.cpu.commit: [tid:0] [sn:1898] Inserting PC (0x7ffff801f26a=>0x7ffff801f26e).(0=>1) into ROB.
1024000: system.cpu.rob: Adding inst PC (0x7ffff801f26a=>0x7ffff801f26e).(0=>1) to the ROB.
1024000: system.cpu.rob: [tid:0] Now has 27 instructions.
1024000: system.cpu.commit: [tid:0] [sn:1899] Inserting PC (0x7ffff801f26e=>0x7ffff801f272).(0=>1) into ROB.
1024000: system.cpu.rob: Adding inst PC (0x7ffff801f26e=>0x7ffff801f272).(0=>1) to the ROB.
1024000: system.cpu.rob: [tid:0] Now has 28 instructions.
1024000: system.cpu.commit: [tid:0] [sn:1900] Inserting PC (0x7ffff801f26e=>0x7ffff801f272).(1=>2) into ROB.
1024000: system.cpu.rob: Adding inst PC (0x7ffff801f26e=>0x7ffff801f272).(1=>2) to the ROB.
1024000: system.cpu.rob: [tid:0] Now has 29 instructions.
1024000: system.cpu.commit: [tid:0] [sn:1901] Inserting PC (0x7ffff801f272=>0x7ffff801f275).(0=>1) into ROB.
1024000: system.cpu.rob: Adding inst PC (0x7ffff801f272=>0x7ffff801f275).(0=>1) to the ROB.
1024000: system.cpu.rob: [tid:0] Now has 30 instructions.
1024000: system.cpu.commit: [tid:0] [sn:1902] Inserting PC (0x7ffff801f275=>0x7ffff801f277).(0=>1) into ROB.
1024000: system.cpu.rob: Adding inst PC (0x7ffff801f275=>0x7ffff801f277).(0=>1) to the ROB.
1024000: system.cpu.rob: [tid:0] Now has 31 instructions.
1024000: system.cpu.commit: [tid:0] [sn:1903] Inserting PC (0x7ffff801f275=>0x7ffff801f277).(1=>2) into ROB.
1024000: system.cpu.rob: Adding inst PC (0x7ffff801f275=>0x7ffff801f277).(1=>2) to the ROB.
1024000: system.cpu.rob: [tid:0] Now has 32 instructions.
1024000: system.cpu.commit: Trying to commit instructions in the ROB.
1024000: system.cpu.commit: [tid:0] Marking PC (0x7ffff801f26a=>0x7ffff801f26e).(0=>1), [sn:1872] ready within ROB.
1024000: system.cpu.commit: [tid:0] Marking PC (0x7ffff801f27b=>0x7ffff801f27d).(0=>1), [sn:1881] ready within ROB.
1024000: system.cpu.commit: [tid:0] Marking PC (0x7ffff801f27b=>0x7ffff801f27d).(1=>2), [sn:1882] ready within ROB.
1024000: system.cpu.commit: [tid:0] Marking PC (0x7ffff801f26e=>0x7ffff801f272).(0=>1), [sn:1886] ready within ROB.
1024000: system.cpu.commit: [tid:0] Marking PC (0x7ffff801f275=>0x7ffff801f277).(0=>1), [sn:1889] ready within ROB.
1024000: system.cpu.commit: [tid:0] Marking PC (0x7ffff801f275=>0x7ffff801f277).(1=>2), [sn:1890] ready within ROB.
1024000: system.cpu.commit: [tid:0] Instruction [sn:1872] PC (0x7ffff801f26a=>0x7ffff801f26e).(0=>1) is head of ROB and ready to commit
1024000: system.cpu.commit: [tid:0] ROB has 32 insts & 886 free entries.
1024000: system.cpu.commit: Activity This Cycle.
1024000: system.cpu.commit: Activating stage.
1024000: system.cpu: Activity: 13
1024000: system.cpu: Activity: 12
1024000: system.cpu: Scheduling next tick!
1025000: system.cpu: CPU already running.
1025000: global: RegFile: Setting int register 127 to 0
1025000: system.cpu.iew: Adding instruction [sn:1885] to commit queue.
1025000: system.cpu.iew: Current wb cycle: 0, width: 19, numInst: 0
wbActual:0
1025000: system.cpu.iew: Activity this cycle.
1025000: system.cpu: Activity: 13
1025000: system.cpu: 

O3CPU: Ticking main, O3CPU.
1025000: system.cpu.fetch: Running stage.
1025000: system.cpu.fetch: There are no more threads available to fetch from.
1025000: system.cpu.fetch: [tid:0] Fetch is waiting cache response!
1025000: system.cpu.fetch: [tid:0] [sn:1934] Sending instruction to decode from fetch queue. Fetch queue size: 2.
1025000: system.cpu.fetch: [tid:0] [sn:1935] Sending instruction to decode from fetch queue. Fetch queue size: 1.
1025000: system.cpu.fetch: Activity this cycle.
1025000: system.cpu.decode: Processing [tid:0]
1025000: system.cpu.decode: [tid:0] Not blocked, so attempting to run stage.
1025000: system.cpu.decode: [tid:0] Sending instruction to rename.
1025000: system.cpu.decode: [tid:0] Processing instruction [sn:1924] with PC (0x7ffff801f26a=>0x7ffff801f26e).(0=>1)
1025000: system.cpu.decode: [tid:0] Processing instruction [sn:1925] with PC (0x7ffff801f26e=>0x7ffff801f272).(0=>1)
1025000: system.cpu.decode: [tid:0] Processing instruction [sn:1926] with PC (0x7ffff801f26e=>0x7ffff801f272).(1=>2)
1025000: system.cpu.decode: [tid:0] Processing instruction [sn:1927] with PC (0x7ffff801f272=>0x7ffff801f275).(0=>1)
1025000: system.cpu.decode: [tid:0] Processing instruction [sn:1928] with PC (0x7ffff801f275=>0x7ffff801f277).(0=>1)
1025000: system.cpu.decode: [tid:0] Processing instruction [sn:1929] with PC (0x7ffff801f275=>0x7ffff801f277).(1=>2)
1025000: system.cpu.decode: [tid:0] Processing instruction [sn:1930] with PC (0x7ffff801f275=>0x7ffff801f277).(2=>3)
1025000: system.cpu.decode: [tid:0] Processing instruction [sn:1931] with PC (0x7ffff801f277=>0x7ffff801f27b).(0=>1)
1025000: system.cpu.decode: [tid:0] Processing instruction [sn:1932] with PC (0x7ffff801f277=>0x7ffff801f27b).(1=>2)
1025000: system.cpu.decode: [tid:0] Processing instruction [sn:1933] with PC (0x7ffff801f27b=>0x7ffff801f27d).(0=>1)
1025000: system.cpu.decode: Activity this cycle.
1025000: system.cpu.rename: Processing [tid:0]
1025000: system.cpu.rename: [tid:0] Free IQ: 555, Free ROB: 886, Free LQ: 130, Free SQ: 66, FreeRM 127(852 870 917 1834 127 8 4565)
1025000: system.cpu.rename: [tid:0] 20 instructions not yet in ROB
1025000: system.cpu.rename: calcFreeLQEntries: free lqEntries: 130, loadsInProgress: 2, loads dispatchedToLQ: 0
1025000: system.cpu.rename: [tid:0] Not blocked, so attempting to run stage.
1025000: system.cpu.rename: [tid:0] 10 available instructions to send iew.
1025000: system.cpu.rename: [tid:0] 20 insts pipelining from Rename | 0 insts dispatched to IQ last cycle.
1025000: system.cpu.rename: [tid:0] Sending instructions to IEW.
1025000: system.cpu.rename: [tid:0] Processing instruction [sn:1914] with PC (0x7ffff801f272=>0x7ffff801f275).(0=>1).
1025000: system.cpu.rename: [tid:0] Looking up integer arch reg 0, got phys reg 202 (integer)
1025000: system.cpu.rename: [tid:0] Register 202 (flat: 202) (integer) is not ready.
1025000: system.cpu.rename: [tid:0] Looking up integer arch reg 0, got phys reg 202 (integer)
1025000: system.cpu.rename: [tid:0] Register 202 (flat: 202) (integer) is not ready.
1025000: system.cpu.rename: [tid:0] Looking up invalid arch reg 0, got phys reg 4294967295 (invalid)
1025000: system.cpu.rename: [tid:0] Register 4294967295 (flat: 4294967295) (invalid) is ready.
1025000: global: [sn:1914] has 1 ready out of 7 sources. RTI 0)
1025000: system.cpu.rename: [tid:0] Looking up invalid arch reg 0, got phys reg 4294967295 (invalid)
1025000: system.cpu.rename: [tid:0] Register 4294967295 (flat: 4294967295) (invalid) is ready.
1025000: global: [sn:1914] has 2 ready out of 7 sources. RTI 0)
1025000: system.cpu.rename: [tid:0] Looking up invalid arch reg 0, got phys reg 4294967295 (invalid)
1025000: system.cpu.rename: [tid:0] Register 4294967295 (flat: 4294967295) (invalid) is ready.
1025000: global: [sn:1914] has 3 ready out of 7 sources. RTI 0)
1025000: system.cpu.rename: [tid:0] Looking up invalid arch reg 0, got phys reg 4294967295 (invalid)
1025000: system.cpu.rename: [tid:0] Register 4294967295 (flat: 4294967295) (invalid) is ready.
1025000: global: [sn:1914] has 4 ready out of 7 sources. RTI 0)
1025000: system.cpu.rename: [tid:0] Looking up invalid arch reg 0, got phys reg 4294967295 (invalid)
1025000: system.cpu.rename: [tid:0] Register 4294967295 (flat: 4294967295) (invalid) is ready.
1025000: global: [sn:1914] has 5 ready out of 7 sources. RTI 0)
1025000: system.cpu.rename: [tid:0] Renaming arch reg 0 (invalid) to physical reg 4294967295 (4294967295).
1025000: system.cpu.rename: [tid:0] [sn:1914] Adding instruction to history buffer (size=84).
1025000: global: Renamed reg condition_code[0] to physical reg 5439 (5439) old mapping was 5437 (5437)
1025000: system.cpu.rename: [tid:0] Renaming arch reg 0 (condition_code) to physical reg 713 (5439).
1025000: system.cpu.rename: [tid:0] [sn:1914] Adding instruction to history buffer (size=85).
1025000: global: Renamed reg condition_code[1] to physical reg 5440 (5440) old mapping was 5438 (5438)
1025000: system.cpu.rename: [tid:0] Renaming arch reg 1 (condition_code) to physical reg 714 (5440).
1025000: system.cpu.rename: [tid:0] [sn:1914] Adding instruction to history buffer (size=86).
1025000: system.cpu.rename: [tid:0] Renaming arch reg 0 (invalid) to physical reg 4294967295 (4294967295).
1025000: system.cpu.rename: [tid:0] [sn:1914] Adding instruction to history buffer (size=87).
1025000: system.cpu.rename: [tid:0] Renaming arch reg 0 (invalid) to physical reg 4294967295 (4294967295).
1025000: system.cpu.rename: [tid:0] [sn:1914] Adding instruction to history buffer (size=88).
1025000: system.cpu.rename: [tid:0] Renaming arch reg 0 (invalid) to physical reg 4294967295 (4294967295).
1025000: system.cpu.rename: [tid:0] [sn:1914] Adding instruction to history buffer (size=89).
1025000: system.cpu.rename: [tid:0] Sending instructions to IEW.
1025000: system.cpu.rename: [tid:0] Processing instruction [sn:1915] with PC (0x7ffff801f275=>0x7ffff801f277).(0=>1).
1025000: system.cpu.rename: [tid:0] Looking up miscellaneous arch reg 153, got phys reg 153 (miscellaneous)
1025000: system.cpu.rename: [tid:0] Register 153 (flat: 0) (miscellaneous) is ready.
1025000: global: [sn:1915] has 1 ready out of 1 sources. RTI 0)
1025000: global: Renamed reg t1 to physical reg 199 (199) old mapping was 201 (201)
1025000: system.cpu.rename: [tid:0] Renaming arch reg 17 (integer) to physical reg 199 (199).
1025000: system.cpu.rename: [tid:0] [sn:1915] Adding instruction to history buffer (size=90).
1025000: system.cpu.rename: [tid:0] Sending instructions to IEW.
1025000: system.cpu.rename: [tid:0] Processing instruction [sn:1916] with PC (0x7ffff801f275=>0x7ffff801f277).(1=>2).
1025000: global: Renamed reg t2 to physical reg 198 (198) old mapping was 203 (203)
1025000: system.cpu.rename: [tid:0] Renaming arch reg 18 (integer) to physical reg 198 (198).
1025000: system.cpu.rename: [tid:0] [sn:1916] Adding instruction to history buffer (size=91).
1025000: system.cpu.rename: [tid:0] Sending instructions to IEW.
1025000: system.cpu.rename: [tid:0] Processing instruction [sn:1917] with PC (0x7ffff801f275=>0x7ffff801f277).(2=>3).
1025000: system.cpu.rename: [tid:0] Looking up integer arch reg 17, got phys reg 199 (integer)
1025000: system.cpu.rename: [tid:0] Register 199 (flat: 199) (integer) is not ready.
1025000: system.cpu.rename: [tid:0] Looking up integer arch reg 18, got phys reg 198 (integer)
1025000: system.cpu.rename: [tid:0] Register 198 (flat: 198) (integer) is not ready.
1025000: system.cpu.rename: [tid:0] Looking up condition_code arch reg 0, got phys reg 713 (condition_code)
1025000: system.cpu.rename: [tid:0] Register 713 (flat: 5439) (condition_code) is not ready.
1025000: system.cpu.rename: [tid:0] Looking up condition_code arch reg 1, got phys reg 714 (condition_code)
1025000: system.cpu.rename: [tid:0] Register 714 (flat: 5440) (condition_code) is not ready.
1025000: system.cpu.rename: [tid:0] Looking up condition_code arch reg 2, got phys reg 2 (condition_code)
1025000: system.cpu.rename: [tid:0] Register 2 (flat: 4728) (condition_code) is ready.
1025000: global: [sn:1917] has 1 ready out of 8 sources. RTI 0)
1025000: system.cpu.rename: [tid:0] Looking up condition_code arch reg 3, got phys reg 3 (condition_code)
1025000: system.cpu.rename: [tid:0] Register 3 (flat: 4729) (condition_code) is ready.
1025000: global: [sn:1917] has 2 ready out of 8 sources. RTI 0)
1025000: system.cpu.rename: [tid:0] Looking up condition_code arch reg 4, got phys reg 4 (condition_code)
1025000: system.cpu.rename: [tid:0] Register 4 (flat: 4730) (condition_code) is ready.
1025000: global: [sn:1917] has 3 ready out of 8 sources. RTI 0)
1025000: system.cpu.rename: [tid:0] Looking up miscellaneous arch reg 153, got phys reg 153 (miscellaneous)
1025000: system.cpu.rename: [tid:0] Register 153 (flat: 0) (miscellaneous) is ready.
1025000: global: [sn:1917] has 4 ready out of 8 sources. RTI 0)
1025000: system.cpu.rename: [tid:0] Sending instructions to IEW.
1025000: system.cpu.rename: [tid:0] Processing instruction [sn:1918] with PC (0x7ffff801f277=>0x7ffff801f27b).(0=>1).
1025000: global: Renamed reg t1 to physical reg 197 (197) old mapping was 199 (199)
1025000: system.cpu.rename: [tid:0] Renaming arch reg 17 (integer) to physical reg 197 (197).
1025000: system.cpu.rename: [tid:0] [sn:1918] Adding instruction to history buffer (size=92).
1025000: system.cpu.rename: [tid:0] Sending instructions to IEW.
1025000: system.cpu.rename: [tid:0] Processing instruction [sn:1919] with PC (0x7ffff801f277=>0x7ffff801f27b).(1=>2).
1025000: system.cpu.rename: [tid:0] Looking up integer arch reg 0, got phys reg 202 (integer)
1025000: system.cpu.rename: [tid:0] Register 202 (flat: 202) (integer) is not ready.
1025000: system.cpu.rename: [tid:0] Looking up integer arch reg 17, got phys reg 197 (integer)
1025000: system.cpu.rename: [tid:0] Register 197 (flat: 197) (integer) is not ready.
1025000: system.cpu.rename: [tid:0] Looking up invalid arch reg 0, got phys reg 4294967295 (invalid)
1025000: system.cpu.rename: [tid:0] Register 4294967295 (flat: 4294967295) (invalid) is ready.
1025000: global: [sn:1919] has 1 ready out of 7 sources. RTI 0)
1025000: system.cpu.rename: [tid:0] Looking up invalid arch reg 0, got phys reg 4294967295 (invalid)
1025000: system.cpu.rename: [tid:0] Register 4294967295 (flat: 4294967295) (invalid) is ready.
1025000: global: [sn:1919] has 2 ready out of 7 sources. RTI 0)
1025000: system.cpu.rename: [tid:0] Looking up invalid arch reg 0, got phys reg 4294967295 (invalid)
1025000: system.cpu.rename: [tid:0] Register 4294967295 (flat: 4294967295) (invalid) is ready.
1025000: global: [sn:1919] has 3 ready out of 7 sources. RTI 0)
1025000: system.cpu.rename: [tid:0] Looking up invalid arch reg 0, got phys reg 4294967295 (invalid)
1025000: system.cpu.rename: [tid:0] Register 4294967295 (flat: 4294967295) (invalid) is ready.
1025000: global: [sn:1919] has 4 ready out of 7 sources. RTI 0)
1025000: system.cpu.rename: [tid:0] Looking up invalid arch reg 0, got phys reg 4294967295 (invalid)
1025000: system.cpu.rename: [tid:0] Register 4294967295 (flat: 4294967295) (invalid) is ready.
1025000: global: [sn:1919] has 5 ready out of 7 sources. RTI 0)
1025000: system.cpu.rename: [tid:0] Renaming arch reg 0 (invalid) to physical reg 4294967295 (4294967295).
1025000: system.cpu.rename: [tid:0] [sn:1919] Adding instruction to history buffer (size=93).
1025000: global: Renamed reg condition_code[0] to physical reg 5441 (5441) old mapping was 5439 (5439)
1025000: system.cpu.rename: [tid:0] Renaming arch reg 0 (condition_code) to physical reg 715 (5441).
1025000: system.cpu.rename: [tid:0] [sn:1919] Adding instruction to history buffer (size=94).
1025000: global: Renamed reg condition_code[1] to physical reg 5442 (5442) old mapping was 5440 (5440)
1025000: system.cpu.rename: [tid:0] Renaming arch reg 1 (condition_code) to physical reg 716 (5442).
1025000: system.cpu.rename: [tid:0] [sn:1919] Adding instruction to history buffer (size=95).
1025000: system.cpu.rename: [tid:0] Renaming arch reg 0 (invalid) to physical reg 4294967295 (4294967295).
1025000: system.cpu.rename: [tid:0] [sn:1919] Adding instruction to history buffer (size=96).
1025000: system.cpu.rename: [tid:0] Renaming arch reg 0 (invalid) to physical reg 4294967295 (4294967295).
1025000: system.cpu.rename: [tid:0] [sn:1919] Adding instruction to history buffer (size=97).
1025000: system.cpu.rename: [tid:0] Renaming arch reg 0 (invalid) to physical reg 4294967295 (4294967295).
1025000: system.cpu.rename: [tid:0] [sn:1919] Adding instruction to history buffer (size=98).
1025000: system.cpu.rename: [tid:0] Sending instructions to IEW.
1025000: system.cpu.rename: [tid:0] Processing instruction [sn:1920] with PC (0x7ffff801f27b=>0x7ffff801f27d).(0=>1).
1025000: system.cpu.rename: [tid:0] Looking up miscellaneous arch reg 153, got phys reg 153 (miscellaneous)
1025000: system.cpu.rename: [tid:0] Register 153 (flat: 0) (miscellaneous) is ready.
1025000: global: [sn:1920] has 1 ready out of 1 sources. RTI 0)
1025000: global: Renamed reg t1 to physical reg 196 (196) old mapping was 197 (197)
1025000: system.cpu.rename: [tid:0] Renaming arch reg 17 (integer) to physical reg 196 (196).
1025000: system.cpu.rename: [tid:0] [sn:1920] Adding instruction to history buffer (size=99).
1025000: system.cpu.rename: [tid:0] Sending instructions to IEW.
1025000: system.cpu.rename: [tid:0] Processing instruction [sn:1921] with PC (0x7ffff801f27b=>0x7ffff801f27d).(1=>2).
1025000: global: Renamed reg t2 to physical reg 195 (195) old mapping was 198 (198)
1025000: system.cpu.rename: [tid:0] Renaming arch reg 18 (integer) to physical reg 195 (195).
1025000: system.cpu.rename: [tid:0] [sn:1921] Adding instruction to history buffer (size=100).
1025000: system.cpu.rename: [tid:0] Sending instructions to IEW.
1025000: system.cpu.rename: [tid:0] Processing instruction [sn:1922] with PC (0x7ffff801f27b=>0x7ffff801f27d).(2=>3).
1025000: system.cpu.rename: [tid:0] Looking up integer arch reg 17, got phys reg 196 (integer)
1025000: system.cpu.rename: [tid:0] Register 196 (flat: 196) (integer) is not ready.
1025000: system.cpu.rename: [tid:0] Looking up integer arch reg 18, got phys reg 195 (integer)
1025000: system.cpu.rename: [tid:0] Register 195 (flat: 195) (integer) is not ready.
1025000: system.cpu.rename: [tid:0] Looking up condition_code arch reg 0, got phys reg 715 (condition_code)
1025000: system.cpu.rename: [tid:0] Register 715 (flat: 5441) (condition_code) is not ready.
1025000: system.cpu.rename: [tid:0] Looking up condition_code arch reg 1, got phys reg 716 (condition_code)
1025000: system.cpu.rename: [tid:0] Register 716 (flat: 5442) (condition_code) is not ready.
1025000: system.cpu.rename: [tid:0] Looking up condition_code arch reg 2, got phys reg 2 (condition_code)
1025000: system.cpu.rename: [tid:0] Register 2 (flat: 4728) (condition_code) is ready.
1025000: global: [sn:1922] has 1 ready out of 8 sources. RTI 0)
1025000: system.cpu.rename: [tid:0] Looking up condition_code arch reg 3, got phys reg 3 (condition_code)
1025000: system.cpu.rename: [tid:0] Register 3 (flat: 4729) (condition_code) is ready.
1025000: global: [sn:1922] has 2 ready out of 8 sources. RTI 0)
1025000: system.cpu.rename: [tid:0] Looking up condition_code arch reg 4, got phys reg 4 (condition_code)
1025000: system.cpu.rename: [tid:0] Register 4 (flat: 4730) (condition_code) is ready.
1025000: global: [sn:1922] has 3 ready out of 8 sources. RTI 0)
1025000: system.cpu.rename: [tid:0] Looking up miscellaneous arch reg 153, got phys reg 153 (miscellaneous)
1025000: system.cpu.rename: [tid:0] Register 153 (flat: 0) (miscellaneous) is ready.
1025000: global: [sn:1922] has 4 ready out of 8 sources. RTI 0)
1025000: system.cpu.rename: [tid:0] Sending instructions to IEW.
1025000: system.cpu.rename: calcFreeSQEntries: free sqEntries: 66, storesInProgress: 2, stores dispatchedToSQ: 0
1025000: system.cpu.rename: [tid:0] Processing instruction [sn:1923] with PC (0x7ffff801f266=>0x7ffff801f26a).(0=>1).
1025000: system.cpu.rename: [tid:0] Looking up integer arch reg 0, got phys reg 202 (integer)
1025000: system.cpu.rename: [tid:0] Register 202 (flat: 202) (integer) is not ready.
1025000: system.cpu.rename: [tid:0] Looking up integer arch reg 6, got phys reg 64 (integer)
1025000: system.cpu.rename: [tid:0] Register 64 (flat: 64) (integer) is ready.
1025000: global: [sn:1923] has 1 ready out of 4 sources. RTI 0)
1025000: system.cpu.rename: [tid:0] Looking up integer arch reg 2, got phys reg 200 (integer)
1025000: system.cpu.rename: [tid:0] Register 200 (flat: 200) (integer) is not ready.
1025000: system.cpu.rename: [tid:0] Looking up miscellaneous arch reg 155, got phys reg 155 (miscellaneous)
1025000: system.cpu.rename: [tid:0] Register 155 (flat: 0) (miscellaneous) is ready.
1025000: global: [sn:1923] has 2 ready out of 4 sources. RTI 0)
1025000: system.cpu.rename: Activity this cycle.
1025000: system.cpu.iew: Issue: Processing [tid:0]
1025000: system.cpu.iew: [tid:0] Not blocked, so attempting to run dispatch.
1025000: system.cpu.iew: [tid:0] Issue: Adding PC (0x7ffff801f27b=>0x7ffff801f27d).(0=>1) [sn:1894] [tid:0] to IQ.
1025000: system.cpu.iq: Adding instruction [sn:1894] PC (0x7ffff801f27b=>0x7ffff801f27d).(0=>1) to the IQ.
1025000: system.cpu.iq: Instruction is ready to issue, putting it onto the ready list, PC (0x7ffff801f27b=>0x7ffff801f27d).(0=>1) opclass:1 [sn:1894].
1025000: system.cpu.iew: [tid:0] Issue: Adding PC (0x7ffff801f27b=>0x7ffff801f27d).(1=>2) [sn:1895] [tid:0] to IQ.
1025000: system.cpu.iq: Adding instruction [sn:1895] PC (0x7ffff801f27b=>0x7ffff801f27d).(1=>2) to the IQ.
1025000: system.cpu.iq: Instruction is ready to issue, putting it onto the ready list, PC (0x7ffff801f27b=>0x7ffff801f27d).(1=>2) opclass:1 [sn:1895].
1025000: system.cpu.iew: [tid:0] Issue: Adding PC (0x7ffff801f27b=>0x7ffff801f27d).(2=>3) [sn:1896] [tid:0] to IQ.
1025000: system.cpu.iq: Adding instruction [sn:1896] PC (0x7ffff801f27b=>0x7ffff801f27d).(2=>3) to the IQ.
1025000: system.cpu.iq: Instruction PC (0x7ffff801f27b=>0x7ffff801f27d).(2=>3) has src reg 132 (integer) that is being added to the dependency chain.
1025000: system.cpu.iq: Instruction PC (0x7ffff801f27b=>0x7ffff801f27d).(2=>3) has src reg 167 (integer) that is being added to the dependency chain.
1025000: system.cpu.iq: Instruction PC (0x7ffff801f27b=>0x7ffff801f27d).(2=>3) has src reg 703 (condition_code) that is being added to the dependency chain.
1025000: system.cpu.iq: Instruction PC (0x7ffff801f27b=>0x7ffff801f27d).(2=>3) has src reg 704 (condition_code) that is being added to the dependency chain.
1025000: system.cpu.iew: [tid:0] Issue: Adding PC (0x7ffff801f266=>0x7ffff801f26a).(0=>1) [sn:1897] [tid:0] to IQ.
1025000: system.cpu.iew: [tid:0] Issue: Memory instruction encountered, adding to LSQ.
1025000: system.cpu.iew.lsq.thread0: Inserting store PC (0x7ffff801f266=>0x7ffff801f26a).(0=>1), idx:32 [sn:1897]
1025000: system.cpu.iq: Adding instruction [sn:1897] PC (0x7ffff801f266=>0x7ffff801f26a).(0=>1) to the IQ.
1025000: system.cpu.iq: Instruction PC (0x7ffff801f266=>0x7ffff801f26a).(0=>1) has src reg 127 (integer) that is being added to the dependency chain.
1025000: system.cpu.iq: Instruction PC (0x7ffff801f266=>0x7ffff801f26a).(0=>1) has src reg 129 (integer) that became ready before it reached the IQ.
1025000: global: [sn:1897] has 3 ready out of 4 sources. RTI 0)
1025000: system.cpu.memDep0: No dependency for inst PC (0x7ffff801f266=>0x7ffff801f26a).(0=>1) [sn:1897].
1025000: system.cpu.memDep0: Inserting store/atomic PC (0x7ffff801f266=>0x7ffff801f26a).(0=>1) [sn:1897].
1025000: system.cpu.iew: [tid:0] Issue: Adding PC (0x7ffff801f26a=>0x7ffff801f26e).(0=>1) [sn:1898] [tid:0] to IQ.
1025000: system.cpu.iew: [tid:0] Issue: Memory instruction encountered, adding to LSQ.
1025000: system.cpu.iew.lsq.thread0: Inserting load PC (0x7ffff801f26a=>0x7ffff801f26e).(0=>1), idx:20 [sn:1898]
1025000: system.cpu.iq: Adding instruction [sn:1898] PC (0x7ffff801f26a=>0x7ffff801f26e).(0=>1) to the IQ.
1025000: system.cpu.iq: Instruction PC (0x7ffff801f26a=>0x7ffff801f26e).(0=>1) has src reg 129 (integer) that became ready before it reached the IQ.
1025000: global: [sn:1898] has 3 ready out of 3 sources. RTI 0)
1025000: system.cpu.memDep0: No dependency for inst PC (0x7ffff801f26a=>0x7ffff801f26e).(0=>1) [sn:1898].
1025000: system.cpu.memDep0: Adding instruction [sn:1898] to the ready list.
1025000: system.cpu.iq: Instruction is ready to issue, putting it onto the ready list, PC (0x7ffff801f26a=>0x7ffff801f26e).(0=>1) opclass:52 [sn:1898].
1025000: system.cpu.memDep0: Also the Inst is ready to issue.
1025000: system.cpu.iew: [tid:0] Issue: Adding PC (0x7ffff801f26e=>0x7ffff801f272).(0=>1) [sn:1899] [tid:0] to IQ.
1025000: system.cpu.iq: Adding instruction [sn:1899] PC (0x7ffff801f26e=>0x7ffff801f272).(0=>1) to the IQ.
1025000: system.cpu.iq: Instruction is ready to issue, putting it onto the ready list, PC (0x7ffff801f26e=>0x7ffff801f272).(0=>1) opclass:1 [sn:1899].
1025000: system.cpu.iew: [tid:0] Issue: Adding PC (0x7ffff801f26e=>0x7ffff801f272).(1=>2) [sn:1900] [tid:0] to IQ.
1025000: system.cpu.iq: Adding instruction [sn:1900] PC (0x7ffff801f26e=>0x7ffff801f272).(1=>2) to the IQ.
1025000: system.cpu.iq: Instruction PC (0x7ffff801f26e=>0x7ffff801f272).(1=>2) has src reg 129 (integer) that became ready before it reached the IQ.
1025000: global: [sn:1900] has 6 ready out of 7 sources. RTI 0)
1025000: system.cpu.iq: Instruction PC (0x7ffff801f26e=>0x7ffff801f272).(1=>2) has src reg 209 (integer) that is being added to the dependency chain.
1025000: system.cpu.iew: [tid:0] Issue: Adding PC (0x7ffff801f272=>0x7ffff801f275).(0=>1) [sn:1901] [tid:0] to IQ.
1025000: system.cpu.iq: Adding instruction [sn:1901] PC (0x7ffff801f272=>0x7ffff801f275).(0=>1) to the IQ.
1025000: system.cpu.iq: Instruction PC (0x7ffff801f272=>0x7ffff801f275).(0=>1) has src reg 133 (integer) that is being added to the dependency chain.
1025000: system.cpu.iq: Instruction PC (0x7ffff801f272=>0x7ffff801f275).(0=>1) has src reg 133 (integer) that is being added to the dependency chain.
1025000: system.cpu.iew: [tid:0] Issue: Adding PC (0x7ffff801f275=>0x7ffff801f277).(0=>1) [sn:1902] [tid:0] to IQ.
1025000: system.cpu.iq: Adding instruction [sn:1902] PC (0x7ffff801f275=>0x7ffff801f277).(0=>1) to the IQ.
1025000: system.cpu.iq: Instruction is ready to issue, putting it onto the ready list, PC (0x7ffff801f275=>0x7ffff801f277).(0=>1) opclass:1 [sn:1902].
1025000: system.cpu.iew: [tid:0] Issue: Adding PC (0x7ffff801f275=>0x7ffff801f277).(1=>2) [sn:1903] [tid:0] to IQ.
1025000: system.cpu.iq: Adding instruction [sn:1903] PC (0x7ffff801f275=>0x7ffff801f277).(1=>2) to the IQ.
1025000: system.cpu.iq: Instruction is ready to issue, putting it onto the ready list, PC (0x7ffff801f275=>0x7ffff801f277).(1=>2) opclass:1 [sn:1903].
1025000: system.cpu.iew: Execute: Executing instructions from IQ.
1025000: system.cpu.iew: Execute: Processing PC (0x7ffff801f275=>0x7ffff801f277).(2=>3), [tid:0] [sn:1878].
1025000: global: RegFile: Access to int register 136, has data 0x7ffff801f277
1025000: global: RegFile: Access to int register 135, has data 0x51
1025000: global: RegFile: Access to cc register 695 has data 0
1025000: global: RegFile: Access to cc register 696 has data 0
1025000: global: RegFile: Access to cc register 2 has data 0
1025000: global: RegFile: Access to cc register 3 has data 0
1025000: global: RegFile: Access to cc register 4 has data 0
1025000: system.cpu.iew: Adding instruction [sn:1878] to commit queue.
1025000: system.cpu.iew: Current wb cycle: 0, width: 19, numInst: 1
wbActual:1
1025000: system.cpu.iew: Execute: Executing instructions from IQ.
1025000: system.cpu.iew: Execute: Processing PC (0x7ffff801f27b=>0x7ffff801f27d).(2=>3), [tid:0] [sn:1883].
1025000: global: RegFile: Access to int register 124, has data 0x7ffff801f27d
1025000: global: RegFile: Access to int register 120, has data 0xffffffffffffffe9
1025000: global: RegFile: Access to cc register 697 has data 0x44
1025000: global: RegFile: Access to cc register 698 has data 0
1025000: global: RegFile: Access to cc register 2 has data 0
1025000: global: RegFile: Access to cc register 3 has data 0
1025000: global: RegFile: Access to cc register 4 has data 0
1025000: system.cpu.iew: Adding instruction [sn:1883] to commit queue.
1025000: system.cpu.iew: Current wb cycle: 0, width: 19, numInst: 2
wbActual:2
1025000: system.cpu.iew: Sending instructions to commit, [sn:1885] PC (0x7ffff801f26a=>0x7ffff801f26e).(0=>1).
1025000: system.cpu.iq: Waking dependents of completed instruction.
1025000: system.cpu.memDep0: Completed mem instruction PC (0x7ffff801f26a=>0x7ffff801f26e).(0=>1) [sn:1885].
1025000: system.cpu.iq: Completing mem instruction PC: (0x7ffff801f26a=>0x7ffff801f26e).(0=>1) [sn:1885]
1025000: system.cpu.iq: Waking any dependents on register 127 (integer).
1025000: system.cpu.iq: Waking up a dependent instruction, [sn:1897] PC (0x7ffff801f266=>0x7ffff801f26a).(0=>1).
1025000: global: [sn:1897] has 4 ready out of 4 sources. RTI 0)
1025000: system.cpu.iq: Checking if memory instruction can issue.
1025000: system.cpu.memDep0: Marking registers as ready for instruction PC (0x7ffff801f266=>0x7ffff801f26a).(0=>1) [sn:1897].
1025000: system.cpu.memDep0: Instruction has its memory dependencies resolved, adding it to the ready list.
1025000: system.cpu.memDep0: Adding instruction [sn:1897] to the ready list.
1025000: system.cpu.iq: Instruction is ready to issue, putting it onto the ready list, PC (0x7ffff801f266=>0x7ffff801f26a).(0=>1) opclass:53 [sn:1897].
1025000: system.cpu.iq: Waking up a dependent instruction, [sn:1893] PC (0x7ffff801f277=>0x7ffff801f27b).(1=>2).
1025000: global: [sn:1893] has 7 ready out of 7 sources. RTI 0)
1025000: system.cpu.iq: Instruction is ready to issue, putting it onto the ready list, PC (0x7ffff801f277=>0x7ffff801f27b).(1=>2) opclass:1 [sn:1893].
1025000: system.cpu.iq: Waking up a dependent instruction, [sn:1888] PC (0x7ffff801f272=>0x7ffff801f275).(0=>1).
1025000: global: [sn:1888] has 6 ready out of 7 sources. RTI 0)
1025000: system.cpu.iq: Waking up a dependent instruction, [sn:1888] PC (0x7ffff801f272=>0x7ffff801f275).(0=>1).
1025000: global: [sn:1888] has 7 ready out of 7 sources. RTI 0)
1025000: system.cpu.iq: Instruction is ready to issue, putting it onto the ready list, PC (0x7ffff801f272=>0x7ffff801f275).(0=>1) opclass:1 [sn:1888].
1025000: system.cpu.iew: Setting Destination Register 127 (integer)
1025000: system.cpu.scoreboard: Setting reg 127 (integer) as ready
1025000: system.cpu.iew: Sending instructions to commit, [sn:1878] PC (0x7ffff801f275=>0x7ffff801f277).(2=>3).
1025000: system.cpu.iq: Waking dependents of completed instruction.
1025000: system.cpu.iew: Sending instructions to commit, [sn:1883] PC (0x7ffff801f27b=>0x7ffff801f266).(2=>3).
1025000: system.cpu.iq: Waking dependents of completed instruction.
1025000: system.cpu.iq: Attempting to schedule ready instructions from the IQ.
1025000: system.cpu.iq: Thread 0: Issuing instruction PC (0x7ffff801f272=>0x7ffff801f275).(0=>1) [sn:1888]
1025000: system.cpu.iq: Thread 0: Issuing instruction PC (0x7ffff801f277=>0x7ffff801f27b).(1=>2) [sn:1893]
1025000: system.cpu.iq: Thread 0: Issuing instruction PC (0x7ffff801f27b=>0x7ffff801f27d).(0=>1) [sn:1894]
1025000: system.cpu.iq: Thread 0: Issuing instruction PC (0x7ffff801f27b=>0x7ffff801f27d).(1=>2) [sn:1895]
1025000: system.cpu.iq: Thread 0: Issuing instruction PC (0x7ffff801f266=>0x7ffff801f26a).(0=>1) [sn:1897]
1025000: system.cpu.memDep0: Issuing instruction PC 0x7ffff801f266 [sn:1897].
1025000: system.cpu.iq: Thread 0: Issuing instruction PC (0x7ffff801f26a=>0x7ffff801f26e).(0=>1) [sn:1898]
1025000: system.cpu.memDep0: Issuing instruction PC 0x7ffff801f26a [sn:1898].
1025000: system.cpu.iq: Thread 0: Issuing instruction PC (0x7ffff801f26e=>0x7ffff801f272).(0=>1) [sn:1899]
1025000: system.cpu.iq: Thread 0: Issuing instruction PC (0x7ffff801f275=>0x7ffff801f277).(0=>1) [sn:1902]
1025000: system.cpu.iq: Thread 0: Issuing instruction PC (0x7ffff801f275=>0x7ffff801f277).(1=>2) [sn:1903]
1025000: system.cpu.iew.lsq: [tid:0] Writing back stores. 5 stores available for Writeback.
1025000: system.cpu.iew: Processing [tid:0]
1025000: system.cpu.iew.lsq.thread0: LQ size: 132, #loads occupied: 3
1025000: system.cpu.iew.lsq.thread0: SQ size: 72, #stores occupied: 7
1025000: system.cpu.iew: [tid:0], Dispatch dispatched 10 instructions.
1025000: system.cpu.iew.lsq.thread0: SQ size: 72, #stores occupied: 7
1025000: system.cpu.iew.lsq.thread0: LQ size: 132, #loads occupied: 3
1025000: system.cpu.iew: IQ has 553 free entries (Can schedule: 0).  LQ has 129 free entries. SQ has 65 free entries.
1025000: system.cpu.iew: Activity this cycle.
1025000: system.cpu.commit: Getting instructions from Rename stage.
1025000: system.cpu.commit: [tid:0] [sn:1904] Inserting PC (0x7ffff801f275=>0x7ffff801f277).(2=>3) into ROB.
1025000: system.cpu.rob: Adding inst PC (0x7ffff801f275=>0x7ffff801f277).(2=>3) to the ROB.
1025000: system.cpu.rob: [tid:0] Now has 33 instructions.
1025000: system.cpu.commit: [tid:0] [sn:1905] Inserting PC (0x7ffff801f277=>0x7ffff801f27b).(0=>1) into ROB.
1025000: system.cpu.rob: Adding inst PC (0x7ffff801f277=>0x7ffff801f27b).(0=>1) to the ROB.
1025000: system.cpu.rob: [tid:0] Now has 34 instructions.
1025000: system.cpu.commit: [tid:0] [sn:1906] Inserting PC (0x7ffff801f277=>0x7ffff801f27b).(1=>2) into ROB.
1025000: system.cpu.rob: Adding inst PC (0x7ffff801f277=>0x7ffff801f27b).(1=>2) to the ROB.
1025000: system.cpu.rob: [tid:0] Now has 35 instructions.
1025000: system.cpu.commit: [tid:0] [sn:1907] Inserting PC (0x7ffff801f27b=>0x7ffff801f27d).(0=>1) into ROB.
1025000: system.cpu.rob: Adding inst PC (0x7ffff801f27b=>0x7ffff801f27d).(0=>1) to the ROB.
1025000: system.cpu.rob: [tid:0] Now has 36 instructions.
1025000: system.cpu.commit: [tid:0] [sn:1908] Inserting PC (0x7ffff801f27b=>0x7ffff801f27d).(1=>2) into ROB.
1025000: system.cpu.rob: Adding inst PC (0x7ffff801f27b=>0x7ffff801f27d).(1=>2) to the ROB.
1025000: system.cpu.rob: [tid:0] Now has 37 instructions.
1025000: system.cpu.commit: [tid:0] [sn:1909] Inserting PC (0x7ffff801f27b=>0x7ffff801f27d).(2=>3) into ROB.
1025000: system.cpu.rob: Adding inst PC (0x7ffff801f27b=>0x7ffff801f27d).(2=>3) to the ROB.
1025000: system.cpu.rob: [tid:0] Now has 38 instructions.
1025000: system.cpu.commit: [tid:0] [sn:1910] Inserting PC (0x7ffff801f266=>0x7ffff801f26a).(0=>1) into ROB.
1025000: system.cpu.rob: Adding inst PC (0x7ffff801f266=>0x7ffff801f26a).(0=>1) to the ROB.
1025000: system.cpu.rob: [tid:0] Now has 39 instructions.
1025000: system.cpu.commit: [tid:0] [sn:1911] Inserting PC (0x7ffff801f26a=>0x7ffff801f26e).(0=>1) into ROB.
1025000: system.cpu.rob: Adding inst PC (0x7ffff801f26a=>0x7ffff801f26e).(0=>1) to the ROB.
1025000: system.cpu.rob: [tid:0] Now has 40 instructions.
1025000: system.cpu.commit: [tid:0] [sn:1912] Inserting PC (0x7ffff801f26e=>0x7ffff801f272).(0=>1) into ROB.
1025000: system.cpu.rob: Adding inst PC (0x7ffff801f26e=>0x7ffff801f272).(0=>1) to the ROB.
1025000: system.cpu.rob: [tid:0] Now has 41 instructions.
1025000: system.cpu.commit: [tid:0] [sn:1913] Inserting PC (0x7ffff801f26e=>0x7ffff801f272).(1=>2) into ROB.
1025000: system.cpu.rob: Adding inst PC (0x7ffff801f26e=>0x7ffff801f272).(1=>2) to the ROB.
1025000: system.cpu.rob: [tid:0] Now has 42 instructions.
1025000: system.cpu.commit: Trying to commit instructions in the ROB.
1025000: system.cpu.commit: Trying to commit head instruction, [tid:0] [sn:1872]
1025000: system.cpu.commit: [tid:0] [sn:1872] Committing instruction with PC (0x7ffff801f26a=>0x7ffff801f26e).(0=>1)
1025000: system.cpu.rob: [tid:0] Retiring head instruction, instruction PC (0x7ffff801f26a=>0x7ffff801f26e).(0=>1), [sn:1872]
1025000: system.cpu: Removing committed instruction [tid:0] PC (0x7ffff801f26a=>0x7ffff801f26e).(0=>1) [sn:1872]
1025000: system.cpu.commit: MEM_TRACE_FILE environment variable not set. No predictions loaded.
1025000: system.cpu.commit: [tid:0] Marking PC (0x7ffff801f272=>0x7ffff801f275).(0=>1), [sn:1875] ready within ROB.
1025000: system.cpu.commit: [tid:0] Marking PC (0x7ffff801f277=>0x7ffff801f27b).(1=>2), [sn:1880] ready within ROB.
1025000: system.cpu.commit: [tid:0] Marking PC (0x7ffff801f266=>0x7ffff801f26a).(0=>1), [sn:1884] ready within ROB.
1025000: system.cpu.commit: [tid:0] Marking PC (0x7ffff801f26e=>0x7ffff801f272).(1=>2), [sn:1887] ready within ROB.
1025000: system.cpu.commit: [tid:0] Marking PC (0x7ffff801f277=>0x7ffff801f27b).(0=>1), [sn:1892] ready within ROB.
1025000: system.cpu.commit: [tid:0] Instruction [sn:1873] PC (0x7ffff801f26e=>0x7ffff801f272).(0=>1) is head of ROB and ready to commit
1025000: system.cpu.commit: [tid:0] ROB has 41 insts & 877 free entries.
1025000: system.cpu.commit: Activity This Cycle.
1025000: system.cpu: Activity: 12
1025000: system.cpu: Removing instruction, [tid:0] [sn:1872] PC (0x7ffff801f26a=>0x7ffff801f26e).(0=>1)
1025000: system.cpu: Scheduling next tick!
1026000: system.cpu.icache_port: Fetch unit received timing
1026000: system.cpu.fetch: [tid:0] Waking up from cache miss.
1026000: system.cpu: CPU already running.
1026000: system.cpu.fetch: [tid:0] Activating fetch due to cache completion
1026000: system.cpu.fetch: Activating stage.
1026000: system.cpu: Activity: 13
1026000: system.cpu: 

O3CPU: Ticking main, O3CPU.
1026000: system.cpu.fetch: Running stage.
1026000: system.cpu.fetch: Attempting to fetch from [tid:0]
1026000: system.cpu.fetch: [tid:0] Icache miss is complete.
1026000: system.cpu.fetch: [tid:0] Adding instructions to queue to decode.
1026000: system.cpu.decoder: Decode: Decoded lea instruction: 
{
	leg = 0,
	rex = 0x48,
	vex/xop = 0,
	op = {
		type = one byte,
		op = 0x8d,
		},
	modRM = 0xb8,
	sib = 0,
	immediate = 0,
	displacement = 0xffffffff90000000
	dispSize = 4}

1026000: global: DynInst: [sn:1936] Instruction created. Instcount for system.cpu = 70
1026000: system.cpu.fetch: [tid:0] Instruction PC (0x7ffff801f27d=>0x7ffff801f284).(0=>1) created [sn:1936].
1026000: system.cpu.fetch: [tid:0] Instruction is:   LEA_R_M : lea   rdi, DS:[rax + 0xffffffff90000000]
1026000: system.cpu.fetch: [tid:0] Fetch queue entry created (1/128).
1026000: system.cpu.decoder: Decode: Decoded cmp instruction: 
{
	leg = 0,
	rex = 0x48,
	vex/xop = 0,
	op = {
		type = one byte,
		op = 0x83,
		},
	modRM = 0xff,
	sib = 0,
	immediate = 0x3,
	displacement = 0
	dispSize = 0}

1026000: global: DynInst: [sn:1937] Instruction created. Instcount for system.cpu = 71
1026000: system.cpu.fetch: [tid:0] Instruction PC (0x7ffff801f284=>0x7ffff801f288).(0=>1) created [sn:1937].
1026000: system.cpu.fetch: [tid:0] Instruction is:   CMP_R_I : limm   t1, 0x3
1026000: system.cpu.fetch: [tid:0] Fetch queue entry created (2/128).
1026000: global: DynInst: [sn:1938] Instruction created. Instcount for system.cpu = 72
1026000: system.cpu.fetch: [tid:0] Instruction PC (0x7ffff801f284=>0x7ffff801f288).(1=>2) created [sn:1938].
1026000: system.cpu.fetch: [tid:0] Instruction is:   CMP_R_I : sub   t0, rdi, t1
1026000: system.cpu.fetch: [tid:0] Fetch queue entry created (3/128).
1026000: system.cpu.decoder: Decode: Decoded jbe instruction: 
{
	leg = 0,
	rex = 0,
	vex/xop = 0,
	op = {
		type = one byte,
		op = 0x76,
		},
	modRM = 0,
	sib = 0,
	immediate = 0xffffffffffffffd6,
	displacement = 0
	dispSize = 0}

1026000: global: DynInst: [sn:1939] Instruction created. Instcount for system.cpu = 73
1026000: system.cpu.fetch: [tid:0] Instruction PC (0x7ffff801f288=>0x7ffff801f28a).(0=>1) created [sn:1939].
1026000: system.cpu.fetch: [tid:0] Instruction is:   JBE_I : rdip   t1, t1
1026000: system.cpu.fetch: [tid:0] Fetch queue entry created (4/128).
1026000: global: DynInst: [sn:1940] Instruction created. Instcount for system.cpu = 74
1026000: system.cpu.fetch: [tid:0] Instruction PC (0x7ffff801f288=>0x7ffff801f28a).(1=>2) created [sn:1940].
1026000: system.cpu.fetch: [tid:0] Instruction is:   JBE_I : limm   t2, 0xffffffffffffffd6
1026000: system.cpu.fetch: [tid:0] Fetch queue entry created (5/128).
1026000: global: DynInst: [sn:1941] Instruction created. Instcount for system.cpu = 75
1026000: system.cpu.fetch: [tid:0] Instruction PC (0x7ffff801f288=>0x7ffff801f28a).(2=>3) created [sn:1941].
1026000: system.cpu.fetch: [tid:0] Instruction is:   JBE_I : wrip   t1, t2
1026000: system.cpu.fetch: [tid:0] Fetch queue entry created (6/128).
1026000: system.cpu.fetch: [tid:0] [sn:1941] Branch at PC 0x7ffff801f288 predicted to be not taken
1026000: system.cpu.fetch: [tid:0] [sn:1941] Branch at PC 0x7ffff801f288 predicted to go to (0x7ffff801f28a=>0x7ffff801f292).(0=>1)
1026000: system.cpu.decoder: Decode: Decoded mov instruction: 
{
	leg = 0,
	rex = 0x4c,
	vex/xop = 0,
	op = {
		type = one byte,
		op = 0x89,
		},
	modRM = 0xc7,
	sib = 0,
	immediate = 0,
	displacement = 0
	dispSize = 0}

1026000: global: DynInst: [sn:1942] Instruction created. Instcount for system.cpu = 76
1026000: system.cpu.fetch: [tid:0] Instruction PC (0x7ffff801f28a=>0x7ffff801f28d).(0=>1) created [sn:1942].
1026000: system.cpu.fetch: [tid:0] Instruction is:   MOV_R_R : mov   rdi, rdi, r8
1026000: system.cpu.fetch: [tid:0] Fetch queue entry created (7/128).
1026000: system.cpu.decoder: Decode: Decoded sub instruction: 
{
	leg = 0,
	rex = 0x48,
	vex/xop = 0,
	op = {
		type = one byte,
		op = 0x29,
		},
	modRM = 0xc7,
	sib = 0,
	immediate = 0,
	displacement = 0
	dispSize = 0}

1026000: global: DynInst: [sn:1943] Instruction created. Instcount for system.cpu = 77
1026000: system.cpu.fetch: [tid:0] Instruction PC (0x7ffff801f28d=>0x7ffff801f290).(0=>1) created [sn:1943].
1026000: system.cpu.fetch: [tid:0] Instruction is:   SUB_R_R : sub   rdi, rdi, rax
1026000: system.cpu.fetch: [tid:0] Fetch queue entry created (8/128).
1026000: system.cpu.decoder: Decode: Decoded cmp instruction: 
{
	leg = 0,
	rex = 0x48,
	vex/xop = 0,
	op = {
		type = one byte,
		op = 0x83,
		},
	modRM = 0xff,
	sib = 0,
	immediate = 0xf,
	displacement = 0
	dispSize = 0}

1026000: global: DynInst: [sn:1944] Instruction created. Instcount for system.cpu = 78
1026000: system.cpu.fetch: [tid:0] Instruction PC (0x7ffff801f290=>0x7ffff801f294).(0=>1) created [sn:1944].
1026000: system.cpu.fetch: [tid:0] Instruction is:   CMP_R_I : limm   t1, 0xf
1026000: system.cpu.fetch: [tid:0] Fetch queue entry created (9/128).
1026000: global: DynInst: [sn:1945] Instruction created. Instcount for system.cpu = 79
1026000: system.cpu.fetch: [tid:0] Instruction PC (0x7ffff801f290=>0x7ffff801f294).(1=>2) created [sn:1945].
1026000: system.cpu.fetch: [tid:0] Instruction is:   CMP_R_I : sub   t0, rdi, t1
1026000: system.cpu.fetch: [tid:0] Fetch queue entry created (10/128).
1026000: system.cpu.fetch: [tid:0] Done fetching, reached fetch bandwidth for this cycle.
1026000: system.cpu.fetch: [tid:0] [sn:1936] Sending instruction to decode from fetch queue. Fetch queue size: 10.
1026000: system.cpu.fetch: [tid:0] [sn:1937] Sending instruction to decode from fetch queue. Fetch queue size: 9.
1026000: system.cpu.fetch: [tid:0] [sn:1938] Sending instruction to decode from fetch queue. Fetch queue size: 8.
1026000: system.cpu.fetch: [tid:0] [sn:1939] Sending instruction to decode from fetch queue. Fetch queue size: 7.
1026000: system.cpu.fetch: [tid:0] [sn:1940] Sending instruction to decode from fetch queue. Fetch queue size: 6.
1026000: system.cpu.fetch: [tid:0] [sn:1941] Sending instruction to decode from fetch queue. Fetch queue size: 5.
1026000: system.cpu.fetch: [tid:0] [sn:1942] Sending instruction to decode from fetch queue. Fetch queue size: 4.
1026000: system.cpu.fetch: [tid:0] [sn:1943] Sending instruction to decode from fetch queue. Fetch queue size: 3.
1026000: system.cpu.fetch: [tid:0] [sn:1944] Sending instruction to decode from fetch queue. Fetch queue size: 2.
1026000: system.cpu.fetch: [tid:0] [sn:1945] Sending instruction to decode from fetch queue. Fetch queue size: 1.
1026000: system.cpu.fetch: Activity this cycle.
1026000: system.cpu: Activity: 14
1026000: system.cpu.decode: Processing [tid:0]
1026000: system.cpu.decode: [tid:0] Not blocked, so attempting to run stage.
1026000: system.cpu.decode: [tid:0] Sending instruction to rename.
1026000: system.cpu.decode: [tid:0] Processing instruction [sn:1934] with PC (0x7ffff801f27b=>0x7ffff801f27d).(1=>2)
1026000: system.cpu.decode: [tid:0] Processing instruction [sn:1935] with PC (0x7ffff801f27b=>0x7ffff801f27d).(2=>3)
1026000: system.cpu.decode: Activity this cycle.
1026000: system.cpu.rename: Processing [tid:0]
1026000: system.cpu.rename: [tid:0] Free IQ: 553, Free ROB: 877, Free LQ: 129, Free SQ: 65, FreeRM 127(847 870 917 1834 127 8 4561)
1026000: system.cpu.rename: [tid:0] 30 instructions not yet in ROB
1026000: system.cpu.rename: calcFreeLQEntries: free lqEntries: 129, loadsInProgress: 2, loads dispatchedToLQ: 1
1026000: system.cpu.rename: [tid:0] Not blocked, so attempting to run stage.
1026000: system.cpu.rename: [tid:0] 10 available instructions to send iew.
1026000: system.cpu.rename: [tid:0] 30 insts pipelining from Rename | 10 insts dispatched to IQ last cycle.
1026000: system.cpu.rename: [tid:0] Sending instructions to IEW.
1026000: system.cpu.rename: calcFreeLQEntries: free lqEntries: 129, loadsInProgress: 2, loads dispatchedToLQ: 1
1026000: system.cpu.rename: [tid:0] Processing instruction [sn:1924] with PC (0x7ffff801f26a=>0x7ffff801f26e).(0=>1).
1026000: system.cpu.rename: [tid:0] Looking up invalid arch reg 0, got phys reg 4294967295 (invalid)
1026000: system.cpu.rename: [tid:0] Register 4294967295 (flat: 4294967295) (invalid) is ready.
1026000: global: [sn:1924] has 1 ready out of 3 sources. RTI 0)
1026000: system.cpu.rename: [tid:0] Looking up integer arch reg 2, got phys reg 200 (integer)
1026000: system.cpu.rename: [tid:0] Register 200 (flat: 200) (integer) is not ready.
1026000: system.cpu.rename: [tid:0] Looking up miscellaneous arch reg 155, got phys reg 155 (miscellaneous)
1026000: system.cpu.rename: [tid:0] Register 155 (flat: 0) (miscellaneous) is ready.
1026000: global: [sn:1924] has 2 ready out of 3 sources. RTI 0)
1026000: global: Renamed reg rax to physical reg 194 (194) old mapping was 202 (202)
1026000: system.cpu.rename: [tid:0] Querying SMB Predictor for load [sn:1924] with PC (0x7ffff801f26a=>0x7ffff801f26e).(0=>1).
1026000: system.cpu.rename: [tid:0] Renaming arch reg 0 (integer) to physical reg 194 (194).
1026000: system.cpu.rename: [tid:0] [sn:1924] Adding instruction to history buffer (size=101).
1026000: system.cpu.rename: [tid:0] Sending instructions to IEW.
1026000: system.cpu.rename: [tid:0] Processing instruction [sn:1925] with PC (0x7ffff801f26e=>0x7ffff801f272).(0=>1).
1026000: global: Renamed reg t1 to physical reg 193 (193) old mapping was 196 (196)
1026000: system.cpu.rename: [tid:0] Renaming arch reg 17 (integer) to physical reg 193 (193).
1026000: system.cpu.rename: [tid:0] [sn:1925] Adding instruction to history buffer (size=102).
1026000: system.cpu.rename: [tid:0] Sending instructions to IEW.
1026000: system.cpu.rename: [tid:0] Processing instruction [sn:1926] with PC (0x7ffff801f26e=>0x7ffff801f272).(1=>2).
1026000: system.cpu.rename: [tid:0] Looking up integer arch reg 2, got phys reg 200 (integer)
1026000: system.cpu.rename: [tid:0] Register 200 (flat: 200) (integer) is not ready.
1026000: system.cpu.rename: [tid:0] Looking up integer arch reg 17, got phys reg 193 (integer)
1026000: system.cpu.rename: [tid:0] Register 193 (flat: 193) (integer) is not ready.
1026000: system.cpu.rename: [tid:0] Looking up invalid arch reg 0, got phys reg 4294967295 (invalid)
1026000: system.cpu.rename: [tid:0] Register 4294967295 (flat: 4294967295) (invalid) is ready.
1026000: global: [sn:1926] has 1 ready out of 7 sources. RTI 0)
1026000: system.cpu.rename: [tid:0] Looking up invalid arch reg 0, got phys reg 4294967295 (invalid)
1026000: system.cpu.rename: [tid:0] Register 4294967295 (flat: 4294967295) (invalid) is ready.
1026000: global: [sn:1926] has 2 ready out of 7 sources. RTI 0)
1026000: system.cpu.rename: [tid:0] Looking up invalid arch reg 0, got phys reg 4294967295 (invalid)
1026000: system.cpu.rename: [tid:0] Register 4294967295 (flat: 4294967295) (invalid) is ready.
1026000: global: [sn:1926] has 3 ready out of 7 sources. RTI 0)
1026000: system.cpu.rename: [tid:0] Looking up invalid arch reg 0, got phys reg 4294967295 (invalid)
1026000: system.cpu.rename: [tid:0] Register 4294967295 (flat: 4294967295) (invalid) is ready.
1026000: global: [sn:1926] has 4 ready out of 7 sources. RTI 0)
1026000: system.cpu.rename: [tid:0] Looking up invalid arch reg 0, got phys reg 4294967295 (invalid)
1026000: system.cpu.rename: [tid:0] Register 4294967295 (flat: 4294967295) (invalid) is ready.
1026000: global: [sn:1926] has 5 ready out of 7 sources. RTI 0)
1026000: global: Renamed reg rdx to physical reg 192 (192) old mapping was 200 (200)
1026000: system.cpu.rename: [tid:0] Renaming arch reg 2 (integer) to physical reg 192 (192).
1026000: system.cpu.rename: [tid:0] [sn:1926] Adding instruction to history buffer (size=103).
1026000: global: Renamed reg condition_code[0] to physical reg 5443 (5443) old mapping was 5441 (5441)
1026000: system.cpu.rename: [tid:0] Renaming arch reg 0 (condition_code) to physical reg 717 (5443).
1026000: system.cpu.rename: [tid:0] [sn:1926] Adding instruction to history buffer (size=104).
1026000: global: Renamed reg condition_code[1] to physical reg 5444 (5444) old mapping was 5442 (5442)
1026000: system.cpu.rename: [tid:0] Renaming arch reg 1 (condition_code) to physical reg 718 (5444).
1026000: system.cpu.rename: [tid:0] [sn:1926] Adding instruction to history buffer (size=105).
1026000: system.cpu.rename: [tid:0] Renaming arch reg 0 (invalid) to physical reg 4294967295 (4294967295).
1026000: system.cpu.rename: [tid:0] [sn:1926] Adding instruction to history buffer (size=106).
1026000: system.cpu.rename: [tid:0] Renaming arch reg 0 (invalid) to physical reg 4294967295 (4294967295).
1026000: system.cpu.rename: [tid:0] [sn:1926] Adding instruction to history buffer (size=107).
1026000: system.cpu.rename: [tid:0] Renaming arch reg 0 (invalid) to physical reg 4294967295 (4294967295).
1026000: system.cpu.rename: [tid:0] [sn:1926] Adding instruction to history buffer (size=108).
1026000: system.cpu.rename: [tid:0] Sending instructions to IEW.
1026000: system.cpu.rename: [tid:0] Processing instruction [sn:1927] with PC (0x7ffff801f272=>0x7ffff801f275).(0=>1).
1026000: system.cpu.rename: [tid:0] Looking up integer arch reg 0, got phys reg 194 (integer)
1026000: system.cpu.rename: [tid:0] Register 194 (flat: 194) (integer) is not ready.
1026000: system.cpu.rename: [tid:0] Looking up integer arch reg 0, got phys reg 194 (integer)
1026000: system.cpu.rename: [tid:0] Register 194 (flat: 194) (integer) is not ready.
1026000: system.cpu.rename: [tid:0] Looking up invalid arch reg 0, got phys reg 4294967295 (invalid)
1026000: system.cpu.rename: [tid:0] Register 4294967295 (flat: 4294967295) (invalid) is ready.
1026000: global: [sn:1927] has 1 ready out of 7 sources. RTI 0)
1026000: system.cpu.rename: [tid:0] Looking up invalid arch reg 0, got phys reg 4294967295 (invalid)
1026000: system.cpu.rename: [tid:0] Register 4294967295 (flat: 4294967295) (invalid) is ready.
1026000: global: [sn:1927] has 2 ready out of 7 sources. RTI 0)
1026000: system.cpu.rename: [tid:0] Looking up invalid arch reg 0, got phys reg 4294967295 (invalid)
1026000: system.cpu.rename: [tid:0] Register 4294967295 (flat: 4294967295) (invalid) is ready.
1026000: global: [sn:1927] has 3 ready out of 7 sources. RTI 0)
1026000: system.cpu.rename: [tid:0] Looking up invalid arch reg 0, got phys reg 4294967295 (invalid)
1026000: system.cpu.rename: [tid:0] Register 4294967295 (flat: 4294967295) (invalid) is ready.
1026000: global: [sn:1927] has 4 ready out of 7 sources. RTI 0)
1026000: system.cpu.rename: [tid:0] Looking up invalid arch reg 0, got phys reg 4294967295 (invalid)
1026000: system.cpu.rename: [tid:0] Register 4294967295 (flat: 4294967295) (invalid) is ready.
1026000: global: [sn:1927] has 5 ready out of 7 sources. RTI 0)
1026000: system.cpu.rename: [tid:0] Renaming arch reg 0 (invalid) to physical reg 4294967295 (4294967295).
1026000: system.cpu.rename: [tid:0] [sn:1927] Adding instruction to history buffer (size=109).
1026000: global: Renamed reg condition_code[0] to physical reg 5445 (5445) old mapping was 5443 (5443)
1026000: system.cpu.rename: [tid:0] Renaming arch reg 0 (condition_code) to physical reg 719 (5445).
1026000: system.cpu.rename: [tid:0] [sn:1927] Adding instruction to history buffer (size=110).
1026000: global: Renamed reg condition_code[1] to physical reg 5446 (5446) old mapping was 5444 (5444)
1026000: system.cpu.rename: [tid:0] Renaming arch reg 1 (condition_code) to physical reg 720 (5446).
1026000: system.cpu.rename: [tid:0] [sn:1927] Adding instruction to history buffer (size=111).
1026000: system.cpu.rename: [tid:0] Renaming arch reg 0 (invalid) to physical reg 4294967295 (4294967295).
1026000: system.cpu.rename: [tid:0] [sn:1927] Adding instruction to history buffer (size=112).
1026000: system.cpu.rename: [tid:0] Renaming arch reg 0 (invalid) to physical reg 4294967295 (4294967295).
1026000: system.cpu.rename: [tid:0] [sn:1927] Adding instruction to history buffer (size=113).
1026000: system.cpu.rename: [tid:0] Renaming arch reg 0 (invalid) to physical reg 4294967295 (4294967295).
1026000: system.cpu.rename: [tid:0] [sn:1927] Adding instruction to history buffer (size=114).
1026000: system.cpu.rename: [tid:0] Sending instructions to IEW.
1026000: system.cpu.rename: [tid:0] Processing instruction [sn:1928] with PC (0x7ffff801f275=>0x7ffff801f277).(0=>1).
1026000: system.cpu.rename: [tid:0] Looking up miscellaneous arch reg 153, got phys reg 153 (miscellaneous)
1026000: system.cpu.rename: [tid:0] Register 153 (flat: 0) (miscellaneous) is ready.
1026000: global: [sn:1928] has 1 ready out of 1 sources. RTI 0)
1026000: global: Renamed reg t1 to physical reg 191 (191) old mapping was 193 (193)
1026000: system.cpu.rename: [tid:0] Renaming arch reg 17 (integer) to physical reg 191 (191).
1026000: system.cpu.rename: [tid:0] [sn:1928] Adding instruction to history buffer (size=115).
1026000: system.cpu.rename: [tid:0] Sending instructions to IEW.
1026000: system.cpu.rename: [tid:0] Processing instruction [sn:1929] with PC (0x7ffff801f275=>0x7ffff801f277).(1=>2).
1026000: global: Renamed reg t2 to physical reg 190 (190) old mapping was 195 (195)
1026000: system.cpu.rename: [tid:0] Renaming arch reg 18 (integer) to physical reg 190 (190).
1026000: system.cpu.rename: [tid:0] [sn:1929] Adding instruction to history buffer (size=116).
1026000: system.cpu.rename: [tid:0] Sending instructions to IEW.
1026000: system.cpu.rename: [tid:0] Processing instruction [sn:1930] with PC (0x7ffff801f275=>0x7ffff801f277).(2=>3).
1026000: system.cpu.rename: [tid:0] Looking up integer arch reg 17, got phys reg 191 (integer)
1026000: system.cpu.rename: [tid:0] Register 191 (flat: 191) (integer) is not ready.
1026000: system.cpu.rename: [tid:0] Looking up integer arch reg 18, got phys reg 190 (integer)
1026000: system.cpu.rename: [tid:0] Register 190 (flat: 190) (integer) is not ready.
1026000: system.cpu.rename: [tid:0] Looking up condition_code arch reg 0, got phys reg 719 (condition_code)
1026000: system.cpu.rename: [tid:0] Register 719 (flat: 5445) (condition_code) is not ready.
1026000: system.cpu.rename: [tid:0] Looking up condition_code arch reg 1, got phys reg 720 (condition_code)
1026000: system.cpu.rename: [tid:0] Register 720 (flat: 5446) (condition_code) is not ready.
1026000: system.cpu.rename: [tid:0] Looking up condition_code arch reg 2, got phys reg 2 (condition_code)
1026000: system.cpu.rename: [tid:0] Register 2 (flat: 4728) (condition_code) is ready.
1026000: global: [sn:1930] has 1 ready out of 8 sources. RTI 0)
1026000: system.cpu.rename: [tid:0] Looking up condition_code arch reg 3, got phys reg 3 (condition_code)
1026000: system.cpu.rename: [tid:0] Register 3 (flat: 4729) (condition_code) is ready.
1026000: global: [sn:1930] has 2 ready out of 8 sources. RTI 0)
1026000: system.cpu.rename: [tid:0] Looking up condition_code arch reg 4, got phys reg 4 (condition_code)
1026000: system.cpu.rename: [tid:0] Register 4 (flat: 4730) (condition_code) is ready.
1026000: global: [sn:1930] has 3 ready out of 8 sources. RTI 0)
1026000: system.cpu.rename: [tid:0] Looking up miscellaneous arch reg 153, got phys reg 153 (miscellaneous)
1026000: system.cpu.rename: [tid:0] Register 153 (flat: 0) (miscellaneous) is ready.
1026000: global: [sn:1930] has 4 ready out of 8 sources. RTI 0)
1026000: system.cpu.rename: [tid:0] Sending instructions to IEW.
1026000: system.cpu.rename: [tid:0] Processing instruction [sn:1931] with PC (0x7ffff801f277=>0x7ffff801f27b).(0=>1).
1026000: global: Renamed reg t1 to physical reg 189 (189) old mapping was 191 (191)
1026000: system.cpu.rename: [tid:0] Renaming arch reg 17 (integer) to physical reg 189 (189).
1026000: system.cpu.rename: [tid:0] [sn:1931] Adding instruction to history buffer (size=117).
1026000: system.cpu.rename: [tid:0] Sending instructions to IEW.
1026000: system.cpu.rename: [tid:0] Processing instruction [sn:1932] with PC (0x7ffff801f277=>0x7ffff801f27b).(1=>2).
1026000: system.cpu.rename: [tid:0] Looking up integer arch reg 0, got phys reg 194 (integer)
1026000: system.cpu.rename: [tid:0] Register 194 (flat: 194) (integer) is not ready.
1026000: system.cpu.rename: [tid:0] Looking up integer arch reg 17, got phys reg 189 (integer)
1026000: system.cpu.rename: [tid:0] Register 189 (flat: 189) (integer) is not ready.
1026000: system.cpu.rename: [tid:0] Looking up invalid arch reg 0, got phys reg 4294967295 (invalid)
1026000: system.cpu.rename: [tid:0] Register 4294967295 (flat: 4294967295) (invalid) is ready.
1026000: global: [sn:1932] has 1 ready out of 7 sources. RTI 0)
1026000: system.cpu.rename: [tid:0] Looking up invalid arch reg 0, got phys reg 4294967295 (invalid)
1026000: system.cpu.rename: [tid:0] Register 4294967295 (flat: 4294967295) (invalid) is ready.
1026000: global: [sn:1932] has 2 ready out of 7 sources. RTI 0)
1026000: system.cpu.rename: [tid:0] Looking up invalid arch reg 0, got phys reg 4294967295 (invalid)
1026000: system.cpu.rename: [tid:0] Register 4294967295 (flat: 4294967295) (invalid) is ready.
1026000: global: [sn:1932] has 3 ready out of 7 sources. RTI 0)
1026000: system.cpu.rename: [tid:0] Looking up invalid arch reg 0, got phys reg 4294967295 (invalid)
1026000: system.cpu.rename: [tid:0] Register 4294967295 (flat: 4294967295) (invalid) is ready.
1026000: global: [sn:1932] has 4 ready out of 7 sources. RTI 0)
1026000: system.cpu.rename: [tid:0] Looking up invalid arch reg 0, got phys reg 4294967295 (invalid)
1026000: system.cpu.rename: [tid:0] Register 4294967295 (flat: 4294967295) (invalid) is ready.
1026000: global: [sn:1932] has 5 ready out of 7 sources. RTI 0)
1026000: system.cpu.rename: [tid:0] Renaming arch reg 0 (invalid) to physical reg 4294967295 (4294967295).
1026000: system.cpu.rename: [tid:0] [sn:1932] Adding instruction to history buffer (size=118).
1026000: global: Renamed reg condition_code[0] to physical reg 5447 (5447) old mapping was 5445 (5445)
1026000: system.cpu.rename: [tid:0] Renaming arch reg 0 (condition_code) to physical reg 721 (5447).
1026000: system.cpu.rename: [tid:0] [sn:1932] Adding instruction to history buffer (size=119).
1026000: global: Renamed reg condition_code[1] to physical reg 5448 (5448) old mapping was 5446 (5446)
1026000: system.cpu.rename: [tid:0] Renaming arch reg 1 (condition_code) to physical reg 722 (5448).
1026000: system.cpu.rename: [tid:0] [sn:1932] Adding instruction to history buffer (size=120).
1026000: system.cpu.rename: [tid:0] Renaming arch reg 0 (invalid) to physical reg 4294967295 (4294967295).
1026000: system.cpu.rename: [tid:0] [sn:1932] Adding instruction to history buffer (size=121).
1026000: system.cpu.rename: [tid:0] Renaming arch reg 0 (invalid) to physical reg 4294967295 (4294967295).
1026000: system.cpu.rename: [tid:0] [sn:1932] Adding instruction to history buffer (size=122).
1026000: system.cpu.rename: [tid:0] Renaming arch reg 0 (invalid) to physical reg 4294967295 (4294967295).
1026000: system.cpu.rename: [tid:0] [sn:1932] Adding instruction to history buffer (size=123).
1026000: system.cpu.rename: [tid:0] Sending instructions to IEW.
1026000: system.cpu.rename: [tid:0] Processing instruction [sn:1933] with PC (0x7ffff801f27b=>0x7ffff801f27d).(0=>1).
1026000: system.cpu.rename: [tid:0] Looking up miscellaneous arch reg 153, got phys reg 153 (miscellaneous)
1026000: system.cpu.rename: [tid:0] Register 153 (flat: 0) (miscellaneous) is ready.
1026000: global: [sn:1933] has 1 ready out of 1 sources. RTI 0)
1026000: global: Renamed reg t1 to physical reg 188 (188) old mapping was 189 (189)
1026000: system.cpu.rename: [tid:0] Renaming arch reg 17 (integer) to physical reg 188 (188).
1026000: system.cpu.rename: [tid:0] [sn:1933] Adding instruction to history buffer (size=124).
1026000: system.cpu.rename: Activity this cycle.
1026000: system.cpu.rename: [tid:0] Removing a committed instruction from the history buffer 0 (size=124), until [sn:1872].
1026000: system.cpu.rename: [tid:0] Attempting to free older rename of reg 110 (integer), [sn:1872].
1026000: system.cpu.iew: Issue: Processing [tid:0]
1026000: system.cpu.iew: [tid:0] Not blocked, so attempting to run dispatch.
1026000: system.cpu.iew: [tid:0] Issue: Adding PC (0x7ffff801f275=>0x7ffff801f277).(2=>3) [sn:1904] [tid:0] to IQ.
1026000: system.cpu.iq: Adding instruction [sn:1904] PC (0x7ffff801f275=>0x7ffff801f277).(2=>3) to the IQ.
1026000: system.cpu.iq: Instruction PC (0x7ffff801f275=>0x7ffff801f277).(2=>3) has src reg 207 (integer) that is being added to the dependency chain.
1026000: system.cpu.iq: Instruction PC (0x7ffff801f275=>0x7ffff801f277).(2=>3) has src reg 206 (integer) that is being added to the dependency chain.
1026000: system.cpu.iq: Instruction PC (0x7ffff801f275=>0x7ffff801f277).(2=>3) has src reg 707 (condition_code) that is being added to the dependency chain.
1026000: system.cpu.iq: Instruction PC (0x7ffff801f275=>0x7ffff801f277).(2=>3) has src reg 708 (condition_code) that is being added to the dependency chain.
1026000: system.cpu.iew: [tid:0] Issue: Adding PC (0x7ffff801f277=>0x7ffff801f27b).(0=>1) [sn:1905] [tid:0] to IQ.
1026000: system.cpu.iq: Adding instruction [sn:1905] PC (0x7ffff801f277=>0x7ffff801f27b).(0=>1) to the IQ.
1026000: system.cpu.iq: Instruction is ready to issue, putting it onto the ready list, PC (0x7ffff801f277=>0x7ffff801f27b).(0=>1) opclass:1 [sn:1905].
1026000: system.cpu.iew: [tid:0] Issue: Adding PC (0x7ffff801f277=>0x7ffff801f27b).(1=>2) [sn:1906] [tid:0] to IQ.
1026000: system.cpu.iq: Adding instruction [sn:1906] PC (0x7ffff801f277=>0x7ffff801f27b).(1=>2) to the IQ.
1026000: system.cpu.iq: Instruction PC (0x7ffff801f277=>0x7ffff801f27b).(1=>2) has src reg 133 (integer) that is being added to the dependency chain.
1026000: system.cpu.iq: Instruction PC (0x7ffff801f277=>0x7ffff801f27b).(1=>2) has src reg 205 (integer) that is being added to the dependency chain.
1026000: system.cpu.iew: [tid:0] Issue: Adding PC (0x7ffff801f27b=>0x7ffff801f27d).(0=>1) [sn:1907] [tid:0] to IQ.
1026000: system.cpu.iq: Adding instruction [sn:1907] PC (0x7ffff801f27b=>0x7ffff801f27d).(0=>1) to the IQ.
1026000: system.cpu.iq: Instruction is ready to issue, putting it onto the ready list, PC (0x7ffff801f27b=>0x7ffff801f27d).(0=>1) opclass:1 [sn:1907].
1026000: system.cpu.iew: [tid:0] Issue: Adding PC (0x7ffff801f27b=>0x7ffff801f27d).(1=>2) [sn:1908] [tid:0] to IQ.
1026000: system.cpu.iq: Adding instruction [sn:1908] PC (0x7ffff801f27b=>0x7ffff801f27d).(1=>2) to the IQ.
1026000: system.cpu.iq: Instruction is ready to issue, putting it onto the ready list, PC (0x7ffff801f27b=>0x7ffff801f27d).(1=>2) opclass:1 [sn:1908].
1026000: system.cpu.iew: [tid:0] Issue: Adding PC (0x7ffff801f27b=>0x7ffff801f27d).(2=>3) [sn:1909] [tid:0] to IQ.
1026000: system.cpu.iq: Adding instruction [sn:1909] PC (0x7ffff801f27b=>0x7ffff801f27d).(2=>3) to the IQ.
1026000: system.cpu.iq: Instruction PC (0x7ffff801f27b=>0x7ffff801f27d).(2=>3) has src reg 204 (integer) that is being added to the dependency chain.
1026000: system.cpu.iq: Instruction PC (0x7ffff801f27b=>0x7ffff801f27d).(2=>3) has src reg 203 (integer) that is being added to the dependency chain.
1026000: system.cpu.iq: Instruction PC (0x7ffff801f27b=>0x7ffff801f27d).(2=>3) has src reg 709 (condition_code) that is being added to the dependency chain.
1026000: system.cpu.iq: Instruction PC (0x7ffff801f27b=>0x7ffff801f27d).(2=>3) has src reg 710 (condition_code) that is being added to the dependency chain.
1026000: system.cpu.iew: [tid:0] Issue: Adding PC (0x7ffff801f266=>0x7ffff801f26a).(0=>1) [sn:1910] [tid:0] to IQ.
1026000: system.cpu.iew: [tid:0] Issue: Memory instruction encountered, adding to LSQ.
1026000: system.cpu.iew.lsq.thread0: Inserting store PC (0x7ffff801f266=>0x7ffff801f26a).(0=>1), idx:33 [sn:1910]
1026000: system.cpu.iq: Adding instruction [sn:1910] PC (0x7ffff801f266=>0x7ffff801f26a).(0=>1) to the IQ.
1026000: system.cpu.iq: Instruction PC (0x7ffff801f266=>0x7ffff801f26a).(0=>1) has src reg 133 (integer) that is being added to the dependency chain.
1026000: system.cpu.iq: Instruction PC (0x7ffff801f266=>0x7ffff801f26a).(0=>1) has src reg 208 (integer) that is being added to the dependency chain.
1026000: system.cpu.memDep0: No dependency for inst PC (0x7ffff801f266=>0x7ffff801f26a).(0=>1) [sn:1910].
1026000: system.cpu.memDep0: Inserting store/atomic PC (0x7ffff801f266=>0x7ffff801f26a).(0=>1) [sn:1910].
1026000: system.cpu.iew: [tid:0] Issue: Adding PC (0x7ffff801f26a=>0x7ffff801f26e).(0=>1) [sn:1911] [tid:0] to IQ.
1026000: system.cpu.iew: [tid:0] Issue: Memory instruction encountered, adding to LSQ.
1026000: system.cpu.iew.lsq.thread0: Inserting load PC (0x7ffff801f26a=>0x7ffff801f26e).(0=>1), idx:21 [sn:1911]
1026000: system.cpu.iq: Adding instruction [sn:1911] PC (0x7ffff801f26a=>0x7ffff801f26e).(0=>1) to the IQ.
1026000: system.cpu.iq: Instruction PC (0x7ffff801f26a=>0x7ffff801f26e).(0=>1) has src reg 208 (integer) that is being added to the dependency chain.
1026000: system.cpu.memDep0: No dependency for inst PC (0x7ffff801f26a=>0x7ffff801f26e).(0=>1) [sn:1911].
1026000: system.cpu.iew: [tid:0] Issue: Adding PC (0x7ffff801f26e=>0x7ffff801f272).(0=>1) [sn:1912] [tid:0] to IQ.
1026000: system.cpu.iq: Adding instruction [sn:1912] PC (0x7ffff801f26e=>0x7ffff801f272).(0=>1) to the IQ.
1026000: system.cpu.iq: Instruction is ready to issue, putting it onto the ready list, PC (0x7ffff801f26e=>0x7ffff801f272).(0=>1) opclass:1 [sn:1912].
1026000: system.cpu.iew: [tid:0] Issue: Adding PC (0x7ffff801f26e=>0x7ffff801f272).(1=>2) [sn:1913] [tid:0] to IQ.
1026000: system.cpu.iq: Adding instruction [sn:1913] PC (0x7ffff801f26e=>0x7ffff801f272).(1=>2) to the IQ.
1026000: system.cpu.iq: Instruction PC (0x7ffff801f26e=>0x7ffff801f272).(1=>2) has src reg 208 (integer) that is being added to the dependency chain.
1026000: system.cpu.iq: Instruction PC (0x7ffff801f26e=>0x7ffff801f272).(1=>2) has src reg 201 (integer) that is being added to the dependency chain.
1026000: system.cpu.iew: Execute: Executing instructions from IQ.
1026000: system.cpu.iew: Execute: Processing PC (0x7ffff801f272=>0x7ffff801f275).(0=>1), [tid:0] [sn:1888].
1026000: global: RegFile: Access to int register 127, has data 0
1026000: global: RegFile: Access to int register 127, has data 0
1026000: global: RegFile: Setting cc register 701 to 0x44
1026000: global: RegFile: Setting cc register 702 to 0
1026000: system.cpu.iew: Adding instruction [sn:1888] to commit queue.
1026000: system.cpu.iew: Current wb cycle: 0, width: 19, numInst: 0
wbActual:0
1026000: system.cpu.iew: Execute: Executing instructions from IQ.
1026000: system.cpu.iew: Execute: Processing PC (0x7ffff801f277=>0x7ffff801f27b).(1=>2), [tid:0] [sn:1893].
1026000: global: RegFile: Access to int register 127, has data 0
1026000: global: RegFile: Access to int register 39, has data 0x25
1026000: global: RegFile: Setting cc register 703 to 0x94
1026000: global: RegFile: Setting cc register 704 to 0x1
1026000: system.cpu.iew: Adding instruction [sn:1893] to commit queue.
1026000: system.cpu.iew: Current wb cycle: 0, width: 19, numInst: 1
wbActual:1
1026000: system.cpu.iew: Execute: Executing instructions from IQ.
1026000: system.cpu.iew: Execute: Processing PC (0x7ffff801f27b=>0x7ffff801f27d).(0=>1), [tid:0] [sn:1894].
1026000: global: RegFile: Setting int register 132 to 0x7ffff801f27d
1026000: system.cpu.iew: Adding instruction [sn:1894] to commit queue.
1026000: system.cpu.iew: Current wb cycle: 0, width: 19, numInst: 2
wbActual:2
1026000: system.cpu.iew: Execute: Executing instructions from IQ.
1026000: system.cpu.iew: Execute: Processing PC (0x7ffff801f27b=>0x7ffff801f27d).(1=>2), [tid:0] [sn:1895].
1026000: global: RegFile: Setting int register 167 to 0xffffffffffffffe9
1026000: system.cpu.iew: Adding instruction [sn:1895] to commit queue.
1026000: system.cpu.iew: Current wb cycle: 0, width: 19, numInst: 3
wbActual:3
1026000: system.cpu.iew: Execute: Executing instructions from IQ.
1026000: system.cpu.iew: Execute: Processing PC (0x7ffff801f266=>0x7ffff801f26a).(0=>1), [tid:0] [sn:1897].
1026000: system.cpu.iew: Execute: Calculating address for memory reference.
1026000: system.cpu.iew.lsq.thread0: Executing store PC (0x7ffff801f266=>0x7ffff801f26a).(0=>1) [sn:1897]
1026000: global: RegFile: Access to int register 127, has data 0
1026000: global: RegFile: Access to int register 64, has data 0x7ffff8037af0
1026000: global: RegFile: Access to int register 129, has data 0x7ffff8036f78
1026000: system.cpu.iew.lsq.thread0: Doing write to store idx 32, addr 0x19eaf0 | storeHead:26 [sn:1897]
1026000: system.cpu.iew: Adding instruction [sn:1897] to commit queue.
1026000: system.cpu.iew: Current wb cycle: 0, width: 19, numInst: 4
wbActual:4
1026000: system.cpu.iew: Activity this cycle.
1026000: system.cpu.iew: Execute: Executing instructions from IQ.
1026000: system.cpu.iew: Execute: Processing PC (0x7ffff801f26a=>0x7ffff801f26e).(0=>1), [tid:0] [sn:1898].
1026000: system.cpu.iew: Execute: Calculating address for memory reference.
1026000: system.cpu.iew.lsq.thread0: Executing load PC (0x7ffff801f26a=>0x7ffff801f26e).(0=>1), [sn:1898]
1026000: global: RegFile: Access to int register 129, has data 0x7ffff8036f78
1026000: system.cpu.iew.lsq.thread0: Read called, load idx: 20, store idx: 34, storeHead: 26 addr: 0x19df88
1026000: system.cpu.iew.lsq.thread0: Doing memory access for inst [sn:1898] PC (0x7ffff801f26a=>0x7ffff801f26e).(0=>1)
1026000: system.cpu.iew.lsq.thread0: Memory request (pkt: ReadResp [19df88:19df8f]) from inst [sn:1898] was sent (cache is blocked: 0, cache_got_blocked: 0)
1026000: system.cpu.iew: Execute: Executing instructions from IQ.
1026000: system.cpu.iew: Execute: Processing PC (0x7ffff801f26e=>0x7ffff801f272).(0=>1), [tid:0] [sn:1899].
1026000: global: RegFile: Setting int register 209 to 0x10
1026000: system.cpu.iew: Adding instruction [sn:1899] to commit queue.
1026000: system.cpu.iew: Current wb cycle: 0, width: 19, numInst: 5
wbActual:5
1026000: system.cpu.iew: Execute: Executing instructions from IQ.
1026000: system.cpu.iew: Execute: Processing PC (0x7ffff801f275=>0x7ffff801f277).(0=>1), [tid:0] [sn:1902].
1026000: global: RegFile: Setting int register 207 to 0x7ffff801f277
1026000: system.cpu.iew: Adding instruction [sn:1902] to commit queue.
1026000: system.cpu.iew: Current wb cycle: 0, width: 19, numInst: 6
wbActual:6
1026000: system.cpu.iew: Execute: Executing instructions from IQ.
1026000: system.cpu.iew: Execute: Processing PC (0x7ffff801f275=>0x7ffff801f277).(1=>2), [tid:0] [sn:1903].
1026000: global: RegFile: Setting int register 206 to 0x51
1026000: system.cpu.iew: Adding instruction [sn:1903] to commit queue.
1026000: system.cpu.iew: Current wb cycle: 0, width: 19, numInst: 7
wbActual:7
1026000: system.cpu.iew: Sending instructions to commit, [sn:1888] PC (0x7ffff801f272=>0x7ffff801f275).(0=>1).
1026000: system.cpu.iq: Waking dependents of completed instruction.
1026000: system.cpu.iq: Reg 4294967295 [invalid] is part of a fix mapping, skipping
1026000: system.cpu.iq: Waking any dependents on register 701 (condition_code).
1026000: system.cpu.iq: Waking up a dependent instruction, [sn:1891] PC (0x7ffff801f275=>0x7ffff801f277).(2=>3).
1026000: global: [sn:1891] has 7 ready out of 8 sources. RTI 0)
1026000: system.cpu.iq: Waking any dependents on register 702 (condition_code).
1026000: system.cpu.iq: Waking up a dependent instruction, [sn:1891] PC (0x7ffff801f275=>0x7ffff801f277).(2=>3).
1026000: global: [sn:1891] has 8 ready out of 8 sources. RTI 0)
1026000: system.cpu.iq: Instruction is ready to issue, putting it onto the ready list, PC (0x7ffff801f275=>0x7ffff801f277).(2=>3) opclass:1 [sn:1891].
1026000: system.cpu.iq: Reg 4294967295 [invalid] is part of a fix mapping, skipping
1026000: system.cpu.iq: Reg 4294967295 [invalid] is part of a fix mapping, skipping
1026000: system.cpu.iq: Reg 4294967295 [invalid] is part of a fix mapping, skipping
1026000: system.cpu.iew: Setting Destination Register 4294967295 (invalid)
1026000: system.cpu.iew: Setting Destination Register 701 (condition_code)
1026000: system.cpu.scoreboard: Setting reg 701 (condition_code) as ready
1026000: system.cpu.iew: Setting Destination Register 702 (condition_code)
1026000: system.cpu.scoreboard: Setting reg 702 (condition_code) as ready
1026000: system.cpu.iew: Setting Destination Register 4294967295 (invalid)
1026000: system.cpu.iew: Setting Destination Register 4294967295 (invalid)
1026000: system.cpu.iew: Setting Destination Register 4294967295 (invalid)
1026000: system.cpu.iew: Sending instructions to commit, [sn:1893] PC (0x7ffff801f277=>0x7ffff801f27b).(1=>2).
1026000: system.cpu.iq: Waking dependents of completed instruction.
1026000: system.cpu.iq: Reg 4294967295 [invalid] is part of a fix mapping, skipping
1026000: system.cpu.iq: Waking any dependents on register 703 (condition_code).
1026000: system.cpu.iq: Waking up a dependent instruction, [sn:1896] PC (0x7ffff801f27b=>0x7ffff801f27d).(2=>3).
1026000: global: [sn:1896] has 5 ready out of 8 sources. RTI 0)
1026000: system.cpu.iq: Waking any dependents on register 704 (condition_code).
1026000: system.cpu.iq: Waking up a dependent instruction, [sn:1896] PC (0x7ffff801f27b=>0x7ffff801f27d).(2=>3).
1026000: global: [sn:1896] has 6 ready out of 8 sources. RTI 0)
1026000: system.cpu.iq: Reg 4294967295 [invalid] is part of a fix mapping, skipping
1026000: system.cpu.iq: Reg 4294967295 [invalid] is part of a fix mapping, skipping
1026000: system.cpu.iq: Reg 4294967295 [invalid] is part of a fix mapping, skipping
1026000: system.cpu.iew: Setting Destination Register 4294967295 (invalid)
1026000: system.cpu.iew: Setting Destination Register 703 (condition_code)
1026000: system.cpu.scoreboard: Setting reg 703 (condition_code) as ready
1026000: system.cpu.iew: Setting Destination Register 704 (condition_code)
1026000: system.cpu.scoreboard: Setting reg 704 (condition_code) as ready
1026000: system.cpu.iew: Setting Destination Register 4294967295 (invalid)
1026000: system.cpu.iew: Setting Destination Register 4294967295 (invalid)
1026000: system.cpu.iew: Setting Destination Register 4294967295 (invalid)
1026000: system.cpu.iew: Sending instructions to commit, [sn:1894] PC (0x7ffff801f27b=>0x7ffff801f27d).(0=>1).
1026000: system.cpu.iq: Waking dependents of completed instruction.
1026000: system.cpu.iq: Waking any dependents on register 132 (integer).
1026000: system.cpu.iq: Waking up a dependent instruction, [sn:1896] PC (0x7ffff801f27b=>0x7ffff801f27d).(2=>3).
1026000: global: [sn:1896] has 7 ready out of 8 sources. RTI 0)
1026000: system.cpu.iew: Setting Destination Register 132 (integer)
1026000: system.cpu.scoreboard: Setting reg 132 (integer) as ready
1026000: system.cpu.iew: Sending instructions to commit, [sn:1895] PC (0x7ffff801f27b=>0x7ffff801f27d).(1=>2).
1026000: system.cpu.iq: Waking dependents of completed instruction.
1026000: system.cpu.iq: Waking any dependents on register 167 (integer).
1026000: system.cpu.iq: Waking up a dependent instruction, [sn:1896] PC (0x7ffff801f27b=>0x7ffff801f27d).(2=>3).
1026000: global: [sn:1896] has 8 ready out of 8 sources. RTI 0)
1026000: system.cpu.iq: Instruction is ready to issue, putting it onto the ready list, PC (0x7ffff801f27b=>0x7ffff801f27d).(2=>3) opclass:1 [sn:1896].
1026000: system.cpu.iew: Setting Destination Register 167 (integer)
1026000: system.cpu.scoreboard: Setting reg 167 (integer) as ready
1026000: system.cpu.iew: Sending instructions to commit, [sn:1897] PC (0x7ffff801f266=>0x7ffff801f26a).(0=>1).
1026000: system.cpu.iq: Waking dependents of completed instruction.
1026000: system.cpu.memDep0: Completed mem instruction PC (0x7ffff801f266=>0x7ffff801f26a).(0=>1) [sn:1897].
1026000: system.cpu.iq: Completing mem instruction PC: (0x7ffff801f266=>0x7ffff801f26a).(0=>1) [sn:1897]
1026000: system.cpu.iew: Sending instructions to commit, [sn:1899] PC (0x7ffff801f26e=>0x7ffff801f272).(0=>1).
1026000: system.cpu.iq: Waking dependents of completed instruction.
1026000: system.cpu.iq: Waking any dependents on register 209 (integer).
1026000: system.cpu.iq: Waking up a dependent instruction, [sn:1900] PC (0x7ffff801f26e=>0x7ffff801f272).(1=>2).
1026000: global: [sn:1900] has 7 ready out of 7 sources. RTI 0)
1026000: system.cpu.iq: Instruction is ready to issue, putting it onto the ready list, PC (0x7ffff801f26e=>0x7ffff801f272).(1=>2) opclass:1 [sn:1900].
1026000: system.cpu.iew: Setting Destination Register 209 (integer)
1026000: system.cpu.scoreboard: Setting reg 209 (integer) as ready
1026000: system.cpu.iew: Sending instructions to commit, [sn:1902] PC (0x7ffff801f275=>0x7ffff801f277).(0=>1).
1026000: system.cpu.iq: Waking dependents of completed instruction.
1026000: system.cpu.iq: Waking any dependents on register 207 (integer).
1026000: system.cpu.iq: Waking up a dependent instruction, [sn:1904] PC (0x7ffff801f275=>0x7ffff801f277).(2=>3).
1026000: global: [sn:1904] has 5 ready out of 8 sources. RTI 0)
1026000: system.cpu.iew: Setting Destination Register 207 (integer)
1026000: system.cpu.scoreboard: Setting reg 207 (integer) as ready
1026000: system.cpu.iew: Sending instructions to commit, [sn:1903] PC (0x7ffff801f275=>0x7ffff801f277).(1=>2).
1026000: system.cpu.iq: Waking dependents of completed instruction.
1026000: system.cpu.iq: Waking any dependents on register 206 (integer).
1026000: system.cpu.iq: Waking up a dependent instruction, [sn:1904] PC (0x7ffff801f275=>0x7ffff801f277).(2=>3).
1026000: global: [sn:1904] has 6 ready out of 8 sources. RTI 0)
1026000: system.cpu.iew: Setting Destination Register 206 (integer)
1026000: system.cpu.scoreboard: Setting reg 206 (integer) as ready
1026000: system.cpu.iq: Attempting to schedule ready instructions from the IQ.
1026000: system.cpu.iq: Thread 0: Issuing instruction PC (0x7ffff801f275=>0x7ffff801f277).(2=>3) [sn:1891]
1026000: system.cpu.iq: Thread 0: Issuing instruction PC (0x7ffff801f27b=>0x7ffff801f27d).(2=>3) [sn:1896]
1026000: system.cpu.iq: Thread 0: Issuing instruction PC (0x7ffff801f26e=>0x7ffff801f272).(1=>2) [sn:1900]
1026000: system.cpu.iq: Thread 0: Issuing instruction PC (0x7ffff801f277=>0x7ffff801f27b).(0=>1) [sn:1905]
1026000: system.cpu.iq: Thread 0: Issuing instruction PC (0x7ffff801f27b=>0x7ffff801f27d).(0=>1) [sn:1907]
1026000: system.cpu.iq: Thread 0: Issuing instruction PC (0x7ffff801f27b=>0x7ffff801f27d).(1=>2) [sn:1908]
1026000: system.cpu.iq: Thread 0: Issuing instruction PC (0x7ffff801f26e=>0x7ffff801f272).(0=>1) [sn:1912]
1026000: system.cpu.iew.lsq: [tid:0] Writing back stores. 5 stores available for Writeback.
1026000: system.cpu.iew: Processing [tid:0]
1026000: system.cpu.iew.lsq.thread0: Committing head load instruction, PC (0x7ffff801f26a=>0x7ffff801f26e).(0=>1)
1026000: system.cpu.iq: [tid:0] Committing instructions older than [sn:1872]
1026000: system.cpu.iew.lsq.thread0: LQ size: 132, #loads occupied: 3
1026000: system.cpu.iew.lsq.thread0: SQ size: 72, #stores occupied: 8
1026000: system.cpu.iew: [tid:0], Dispatch dispatched 10 instructions.
1026000: system.cpu.iew.lsq.thread0: SQ size: 72, #stores occupied: 8
1026000: system.cpu.iew.lsq.thread0: LQ size: 132, #loads occupied: 3
1026000: system.cpu.iew: IQ has 551 free entries (Can schedule: 0).  LQ has 129 free entries. SQ has 64 free entries.
1026000: system.cpu.iew: Activity this cycle.
1026000: system.cpu.commit: Getting instructions from Rename stage.
1026000: system.cpu.commit: [tid:0] [sn:1914] Inserting PC (0x7ffff801f272=>0x7ffff801f275).(0=>1) into ROB.
1026000: system.cpu.rob: Adding inst PC (0x7ffff801f272=>0x7ffff801f275).(0=>1) to the ROB.
1026000: system.cpu.rob: [tid:0] Now has 42 instructions.
1026000: system.cpu.commit: [tid:0] [sn:1915] Inserting PC (0x7ffff801f275=>0x7ffff801f277).(0=>1) into ROB.
1026000: system.cpu.rob: Adding inst PC (0x7ffff801f275=>0x7ffff801f277).(0=>1) to the ROB.
1026000: system.cpu.rob: [tid:0] Now has 43 instructions.
1026000: system.cpu.commit: [tid:0] [sn:1916] Inserting PC (0x7ffff801f275=>0x7ffff801f277).(1=>2) into ROB.
1026000: system.cpu.rob: Adding inst PC (0x7ffff801f275=>0x7ffff801f277).(1=>2) to the ROB.
1026000: system.cpu.rob: [tid:0] Now has 44 instructions.
1026000: system.cpu.commit: [tid:0] [sn:1917] Inserting PC (0x7ffff801f275=>0x7ffff801f277).(2=>3) into ROB.
1026000: system.cpu.rob: Adding inst PC (0x7ffff801f275=>0x7ffff801f277).(2=>3) to the ROB.
1026000: system.cpu.rob: [tid:0] Now has 45 instructions.
1026000: system.cpu.commit: [tid:0] [sn:1918] Inserting PC (0x7ffff801f277=>0x7ffff801f27b).(0=>1) into ROB.
1026000: system.cpu.rob: Adding inst PC (0x7ffff801f277=>0x7ffff801f27b).(0=>1) to the ROB.
1026000: system.cpu.rob: [tid:0] Now has 46 instructions.
1026000: system.cpu.commit: [tid:0] [sn:1919] Inserting PC (0x7ffff801f277=>0x7ffff801f27b).(1=>2) into ROB.
1026000: system.cpu.rob: Adding inst PC (0x7ffff801f277=>0x7ffff801f27b).(1=>2) to the ROB.
1026000: system.cpu.rob: [tid:0] Now has 47 instructions.
1026000: system.cpu.commit: [tid:0] [sn:1920] Inserting PC (0x7ffff801f27b=>0x7ffff801f27d).(0=>1) into ROB.
1026000: system.cpu.rob: Adding inst PC (0x7ffff801f27b=>0x7ffff801f27d).(0=>1) to the ROB.
1026000: system.cpu.rob: [tid:0] Now has 48 instructions.
1026000: system.cpu.commit: [tid:0] [sn:1921] Inserting PC (0x7ffff801f27b=>0x7ffff801f27d).(1=>2) into ROB.
1026000: system.cpu.rob: Adding inst PC (0x7ffff801f27b=>0x7ffff801f27d).(1=>2) to the ROB.
1026000: system.cpu.rob: [tid:0] Now has 49 instructions.
1026000: system.cpu.commit: [tid:0] [sn:1922] Inserting PC (0x7ffff801f27b=>0x7ffff801f27d).(2=>3) into ROB.
1026000: system.cpu.rob: Adding inst PC (0x7ffff801f27b=>0x7ffff801f27d).(2=>3) to the ROB.
1026000: system.cpu.rob: [tid:0] Now has 50 instructions.
1026000: system.cpu.commit: [tid:0] [sn:1923] Inserting PC (0x7ffff801f266=>0x7ffff801f26a).(0=>1) into ROB.
1026000: system.cpu.rob: Adding inst PC (0x7ffff801f266=>0x7ffff801f26a).(0=>1) to the ROB.
1026000: system.cpu.rob: [tid:0] Now has 51 instructions.
1026000: system.cpu.commit: Trying to commit instructions in the ROB.
1026000: system.cpu.commit: Trying to commit head instruction, [tid:0] [sn:1873]
1026000: system.cpu.commit: [tid:0] [sn:1873] Committing instruction with PC (0x7ffff801f26e=>0x7ffff801f272).(0=>1)
1026000: system.cpu.rob: [tid:0] Retiring head instruction, instruction PC (0x7ffff801f26e=>0x7ffff801f272).(0=>1), [sn:1873]
1026000: system.cpu: Removing committed instruction [tid:0] PC (0x7ffff801f26e=>0x7ffff801f272).(0=>1) [sn:1873]
1026000: system.cpu.commit: Trying to commit head instruction, [tid:0] [sn:1874]
1026000: system.cpu.commit: [tid:0] [sn:1874] Committing instruction with PC (0x7ffff801f26e=>0x7ffff801f272).(1=>2)
1026000: system.cpu.rob: [tid:0] Retiring head instruction, instruction PC (0x7ffff801f26e=>0x7ffff801f272).(1=>2), [sn:1874]
1026000: system.cpu: Removing committed instruction [tid:0] PC (0x7ffff801f26e=>0x7ffff801f272).(1=>2) [sn:1874]
1026000: system.cpu.commit: Trying to commit head instruction, [tid:0] [sn:1875]
1026000: system.cpu.commit: [tid:0] [sn:1875] Committing instruction with PC (0x7ffff801f272=>0x7ffff801f275).(0=>1)
1026000: system.cpu.rob: [tid:0] Retiring head instruction, instruction PC (0x7ffff801f272=>0x7ffff801f275).(0=>1), [sn:1875]
1026000: system.cpu: Removing committed instruction [tid:0] PC (0x7ffff801f272=>0x7ffff801f275).(0=>1) [sn:1875]
1026000: system.cpu.commit: Trying to commit head instruction, [tid:0] [sn:1876]
1026000: system.cpu.commit: [tid:0] [sn:1876] Committing instruction with PC (0x7ffff801f275=>0x7ffff801f277).(0=>1)
1026000: system.cpu.rob: [tid:0] Retiring head instruction, instruction PC (0x7ffff801f275=>0x7ffff801f277).(0=>1), [sn:1876]
1026000: system.cpu: Removing committed instruction [tid:0] PC (0x7ffff801f275=>0x7ffff801f277).(0=>1) [sn:1876]
1026000: system.cpu.commit: Trying to commit head instruction, [tid:0] [sn:1877]
1026000: system.cpu.commit: [tid:0] [sn:1877] Committing instruction with PC (0x7ffff801f275=>0x7ffff801f277).(1=>2)
1026000: system.cpu.rob: [tid:0] Retiring head instruction, instruction PC (0x7ffff801f275=>0x7ffff801f277).(1=>2), [sn:1877]
1026000: system.cpu: Removing committed instruction [tid:0] PC (0x7ffff801f275=>0x7ffff801f277).(1=>2) [sn:1877]
1026000: system.cpu.commit: [tid:0] Marking PC (0x7ffff801f26a=>0x7ffff801f26e).(0=>1), [sn:1885] ready within ROB.
1026000: system.cpu.commit: [tid:0] Marking PC (0x7ffff801f275=>0x7ffff801f277).(2=>3), [sn:1878] ready within ROB.
1026000: system.cpu.commit: [tid:0] Marking PC (0x7ffff801f27b=>0x7ffff801f266).(2=>3), [sn:1883] ready within ROB.
1026000: system.cpu.commit: [tid:0] Instruction [sn:1878] PC (0x7ffff801f275=>0x7ffff801f277).(2=>3) is head of ROB and ready to commit
1026000: system.cpu.commit: [tid:0] ROB has 46 insts & 872 free entries.
1026000: system.cpu.commit: Activity This Cycle.
1026000: system.cpu: Activity: 13
1026000: system.cpu: Removing instruction, [tid:0] [sn:1873] PC (0x7ffff801f26e=>0x7ffff801f272).(0=>1)
1026000: system.cpu: Removing instruction, [tid:0] [sn:1874] PC (0x7ffff801f26e=>0x7ffff801f272).(1=>2)
1026000: system.cpu: Removing instruction, [tid:0] [sn:1875] PC (0x7ffff801f272=>0x7ffff801f275).(0=>1)
1026000: system.cpu: Removing instruction, [tid:0] [sn:1876] PC (0x7ffff801f275=>0x7ffff801f277).(0=>1)
1026000: system.cpu: Removing instruction, [tid:0] [sn:1877] PC (0x7ffff801f275=>0x7ffff801f277).(1=>2)
1026000: system.cpu: Scheduling next tick!
1027000: system.cpu: 

O3CPU: Ticking main, O3CPU.
1027000: system.cpu.fetch: Running stage.
1027000: system.cpu.fetch: Attempting to fetch from [tid:0]
1027000: system.cpu.fetch: [tid:0] Adding instructions to queue to decode.
1027000: system.cpu.decoder: Decode: Decoded jnbe instruction: 
{
	leg = 0,
	rex = 0,
	vex/xop = 0,
	op = {
		type = one byte,
		op = 0x77,
		},
	modRM = 0,
	sib = 0,
	immediate = 0x12,
	displacement = 0
	dispSize = 0}

1027000: global: DynInst: [sn:1946] Instruction created. Instcount for system.cpu = 80
1027000: system.cpu.fetch: [tid:0] Instruction PC (0x7ffff801f294=>0x7ffff801f296).(0=>1) created [sn:1946].
1027000: system.cpu.fetch: [tid:0] Instruction is:   JNBE_I : rdip   t1, t1
1027000: system.cpu.fetch: [tid:0] Fetch queue entry created (1/128).
1027000: global: DynInst: [sn:1947] Instruction created. Instcount for system.cpu = 81
1027000: system.cpu.fetch: [tid:0] Instruction PC (0x7ffff801f294=>0x7ffff801f296).(1=>2) created [sn:1947].
1027000: system.cpu.fetch: [tid:0] Instruction is:   JNBE_I : limm   t2, 0x12
1027000: system.cpu.fetch: [tid:0] Fetch queue entry created (2/128).
1027000: global: DynInst: [sn:1948] Instruction created. Instcount for system.cpu = 82
1027000: system.cpu.fetch: [tid:0] Instruction PC (0x7ffff801f294=>0x7ffff801f296).(2=>3) created [sn:1948].
1027000: system.cpu.fetch: [tid:0] Instruction is:   JNBE_I : wrip   t1, t2
1027000: system.cpu.fetch: [tid:0] Fetch queue entry created (3/128).
1027000: system.cpu.fetch: [tid:0] [sn:1948] Branch at PC 0x7ffff801f294 predicted to be not taken
1027000: system.cpu.fetch: [tid:0] [sn:1948] Branch at PC 0x7ffff801f294 predicted to go to (0x7ffff801f296=>0x7ffff801f29e).(0=>1)
1027000: system.cpu.decoder: Decode: Decoded mov instruction: 
{
	leg = 0,
	rex = 0x4c,
	vex/xop = 0,
	op = {
		type = one byte,
		op = 0x89,
		},
	modRM = 0xcf,
	sib = 0,
	immediate = 0,
	displacement = 0
	dispSize = 0}

1027000: global: DynInst: [sn:1949] Instruction created. Instcount for system.cpu = 83
1027000: system.cpu.fetch: [tid:0] Instruction PC (0x7ffff801f296=>0x7ffff801f299).(0=>1) created [sn:1949].
1027000: system.cpu.fetch: [tid:0] Instruction is:   MOV_R_R : mov   rdi, rdi, r9
1027000: system.cpu.fetch: [tid:0] Fetch queue entry created (4/128).
1027000: system.cpu.decoder: Decode: Decoded sub instruction: 
{
	leg = 0,
	rex = 0x48,
	vex/xop = 0,
	op = {
		type = one byte,
		op = 0x29,
		},
	modRM = 0xc7,
	sib = 0,
	immediate = 0,
	displacement = 0
	dispSize = 0}

1027000: global: DynInst: [sn:1950] Instruction created. Instcount for system.cpu = 84
1027000: system.cpu.fetch: [tid:0] Instruction PC (0x7ffff801f299=>0x7ffff801f29c).(0=>1) created [sn:1950].
1027000: system.cpu.fetch: [tid:0] Instruction is:   SUB_R_R : sub   rdi, rdi, rax
1027000: system.cpu.fetch: [tid:0] Fetch queue entry created (5/128).
1027000: system.cpu.decoder: Decode: Decoded mov instruction: 
{
	leg = 0,
	rex = 0x48,
	vex/xop = 0,
	op = {
		type = one byte,
		op = 0x89,
		},
	modRM = 0xf8,
	sib = 0,
	immediate = 0,
	displacement = 0
	dispSize = 0}

1027000: global: DynInst: [sn:1951] Instruction created. Instcount for system.cpu = 85
1027000: system.cpu.fetch: [tid:0] Instruction PC (0x7ffff801f29c=>0x7ffff801f29f).(0=>1) created [sn:1951].
1027000: system.cpu.fetch: [tid:0] Instruction is:   MOV_R_R : mov   rax, rax, rdi
1027000: system.cpu.fetch: [tid:0] Fetch queue entry created (6/128).
1027000: system.cpu.decoder: Decode: Decoded jmp instruction: 
{
	leg = 0,
	rex = 0,
	vex/xop = 0,
	op = {
		type = one byte,
		op = 0xeb,
		},
	modRM = 0,
	sib = 0,
	immediate = 0xffffffffffffffc5,
	displacement = 0
	dispSize = 0}

1027000: global: DynInst: [sn:1952] Instruction created. Instcount for system.cpu = 86
1027000: system.cpu.fetch: [tid:0] Instruction PC (0x7ffff801f29f=>0x7ffff801f2a1).(0=>1) created [sn:1952].
1027000: system.cpu.fetch: [tid:0] Instruction is:   JMP_I : rdip   t1, t1
1027000: system.cpu.fetch: [tid:0] Fetch queue entry created (7/128).
1027000: global: DynInst: [sn:1953] Instruction created. Instcount for system.cpu = 87
1027000: system.cpu.fetch: [tid:0] Instruction PC (0x7ffff801f29f=>0x7ffff801f2a1).(1=>2) created [sn:1953].
1027000: system.cpu.fetch: [tid:0] Instruction is:   JMP_I : limm   t2, 0xffffffffffffffc5
1027000: system.cpu.fetch: [tid:0] Fetch queue entry created (8/128).
1027000: global: DynInst: [sn:1954] Instruction created. Instcount for system.cpu = 88
1027000: system.cpu.fetch: [tid:0] Instruction PC (0x7ffff801f29f=>0x7ffff801f2a1).(2=>3) created [sn:1954].
1027000: system.cpu.fetch: [tid:0] Instruction is:   JMP_I : wrip   t1, t2
1027000: system.cpu.fetch: [tid:0] Fetch queue entry created (9/128).
1027000: system.cpu.fetch: [tid:0] [sn:1954] Branch at PC 0x7ffff801f29f predicted to be taken to (0x7ffff801f266=>0x7ffff801f26e).(0=>1)
1027000: system.cpu.fetch: [tid:0] [sn:1954] Branch at PC 0x7ffff801f29f predicted to go to (0x7ffff801f266=>0x7ffff801f26e).(0=>1)
1027000: system.cpu.fetch: Branch detected with PC = (0x7ffff801f29f=>0x7ffff801f2a1).(2=>3)
1027000: system.cpu.fetch: [tid:0] Done fetching, predicted branch instruction encountered.
1027000: system.cpu.fetch: [tid:0] Issuing a pipelined I-cache access, starting at PC (0x7ffff801f266=>0x7ffff801f26e).(0=>1).
1027000: system.cpu.fetch: [tid:0] Fetching cache line 0x7ffff801f240 for addr 0x7ffff801f260
1027000: system.cpu: CPU already running.
1027000: system.cpu.fetch: Fetch: Doing instruction read.
1027000: system.cpu.fetch: [tid:0] Doing Icache access.
1027000: system.cpu.fetch: [tid:0] Activity: Waiting on I-cache response.
1027000: system.cpu.fetch: Deactivating stage.
1027000: system.cpu: Activity: 12
1027000: system.cpu.fetch: [tid:0] [sn:1946] Sending instruction to decode from fetch queue. Fetch queue size: 9.
1027000: system.cpu.fetch: [tid:0] [sn:1947] Sending instruction to decode from fetch queue. Fetch queue size: 8.
1027000: system.cpu.fetch: [tid:0] [sn:1948] Sending instruction to decode from fetch queue. Fetch queue size: 7.
1027000: system.cpu.fetch: [tid:0] [sn:1949] Sending instruction to decode from fetch queue. Fetch queue size: 6.
1027000: system.cpu.fetch: [tid:0] [sn:1950] Sending instruction to decode from fetch queue. Fetch queue size: 5.
1027000: system.cpu.fetch: [tid:0] [sn:1951] Sending instruction to decode from fetch queue. Fetch queue size: 4.
1027000: system.cpu.fetch: [tid:0] [sn:1952] Sending instruction to decode from fetch queue. Fetch queue size: 3.
1027000: system.cpu.fetch: [tid:0] [sn:1953] Sending instruction to decode from fetch queue. Fetch queue size: 2.
1027000: system.cpu.fetch: [tid:0] [sn:1954] Sending instruction to decode from fetch queue. Fetch queue size: 1.
1027000: system.cpu.fetch: Activity this cycle.
1027000: system.cpu: Activity: 13
1027000: system.cpu.decode: Processing [tid:0]
1027000: system.cpu.decode: [tid:0] Not blocked, so attempting to run stage.
1027000: system.cpu.decode: [tid:0] Sending instruction to rename.
1027000: system.cpu.decode: [tid:0] Processing instruction [sn:1936] with PC (0x7ffff801f27d=>0x7ffff801f284).(0=>1)
1027000: system.cpu.decode: [tid:0] Processing instruction [sn:1937] with PC (0x7ffff801f284=>0x7ffff801f288).(0=>1)
1027000: system.cpu.decode: [tid:0] Processing instruction [sn:1938] with PC (0x7ffff801f284=>0x7ffff801f288).(1=>2)
1027000: system.cpu.decode: [tid:0] Processing instruction [sn:1939] with PC (0x7ffff801f288=>0x7ffff801f28a).(0=>1)
1027000: system.cpu.decode: [tid:0] Processing instruction [sn:1940] with PC (0x7ffff801f288=>0x7ffff801f28a).(1=>2)
1027000: system.cpu.decode: [tid:0] Processing instruction [sn:1941] with PC (0x7ffff801f288=>0x7ffff801f28a).(2=>3)
1027000: system.cpu.decode: [tid:0] Processing instruction [sn:1942] with PC (0x7ffff801f28a=>0x7ffff801f28d).(0=>1)
1027000: system.cpu.decode: [tid:0] Processing instruction [sn:1943] with PC (0x7ffff801f28d=>0x7ffff801f290).(0=>1)
1027000: system.cpu.decode: [tid:0] Processing instruction [sn:1944] with PC (0x7ffff801f290=>0x7ffff801f294).(0=>1)
1027000: system.cpu.decode: [tid:0] Processing instruction [sn:1945] with PC (0x7ffff801f290=>0x7ffff801f294).(1=>2)
1027000: system.cpu.decode: Activity this cycle.
1027000: system.cpu.rename: Processing [tid:0]
1027000: system.cpu.rename: [tid:0] Free IQ: 551, Free ROB: 872, Free LQ: 129, Free SQ: 64, FreeRM 127(841 870 917 1834 127 8 4555)
1027000: system.cpu.rename: [tid:0] 30 instructions not yet in ROB
1027000: system.cpu.rename: calcFreeLQEntries: free lqEntries: 129, loadsInProgress: 2, loads dispatchedToLQ: 1
1027000: system.cpu.rename: [tid:0] Not blocked, so attempting to run stage.
1027000: system.cpu.rename: [tid:0] 2 available instructions to send iew.
1027000: system.cpu.rename: [tid:0] 30 insts pipelining from Rename | 10 insts dispatched to IQ last cycle.
1027000: system.cpu.rename: [tid:0] Sending instructions to IEW.
1027000: system.cpu.rename: [tid:0] Processing instruction [sn:1934] with PC (0x7ffff801f27b=>0x7ffff801f27d).(1=>2).
1027000: global: Renamed reg t2 to physical reg 187 (187) old mapping was 190 (190)
1027000: system.cpu.rename: [tid:0] Renaming arch reg 18 (integer) to physical reg 187 (187).
1027000: system.cpu.rename: [tid:0] [sn:1934] Adding instruction to history buffer (size=124).
1027000: system.cpu.rename: [tid:0] Sending instructions to IEW.
1027000: system.cpu.rename: [tid:0] Processing instruction [sn:1935] with PC (0x7ffff801f27b=>0x7ffff801f27d).(2=>3).
1027000: system.cpu.rename: [tid:0] Looking up integer arch reg 17, got phys reg 188 (integer)
1027000: system.cpu.rename: [tid:0] Register 188 (flat: 188) (integer) is not ready.
1027000: system.cpu.rename: [tid:0] Looking up integer arch reg 18, got phys reg 187 (integer)
1027000: system.cpu.rename: [tid:0] Register 187 (flat: 187) (integer) is not ready.
1027000: system.cpu.rename: [tid:0] Looking up condition_code arch reg 0, got phys reg 721 (condition_code)
1027000: system.cpu.rename: [tid:0] Register 721 (flat: 5447) (condition_code) is not ready.
1027000: system.cpu.rename: [tid:0] Looking up condition_code arch reg 1, got phys reg 722 (condition_code)
1027000: system.cpu.rename: [tid:0] Register 722 (flat: 5448) (condition_code) is not ready.
1027000: system.cpu.rename: [tid:0] Looking up condition_code arch reg 2, got phys reg 2 (condition_code)
1027000: system.cpu.rename: [tid:0] Register 2 (flat: 4728) (condition_code) is ready.
1027000: global: [sn:1935] has 1 ready out of 8 sources. RTI 0)
1027000: system.cpu.rename: [tid:0] Looking up condition_code arch reg 3, got phys reg 3 (condition_code)
1027000: system.cpu.rename: [tid:0] Register 3 (flat: 4729) (condition_code) is ready.
1027000: global: [sn:1935] has 2 ready out of 8 sources. RTI 0)
1027000: system.cpu.rename: [tid:0] Looking up condition_code arch reg 4, got phys reg 4 (condition_code)
1027000: system.cpu.rename: [tid:0] Register 4 (flat: 4730) (condition_code) is ready.
1027000: global: [sn:1935] has 3 ready out of 8 sources. RTI 0)
1027000: system.cpu.rename: [tid:0] Looking up miscellaneous arch reg 153, got phys reg 153 (miscellaneous)
1027000: system.cpu.rename: [tid:0] Register 153 (flat: 0) (miscellaneous) is ready.
1027000: global: [sn:1935] has 4 ready out of 8 sources. RTI 0)
1027000: system.cpu.rename: Activity this cycle.
1027000: system.cpu.rename: [tid:0] Removing a committed instruction from the history buffer 0 (size=124), until [sn:1877].
1027000: system.cpu.rename: [tid:0] Attempting to free older rename of reg 104 (integer), [sn:1873].
1027000: system.cpu.rename: [tid:0] Attempting to free older rename of reg 108 (integer), [sn:1874].
1027000: system.cpu.rename: [tid:0] Attempting to free older rename of reg 669 (condition_code), [sn:1874].
1027000: system.cpu.rename: [tid:0] Attempting to free older rename of reg 670 (condition_code), [sn:1874].
1027000: system.cpu.rename: [tid:0] Attempting to free older rename of reg 4294967295 (invalid), [sn:1874].
1027000: system.cpu.rename: [tid:0] Attempting to free older rename of reg 4294967295 (invalid), [sn:1874].
1027000: system.cpu.rename: [tid:0] Attempting to free older rename of reg 4294967295 (invalid), [sn:1874].
1027000: system.cpu.rename: [tid:0] Attempting to free older rename of reg 4294967295 (invalid), [sn:1875].
1027000: system.cpu.rename: [tid:0] Attempting to free older rename of reg 693 (condition_code), [sn:1875].
1027000: system.cpu.rename: [tid:0] Attempting to free older rename of reg 694 (condition_code), [sn:1875].
1027000: system.cpu.rename: [tid:0] Attempting to free older rename of reg 4294967295 (invalid), [sn:1875].
1027000: system.cpu.rename: [tid:0] Attempting to free older rename of reg 4294967295 (invalid), [sn:1875].
1027000: system.cpu.rename: [tid:0] Attempting to free older rename of reg 4294967295 (invalid), [sn:1875].
1027000: system.cpu.rename: [tid:0] Attempting to free older rename of reg 138 (integer), [sn:1876].
1027000: system.cpu.rename: [tid:0] Attempting to free older rename of reg 101 (integer), [sn:1877].
1027000: system.cpu.iew: Issue: Processing [tid:0]
1027000: system.cpu.iew: [tid:0] Not blocked, so attempting to run dispatch.
1027000: system.cpu.iew: [tid:0] Issue: Adding PC (0x7ffff801f272=>0x7ffff801f275).(0=>1) [sn:1914] [tid:0] to IQ.
1027000: system.cpu.iq: Adding instruction [sn:1914] PC (0x7ffff801f272=>0x7ffff801f275).(0=>1) to the IQ.
1027000: system.cpu.iq: Instruction PC (0x7ffff801f272=>0x7ffff801f275).(0=>1) has src reg 202 (integer) that is being added to the dependency chain.
1027000: system.cpu.iq: Instruction PC (0x7ffff801f272=>0x7ffff801f275).(0=>1) has src reg 202 (integer) that is being added to the dependency chain.
1027000: system.cpu.iew: [tid:0] Issue: Adding PC (0x7ffff801f275=>0x7ffff801f277).(0=>1) [sn:1915] [tid:0] to IQ.
1027000: system.cpu.iq: Adding instruction [sn:1915] PC (0x7ffff801f275=>0x7ffff801f277).(0=>1) to the IQ.
1027000: system.cpu.iq: Instruction is ready to issue, putting it onto the ready list, PC (0x7ffff801f275=>0x7ffff801f277).(0=>1) opclass:1 [sn:1915].
1027000: system.cpu.iew: [tid:0] Issue: Adding PC (0x7ffff801f275=>0x7ffff801f277).(1=>2) [sn:1916] [tid:0] to IQ.
1027000: system.cpu.iq: Adding instruction [sn:1916] PC (0x7ffff801f275=>0x7ffff801f277).(1=>2) to the IQ.
1027000: system.cpu.iq: Instruction is ready to issue, putting it onto the ready list, PC (0x7ffff801f275=>0x7ffff801f277).(1=>2) opclass:1 [sn:1916].
1027000: system.cpu.iew: [tid:0] Issue: Adding PC (0x7ffff801f275=>0x7ffff801f277).(2=>3) [sn:1917] [tid:0] to IQ.
1027000: system.cpu.iq: Adding instruction [sn:1917] PC (0x7ffff801f275=>0x7ffff801f277).(2=>3) to the IQ.
1027000: system.cpu.iq: Instruction PC (0x7ffff801f275=>0x7ffff801f277).(2=>3) has src reg 199 (integer) that is being added to the dependency chain.
1027000: system.cpu.iq: Instruction PC (0x7ffff801f275=>0x7ffff801f277).(2=>3) has src reg 198 (integer) that is being added to the dependency chain.
1027000: system.cpu.iq: Instruction PC (0x7ffff801f275=>0x7ffff801f277).(2=>3) has src reg 713 (condition_code) that is being added to the dependency chain.
1027000: system.cpu.iq: Instruction PC (0x7ffff801f275=>0x7ffff801f277).(2=>3) has src reg 714 (condition_code) that is being added to the dependency chain.
1027000: system.cpu.iew: [tid:0] Issue: Adding PC (0x7ffff801f277=>0x7ffff801f27b).(0=>1) [sn:1918] [tid:0] to IQ.
1027000: system.cpu.iq: Adding instruction [sn:1918] PC (0x7ffff801f277=>0x7ffff801f27b).(0=>1) to the IQ.
1027000: system.cpu.iq: Instruction is ready to issue, putting it onto the ready list, PC (0x7ffff801f277=>0x7ffff801f27b).(0=>1) opclass:1 [sn:1918].
1027000: system.cpu.iew: [tid:0] Issue: Adding PC (0x7ffff801f277=>0x7ffff801f27b).(1=>2) [sn:1919] [tid:0] to IQ.
1027000: system.cpu.iq: Adding instruction [sn:1919] PC (0x7ffff801f277=>0x7ffff801f27b).(1=>2) to the IQ.
1027000: system.cpu.iq: Instruction PC (0x7ffff801f277=>0x7ffff801f27b).(1=>2) has src reg 202 (integer) that is being added to the dependency chain.
1027000: system.cpu.iq: Instruction PC (0x7ffff801f277=>0x7ffff801f27b).(1=>2) has src reg 197 (integer) that is being added to the dependency chain.
1027000: system.cpu.iew: [tid:0] Issue: Adding PC (0x7ffff801f27b=>0x7ffff801f27d).(0=>1) [sn:1920] [tid:0] to IQ.
1027000: system.cpu.iq: Adding instruction [sn:1920] PC (0x7ffff801f27b=>0x7ffff801f27d).(0=>1) to the IQ.
1027000: system.cpu.iq: Instruction is ready to issue, putting it onto the ready list, PC (0x7ffff801f27b=>0x7ffff801f27d).(0=>1) opclass:1 [sn:1920].
1027000: system.cpu.iew: [tid:0] Issue: Adding PC (0x7ffff801f27b=>0x7ffff801f27d).(1=>2) [sn:1921] [tid:0] to IQ.
1027000: system.cpu.iq: Adding instruction [sn:1921] PC (0x7ffff801f27b=>0x7ffff801f27d).(1=>2) to the IQ.
1027000: system.cpu.iq: Instruction is ready to issue, putting it onto the ready list, PC (0x7ffff801f27b=>0x7ffff801f27d).(1=>2) opclass:1 [sn:1921].
1027000: system.cpu.iew: [tid:0] Issue: Adding PC (0x7ffff801f27b=>0x7ffff801f27d).(2=>3) [sn:1922] [tid:0] to IQ.
1027000: system.cpu.iq: Adding instruction [sn:1922] PC (0x7ffff801f27b=>0x7ffff801f27d).(2=>3) to the IQ.
1027000: system.cpu.iq: Instruction PC (0x7ffff801f27b=>0x7ffff801f27d).(2=>3) has src reg 196 (integer) that is being added to the dependency chain.
1027000: system.cpu.iq: Instruction PC (0x7ffff801f27b=>0x7ffff801f27d).(2=>3) has src reg 195 (integer) that is being added to the dependency chain.
1027000: system.cpu.iq: Instruction PC (0x7ffff801f27b=>0x7ffff801f27d).(2=>3) has src reg 715 (condition_code) that is being added to the dependency chain.
1027000: system.cpu.iq: Instruction PC (0x7ffff801f27b=>0x7ffff801f27d).(2=>3) has src reg 716 (condition_code) that is being added to the dependency chain.
1027000: system.cpu.iew: [tid:0] Issue: Adding PC (0x7ffff801f266=>0x7ffff801f26a).(0=>1) [sn:1923] [tid:0] to IQ.
1027000: system.cpu.iew: [tid:0] Issue: Memory instruction encountered, adding to LSQ.
1027000: system.cpu.iew.lsq.thread0: Inserting store PC (0x7ffff801f266=>0x7ffff801f26a).(0=>1), idx:34 [sn:1923]
1027000: system.cpu.iq: Adding instruction [sn:1923] PC (0x7ffff801f266=>0x7ffff801f26a).(0=>1) to the IQ.
1027000: system.cpu.iq: Instruction PC (0x7ffff801f266=>0x7ffff801f26a).(0=>1) has src reg 202 (integer) that is being added to the dependency chain.
1027000: system.cpu.iq: Instruction PC (0x7ffff801f266=>0x7ffff801f26a).(0=>1) has src reg 200 (integer) that is being added to the dependency chain.
1027000: system.cpu.memDep0: No dependency for inst PC (0x7ffff801f266=>0x7ffff801f26a).(0=>1) [sn:1923].
1027000: system.cpu.memDep0: Inserting store/atomic PC (0x7ffff801f266=>0x7ffff801f26a).(0=>1) [sn:1923].
1027000: system.cpu.iew: Execute: Executing instructions from IQ.
1027000: system.cpu.iew: Execute: Processing PC (0x7ffff801f275=>0x7ffff801f277).(2=>3), [tid:0] [sn:1891].
1027000: global: RegFile: Access to int register 131, has data 0x7ffff801f277
1027000: global: RegFile: Access to int register 130, has data 0x51
1027000: global: RegFile: Access to cc register 701 has data 0x44
1027000: global: RegFile: Access to cc register 702 has data 0
1027000: global: RegFile: Access to cc register 2 has data 0
1027000: global: RegFile: Access to cc register 3 has data 0
1027000: global: RegFile: Access to cc register 4 has data 0
1027000: system.cpu.iew: Adding instruction [sn:1891] to commit queue.
1027000: system.cpu.iew: Current wb cycle: 0, width: 19, numInst: 0
wbActual:0
1027000: system.cpu.iew: [tid:0] [sn:1891] Execute: Branch mispredict detected.
1027000: system.cpu.iew: [tid:0] [sn:1891] Predicted target was PC: (0x7ffff801f277=>0x7ffff801f27f).(0=>1)
1027000: system.cpu.iew: [tid:0] [sn:1891] Execute: Redirecting fetch to PC: (0x7ffff801f275=>0x7ffff801f2c8).(2=>3)
1027000: system.cpu.iew: [tid:0] [sn:1891] Squashing from a specific instruction, PC: (0x7ffff801f275=>0x7ffff801f2c8).(2=>3) 
1027000: system.cpu.iew: Execute: Executing instructions from IQ.
1027000: system.cpu.iew: Execute: Processing PC (0x7ffff801f27b=>0x7ffff801f27d).(2=>3), [tid:0] [sn:1896].
1027000: global: RegFile: Access to int register 132, has data 0x7ffff801f27d
1027000: global: RegFile: Access to int register 167, has data 0xffffffffffffffe9
1027000: global: RegFile: Access to cc register 703 has data 0x94
1027000: global: RegFile: Access to cc register 704 has data 0x1
1027000: global: RegFile: Access to cc register 2 has data 0
1027000: global: RegFile: Access to cc register 3 has data 0
1027000: global: RegFile: Access to cc register 4 has data 0
1027000: system.cpu.iew: Adding instruction [sn:1896] to commit queue.
1027000: system.cpu.iew: Current wb cycle: 0, width: 19, numInst: 1
wbActual:1
1027000: system.cpu.iew: Execute: Executing instructions from IQ.
1027000: system.cpu.iew: Execute: Processing PC (0x7ffff801f26e=>0x7ffff801f272).(1=>2), [tid:0] [sn:1900].
1027000: global: RegFile: Access to int register 129, has data 0x7ffff8036f78
1027000: global: RegFile: Access to int register 209, has data 0x10
1027000: global: RegFile: Setting int register 208 to 0x7ffff8036f88
1027000: global: RegFile: Setting cc register 705 to 0x4
1027000: global: RegFile: Setting cc register 706 to 0
1027000: system.cpu.iew: Adding instruction [sn:1900] to commit queue.
1027000: system.cpu.iew: Current wb cycle: 0, width: 19, numInst: 2
wbActual:2
1027000: system.cpu.iew: Execute: Executing instructions from IQ.
1027000: system.cpu.iew: Execute: Processing PC (0x7ffff801f277=>0x7ffff801f27b).(0=>1), [tid:0] [sn:1905].
1027000: global: RegFile: Setting int register 205 to 0x25
1027000: system.cpu.iew: Adding instruction [sn:1905] to commit queue.
1027000: system.cpu.iew: Current wb cycle: 0, width: 19, numInst: 3
wbActual:3
1027000: system.cpu.iew: Execute: Executing instructions from IQ.
1027000: system.cpu.iew: Execute: Processing PC (0x7ffff801f27b=>0x7ffff801f27d).(0=>1), [tid:0] [sn:1907].
1027000: global: RegFile: Setting int register 204 to 0x7ffff801f27d
1027000: system.cpu.iew: Adding instruction [sn:1907] to commit queue.
1027000: system.cpu.iew: Current wb cycle: 0, width: 19, numInst: 4
wbActual:4
1027000: system.cpu.iew: Execute: Executing instructions from IQ.
1027000: system.cpu.iew: Execute: Processing PC (0x7ffff801f27b=>0x7ffff801f27d).(1=>2), [tid:0] [sn:1908].
1027000: global: RegFile: Setting int register 203 to 0xffffffffffffffe9
1027000: system.cpu.iew: Adding instruction [sn:1908] to commit queue.
1027000: system.cpu.iew: Current wb cycle: 0, width: 19, numInst: 5
wbActual:5
1027000: system.cpu.iew: Execute: Executing instructions from IQ.
1027000: system.cpu.iew: Execute: Processing PC (0x7ffff801f26e=>0x7ffff801f272).(0=>1), [tid:0] [sn:1912].
1027000: global: RegFile: Setting int register 201 to 0x10
1027000: system.cpu.iew: Adding instruction [sn:1912] to commit queue.
1027000: system.cpu.iew: Current wb cycle: 0, width: 19, numInst: 6
wbActual:6
1027000: system.cpu.iew: Sending instructions to commit, [sn:1891] PC (0x7ffff801f275=>0x7ffff801f2c8).(2=>3).
1027000: system.cpu.iq: Waking dependents of completed instruction.
1027000: system.cpu.iew: Sending instructions to commit, [sn:1896] PC (0x7ffff801f27b=>0x7ffff801f266).(2=>3).
1027000: system.cpu.iq: Waking dependents of completed instruction.
1027000: system.cpu.iew: Sending instructions to commit, [sn:1900] PC (0x7ffff801f26e=>0x7ffff801f272).(1=>2).
1027000: system.cpu.iq: Waking dependents of completed instruction.
1027000: system.cpu.iq: Waking any dependents on register 208 (integer).
1027000: system.cpu.iq: Waking up a dependent instruction, [sn:1913] PC (0x7ffff801f26e=>0x7ffff801f272).(1=>2).
1027000: global: [sn:1913] has 6 ready out of 7 sources. RTI 0)
1027000: system.cpu.iq: Waking up a dependent instruction, [sn:1911] PC (0x7ffff801f26a=>0x7ffff801f26e).(0=>1).
1027000: global: [sn:1911] has 3 ready out of 3 sources. RTI 0)
1027000: system.cpu.iq: Checking if memory instruction can issue.
1027000: system.cpu.memDep0: Marking registers as ready for instruction PC (0x7ffff801f26a=>0x7ffff801f26e).(0=>1) [sn:1911].
1027000: system.cpu.memDep0: Instruction has its memory dependencies resolved, adding it to the ready list.
1027000: system.cpu.memDep0: Adding instruction [sn:1911] to the ready list.
1027000: system.cpu.iq: Instruction is ready to issue, putting it onto the ready list, PC (0x7ffff801f26a=>0x7ffff801f26e).(0=>1) opclass:52 [sn:1911].
1027000: system.cpu.iq: Waking up a dependent instruction, [sn:1910] PC (0x7ffff801f266=>0x7ffff801f26a).(0=>1).
1027000: global: [sn:1910] has 3 ready out of 4 sources. RTI 0)
1027000: system.cpu.iq: Waking any dependents on register 705 (condition_code).
1027000: system.cpu.iq: Waking any dependents on register 706 (condition_code).
1027000: system.cpu.iq: Reg 4294967295 [invalid] is part of a fix mapping, skipping
1027000: system.cpu.iq: Reg 4294967295 [invalid] is part of a fix mapping, skipping
1027000: system.cpu.iq: Reg 4294967295 [invalid] is part of a fix mapping, skipping
1027000: system.cpu.iew: Setting Destination Register 208 (integer)
1027000: system.cpu.scoreboard: Setting reg 208 (integer) as ready
1027000: system.cpu.iew: Setting Destination Register 705 (condition_code)
1027000: system.cpu.scoreboard: Setting reg 705 (condition_code) as ready
1027000: system.cpu.iew: Setting Destination Register 706 (condition_code)
1027000: system.cpu.scoreboard: Setting reg 706 (condition_code) as ready
1027000: system.cpu.iew: Setting Destination Register 4294967295 (invalid)
1027000: system.cpu.iew: Setting Destination Register 4294967295 (invalid)
1027000: system.cpu.iew: Setting Destination Register 4294967295 (invalid)
1027000: system.cpu.iew: Sending instructions to commit, [sn:1905] PC (0x7ffff801f277=>0x7ffff801f27b).(0=>1).
1027000: system.cpu.iq: Waking dependents of completed instruction.
1027000: system.cpu.iq: Waking any dependents on register 205 (integer).
1027000: system.cpu.iq: Waking up a dependent instruction, [sn:1906] PC (0x7ffff801f277=>0x7ffff801f27b).(1=>2).
1027000: global: [sn:1906] has 6 ready out of 7 sources. RTI 0)
1027000: system.cpu.iew: Setting Destination Register 205 (integer)
1027000: system.cpu.scoreboard: Setting reg 205 (integer) as ready
1027000: system.cpu.iew: Sending instructions to commit, [sn:1907] PC (0x7ffff801f27b=>0x7ffff801f27d).(0=>1).
1027000: system.cpu.iq: Waking dependents of completed instruction.
1027000: system.cpu.iq: Waking any dependents on register 204 (integer).
1027000: system.cpu.iq: Waking up a dependent instruction, [sn:1909] PC (0x7ffff801f27b=>0x7ffff801f27d).(2=>3).
1027000: global: [sn:1909] has 5 ready out of 8 sources. RTI 0)
1027000: system.cpu.iew: Setting Destination Register 204 (integer)
1027000: system.cpu.scoreboard: Setting reg 204 (integer) as ready
1027000: system.cpu.iew: Sending instructions to commit, [sn:1908] PC (0x7ffff801f27b=>0x7ffff801f27d).(1=>2).
1027000: system.cpu.iq: Waking dependents of completed instruction.
1027000: system.cpu.iq: Waking any dependents on register 203 (integer).
1027000: system.cpu.iq: Waking up a dependent instruction, [sn:1909] PC (0x7ffff801f27b=>0x7ffff801f27d).(2=>3).
1027000: global: [sn:1909] has 6 ready out of 8 sources. RTI 0)
1027000: system.cpu.iew: Setting Destination Register 203 (integer)
1027000: system.cpu.scoreboard: Setting reg 203 (integer) as ready
1027000: system.cpu.iew: Sending instructions to commit, [sn:1912] PC (0x7ffff801f26e=>0x7ffff801f272).(0=>1).
1027000: system.cpu.iq: Waking dependents of completed instruction.
1027000: system.cpu.iq: Waking any dependents on register 201 (integer).
1027000: system.cpu.iq: Waking up a dependent instruction, [sn:1913] PC (0x7ffff801f26e=>0x7ffff801f272).(1=>2).
1027000: global: [sn:1913] has 7 ready out of 7 sources. RTI 0)
1027000: system.cpu.iq: Instruction is ready to issue, putting it onto the ready list, PC (0x7ffff801f26e=>0x7ffff801f272).(1=>2) opclass:1 [sn:1913].
1027000: system.cpu.iew: Setting Destination Register 201 (integer)
1027000: system.cpu.scoreboard: Setting reg 201 (integer) as ready
1027000: system.cpu.iq: Attempting to schedule ready instructions from the IQ.
1027000: system.cpu.iq: Thread 0: Issuing instruction PC (0x7ffff801f26a=>0x7ffff801f26e).(0=>1) [sn:1911]
1027000: system.cpu.memDep0: Issuing instruction PC 0x7ffff801f26a [sn:1911].
1027000: system.cpu.iq: Thread 0: Issuing instruction PC (0x7ffff801f26e=>0x7ffff801f272).(1=>2) [sn:1913]
1027000: system.cpu.iq: Thread 0: Issuing instruction PC (0x7ffff801f275=>0x7ffff801f277).(0=>1) [sn:1915]
1027000: system.cpu.iq: Thread 0: Issuing instruction PC (0x7ffff801f275=>0x7ffff801f277).(1=>2) [sn:1916]
1027000: system.cpu.iq: Thread 0: Issuing instruction PC (0x7ffff801f277=>0x7ffff801f27b).(0=>1) [sn:1918]
1027000: system.cpu.iq: Thread 0: Issuing instruction PC (0x7ffff801f27b=>0x7ffff801f27d).(0=>1) [sn:1920]
1027000: system.cpu.iq: Thread 0: Issuing instruction PC (0x7ffff801f27b=>0x7ffff801f27d).(1=>2) [sn:1921]
1027000: system.cpu.iew.lsq: [tid:0] Writing back stores. 5 stores available for Writeback.
1027000: system.cpu.iew: Processing [tid:0]
1027000: system.cpu.iq: [tid:0] Committing instructions older than [sn:1877]
O3PipeView:fetch:1015000:0x7ffff801f26e:0:1873:  ADD_R_I : limm   t1, 0x10
O3PipeView:decode:1016000
O3PipeView:rename:1017000
O3PipeView:dispatch:1020000
O3PipeView:issue:1020000
O3PipeView:complete:1021000
O3PipeView:retire:1026000:store:0
1027000: global: DynInst: [sn:1873] Instruction destroyed. Instcount for system.cpu = 87
O3PipeView:fetch:1015000:0x7ffff801f275:0:1876:  JZ_I : rdip   t1, t1
O3PipeView:decode:1016000
O3PipeView:rename:1017000
O3PipeView:dispatch:1020000
O3PipeView:issue:1020000
O3PipeView:complete:1021000
O3PipeView:retire:1026000:store:0
1027000: global: DynInst: [sn:1876] Instruction destroyed. Instcount for system.cpu = 86
O3PipeView:fetch:1015000:0x7ffff801f275:1:1877:  JZ_I : limm   t2, 0x51
O3PipeView:decode:1016000
O3PipeView:rename:1017000
O3PipeView:dispatch:1020000
O3PipeView:issue:1020000
O3PipeView:complete:1021000
O3PipeView:retire:1026000:store:0
1027000: global: DynInst: [sn:1877] Instruction destroyed. Instcount for system.cpu = 85
1027000: system.cpu.iew.lsq.thread0: LQ size: 132, #loads occupied: 3
1027000: system.cpu.iew.lsq.thread0: SQ size: 72, #stores occupied: 9
1027000: system.cpu.iew: [tid:0], Dispatch dispatched 10 instructions.
1027000: system.cpu.iew.lsq.thread0: SQ size: 72, #stores occupied: 9
1027000: system.cpu.iew.lsq.thread0: LQ size: 132, #loads occupied: 3
1027000: system.cpu.iew: IQ has 547 free entries (Can schedule: 0).  LQ has 129 free entries. SQ has 63 free entries.
1027000: system.cpu.iew: Activity this cycle.
1027000: system.cpu.commit: Getting instructions from Rename stage.
1027000: system.cpu.commit: [tid:0] [sn:1924] Inserting PC (0x7ffff801f26a=>0x7ffff801f26e).(0=>1) into ROB.
1027000: system.cpu.rob: Adding inst PC (0x7ffff801f26a=>0x7ffff801f26e).(0=>1) to the ROB.
1027000: system.cpu.rob: [tid:0] Now has 47 instructions.
1027000: system.cpu.commit: [tid:0] [sn:1925] Inserting PC (0x7ffff801f26e=>0x7ffff801f272).(0=>1) into ROB.
1027000: system.cpu.rob: Adding inst PC (0x7ffff801f26e=>0x7ffff801f272).(0=>1) to the ROB.
1027000: system.cpu.rob: [tid:0] Now has 48 instructions.
1027000: system.cpu.commit: [tid:0] [sn:1926] Inserting PC (0x7ffff801f26e=>0x7ffff801f272).(1=>2) into ROB.
1027000: system.cpu.rob: Adding inst PC (0x7ffff801f26e=>0x7ffff801f272).(1=>2) to the ROB.
1027000: system.cpu.rob: [tid:0] Now has 49 instructions.
1027000: system.cpu.commit: [tid:0] [sn:1927] Inserting PC (0x7ffff801f272=>0x7ffff801f275).(0=>1) into ROB.
1027000: system.cpu.rob: Adding inst PC (0x7ffff801f272=>0x7ffff801f275).(0=>1) to the ROB.
1027000: system.cpu.rob: [tid:0] Now has 50 instructions.
1027000: system.cpu.commit: [tid:0] [sn:1928] Inserting PC (0x7ffff801f275=>0x7ffff801f277).(0=>1) into ROB.
1027000: system.cpu.rob: Adding inst PC (0x7ffff801f275=>0x7ffff801f277).(0=>1) to the ROB.
1027000: system.cpu.rob: [tid:0] Now has 51 instructions.
1027000: system.cpu.commit: [tid:0] [sn:1929] Inserting PC (0x7ffff801f275=>0x7ffff801f277).(1=>2) into ROB.
1027000: system.cpu.rob: Adding inst PC (0x7ffff801f275=>0x7ffff801f277).(1=>2) to the ROB.
1027000: system.cpu.rob: [tid:0] Now has 52 instructions.
1027000: system.cpu.commit: [tid:0] [sn:1930] Inserting PC (0x7ffff801f275=>0x7ffff801f277).(2=>3) into ROB.
1027000: system.cpu.rob: Adding inst PC (0x7ffff801f275=>0x7ffff801f277).(2=>3) to the ROB.
1027000: system.cpu.rob: [tid:0] Now has 53 instructions.
1027000: system.cpu.commit: [tid:0] [sn:1931] Inserting PC (0x7ffff801f277=>0x7ffff801f27b).(0=>1) into ROB.
1027000: system.cpu.rob: Adding inst PC (0x7ffff801f277=>0x7ffff801f27b).(0=>1) to the ROB.
1027000: system.cpu.rob: [tid:0] Now has 54 instructions.
1027000: system.cpu.commit: [tid:0] [sn:1932] Inserting PC (0x7ffff801f277=>0x7ffff801f27b).(1=>2) into ROB.
1027000: system.cpu.rob: Adding inst PC (0x7ffff801f277=>0x7ffff801f27b).(1=>2) to the ROB.
1027000: system.cpu.rob: [tid:0] Now has 55 instructions.
1027000: system.cpu.commit: [tid:0] [sn:1933] Inserting PC (0x7ffff801f27b=>0x7ffff801f27d).(0=>1) into ROB.
1027000: system.cpu.rob: Adding inst PC (0x7ffff801f27b=>0x7ffff801f27d).(0=>1) to the ROB.
1027000: system.cpu.rob: [tid:0] Now has 56 instructions.
1027000: system.cpu.commit: Trying to commit instructions in the ROB.
1027000: system.cpu.commit: Trying to commit head instruction, [tid:0] [sn:1878]
1027000: system.cpu.commit: [tid:0] [sn:1878] Committing instruction with PC (0x7ffff801f275=>0x7ffff801f277).(2=>3)
1027000: system.cpu.rob: [tid:0] Retiring head instruction, instruction PC (0x7ffff801f275=>0x7ffff801f277).(2=>3), [sn:1878]
1027000: system.cpu: Removing committed instruction [tid:0] PC (0x7ffff801f275=>0x7ffff801f277).(2=>3) [sn:1878]
1027000: system.cpu.commit: Trying to commit head instruction, [tid:0] [sn:1879]
1027000: system.cpu.commit: [tid:0] [sn:1879] Committing instruction with PC (0x7ffff801f277=>0x7ffff801f27b).(0=>1)
1027000: system.cpu.rob: [tid:0] Retiring head instruction, instruction PC (0x7ffff801f277=>0x7ffff801f27b).(0=>1), [sn:1879]
1027000: system.cpu: Removing committed instruction [tid:0] PC (0x7ffff801f277=>0x7ffff801f27b).(0=>1) [sn:1879]
1027000: system.cpu.commit: Trying to commit head instruction, [tid:0] [sn:1880]
1027000: system.cpu.commit: [tid:0] [sn:1880] Committing instruction with PC (0x7ffff801f277=>0x7ffff801f27b).(1=>2)
1027000: system.cpu.rob: [tid:0] Retiring head instruction, instruction PC (0x7ffff801f277=>0x7ffff801f27b).(1=>2), [sn:1880]
1027000: system.cpu: Removing committed instruction [tid:0] PC (0x7ffff801f277=>0x7ffff801f27b).(1=>2) [sn:1880]
1027000: system.cpu.commit: Trying to commit head instruction, [tid:0] [sn:1881]
1027000: system.cpu.commit: [tid:0] [sn:1881] Committing instruction with PC (0x7ffff801f27b=>0x7ffff801f27d).(0=>1)
1027000: system.cpu.rob: [tid:0] Retiring head instruction, instruction PC (0x7ffff801f27b=>0x7ffff801f27d).(0=>1), [sn:1881]
1027000: system.cpu: Removing committed instruction [tid:0] PC (0x7ffff801f27b=>0x7ffff801f27d).(0=>1) [sn:1881]
1027000: system.cpu.commit: Trying to commit head instruction, [tid:0] [sn:1882]
1027000: system.cpu.commit: [tid:0] [sn:1882] Committing instruction with PC (0x7ffff801f27b=>0x7ffff801f27d).(1=>2)
1027000: system.cpu.rob: [tid:0] Retiring head instruction, instruction PC (0x7ffff801f27b=>0x7ffff801f27d).(1=>2), [sn:1882]
1027000: system.cpu: Removing committed instruction [tid:0] PC (0x7ffff801f27b=>0x7ffff801f27d).(1=>2) [sn:1882]
1027000: system.cpu.commit: Trying to commit head instruction, [tid:0] [sn:1883]
1027000: system.cpu.commit: [tid:0] [sn:1883] Committing instruction with PC (0x7ffff801f27b=>0x7ffff801f266).(2=>3)
1027000: system.cpu.rob: [tid:0] Retiring head instruction, instruction PC (0x7ffff801f27b=>0x7ffff801f266).(2=>3), [sn:1883]
1027000: system.cpu: Removing committed instruction [tid:0] PC (0x7ffff801f27b=>0x7ffff801f266).(2=>3) [sn:1883]
1027000: system.cpu.commit: Trying to commit head instruction, [tid:0] [sn:1884]
1027000: system.cpu.commit: [tid:0] [sn:1884] Committing instruction with PC (0x7ffff801f266=>0x7ffff801f26a).(0=>1)
1027000: system.cpu.rob: [tid:0] Retiring head instruction, instruction PC (0x7ffff801f266=>0x7ffff801f26a).(0=>1), [sn:1884]
1027000: system.cpu: Removing committed instruction [tid:0] PC (0x7ffff801f266=>0x7ffff801f26a).(0=>1) [sn:1884]
1027000: system.cpu.commit: MEM_TRACE_FILE environment variable not set. No predictions loaded.
1027000: system.cpu.commit: [tid:0] Marking PC (0x7ffff801f272=>0x7ffff801f275).(0=>1), [sn:1888] ready within ROB.
1027000: system.cpu.commit: [tid:0] Marking PC (0x7ffff801f277=>0x7ffff801f27b).(1=>2), [sn:1893] ready within ROB.
1027000: system.cpu.commit: [tid:0] Marking PC (0x7ffff801f27b=>0x7ffff801f27d).(0=>1), [sn:1894] ready within ROB.
1027000: system.cpu.commit: [tid:0] Marking PC (0x7ffff801f27b=>0x7ffff801f27d).(1=>2), [sn:1895] ready within ROB.
1027000: system.cpu.commit: [tid:0] Marking PC (0x7ffff801f266=>0x7ffff801f26a).(0=>1), [sn:1897] ready within ROB.
1027000: system.cpu.commit: [tid:0] Marking PC (0x7ffff801f26e=>0x7ffff801f272).(0=>1), [sn:1899] ready within ROB.
1027000: system.cpu.commit: [tid:0] Marking PC (0x7ffff801f275=>0x7ffff801f277).(0=>1), [sn:1902] ready within ROB.
1027000: system.cpu.commit: [tid:0] Marking PC (0x7ffff801f275=>0x7ffff801f277).(1=>2), [sn:1903] ready within ROB.
1027000: system.cpu.commit: [tid:0] Instruction [sn:1885] PC (0x7ffff801f26a=>0x7ffff801f26e).(0=>1) is head of ROB and ready to commit
1027000: system.cpu.commit: [tid:0] ROB has 49 insts & 869 free entries.
1027000: system.cpu.commit: Activity This Cycle.
O3PipeView:fetch:1015000:0x7ffff801f26e:1:1874:  ADD_R_I : add   rdx, rdx, t1
O3PipeView:decode:1016000
O3PipeView:rename:1017000
O3PipeView:dispatch:1020000
O3PipeView:issue:1021000
O3PipeView:complete:1022000
O3PipeView:retire:1026000:store:0
1027000: global: DynInst: [sn:1874] Instruction destroyed. Instcount for system.cpu = 84
1027000: system.cpu: Activity: 12
1027000: system.cpu: Removing instruction, [tid:0] [sn:1878] PC (0x7ffff801f275=>0x7ffff801f277).(2=>3)
1027000: system.cpu: Removing instruction, [tid:0] [sn:1879] PC (0x7ffff801f277=>0x7ffff801f27b).(0=>1)
1027000: system.cpu: Removing instruction, [tid:0] [sn:1880] PC (0x7ffff801f277=>0x7ffff801f27b).(1=>2)
1027000: system.cpu: Removing instruction, [tid:0] [sn:1881] PC (0x7ffff801f27b=>0x7ffff801f27d).(0=>1)
1027000: system.cpu: Removing instruction, [tid:0] [sn:1882] PC (0x7ffff801f27b=>0x7ffff801f27d).(1=>2)
1027000: system.cpu: Removing instruction, [tid:0] [sn:1883] PC (0x7ffff801f27b=>0x7ffff801f266).(2=>3)
1027000: system.cpu: Removing instruction, [tid:0] [sn:1884] PC (0x7ffff801f266=>0x7ffff801f26a).(0=>1)
1027000: system.cpu: Scheduling next tick!
1028000: system.cpu: CPU already running.
1028000: global: RegFile: Setting int register 133 to 0
1028000: system.cpu.iew: Adding instruction [sn:1898] to commit queue.
1028000: system.cpu.iew: Current wb cycle: 0, width: 19, numInst: 0
wbActual:0
1028000: system.cpu.iew: Activity this cycle.
1028000: system.cpu: Activity: 13
1028000: system.cpu: 

O3CPU: Ticking main, O3CPU.
1028000: system.cpu.fetch: Running stage.
1028000: system.cpu.fetch: There are no more threads available to fetch from.
1028000: system.cpu.fetch: [tid:0] Fetch is waiting cache response!
1028000: system.cpu.decode: Processing [tid:0]
1028000: system.cpu.decode: [tid:0] Not blocked, so attempting to run stage.
1028000: system.cpu.decode: [tid:0] Sending instruction to rename.
1028000: system.cpu.decode: [tid:0] Processing instruction [sn:1946] with PC (0x7ffff801f294=>0x7ffff801f296).(0=>1)
1028000: system.cpu.decode: [tid:0] Processing instruction [sn:1947] with PC (0x7ffff801f294=>0x7ffff801f296).(1=>2)
1028000: system.cpu.decode: [tid:0] Processing instruction [sn:1948] with PC (0x7ffff801f294=>0x7ffff801f296).(2=>3)
1028000: system.cpu.decode: [tid:0] Processing instruction [sn:1949] with PC (0x7ffff801f296=>0x7ffff801f299).(0=>1)
1028000: system.cpu.decode: [tid:0] Processing instruction [sn:1950] with PC (0x7ffff801f299=>0x7ffff801f29c).(0=>1)
1028000: system.cpu.decode: [tid:0] Processing instruction [sn:1951] with PC (0x7ffff801f29c=>0x7ffff801f29f).(0=>1)
1028000: system.cpu.decode: [tid:0] Processing instruction [sn:1952] with PC (0x7ffff801f29f=>0x7ffff801f2a1).(0=>1)
1028000: system.cpu.decode: [tid:0] Processing instruction [sn:1953] with PC (0x7ffff801f29f=>0x7ffff801f2a1).(1=>2)
1028000: system.cpu.decode: [tid:0] Processing instruction [sn:1954] with PC (0x7ffff801f29f=>0x7ffff801f2a1).(2=>3)
1028000: system.cpu.decode: Activity this cycle.
1028000: system.cpu.rename: Processing [tid:0]
1028000: system.cpu.rename: [tid:0] Free IQ: 547, Free ROB: 869, Free LQ: 129, Free SQ: 63, FreeRM 127(844 870 917 1834 127 8 4559)
1028000: system.cpu.rename: [tid:0] 22 instructions not yet in ROB
1028000: system.cpu.rename: calcFreeLQEntries: free lqEntries: 129, loadsInProgress: 1, loads dispatchedToLQ: 0
1028000: system.cpu.rename: [tid:0] Not blocked, so attempting to run stage.
1028000: system.cpu.rename: [tid:0] 10 available instructions to send iew.
1028000: system.cpu.rename: [tid:0] 22 insts pipelining from Rename | 10 insts dispatched to IQ last cycle.
1028000: system.cpu.rename: [tid:0] Sending instructions to IEW.
1028000: system.cpu.rename: [tid:0] Processing instruction [sn:1936] with PC (0x7ffff801f27d=>0x7ffff801f284).(0=>1).
1028000: system.cpu.rename: [tid:0] Looking up invalid arch reg 0, got phys reg 4294967295 (invalid)
1028000: system.cpu.rename: [tid:0] Register 4294967295 (flat: 4294967295) (invalid) is ready.
1028000: global: [sn:1936] has 1 ready out of 3 sources. RTI 0)
1028000: system.cpu.rename: [tid:0] Looking up integer arch reg 0, got phys reg 194 (integer)
1028000: system.cpu.rename: [tid:0] Register 194 (flat: 194) (integer) is not ready.
1028000: system.cpu.rename: [tid:0] Looking up integer arch reg 7, got phys reg 56 (integer)
1028000: system.cpu.rename: [tid:0] Register 56 (flat: 56) (integer) is ready.
1028000: global: [sn:1936] has 2 ready out of 3 sources. RTI 0)
1028000: global: Renamed reg rdi to physical reg 186 (186) old mapping was 56 (56)
1028000: system.cpu.rename: [tid:0] Renaming arch reg 7 (integer) to physical reg 186 (186).
1028000: system.cpu.rename: [tid:0] [sn:1936] Adding instruction to history buffer (size=110).
1028000: system.cpu.rename: [tid:0] Sending instructions to IEW.
1028000: system.cpu.rename: [tid:0] Processing instruction [sn:1937] with PC (0x7ffff801f284=>0x7ffff801f288).(0=>1).
1028000: global: Renamed reg t1 to physical reg 185 (185) old mapping was 188 (188)
1028000: system.cpu.rename: [tid:0] Renaming arch reg 17 (integer) to physical reg 185 (185).
1028000: system.cpu.rename: [tid:0] [sn:1937] Adding instruction to history buffer (size=111).
1028000: system.cpu.rename: [tid:0] Sending instructions to IEW.
1028000: system.cpu.rename: [tid:0] Processing instruction [sn:1938] with PC (0x7ffff801f284=>0x7ffff801f288).(1=>2).
1028000: system.cpu.rename: [tid:0] Looking up integer arch reg 7, got phys reg 186 (integer)
1028000: system.cpu.rename: [tid:0] Register 186 (flat: 186) (integer) is not ready.
1028000: system.cpu.rename: [tid:0] Looking up integer arch reg 17, got phys reg 185 (integer)
1028000: system.cpu.rename: [tid:0] Register 185 (flat: 185) (integer) is not ready.
1028000: system.cpu.rename: [tid:0] Looking up invalid arch reg 0, got phys reg 4294967295 (invalid)
1028000: system.cpu.rename: [tid:0] Register 4294967295 (flat: 4294967295) (invalid) is ready.
1028000: global: [sn:1938] has 1 ready out of 7 sources. RTI 0)
1028000: system.cpu.rename: [tid:0] Looking up invalid arch reg 0, got phys reg 4294967295 (invalid)
1028000: system.cpu.rename: [tid:0] Register 4294967295 (flat: 4294967295) (invalid) is ready.
1028000: global: [sn:1938] has 2 ready out of 7 sources. RTI 0)
1028000: system.cpu.rename: [tid:0] Looking up invalid arch reg 0, got phys reg 4294967295 (invalid)
1028000: system.cpu.rename: [tid:0] Register 4294967295 (flat: 4294967295) (invalid) is ready.
1028000: global: [sn:1938] has 3 ready out of 7 sources. RTI 0)
1028000: system.cpu.rename: [tid:0] Looking up invalid arch reg 0, got phys reg 4294967295 (invalid)
1028000: system.cpu.rename: [tid:0] Register 4294967295 (flat: 4294967295) (invalid) is ready.
1028000: global: [sn:1938] has 4 ready out of 7 sources. RTI 0)
1028000: system.cpu.rename: [tid:0] Looking up invalid arch reg 0, got phys reg 4294967295 (invalid)
1028000: system.cpu.rename: [tid:0] Register 4294967295 (flat: 4294967295) (invalid) is ready.
1028000: global: [sn:1938] has 5 ready out of 7 sources. RTI 0)
1028000: system.cpu.rename: [tid:0] Renaming arch reg 0 (invalid) to physical reg 4294967295 (4294967295).
1028000: system.cpu.rename: [tid:0] [sn:1938] Adding instruction to history buffer (size=112).
1028000: global: Renamed reg condition_code[0] to physical reg 5449 (5449) old mapping was 5447 (5447)
1028000: system.cpu.rename: [tid:0] Renaming arch reg 0 (condition_code) to physical reg 723 (5449).
1028000: system.cpu.rename: [tid:0] [sn:1938] Adding instruction to history buffer (size=113).
1028000: global: Renamed reg condition_code[1] to physical reg 5450 (5450) old mapping was 5448 (5448)
1028000: system.cpu.rename: [tid:0] Renaming arch reg 1 (condition_code) to physical reg 724 (5450).
1028000: system.cpu.rename: [tid:0] [sn:1938] Adding instruction to history buffer (size=114).
1028000: system.cpu.rename: [tid:0] Renaming arch reg 0 (invalid) to physical reg 4294967295 (4294967295).
1028000: system.cpu.rename: [tid:0] [sn:1938] Adding instruction to history buffer (size=115).
1028000: system.cpu.rename: [tid:0] Renaming arch reg 0 (invalid) to physical reg 4294967295 (4294967295).
1028000: system.cpu.rename: [tid:0] [sn:1938] Adding instruction to history buffer (size=116).
1028000: system.cpu.rename: [tid:0] Renaming arch reg 0 (invalid) to physical reg 4294967295 (4294967295).
1028000: system.cpu.rename: [tid:0] [sn:1938] Adding instruction to history buffer (size=117).
1028000: system.cpu.rename: [tid:0] Sending instructions to IEW.
1028000: system.cpu.rename: [tid:0] Processing instruction [sn:1939] with PC (0x7ffff801f288=>0x7ffff801f28a).(0=>1).
1028000: system.cpu.rename: [tid:0] Looking up miscellaneous arch reg 153, got phys reg 153 (miscellaneous)
1028000: system.cpu.rename: [tid:0] Register 153 (flat: 0) (miscellaneous) is ready.
1028000: global: [sn:1939] has 1 ready out of 1 sources. RTI 0)
1028000: global: Renamed reg t1 to physical reg 184 (184) old mapping was 185 (185)
1028000: system.cpu.rename: [tid:0] Renaming arch reg 17 (integer) to physical reg 184 (184).
1028000: system.cpu.rename: [tid:0] [sn:1939] Adding instruction to history buffer (size=118).
1028000: system.cpu.rename: [tid:0] Sending instructions to IEW.
1028000: system.cpu.rename: [tid:0] Processing instruction [sn:1940] with PC (0x7ffff801f288=>0x7ffff801f28a).(1=>2).
1028000: global: Renamed reg t2 to physical reg 183 (183) old mapping was 187 (187)
1028000: system.cpu.rename: [tid:0] Renaming arch reg 18 (integer) to physical reg 183 (183).
1028000: system.cpu.rename: [tid:0] [sn:1940] Adding instruction to history buffer (size=119).
1028000: system.cpu.rename: [tid:0] Sending instructions to IEW.
1028000: system.cpu.rename: [tid:0] Processing instruction [sn:1941] with PC (0x7ffff801f288=>0x7ffff801f28a).(2=>3).
1028000: system.cpu.rename: [tid:0] Looking up integer arch reg 17, got phys reg 184 (integer)
1028000: system.cpu.rename: [tid:0] Register 184 (flat: 184) (integer) is not ready.
1028000: system.cpu.rename: [tid:0] Looking up integer arch reg 18, got phys reg 183 (integer)
1028000: system.cpu.rename: [tid:0] Register 183 (flat: 183) (integer) is not ready.
1028000: system.cpu.rename: [tid:0] Looking up condition_code arch reg 0, got phys reg 723 (condition_code)
1028000: system.cpu.rename: [tid:0] Register 723 (flat: 5449) (condition_code) is not ready.
1028000: system.cpu.rename: [tid:0] Looking up condition_code arch reg 1, got phys reg 724 (condition_code)
1028000: system.cpu.rename: [tid:0] Register 724 (flat: 5450) (condition_code) is not ready.
1028000: system.cpu.rename: [tid:0] Looking up condition_code arch reg 2, got phys reg 2 (condition_code)
1028000: system.cpu.rename: [tid:0] Register 2 (flat: 4728) (condition_code) is ready.
1028000: global: [sn:1941] has 1 ready out of 8 sources. RTI 0)
1028000: system.cpu.rename: [tid:0] Looking up condition_code arch reg 3, got phys reg 3 (condition_code)
1028000: system.cpu.rename: [tid:0] Register 3 (flat: 4729) (condition_code) is ready.
1028000: global: [sn:1941] has 2 ready out of 8 sources. RTI 0)
1028000: system.cpu.rename: [tid:0] Looking up condition_code arch reg 4, got phys reg 4 (condition_code)
1028000: system.cpu.rename: [tid:0] Register 4 (flat: 4730) (condition_code) is ready.
1028000: global: [sn:1941] has 3 ready out of 8 sources. RTI 0)
1028000: system.cpu.rename: [tid:0] Looking up miscellaneous arch reg 153, got phys reg 153 (miscellaneous)
1028000: system.cpu.rename: [tid:0] Register 153 (flat: 0) (miscellaneous) is ready.
1028000: global: [sn:1941] has 4 ready out of 8 sources. RTI 0)
1028000: system.cpu.rename: [tid:0] Sending instructions to IEW.
1028000: system.cpu.rename: [tid:0] Processing instruction [sn:1942] with PC (0x7ffff801f28a=>0x7ffff801f28d).(0=>1).
1028000: system.cpu.rename: [tid:0] Looking up invalid arch reg 0, got phys reg 4294967295 (invalid)
1028000: system.cpu.rename: [tid:0] Register 4294967295 (flat: 4294967295) (invalid) is ready.
1028000: global: [sn:1942] has 1 ready out of 3 sources. RTI 0)
1028000: system.cpu.rename: [tid:0] Looking up integer arch reg 8, got phys reg 65 (integer)
1028000: system.cpu.rename: [tid:0] Register 65 (flat: 65) (integer) is ready.
1028000: global: [sn:1942] has 2 ready out of 3 sources. RTI 0)
1028000: system.cpu.rename: [tid:0] Looking up invalid arch reg 0, got phys reg 4294967295 (invalid)
1028000: system.cpu.rename: [tid:0] Register 4294967295 (flat: 4294967295) (invalid) is ready.
1028000: global: [sn:1942] has 3 ready out of 3 sources. RTI 0)
1028000: global: Renamed reg rdi to physical reg 182 (182) old mapping was 186 (186)
1028000: system.cpu.rename: [tid:0] Renaming arch reg 7 (integer) to physical reg 182 (182).
1028000: system.cpu.rename: [tid:0] [sn:1942] Adding instruction to history buffer (size=120).
1028000: system.cpu.rename: [tid:0] Sending instructions to IEW.
1028000: system.cpu.rename: [tid:0] Processing instruction [sn:1943] with PC (0x7ffff801f28d=>0x7ffff801f290).(0=>1).
1028000: system.cpu.rename: [tid:0] Looking up integer arch reg 7, got phys reg 182 (integer)
1028000: system.cpu.rename: [tid:0] Register 182 (flat: 182) (integer) is not ready.
1028000: system.cpu.rename: [tid:0] Looking up integer arch reg 0, got phys reg 194 (integer)
1028000: system.cpu.rename: [tid:0] Register 194 (flat: 194) (integer) is not ready.
1028000: system.cpu.rename: [tid:0] Looking up invalid arch reg 0, got phys reg 4294967295 (invalid)
1028000: system.cpu.rename: [tid:0] Register 4294967295 (flat: 4294967295) (invalid) is ready.
1028000: global: [sn:1943] has 1 ready out of 7 sources. RTI 0)
1028000: system.cpu.rename: [tid:0] Looking up invalid arch reg 0, got phys reg 4294967295 (invalid)
1028000: system.cpu.rename: [tid:0] Register 4294967295 (flat: 4294967295) (invalid) is ready.
1028000: global: [sn:1943] has 2 ready out of 7 sources. RTI 0)
1028000: system.cpu.rename: [tid:0] Looking up invalid arch reg 0, got phys reg 4294967295 (invalid)
1028000: system.cpu.rename: [tid:0] Register 4294967295 (flat: 4294967295) (invalid) is ready.
1028000: global: [sn:1943] has 3 ready out of 7 sources. RTI 0)
1028000: system.cpu.rename: [tid:0] Looking up invalid arch reg 0, got phys reg 4294967295 (invalid)
1028000: system.cpu.rename: [tid:0] Register 4294967295 (flat: 4294967295) (invalid) is ready.
1028000: global: [sn:1943] has 4 ready out of 7 sources. RTI 0)
1028000: system.cpu.rename: [tid:0] Looking up invalid arch reg 0, got phys reg 4294967295 (invalid)
1028000: system.cpu.rename: [tid:0] Register 4294967295 (flat: 4294967295) (invalid) is ready.
1028000: global: [sn:1943] has 5 ready out of 7 sources. RTI 0)
1028000: global: Renamed reg rdi to physical reg 181 (181) old mapping was 182 (182)
1028000: system.cpu.rename: [tid:0] Renaming arch reg 7 (integer) to physical reg 181 (181).
1028000: system.cpu.rename: [tid:0] [sn:1943] Adding instruction to history buffer (size=121).
1028000: global: Renamed reg condition_code[0] to physical reg 5451 (5451) old mapping was 5449 (5449)
1028000: system.cpu.rename: [tid:0] Renaming arch reg 0 (condition_code) to physical reg 725 (5451).
1028000: system.cpu.rename: [tid:0] [sn:1943] Adding instruction to history buffer (size=122).
1028000: global: Renamed reg condition_code[1] to physical reg 5452 (5452) old mapping was 5450 (5450)
1028000: system.cpu.rename: [tid:0] Renaming arch reg 1 (condition_code) to physical reg 726 (5452).
1028000: system.cpu.rename: [tid:0] [sn:1943] Adding instruction to history buffer (size=123).
1028000: system.cpu.rename: [tid:0] Renaming arch reg 0 (invalid) to physical reg 4294967295 (4294967295).
1028000: system.cpu.rename: [tid:0] [sn:1943] Adding instruction to history buffer (size=124).
1028000: system.cpu.rename: [tid:0] Renaming arch reg 0 (invalid) to physical reg 4294967295 (4294967295).
1028000: system.cpu.rename: [tid:0] [sn:1943] Adding instruction to history buffer (size=125).
1028000: system.cpu.rename: [tid:0] Renaming arch reg 0 (invalid) to physical reg 4294967295 (4294967295).
1028000: system.cpu.rename: [tid:0] [sn:1943] Adding instruction to history buffer (size=126).
1028000: system.cpu.rename: [tid:0] Sending instructions to IEW.
1028000: system.cpu.rename: [tid:0] Processing instruction [sn:1944] with PC (0x7ffff801f290=>0x7ffff801f294).(0=>1).
1028000: global: Renamed reg t1 to physical reg 180 (180) old mapping was 184 (184)
1028000: system.cpu.rename: [tid:0] Renaming arch reg 17 (integer) to physical reg 180 (180).
1028000: system.cpu.rename: [tid:0] [sn:1944] Adding instruction to history buffer (size=127).
1028000: system.cpu.rename: [tid:0] Sending instructions to IEW.
1028000: system.cpu.rename: [tid:0] Processing instruction [sn:1945] with PC (0x7ffff801f290=>0x7ffff801f294).(1=>2).
1028000: system.cpu.rename: [tid:0] Looking up integer arch reg 7, got phys reg 181 (integer)
1028000: system.cpu.rename: [tid:0] Register 181 (flat: 181) (integer) is not ready.
1028000: system.cpu.rename: [tid:0] Looking up integer arch reg 17, got phys reg 180 (integer)
1028000: system.cpu.rename: [tid:0] Register 180 (flat: 180) (integer) is not ready.
1028000: system.cpu.rename: [tid:0] Looking up invalid arch reg 0, got phys reg 4294967295 (invalid)
1028000: system.cpu.rename: [tid:0] Register 4294967295 (flat: 4294967295) (invalid) is ready.
1028000: global: [sn:1945] has 1 ready out of 7 sources. RTI 0)
1028000: system.cpu.rename: [tid:0] Looking up invalid arch reg 0, got phys reg 4294967295 (invalid)
1028000: system.cpu.rename: [tid:0] Register 4294967295 (flat: 4294967295) (invalid) is ready.
1028000: global: [sn:1945] has 2 ready out of 7 sources. RTI 0)
1028000: system.cpu.rename: [tid:0] Looking up invalid arch reg 0, got phys reg 4294967295 (invalid)
1028000: system.cpu.rename: [tid:0] Register 4294967295 (flat: 4294967295) (invalid) is ready.
1028000: global: [sn:1945] has 3 ready out of 7 sources. RTI 0)
1028000: system.cpu.rename: [tid:0] Looking up invalid arch reg 0, got phys reg 4294967295 (invalid)
1028000: system.cpu.rename: [tid:0] Register 4294967295 (flat: 4294967295) (invalid) is ready.
1028000: global: [sn:1945] has 4 ready out of 7 sources. RTI 0)
1028000: system.cpu.rename: [tid:0] Looking up invalid arch reg 0, got phys reg 4294967295 (invalid)
1028000: system.cpu.rename: [tid:0] Register 4294967295 (flat: 4294967295) (invalid) is ready.
1028000: global: [sn:1945] has 5 ready out of 7 sources. RTI 0)
1028000: system.cpu.rename: [tid:0] Renaming arch reg 0 (invalid) to physical reg 4294967295 (4294967295).
1028000: system.cpu.rename: [tid:0] [sn:1945] Adding instruction to history buffer (size=128).
1028000: global: Renamed reg condition_code[0] to physical reg 5453 (5453) old mapping was 5451 (5451)
1028000: system.cpu.rename: [tid:0] Renaming arch reg 0 (condition_code) to physical reg 727 (5453).
1028000: system.cpu.rename: [tid:0] [sn:1945] Adding instruction to history buffer (size=129).
1028000: global: Renamed reg condition_code[1] to physical reg 5454 (5454) old mapping was 5452 (5452)
1028000: system.cpu.rename: [tid:0] Renaming arch reg 1 (condition_code) to physical reg 728 (5454).
1028000: system.cpu.rename: [tid:0] [sn:1945] Adding instruction to history buffer (size=130).
1028000: system.cpu.rename: [tid:0] Renaming arch reg 0 (invalid) to physical reg 4294967295 (4294967295).
1028000: system.cpu.rename: [tid:0] [sn:1945] Adding instruction to history buffer (size=131).
1028000: system.cpu.rename: [tid:0] Renaming arch reg 0 (invalid) to physical reg 4294967295 (4294967295).
1028000: system.cpu.rename: [tid:0] [sn:1945] Adding instruction to history buffer (size=132).
1028000: system.cpu.rename: [tid:0] Renaming arch reg 0 (invalid) to physical reg 4294967295 (4294967295).
1028000: system.cpu.rename: [tid:0] [sn:1945] Adding instruction to history buffer (size=133).
1028000: system.cpu.rename: Activity this cycle.
1028000: system.cpu.rename: [tid:0] Removing a committed instruction from the history buffer 0 (size=133), until [sn:1884].
1028000: system.cpu.rename: [tid:0] Attempting to free older rename of reg 136 (integer), [sn:1879].
1028000: system.cpu.rename: [tid:0] Attempting to free older rename of reg 4294967295 (invalid), [sn:1880].
1028000: system.cpu.rename: [tid:0] Attempting to free older rename of reg 695 (condition_code), [sn:1880].
1028000: system.cpu.rename: [tid:0] Attempting to free older rename of reg 696 (condition_code), [sn:1880].
1028000: system.cpu.rename: [tid:0] Attempting to free older rename of reg 4294967295 (invalid), [sn:1880].
1028000: system.cpu.rename: [tid:0] Attempting to free older rename of reg 4294967295 (invalid), [sn:1880].
1028000: system.cpu.rename: [tid:0] Attempting to free older rename of reg 4294967295 (invalid), [sn:1880].
1028000: system.cpu.rename: [tid:0] Attempting to free older rename of reg 134 (integer), [sn:1881].
1028000: system.cpu.rename: [tid:0] Attempting to free older rename of reg 135 (integer), [sn:1882].
1028000: system.cpu.iew: Issue: Processing [tid:0]
1028000: system.cpu.iew: [tid:0] Not blocked, so attempting to run dispatch.
1028000: system.cpu.iew: [tid:0] Issue: Adding PC (0x7ffff801f26a=>0x7ffff801f26e).(0=>1) [sn:1924] [tid:0] to IQ.
1028000: system.cpu.iew: [tid:0] Issue: Memory instruction encountered, adding to LSQ.
1028000: system.cpu.iew.lsq.thread0: Inserting load PC (0x7ffff801f26a=>0x7ffff801f26e).(0=>1), idx:22 [sn:1924]
1028000: system.cpu.iq: Adding instruction [sn:1924] PC (0x7ffff801f26a=>0x7ffff801f26e).(0=>1) to the IQ.
1028000: system.cpu.iq: Instruction PC (0x7ffff801f26a=>0x7ffff801f26e).(0=>1) has src reg 200 (integer) that is being added to the dependency chain.
1028000: system.cpu.memDep0: No dependency for inst PC (0x7ffff801f26a=>0x7ffff801f26e).(0=>1) [sn:1924].
1028000: system.cpu.iew: [tid:0] Issue: Adding PC (0x7ffff801f26e=>0x7ffff801f272).(0=>1) [sn:1925] [tid:0] to IQ.
1028000: system.cpu.iq: Adding instruction [sn:1925] PC (0x7ffff801f26e=>0x7ffff801f272).(0=>1) to the IQ.
1028000: system.cpu.iq: Instruction is ready to issue, putting it onto the ready list, PC (0x7ffff801f26e=>0x7ffff801f272).(0=>1) opclass:1 [sn:1925].
1028000: system.cpu.iew: [tid:0] Issue: Adding PC (0x7ffff801f26e=>0x7ffff801f272).(1=>2) [sn:1926] [tid:0] to IQ.
1028000: system.cpu.iq: Adding instruction [sn:1926] PC (0x7ffff801f26e=>0x7ffff801f272).(1=>2) to the IQ.
1028000: system.cpu.iq: Instruction PC (0x7ffff801f26e=>0x7ffff801f272).(1=>2) has src reg 200 (integer) that is being added to the dependency chain.
1028000: system.cpu.iq: Instruction PC (0x7ffff801f26e=>0x7ffff801f272).(1=>2) has src reg 193 (integer) that is being added to the dependency chain.
1028000: system.cpu.iew: [tid:0] Issue: Adding PC (0x7ffff801f272=>0x7ffff801f275).(0=>1) [sn:1927] [tid:0] to IQ.
1028000: system.cpu.iq: Adding instruction [sn:1927] PC (0x7ffff801f272=>0x7ffff801f275).(0=>1) to the IQ.
1028000: system.cpu.iq: Instruction PC (0x7ffff801f272=>0x7ffff801f275).(0=>1) has src reg 194 (integer) that is being added to the dependency chain.
1028000: system.cpu.iq: Instruction PC (0x7ffff801f272=>0x7ffff801f275).(0=>1) has src reg 194 (integer) that is being added to the dependency chain.
1028000: system.cpu.iew: [tid:0] Issue: Adding PC (0x7ffff801f275=>0x7ffff801f277).(0=>1) [sn:1928] [tid:0] to IQ.
1028000: system.cpu.iq: Adding instruction [sn:1928] PC (0x7ffff801f275=>0x7ffff801f277).(0=>1) to the IQ.
1028000: system.cpu.iq: Instruction is ready to issue, putting it onto the ready list, PC (0x7ffff801f275=>0x7ffff801f277).(0=>1) opclass:1 [sn:1928].
1028000: system.cpu.iew: [tid:0] Issue: Adding PC (0x7ffff801f275=>0x7ffff801f277).(1=>2) [sn:1929] [tid:0] to IQ.
1028000: system.cpu.iq: Adding instruction [sn:1929] PC (0x7ffff801f275=>0x7ffff801f277).(1=>2) to the IQ.
1028000: system.cpu.iq: Instruction is ready to issue, putting it onto the ready list, PC (0x7ffff801f275=>0x7ffff801f277).(1=>2) opclass:1 [sn:1929].
1028000: system.cpu.iew: [tid:0] Issue: Adding PC (0x7ffff801f275=>0x7ffff801f277).(2=>3) [sn:1930] [tid:0] to IQ.
1028000: system.cpu.iq: Adding instruction [sn:1930] PC (0x7ffff801f275=>0x7ffff801f277).(2=>3) to the IQ.
1028000: system.cpu.iq: Instruction PC (0x7ffff801f275=>0x7ffff801f277).(2=>3) has src reg 191 (integer) that is being added to the dependency chain.
1028000: system.cpu.iq: Instruction PC (0x7ffff801f275=>0x7ffff801f277).(2=>3) has src reg 190 (integer) that is being added to the dependency chain.
1028000: system.cpu.iq: Instruction PC (0x7ffff801f275=>0x7ffff801f277).(2=>3) has src reg 719 (condition_code) that is being added to the dependency chain.
1028000: system.cpu.iq: Instruction PC (0x7ffff801f275=>0x7ffff801f277).(2=>3) has src reg 720 (condition_code) that is being added to the dependency chain.
1028000: system.cpu.iew: [tid:0] Issue: Adding PC (0x7ffff801f277=>0x7ffff801f27b).(0=>1) [sn:1931] [tid:0] to IQ.
1028000: system.cpu.iq: Adding instruction [sn:1931] PC (0x7ffff801f277=>0x7ffff801f27b).(0=>1) to the IQ.
1028000: system.cpu.iq: Instruction is ready to issue, putting it onto the ready list, PC (0x7ffff801f277=>0x7ffff801f27b).(0=>1) opclass:1 [sn:1931].
1028000: system.cpu.iew: [tid:0] Issue: Adding PC (0x7ffff801f277=>0x7ffff801f27b).(1=>2) [sn:1932] [tid:0] to IQ.
1028000: system.cpu.iq: Adding instruction [sn:1932] PC (0x7ffff801f277=>0x7ffff801f27b).(1=>2) to the IQ.
1028000: system.cpu.iq: Instruction PC (0x7ffff801f277=>0x7ffff801f27b).(1=>2) has src reg 194 (integer) that is being added to the dependency chain.
1028000: system.cpu.iq: Instruction PC (0x7ffff801f277=>0x7ffff801f27b).(1=>2) has src reg 189 (integer) that is being added to the dependency chain.
1028000: system.cpu.iew: [tid:0] Issue: Adding PC (0x7ffff801f27b=>0x7ffff801f27d).(0=>1) [sn:1933] [tid:0] to IQ.
1028000: system.cpu.iq: Adding instruction [sn:1933] PC (0x7ffff801f27b=>0x7ffff801f27d).(0=>1) to the IQ.
1028000: system.cpu.iq: Instruction is ready to issue, putting it onto the ready list, PC (0x7ffff801f27b=>0x7ffff801f27d).(0=>1) opclass:1 [sn:1933].
1028000: system.cpu.iew: Execute: Executing instructions from IQ.
1028000: system.cpu.iew: Execute: Processing PC (0x7ffff801f26a=>0x7ffff801f26e).(0=>1), [tid:0] [sn:1911].
1028000: system.cpu.iew: Execute: Calculating address for memory reference.
1028000: system.cpu.iew.lsq.thread0: Executing load PC (0x7ffff801f26a=>0x7ffff801f26e).(0=>1), [sn:1911]
1028000: global: RegFile: Access to int register 208, has data 0x7ffff8036f88
1028000: system.cpu.iew.lsq.thread0: Read called, load idx: 21, store idx: 35, storeHead: 26 addr: 0x19df98
1028000: system.cpu.iew.lsq.thread0: Doing memory access for inst [sn:1911] PC (0x7ffff801f26a=>0x7ffff801f26e).(0=>1)
1028000: system.cpu.iew.lsq.thread0: Memory request (pkt: ReadResp [19df98:19df9f]) from inst [sn:1911] was sent (cache is blocked: 0, cache_got_blocked: 0)
1028000: system.cpu.iew: Execute: Executing instructions from IQ.
1028000: system.cpu.iew: Execute: Processing PC (0x7ffff801f26e=>0x7ffff801f272).(1=>2), [tid:0] [sn:1913].
1028000: global: RegFile: Access to int register 208, has data 0x7ffff8036f88
1028000: global: RegFile: Access to int register 201, has data 0x10
1028000: global: RegFile: Setting int register 200 to 0x7ffff8036f98
1028000: global: RegFile: Setting cc register 711 to 0
1028000: global: RegFile: Setting cc register 712 to 0
1028000: system.cpu.iew: Adding instruction [sn:1913] to commit queue.
1028000: system.cpu.iew: Current wb cycle: 0, width: 19, numInst: 1
wbActual:1
1028000: system.cpu.iew: Execute: Executing instructions from IQ.
1028000: system.cpu.iew: Execute: Processing PC (0x7ffff801f275=>0x7ffff801f277).(0=>1), [tid:0] [sn:1915].
1028000: global: RegFile: Setting int register 199 to 0x7ffff801f277
1028000: system.cpu.iew: Adding instruction [sn:1915] to commit queue.
1028000: system.cpu.iew: Current wb cycle: 0, width: 19, numInst: 2
wbActual:2
1028000: system.cpu.iew: Execute: Executing instructions from IQ.
1028000: system.cpu.iew: Execute: Processing PC (0x7ffff801f275=>0x7ffff801f277).(1=>2), [tid:0] [sn:1916].
1028000: global: RegFile: Setting int register 198 to 0x51
1028000: system.cpu.iew: Adding instruction [sn:1916] to commit queue.
1028000: system.cpu.iew: Current wb cycle: 0, width: 19, numInst: 3
wbActual:3
1028000: system.cpu.iew: Execute: Executing instructions from IQ.
1028000: system.cpu.iew: Execute: Processing PC (0x7ffff801f277=>0x7ffff801f27b).(0=>1), [tid:0] [sn:1918].
1028000: global: RegFile: Setting int register 197 to 0x25
1028000: system.cpu.iew: Adding instruction [sn:1918] to commit queue.
1028000: system.cpu.iew: Current wb cycle: 0, width: 19, numInst: 4
wbActual:4
1028000: system.cpu.iew: Execute: Executing instructions from IQ.
1028000: system.cpu.iew: Execute: Processing PC (0x7ffff801f27b=>0x7ffff801f27d).(0=>1), [tid:0] [sn:1920].
1028000: global: RegFile: Setting int register 196 to 0x7ffff801f27d
1028000: system.cpu.iew: Adding instruction [sn:1920] to commit queue.
1028000: system.cpu.iew: Current wb cycle: 0, width: 19, numInst: 5
wbActual:5
1028000: system.cpu.iew: Execute: Executing instructions from IQ.
1028000: system.cpu.iew: Execute: Processing PC (0x7ffff801f27b=>0x7ffff801f27d).(1=>2), [tid:0] [sn:1921].
1028000: global: RegFile: Setting int register 195 to 0xffffffffffffffe9
1028000: system.cpu.iew: Adding instruction [sn:1921] to commit queue.
1028000: system.cpu.iew: Current wb cycle: 0, width: 19, numInst: 6
wbActual:6
1028000: system.cpu.iew: Sending instructions to commit, [sn:1898] PC (0x7ffff801f26a=>0x7ffff801f26e).(0=>1).
1028000: system.cpu.iq: Waking dependents of completed instruction.
1028000: system.cpu.memDep0: Completed mem instruction PC (0x7ffff801f26a=>0x7ffff801f26e).(0=>1) [sn:1898].
1028000: system.cpu.iq: Completing mem instruction PC: (0x7ffff801f26a=>0x7ffff801f26e).(0=>1) [sn:1898]
1028000: system.cpu.iq: Waking any dependents on register 133 (integer).
1028000: system.cpu.iq: Waking up a dependent instruction, [sn:1910] PC (0x7ffff801f266=>0x7ffff801f26a).(0=>1).
1028000: global: [sn:1910] has 4 ready out of 4 sources. RTI 0)
1028000: system.cpu.iq: Checking if memory instruction can issue.
1028000: system.cpu.memDep0: Marking registers as ready for instruction PC (0x7ffff801f266=>0x7ffff801f26a).(0=>1) [sn:1910].
1028000: system.cpu.memDep0: Instruction has its memory dependencies resolved, adding it to the ready list.
1028000: system.cpu.memDep0: Adding instruction [sn:1910] to the ready list.
1028000: system.cpu.iq: Instruction is ready to issue, putting it onto the ready list, PC (0x7ffff801f266=>0x7ffff801f26a).(0=>1) opclass:53 [sn:1910].
1028000: system.cpu.iq: Waking up a dependent instruction, [sn:1906] PC (0x7ffff801f277=>0x7ffff801f27b).(1=>2).
1028000: global: [sn:1906] has 7 ready out of 7 sources. RTI 0)
1028000: system.cpu.iq: Instruction is ready to issue, putting it onto the ready list, PC (0x7ffff801f277=>0x7ffff801f27b).(1=>2) opclass:1 [sn:1906].
1028000: system.cpu.iq: Waking up a dependent instruction, [sn:1901] PC (0x7ffff801f272=>0x7ffff801f275).(0=>1).
1028000: global: [sn:1901] has 6 ready out of 7 sources. RTI 0)
1028000: system.cpu.iq: Waking up a dependent instruction, [sn:1901] PC (0x7ffff801f272=>0x7ffff801f275).(0=>1).
1028000: global: [sn:1901] has 7 ready out of 7 sources. RTI 0)
1028000: system.cpu.iq: Instruction is ready to issue, putting it onto the ready list, PC (0x7ffff801f272=>0x7ffff801f275).(0=>1) opclass:1 [sn:1901].
1028000: system.cpu.iew: Setting Destination Register 133 (integer)
1028000: system.cpu.scoreboard: Setting reg 133 (integer) as ready
1028000: system.cpu.iew: Sending instructions to commit, [sn:1913] PC (0x7ffff801f26e=>0x7ffff801f272).(1=>2).
1028000: system.cpu.iq: Waking dependents of completed instruction.
1028000: system.cpu.iq: Waking any dependents on register 200 (integer).
1028000: system.cpu.iq: Waking up a dependent instruction, [sn:1926] PC (0x7ffff801f26e=>0x7ffff801f272).(1=>2).
1028000: global: [sn:1926] has 6 ready out of 7 sources. RTI 0)
1028000: system.cpu.iq: Waking up a dependent instruction, [sn:1924] PC (0x7ffff801f26a=>0x7ffff801f26e).(0=>1).
1028000: global: [sn:1924] has 3 ready out of 3 sources. RTI 0)
1028000: system.cpu.iq: Checking if memory instruction can issue.
1028000: system.cpu.memDep0: Marking registers as ready for instruction PC (0x7ffff801f26a=>0x7ffff801f26e).(0=>1) [sn:1924].
1028000: system.cpu.memDep0: Instruction has its memory dependencies resolved, adding it to the ready list.
1028000: system.cpu.memDep0: Adding instruction [sn:1924] to the ready list.
1028000: system.cpu.iq: Instruction is ready to issue, putting it onto the ready list, PC (0x7ffff801f26a=>0x7ffff801f26e).(0=>1) opclass:52 [sn:1924].
1028000: system.cpu.iq: Waking up a dependent instruction, [sn:1923] PC (0x7ffff801f266=>0x7ffff801f26a).(0=>1).
1028000: global: [sn:1923] has 3 ready out of 4 sources. RTI 0)
1028000: system.cpu.iq: Waking any dependents on register 711 (condition_code).
1028000: system.cpu.iq: Waking any dependents on register 712 (condition_code).
1028000: system.cpu.iq: Reg 4294967295 [invalid] is part of a fix mapping, skipping
1028000: system.cpu.iq: Reg 4294967295 [invalid] is part of a fix mapping, skipping
1028000: system.cpu.iq: Reg 4294967295 [invalid] is part of a fix mapping, skipping
1028000: system.cpu.iew: Setting Destination Register 200 (integer)
1028000: system.cpu.scoreboard: Setting reg 200 (integer) as ready
1028000: system.cpu.iew: Setting Destination Register 711 (condition_code)
1028000: system.cpu.scoreboard: Setting reg 711 (condition_code) as ready
1028000: system.cpu.iew: Setting Destination Register 712 (condition_code)
1028000: system.cpu.scoreboard: Setting reg 712 (condition_code) as ready
1028000: system.cpu.iew: Setting Destination Register 4294967295 (invalid)
1028000: system.cpu.iew: Setting Destination Register 4294967295 (invalid)
1028000: system.cpu.iew: Setting Destination Register 4294967295 (invalid)
1028000: system.cpu.iew: Sending instructions to commit, [sn:1915] PC (0x7ffff801f275=>0x7ffff801f277).(0=>1).
1028000: system.cpu.iq: Waking dependents of completed instruction.
1028000: system.cpu.iq: Waking any dependents on register 199 (integer).
1028000: system.cpu.iq: Waking up a dependent instruction, [sn:1917] PC (0x7ffff801f275=>0x7ffff801f277).(2=>3).
1028000: global: [sn:1917] has 5 ready out of 8 sources. RTI 0)
1028000: system.cpu.iew: Setting Destination Register 199 (integer)
1028000: system.cpu.scoreboard: Setting reg 199 (integer) as ready
1028000: system.cpu.iew: Sending instructions to commit, [sn:1916] PC (0x7ffff801f275=>0x7ffff801f277).(1=>2).
1028000: system.cpu.iq: Waking dependents of completed instruction.
1028000: system.cpu.iq: Waking any dependents on register 198 (integer).
1028000: system.cpu.iq: Waking up a dependent instruction, [sn:1917] PC (0x7ffff801f275=>0x7ffff801f277).(2=>3).
1028000: global: [sn:1917] has 6 ready out of 8 sources. RTI 0)
1028000: system.cpu.iew: Setting Destination Register 198 (integer)
1028000: system.cpu.scoreboard: Setting reg 198 (integer) as ready
1028000: system.cpu.iew: Sending instructions to commit, [sn:1918] PC (0x7ffff801f277=>0x7ffff801f27b).(0=>1).
1028000: system.cpu.iq: Waking dependents of completed instruction.
1028000: system.cpu.iq: Waking any dependents on register 197 (integer).
1028000: system.cpu.iq: Waking up a dependent instruction, [sn:1919] PC (0x7ffff801f277=>0x7ffff801f27b).(1=>2).
1028000: global: [sn:1919] has 6 ready out of 7 sources. RTI 0)
1028000: system.cpu.iew: Setting Destination Register 197 (integer)
1028000: system.cpu.scoreboard: Setting reg 197 (integer) as ready
1028000: system.cpu.iew: Sending instructions to commit, [sn:1920] PC (0x7ffff801f27b=>0x7ffff801f27d).(0=>1).
1028000: system.cpu.iq: Waking dependents of completed instruction.
1028000: system.cpu.iq: Waking any dependents on register 196 (integer).
1028000: system.cpu.iq: Waking up a dependent instruction, [sn:1922] PC (0x7ffff801f27b=>0x7ffff801f27d).(2=>3).
1028000: global: [sn:1922] has 5 ready out of 8 sources. RTI 0)
1028000: system.cpu.iew: Setting Destination Register 196 (integer)
1028000: system.cpu.scoreboard: Setting reg 196 (integer) as ready
1028000: system.cpu.iew: Sending instructions to commit, [sn:1921] PC (0x7ffff801f27b=>0x7ffff801f27d).(1=>2).
1028000: system.cpu.iq: Waking dependents of completed instruction.
1028000: system.cpu.iq: Waking any dependents on register 195 (integer).
1028000: system.cpu.iq: Waking up a dependent instruction, [sn:1922] PC (0x7ffff801f27b=>0x7ffff801f27d).(2=>3).
1028000: global: [sn:1922] has 6 ready out of 8 sources. RTI 0)
1028000: system.cpu.iew: Setting Destination Register 195 (integer)
1028000: system.cpu.scoreboard: Setting reg 195 (integer) as ready
1028000: system.cpu.iq: Attempting to schedule ready instructions from the IQ.
1028000: system.cpu.iq: Thread 0: Issuing instruction PC (0x7ffff801f272=>0x7ffff801f275).(0=>1) [sn:1901]
1028000: system.cpu.iq: Thread 0: Issuing instruction PC (0x7ffff801f277=>0x7ffff801f27b).(1=>2) [sn:1906]
1028000: system.cpu.iq: Thread 0: Issuing instruction PC (0x7ffff801f266=>0x7ffff801f26a).(0=>1) [sn:1910]
1028000: system.cpu.memDep0: Issuing instruction PC 0x7ffff801f266 [sn:1910].
1028000: system.cpu.iq: Thread 0: Issuing instruction PC (0x7ffff801f26a=>0x7ffff801f26e).(0=>1) [sn:1924]
1028000: system.cpu.memDep0: Issuing instruction PC 0x7ffff801f26a [sn:1924].
1028000: system.cpu.iq: Thread 0: Issuing instruction PC (0x7ffff801f26e=>0x7ffff801f272).(0=>1) [sn:1925]
1028000: system.cpu.iq: Thread 0: Issuing instruction PC (0x7ffff801f275=>0x7ffff801f277).(0=>1) [sn:1928]
1028000: system.cpu.iq: Thread 0: Issuing instruction PC (0x7ffff801f275=>0x7ffff801f277).(1=>2) [sn:1929]
1028000: system.cpu.iq: Thread 0: Issuing instruction PC (0x7ffff801f277=>0x7ffff801f27b).(0=>1) [sn:1931]
1028000: system.cpu.iq: Thread 0: Issuing instruction PC (0x7ffff801f27b=>0x7ffff801f27d).(0=>1) [sn:1933]
1028000: system.cpu.iew.lsq: [tid:0] Writing back stores. 5 stores available for Writeback.
1028000: system.cpu.iew: Processing [tid:0]
1028000: system.cpu.iew.lsq.thread0: Marking store as able to write back, PC (0x7ffff801f266=>0x7ffff801f26a).(0=>1) [sn:1884]
1028000: system.cpu.iq: [tid:0] Committing instructions older than [sn:1884]
O3PipeView:fetch:1015000:0x7ffff801f277:0:1879:  CMP_R_I : limm   t1, 0x25
O3PipeView:decode:1016000
O3PipeView:rename:1017000
O3PipeView:dispatch:1020000
O3PipeView:issue:1020000
O3PipeView:complete:1021000
O3PipeView:retire:1027000:store:0
1028000: global: DynInst: [sn:1879] Instruction destroyed. Instcount for system.cpu = 83
1028000: system.cpu.iew.lsq.thread0: LQ size: 132, #loads occupied: 4
1028000: system.cpu.iew.lsq.thread0: SQ size: 72, #stores occupied: 9
1028000: system.cpu.iew: [tid:0], Dispatch dispatched 10 instructions.
1028000: system.cpu.iew.lsq.thread0: SQ size: 72, #stores occupied: 9
1028000: system.cpu.iew.lsq.thread0: LQ size: 132, #loads occupied: 4
1028000: system.cpu.iew: IQ has 545 free entries (Can schedule: 0).  LQ has 128 free entries. SQ has 63 free entries.
1028000: system.cpu.iew: Activity this cycle.
1028000: system.cpu.commit: [tid:0] Squashing due to branch mispred PC:0x7ffff801f275 [sn:1891]
1028000: system.cpu.commit: [tid:0] Redirecting to PC (0x7ffff801f2c8=>0x7ffff801f2d0).(0=>1)
1028000: system.cpu.rob: Starting to squash within the ROB.
1028000: system.cpu.rob: [tid:0] Squashing instructions until [sn:1891].
1028000: system.cpu.rob: [tid:0] Squashing instruction PC (0x7ffff801f27b=>0x7ffff801f27d).(0=>1), seq num 1933.
1028000: system.cpu.rob: [tid:0] Squashing instruction PC (0x7ffff801f277=>0x7ffff801f27b).(1=>2), seq num 1932.
1028000: system.cpu.rob: [tid:0] Squashing instruction PC (0x7ffff801f277=>0x7ffff801f27b).(0=>1), seq num 1931.
1028000: system.cpu.rob: [tid:0] Squashing instruction PC (0x7ffff801f275=>0x7ffff801f277).(2=>3), seq num 1930.
1028000: system.cpu.rob: [tid:0] Squashing instruction PC (0x7ffff801f275=>0x7ffff801f277).(1=>2), seq num 1929.
1028000: system.cpu.rob: [tid:0] Squashing instruction PC (0x7ffff801f275=>0x7ffff801f277).(0=>1), seq num 1928.
1028000: system.cpu.rob: [tid:0] Squashing instruction PC (0x7ffff801f272=>0x7ffff801f275).(0=>1), seq num 1927.
1028000: system.cpu.rob: [tid:0] Squashing instruction PC (0x7ffff801f26e=>0x7ffff801f272).(1=>2), seq num 1926.
1028000: system.cpu.rob: [tid:0] Squashing instruction PC (0x7ffff801f26e=>0x7ffff801f272).(0=>1), seq num 1925.
1028000: system.cpu.rob: [tid:0] Squashing instruction PC (0x7ffff801f26a=>0x7ffff801f26e).(0=>1), seq num 1924.
1028000: system.cpu.commit: [tid:0] Marking PC (0x7ffff801f275=>0x7ffff801f2c8).(2=>3), [sn:1891] ready within ROB.
1028000: system.cpu.commit: [tid:0] Marking PC (0x7ffff801f27b=>0x7ffff801f266).(2=>3), [sn:1896] ready within ROB.
1028000: system.cpu.commit: [tid:0] Marking PC (0x7ffff801f26e=>0x7ffff801f272).(1=>2), [sn:1900] ready within ROB.
1028000: system.cpu.commit: [tid:0] Marking PC (0x7ffff801f277=>0x7ffff801f27b).(0=>1), [sn:1905] ready within ROB.
1028000: system.cpu.commit: [tid:0] Marking PC (0x7ffff801f27b=>0x7ffff801f27d).(0=>1), [sn:1907] ready within ROB.
1028000: system.cpu.commit: [tid:0] Marking PC (0x7ffff801f27b=>0x7ffff801f27d).(1=>2), [sn:1908] ready within ROB.
1028000: system.cpu.commit: [tid:0] Marking PC (0x7ffff801f26e=>0x7ffff801f272).(0=>1), [sn:1912] ready within ROB.
1028000: system.cpu.commit: [tid:0] Instruction [sn:1885] PC (0x7ffff801f26a=>0x7ffff801f26e).(0=>1) is head of ROB and ready to commit
1028000: system.cpu.commit: [tid:0] ROB has 49 insts & 869 free entries.
1028000: system.cpu.commit: Activity This Cycle.
O3PipeView:fetch:1016000:0x7ffff801f27b:1:1882:  JBE_I : limm   t2, 0xffffffffffffffe9
O3PipeView:decode:1019000
O3PipeView:rename:1020000
O3PipeView:dispatch:1022000
O3PipeView:issue:1022000
O3PipeView:complete:1023000
O3PipeView:retire:1027000:store:0
1028000: global: DynInst: [sn:1882] Instruction destroyed. Instcount for system.cpu = 82
O3PipeView:fetch:1016000:0x7ffff801f27b:0:1881:  JBE_I : rdip   t1, t1
O3PipeView:decode:1019000
O3PipeView:rename:1020000
O3PipeView:dispatch:1022000
O3PipeView:issue:1022000
O3PipeView:complete:1023000
O3PipeView:retire:1027000:store:0
1028000: global: DynInst: [sn:1881] Instruction destroyed. Instcount for system.cpu = 81
O3PipeView:fetch:1015000:0x7ffff801f26a:0:1872:  MOV_R_M : ld   rax, DS:[rdx + 0x10]
O3PipeView:decode:1016000
O3PipeView:rename:1017000
O3PipeView:dispatch:1020000
O3PipeView:issue:1020000
O3PipeView:complete:1021000
O3PipeView:retire:1025000:store:0
1028000: global: DynInst: [sn:1872] Instruction destroyed. Instcount for system.cpu = 80
1028000: system.cpu: Activity: 12
1028000: system.cpu: Scheduling next tick!
1029000: system.cpu.icache_port: Fetch unit received timing
1029000: system.cpu.fetch: [tid:0] Waking up from cache miss.
1029000: system.cpu: CPU already running.
1029000: system.cpu.fetch: [tid:0] Activating fetch due to cache completion
1029000: system.cpu.fetch: Activating stage.
1029000: system.cpu: Activity: 13
1029000: system.cpu: 

O3CPU: Ticking main, O3CPU.
1029000: system.cpu.fetch: [tid:0] Squashing instructions due to squash from commit.
1029000: system.cpu.fetch: [tid:0] Squash from commit.
1029000: system.cpu.fetch: [tid:0] Squashing, setting PC to: (0x7ffff801f2c8=>0x7ffff801f2d0).(0=>1).
1029000: system.cpu: Thread 0: Deleting instructions from instruction list.
1029000: system.cpu: ROB is not empty, squashing insts not in ROB.
1029000: system.cpu: Squashing instruction, [tid:0] [sn:1954] PC (0x7ffff801f29f=>0x7ffff801f2a1).(2=>3)
1029000: system.cpu: Squashing instruction, [tid:0] [sn:1953] PC (0x7ffff801f29f=>0x7ffff801f2a1).(1=>2)
1029000: system.cpu: Squashing instruction, [tid:0] [sn:1952] PC (0x7ffff801f29f=>0x7ffff801f2a1).(0=>1)
1029000: system.cpu: Squashing instruction, [tid:0] [sn:1951] PC (0x7ffff801f29c=>0x7ffff801f29f).(0=>1)
1029000: system.cpu: Squashing instruction, [tid:0] [sn:1950] PC (0x7ffff801f299=>0x7ffff801f29c).(0=>1)
1029000: system.cpu: Squashing instruction, [tid:0] [sn:1949] PC (0x7ffff801f296=>0x7ffff801f299).(0=>1)
1029000: system.cpu: Squashing instruction, [tid:0] [sn:1948] PC (0x7ffff801f294=>0x7ffff801f296).(2=>3)
1029000: system.cpu: Squashing instruction, [tid:0] [sn:1947] PC (0x7ffff801f294=>0x7ffff801f296).(1=>2)
1029000: system.cpu: Squashing instruction, [tid:0] [sn:1946] PC (0x7ffff801f294=>0x7ffff801f296).(0=>1)
1029000: system.cpu: Squashing instruction, [tid:0] [sn:1945] PC (0x7ffff801f290=>0x7ffff801f294).(1=>2)
1029000: system.cpu: Squashing instruction, [tid:0] [sn:1944] PC (0x7ffff801f290=>0x7ffff801f294).(0=>1)
1029000: system.cpu: Squashing instruction, [tid:0] [sn:1943] PC (0x7ffff801f28d=>0x7ffff801f290).(0=>1)
1029000: system.cpu: Squashing instruction, [tid:0] [sn:1942] PC (0x7ffff801f28a=>0x7ffff801f28d).(0=>1)
1029000: system.cpu: Squashing instruction, [tid:0] [sn:1941] PC (0x7ffff801f288=>0x7ffff801f28a).(2=>3)
1029000: system.cpu: Squashing instruction, [tid:0] [sn:1940] PC (0x7ffff801f288=>0x7ffff801f28a).(1=>2)
1029000: system.cpu: Squashing instruction, [tid:0] [sn:1939] PC (0x7ffff801f288=>0x7ffff801f28a).(0=>1)
1029000: system.cpu: Squashing instruction, [tid:0] [sn:1938] PC (0x7ffff801f284=>0x7ffff801f288).(1=>2)
1029000: system.cpu: Squashing instruction, [tid:0] [sn:1937] PC (0x7ffff801f284=>0x7ffff801f288).(0=>1)
1029000: system.cpu: Squashing instruction, [tid:0] [sn:1936] PC (0x7ffff801f27d=>0x7ffff801f284).(0=>1)
1029000: system.cpu: Squashing instruction, [tid:0] [sn:1935] PC (0x7ffff801f27b=>0x7ffff801f27d).(2=>3)
1029000: system.cpu: Squashing instruction, [tid:0] [sn:1934] PC (0x7ffff801f27b=>0x7ffff801f27d).(1=>2)
1029000: system.cpu.fetch: Running stage.
1029000: system.cpu.fetch: There are no more threads available to fetch from.
1029000: system.cpu.fetch: [tid:0] Fetch is squashing!
1029000: system.cpu.decode: Processing [tid:0]
1029000: system.cpu.decode: [tid:0] Squashing instructions due to squash from commit.
1029000: system.cpu.decode: [tid:0] Squashing.
1029000: system.cpu.rename: Processing [tid:0]
1029000: system.cpu.rename: [tid:0] Free IQ: 545, Free ROB: 869, Free LQ: 128, Free SQ: 63, FreeRM 127(840 870 917 1834 127 8 4555)
1029000: system.cpu.rename: [tid:0] 22 instructions not yet in ROB
1029000: system.cpu.rename: [tid:0] Squashing instructions due to squash from commit.
1029000: system.cpu.rename: [tid:0] [squash sn:1891] Squashing instructions.
1029000: system.cpu.rename: [tid:0] Removing history entry with sequence number 1945 (archReg: 0, newPhysReg: 4294967295, prevPhysReg: 4294967295).
1029000: system.cpu.rename: [tid:0] Removing history entry with sequence number 1945 (archReg: 0, newPhysReg: 4294967295, prevPhysReg: 4294967295).
1029000: system.cpu.rename: [tid:0] Removing history entry with sequence number 1945 (archReg: 0, newPhysReg: 4294967295, prevPhysReg: 4294967295).
1029000: system.cpu.rename: [tid:0] Removing history entry with sequence number 1945 (archReg: 1, newPhysReg: 728, prevPhysReg: 726).
1029000: system.cpu.rename: [tid:0] Removing history entry with sequence number 1945 (archReg: 0, newPhysReg: 727, prevPhysReg: 725).
1029000: system.cpu.rename: [tid:0] Removing history entry with sequence number 1945 (archReg: 0, newPhysReg: 4294967295, prevPhysReg: 4294967295).
1029000: system.cpu.rename: [tid:0] Removing history entry with sequence number 1944 (archReg: 17, newPhysReg: 180, prevPhysReg: 184).
1029000: system.cpu.rename: [tid:0] Removing history entry with sequence number 1943 (archReg: 0, newPhysReg: 4294967295, prevPhysReg: 4294967295).
1029000: system.cpu.rename: [tid:0] Removing history entry with sequence number 1943 (archReg: 0, newPhysReg: 4294967295, prevPhysReg: 4294967295).
1029000: system.cpu.rename: [tid:0] Removing history entry with sequence number 1943 (archReg: 0, newPhysReg: 4294967295, prevPhysReg: 4294967295).
1029000: system.cpu.rename: [tid:0] Removing history entry with sequence number 1943 (archReg: 1, newPhysReg: 726, prevPhysReg: 724).
1029000: system.cpu.rename: [tid:0] Removing history entry with sequence number 1943 (archReg: 0, newPhysReg: 725, prevPhysReg: 723).
1029000: system.cpu.rename: [tid:0] Removing history entry with sequence number 1943 (archReg: 7, newPhysReg: 181, prevPhysReg: 182).
1029000: system.cpu.rename: [tid:0] Removing history entry with sequence number 1942 (archReg: 7, newPhysReg: 182, prevPhysReg: 186).
1029000: system.cpu.rename: [tid:0] Removing history entry with sequence number 1940 (archReg: 18, newPhysReg: 183, prevPhysReg: 187).
1029000: system.cpu.rename: [tid:0] Removing history entry with sequence number 1939 (archReg: 17, newPhysReg: 184, prevPhysReg: 185).
1029000: system.cpu.rename: [tid:0] Removing history entry with sequence number 1938 (archReg: 0, newPhysReg: 4294967295, prevPhysReg: 4294967295).
1029000: system.cpu.rename: [tid:0] Removing history entry with sequence number 1938 (archReg: 0, newPhysReg: 4294967295, prevPhysReg: 4294967295).
1029000: system.cpu.rename: [tid:0] Removing history entry with sequence number 1938 (archReg: 0, newPhysReg: 4294967295, prevPhysReg: 4294967295).
1029000: system.cpu.rename: [tid:0] Removing history entry with sequence number 1938 (archReg: 1, newPhysReg: 724, prevPhysReg: 722).
1029000: system.cpu.rename: [tid:0] Removing history entry with sequence number 1938 (archReg: 0, newPhysReg: 723, prevPhysReg: 721).
1029000: system.cpu.rename: [tid:0] Removing history entry with sequence number 1938 (archReg: 0, newPhysReg: 4294967295, prevPhysReg: 4294967295).
1029000: system.cpu.rename: [tid:0] Removing history entry with sequence number 1937 (archReg: 17, newPhysReg: 185, prevPhysReg: 188).
1029000: system.cpu.rename: [tid:0] Removing history entry with sequence number 1936 (archReg: 7, newPhysReg: 186, prevPhysReg: 56).
1029000: system.cpu.rename: [tid:0] Removing history entry with sequence number 1934 (archReg: 18, newPhysReg: 187, prevPhysReg: 190).
1029000: system.cpu.rename: [tid:0] Removing history entry with sequence number 1933 (archReg: 17, newPhysReg: 188, prevPhysReg: 189).
1029000: system.cpu.rename: [tid:0] Removing history entry with sequence number 1932 (archReg: 0, newPhysReg: 4294967295, prevPhysReg: 4294967295).
1029000: system.cpu.rename: [tid:0] Removing history entry with sequence number 1932 (archReg: 0, newPhysReg: 4294967295, prevPhysReg: 4294967295).
1029000: system.cpu.rename: [tid:0] Removing history entry with sequence number 1932 (archReg: 0, newPhysReg: 4294967295, prevPhysReg: 4294967295).
1029000: system.cpu.rename: [tid:0] Removing history entry with sequence number 1932 (archReg: 1, newPhysReg: 722, prevPhysReg: 720).
1029000: system.cpu.rename: [tid:0] Removing history entry with sequence number 1932 (archReg: 0, newPhysReg: 721, prevPhysReg: 719).
1029000: system.cpu.rename: [tid:0] Removing history entry with sequence number 1932 (archReg: 0, newPhysReg: 4294967295, prevPhysReg: 4294967295).
1029000: system.cpu.rename: [tid:0] Removing history entry with sequence number 1931 (archReg: 17, newPhysReg: 189, prevPhysReg: 191).
1029000: system.cpu.rename: [tid:0] Removing history entry with sequence number 1929 (archReg: 18, newPhysReg: 190, prevPhysReg: 195).
1029000: system.cpu.rename: [tid:0] Removing history entry with sequence number 1928 (archReg: 17, newPhysReg: 191, prevPhysReg: 193).
1029000: system.cpu.rename: [tid:0] Removing history entry with sequence number 1927 (archReg: 0, newPhysReg: 4294967295, prevPhysReg: 4294967295).
1029000: system.cpu.rename: [tid:0] Removing history entry with sequence number 1927 (archReg: 0, newPhysReg: 4294967295, prevPhysReg: 4294967295).
1029000: system.cpu.rename: [tid:0] Removing history entry with sequence number 1927 (archReg: 0, newPhysReg: 4294967295, prevPhysReg: 4294967295).
1029000: system.cpu.rename: [tid:0] Removing history entry with sequence number 1927 (archReg: 1, newPhysReg: 720, prevPhysReg: 718).
1029000: system.cpu.rename: [tid:0] Removing history entry with sequence number 1927 (archReg: 0, newPhysReg: 719, prevPhysReg: 717).
1029000: system.cpu.rename: [tid:0] Removing history entry with sequence number 1927 (archReg: 0, newPhysReg: 4294967295, prevPhysReg: 4294967295).
1029000: system.cpu.rename: [tid:0] Removing history entry with sequence number 1926 (archReg: 0, newPhysReg: 4294967295, prevPhysReg: 4294967295).
1029000: system.cpu.rename: [tid:0] Removing history entry with sequence number 1926 (archReg: 0, newPhysReg: 4294967295, prevPhysReg: 4294967295).
1029000: system.cpu.rename: [tid:0] Removing history entry with sequence number 1926 (archReg: 0, newPhysReg: 4294967295, prevPhysReg: 4294967295).
1029000: system.cpu.rename: [tid:0] Removing history entry with sequence number 1926 (archReg: 1, newPhysReg: 718, prevPhysReg: 716).
1029000: system.cpu.rename: [tid:0] Removing history entry with sequence number 1926 (archReg: 0, newPhysReg: 717, prevPhysReg: 715).
1029000: system.cpu.rename: [tid:0] Removing history entry with sequence number 1926 (archReg: 2, newPhysReg: 192, prevPhysReg: 200).
1029000: system.cpu.rename: [tid:0] Removing history entry with sequence number 1925 (archReg: 17, newPhysReg: 193, prevPhysReg: 196).
1029000: system.cpu.rename: [tid:0] Removing history entry with sequence number 1924 (archReg: 0, newPhysReg: 194, prevPhysReg: 202).
1029000: system.cpu.rename: [tid:0] Removing history entry with sequence number 1921 (archReg: 18, newPhysReg: 195, prevPhysReg: 198).
1029000: system.cpu.rename: [tid:0] Removing history entry with sequence number 1920 (archReg: 17, newPhysReg: 196, prevPhysReg: 197).
1029000: system.cpu.rename: [tid:0] Removing history entry with sequence number 1919 (archReg: 0, newPhysReg: 4294967295, prevPhysReg: 4294967295).
1029000: system.cpu.rename: [tid:0] Removing history entry with sequence number 1919 (archReg: 0, newPhysReg: 4294967295, prevPhysReg: 4294967295).
1029000: system.cpu.rename: [tid:0] Removing history entry with sequence number 1919 (archReg: 0, newPhysReg: 4294967295, prevPhysReg: 4294967295).
1029000: system.cpu.rename: [tid:0] Removing history entry with sequence number 1919 (archReg: 1, newPhysReg: 716, prevPhysReg: 714).
1029000: system.cpu.rename: [tid:0] Removing history entry with sequence number 1919 (archReg: 0, newPhysReg: 715, prevPhysReg: 713).
1029000: system.cpu.rename: [tid:0] Removing history entry with sequence number 1919 (archReg: 0, newPhysReg: 4294967295, prevPhysReg: 4294967295).
1029000: system.cpu.rename: [tid:0] Removing history entry with sequence number 1918 (archReg: 17, newPhysReg: 197, prevPhysReg: 199).
1029000: system.cpu.rename: [tid:0] Removing history entry with sequence number 1916 (archReg: 18, newPhysReg: 198, prevPhysReg: 203).
1029000: system.cpu.rename: [tid:0] Removing history entry with sequence number 1915 (archReg: 17, newPhysReg: 199, prevPhysReg: 201).
1029000: system.cpu.rename: [tid:0] Removing history entry with sequence number 1914 (archReg: 0, newPhysReg: 4294967295, prevPhysReg: 4294967295).
1029000: system.cpu.rename: [tid:0] Removing history entry with sequence number 1914 (archReg: 0, newPhysReg: 4294967295, prevPhysReg: 4294967295).
1029000: system.cpu.rename: [tid:0] Removing history entry with sequence number 1914 (archReg: 0, newPhysReg: 4294967295, prevPhysReg: 4294967295).
1029000: system.cpu.rename: [tid:0] Removing history entry with sequence number 1914 (archReg: 1, newPhysReg: 714, prevPhysReg: 712).
1029000: system.cpu.rename: [tid:0] Removing history entry with sequence number 1914 (archReg: 0, newPhysReg: 713, prevPhysReg: 711).
1029000: system.cpu.rename: [tid:0] Removing history entry with sequence number 1914 (archReg: 0, newPhysReg: 4294967295, prevPhysReg: 4294967295).
1029000: system.cpu.rename: [tid:0] Removing history entry with sequence number 1913 (archReg: 0, newPhysReg: 4294967295, prevPhysReg: 4294967295).
1029000: system.cpu.rename: [tid:0] Removing history entry with sequence number 1913 (archReg: 0, newPhysReg: 4294967295, prevPhysReg: 4294967295).
1029000: system.cpu.rename: [tid:0] Removing history entry with sequence number 1913 (archReg: 0, newPhysReg: 4294967295, prevPhysReg: 4294967295).
1029000: system.cpu.rename: [tid:0] Removing history entry with sequence number 1913 (archReg: 1, newPhysReg: 712, prevPhysReg: 710).
1029000: system.cpu.rename: [tid:0] Removing history entry with sequence number 1913 (archReg: 0, newPhysReg: 711, prevPhysReg: 709).
1029000: system.cpu.rename: [tid:0] Removing history entry with sequence number 1913 (archReg: 2, newPhysReg: 200, prevPhysReg: 208).
1029000: system.cpu.rename: [tid:0] Removing history entry with sequence number 1912 (archReg: 17, newPhysReg: 201, prevPhysReg: 204).
1029000: system.cpu.rename: [tid:0] Removing history entry with sequence number 1911 (archReg: 0, newPhysReg: 202, prevPhysReg: 133).
1029000: system.cpu.rename: [tid:0] Removing history entry with sequence number 1908 (archReg: 18, newPhysReg: 203, prevPhysReg: 206).
1029000: system.cpu.rename: [tid:0] Removing history entry with sequence number 1907 (archReg: 17, newPhysReg: 204, prevPhysReg: 205).
1029000: system.cpu.rename: [tid:0] Removing history entry with sequence number 1906 (archReg: 0, newPhysReg: 4294967295, prevPhysReg: 4294967295).
1029000: system.cpu.rename: [tid:0] Removing history entry with sequence number 1906 (archReg: 0, newPhysReg: 4294967295, prevPhysReg: 4294967295).
1029000: system.cpu.rename: [tid:0] Removing history entry with sequence number 1906 (archReg: 0, newPhysReg: 4294967295, prevPhysReg: 4294967295).
1029000: system.cpu.rename: [tid:0] Removing history entry with sequence number 1906 (archReg: 1, newPhysReg: 710, prevPhysReg: 708).
1029000: system.cpu.rename: [tid:0] Removing history entry with sequence number 1906 (archReg: 0, newPhysReg: 709, prevPhysReg: 707).
1029000: system.cpu.rename: [tid:0] Removing history entry with sequence number 1906 (archReg: 0, newPhysReg: 4294967295, prevPhysReg: 4294967295).
1029000: system.cpu.rename: [tid:0] Removing history entry with sequence number 1905 (archReg: 17, newPhysReg: 205, prevPhysReg: 207).
1029000: system.cpu.rename: [tid:0] Removing history entry with sequence number 1903 (archReg: 18, newPhysReg: 206, prevPhysReg: 167).
1029000: system.cpu.rename: [tid:0] Removing history entry with sequence number 1902 (archReg: 17, newPhysReg: 207, prevPhysReg: 209).
1029000: system.cpu.rename: [tid:0] Removing history entry with sequence number 1901 (archReg: 0, newPhysReg: 4294967295, prevPhysReg: 4294967295).
1029000: system.cpu.rename: [tid:0] Removing history entry with sequence number 1901 (archReg: 0, newPhysReg: 4294967295, prevPhysReg: 4294967295).
1029000: system.cpu.rename: [tid:0] Removing history entry with sequence number 1901 (archReg: 0, newPhysReg: 4294967295, prevPhysReg: 4294967295).
1029000: system.cpu.rename: [tid:0] Removing history entry with sequence number 1901 (archReg: 1, newPhysReg: 708, prevPhysReg: 706).
1029000: system.cpu.rename: [tid:0] Removing history entry with sequence number 1901 (archReg: 0, newPhysReg: 707, prevPhysReg: 705).
1029000: system.cpu.rename: [tid:0] Removing history entry with sequence number 1901 (archReg: 0, newPhysReg: 4294967295, prevPhysReg: 4294967295).
1029000: system.cpu.rename: [tid:0] Removing history entry with sequence number 1900 (archReg: 0, newPhysReg: 4294967295, prevPhysReg: 4294967295).
1029000: system.cpu.rename: [tid:0] Removing history entry with sequence number 1900 (archReg: 0, newPhysReg: 4294967295, prevPhysReg: 4294967295).
1029000: system.cpu.rename: [tid:0] Removing history entry with sequence number 1900 (archReg: 0, newPhysReg: 4294967295, prevPhysReg: 4294967295).
1029000: system.cpu.rename: [tid:0] Removing history entry with sequence number 1900 (archReg: 1, newPhysReg: 706, prevPhysReg: 704).
1029000: system.cpu.rename: [tid:0] Removing history entry with sequence number 1900 (archReg: 0, newPhysReg: 705, prevPhysReg: 703).
1029000: system.cpu.rename: [tid:0] Removing history entry with sequence number 1900 (archReg: 2, newPhysReg: 208, prevPhysReg: 129).
1029000: system.cpu.rename: [tid:0] Removing history entry with sequence number 1899 (archReg: 17, newPhysReg: 209, prevPhysReg: 132).
1029000: system.cpu.rename: [tid:0] Removing history entry with sequence number 1898 (archReg: 0, newPhysReg: 133, prevPhysReg: 127).
1029000: system.cpu.rename: [tid:0] Removing history entry with sequence number 1895 (archReg: 18, newPhysReg: 167, prevPhysReg: 130).
1029000: system.cpu.rename: [tid:0] Removing history entry with sequence number 1894 (archReg: 17, newPhysReg: 132, prevPhysReg: 39).
1029000: system.cpu.rename: [tid:0] Removing history entry with sequence number 1893 (archReg: 0, newPhysReg: 4294967295, prevPhysReg: 4294967295).
1029000: system.cpu.rename: [tid:0] Removing history entry with sequence number 1893 (archReg: 0, newPhysReg: 4294967295, prevPhysReg: 4294967295).
1029000: system.cpu.rename: [tid:0] Removing history entry with sequence number 1893 (archReg: 0, newPhysReg: 4294967295, prevPhysReg: 4294967295).
1029000: system.cpu.rename: [tid:0] Removing history entry with sequence number 1893 (archReg: 1, newPhysReg: 704, prevPhysReg: 702).
1029000: system.cpu.rename: [tid:0] Removing history entry with sequence number 1893 (archReg: 0, newPhysReg: 703, prevPhysReg: 701).
1029000: system.cpu.rename: [tid:0] Removing history entry with sequence number 1893 (archReg: 0, newPhysReg: 4294967295, prevPhysReg: 4294967295).
1029000: system.cpu.rename: [tid:0] Removing history entry with sequence number 1892 (archReg: 17, newPhysReg: 39, prevPhysReg: 131).
1029000: system.cpu.rename: Activity this cycle.
1029000: system.cpu: Activity: 14
1029000: system.cpu.iew: Issue: Processing [tid:0]
1029000: system.cpu.iew: [tid:0] Squashing all instructions.
1029000: system.cpu.iq: [tid:0] Starting to squash instructions in the IQ.
1029000: system.cpu.iq: [tid:0] Squashing until sequence number 1891!
1029000: system.cpu.iq: [tid:0] Instruction [sn:1932] PC (0x7ffff801f277=>0x7ffff801f27b).(1=>2) squashed.
1029000: system.cpu.iq: [tid:0] Instruction [sn:1930] PC (0x7ffff801f275=>0x7ffff801f277).(2=>3) squashed.
1029000: system.cpu.iq: [tid:0] Instruction [sn:1927] PC (0x7ffff801f272=>0x7ffff801f275).(0=>1) squashed.
1029000: system.cpu.iq: [tid:0] Instruction [sn:1926] PC (0x7ffff801f26e=>0x7ffff801f272).(1=>2) squashed.
1029000: system.cpu.iq: [tid:0] Instruction [sn:1924] PC (0x7ffff801f26a=>0x7ffff801f26e).(0=>1) squashed.
1029000: system.cpu.iq: [tid:0] Instruction [sn:1923] PC (0x7ffff801f266=>0x7ffff801f26a).(0=>1) squashed.
1029000: system.cpu.iq: [tid:0] Instruction [sn:1922] PC (0x7ffff801f27b=>0x7ffff801f27d).(2=>3) squashed.
1029000: system.cpu.iq: [tid:0] Instruction [sn:1919] PC (0x7ffff801f277=>0x7ffff801f27b).(1=>2) squashed.
1029000: system.cpu.iq: [tid:0] Instruction [sn:1917] PC (0x7ffff801f275=>0x7ffff801f277).(2=>3) squashed.
1029000: system.cpu.iq: [tid:0] Instruction [sn:1914] PC (0x7ffff801f272=>0x7ffff801f275).(0=>1) squashed.
1029000: system.cpu.iq: [tid:0] Instruction [sn:1911] PC (0x7ffff801f26a=>0x7ffff801f26e).(0=>1) squashed.
1029000: system.cpu.iq: [tid:0] Instruction [sn:1910] PC (0x7ffff801f266=>0x7ffff801f26a).(0=>1) squashed.
1029000: system.cpu.iq: [tid:0] Instruction [sn:1909] PC (0x7ffff801f27b=>0x7ffff801f27d).(2=>3) squashed.
1029000: system.cpu.iq: [tid:0] Instruction [sn:1904] PC (0x7ffff801f275=>0x7ffff801f277).(2=>3) squashed.
1029000: system.cpu.memDep0: Squashing inst [sn:1924]
1029000: system.cpu.memDep0: Squashing inst [sn:1923]
1029000: system.cpu.memDep0: Squashing inst [sn:1911]
1029000: system.cpu.memDep0: Squashing inst [sn:1910]
1029000: system.cpu.iew.lsq.thread0: Squashing until [sn:1891]!(Loads:4 Stores:9)
1029000: system.cpu.iew.lsq.thread0: Load Instruction PC (0x7ffff801f26a=>0x7ffff801f26e).(0=>1) squashed, [sn:1924]
1029000: system.cpu.iew.lsq.thread0: Load Instruction PC (0x7ffff801f26a=>0x7ffff801f26e).(0=>1) squashed, [sn:1911]
1029000: system.cpu.iew.lsq.thread0: Load Instruction PC (0x7ffff801f26a=>0x7ffff801f26e).(0=>1) squashed, [sn:1898]
1029000: system.cpu.iew.lsq.thread0: Store Instruction PC (0x7ffff801f266=>0x7ffff801f26a).(0=>1) squashed, idx:35 [sn:1923]
1029000: system.cpu.iew.lsq.thread0: Store Instruction PC (0x7ffff801f266=>0x7ffff801f26a).(0=>1) squashed, idx:34 [sn:1910]
1029000: system.cpu.iew.lsq.thread0: Store Instruction PC (0x7ffff801f266=>0x7ffff801f26a).(0=>1) squashed, idx:33 [sn:1897]
1029000: system.cpu.iew: Removing skidbuffer instructions until [sn:1891] [tid:0]
1029000: system.cpu.iew: [tid:0] Removing incoming rename instructions
1029000: system.cpu.iew: Execute: Executing instructions from IQ.
1029000: system.cpu.iew: Execute: Processing PC (0x7ffff801f272=>0x7ffff801f275).(0=>1), [tid:0] [sn:1901].
1029000: global: RegFile: Access to int register 133, has data 0
1029000: global: RegFile: Access to int register 133, has data 0
1029000: global: RegFile: Setting cc register 707 to 0x44
1029000: global: RegFile: Setting cc register 708 to 0
1029000: system.cpu.iew: Adding instruction [sn:1901] to commit queue.
1029000: system.cpu.iew: Current wb cycle: 0, width: 19, numInst: 0
wbActual:0
1029000: system.cpu.iew: Execute: Executing instructions from IQ.
1029000: system.cpu.iew: Execute: Processing PC (0x7ffff801f277=>0x7ffff801f27b).(1=>2), [tid:0] [sn:1906].
1029000: global: RegFile: Access to int register 133, has data 0
1029000: global: RegFile: Access to int register 205, has data 0x25
1029000: global: RegFile: Setting cc register 709 to 0x94
1029000: global: RegFile: Setting cc register 710 to 0x1
1029000: system.cpu.iew: Adding instruction [sn:1906] to commit queue.
1029000: system.cpu.iew: Current wb cycle: 0, width: 19, numInst: 1
wbActual:1
1029000: system.cpu.iew: Execute: Executing instructions from IQ.
1029000: system.cpu.iew: Execute: Processing PC (0x7ffff801f266=>0x7ffff801f26a).(0=>1), [tid:0] [sn:1910].
1029000: system.cpu.iew: Execute: Instruction was squashed. PC: (0x7ffff801f266=>0x7ffff801f26a).(0=>1), [tid:0] [sn:1910]
1029000: system.cpu.iew: Execute: Executing instructions from IQ.
1029000: system.cpu.iew: Execute: Processing PC (0x7ffff801f26a=>0x7ffff801f26e).(0=>1), [tid:0] [sn:1924].
1029000: system.cpu.iew: Execute: Instruction was squashed. PC: (0x7ffff801f26a=>0x7ffff801f26e).(0=>1), [tid:0] [sn:1924]
1029000: system.cpu.iew: Execute: Executing instructions from IQ.
1029000: system.cpu.iew: Execute: Processing PC (0x7ffff801f26e=>0x7ffff801f272).(0=>1), [tid:0] [sn:1925].
1029000: system.cpu.iew: Execute: Instruction was squashed. PC: (0x7ffff801f26e=>0x7ffff801f272).(0=>1), [tid:0] [sn:1925]
1029000: system.cpu.iew: Execute: Executing instructions from IQ.
1029000: system.cpu.iew: Execute: Processing PC (0x7ffff801f275=>0x7ffff801f277).(0=>1), [tid:0] [sn:1928].
1029000: system.cpu.iew: Execute: Instruction was squashed. PC: (0x7ffff801f275=>0x7ffff801f277).(0=>1), [tid:0] [sn:1928]
1029000: system.cpu.iew: Execute: Executing instructions from IQ.
1029000: system.cpu.iew: Execute: Processing PC (0x7ffff801f275=>0x7ffff801f277).(1=>2), [tid:0] [sn:1929].
1029000: system.cpu.iew: Execute: Instruction was squashed. PC: (0x7ffff801f275=>0x7ffff801f277).(1=>2), [tid:0] [sn:1929]
1029000: system.cpu.iew: Execute: Executing instructions from IQ.
1029000: system.cpu.iew: Execute: Processing PC (0x7ffff801f277=>0x7ffff801f27b).(0=>1), [tid:0] [sn:1931].
1029000: system.cpu.iew: Execute: Instruction was squashed. PC: (0x7ffff801f277=>0x7ffff801f27b).(0=>1), [tid:0] [sn:1931]
1029000: system.cpu.iew: Execute: Executing instructions from IQ.
1029000: system.cpu.iew: Execute: Processing PC (0x7ffff801f27b=>0x7ffff801f27d).(0=>1), [tid:0] [sn:1933].
1029000: system.cpu.iew: Execute: Instruction was squashed. PC: (0x7ffff801f27b=>0x7ffff801f27d).(0=>1), [tid:0] [sn:1933]
1029000: system.cpu.iew: Sending instructions to commit, [sn:1901] PC (0x7ffff801f272=>0x7ffff801f275).(0=>1).
1029000: system.cpu.iq: Waking dependents of completed instruction.
1029000: system.cpu.iq: Reg 4294967295 [invalid] is part of a fix mapping, skipping
1029000: system.cpu.iq: Waking any dependents on register 707 (condition_code).
1029000: system.cpu.iq: Waking any dependents on register 708 (condition_code).
1029000: system.cpu.iq: Reg 4294967295 [invalid] is part of a fix mapping, skipping
1029000: system.cpu.iq: Reg 4294967295 [invalid] is part of a fix mapping, skipping
1029000: system.cpu.iq: Reg 4294967295 [invalid] is part of a fix mapping, skipping
1029000: system.cpu.iew: Setting Destination Register 4294967295 (invalid)
1029000: system.cpu.iew: Setting Destination Register 707 (condition_code)
1029000: system.cpu.scoreboard: Setting reg 707 (condition_code) as ready
1029000: system.cpu.iew: Setting Destination Register 708 (condition_code)
1029000: system.cpu.scoreboard: Setting reg 708 (condition_code) as ready
1029000: system.cpu.iew: Setting Destination Register 4294967295 (invalid)
1029000: system.cpu.iew: Setting Destination Register 4294967295 (invalid)
1029000: system.cpu.iew: Setting Destination Register 4294967295 (invalid)
1029000: system.cpu.iew: Sending instructions to commit, [sn:1906] PC (0x7ffff801f277=>0x7ffff801f27b).(1=>2).
1029000: system.cpu.iq: Waking dependents of completed instruction.
1029000: system.cpu.iq: Reg 4294967295 [invalid] is part of a fix mapping, skipping
1029000: system.cpu.iq: Waking any dependents on register 709 (condition_code).
1029000: system.cpu.iq: Waking any dependents on register 710 (condition_code).
1029000: system.cpu.iq: Reg 4294967295 [invalid] is part of a fix mapping, skipping
1029000: system.cpu.iq: Reg 4294967295 [invalid] is part of a fix mapping, skipping
1029000: system.cpu.iq: Reg 4294967295 [invalid] is part of a fix mapping, skipping
1029000: system.cpu.iew: Setting Destination Register 4294967295 (invalid)
1029000: system.cpu.iew: Setting Destination Register 709 (condition_code)
1029000: system.cpu.scoreboard: Setting reg 709 (condition_code) as ready
1029000: system.cpu.iew: Setting Destination Register 710 (condition_code)
1029000: system.cpu.scoreboard: Setting reg 710 (condition_code) as ready
1029000: system.cpu.iew: Setting Destination Register 4294967295 (invalid)
1029000: system.cpu.iew: Setting Destination Register 4294967295 (invalid)
1029000: system.cpu.iew: Setting Destination Register 4294967295 (invalid)
1029000: system.cpu.iq: Attempting to schedule ready instructions from the IQ.
1029000: system.cpu.iq: Not able to schedule any instructions.
1029000: system.cpu.iew.lsq: [tid:0] Writing back stores. 6 stores available for Writeback.
1029000: system.cpu.iew: Processing [tid:0]
1029000: system.cpu.iew.lsq.thread0: LQ size: 132, #loads occupied: 1
1029000: system.cpu.iew.lsq.thread0: SQ size: 72, #stores occupied: 6
1029000: system.cpu.iew: [tid:0], Dispatch dispatched 2 instructions.
1029000: system.cpu.iew.lsq.thread0: SQ size: 72, #stores occupied: 6
1029000: system.cpu.iew.lsq.thread0: LQ size: 132, #loads occupied: 1
1029000: system.cpu.iew: IQ has 559 free entries (Can schedule: 0).  LQ has 131 free entries. SQ has 66 free entries.
1029000: system.cpu.iew: Activity this cycle.
1029000: system.cpu.commit: [tid:0] Still Squashing, cannot commit any insts this cycle.
1029000: system.cpu.rob: [tid:0] Squashing instructions until [sn:1891].
1029000: system.cpu.rob: [tid:0] Squashing instruction PC (0x7ffff801f266=>0x7ffff801f26a).(0=>1), seq num 1923.
1029000: system.cpu.rob: [tid:0] Squashing instruction PC (0x7ffff801f27b=>0x7ffff801f27d).(2=>3), seq num 1922.
1029000: system.cpu.rob: [tid:0] Squashing instruction PC (0x7ffff801f27b=>0x7ffff801f27d).(1=>2), seq num 1921.
1029000: system.cpu.rob: [tid:0] Squashing instruction PC (0x7ffff801f27b=>0x7ffff801f27d).(0=>1), seq num 1920.
1029000: system.cpu.rob: [tid:0] Squashing instruction PC (0x7ffff801f277=>0x7ffff801f27b).(1=>2), seq num 1919.
1029000: system.cpu.rob: [tid:0] Squashing instruction PC (0x7ffff801f277=>0x7ffff801f27b).(0=>1), seq num 1918.
1029000: system.cpu.rob: [tid:0] Squashing instruction PC (0x7ffff801f275=>0x7ffff801f277).(2=>3), seq num 1917.
1029000: system.cpu.rob: [tid:0] Squashing instruction PC (0x7ffff801f275=>0x7ffff801f277).(1=>2), seq num 1916.
1029000: system.cpu.rob: [tid:0] Squashing instruction PC (0x7ffff801f275=>0x7ffff801f277).(0=>1), seq num 1915.
1029000: system.cpu.rob: [tid:0] Squashing instruction PC (0x7ffff801f272=>0x7ffff801f275).(0=>1), seq num 1914.
1029000: system.cpu.commit: [tid:0] Marking PC (0x7ffff801f26e=>0x7ffff801f272).(1=>2), [sn:1913] ready within ROB.
1029000: system.cpu.commit: [tid:0] Instruction [sn:1885] PC (0x7ffff801f26a=>0x7ffff801f26e).(0=>1) is head of ROB and ready to commit
1029000: system.cpu.commit: [tid:0] ROB has 49 insts & 869 free entries.
1029000: system.cpu.commit: Activity This Cycle.
O3PipeView:fetch:1015000:0x7ffff801f277:1:1880:  CMP_R_I : sub   t0, rax, t1
O3PipeView:decode:1016000
O3PipeView:rename:1017000
O3PipeView:dispatch:1020000
O3PipeView:issue:1023000
O3PipeView:complete:1024000
O3PipeView:retire:1027000:store:0
1029000: global: DynInst: [sn:1880] Instruction destroyed. Instcount for system.cpu = 79
O3PipeView:fetch:1015000:0x7ffff801f272:0:1875:  TEST_R_R : and   t0, rax, rax
O3PipeView:decode:1016000
O3PipeView:rename:1017000
O3PipeView:dispatch:1020000
O3PipeView:issue:1023000
O3PipeView:complete:1024000
O3PipeView:retire:1026000:store:0
1029000: global: DynInst: [sn:1875] Instruction destroyed. Instcount for system.cpu = 78
1029000: system.cpu: Activity: 13
1029000: system.cpu: Removing instruction, [tid:0] [sn:1954] PC (0x7ffff801f29f=>0x7ffff801f2a1).(2=>3)
1029000: system.cpu: Removing instruction, [tid:0] [sn:1953] PC (0x7ffff801f29f=>0x7ffff801f2a1).(1=>2)
1029000: system.cpu: Removing instruction, [tid:0] [sn:1952] PC (0x7ffff801f29f=>0x7ffff801f2a1).(0=>1)
1029000: system.cpu: Removing instruction, [tid:0] [sn:1951] PC (0x7ffff801f29c=>0x7ffff801f29f).(0=>1)
1029000: system.cpu: Removing instruction, [tid:0] [sn:1950] PC (0x7ffff801f299=>0x7ffff801f29c).(0=>1)
1029000: system.cpu: Removing instruction, [tid:0] [sn:1949] PC (0x7ffff801f296=>0x7ffff801f299).(0=>1)
1029000: system.cpu: Removing instruction, [tid:0] [sn:1948] PC (0x7ffff801f294=>0x7ffff801f296).(2=>3)
1029000: system.cpu: Removing instruction, [tid:0] [sn:1947] PC (0x7ffff801f294=>0x7ffff801f296).(1=>2)
1029000: system.cpu: Removing instruction, [tid:0] [sn:1946] PC (0x7ffff801f294=>0x7ffff801f296).(0=>1)
1029000: system.cpu: Removing instruction, [tid:0] [sn:1945] PC (0x7ffff801f290=>0x7ffff801f294).(1=>2)
1029000: system.cpu: Removing instruction, [tid:0] [sn:1944] PC (0x7ffff801f290=>0x7ffff801f294).(0=>1)
1029000: system.cpu: Removing instruction, [tid:0] [sn:1943] PC (0x7ffff801f28d=>0x7ffff801f290).(0=>1)
1029000: system.cpu: Removing instruction, [tid:0] [sn:1942] PC (0x7ffff801f28a=>0x7ffff801f28d).(0=>1)
1029000: system.cpu: Removing instruction, [tid:0] [sn:1941] PC (0x7ffff801f288=>0x7ffff801f28a).(2=>3)
1029000: system.cpu: Removing instruction, [tid:0] [sn:1940] PC (0x7ffff801f288=>0x7ffff801f28a).(1=>2)
1029000: system.cpu: Removing instruction, [tid:0] [sn:1939] PC (0x7ffff801f288=>0x7ffff801f28a).(0=>1)
1029000: system.cpu: Removing instruction, [tid:0] [sn:1938] PC (0x7ffff801f284=>0x7ffff801f288).(1=>2)
1029000: system.cpu: Removing instruction, [tid:0] [sn:1937] PC (0x7ffff801f284=>0x7ffff801f288).(0=>1)
1029000: system.cpu: Removing instruction, [tid:0] [sn:1936] PC (0x7ffff801f27d=>0x7ffff801f284).(0=>1)
1029000: system.cpu: Removing instruction, [tid:0] [sn:1935] PC (0x7ffff801f27b=>0x7ffff801f27d).(2=>3)
1029000: system.cpu: Removing instruction, [tid:0] [sn:1934] PC (0x7ffff801f27b=>0x7ffff801f27d).(1=>2)
1029000: system.cpu: Scheduling next tick!
1030000: system.cpu: 

O3CPU: Ticking main, O3CPU.
1030000: system.cpu.fetch: [tid:0] Done squashing, switching to running.
1030000: system.cpu.fetch: Running stage.
1030000: system.cpu.fetch: Attempting to fetch from [tid:0]
1030000: system.cpu.fetch: [tid:0] Attempting to translate and read instruction, starting at PC (0x7ffff801f2c8=>0x7ffff801f2d0).(0=>1).
1030000: system.cpu.fetch: [tid:0] Fetching cache line 0x7ffff801f2c0 for addr 0x7ffff801f2c8
1030000: system.cpu: CPU already running.
1030000: system.cpu.fetch: Fetch: Doing instruction read.
1030000: system.cpu.fetch: [tid:0] Doing Icache access.
1030000: system.cpu.fetch: [tid:0] Activity: Waiting on I-cache response.
1030000: system.cpu.fetch: Deactivating stage.
1030000: system.cpu: Activity: 12
1030000: system.cpu.decode: Processing [tid:0]
1030000: system.cpu.decode: [tid:0] Done squashing, switching to running.
1030000: system.cpu.decode: [tid:0] Not blocked, so attempting to run stage.
1030000: system.cpu.decode: [tid:0] Nothing to do, breaking out early.
1030000: system.cpu.rename: Processing [tid:0]
1030000: system.cpu.rename: [tid:0] Free IQ: 559, Free ROB: 869, Free LQ: 131, Free SQ: 66, FreeRM 127(840 870 917 1834 127 8 4555)
1030000: system.cpu.rename: [tid:0] 12 instructions not yet in ROB
1030000: system.cpu.rename: calcFreeLQEntries: free lqEntries: 131, loadsInProgress: 0, loads dispatchedToLQ: 0
1030000: system.cpu.rename: [tid:0] Done squashing, switching to running.
1030000: system.cpu.rename: [tid:0] Not blocked, so attempting to run stage.
1030000: system.cpu.rename: [tid:0] Nothing to do, breaking out early.
1030000: system.cpu.iew: Issue: Processing [tid:0]
1030000: system.cpu.iew: [tid:0] ROB is still squashing.
1030000: system.cpu.iew: [tid:0] Removing incoming rename instructions
1030000: system.cpu.iew: [tid:0] Stall from Commit stage detected.
1030000: system.cpu.iew: [tid:0] Blocking.
1030000: system.cpu.iq: Attempting to schedule ready instructions from the IQ.
1030000: system.cpu.iq: Not able to schedule any instructions.
1030000: system.cpu.iew.lsq: [tid:0] Writing back stores. 6 stores available for Writeback.
1030000: system.cpu.iew: Processing [tid:0]
1030000: system.cpu.iew: [tid:0], Dispatch dispatched 10 instructions.
1030000: system.cpu.iew.lsq.thread0: SQ size: 72, #stores occupied: 6
1030000: system.cpu.iew.lsq.thread0: LQ size: 132, #loads occupied: 1
1030000: system.cpu.iew: IQ has 559 free entries (Can schedule: 0).  LQ has 131 free entries. SQ has 66 free entries.
1030000: system.cpu.iew: Activity this cycle.
1030000: system.cpu: Activity: 13
1030000: system.cpu.commit: [tid:0] Still Squashing, cannot commit any insts this cycle.
1030000: system.cpu.rob: [tid:0] Squashing instructions until [sn:1891].
1030000: system.cpu.rob: [tid:0] Squashing instruction PC (0x7ffff801f26e=>0x7ffff801f272).(1=>2), seq num 1913.
1030000: system.cpu.rob: [tid:0] Squashing instruction PC (0x7ffff801f26e=>0x7ffff801f272).(0=>1), seq num 1912.
1030000: system.cpu.rob: [tid:0] Squashing instruction PC (0x7ffff801f26a=>0x7ffff801f26e).(0=>1), seq num 1911.
1030000: system.cpu.rob: [tid:0] Squashing instruction PC (0x7ffff801f266=>0x7ffff801f26a).(0=>1), seq num 1910.
1030000: system.cpu.rob: [tid:0] Squashing instruction PC (0x7ffff801f27b=>0x7ffff801f27d).(2=>3), seq num 1909.
1030000: system.cpu.rob: [tid:0] Squashing instruction PC (0x7ffff801f27b=>0x7ffff801f27d).(1=>2), seq num 1908.
1030000: system.cpu.rob: [tid:0] Squashing instruction PC (0x7ffff801f27b=>0x7ffff801f27d).(0=>1), seq num 1907.
1030000: system.cpu.rob: [tid:0] Squashing instruction PC (0x7ffff801f277=>0x7ffff801f27b).(1=>2), seq num 1906.
1030000: system.cpu.rob: [tid:0] Squashing instruction PC (0x7ffff801f277=>0x7ffff801f27b).(0=>1), seq num 1905.
1030000: system.cpu.rob: [tid:0] Squashing instruction PC (0x7ffff801f275=>0x7ffff801f277).(2=>3), seq num 1904.
1030000: system.cpu.commit: [tid:0] Marking PC (0x7ffff801f272=>0x7ffff801f275).(0=>1), [sn:1901] ready within ROB.
1030000: system.cpu.commit: [tid:0] Instruction [sn:1885] PC (0x7ffff801f26a=>0x7ffff801f26e).(0=>1) is head of ROB and ready to commit
1030000: system.cpu.commit: [tid:0] ROB has 49 insts & 869 free entries.
1030000: system.cpu.commit: Activity This Cycle.
O3PipeView:fetch:1016000:0x7ffff801f27b:2:1883:  JBE_I : wrip   t1, t2
O3PipeView:decode:1019000
O3PipeView:rename:1020000
O3PipeView:dispatch:1022000
O3PipeView:issue:1024000
O3PipeView:complete:1025000
O3PipeView:retire:1027000:store:0
1030000: global: DynInst: [sn:1883] Instruction destroyed. Instcount for system.cpu = 77
O3PipeView:fetch:1015000:0x7ffff801f275:2:1878:  JZ_I : wrip   t1, t2
O3PipeView:decode:1016000
O3PipeView:rename:1017000
O3PipeView:dispatch:1020000
O3PipeView:issue:1024000
O3PipeView:complete:1025000
O3PipeView:retire:1027000:store:0
1030000: global: DynInst: [sn:1878] Instruction destroyed. Instcount for system.cpu = 76
1030000: system.cpu: Activity: 12
1030000: system.cpu: Scheduling next tick!
1031000: system.cpu: 

O3CPU: Ticking main, O3CPU.
1031000: system.cpu.fetch: Running stage.
1031000: system.cpu.fetch: There are no more threads available to fetch from.
1031000: system.cpu.fetch: [tid:0] Fetch is waiting cache response!
1031000: system.cpu.decode: Processing [tid:0]
1031000: system.cpu.decode: [tid:0] Not blocked, so attempting to run stage.
1031000: system.cpu.decode: [tid:0] Nothing to do, breaking out early.
1031000: system.cpu.rename: Processing [tid:0]
1031000: system.cpu.rename: [tid:0] Free IQ: 559, Free ROB: 869, Free LQ: 131, Free SQ: 66, FreeRM 127(840 870 917 1834 127 8 4555)
1031000: system.cpu.rename: [tid:0] 10 instructions not yet in ROB
1031000: system.cpu.rename: [tid:0] Stall from IEW stage detected.
1031000: system.cpu.rename: [tid:0] Blocking.
1031000: system.cpu.rename: Activity this cycle.
1031000: system.cpu: Activity: 13
1031000: system.cpu.iew: Issue: Processing [tid:0]
1031000: system.cpu.iew: [tid:0] ROB is still squashing.
1031000: system.cpu.iew: [tid:0] Removing incoming rename instructions
1031000: system.cpu.iew: [tid:0] Stall from Commit stage detected.
1031000: system.cpu.iew: [tid:0] Blocking.
1031000: system.cpu.iq: Attempting to schedule ready instructions from the IQ.
1031000: system.cpu.iq: Not able to schedule any instructions.
1031000: system.cpu.iew.lsq: [tid:0] Writing back stores. 6 stores available for Writeback.
1031000: system.cpu.iew: Processing [tid:0]
1031000: system.cpu.iew: [tid:0], Dispatch dispatched 0 instructions.
1031000: system.cpu.iew.lsq.thread0: SQ size: 72, #stores occupied: 6
1031000: system.cpu.iew.lsq.thread0: LQ size: 132, #loads occupied: 1
1031000: system.cpu.iew: IQ has 559 free entries (Can schedule: 0).  LQ has 131 free entries. SQ has 66 free entries.
1031000: system.cpu.iew: Activity this cycle.
1031000: system.cpu.commit: [tid:0] Still Squashing, cannot commit any insts this cycle.
1031000: system.cpu.rob: [tid:0] Squashing instructions until [sn:1891].
1031000: system.cpu.rob: [tid:0] Squashing instruction PC (0x7ffff801f275=>0x7ffff801f277).(1=>2), seq num 1903.
1031000: system.cpu.rob: [tid:0] Squashing instruction PC (0x7ffff801f275=>0x7ffff801f277).(0=>1), seq num 1902.
1031000: system.cpu.rob: [tid:0] Squashing instruction PC (0x7ffff801f272=>0x7ffff801f275).(0=>1), seq num 1901.
1031000: system.cpu.rob: [tid:0] Squashing instruction PC (0x7ffff801f26e=>0x7ffff801f272).(1=>2), seq num 1900.
1031000: system.cpu.rob: [tid:0] Squashing instruction PC (0x7ffff801f26e=>0x7ffff801f272).(0=>1), seq num 1899.
1031000: system.cpu.rob: [tid:0] Squashing instruction PC (0x7ffff801f26a=>0x7ffff801f26e).(0=>1), seq num 1898.
1031000: system.cpu.rob: [tid:0] Squashing instruction PC (0x7ffff801f266=>0x7ffff801f26a).(0=>1), seq num 1897.
1031000: system.cpu.rob: [tid:0] Squashing instruction PC (0x7ffff801f27b=>0x7ffff801f266).(2=>3), seq num 1896.
1031000: system.cpu.rob: [tid:0] Squashing instruction PC (0x7ffff801f27b=>0x7ffff801f27d).(1=>2), seq num 1895.
1031000: system.cpu.rob: [tid:0] Squashing instruction PC (0x7ffff801f27b=>0x7ffff801f27d).(0=>1), seq num 1894.
1031000: system.cpu.commit: [tid:0] Instruction [sn:1885] PC (0x7ffff801f26a=>0x7ffff801f26e).(0=>1) is head of ROB and ready to commit
1031000: system.cpu.commit: [tid:0] ROB has 49 insts & 869 free entries.
1031000: system.cpu.commit: Activity This Cycle.
1031000: system.cpu: Activity: 12
1031000: system.cpu: Scheduling next tick!
1032000: system.cpu.icache_port: Fetch unit received timing
1032000: system.cpu.fetch: [tid:0] Waking up from cache miss.
1032000: system.cpu: CPU already running.
1032000: system.cpu.fetch: [tid:0] Activating fetch due to cache completion
1032000: system.cpu.fetch: Activating stage.
1032000: system.cpu: Activity: 13
1032000: system.cpu: 

O3CPU: Ticking main, O3CPU.
1032000: system.cpu.fetch: Running stage.
1032000: system.cpu.fetch: Attempting to fetch from [tid:0]
1032000: system.cpu.fetch: [tid:0] Icache miss is complete.
1032000: system.cpu.fetch: [tid:0] Adding instructions to queue to decode.
1032000: system.cpu.decoder: Decode: Decoded movzx instruction: 
{
	leg = 0,
	rex = 0,
	vex/xop = 0,
	op = {
		type = two byte,
		op = 0xb6,
		},
	modRM = 0x15,
	sib = 0,
	immediate = 0,
	displacement = 0x18b37
	dispSize = 4}

1032000: global: DynInst: [sn:1955] Instruction created. Instcount for system.cpu = 77
1032000: system.cpu.fetch: [tid:0] Instruction PC (0x7ffff801f2c8=>0x7ffff801f2cf).(0=>1) created [sn:1955].
1032000: system.cpu.fetch: [tid:0] Instruction is:   MOVZX_B_R_P : rdip   t7d, t7d
1032000: system.cpu.fetch: [tid:0] Fetch queue entry created (1/128).
1032000: global: DynInst: [sn:1956] Instruction created. Instcount for system.cpu = 78
1032000: system.cpu.fetch: [tid:0] Instruction PC (0x7ffff801f2c8=>0x7ffff801f2cf).(1=>2) created [sn:1956].
1032000: system.cpu.fetch: [tid:0] Instruction is:   MOVZX_B_R_P : ld   t1b, DS:[t0 + t7 + 0x18b37]
1032000: system.cpu.fetch: [tid:0] Fetch queue entry created (2/128).
1032000: global: DynInst: [sn:1957] Instruction created. Instcount for system.cpu = 79
1032000: system.cpu.fetch: [tid:0] Instruction PC (0x7ffff801f2c8=>0x7ffff801f2cf).(2=>3) created [sn:1957].
1032000: system.cpu.fetch: [tid:0] Instruction is:   MOVZX_B_R_P : zexti   edx, t1d, 0x7
1032000: system.cpu.fetch: [tid:0] Fetch queue entry created (3/128).
1032000: system.cpu.decoder: Decode: Decoded mov instruction: 
{
	leg = 0,
	rex = 0x48,
	vex/xop = 0,
	op = {
		type = one byte,
		op = 0x8b,
		},
	modRM = 0x3d,
	sib = 0,
	immediate = 0,
	displacement = 0x188ba
	dispSize = 4}

1032000: global: DynInst: [sn:1958] Instruction created. Instcount for system.cpu = 80
1032000: system.cpu.fetch: [tid:0] Instruction PC (0x7ffff801f2cf=>0x7ffff801f2d6).(0=>1) created [sn:1958].
1032000: system.cpu.fetch: [tid:0] Instruction is:   MOV_R_P : rdip   t7, t7
1032000: system.cpu.fetch: [tid:0] Fetch queue entry created (4/128).
1032000: global: DynInst: [sn:1959] Instruction created. Instcount for system.cpu = 81
1032000: system.cpu.fetch: [tid:0] Instruction PC (0x7ffff801f2cf=>0x7ffff801f2d6).(1=>2) created [sn:1959].
1032000: system.cpu.fetch: [tid:0] Instruction is:   MOV_R_P : ld   rdi, DS:[t0 + t7 + 0x188ba]
1032000: system.cpu.fetch: [tid:0] Fetch queue entry created (5/128).
1032000: system.cpu.decoder: Decode: Decoded mov instruction: 
{
	leg = 0,
	rex = 0x41,
	vex/xop = 0,
	op = {
		type = one byte,
		op = 0x89,
		},
	modRM = 0xd2,
	sib = 0,
	immediate = 0,
	displacement = 0
	dispSize = 0}

1032000: global: DynInst: [sn:1960] Instruction created. Instcount for system.cpu = 82
1032000: system.cpu.fetch: [tid:0] Instruction PC (0x7ffff801f2d6=>0x7ffff801f2d9).(0=>1) created [sn:1960].
1032000: system.cpu.fetch: [tid:0] Instruction is:   MOV_R_R : mov   r10d, r10d, edx
1032000: system.cpu.fetch: [tid:0] Fetch queue entry created (6/128).
1032000: system.cpu.decoder: Decode: Decoded and instruction: 
{
	leg = 0,
	rex = 0x41,
	vex/xop = 0,
	op = {
		type = one byte,
		op = 0x83,
		},
	modRM = 0xe2,
	sib = 0,
	immediate = 0x20,
	displacement = 0
	dispSize = 0}

1032000: global: DynInst: [sn:1961] Instruction created. Instcount for system.cpu = 83
1032000: system.cpu.fetch: [tid:0] Instruction PC (0x7ffff801f2d9=>0x7ffff801f2dd).(0=>1) created [sn:1961].
1032000: system.cpu.fetch: [tid:0] Instruction is:   AND_R_I : limm   t1d, 0x20
1032000: system.cpu.fetch: [tid:0] Fetch queue entry created (7/128).
1032000: global: DynInst: [sn:1962] Instruction created. Instcount for system.cpu = 84
1032000: system.cpu.fetch: [tid:0] Instruction PC (0x7ffff801f2d9=>0x7ffff801f2dd).(1=>2) created [sn:1962].
1032000: system.cpu.fetch: [tid:0] Instruction is:   AND_R_I : and   r10d, r10d, t1d
1032000: system.cpu.fetch: [tid:0] Fetch queue entry created (8/128).
1032000: system.cpu.decoder: Decode: Decoded jnz instruction: 
{
	leg = 0,
	rex = 0,
	vex/xop = 0,
	op = {
		type = two byte,
		op = 0x85,
		},
	modRM = 0,
	sib = 0,
	immediate = 0xe5,
	displacement = 0
	dispSize = 0}

1032000: global: DynInst: [sn:1963] Instruction created. Instcount for system.cpu = 85
1032000: system.cpu.fetch: [tid:0] Instruction PC (0x7ffff801f2dd=>0x7ffff801f2e3).(0=>1) created [sn:1963].
1032000: system.cpu.fetch: [tid:0] Instruction is:   JNZ_I : rdip   t1, t1
1032000: system.cpu.fetch: [tid:0] Fetch queue entry created (9/128).
1032000: global: DynInst: [sn:1964] Instruction created. Instcount for system.cpu = 86
1032000: system.cpu.fetch: [tid:0] Instruction PC (0x7ffff801f2dd=>0x7ffff801f2e3).(1=>2) created [sn:1964].
1032000: system.cpu.fetch: [tid:0] Instruction is:   JNZ_I : limm   t2, 0xe5
1032000: system.cpu.fetch: [tid:0] Fetch queue entry created (10/128).
1032000: system.cpu.fetch: [tid:0] Done fetching, reached fetch bandwidth for this cycle.
1032000: system.cpu.fetch: [tid:0] [sn:1955] Sending instruction to decode from fetch queue. Fetch queue size: 10.
1032000: system.cpu.fetch: [tid:0] [sn:1956] Sending instruction to decode from fetch queue. Fetch queue size: 9.
1032000: system.cpu.fetch: [tid:0] [sn:1957] Sending instruction to decode from fetch queue. Fetch queue size: 8.
1032000: system.cpu.fetch: [tid:0] [sn:1958] Sending instruction to decode from fetch queue. Fetch queue size: 7.
1032000: system.cpu.fetch: [tid:0] [sn:1959] Sending instruction to decode from fetch queue. Fetch queue size: 6.
1032000: system.cpu.fetch: [tid:0] [sn:1960] Sending instruction to decode from fetch queue. Fetch queue size: 5.
1032000: system.cpu.fetch: [tid:0] [sn:1961] Sending instruction to decode from fetch queue. Fetch queue size: 4.
1032000: system.cpu.fetch: [tid:0] [sn:1962] Sending instruction to decode from fetch queue. Fetch queue size: 3.
1032000: system.cpu.fetch: [tid:0] [sn:1963] Sending instruction to decode from fetch queue. Fetch queue size: 2.
1032000: system.cpu.fetch: [tid:0] [sn:1964] Sending instruction to decode from fetch queue. Fetch queue size: 1.
1032000: system.cpu.fetch: Activity this cycle.
1032000: system.cpu: Activity: 14
1032000: system.cpu.decode: Processing [tid:0]
1032000: system.cpu.decode: [tid:0] Stall fom Rename stage detected.
1032000: system.cpu.decode: [tid:0] Blocking.
1032000: system.cpu.decode: Activity this cycle.
1032000: system.cpu.rename: Processing [tid:0]
1032000: system.cpu.rename: [tid:0] Free IQ: 559, Free ROB: 869, Free LQ: 131, Free SQ: 66, FreeRM 127(840 870 917 1834 127 8 4555)
1032000: system.cpu.rename: [tid:0] 0 instructions not yet in ROB
1032000: system.cpu.rename: [tid:0] Stall from IEW stage detected.
1032000: system.cpu.rename: [tid:0] Blocking.
1032000: system.cpu.iew: Issue: Processing [tid:0]
1032000: system.cpu.iew: [tid:0] ROB is still squashing.
1032000: system.cpu.iew: [tid:0] Removing incoming rename instructions
1032000: system.cpu.iew: [tid:0] Stall from Commit stage detected.
1032000: system.cpu.iew: [tid:0] Blocking.
1032000: system.cpu.iq: Attempting to schedule ready instructions from the IQ.
1032000: system.cpu.iq: Not able to schedule any instructions.
1032000: system.cpu.iew.lsq: [tid:0] Writing back stores. 6 stores available for Writeback.
1032000: system.cpu.iew: Processing [tid:0]
1032000: system.cpu.iew: [tid:0], Dispatch dispatched 0 instructions.
1032000: system.cpu.iew.lsq.thread0: SQ size: 72, #stores occupied: 6
1032000: system.cpu.iew.lsq.thread0: LQ size: 132, #loads occupied: 1
1032000: system.cpu.iew: IQ has 559 free entries (Can schedule: 0).  LQ has 131 free entries. SQ has 66 free entries.
1032000: system.cpu.iew: Activity this cycle.
1032000: system.cpu.commit: [tid:0] Still Squashing, cannot commit any insts this cycle.
1032000: system.cpu.rob: [tid:0] Squashing instructions until [sn:1891].
1032000: system.cpu.rob: [tid:0] Squashing instruction PC (0x7ffff801f277=>0x7ffff801f27b).(1=>2), seq num 1893.
1032000: system.cpu.rob: [tid:0] Squashing instruction PC (0x7ffff801f277=>0x7ffff801f27b).(0=>1), seq num 1892.
1032000: system.cpu.rob: [tid:0] Done squashing instructions.
1032000: system.cpu.commit: [tid:0] Instruction [sn:1885] PC (0x7ffff801f26a=>0x7ffff801f26e).(0=>1) is head of ROB and ready to commit
1032000: system.cpu.commit: [tid:0] ROB has 49 insts & 869 free entries.
1032000: system.cpu.commit: Activity This Cycle.
O3PipeView:fetch:1024000:0x7ffff801f27b:2:1935:  JBE_I : wrip   t1, t2
O3PipeView:decode:1026000
O3PipeView:rename:1027000
O3PipeView:dispatch:0
O3PipeView:issue:0
O3PipeView:complete:0
O3PipeView:retire:0:store:0
1032000: global: DynInst: [sn:1935] Instruction destroyed. Instcount for system.cpu = 85
O3PipeView:fetch:1024000:0x7ffff801f27b:1:1934:  JBE_I : limm   t2, 0xffffffffffffffe9
O3PipeView:decode:1026000
O3PipeView:rename:1027000
O3PipeView:dispatch:0
O3PipeView:issue:0
O3PipeView:complete:0
O3PipeView:retire:0:store:0
1032000: global: DynInst: [sn:1934] Instruction destroyed. Instcount for system.cpu = 84
1032000: system.cpu: Activity: 13
1032000: system.cpu: Scheduling next tick!
1033000: system.cpu: 

O3CPU: Ticking main, O3CPU.
1033000: system.cpu.fetch: Running stage.
1033000: system.cpu.fetch: Attempting to fetch from [tid:0]
1033000: system.cpu.fetch: [tid:0] Adding instructions to queue to decode.
1033000: global: DynInst: [sn:1965] Instruction created. Instcount for system.cpu = 85
1033000: system.cpu.fetch: [tid:0] Instruction PC (0x7ffff801f2dd=>0x7ffff801f2e3).(2=>3) created [sn:1965].
1033000: system.cpu.fetch: [tid:0] Instruction is:   JNZ_I : wrip   t1, t2
1033000: system.cpu.fetch: [tid:0] Fetch queue entry created (1/128).
1033000: system.cpu.fetch: [tid:0] [sn:1965] Branch at PC 0x7ffff801f2dd predicted to be not taken
1033000: system.cpu.fetch: [tid:0] [sn:1965] Branch at PC 0x7ffff801f2dd predicted to go to (0x7ffff801f2e3=>0x7ffff801f2eb).(0=>1)
1033000: system.cpu.decoder: Decode: Decoded mov instruction: 
{
	leg = 0,
	rex = 0x48,
	vex/xop = 0,
	op = {
		type = one byte,
		op = 0x8b,
		},
	modRM = 0x5,
	sib = 0,
	immediate = 0,
	displacement = 0x18826
	dispSize = 4}

1033000: global: DynInst: [sn:1966] Instruction created. Instcount for system.cpu = 86
1033000: system.cpu.fetch: [tid:0] Instruction PC (0x7ffff801f2e3=>0x7ffff801f2ea).(0=>1) created [sn:1966].
1033000: system.cpu.fetch: [tid:0] Instruction is:   MOV_R_P : rdip   t7, t7
1033000: system.cpu.fetch: [tid:0] Fetch queue entry created (2/128).
1033000: global: DynInst: [sn:1967] Instruction created. Instcount for system.cpu = 87
1033000: system.cpu.fetch: [tid:0] Instruction PC (0x7ffff801f2e3=>0x7ffff801f2ea).(1=>2) created [sn:1967].
1033000: system.cpu.fetch: [tid:0] Instruction is:   MOV_R_P : ld   rax, DS:[t0 + t7 + 0x18826]
1033000: system.cpu.fetch: [tid:0] Fetch queue entry created (3/128).
1033000: system.cpu.decoder: Decode: Decoded test instruction: 
{
	leg = 0,
	rex = 0x48,
	vex/xop = 0,
	op = {
		type = one byte,
		op = 0x85,
		},
	modRM = 0xc0,
	sib = 0,
	immediate = 0,
	displacement = 0
	dispSize = 0}

1033000: global: DynInst: [sn:1968] Instruction created. Instcount for system.cpu = 88
1033000: system.cpu.fetch: [tid:0] Instruction PC (0x7ffff801f2ea=>0x7ffff801f2ed).(0=>1) created [sn:1968].
1033000: system.cpu.fetch: [tid:0] Instruction is:   TEST_R_R : and   t0, rax, rax
1033000: system.cpu.fetch: [tid:0] Fetch queue entry created (4/128).
1033000: system.cpu.decoder: Decode: Decoded jz instruction: 
{
	leg = 0,
	rex = 0,
	vex/xop = 0,
	op = {
		type = one byte,
		op = 0x74,
		},
	modRM = 0,
	sib = 0,
	immediate = 0x4,
	displacement = 0
	dispSize = 0}

1033000: global: DynInst: [sn:1969] Instruction created. Instcount for system.cpu = 89
1033000: system.cpu.fetch: [tid:0] Instruction PC (0x7ffff801f2ed=>0x7ffff801f2ef).(0=>1) created [sn:1969].
1033000: system.cpu.fetch: [tid:0] Instruction is:   JZ_I : rdip   t1, t1
1033000: system.cpu.fetch: [tid:0] Fetch queue entry created (5/128).
1033000: global: DynInst: [sn:1970] Instruction created. Instcount for system.cpu = 90
1033000: system.cpu.fetch: [tid:0] Instruction PC (0x7ffff801f2ed=>0x7ffff801f2ef).(1=>2) created [sn:1970].
1033000: system.cpu.fetch: [tid:0] Instruction is:   JZ_I : limm   t2, 0x4
1033000: system.cpu.fetch: [tid:0] Fetch queue entry created (6/128).
1033000: global: DynInst: [sn:1971] Instruction created. Instcount for system.cpu = 91
1033000: system.cpu.fetch: [tid:0] Instruction PC (0x7ffff801f2ed=>0x7ffff801f2ef).(2=>3) created [sn:1971].
1033000: system.cpu.fetch: [tid:0] Instruction is:   JZ_I : wrip   t1, t2
1033000: system.cpu.fetch: [tid:0] Fetch queue entry created (7/128).
1033000: system.cpu.fetch: [tid:0] [sn:1971] Branch at PC 0x7ffff801f2ed predicted to be not taken
1033000: system.cpu.fetch: [tid:0] [sn:1971] Branch at PC 0x7ffff801f2ed predicted to go to (0x7ffff801f2ef=>0x7ffff801f2f7).(0=>1)
1033000: system.cpu.decoder: Decode: Decoded add instruction: 
{
	leg = 0,
	rex = 0x48,
	vex/xop = 0,
	op = {
		type = one byte,
		op = 0x1,
		},
	modRM = 0x48,
	sib = 0,
	immediate = 0,
	displacement = 0x8
	dispSize = 1}

1033000: global: DynInst: [sn:1972] Instruction created. Instcount for system.cpu = 92
1033000: system.cpu.fetch: [tid:0] Instruction PC (0x7ffff801f2ef=>0x7ffff801f2f3).(0=>1) created [sn:1972].
1033000: system.cpu.fetch: [tid:0] Instruction is:   ADD_M_R : ldst   t1, DS:[rax + 0x8]
1033000: system.cpu.fetch: [tid:0] Fetch queue entry created (8/128).
1033000: global: DynInst: [sn:1973] Instruction created. Instcount for system.cpu = 93
1033000: system.cpu.fetch: [tid:0] Instruction PC (0x7ffff801f2ef=>0x7ffff801f2f3).(1=>2) created [sn:1973].
1033000: system.cpu.fetch: [tid:0] Instruction is:   ADD_M_R : add   t1, t1, rcx
1033000: system.cpu.fetch: [tid:0] Fetch queue entry created (9/128).
1033000: global: DynInst: [sn:1974] Instruction created. Instcount for system.cpu = 94
1033000: system.cpu.fetch: [tid:0] Instruction PC (0x7ffff801f2ef=>0x7ffff801f2f3).(2=>3) created [sn:1974].
1033000: system.cpu.fetch: [tid:0] Instruction is:   ADD_M_R : st   t1, DS:[rax + 0x8]
1033000: system.cpu.fetch: [tid:0] Fetch queue entry created (10/128).
1033000: system.cpu.fetch: [tid:0] Done fetching, reached fetch bandwidth for this cycle.
1033000: system.cpu.fetch: Activity this cycle.
1033000: system.cpu: Activity: 14
1033000: system.cpu.decode: Processing [tid:0]
1033000: system.cpu.decode: [tid:0] Stall fom Rename stage detected.
1033000: system.cpu.decode: [tid:0] Blocking.
1033000: system.cpu.decode: Inserting [tid:0][sn:1955] PC: (0x7ffff801f2c8=>0x7ffff801f2cf).(0=>1) into decode skidBuffer 1
1033000: system.cpu.decode: Inserting [tid:0][sn:1956] PC: (0x7ffff801f2c8=>0x7ffff801f2cf).(1=>2) into decode skidBuffer 2
1033000: system.cpu.decode: Inserting [tid:0][sn:1957] PC: (0x7ffff801f2c8=>0x7ffff801f2cf).(2=>3) into decode skidBuffer 3
1033000: system.cpu.decode: Inserting [tid:0][sn:1958] PC: (0x7ffff801f2cf=>0x7ffff801f2d6).(0=>1) into decode skidBuffer 4
1033000: system.cpu.decode: Inserting [tid:0][sn:1959] PC: (0x7ffff801f2cf=>0x7ffff801f2d6).(1=>2) into decode skidBuffer 5
1033000: system.cpu.decode: Inserting [tid:0][sn:1960] PC: (0x7ffff801f2d6=>0x7ffff801f2d9).(0=>1) into decode skidBuffer 6
1033000: system.cpu.decode: Inserting [tid:0][sn:1961] PC: (0x7ffff801f2d9=>0x7ffff801f2dd).(0=>1) into decode skidBuffer 7
1033000: system.cpu.decode: Inserting [tid:0][sn:1962] PC: (0x7ffff801f2d9=>0x7ffff801f2dd).(1=>2) into decode skidBuffer 8
1033000: system.cpu.decode: Inserting [tid:0][sn:1963] PC: (0x7ffff801f2dd=>0x7ffff801f2e3).(0=>1) into decode skidBuffer 9
1033000: system.cpu.decode: Inserting [tid:0][sn:1964] PC: (0x7ffff801f2dd=>0x7ffff801f2e3).(1=>2) into decode skidBuffer 10
1033000: system.cpu.rename: Processing [tid:0]
1033000: system.cpu.rename: [tid:0] Free IQ: 559, Free ROB: 869, Free LQ: 131, Free SQ: 66, FreeRM 127(840 870 917 1834 127 8 4555)
1033000: system.cpu.rename: [tid:0] 0 instructions not yet in ROB
1033000: system.cpu.rename: [tid:0] Stall from IEW stage detected.
1033000: system.cpu.rename: [tid:0] Blocking.
1033000: system.cpu.iew: Issue: Processing [tid:0]
1033000: system.cpu.iew: [tid:0] ROB is still squashing.
1033000: system.cpu.iew: [tid:0] Removing incoming rename instructions
1033000: system.cpu.iew: [tid:0] Stall from Commit stage detected.
1033000: system.cpu.iew: [tid:0] Blocking.
1033000: system.cpu.iq: Attempting to schedule ready instructions from the IQ.
1033000: system.cpu.iq: Not able to schedule any instructions.
1033000: system.cpu.iew.lsq: [tid:0] Writing back stores. 6 stores available for Writeback.
1033000: system.cpu.iew: Processing [tid:0]
1033000: system.cpu.iew: [tid:0], Dispatch dispatched 0 instructions.
1033000: system.cpu.iew.lsq.thread0: SQ size: 72, #stores occupied: 6
1033000: system.cpu.iew.lsq.thread0: LQ size: 132, #loads occupied: 1
1033000: system.cpu.iew: IQ has 559 free entries (Can schedule: 0).  LQ has 131 free entries. SQ has 66 free entries.
1033000: system.cpu.iew: Activity this cycle.
1033000: system.cpu.commit: Getting instructions from Rename stage.
1033000: system.cpu.commit: Trying to commit instructions in the ROB.
1033000: system.cpu.commit: Trying to commit head instruction, [tid:0] [sn:1885]
1033000: system.cpu.commit: [tid:0] [sn:1885] Committing instruction with PC (0x7ffff801f26a=>0x7ffff801f26e).(0=>1)
1033000: system.cpu.rob: [tid:0] Retiring head instruction, instruction PC (0x7ffff801f26a=>0x7ffff801f26e).(0=>1), [sn:1885]
1033000: system.cpu: Removing committed instruction [tid:0] PC (0x7ffff801f26a=>0x7ffff801f26e).(0=>1) [sn:1885]
1033000: system.cpu.commit: MEM_TRACE_FILE environment variable not set. No predictions loaded.
1033000: system.cpu.commit: [tid:0] Instruction [sn:1886] PC (0x7ffff801f26e=>0x7ffff801f272).(0=>1) is head of ROB and ready to commit
1033000: system.cpu.commit: [tid:0] ROB has 48 insts & 870 free entries.
1033000: system.cpu.commit: Activity This Cycle.
O3PipeView:fetch:1027000:0x7ffff801f29f:2:1954:  JMP_I : wrip   t1, t2
O3PipeView:decode:1028000
O3PipeView:rename:1029000
O3PipeView:dispatch:0
O3PipeView:issue:0
O3PipeView:complete:0
O3PipeView:retire:0:store:0
1033000: global: DynInst: [sn:1954] Instruction destroyed. Instcount for system.cpu = 93
O3PipeView:fetch:1027000:0x7ffff801f29f:1:1953:  JMP_I : limm   t2, 0xffffffffffffffc5
O3PipeView:decode:1028000
O3PipeView:rename:1029000
O3PipeView:dispatch:0
O3PipeView:issue:0
O3PipeView:complete:0
O3PipeView:retire:0:store:0
1033000: global: DynInst: [sn:1953] Instruction destroyed. Instcount for system.cpu = 92
O3PipeView:fetch:1027000:0x7ffff801f29f:0:1952:  JMP_I : rdip   t1, t1
O3PipeView:decode:1028000
O3PipeView:rename:1029000
O3PipeView:dispatch:0
O3PipeView:issue:0
O3PipeView:complete:0
O3PipeView:retire:0:store:0
1033000: global: DynInst: [sn:1952] Instruction destroyed. Instcount for system.cpu = 91
O3PipeView:fetch:1027000:0x7ffff801f29c:0:1951:  MOV_R_R : mov   rax, rax, rdi
O3PipeView:decode:1028000
O3PipeView:rename:1029000
O3PipeView:dispatch:0
O3PipeView:issue:0
O3PipeView:complete:0
O3PipeView:retire:0:store:0
1033000: global: DynInst: [sn:1951] Instruction destroyed. Instcount for system.cpu = 90
O3PipeView:fetch:1027000:0x7ffff801f299:0:1950:  SUB_R_R : sub   rdi, rdi, rax
O3PipeView:decode:1028000
O3PipeView:rename:1029000
O3PipeView:dispatch:0
O3PipeView:issue:0
O3PipeView:complete:0
O3PipeView:retire:0:store:0
1033000: global: DynInst: [sn:1950] Instruction destroyed. Instcount for system.cpu = 89
O3PipeView:fetch:1027000:0x7ffff801f296:0:1949:  MOV_R_R : mov   rdi, rdi, r9
O3PipeView:decode:1028000
O3PipeView:rename:1029000
O3PipeView:dispatch:0
O3PipeView:issue:0
O3PipeView:complete:0
O3PipeView:retire:0:store:0
1033000: global: DynInst: [sn:1949] Instruction destroyed. Instcount for system.cpu = 88
O3PipeView:fetch:1027000:0x7ffff801f294:2:1948:  JNBE_I : wrip   t1, t2
O3PipeView:decode:1028000
O3PipeView:rename:1029000
O3PipeView:dispatch:0
O3PipeView:issue:0
O3PipeView:complete:0
O3PipeView:retire:0:store:0
1033000: global: DynInst: [sn:1948] Instruction destroyed. Instcount for system.cpu = 87
O3PipeView:fetch:1027000:0x7ffff801f294:1:1947:  JNBE_I : limm   t2, 0x12
O3PipeView:decode:1028000
O3PipeView:rename:1029000
O3PipeView:dispatch:0
O3PipeView:issue:0
O3PipeView:complete:0
O3PipeView:retire:0:store:0
1033000: global: DynInst: [sn:1947] Instruction destroyed. Instcount for system.cpu = 86
O3PipeView:fetch:1027000:0x7ffff801f294:0:1946:  JNBE_I : rdip   t1, t1
O3PipeView:decode:1028000
O3PipeView:rename:1029000
O3PipeView:dispatch:0
O3PipeView:issue:0
O3PipeView:complete:0
O3PipeView:retire:0:store:0
1033000: global: DynInst: [sn:1946] Instruction destroyed. Instcount for system.cpu = 85
O3PipeView:fetch:1026000:0x7ffff801f290:1:1945:  CMP_R_I : sub   t0, rdi, t1
O3PipeView:decode:1027000
O3PipeView:rename:1028000
O3PipeView:dispatch:0
O3PipeView:issue:0
O3PipeView:complete:0
O3PipeView:retire:0:store:0
1033000: global: DynInst: [sn:1945] Instruction destroyed. Instcount for system.cpu = 84
O3PipeView:fetch:1026000:0x7ffff801f290:0:1944:  CMP_R_I : limm   t1, 0xf
O3PipeView:decode:1027000
O3PipeView:rename:1028000
O3PipeView:dispatch:0
O3PipeView:issue:0
O3PipeView:complete:0
O3PipeView:retire:0:store:0
1033000: global: DynInst: [sn:1944] Instruction destroyed. Instcount for system.cpu = 83
O3PipeView:fetch:1026000:0x7ffff801f28d:0:1943:  SUB_R_R : sub   rdi, rdi, rax
O3PipeView:decode:1027000
O3PipeView:rename:1028000
O3PipeView:dispatch:0
O3PipeView:issue:0
O3PipeView:complete:0
O3PipeView:retire:0:store:0
1033000: global: DynInst: [sn:1943] Instruction destroyed. Instcount for system.cpu = 82
O3PipeView:fetch:1026000:0x7ffff801f28a:0:1942:  MOV_R_R : mov   rdi, rdi, r8
O3PipeView:decode:1027000
O3PipeView:rename:1028000
O3PipeView:dispatch:0
O3PipeView:issue:0
O3PipeView:complete:0
O3PipeView:retire:0:store:0
1033000: global: DynInst: [sn:1942] Instruction destroyed. Instcount for system.cpu = 81
O3PipeView:fetch:1026000:0x7ffff801f288:2:1941:  JBE_I : wrip   t1, t2
O3PipeView:decode:1027000
O3PipeView:rename:1028000
O3PipeView:dispatch:0
O3PipeView:issue:0
O3PipeView:complete:0
O3PipeView:retire:0:store:0
1033000: global: DynInst: [sn:1941] Instruction destroyed. Instcount for system.cpu = 80
O3PipeView:fetch:1026000:0x7ffff801f288:1:1940:  JBE_I : limm   t2, 0xffffffffffffffd6
O3PipeView:decode:1027000
O3PipeView:rename:1028000
O3PipeView:dispatch:0
O3PipeView:issue:0
O3PipeView:complete:0
O3PipeView:retire:0:store:0
1033000: global: DynInst: [sn:1940] Instruction destroyed. Instcount for system.cpu = 79
O3PipeView:fetch:1026000:0x7ffff801f288:0:1939:  JBE_I : rdip   t1, t1
O3PipeView:decode:1027000
O3PipeView:rename:1028000
O3PipeView:dispatch:0
O3PipeView:issue:0
O3PipeView:complete:0
O3PipeView:retire:0:store:0
1033000: global: DynInst: [sn:1939] Instruction destroyed. Instcount for system.cpu = 78
O3PipeView:fetch:1026000:0x7ffff801f284:1:1938:  CMP_R_I : sub   t0, rdi, t1
O3PipeView:decode:1027000
O3PipeView:rename:1028000
O3PipeView:dispatch:0
O3PipeView:issue:0
O3PipeView:complete:0
O3PipeView:retire:0:store:0
1033000: global: DynInst: [sn:1938] Instruction destroyed. Instcount for system.cpu = 77
O3PipeView:fetch:1026000:0x7ffff801f284:0:1937:  CMP_R_I : limm   t1, 0x3
O3PipeView:decode:1027000
O3PipeView:rename:1028000
O3PipeView:dispatch:0
O3PipeView:issue:0
O3PipeView:complete:0
O3PipeView:retire:0:store:0
1033000: global: DynInst: [sn:1937] Instruction destroyed. Instcount for system.cpu = 76
O3PipeView:fetch:1026000:0x7ffff801f27d:0:1936:  LEA_R_M : lea   rdi, DS:[rax + 0xffffffff90000000]
O3PipeView:decode:1027000
O3PipeView:rename:1028000
O3PipeView:dispatch:0
O3PipeView:issue:0
O3PipeView:complete:0
O3PipeView:retire:0:store:0
1033000: global: DynInst: [sn:1936] Instruction destroyed. Instcount for system.cpu = 75
1033000: system.cpu: Activity: 13
1033000: system.cpu: Removing instruction, [tid:0] [sn:1885] PC (0x7ffff801f26a=>0x7ffff801f26e).(0=>1)
1033000: system.cpu: Scheduling next tick!
1034000: system.cpu: 

O3CPU: Ticking main, O3CPU.
1034000: system.cpu.fetch: Running stage.
1034000: system.cpu.fetch: Attempting to fetch from [tid:0]
1034000: system.cpu.fetch: [tid:0] Adding instructions to queue to decode.
1034000: system.cpu.decoder: Decode: Decoded mov instruction: 
{
	leg = 0,
	rex = 0x48,
	vex/xop = 0,
	op = {
		type = one byte,
		op = 0x8b,
		},
	modRM = 0x5,
	sib = 0,
	immediate = 0,
	displacement = 0x1880e
	dispSize = 4}

1034000: global: DynInst: [sn:1975] Instruction created. Instcount for system.cpu = 76
1034000: system.cpu.fetch: [tid:0] Instruction PC (0x7ffff801f2f3=>0x7ffff801f2fa).(0=>1) created [sn:1975].
1034000: system.cpu.fetch: [tid:0] Instruction is:   MOV_R_P : rdip   t7, t7
1034000: system.cpu.fetch: [tid:0] Fetch queue entry created (11/128).
1034000: global: DynInst: [sn:1976] Instruction created. Instcount for system.cpu = 77
1034000: system.cpu.fetch: [tid:0] Instruction PC (0x7ffff801f2f3=>0x7ffff801f2fa).(1=>2) created [sn:1976].
1034000: system.cpu.fetch: [tid:0] Instruction is:   MOV_R_P : ld   rax, DS:[t0 + t7 + 0x1880e]
1034000: system.cpu.fetch: [tid:0] Fetch queue entry created (12/128).
1034000: system.cpu.decoder: Decode: Decoded test instruction: 
{
	leg = 0,
	rex = 0x48,
	vex/xop = 0,
	op = {
		type = one byte,
		op = 0x85,
		},
	modRM = 0xc0,
	sib = 0,
	immediate = 0,
	displacement = 0
	dispSize = 0}

1034000: global: DynInst: [sn:1977] Instruction created. Instcount for system.cpu = 78
1034000: system.cpu.fetch: [tid:0] Instruction PC (0x7ffff801f2fa=>0x7ffff801f2fd).(0=>1) created [sn:1977].
1034000: system.cpu.fetch: [tid:0] Instruction is:   TEST_R_R : and   t0, rax, rax
1034000: system.cpu.fetch: [tid:0] Fetch queue entry created (13/128).
1034000: system.cpu.decoder: Decode: Decoded jz instruction: 
{
	leg = 0,
	rex = 0,
	vex/xop = 0,
	op = {
		type = one byte,
		op = 0x74,
		},
	modRM = 0,
	sib = 0,
	immediate = 0x4,
	displacement = 0
	dispSize = 0}

1034000: global: DynInst: [sn:1978] Instruction created. Instcount for system.cpu = 79
1034000: system.cpu.fetch: [tid:0] Instruction PC (0x7ffff801f2fd=>0x7ffff801f2ff).(0=>1) created [sn:1978].
1034000: system.cpu.fetch: [tid:0] Instruction is:   JZ_I : rdip   t1, t1
1034000: system.cpu.fetch: [tid:0] Fetch queue entry created (14/128).
1034000: global: DynInst: [sn:1979] Instruction created. Instcount for system.cpu = 80
1034000: system.cpu.fetch: [tid:0] Instruction PC (0x7ffff801f2fd=>0x7ffff801f2ff).(1=>2) created [sn:1979].
1034000: system.cpu.fetch: [tid:0] Instruction is:   JZ_I : limm   t2, 0x4
1034000: system.cpu.fetch: [tid:0] Fetch queue entry created (15/128).
1034000: global: DynInst: [sn:1980] Instruction created. Instcount for system.cpu = 81
1034000: system.cpu.fetch: [tid:0] Instruction PC (0x7ffff801f2fd=>0x7ffff801f2ff).(2=>3) created [sn:1980].
1034000: system.cpu.fetch: [tid:0] Instruction is:   JZ_I : wrip   t1, t2
1034000: system.cpu.fetch: [tid:0] Fetch queue entry created (16/128).
1034000: system.cpu.fetch: [tid:0] [sn:1980] Branch at PC 0x7ffff801f2fd predicted to be not taken
1034000: system.cpu.fetch: [tid:0] [sn:1980] Branch at PC 0x7ffff801f2fd predicted to go to (0x7ffff801f2ff=>0x7ffff801f307).(0=>1)
1034000: system.cpu.fetch: [tid:0] Issuing a pipelined I-cache access, starting at PC (0x7ffff801f2ff=>0x7ffff801f307).(0=>1).
1034000: system.cpu.fetch: [tid:0] Fetching cache line 0x7ffff801f300 for addr 0x7ffff801f300
1034000: system.cpu: CPU already running.
1034000: system.cpu.fetch: Fetch: Doing instruction read.
1034000: system.cpu.fetch: [tid:0] Doing Icache access.
1034000: system.cpu.fetch: [tid:0] Activity: Waiting on I-cache response.
1034000: system.cpu.fetch: Deactivating stage.
1034000: system.cpu: Activity: 12
1034000: system.cpu.fetch: Activity this cycle.
1034000: system.cpu: Activity: 13
1034000: system.cpu.decode: Processing [tid:0]
1034000: system.cpu.decode: [tid:0] Stall fom Rename stage detected.
1034000: system.cpu.decode: [tid:0] Blocking.
1034000: system.cpu.rename: Processing [tid:0]
1034000: system.cpu.rename: [tid:0] Free IQ: 559, Free ROB: 870, Free LQ: 131, Free SQ: 66, FreeRM 127(840 870 917 1834 127 8 4555)
1034000: system.cpu.rename: [tid:0] 0 instructions not yet in ROB
1034000: system.cpu.rename: [tid:0] Freeing phys regs of misspeculated instructions.
1034000: system.cpu.rename: [tid:0] Successfully freed reg 728 (condition_code), [sn:1945].
1034000: system.cpu.rename: [tid:0] Successfully freed reg 727 (condition_code), [sn:1945].
1034000: system.cpu.rename: [tid:0] Successfully freed reg 180 (integer), [sn:1944].
1034000: system.cpu.rename: [tid:0] Successfully freed reg 726 (condition_code), [sn:1943].
1034000: system.cpu.rename: [tid:0] Successfully freed reg 725 (condition_code), [sn:1943].
1034000: system.cpu.rename: [tid:0] Successfully freed reg 181 (integer), [sn:1943].
1034000: system.cpu.rename: [tid:0] Successfully freed reg 182 (integer), [sn:1942].
1034000: system.cpu.rename: [tid:0] Successfully freed reg 183 (integer), [sn:1940].
1034000: system.cpu.rename: [tid:0] Successfully freed reg 184 (integer), [sn:1939].
1034000: system.cpu.rename: [tid:0] Successfully freed reg 724 (condition_code), [sn:1938].
1034000: system.cpu.rename: [tid:0] Successfully freed reg 723 (condition_code), [sn:1938].
1034000: system.cpu.rename: [tid:0] Successfully freed reg 185 (integer), [sn:1937].
1034000: system.cpu.rename: [tid:0] Successfully freed reg 186 (integer), [sn:1936].
1034000: system.cpu.rename: [tid:0] Successfully freed reg 187 (integer), [sn:1934].
1034000: system.cpu.rename: [tid:0] Successfully freed reg 188 (integer), [sn:1933].
1034000: system.cpu.rename: [tid:0] Successfully freed reg 722 (condition_code), [sn:1932].
1034000: system.cpu.rename: [tid:0] Successfully freed reg 721 (condition_code), [sn:1932].
1034000: system.cpu.rename: [tid:0] Successfully freed reg 189 (integer), [sn:1931].
1034000: system.cpu.rename: [tid:0] Successfully freed reg 190 (integer), [sn:1929].
1034000: system.cpu.rename: [tid:0] Successfully freed reg 191 (integer), [sn:1928].
1034000: system.cpu.rename: [tid:0] Successfully freed reg 720 (condition_code), [sn:1927].
1034000: system.cpu.rename: [tid:0] Successfully freed reg 719 (condition_code), [sn:1927].
1034000: system.cpu.rename: [tid:0] Successfully freed reg 718 (condition_code), [sn:1926].
1034000: system.cpu.rename: [tid:0] Successfully freed reg 717 (condition_code), [sn:1926].
1034000: system.cpu.rename: [tid:0] Successfully freed reg 192 (integer), [sn:1926].
1034000: system.cpu.rename: [tid:0] Successfully freed reg 193 (integer), [sn:1925].
1034000: system.cpu.rename: [tid:0] Successfully freed reg 194 (integer), [sn:1924].
1034000: system.cpu.rename: [tid:0] Successfully freed reg 195 (integer), [sn:1921].
1034000: system.cpu.rename: [tid:0] Successfully freed reg 196 (integer), [sn:1920].
1034000: system.cpu.rename: [tid:0] Successfully freed reg 716 (condition_code), [sn:1919].
1034000: system.cpu.rename: [tid:0] Successfully freed reg 715 (condition_code), [sn:1919].
1034000: system.cpu.rename: [tid:0] Successfully freed reg 197 (integer), [sn:1918].
1034000: system.cpu.rename: [tid:0] Successfully freed reg 198 (integer), [sn:1916].
1034000: system.cpu.rename: [tid:0] Successfully freed reg 199 (integer), [sn:1915].
1034000: system.cpu.rename: [tid:0] Successfully freed reg 714 (condition_code), [sn:1914].
1034000: system.cpu.rename: [tid:0] Successfully freed reg 713 (condition_code), [sn:1914].
1034000: system.cpu.rename: [tid:0] Successfully freed reg 712 (condition_code), [sn:1913].
1034000: system.cpu.rename: [tid:0] Successfully freed reg 711 (condition_code), [sn:1913].
1034000: system.cpu.rename: [tid:0] Successfully freed reg 200 (integer), [sn:1913].
1034000: system.cpu.rename: [tid:0] Successfully freed reg 201 (integer), [sn:1912].
1034000: system.cpu.rename: [tid:0] Successfully freed reg 202 (integer), [sn:1911].
1034000: system.cpu.rename: [tid:0] Successfully freed reg 203 (integer), [sn:1908].
1034000: system.cpu.rename: [tid:0] Successfully freed reg 204 (integer), [sn:1907].
1034000: system.cpu.rename: [tid:0] Successfully freed reg 710 (condition_code), [sn:1906].
1034000: system.cpu.rename: [tid:0] Successfully freed reg 709 (condition_code), [sn:1906].
1034000: system.cpu.rename: [tid:0] Successfully freed reg 205 (integer), [sn:1905].
1034000: system.cpu.rename: [tid:0] Successfully freed reg 206 (integer), [sn:1903].
1034000: system.cpu.rename: [tid:0] Successfully freed reg 207 (integer), [sn:1902].
1034000: system.cpu.rename: [tid:0] Successfully freed reg 708 (condition_code), [sn:1901].
1034000: system.cpu.rename: [tid:0] Successfully freed reg 707 (condition_code), [sn:1901].
1034000: system.cpu.rename: [tid:0] Successfully freed reg 706 (condition_code), [sn:1900].
1034000: system.cpu.rename: [tid:0] Successfully freed reg 705 (condition_code), [sn:1900].
1034000: system.cpu.rename: [tid:0] Successfully freed reg 208 (integer), [sn:1900].
1034000: system.cpu.rename: [tid:0] Successfully freed reg 209 (integer), [sn:1899].
1034000: system.cpu.rename: [tid:0] Successfully freed reg 133 (integer), [sn:1898].
1034000: system.cpu.rename: [tid:0] Successfully freed reg 167 (integer), [sn:1895].
1034000: system.cpu.rename: [tid:0] Successfully freed reg 132 (integer), [sn:1894].
1034000: system.cpu.rename: [tid:0] Successfully freed reg 704 (condition_code), [sn:1893].
1034000: system.cpu.rename: [tid:0] Successfully freed reg 703 (condition_code), [sn:1893].
1034000: system.cpu.rename: [tid:0] Successfully freed reg 39 (integer), [sn:1892].
1034000: system.cpu.rename: [tid:0] Stall from IEW stage detected.
1034000: system.cpu.rename: [tid:0] Blocking.
1034000: system.cpu.rename: [tid:0] Removing a committed instruction from the history buffer 0 (size=16), until [sn:1885].
1034000: system.cpu.rename: [tid:0] Attempting to free older rename of reg 139 (integer), [sn:1885].
1034000: system.cpu.iew: Issue: Processing [tid:0]
1034000: system.cpu.iew: [tid:0] Done blocking, switching to unblocking.
1034000: system.cpu.iew: [tid:0] Reading instructions out of the skid buffer 0.
1034000: system.cpu.iew: [tid:0] Done unblocking.
1034000: system.cpu.iew: [tid:0] Not blocked, so attempting to run dispatch.
1034000: system.cpu.iq: Attempting to schedule ready instructions from the IQ.
1034000: system.cpu.iq: Not able to schedule any instructions.
1034000: system.cpu.iew.lsq: [tid:0] Writing back stores. 6 stores available for Writeback.
1034000: system.cpu.iew: Processing [tid:0]
1034000: system.cpu.iew.lsq.thread0: Committing head load instruction, PC (0x7ffff801f26a=>0x7ffff801f26e).(0=>1)
1034000: system.cpu.iq: [tid:0] Committing instructions older than [sn:1885]
O3PipeView:fetch:1017000:0x7ffff801f26a:0:1885:  MOV_R_M : ld   rax, DS:[rdx + 0x10]
O3PipeView:decode:1019000
O3PipeView:rename:1020000
O3PipeView:dispatch:1022000
O3PipeView:issue:1022000
O3PipeView:complete:1023000
O3PipeView:retire:1033000:store:0
1034000: global: DynInst: [sn:1885] Instruction destroyed. Instcount for system.cpu = 80
1034000: system.cpu.iew: [tid:0], Dispatch dispatched 0 instructions.
1034000: system.cpu.iew.lsq.thread0: SQ size: 72, #stores occupied: 6
1034000: system.cpu.iew.lsq.thread0: LQ size: 132, #loads occupied: 0
1034000: system.cpu.iew: IQ has 559 free entries (Can schedule: 0).  LQ has 132 free entries. SQ has 66 free entries.
1034000: system.cpu.iew: Activity this cycle.
1034000: system.cpu.commit: Getting instructions from Rename stage.
1034000: system.cpu.commit: Trying to commit instructions in the ROB.
1034000: system.cpu.commit: Trying to commit head instruction, [tid:0] [sn:1886]
1034000: system.cpu.commit: [tid:0] [sn:1886] Committing instruction with PC (0x7ffff801f26e=>0x7ffff801f272).(0=>1)
1034000: system.cpu.rob: [tid:0] Retiring head instruction, instruction PC (0x7ffff801f26e=>0x7ffff801f272).(0=>1), [sn:1886]
1034000: system.cpu: Removing committed instruction [tid:0] PC (0x7ffff801f26e=>0x7ffff801f272).(0=>1) [sn:1886]
1034000: system.cpu.commit: Trying to commit head instruction, [tid:0] [sn:1887]
1034000: system.cpu.commit: [tid:0] [sn:1887] Committing instruction with PC (0x7ffff801f26e=>0x7ffff801f272).(1=>2)
1034000: system.cpu.rob: [tid:0] Retiring head instruction, instruction PC (0x7ffff801f26e=>0x7ffff801f272).(1=>2), [sn:1887]
1034000: system.cpu: Removing committed instruction [tid:0] PC (0x7ffff801f26e=>0x7ffff801f272).(1=>2) [sn:1887]
1034000: system.cpu.commit: Trying to commit head instruction, [tid:0] [sn:1888]
1034000: system.cpu.commit: [tid:0] [sn:1888] Committing instruction with PC (0x7ffff801f272=>0x7ffff801f275).(0=>1)
1034000: system.cpu.rob: [tid:0] Retiring head instruction, instruction PC (0x7ffff801f272=>0x7ffff801f275).(0=>1), [sn:1888]
1034000: system.cpu: Removing committed instruction [tid:0] PC (0x7ffff801f272=>0x7ffff801f275).(0=>1) [sn:1888]
1034000: system.cpu.commit: Trying to commit head instruction, [tid:0] [sn:1889]
1034000: system.cpu.commit: [tid:0] [sn:1889] Committing instruction with PC (0x7ffff801f275=>0x7ffff801f277).(0=>1)
1034000: system.cpu.rob: [tid:0] Retiring head instruction, instruction PC (0x7ffff801f275=>0x7ffff801f277).(0=>1), [sn:1889]
1034000: system.cpu: Removing committed instruction [tid:0] PC (0x7ffff801f275=>0x7ffff801f277).(0=>1) [sn:1889]
1034000: system.cpu.commit: Trying to commit head instruction, [tid:0] [sn:1890]
1034000: system.cpu.commit: [tid:0] [sn:1890] Committing instruction with PC (0x7ffff801f275=>0x7ffff801f277).(1=>2)
1034000: system.cpu.rob: [tid:0] Retiring head instruction, instruction PC (0x7ffff801f275=>0x7ffff801f277).(1=>2), [sn:1890]
1034000: system.cpu: Removing committed instruction [tid:0] PC (0x7ffff801f275=>0x7ffff801f277).(1=>2) [sn:1890]
1034000: system.cpu.commit: Trying to commit head instruction, [tid:0] [sn:1891]
1034000: system.cpu.commit: [tid:0] [sn:1891] Committing instruction with PC (0x7ffff801f275=>0x7ffff801f2c8).(2=>3)
1034000: system.cpu.rob: [tid:0] Retiring head instruction, instruction PC (0x7ffff801f275=>0x7ffff801f2c8).(2=>3), [sn:1891]
1034000: system.cpu: Removing committed instruction [tid:0] PC (0x7ffff801f275=>0x7ffff801f2c8).(2=>3) [sn:1891]
1034000: system.cpu.commit: Trying to commit head instruction, [tid:0] [sn:1892]
1034000: system.cpu.commit: Retiring squashed instruction from ROB.
1034000: system.cpu.rob: [tid:0] Retiring head instruction, instruction PC (0x7ffff801f277=>0x7ffff801f27b).(0=>1), [sn:1892]
1034000: system.cpu: Removing committed instruction [tid:0] PC (0x7ffff801f277=>0x7ffff801f27b).(0=>1) [sn:1892]
1034000: system.cpu.commit: Trying to commit head instruction, [tid:0] [sn:1893]
1034000: system.cpu.commit: Retiring squashed instruction from ROB.
1034000: system.cpu.rob: [tid:0] Retiring head instruction, instruction PC (0x7ffff801f277=>0x7ffff801f27b).(1=>2), [sn:1893]
1034000: system.cpu: Removing committed instruction [tid:0] PC (0x7ffff801f277=>0x7ffff801f27b).(1=>2) [sn:1893]
1034000: system.cpu.commit: Trying to commit head instruction, [tid:0] [sn:1894]
1034000: system.cpu.commit: Retiring squashed instruction from ROB.
1034000: system.cpu.rob: [tid:0] Retiring head instruction, instruction PC (0x7ffff801f27b=>0x7ffff801f27d).(0=>1), [sn:1894]
1034000: system.cpu: Removing committed instruction [tid:0] PC (0x7ffff801f27b=>0x7ffff801f27d).(0=>1) [sn:1894]
1034000: system.cpu.commit: Trying to commit head instruction, [tid:0] [sn:1895]
1034000: system.cpu.commit: Retiring squashed instruction from ROB.
1034000: system.cpu.rob: [tid:0] Retiring head instruction, instruction PC (0x7ffff801f27b=>0x7ffff801f27d).(1=>2), [sn:1895]
1034000: system.cpu: Removing committed instruction [tid:0] PC (0x7ffff801f27b=>0x7ffff801f27d).(1=>2) [sn:1895]
1034000: system.cpu.commit: Trying to commit head instruction, [tid:0] [sn:1896]
1034000: system.cpu.commit: Retiring squashed instruction from ROB.
1034000: system.cpu.rob: [tid:0] Retiring head instruction, instruction PC (0x7ffff801f27b=>0x7ffff801f266).(2=>3), [sn:1896]
1034000: system.cpu: Removing committed instruction [tid:0] PC (0x7ffff801f27b=>0x7ffff801f266).(2=>3) [sn:1896]
1034000: system.cpu.commit: Trying to commit head instruction, [tid:0] [sn:1897]
1034000: system.cpu.commit: Retiring squashed instruction from ROB.
1034000: system.cpu.rob: [tid:0] Retiring head instruction, instruction PC (0x7ffff801f266=>0x7ffff801f26a).(0=>1), [sn:1897]
1034000: system.cpu: Removing committed instruction [tid:0] PC (0x7ffff801f266=>0x7ffff801f26a).(0=>1) [sn:1897]
1034000: system.cpu.commit: Trying to commit head instruction, [tid:0] [sn:1898]
1034000: system.cpu.commit: Retiring squashed instruction from ROB.
1034000: system.cpu.rob: [tid:0] Retiring head instruction, instruction PC (0x7ffff801f26a=>0x7ffff801f26e).(0=>1), [sn:1898]
1034000: system.cpu: Removing committed instruction [tid:0] PC (0x7ffff801f26a=>0x7ffff801f26e).(0=>1) [sn:1898]
1034000: system.cpu.commit: Trying to commit head instruction, [tid:0] [sn:1899]
1034000: system.cpu.commit: Retiring squashed instruction from ROB.
1034000: system.cpu.rob: [tid:0] Retiring head instruction, instruction PC (0x7ffff801f26e=>0x7ffff801f272).(0=>1), [sn:1899]
1034000: system.cpu: Removing committed instruction [tid:0] PC (0x7ffff801f26e=>0x7ffff801f272).(0=>1) [sn:1899]
1034000: system.cpu.commit: Trying to commit head instruction, [tid:0] [sn:1900]
1034000: system.cpu.commit: Retiring squashed instruction from ROB.
1034000: system.cpu.rob: [tid:0] Retiring head instruction, instruction PC (0x7ffff801f26e=>0x7ffff801f272).(1=>2), [sn:1900]
1034000: system.cpu: Removing committed instruction [tid:0] PC (0x7ffff801f26e=>0x7ffff801f272).(1=>2) [sn:1900]
1034000: system.cpu.commit: Trying to commit head instruction, [tid:0] [sn:1901]
1034000: system.cpu.commit: Retiring squashed instruction from ROB.
1034000: system.cpu.rob: [tid:0] Retiring head instruction, instruction PC (0x7ffff801f272=>0x7ffff801f275).(0=>1), [sn:1901]
1034000: system.cpu: Removing committed instruction [tid:0] PC (0x7ffff801f272=>0x7ffff801f275).(0=>1) [sn:1901]
1034000: system.cpu.commit: Trying to commit head instruction, [tid:0] [sn:1902]
1034000: system.cpu.commit: Retiring squashed instruction from ROB.
1034000: system.cpu.rob: [tid:0] Retiring head instruction, instruction PC (0x7ffff801f275=>0x7ffff801f277).(0=>1), [sn:1902]
1034000: system.cpu: Removing committed instruction [tid:0] PC (0x7ffff801f275=>0x7ffff801f277).(0=>1) [sn:1902]
1034000: system.cpu.commit: Trying to commit head instruction, [tid:0] [sn:1903]
1034000: system.cpu.commit: Retiring squashed instruction from ROB.
1034000: system.cpu.rob: [tid:0] Retiring head instruction, instruction PC (0x7ffff801f275=>0x7ffff801f277).(1=>2), [sn:1903]
1034000: system.cpu: Removing committed instruction [tid:0] PC (0x7ffff801f275=>0x7ffff801f277).(1=>2) [sn:1903]
1034000: system.cpu.commit: Trying to commit head instruction, [tid:0] [sn:1904]
1034000: system.cpu.commit: Retiring squashed instruction from ROB.
1034000: system.cpu.rob: [tid:0] Retiring head instruction, instruction PC (0x7ffff801f275=>0x7ffff801f277).(2=>3), [sn:1904]
1034000: system.cpu: Removing committed instruction [tid:0] PC (0x7ffff801f275=>0x7ffff801f277).(2=>3) [sn:1904]
1034000: system.cpu.commit: Trying to commit head instruction, [tid:0] [sn:1905]
1034000: system.cpu.commit: Retiring squashed instruction from ROB.
1034000: system.cpu.rob: [tid:0] Retiring head instruction, instruction PC (0x7ffff801f277=>0x7ffff801f27b).(0=>1), [sn:1905]
1034000: system.cpu: Removing committed instruction [tid:0] PC (0x7ffff801f277=>0x7ffff801f27b).(0=>1) [sn:1905]
1034000: system.cpu.commit: Trying to commit head instruction, [tid:0] [sn:1906]
1034000: system.cpu.commit: Retiring squashed instruction from ROB.
1034000: system.cpu.rob: [tid:0] Retiring head instruction, instruction PC (0x7ffff801f277=>0x7ffff801f27b).(1=>2), [sn:1906]
1034000: system.cpu: Removing committed instruction [tid:0] PC (0x7ffff801f277=>0x7ffff801f27b).(1=>2) [sn:1906]
1034000: system.cpu.commit: Trying to commit head instruction, [tid:0] [sn:1907]
1034000: system.cpu.commit: Retiring squashed instruction from ROB.
1034000: system.cpu.rob: [tid:0] Retiring head instruction, instruction PC (0x7ffff801f27b=>0x7ffff801f27d).(0=>1), [sn:1907]
1034000: system.cpu: Removing committed instruction [tid:0] PC (0x7ffff801f27b=>0x7ffff801f27d).(0=>1) [sn:1907]
1034000: system.cpu.commit: Trying to commit head instruction, [tid:0] [sn:1908]
1034000: system.cpu.commit: Retiring squashed instruction from ROB.
1034000: system.cpu.rob: [tid:0] Retiring head instruction, instruction PC (0x7ffff801f27b=>0x7ffff801f27d).(1=>2), [sn:1908]
1034000: system.cpu: Removing committed instruction [tid:0] PC (0x7ffff801f27b=>0x7ffff801f27d).(1=>2) [sn:1908]
1034000: system.cpu.commit: Trying to commit head instruction, [tid:0] [sn:1909]
1034000: system.cpu.commit: Retiring squashed instruction from ROB.
1034000: system.cpu.rob: [tid:0] Retiring head instruction, instruction PC (0x7ffff801f27b=>0x7ffff801f27d).(2=>3), [sn:1909]
1034000: system.cpu: Removing committed instruction [tid:0] PC (0x7ffff801f27b=>0x7ffff801f27d).(2=>3) [sn:1909]
1034000: system.cpu.commit: Trying to commit head instruction, [tid:0] [sn:1910]
1034000: system.cpu.commit: Retiring squashed instruction from ROB.
1034000: system.cpu.rob: [tid:0] Retiring head instruction, instruction PC (0x7ffff801f266=>0x7ffff801f26a).(0=>1), [sn:1910]
1034000: system.cpu: Removing committed instruction [tid:0] PC (0x7ffff801f266=>0x7ffff801f26a).(0=>1) [sn:1910]
1034000: system.cpu.commit: Trying to commit head instruction, [tid:0] [sn:1911]
1034000: system.cpu.commit: Retiring squashed instruction from ROB.
1034000: system.cpu.rob: [tid:0] Retiring head instruction, instruction PC (0x7ffff801f26a=>0x7ffff801f26e).(0=>1), [sn:1911]
1034000: system.cpu: Removing committed instruction [tid:0] PC (0x7ffff801f26a=>0x7ffff801f26e).(0=>1) [sn:1911]
1034000: system.cpu.commit: Trying to commit head instruction, [tid:0] [sn:1912]
1034000: system.cpu.commit: Retiring squashed instruction from ROB.
1034000: system.cpu.rob: [tid:0] Retiring head instruction, instruction PC (0x7ffff801f26e=>0x7ffff801f272).(0=>1), [sn:1912]
1034000: system.cpu: Removing committed instruction [tid:0] PC (0x7ffff801f26e=>0x7ffff801f272).(0=>1) [sn:1912]
1034000: system.cpu.commit: Trying to commit head instruction, [tid:0] [sn:1913]
1034000: system.cpu.commit: Retiring squashed instruction from ROB.
1034000: system.cpu.rob: [tid:0] Retiring head instruction, instruction PC (0x7ffff801f26e=>0x7ffff801f272).(1=>2), [sn:1913]
1034000: system.cpu: Removing committed instruction [tid:0] PC (0x7ffff801f26e=>0x7ffff801f272).(1=>2) [sn:1913]
1034000: system.cpu.commit: Trying to commit head instruction, [tid:0] [sn:1914]
1034000: system.cpu.commit: Retiring squashed instruction from ROB.
1034000: system.cpu.rob: [tid:0] Retiring head instruction, instruction PC (0x7ffff801f272=>0x7ffff801f275).(0=>1), [sn:1914]
1034000: system.cpu: Removing committed instruction [tid:0] PC (0x7ffff801f272=>0x7ffff801f275).(0=>1) [sn:1914]
1034000: system.cpu.commit: Trying to commit head instruction, [tid:0] [sn:1915]
1034000: system.cpu.commit: Retiring squashed instruction from ROB.
1034000: system.cpu.rob: [tid:0] Retiring head instruction, instruction PC (0x7ffff801f275=>0x7ffff801f277).(0=>1), [sn:1915]
1034000: system.cpu: Removing committed instruction [tid:0] PC (0x7ffff801f275=>0x7ffff801f277).(0=>1) [sn:1915]
1034000: system.cpu.commit: Trying to commit head instruction, [tid:0] [sn:1916]
1034000: system.cpu.commit: Retiring squashed instruction from ROB.
1034000: system.cpu.rob: [tid:0] Retiring head instruction, instruction PC (0x7ffff801f275=>0x7ffff801f277).(1=>2), [sn:1916]
1034000: system.cpu: Removing committed instruction [tid:0] PC (0x7ffff801f275=>0x7ffff801f277).(1=>2) [sn:1916]
1034000: system.cpu.commit: Trying to commit head instruction, [tid:0] [sn:1917]
1034000: system.cpu.commit: Retiring squashed instruction from ROB.
1034000: system.cpu.rob: [tid:0] Retiring head instruction, instruction PC (0x7ffff801f275=>0x7ffff801f277).(2=>3), [sn:1917]
1034000: system.cpu: Removing committed instruction [tid:0] PC (0x7ffff801f275=>0x7ffff801f277).(2=>3) [sn:1917]
1034000: system.cpu.commit: Trying to commit head instruction, [tid:0] [sn:1918]
1034000: system.cpu.commit: Retiring squashed instruction from ROB.
1034000: system.cpu.rob: [tid:0] Retiring head instruction, instruction PC (0x7ffff801f277=>0x7ffff801f27b).(0=>1), [sn:1918]
1034000: system.cpu: Removing committed instruction [tid:0] PC (0x7ffff801f277=>0x7ffff801f27b).(0=>1) [sn:1918]
1034000: system.cpu.commit: Trying to commit head instruction, [tid:0] [sn:1919]
1034000: system.cpu.commit: Retiring squashed instruction from ROB.
1034000: system.cpu.rob: [tid:0] Retiring head instruction, instruction PC (0x7ffff801f277=>0x7ffff801f27b).(1=>2), [sn:1919]
1034000: system.cpu: Removing committed instruction [tid:0] PC (0x7ffff801f277=>0x7ffff801f27b).(1=>2) [sn:1919]
1034000: system.cpu.commit: Trying to commit head instruction, [tid:0] [sn:1920]
1034000: system.cpu.commit: Retiring squashed instruction from ROB.
1034000: system.cpu.rob: [tid:0] Retiring head instruction, instruction PC (0x7ffff801f27b=>0x7ffff801f27d).(0=>1), [sn:1920]
1034000: system.cpu: Removing committed instruction [tid:0] PC (0x7ffff801f27b=>0x7ffff801f27d).(0=>1) [sn:1920]
1034000: system.cpu.commit: Trying to commit head instruction, [tid:0] [sn:1921]
1034000: system.cpu.commit: Retiring squashed instruction from ROB.
1034000: system.cpu.rob: [tid:0] Retiring head instruction, instruction PC (0x7ffff801f27b=>0x7ffff801f27d).(1=>2), [sn:1921]
1034000: system.cpu: Removing committed instruction [tid:0] PC (0x7ffff801f27b=>0x7ffff801f27d).(1=>2) [sn:1921]
1034000: system.cpu.commit: Trying to commit head instruction, [tid:0] [sn:1922]
1034000: system.cpu.commit: Retiring squashed instruction from ROB.
1034000: system.cpu.rob: [tid:0] Retiring head instruction, instruction PC (0x7ffff801f27b=>0x7ffff801f27d).(2=>3), [sn:1922]
1034000: system.cpu: Removing committed instruction [tid:0] PC (0x7ffff801f27b=>0x7ffff801f27d).(2=>3) [sn:1922]
1034000: system.cpu.commit: Trying to commit head instruction, [tid:0] [sn:1923]
1034000: system.cpu.commit: Retiring squashed instruction from ROB.
1034000: system.cpu.rob: [tid:0] Retiring head instruction, instruction PC (0x7ffff801f266=>0x7ffff801f26a).(0=>1), [sn:1923]
1034000: system.cpu: Removing committed instruction [tid:0] PC (0x7ffff801f266=>0x7ffff801f26a).(0=>1) [sn:1923]
1034000: system.cpu.commit: Trying to commit head instruction, [tid:0] [sn:1924]
1034000: system.cpu.commit: Retiring squashed instruction from ROB.
1034000: system.cpu.rob: [tid:0] Retiring head instruction, instruction PC (0x7ffff801f26a=>0x7ffff801f26e).(0=>1), [sn:1924]
1034000: system.cpu: Removing committed instruction [tid:0] PC (0x7ffff801f26a=>0x7ffff801f26e).(0=>1) [sn:1924]
1034000: system.cpu.commit: Trying to commit head instruction, [tid:0] [sn:1925]
1034000: system.cpu.commit: Retiring squashed instruction from ROB.
1034000: system.cpu.rob: [tid:0] Retiring head instruction, instruction PC (0x7ffff801f26e=>0x7ffff801f272).(0=>1), [sn:1925]
1034000: system.cpu: Removing committed instruction [tid:0] PC (0x7ffff801f26e=>0x7ffff801f272).(0=>1) [sn:1925]
1034000: system.cpu.commit: Trying to commit head instruction, [tid:0] [sn:1926]
1034000: system.cpu.commit: Retiring squashed instruction from ROB.
1034000: system.cpu.rob: [tid:0] Retiring head instruction, instruction PC (0x7ffff801f26e=>0x7ffff801f272).(1=>2), [sn:1926]
1034000: system.cpu: Removing committed instruction [tid:0] PC (0x7ffff801f26e=>0x7ffff801f272).(1=>2) [sn:1926]
1034000: system.cpu.commit: Trying to commit head instruction, [tid:0] [sn:1927]
1034000: system.cpu.commit: Retiring squashed instruction from ROB.
1034000: system.cpu.rob: [tid:0] Retiring head instruction, instruction PC (0x7ffff801f272=>0x7ffff801f275).(0=>1), [sn:1927]
1034000: system.cpu: Removing committed instruction [tid:0] PC (0x7ffff801f272=>0x7ffff801f275).(0=>1) [sn:1927]
1034000: system.cpu.commit: Trying to commit head instruction, [tid:0] [sn:1928]
1034000: system.cpu.commit: Retiring squashed instruction from ROB.
1034000: system.cpu.rob: [tid:0] Retiring head instruction, instruction PC (0x7ffff801f275=>0x7ffff801f277).(0=>1), [sn:1928]
1034000: system.cpu: Removing committed instruction [tid:0] PC (0x7ffff801f275=>0x7ffff801f277).(0=>1) [sn:1928]
1034000: system.cpu.commit: Trying to commit head instruction, [tid:0] [sn:1929]
1034000: system.cpu.commit: Retiring squashed instruction from ROB.
1034000: system.cpu.rob: [tid:0] Retiring head instruction, instruction PC (0x7ffff801f275=>0x7ffff801f277).(1=>2), [sn:1929]
1034000: system.cpu: Removing committed instruction [tid:0] PC (0x7ffff801f275=>0x7ffff801f277).(1=>2) [sn:1929]
1034000: system.cpu.commit: Trying to commit head instruction, [tid:0] [sn:1930]
1034000: system.cpu.commit: Retiring squashed instruction from ROB.
1034000: system.cpu.rob: [tid:0] Retiring head instruction, instruction PC (0x7ffff801f275=>0x7ffff801f277).(2=>3), [sn:1930]
1034000: system.cpu: Removing committed instruction [tid:0] PC (0x7ffff801f275=>0x7ffff801f277).(2=>3) [sn:1930]
1034000: system.cpu.commit: Trying to commit head instruction, [tid:0] [sn:1931]
1034000: system.cpu.commit: Retiring squashed instruction from ROB.
1034000: system.cpu.rob: [tid:0] Retiring head instruction, instruction PC (0x7ffff801f277=>0x7ffff801f27b).(0=>1), [sn:1931]
1034000: system.cpu: Removing committed instruction [tid:0] PC (0x7ffff801f277=>0x7ffff801f27b).(0=>1) [sn:1931]
1034000: system.cpu.commit: Trying to commit head instruction, [tid:0] [sn:1932]
1034000: system.cpu.commit: Retiring squashed instruction from ROB.
1034000: system.cpu.rob: [tid:0] Retiring head instruction, instruction PC (0x7ffff801f277=>0x7ffff801f27b).(1=>2), [sn:1932]
1034000: system.cpu: Removing committed instruction [tid:0] PC (0x7ffff801f277=>0x7ffff801f27b).(1=>2) [sn:1932]
1034000: system.cpu.commit: Trying to commit head instruction, [tid:0] [sn:1933]
1034000: system.cpu.commit: Retiring squashed instruction from ROB.
1034000: system.cpu.rob: [tid:0] Retiring head instruction, instruction PC (0x7ffff801f27b=>0x7ffff801f27d).(0=>1), [sn:1933]
1034000: system.cpu: Removing committed instruction [tid:0] PC (0x7ffff801f27b=>0x7ffff801f27d).(0=>1) [sn:1933]
1034000: system.cpu.commit: [tid:0] ROB has 0 insts & 918 free entries.
1034000: system.cpu.commit: Activity This Cycle.
1034000: system.cpu.commit: Deactivating stage.
1034000: system.cpu: Activity: 12
1034000: system.cpu: Activity: 11
1034000: system.cpu: Removing instruction, [tid:0] [sn:1886] PC (0x7ffff801f26e=>0x7ffff801f272).(0=>1)
1034000: system.cpu: Removing instruction, [tid:0] [sn:1887] PC (0x7ffff801f26e=>0x7ffff801f272).(1=>2)
1034000: system.cpu: Removing instruction, [tid:0] [sn:1888] PC (0x7ffff801f272=>0x7ffff801f275).(0=>1)
1034000: system.cpu: Removing instruction, [tid:0] [sn:1889] PC (0x7ffff801f275=>0x7ffff801f277).(0=>1)
1034000: system.cpu: Removing instruction, [tid:0] [sn:1890] PC (0x7ffff801f275=>0x7ffff801f277).(1=>2)
1034000: system.cpu: Removing instruction, [tid:0] [sn:1891] PC (0x7ffff801f275=>0x7ffff801f2c8).(2=>3)
1034000: system.cpu: Removing instruction, [tid:0] [sn:1892] PC (0x7ffff801f277=>0x7ffff801f27b).(0=>1)
O3PipeView:fetch:1017000:0x7ffff801f277:0:1892:  CMP_R_I : limm   t1, 0x25
O3PipeView:decode:1020000
O3PipeView:rename:1021000
O3PipeView:dispatch:1023000
O3PipeView:issue:1023000
O3PipeView:complete:1024000
O3PipeView:retire:0:store:0
1034000: global: DynInst: [sn:1892] Instruction destroyed. Instcount for system.cpu = 79
1034000: system.cpu: Removing instruction, [tid:0] [sn:1893] PC (0x7ffff801f277=>0x7ffff801f27b).(1=>2)
O3PipeView:fetch:1017000:0x7ffff801f277:1:1893:  CMP_R_I : sub   t0, rax, t1
O3PipeView:decode:1020000
O3PipeView:rename:1021000
O3PipeView:dispatch:1023000
O3PipeView:issue:1025000
O3PipeView:complete:1026000
O3PipeView:retire:0:store:0
1034000: global: DynInst: [sn:1893] Instruction destroyed. Instcount for system.cpu = 78
1034000: system.cpu: Removing instruction, [tid:0] [sn:1894] PC (0x7ffff801f27b=>0x7ffff801f27d).(0=>1)
O3PipeView:fetch:1018000:0x7ffff801f27b:0:1894:  JBE_I : rdip   t1, t1
O3PipeView:decode:1022000
O3PipeView:rename:1023000
O3PipeView:dispatch:1025000
O3PipeView:issue:1025000
O3PipeView:complete:1026000
O3PipeView:retire:0:store:0
1034000: global: DynInst: [sn:1894] Instruction destroyed. Instcount for system.cpu = 77
1034000: system.cpu: Removing instruction, [tid:0] [sn:1895] PC (0x7ffff801f27b=>0x7ffff801f27d).(1=>2)
O3PipeView:fetch:1018000:0x7ffff801f27b:1:1895:  JBE_I : limm   t2, 0xffffffffffffffe9
O3PipeView:decode:1022000
O3PipeView:rename:1023000
O3PipeView:dispatch:1025000
O3PipeView:issue:1025000
O3PipeView:complete:1026000
O3PipeView:retire:0:store:0
1034000: global: DynInst: [sn:1895] Instruction destroyed. Instcount for system.cpu = 76
1034000: system.cpu: Removing instruction, [tid:0] [sn:1896] PC (0x7ffff801f27b=>0x7ffff801f266).(2=>3)
O3PipeView:fetch:1018000:0x7ffff801f27b:2:1896:  JBE_I : wrip   t1, t2
O3PipeView:decode:1022000
O3PipeView:rename:1023000
O3PipeView:dispatch:1025000
O3PipeView:issue:1026000
O3PipeView:complete:1027000
O3PipeView:retire:0:store:0
1034000: global: DynInst: [sn:1896] Instruction destroyed. Instcount for system.cpu = 75
1034000: system.cpu: Removing instruction, [tid:0] [sn:1897] PC (0x7ffff801f266=>0x7ffff801f26a).(0=>1)
O3PipeView:fetch:1019000:0x7ffff801f266:0:1897:  MOV_M_R : st   rdx, DS:[8*rax + rsi]
O3PipeView:decode:1022000
O3PipeView:rename:1023000
O3PipeView:dispatch:1025000
O3PipeView:issue:1025000
O3PipeView:complete:1026000
O3PipeView:retire:0:store:0
1034000: global: DynInst: [sn:1897] Instruction destroyed. Instcount for system.cpu = 74
1034000: system.cpu: Removing instruction, [tid:0] [sn:1898] PC (0x7ffff801f26a=>0x7ffff801f26e).(0=>1)
O3PipeView:fetch:1019000:0x7ffff801f26a:0:1898:  MOV_R_M : ld   rax, DS:[rdx + 0x10]
O3PipeView:decode:1022000
O3PipeView:rename:1023000
O3PipeView:dispatch:1025000
O3PipeView:issue:1025000
O3PipeView:complete:1026000
O3PipeView:retire:0:store:0
1034000: global: DynInst: [sn:1898] Instruction destroyed. Instcount for system.cpu = 73
1034000: system.cpu: Removing instruction, [tid:0] [sn:1899] PC (0x7ffff801f26e=>0x7ffff801f272).(0=>1)
O3PipeView:fetch:1019000:0x7ffff801f26e:0:1899:  ADD_R_I : limm   t1, 0x10
O3PipeView:decode:1022000
O3PipeView:rename:1023000
O3PipeView:dispatch:1025000
O3PipeView:issue:1025000
O3PipeView:complete:1026000
O3PipeView:retire:0:store:0
1034000: global: DynInst: [sn:1899] Instruction destroyed. Instcount for system.cpu = 72
1034000: system.cpu: Removing instruction, [tid:0] [sn:1900] PC (0x7ffff801f26e=>0x7ffff801f272).(1=>2)
O3PipeView:fetch:1019000:0x7ffff801f26e:1:1900:  ADD_R_I : add   rdx, rdx, t1
O3PipeView:decode:1022000
O3PipeView:rename:1023000
O3PipeView:dispatch:1025000
O3PipeView:issue:1026000
O3PipeView:complete:1027000
O3PipeView:retire:0:store:0
1034000: global: DynInst: [sn:1900] Instruction destroyed. Instcount for system.cpu = 71
1034000: system.cpu: Removing instruction, [tid:0] [sn:1901] PC (0x7ffff801f272=>0x7ffff801f275).(0=>1)
O3PipeView:fetch:1019000:0x7ffff801f272:0:1901:  TEST_R_R : and   t0, rax, rax
O3PipeView:decode:1022000
O3PipeView:rename:1023000
O3PipeView:dispatch:1025000
O3PipeView:issue:1028000
O3PipeView:complete:1029000
O3PipeView:retire:0:store:0
1034000: global: DynInst: [sn:1901] Instruction destroyed. Instcount for system.cpu = 70
1034000: system.cpu: Removing instruction, [tid:0] [sn:1902] PC (0x7ffff801f275=>0x7ffff801f277).(0=>1)
O3PipeView:fetch:1019000:0x7ffff801f275:0:1902:  JZ_I : rdip   t1, t1
O3PipeView:decode:1022000
O3PipeView:rename:1023000
O3PipeView:dispatch:1025000
O3PipeView:issue:1025000
O3PipeView:complete:1026000
O3PipeView:retire:0:store:0
1034000: global: DynInst: [sn:1902] Instruction destroyed. Instcount for system.cpu = 69
1034000: system.cpu: Removing instruction, [tid:0] [sn:1903] PC (0x7ffff801f275=>0x7ffff801f277).(1=>2)
O3PipeView:fetch:1019000:0x7ffff801f275:1:1903:  JZ_I : limm   t2, 0x51
O3PipeView:decode:1022000
O3PipeView:rename:1023000
O3PipeView:dispatch:1025000
O3PipeView:issue:1025000
O3PipeView:complete:1026000
O3PipeView:retire:0:store:0
1034000: global: DynInst: [sn:1903] Instruction destroyed. Instcount for system.cpu = 68
1034000: system.cpu: Removing instruction, [tid:0] [sn:1904] PC (0x7ffff801f275=>0x7ffff801f277).(2=>3)
O3PipeView:fetch:1019000:0x7ffff801f275:2:1904:  JZ_I : wrip   t1, t2
O3PipeView:decode:1023000
O3PipeView:rename:1024000
O3PipeView:dispatch:1026000
O3PipeView:issue:0
O3PipeView:complete:0
O3PipeView:retire:0:store:0
1034000: global: DynInst: [sn:1904] Instruction destroyed. Instcount for system.cpu = 67
1034000: system.cpu: Removing instruction, [tid:0] [sn:1905] PC (0x7ffff801f277=>0x7ffff801f27b).(0=>1)
O3PipeView:fetch:1019000:0x7ffff801f277:0:1905:  CMP_R_I : limm   t1, 0x25
O3PipeView:decode:1023000
O3PipeView:rename:1024000
O3PipeView:dispatch:1026000
O3PipeView:issue:1026000
O3PipeView:complete:1027000
O3PipeView:retire:0:store:0
1034000: global: DynInst: [sn:1905] Instruction destroyed. Instcount for system.cpu = 66
1034000: system.cpu: Removing instruction, [tid:0] [sn:1906] PC (0x7ffff801f277=>0x7ffff801f27b).(1=>2)
O3PipeView:fetch:1019000:0x7ffff801f277:1:1906:  CMP_R_I : sub   t0, rax, t1
O3PipeView:decode:1023000
O3PipeView:rename:1024000
O3PipeView:dispatch:1026000
O3PipeView:issue:1028000
O3PipeView:complete:1029000
O3PipeView:retire:0:store:0
1034000: global: DynInst: [sn:1906] Instruction destroyed. Instcount for system.cpu = 65
1034000: system.cpu: Removing instruction, [tid:0] [sn:1907] PC (0x7ffff801f27b=>0x7ffff801f27d).(0=>1)
O3PipeView:fetch:1020000:0x7ffff801f27b:0:1907:  JBE_I : rdip   t1, t1
O3PipeView:decode:1023000
O3PipeView:rename:1024000
O3PipeView:dispatch:1026000
O3PipeView:issue:1026000
O3PipeView:complete:1027000
O3PipeView:retire:0:store:0
1034000: global: DynInst: [sn:1907] Instruction destroyed. Instcount for system.cpu = 64
1034000: system.cpu: Removing instruction, [tid:0] [sn:1908] PC (0x7ffff801f27b=>0x7ffff801f27d).(1=>2)
O3PipeView:fetch:1020000:0x7ffff801f27b:1:1908:  JBE_I : limm   t2, 0xffffffffffffffe9
O3PipeView:decode:1023000
O3PipeView:rename:1024000
O3PipeView:dispatch:1026000
O3PipeView:issue:1026000
O3PipeView:complete:1027000
O3PipeView:retire:0:store:0
1034000: global: DynInst: [sn:1908] Instruction destroyed. Instcount for system.cpu = 63
1034000: system.cpu: Removing instruction, [tid:0] [sn:1909] PC (0x7ffff801f27b=>0x7ffff801f27d).(2=>3)
O3PipeView:fetch:1020000:0x7ffff801f27b:2:1909:  JBE_I : wrip   t1, t2
O3PipeView:decode:1023000
O3PipeView:rename:1024000
O3PipeView:dispatch:1026000
O3PipeView:issue:0
O3PipeView:complete:0
O3PipeView:retire:0:store:0
1034000: global: DynInst: [sn:1909] Instruction destroyed. Instcount for system.cpu = 62
1034000: system.cpu: Removing instruction, [tid:0] [sn:1910] PC (0x7ffff801f266=>0x7ffff801f26a).(0=>1)
O3PipeView:fetch:1021000:0x7ffff801f266:0:1910:  MOV_M_R : st   rdx, DS:[8*rax + rsi]
O3PipeView:decode:1023000
O3PipeView:rename:1024000
O3PipeView:dispatch:1026000
O3PipeView:issue:1028000
O3PipeView:complete:0
O3PipeView:retire:0:store:0
1034000: global: DynInst: [sn:1910] Instruction destroyed. Instcount for system.cpu = 61
1034000: system.cpu: Removing instruction, [tid:0] [sn:1911] PC (0x7ffff801f26a=>0x7ffff801f26e).(0=>1)
O3PipeView:fetch:1021000:0x7ffff801f26a:0:1911:  MOV_R_M : ld   rax, DS:[rdx + 0x10]
O3PipeView:decode:1023000
O3PipeView:rename:1024000
O3PipeView:dispatch:1026000
O3PipeView:issue:1027000
O3PipeView:complete:1028000
O3PipeView:retire:0:store:0
1034000: global: DynInst: [sn:1911] Instruction destroyed. Instcount for system.cpu = 60
1034000: system.cpu: Removing instruction, [tid:0] [sn:1912] PC (0x7ffff801f26e=>0x7ffff801f272).(0=>1)
O3PipeView:fetch:1021000:0x7ffff801f26e:0:1912:  ADD_R_I : limm   t1, 0x10
O3PipeView:decode:1023000
O3PipeView:rename:1024000
O3PipeView:dispatch:1026000
O3PipeView:issue:1026000
O3PipeView:complete:1027000
O3PipeView:retire:0:store:0
1034000: global: DynInst: [sn:1912] Instruction destroyed. Instcount for system.cpu = 59
1034000: system.cpu: Removing instruction, [tid:0] [sn:1913] PC (0x7ffff801f26e=>0x7ffff801f272).(1=>2)
O3PipeView:fetch:1021000:0x7ffff801f26e:1:1913:  ADD_R_I : add   rdx, rdx, t1
O3PipeView:decode:1023000
O3PipeView:rename:1024000
O3PipeView:dispatch:1026000
O3PipeView:issue:1027000
O3PipeView:complete:1028000
O3PipeView:retire:0:store:0
1034000: global: DynInst: [sn:1913] Instruction destroyed. Instcount for system.cpu = 58
1034000: system.cpu: Removing instruction, [tid:0] [sn:1914] PC (0x7ffff801f272=>0x7ffff801f275).(0=>1)
O3PipeView:fetch:1021000:0x7ffff801f272:0:1914:  TEST_R_R : and   t0, rax, rax
O3PipeView:decode:1024000
O3PipeView:rename:1025000
O3PipeView:dispatch:1027000
O3PipeView:issue:0
O3PipeView:complete:0
O3PipeView:retire:0:store:0
1034000: global: DynInst: [sn:1914] Instruction destroyed. Instcount for system.cpu = 57
1034000: system.cpu: Removing instruction, [tid:0] [sn:1915] PC (0x7ffff801f275=>0x7ffff801f277).(0=>1)
O3PipeView:fetch:1021000:0x7ffff801f275:0:1915:  JZ_I : rdip   t1, t1
O3PipeView:decode:1024000
O3PipeView:rename:1025000
O3PipeView:dispatch:1027000
O3PipeView:issue:1027000
O3PipeView:complete:1028000
O3PipeView:retire:0:store:0
1034000: global: DynInst: [sn:1915] Instruction destroyed. Instcount for system.cpu = 56
1034000: system.cpu: Removing instruction, [tid:0] [sn:1916] PC (0x7ffff801f275=>0x7ffff801f277).(1=>2)
O3PipeView:fetch:1021000:0x7ffff801f275:1:1916:  JZ_I : limm   t2, 0x51
O3PipeView:decode:1024000
O3PipeView:rename:1025000
O3PipeView:dispatch:1027000
O3PipeView:issue:1027000
O3PipeView:complete:1028000
O3PipeView:retire:0:store:0
1034000: global: DynInst: [sn:1916] Instruction destroyed. Instcount for system.cpu = 55
1034000: system.cpu: Removing instruction, [tid:0] [sn:1917] PC (0x7ffff801f275=>0x7ffff801f277).(2=>3)
O3PipeView:fetch:1021000:0x7ffff801f275:2:1917:  JZ_I : wrip   t1, t2
O3PipeView:decode:1024000
O3PipeView:rename:1025000
O3PipeView:dispatch:1027000
O3PipeView:issue:0
O3PipeView:complete:0
O3PipeView:retire:0:store:0
1034000: global: DynInst: [sn:1917] Instruction destroyed. Instcount for system.cpu = 54
1034000: system.cpu: Removing instruction, [tid:0] [sn:1918] PC (0x7ffff801f277=>0x7ffff801f27b).(0=>1)
O3PipeView:fetch:1021000:0x7ffff801f277:0:1918:  CMP_R_I : limm   t1, 0x25
O3PipeView:decode:1024000
O3PipeView:rename:1025000
O3PipeView:dispatch:1027000
O3PipeView:issue:1027000
O3PipeView:complete:1028000
O3PipeView:retire:0:store:0
1034000: global: DynInst: [sn:1918] Instruction destroyed. Instcount for system.cpu = 53
1034000: system.cpu: Removing instruction, [tid:0] [sn:1919] PC (0x7ffff801f277=>0x7ffff801f27b).(1=>2)
O3PipeView:fetch:1021000:0x7ffff801f277:1:1919:  CMP_R_I : sub   t0, rax, t1
O3PipeView:decode:1024000
O3PipeView:rename:1025000
O3PipeView:dispatch:1027000
O3PipeView:issue:0
O3PipeView:complete:0
O3PipeView:retire:0:store:0
1034000: global: DynInst: [sn:1919] Instruction destroyed. Instcount for system.cpu = 52
1034000: system.cpu: Removing instruction, [tid:0] [sn:1920] PC (0x7ffff801f27b=>0x7ffff801f27d).(0=>1)
O3PipeView:fetch:1022000:0x7ffff801f27b:0:1920:  JBE_I : rdip   t1, t1
O3PipeView:decode:1024000
O3PipeView:rename:1025000
O3PipeView:dispatch:1027000
O3PipeView:issue:1027000
O3PipeView:complete:1028000
O3PipeView:retire:0:store:0
1034000: global: DynInst: [sn:1920] Instruction destroyed. Instcount for system.cpu = 51
1034000: system.cpu: Removing instruction, [tid:0] [sn:1921] PC (0x7ffff801f27b=>0x7ffff801f27d).(1=>2)
O3PipeView:fetch:1022000:0x7ffff801f27b:1:1921:  JBE_I : limm   t2, 0xffffffffffffffe9
O3PipeView:decode:1024000
O3PipeView:rename:1025000
O3PipeView:dispatch:1027000
O3PipeView:issue:1027000
O3PipeView:complete:1028000
O3PipeView:retire:0:store:0
1034000: global: DynInst: [sn:1921] Instruction destroyed. Instcount for system.cpu = 50
1034000: system.cpu: Removing instruction, [tid:0] [sn:1922] PC (0x7ffff801f27b=>0x7ffff801f27d).(2=>3)
O3PipeView:fetch:1022000:0x7ffff801f27b:2:1922:  JBE_I : wrip   t1, t2
O3PipeView:decode:1024000
O3PipeView:rename:1025000
O3PipeView:dispatch:1027000
O3PipeView:issue:0
O3PipeView:complete:0
O3PipeView:retire:0:store:0
1034000: global: DynInst: [sn:1922] Instruction destroyed. Instcount for system.cpu = 49
1034000: system.cpu: Removing instruction, [tid:0] [sn:1923] PC (0x7ffff801f266=>0x7ffff801f26a).(0=>1)
O3PipeView:fetch:1023000:0x7ffff801f266:0:1923:  MOV_M_R : st   rdx, DS:[8*rax + rsi]
O3PipeView:decode:1024000
O3PipeView:rename:1025000
O3PipeView:dispatch:1027000
O3PipeView:issue:0
O3PipeView:complete:0
O3PipeView:retire:0:store:0
1034000: global: DynInst: [sn:1923] Instruction destroyed. Instcount for system.cpu = 48
1034000: system.cpu: Removing instruction, [tid:0] [sn:1924] PC (0x7ffff801f26a=>0x7ffff801f26e).(0=>1)
O3PipeView:fetch:1023000:0x7ffff801f26a:0:1924:  MOV_R_M : ld   rax, DS:[rdx + 0x10]
O3PipeView:decode:1025000
O3PipeView:rename:1026000
O3PipeView:dispatch:1028000
O3PipeView:issue:1028000
O3PipeView:complete:0
O3PipeView:retire:0:store:0
1034000: global: DynInst: [sn:1924] Instruction destroyed. Instcount for system.cpu = 47
1034000: system.cpu: Removing instruction, [tid:0] [sn:1925] PC (0x7ffff801f26e=>0x7ffff801f272).(0=>1)
O3PipeView:fetch:1023000:0x7ffff801f26e:0:1925:  ADD_R_I : limm   t1, 0x10
O3PipeView:decode:1025000
O3PipeView:rename:1026000
O3PipeView:dispatch:1028000
O3PipeView:issue:1028000
O3PipeView:complete:0
O3PipeView:retire:0:store:0
1034000: global: DynInst: [sn:1925] Instruction destroyed. Instcount for system.cpu = 46
1034000: system.cpu: Removing instruction, [tid:0] [sn:1926] PC (0x7ffff801f26e=>0x7ffff801f272).(1=>2)
O3PipeView:fetch:1023000:0x7ffff801f26e:1:1926:  ADD_R_I : add   rdx, rdx, t1
O3PipeView:decode:1025000
O3PipeView:rename:1026000
O3PipeView:dispatch:1028000
O3PipeView:issue:0
O3PipeView:complete:0
O3PipeView:retire:0:store:0
1034000: global: DynInst: [sn:1926] Instruction destroyed. Instcount for system.cpu = 45
1034000: system.cpu: Removing instruction, [tid:0] [sn:1927] PC (0x7ffff801f272=>0x7ffff801f275).(0=>1)
O3PipeView:fetch:1023000:0x7ffff801f272:0:1927:  TEST_R_R : and   t0, rax, rax
O3PipeView:decode:1025000
O3PipeView:rename:1026000
O3PipeView:dispatch:1028000
O3PipeView:issue:0
O3PipeView:complete:0
O3PipeView:retire:0:store:0
1034000: global: DynInst: [sn:1927] Instruction destroyed. Instcount for system.cpu = 44
1034000: system.cpu: Removing instruction, [tid:0] [sn:1928] PC (0x7ffff801f275=>0x7ffff801f277).(0=>1)
O3PipeView:fetch:1023000:0x7ffff801f275:0:1928:  JZ_I : rdip   t1, t1
O3PipeView:decode:1025000
O3PipeView:rename:1026000
O3PipeView:dispatch:1028000
O3PipeView:issue:1028000
O3PipeView:complete:0
O3PipeView:retire:0:store:0
1034000: global: DynInst: [sn:1928] Instruction destroyed. Instcount for system.cpu = 43
1034000: system.cpu: Removing instruction, [tid:0] [sn:1929] PC (0x7ffff801f275=>0x7ffff801f277).(1=>2)
O3PipeView:fetch:1023000:0x7ffff801f275:1:1929:  JZ_I : limm   t2, 0x51
O3PipeView:decode:1025000
O3PipeView:rename:1026000
O3PipeView:dispatch:1028000
O3PipeView:issue:1028000
O3PipeView:complete:0
O3PipeView:retire:0:store:0
1034000: global: DynInst: [sn:1929] Instruction destroyed. Instcount for system.cpu = 42
1034000: system.cpu: Removing instruction, [tid:0] [sn:1930] PC (0x7ffff801f275=>0x7ffff801f277).(2=>3)
O3PipeView:fetch:1023000:0x7ffff801f275:2:1930:  JZ_I : wrip   t1, t2
O3PipeView:decode:1025000
O3PipeView:rename:1026000
O3PipeView:dispatch:1028000
O3PipeView:issue:0
O3PipeView:complete:0
O3PipeView:retire:0:store:0
1034000: global: DynInst: [sn:1930] Instruction destroyed. Instcount for system.cpu = 41
1034000: system.cpu: Removing instruction, [tid:0] [sn:1931] PC (0x7ffff801f277=>0x7ffff801f27b).(0=>1)
O3PipeView:fetch:1023000:0x7ffff801f277:0:1931:  CMP_R_I : limm   t1, 0x25
O3PipeView:decode:1025000
O3PipeView:rename:1026000
O3PipeView:dispatch:1028000
O3PipeView:issue:1028000
O3PipeView:complete:0
O3PipeView:retire:0:store:0
1034000: global: DynInst: [sn:1931] Instruction destroyed. Instcount for system.cpu = 40
1034000: system.cpu: Removing instruction, [tid:0] [sn:1932] PC (0x7ffff801f277=>0x7ffff801f27b).(1=>2)
O3PipeView:fetch:1023000:0x7ffff801f277:1:1932:  CMP_R_I : sub   t0, rax, t1
O3PipeView:decode:1025000
O3PipeView:rename:1026000
O3PipeView:dispatch:1028000
O3PipeView:issue:0
O3PipeView:complete:0
O3PipeView:retire:0:store:0
1034000: global: DynInst: [sn:1932] Instruction destroyed. Instcount for system.cpu = 39
1034000: system.cpu: Removing instruction, [tid:0] [sn:1933] PC (0x7ffff801f27b=>0x7ffff801f27d).(0=>1)
O3PipeView:fetch:1024000:0x7ffff801f27b:0:1933:  JBE_I : rdip   t1, t1
O3PipeView:decode:1025000
O3PipeView:rename:1026000
O3PipeView:dispatch:1028000
O3PipeView:issue:1028000
O3PipeView:complete:0
O3PipeView:retire:0:store:0
1034000: global: DynInst: [sn:1933] Instruction destroyed. Instcount for system.cpu = 38
1034000: system.cpu: Scheduling next tick!
1035000: system.cpu: 

O3CPU: Ticking main, O3CPU.
1035000: system.cpu.fetch: Running stage.
1035000: system.cpu.fetch: There are no more threads available to fetch from.
1035000: system.cpu.fetch: [tid:0] Fetch is waiting cache response!
1035000: system.cpu.decode: Processing [tid:0]
1035000: system.cpu.decode: [tid:0] Stall fom Rename stage detected.
1035000: system.cpu.decode: [tid:0] Blocking.
1035000: system.cpu.rename: Processing [tid:0]
1035000: system.cpu.rename: [tid:0] Free IQ: 559, Free ROB: 918, Free LQ: 131, Free SQ: 66, FreeRM 127(875 870 917 1834 127 8 4581)
1035000: system.cpu.rename: [tid:0] 0 instructions not yet in ROB
1035000: system.cpu.rename: calcFreeLQEntries: free lqEntries: 131, loadsInProgress: 0, loads dispatchedToLQ: 0
1035000: system.cpu.rename: [tid:0] Done blocking, switching to unblocking.
1035000: system.cpu.rename: [tid:0] Trying to unblock.
1035000: system.cpu.rename: [tid:0] Done unblocking.
1035000: system.cpu.rename: [tid:0] Not blocked, so attempting to run stage.
1035000: system.cpu.rename: [tid:0] Nothing to do, breaking out early.
1035000: system.cpu.rename: Activity this cycle.
1035000: system.cpu: Activity: 12
1035000: system.cpu.rename: [tid:0] Removing a committed instruction from the history buffer 0 (size=15), until [sn:1891].
1035000: system.cpu.rename: [tid:0] Attempting to free older rename of reg 124 (integer), [sn:1886].
1035000: system.cpu.rename: [tid:0] Attempting to free older rename of reg 137 (integer), [sn:1887].
1035000: system.cpu.rename: [tid:0] Attempting to free older rename of reg 697 (condition_code), [sn:1887].
1035000: system.cpu.rename: [tid:0] Attempting to free older rename of reg 698 (condition_code), [sn:1887].
1035000: system.cpu.rename: [tid:0] Attempting to free older rename of reg 4294967295 (invalid), [sn:1887].
1035000: system.cpu.rename: [tid:0] Attempting to free older rename of reg 4294967295 (invalid), [sn:1887].
1035000: system.cpu.rename: [tid:0] Attempting to free older rename of reg 4294967295 (invalid), [sn:1887].
1035000: system.cpu.rename: [tid:0] Attempting to free older rename of reg 4294967295 (invalid), [sn:1888].
1035000: system.cpu.rename: [tid:0] Attempting to free older rename of reg 699 (condition_code), [sn:1888].
1035000: system.cpu.rename: [tid:0] Attempting to free older rename of reg 700 (condition_code), [sn:1888].
1035000: system.cpu.rename: [tid:0] Attempting to free older rename of reg 4294967295 (invalid), [sn:1888].
1035000: system.cpu.rename: [tid:0] Attempting to free older rename of reg 4294967295 (invalid), [sn:1888].
1035000: system.cpu.rename: [tid:0] Attempting to free older rename of reg 4294967295 (invalid), [sn:1888].
1035000: system.cpu.rename: [tid:0] Attempting to free older rename of reg 125 (integer), [sn:1889].
1035000: system.cpu.rename: [tid:0] Attempting to free older rename of reg 120 (integer), [sn:1890].
1035000: system.cpu.iew: Issue: Processing [tid:0]
1035000: system.cpu.iew: [tid:0] Not blocked, so attempting to run dispatch.
1035000: system.cpu.iq: Attempting to schedule ready instructions from the IQ.
1035000: system.cpu.iq: Not able to schedule any instructions.
1035000: system.cpu.iew.lsq: [tid:0] Writing back stores. 6 stores available for Writeback.
1035000: system.cpu.iew: Processing [tid:0]
1035000: system.cpu.iq: [tid:0] Committing instructions older than [sn:1891]
O3PipeView:fetch:1017000:0x7ffff801f26e:0:1886:  ADD_R_I : limm   t1, 0x10
O3PipeView:decode:1019000
O3PipeView:rename:1020000
O3PipeView:dispatch:1022000
O3PipeView:issue:1022000
O3PipeView:complete:1023000
O3PipeView:retire:1034000:store:0
1035000: global: DynInst: [sn:1886] Instruction destroyed. Instcount for system.cpu = 37
O3PipeView:fetch:1017000:0x7ffff801f26e:1:1887:  ADD_R_I : add   rdx, rdx, t1
O3PipeView:decode:1019000
O3PipeView:rename:1020000
O3PipeView:dispatch:1022000
O3PipeView:issue:1023000
O3PipeView:complete:1024000
O3PipeView:retire:1034000:store:0
1035000: global: DynInst: [sn:1887] Instruction destroyed. Instcount for system.cpu = 36
O3PipeView:fetch:1017000:0x7ffff801f272:0:1888:  TEST_R_R : and   t0, rax, rax
O3PipeView:decode:1019000
O3PipeView:rename:1020000
O3PipeView:dispatch:1022000
O3PipeView:issue:1025000
O3PipeView:complete:1026000
O3PipeView:retire:1034000:store:0
1035000: global: DynInst: [sn:1888] Instruction destroyed. Instcount for system.cpu = 35
O3PipeView:fetch:1017000:0x7ffff801f275:0:1889:  JZ_I : rdip   t1, t1
O3PipeView:decode:1019000
O3PipeView:rename:1020000
O3PipeView:dispatch:1022000
O3PipeView:issue:1022000
O3PipeView:complete:1023000
O3PipeView:retire:1034000:store:0
1035000: global: DynInst: [sn:1889] Instruction destroyed. Instcount for system.cpu = 34
O3PipeView:fetch:1017000:0x7ffff801f275:1:1890:  JZ_I : limm   t2, 0x51
O3PipeView:decode:1019000
O3PipeView:rename:1020000
O3PipeView:dispatch:1022000
O3PipeView:issue:1022000
O3PipeView:complete:1023000
O3PipeView:retire:1034000:store:0
1035000: global: DynInst: [sn:1890] Instruction destroyed. Instcount for system.cpu = 33
O3PipeView:fetch:1017000:0x7ffff801f275:2:1891:  JZ_I : wrip   t1, t2
O3PipeView:decode:1020000
O3PipeView:rename:1021000
O3PipeView:dispatch:1023000
O3PipeView:issue:1026000
O3PipeView:complete:1027000
O3PipeView:retire:1034000:store:0
1035000: global: DynInst: [sn:1891] Instruction destroyed. Instcount for system.cpu = 32
1035000: system.cpu.iew.lsq.thread0: LQ size: 132, #loads occupied: 0
1035000: system.cpu.iew.lsq.thread0: SQ size: 72, #stores occupied: 6
1035000: system.cpu.iew: [tid:0], Dispatch dispatched 0 instructions.
1035000: system.cpu.iew.lsq.thread0: SQ size: 72, #stores occupied: 6
1035000: system.cpu.iew.lsq.thread0: LQ size: 132, #loads occupied: 0
1035000: system.cpu.iew: IQ has 559 free entries (Can schedule: 0).  LQ has 132 free entries. SQ has 66 free entries.
1035000: system.cpu.iew: Activity this cycle.
1035000: system.cpu.commit: Getting instructions from Rename stage.
1035000: system.cpu.commit: Trying to commit instructions in the ROB.
1035000: system.cpu.commit: [tid:0] ROB has 0 insts & 918 free entries.
1035000: system.cpu: Activity: 11
1035000: system.cpu: Scheduling next tick!
1036000: system.cpu.icache_port: Fetch unit received timing
1036000: system.cpu.fetch: [tid:0] Waking up from cache miss.
1036000: system.cpu: CPU already running.
1036000: system.cpu.fetch: [tid:0] Activating fetch due to cache completion
1036000: system.cpu.fetch: Activating stage.
1036000: system.cpu: Activity: 12
1036000: system.cpu: 

O3CPU: Ticking main, O3CPU.
1036000: system.cpu.fetch: Running stage.
1036000: system.cpu.fetch: Attempting to fetch from [tid:0]
1036000: system.cpu.fetch: [tid:0] Icache miss is complete.
1036000: system.cpu.fetch: [tid:0] Adding instructions to queue to decode.
1036000: system.cpu.decoder: Decode: Decoded add instruction: 
{
	leg = 0,
	rex = 0x48,
	vex/xop = 0,
	op = {
		type = one byte,
		op = 0x1,
		},
	modRM = 0x48,
	sib = 0,
	immediate = 0,
	displacement = 0x8
	dispSize = 1}

1036000: global: DynInst: [sn:1981] Instruction created. Instcount for system.cpu = 33
1036000: system.cpu.fetch: [tid:0] Instruction PC (0x7ffff801f2ff=>0x7ffff801f303).(0=>1) created [sn:1981].
1036000: system.cpu.fetch: [tid:0] Instruction is:   ADD_M_R : ldst   t1, DS:[rax + 0x8]
1036000: system.cpu.fetch: [tid:0] Fetch queue entry created (17/128).
1036000: global: DynInst: [sn:1982] Instruction created. Instcount for system.cpu = 34
1036000: system.cpu.fetch: [tid:0] Instruction PC (0x7ffff801f2ff=>0x7ffff801f303).(1=>2) created [sn:1982].
1036000: system.cpu.fetch: [tid:0] Instruction is:   ADD_M_R : add   t1, t1, rcx
1036000: system.cpu.fetch: [tid:0] Fetch queue entry created (18/128).
1036000: global: DynInst: [sn:1983] Instruction created. Instcount for system.cpu = 35
1036000: system.cpu.fetch: [tid:0] Instruction PC (0x7ffff801f2ff=>0x7ffff801f303).(2=>3) created [sn:1983].
1036000: system.cpu.fetch: [tid:0] Instruction is:   ADD_M_R : st   t1, DS:[rax + 0x8]
1036000: system.cpu.fetch: [tid:0] Fetch queue entry created (19/128).
1036000: system.cpu.decoder: Decode: Decoded mov instruction: 
{
	leg = 0,
	rex = 0x48,
	vex/xop = 0,
	op = {
		type = one byte,
		op = 0x8b,
		},
	modRM = 0x5,
	sib = 0,
	immediate = 0,
	displacement = 0x1880e
	dispSize = 4}

1036000: global: DynInst: [sn:1984] Instruction created. Instcount for system.cpu = 36
1036000: system.cpu.fetch: [tid:0] Instruction PC (0x7ffff801f303=>0x7ffff801f30a).(0=>1) created [sn:1984].
1036000: system.cpu.fetch: [tid:0] Instruction is:   MOV_R_P : rdip   t7, t7
1036000: system.cpu.fetch: [tid:0] Fetch queue entry created (20/128).
1036000: global: DynInst: [sn:1985] Instruction created. Instcount for system.cpu = 37
1036000: system.cpu.fetch: [tid:0] Instruction PC (0x7ffff801f303=>0x7ffff801f30a).(1=>2) created [sn:1985].
1036000: system.cpu.fetch: [tid:0] Instruction is:   MOV_R_P : ld   rax, DS:[t0 + t7 + 0x1880e]
1036000: system.cpu.fetch: [tid:0] Fetch queue entry created (21/128).
1036000: system.cpu.decoder: Decode: Decoded test instruction: 
{
	leg = 0,
	rex = 0x48,
	vex/xop = 0,
	op = {
		type = one byte,
		op = 0x85,
		},
	modRM = 0xc0,
	sib = 0,
	immediate = 0,
	displacement = 0
	dispSize = 0}

1036000: global: DynInst: [sn:1986] Instruction created. Instcount for system.cpu = 38
1036000: system.cpu.fetch: [tid:0] Instruction PC (0x7ffff801f30a=>0x7ffff801f30d).(0=>1) created [sn:1986].
1036000: system.cpu.fetch: [tid:0] Instruction is:   TEST_R_R : and   t0, rax, rax
1036000: system.cpu.fetch: [tid:0] Fetch queue entry created (22/128).
1036000: system.cpu.decoder: Decode: Decoded jz instruction: 
{
	leg = 0,
	rex = 0,
	vex/xop = 0,
	op = {
		type = one byte,
		op = 0x74,
		},
	modRM = 0,
	sib = 0,
	immediate = 0x4,
	displacement = 0
	dispSize = 0}

1036000: global: DynInst: [sn:1987] Instruction created. Instcount for system.cpu = 39
1036000: system.cpu.fetch: [tid:0] Instruction PC (0x7ffff801f30d=>0x7ffff801f30f).(0=>1) created [sn:1987].
1036000: system.cpu.fetch: [tid:0] Instruction is:   JZ_I : rdip   t1, t1
1036000: system.cpu.fetch: [tid:0] Fetch queue entry created (23/128).
1036000: global: DynInst: [sn:1988] Instruction created. Instcount for system.cpu = 40
1036000: system.cpu.fetch: [tid:0] Instruction PC (0x7ffff801f30d=>0x7ffff801f30f).(1=>2) created [sn:1988].
1036000: system.cpu.fetch: [tid:0] Instruction is:   JZ_I : limm   t2, 0x4
1036000: system.cpu.fetch: [tid:0] Fetch queue entry created (24/128).
1036000: global: DynInst: [sn:1989] Instruction created. Instcount for system.cpu = 41
1036000: system.cpu.fetch: [tid:0] Instruction PC (0x7ffff801f30d=>0x7ffff801f30f).(2=>3) created [sn:1989].
1036000: system.cpu.fetch: [tid:0] Instruction is:   JZ_I : wrip   t1, t2
1036000: system.cpu.fetch: [tid:0] Fetch queue entry created (25/128).
1036000: system.cpu.fetch: [tid:0] [sn:1989] Branch at PC 0x7ffff801f30d predicted to be not taken
1036000: system.cpu.fetch: [tid:0] [sn:1989] Branch at PC 0x7ffff801f30d predicted to go to (0x7ffff801f30f=>0x7ffff801f317).(0=>1)
1036000: system.cpu.decoder: Decode: Decoded add instruction: 
{
	leg = 0,
	rex = 0x48,
	vex/xop = 0,
	op = {
		type = one byte,
		op = 0x1,
		},
	modRM = 0x48,
	sib = 0,
	immediate = 0,
	displacement = 0x8
	dispSize = 1}

1036000: global: DynInst: [sn:1990] Instruction created. Instcount for system.cpu = 42
1036000: system.cpu.fetch: [tid:0] Instruction PC (0x7ffff801f30f=>0x7ffff801f313).(0=>1) created [sn:1990].
1036000: system.cpu.fetch: [tid:0] Instruction is:   ADD_M_R : ldst   t1, DS:[rax + 0x8]
1036000: system.cpu.fetch: [tid:0] Fetch queue entry created (26/128).
1036000: system.cpu.fetch: [tid:0] Done fetching, reached fetch bandwidth for this cycle.
1036000: system.cpu.fetch: Activity this cycle.
1036000: system.cpu: Activity: 13
1036000: system.cpu.decode: Processing [tid:0]
1036000: system.cpu.decode: [tid:0] Done blocking, switching to unblocking.
1036000: system.cpu.decode: [tid:0] Currently unblocking.
1036000: system.cpu.decode: [tid:0] Unblocking, removing insts from skid buffer.
1036000: system.cpu.decode: [tid:0] Sending instruction to rename.
1036000: system.cpu.decode: [tid:0] Processing instruction [sn:1955] with PC (0x7ffff801f2c8=>0x7ffff801f2cf).(0=>1)
1036000: system.cpu.decode: [tid:0] Processing instruction [sn:1956] with PC (0x7ffff801f2c8=>0x7ffff801f2cf).(1=>2)
1036000: system.cpu.decode: [tid:0] Processing instruction [sn:1957] with PC (0x7ffff801f2c8=>0x7ffff801f2cf).(2=>3)
1036000: system.cpu.decode: [tid:0] Processing instruction [sn:1958] with PC (0x7ffff801f2cf=>0x7ffff801f2d6).(0=>1)
1036000: system.cpu.decode: [tid:0] Processing instruction [sn:1959] with PC (0x7ffff801f2cf=>0x7ffff801f2d6).(1=>2)
1036000: system.cpu.decode: [tid:0] Processing instruction [sn:1960] with PC (0x7ffff801f2d6=>0x7ffff801f2d9).(0=>1)
1036000: system.cpu.decode: [tid:0] Processing instruction [sn:1961] with PC (0x7ffff801f2d9=>0x7ffff801f2dd).(0=>1)
1036000: system.cpu.decode: [tid:0] Processing instruction [sn:1962] with PC (0x7ffff801f2d9=>0x7ffff801f2dd).(1=>2)
1036000: system.cpu.decode: [tid:0] Processing instruction [sn:1963] with PC (0x7ffff801f2dd=>0x7ffff801f2e3).(0=>1)
1036000: system.cpu.decode: [tid:0] Processing instruction [sn:1964] with PC (0x7ffff801f2dd=>0x7ffff801f2e3).(1=>2)
1036000: system.cpu.decode: [tid:0] Done unblocking.
1036000: system.cpu.decode: Activity this cycle.
1036000: system.cpu.rename: Processing [tid:0]
1036000: system.cpu.rename: [tid:0] Free IQ: 559, Free ROB: 918, Free LQ: 132, Free SQ: 66, FreeRM 127(879 870 917 1834 127 8 4585)
1036000: system.cpu.rename: [tid:0] 0 instructions not yet in ROB
1036000: system.cpu.rename: calcFreeLQEntries: free lqEntries: 132, loadsInProgress: 0, loads dispatchedToLQ: 0
1036000: system.cpu.rename: [tid:0] Not blocked, so attempting to run stage.
1036000: system.cpu.rename: [tid:0] Nothing to do, breaking out early.
1036000: system.cpu.iew: Issue: Processing [tid:0]
1036000: system.cpu.iew: [tid:0] Not blocked, so attempting to run dispatch.
1036000: system.cpu.iq: Attempting to schedule ready instructions from the IQ.
1036000: system.cpu.iq: Not able to schedule any instructions.
1036000: system.cpu.iew.lsq: [tid:0] Writing back stores. 6 stores available for Writeback.
1036000: system.cpu.iew: Processing [tid:0]
1036000: system.cpu.iew.lsq.thread0: LQ size: 132, #loads occupied: 0
1036000: system.cpu.iew.lsq.thread0: SQ size: 72, #stores occupied: 6
1036000: system.cpu.iew: [tid:0], Dispatch dispatched 0 instructions.
1036000: system.cpu.iew.lsq.thread0: SQ size: 72, #stores occupied: 6
1036000: system.cpu.iew.lsq.thread0: LQ size: 132, #loads occupied: 0
1036000: system.cpu.iew: IQ has 559 free entries (Can schedule: 0).  LQ has 132 free entries. SQ has 66 free entries.
1036000: system.cpu.iew: Activity this cycle.
1036000: system.cpu.commit: Getting instructions from Rename stage.
1036000: system.cpu.commit: Trying to commit instructions in the ROB.
1036000: system.cpu.commit: [tid:0] ROB has 0 insts & 918 free entries.
1036000: system.cpu: Activity: 12
1036000: system.cpu: Scheduling next tick!
1037000: system.cpu: 

O3CPU: Ticking main, O3CPU.
1037000: system.cpu.fetch: Running stage.
1037000: system.cpu.fetch: Attempting to fetch from [tid:0]
1037000: system.cpu.fetch: [tid:0] Adding instructions to queue to decode.
1037000: global: DynInst: [sn:1991] Instruction created. Instcount for system.cpu = 43
1037000: system.cpu.fetch: [tid:0] Instruction PC (0x7ffff801f30f=>0x7ffff801f313).(1=>2) created [sn:1991].
1037000: system.cpu.fetch: [tid:0] Instruction is:   ADD_M_R : add   t1, t1, rcx
1037000: system.cpu.fetch: [tid:0] Fetch queue entry created (27/128).
1037000: global: DynInst: [sn:1992] Instruction created. Instcount for system.cpu = 44
1037000: system.cpu.fetch: [tid:0] Instruction PC (0x7ffff801f30f=>0x7ffff801f313).(2=>3) created [sn:1992].
1037000: system.cpu.fetch: [tid:0] Instruction is:   ADD_M_R : st   t1, DS:[rax + 0x8]
1037000: system.cpu.fetch: [tid:0] Fetch queue entry created (28/128).
1037000: system.cpu.decoder: Decode: Decoded mov instruction: 
{
	leg = 0,
	rex = 0x48,
	vex/xop = 0,
	op = {
		type = one byte,
		op = 0x8b,
		},
	modRM = 0x5,
	sib = 0,
	immediate = 0,
	displacement = 0x18806
	dispSize = 4}

1037000: global: DynInst: [sn:1993] Instruction created. Instcount for system.cpu = 45
1037000: system.cpu.fetch: [tid:0] Instruction PC (0x7ffff801f313=>0x7ffff801f31a).(0=>1) created [sn:1993].
1037000: system.cpu.fetch: [tid:0] Instruction is:   MOV_R_P : rdip   t7, t7
1037000: system.cpu.fetch: [tid:0] Fetch queue entry created (29/128).
1037000: global: DynInst: [sn:1994] Instruction created. Instcount for system.cpu = 46
1037000: system.cpu.fetch: [tid:0] Instruction PC (0x7ffff801f313=>0x7ffff801f31a).(1=>2) created [sn:1994].
1037000: system.cpu.fetch: [tid:0] Instruction is:   MOV_R_P : ld   rax, DS:[t0 + t7 + 0x18806]
1037000: system.cpu.fetch: [tid:0] Fetch queue entry created (30/128).
1037000: system.cpu.decoder: Decode: Decoded test instruction: 
{
	leg = 0,
	rex = 0x48,
	vex/xop = 0,
	op = {
		type = one byte,
		op = 0x85,
		},
	modRM = 0xc0,
	sib = 0,
	immediate = 0,
	displacement = 0
	dispSize = 0}

1037000: global: DynInst: [sn:1995] Instruction created. Instcount for system.cpu = 47
1037000: system.cpu.fetch: [tid:0] Instruction PC (0x7ffff801f31a=>0x7ffff801f31d).(0=>1) created [sn:1995].
1037000: system.cpu.fetch: [tid:0] Instruction is:   TEST_R_R : and   t0, rax, rax
1037000: system.cpu.fetch: [tid:0] Fetch queue entry created (31/128).
1037000: system.cpu.decoder: Decode: Decoded jz instruction: 
{
	leg = 0,
	rex = 0,
	vex/xop = 0,
	op = {
		type = one byte,
		op = 0x74,
		},
	modRM = 0,
	sib = 0,
	immediate = 0x4,
	displacement = 0
	dispSize = 0}

1037000: global: DynInst: [sn:1996] Instruction created. Instcount for system.cpu = 48
1037000: system.cpu.fetch: [tid:0] Instruction PC (0x7ffff801f31d=>0x7ffff801f31f).(0=>1) created [sn:1996].
1037000: system.cpu.fetch: [tid:0] Instruction is:   JZ_I : rdip   t1, t1
1037000: system.cpu.fetch: [tid:0] Fetch queue entry created (32/128).
1037000: global: DynInst: [sn:1997] Instruction created. Instcount for system.cpu = 49
1037000: system.cpu.fetch: [tid:0] Instruction PC (0x7ffff801f31d=>0x7ffff801f31f).(1=>2) created [sn:1997].
1037000: system.cpu.fetch: [tid:0] Instruction is:   JZ_I : limm   t2, 0x4
1037000: system.cpu.fetch: [tid:0] Fetch queue entry created (33/128).
1037000: global: DynInst: [sn:1998] Instruction created. Instcount for system.cpu = 50
1037000: system.cpu.fetch: [tid:0] Instruction PC (0x7ffff801f31d=>0x7ffff801f31f).(2=>3) created [sn:1998].
1037000: system.cpu.fetch: [tid:0] Instruction is:   JZ_I : wrip   t1, t2
1037000: system.cpu.fetch: [tid:0] Fetch queue entry created (34/128).
1037000: system.cpu.fetch: [tid:0] [sn:1998] Branch at PC 0x7ffff801f31d predicted to be not taken
1037000: system.cpu.fetch: [tid:0] [sn:1998] Branch at PC 0x7ffff801f31d predicted to go to (0x7ffff801f31f=>0x7ffff801f327).(0=>1)
1037000: system.cpu.decoder: Decode: Decoded add instruction: 
{
	leg = 0,
	rex = 0x48,
	vex/xop = 0,
	op = {
		type = one byte,
		op = 0x1,
		},
	modRM = 0x48,
	sib = 0,
	immediate = 0,
	displacement = 0x8
	dispSize = 1}

1037000: global: DynInst: [sn:1999] Instruction created. Instcount for system.cpu = 51
1037000: system.cpu.fetch: [tid:0] Instruction PC (0x7ffff801f31f=>0x7ffff801f323).(0=>1) created [sn:1999].
1037000: system.cpu.fetch: [tid:0] Instruction is:   ADD_M_R : ldst   t1, DS:[rax + 0x8]
1037000: system.cpu.fetch: [tid:0] Fetch queue entry created (35/128).
1037000: global: DynInst: [sn:2000] Instruction created. Instcount for system.cpu = 52
1037000: system.cpu.fetch: [tid:0] Instruction PC (0x7ffff801f31f=>0x7ffff801f323).(1=>2) created [sn:2000].
1037000: system.cpu.fetch: [tid:0] Instruction is:   ADD_M_R : add   t1, t1, rcx
1037000: system.cpu.fetch: [tid:0] Fetch queue entry created (36/128).
1037000: system.cpu.fetch: [tid:0] Done fetching, reached fetch bandwidth for this cycle.
1037000: system.cpu.fetch: [tid:0] [sn:1965] Sending instruction to decode from fetch queue. Fetch queue size: 36.
1037000: system.cpu.fetch: [tid:0] [sn:1966] Sending instruction to decode from fetch queue. Fetch queue size: 35.
1037000: system.cpu.fetch: [tid:0] [sn:1967] Sending instruction to decode from fetch queue. Fetch queue size: 34.
1037000: system.cpu.fetch: [tid:0] [sn:1968] Sending instruction to decode from fetch queue. Fetch queue size: 33.
1037000: system.cpu.fetch: [tid:0] [sn:1969] Sending instruction to decode from fetch queue. Fetch queue size: 32.
1037000: system.cpu.fetch: [tid:0] [sn:1970] Sending instruction to decode from fetch queue. Fetch queue size: 31.
1037000: system.cpu.fetch: [tid:0] [sn:1971] Sending instruction to decode from fetch queue. Fetch queue size: 30.
1037000: system.cpu.fetch: [tid:0] [sn:1972] Sending instruction to decode from fetch queue. Fetch queue size: 29.
1037000: system.cpu.fetch: [tid:0] [sn:1973] Sending instruction to decode from fetch queue. Fetch queue size: 28.
1037000: system.cpu.fetch: [tid:0] [sn:1974] Sending instruction to decode from fetch queue. Fetch queue size: 27.
1037000: system.cpu.fetch: Activity this cycle.
1037000: system.cpu: Activity: 13
1037000: system.cpu.decode: Processing [tid:0]
1037000: system.cpu.decode: [tid:0] Not blocked, so attempting to run stage.
1037000: system.cpu.decode: [tid:0] Nothing to do, breaking out early.
1037000: system.cpu.rename: Processing [tid:0]
1037000: system.cpu.rename: [tid:0] Free IQ: 559, Free ROB: 918, Free LQ: 132, Free SQ: 66, FreeRM 127(879 870 917 1834 127 8 4585)
1037000: system.cpu.rename: [tid:0] 0 instructions not yet in ROB
1037000: system.cpu.rename: calcFreeLQEntries: free lqEntries: 132, loadsInProgress: 0, loads dispatchedToLQ: 0
1037000: system.cpu.rename: [tid:0] Not blocked, so attempting to run stage.
1037000: system.cpu.rename: [tid:0] 10 available instructions to send iew.
1037000: system.cpu.rename: [tid:0] 0 insts pipelining from Rename | 0 insts dispatched to IQ last cycle.
1037000: system.cpu.rename: [tid:0] Sending instructions to IEW.
1037000: system.cpu.rename: [tid:0] Processing instruction [sn:1955] with PC (0x7ffff801f2c8=>0x7ffff801f2cf).(0=>1).
1037000: system.cpu.rename: [tid:0] Looking up miscellaneous arch reg 153, got phys reg 153 (miscellaneous)
1037000: system.cpu.rename: [tid:0] Register 153 (flat: 0) (miscellaneous) is ready.
1037000: global: [sn:1955] has 1 ready out of 1 sources. RTI 0)
1037000: global: Renamed reg t7 to physical reg 179 (179) old mapping was 76 (76)
1037000: system.cpu.rename: [tid:0] Renaming arch reg 23 (integer) to physical reg 179 (179).
1037000: system.cpu.rename: [tid:0] [sn:1955] Adding instruction to history buffer (size=1).
1037000: system.cpu.rename: [tid:0] Sending instructions to IEW.
1037000: system.cpu.rename: calcFreeLQEntries: free lqEntries: 132, loadsInProgress: 0, loads dispatchedToLQ: 0
1037000: system.cpu.rename: [tid:0] Processing instruction [sn:1956] with PC (0x7ffff801f2c8=>0x7ffff801f2cf).(1=>2).
1037000: system.cpu.rename: [tid:0] Looking up invalid arch reg 0, got phys reg 4294967295 (invalid)
1037000: system.cpu.rename: [tid:0] Register 4294967295 (flat: 4294967295) (invalid) is ready.
1037000: global: [sn:1956] has 1 ready out of 4 sources. RTI 0)
1037000: system.cpu.rename: [tid:0] Looking up integer arch reg 23, got phys reg 179 (integer)
1037000: system.cpu.rename: [tid:0] Register 179 (flat: 179) (integer) is not ready.
1037000: system.cpu.rename: [tid:0] Looking up integer arch reg 17, got phys reg 131 (integer)
1037000: system.cpu.rename: [tid:0] Register 131 (flat: 131) (integer) is ready.
1037000: global: [sn:1956] has 2 ready out of 4 sources. RTI 0)
1037000: system.cpu.rename: [tid:0] Looking up miscellaneous arch reg 155, got phys reg 155 (miscellaneous)
1037000: system.cpu.rename: [tid:0] Register 155 (flat: 0) (miscellaneous) is ready.
1037000: global: [sn:1956] has 3 ready out of 4 sources. RTI 0)
1037000: global: Renamed reg t1 to physical reg 178 (178) old mapping was 131 (131)
1037000: system.cpu.rename: [tid:0] Querying SMB Predictor for load [sn:1956] with PC (0x7ffff801f2c8=>0x7ffff801f2cf).(1=>2).
1037000: system.cpu.rename: [tid:0] SMB Predictor predicted store with sequence number 56 as source of load [sn:1956]. 
<bad format>1037000: system.cpu.rename: [tid:0] Cannot bypass load [sn:1956]. SMB source store has already committed.
1037000: system.cpu.rename: [tid:0] Renaming arch reg 17 (integer) to physical reg 178 (178).
1037000: system.cpu.rename: [tid:0] [sn:1956] Adding instruction to history buffer (size=2).
1037000: system.cpu.rename: [tid:0] Sending instructions to IEW.
1037000: system.cpu.rename: [tid:0] Processing instruction [sn:1957] with PC (0x7ffff801f2c8=>0x7ffff801f2cf).(2=>3).
1037000: system.cpu.rename: [tid:0] Looking up integer arch reg 17, got phys reg 178 (integer)
1037000: system.cpu.rename: [tid:0] Register 178 (flat: 178) (integer) is not ready.
1037000: global: Renamed reg rdx to physical reg 177 (177) old mapping was 129 (129)
1037000: system.cpu.rename: [tid:0] Renaming arch reg 2 (integer) to physical reg 177 (177).
1037000: system.cpu.rename: [tid:0] [sn:1957] Adding instruction to history buffer (size=3).
1037000: system.cpu.rename: [tid:0] Sending instructions to IEW.
1037000: system.cpu.rename: [tid:0] Processing instruction [sn:1958] with PC (0x7ffff801f2cf=>0x7ffff801f2d6).(0=>1).
1037000: system.cpu.rename: [tid:0] Looking up miscellaneous arch reg 153, got phys reg 153 (miscellaneous)
1037000: system.cpu.rename: [tid:0] Register 153 (flat: 0) (miscellaneous) is ready.
1037000: global: [sn:1958] has 1 ready out of 1 sources. RTI 0)
1037000: global: Renamed reg t7 to physical reg 176 (176) old mapping was 179 (179)
1037000: system.cpu.rename: [tid:0] Renaming arch reg 23 (integer) to physical reg 176 (176).
1037000: system.cpu.rename: [tid:0] [sn:1958] Adding instruction to history buffer (size=4).
1037000: system.cpu.rename: [tid:0] Sending instructions to IEW.
1037000: system.cpu.rename: calcFreeLQEntries: free lqEntries: 132, loadsInProgress: 1, loads dispatchedToLQ: 0
1037000: system.cpu.rename: [tid:0] Processing instruction [sn:1959] with PC (0x7ffff801f2cf=>0x7ffff801f2d6).(1=>2).
1037000: system.cpu.rename: [tid:0] Looking up invalid arch reg 0, got phys reg 4294967295 (invalid)
1037000: system.cpu.rename: [tid:0] Register 4294967295 (flat: 4294967295) (invalid) is ready.
1037000: global: [sn:1959] has 1 ready out of 3 sources. RTI 0)
1037000: system.cpu.rename: [tid:0] Looking up integer arch reg 23, got phys reg 176 (integer)
1037000: system.cpu.rename: [tid:0] Register 176 (flat: 176) (integer) is not ready.
1037000: system.cpu.rename: [tid:0] Looking up miscellaneous arch reg 155, got phys reg 155 (miscellaneous)
1037000: system.cpu.rename: [tid:0] Register 155 (flat: 0) (miscellaneous) is ready.
1037000: global: [sn:1959] has 2 ready out of 3 sources. RTI 0)
1037000: global: Renamed reg rdi to physical reg 175 (175) old mapping was 56 (56)
1037000: system.cpu.rename: [tid:0] Querying SMB Predictor for load [sn:1959] with PC (0x7ffff801f2cf=>0x7ffff801f2d6).(1=>2).
1037000: system.cpu.rename: [tid:0] Renaming arch reg 7 (integer) to physical reg 175 (175).
1037000: system.cpu.rename: [tid:0] [sn:1959] Adding instruction to history buffer (size=5).
1037000: system.cpu.rename: [tid:0] Sending instructions to IEW.
1037000: system.cpu.rename: [tid:0] Processing instruction [sn:1960] with PC (0x7ffff801f2d6=>0x7ffff801f2d9).(0=>1).
1037000: system.cpu.rename: [tid:0] Looking up invalid arch reg 0, got phys reg 4294967295 (invalid)
1037000: system.cpu.rename: [tid:0] Register 4294967295 (flat: 4294967295) (invalid) is ready.
1037000: global: [sn:1960] has 1 ready out of 3 sources. RTI 0)
1037000: system.cpu.rename: [tid:0] Looking up integer arch reg 2, got phys reg 177 (integer)
1037000: system.cpu.rename: [tid:0] Register 177 (flat: 177) (integer) is not ready.
1037000: system.cpu.rename: [tid:0] Looking up invalid arch reg 0, got phys reg 4294967295 (invalid)
1037000: system.cpu.rename: [tid:0] Register 4294967295 (flat: 4294967295) (invalid) is ready.
1037000: global: [sn:1960] has 2 ready out of 3 sources. RTI 0)
1037000: global: Renamed reg r10 to physical reg 166 (166) old mapping was 212 (212)
1037000: system.cpu.rename: [tid:0] Renaming arch reg 10 (integer) to physical reg 166 (166).
1037000: system.cpu.rename: [tid:0] [sn:1960] Adding instruction to history buffer (size=6).
1037000: system.cpu.rename: [tid:0] Sending instructions to IEW.
1037000: system.cpu.rename: [tid:0] Processing instruction [sn:1961] with PC (0x7ffff801f2d9=>0x7ffff801f2dd).(0=>1).
1037000: global: Renamed reg t1 to physical reg 170 (170) old mapping was 178 (178)
1037000: system.cpu.rename: [tid:0] Renaming arch reg 17 (integer) to physical reg 170 (170).
1037000: system.cpu.rename: [tid:0] [sn:1961] Adding instruction to history buffer (size=7).
1037000: system.cpu.rename: [tid:0] Sending instructions to IEW.
1037000: system.cpu.rename: [tid:0] Processing instruction [sn:1962] with PC (0x7ffff801f2d9=>0x7ffff801f2dd).(1=>2).
1037000: system.cpu.rename: [tid:0] Looking up integer arch reg 10, got phys reg 166 (integer)
1037000: system.cpu.rename: [tid:0] Register 166 (flat: 166) (integer) is not ready.
1037000: system.cpu.rename: [tid:0] Looking up integer arch reg 17, got phys reg 170 (integer)
1037000: system.cpu.rename: [tid:0] Register 170 (flat: 170) (integer) is not ready.
1037000: system.cpu.rename: [tid:0] Looking up invalid arch reg 0, got phys reg 4294967295 (invalid)
1037000: system.cpu.rename: [tid:0] Register 4294967295 (flat: 4294967295) (invalid) is ready.
1037000: global: [sn:1962] has 1 ready out of 7 sources. RTI 0)
1037000: system.cpu.rename: [tid:0] Looking up invalid arch reg 0, got phys reg 4294967295 (invalid)
1037000: system.cpu.rename: [tid:0] Register 4294967295 (flat: 4294967295) (invalid) is ready.
1037000: global: [sn:1962] has 2 ready out of 7 sources. RTI 0)
1037000: system.cpu.rename: [tid:0] Looking up invalid arch reg 0, got phys reg 4294967295 (invalid)
1037000: system.cpu.rename: [tid:0] Register 4294967295 (flat: 4294967295) (invalid) is ready.
1037000: global: [sn:1962] has 3 ready out of 7 sources. RTI 0)
1037000: system.cpu.rename: [tid:0] Looking up invalid arch reg 0, got phys reg 4294967295 (invalid)
1037000: system.cpu.rename: [tid:0] Register 4294967295 (flat: 4294967295) (invalid) is ready.
1037000: global: [sn:1962] has 4 ready out of 7 sources. RTI 0)
1037000: system.cpu.rename: [tid:0] Looking up invalid arch reg 0, got phys reg 4294967295 (invalid)
1037000: system.cpu.rename: [tid:0] Register 4294967295 (flat: 4294967295) (invalid) is ready.
1037000: global: [sn:1962] has 5 ready out of 7 sources. RTI 0)
1037000: global: Renamed reg r10 to physical reg 168 (168) old mapping was 166 (166)
1037000: system.cpu.rename: [tid:0] Renaming arch reg 10 (integer) to physical reg 168 (168).
1037000: system.cpu.rename: [tid:0] [sn:1962] Adding instruction to history buffer (size=8).
1037000: global: Renamed reg condition_code[0] to physical reg 5455 (5455) old mapping was 5427 (5427)
1037000: system.cpu.rename: [tid:0] Renaming arch reg 0 (condition_code) to physical reg 729 (5455).
1037000: system.cpu.rename: [tid:0] [sn:1962] Adding instruction to history buffer (size=9).
1037000: global: Renamed reg condition_code[1] to physical reg 5456 (5456) old mapping was 5428 (5428)
1037000: system.cpu.rename: [tid:0] Renaming arch reg 1 (condition_code) to physical reg 730 (5456).
1037000: system.cpu.rename: [tid:0] [sn:1962] Adding instruction to history buffer (size=10).
1037000: system.cpu.rename: [tid:0] Renaming arch reg 0 (invalid) to physical reg 4294967295 (4294967295).
1037000: system.cpu.rename: [tid:0] [sn:1962] Adding instruction to history buffer (size=11).
1037000: system.cpu.rename: [tid:0] Renaming arch reg 0 (invalid) to physical reg 4294967295 (4294967295).
1037000: system.cpu.rename: [tid:0] [sn:1962] Adding instruction to history buffer (size=12).
1037000: system.cpu.rename: [tid:0] Renaming arch reg 0 (invalid) to physical reg 4294967295 (4294967295).
1037000: system.cpu.rename: [tid:0] [sn:1962] Adding instruction to history buffer (size=13).
1037000: system.cpu.rename: [tid:0] Sending instructions to IEW.
1037000: system.cpu.rename: [tid:0] Processing instruction [sn:1963] with PC (0x7ffff801f2dd=>0x7ffff801f2e3).(0=>1).
1037000: system.cpu.rename: [tid:0] Looking up miscellaneous arch reg 153, got phys reg 153 (miscellaneous)
1037000: system.cpu.rename: [tid:0] Register 153 (flat: 0) (miscellaneous) is ready.
1037000: global: [sn:1963] has 1 ready out of 1 sources. RTI 0)
1037000: global: Renamed reg t1 to physical reg 172 (172) old mapping was 170 (170)
1037000: system.cpu.rename: [tid:0] Renaming arch reg 17 (integer) to physical reg 172 (172).
1037000: system.cpu.rename: [tid:0] [sn:1963] Adding instruction to history buffer (size=14).
1037000: system.cpu.rename: [tid:0] Sending instructions to IEW.
1037000: system.cpu.rename: [tid:0] Processing instruction [sn:1964] with PC (0x7ffff801f2dd=>0x7ffff801f2e3).(1=>2).
1037000: global: Renamed reg t2 to physical reg 169 (169) old mapping was 130 (130)
1037000: system.cpu.rename: [tid:0] Renaming arch reg 18 (integer) to physical reg 169 (169).
1037000: system.cpu.rename: [tid:0] [sn:1964] Adding instruction to history buffer (size=15).
1037000: system.cpu.rename: Activity this cycle.
1037000: system.cpu.iew: Issue: Processing [tid:0]
1037000: system.cpu.iew: [tid:0] Not blocked, so attempting to run dispatch.
1037000: system.cpu.iq: Attempting to schedule ready instructions from the IQ.
1037000: system.cpu.iq: Not able to schedule any instructions.
1037000: system.cpu.iew.lsq: [tid:0] Writing back stores. 6 stores available for Writeback.
1037000: system.cpu.iew: Processing [tid:0]
1037000: system.cpu.iew: [tid:0], Dispatch dispatched 0 instructions.
1037000: system.cpu.iew.lsq.thread0: SQ size: 72, #stores occupied: 6
1037000: system.cpu.iew.lsq.thread0: LQ size: 132, #loads occupied: 0
1037000: system.cpu.iew: IQ has 559 free entries (Can schedule: 0).  LQ has 132 free entries. SQ has 66 free entries.
1037000: system.cpu.commit: Getting instructions from Rename stage.
1037000: system.cpu.commit: Trying to commit instructions in the ROB.
1037000: system.cpu.commit: [tid:0] ROB has 0 insts & 918 free entries.
1037000: system.cpu: Activity: 12
1037000: system.cpu: Scheduling next tick!
1038000: system.cpu: 

O3CPU: Ticking main, O3CPU.
1038000: system.cpu.fetch: Running stage.
1038000: system.cpu.fetch: Attempting to fetch from [tid:0]
1038000: system.cpu.fetch: [tid:0] Adding instructions to queue to decode.
1038000: global: DynInst: [sn:2001] Instruction created. Instcount for system.cpu = 53
1038000: system.cpu.fetch: [tid:0] Instruction PC (0x7ffff801f31f=>0x7ffff801f323).(2=>3) created [sn:2001].
1038000: system.cpu.fetch: [tid:0] Instruction is:   ADD_M_R : st   t1, DS:[rax + 0x8]
1038000: system.cpu.fetch: [tid:0] Fetch queue entry created (27/128).
1038000: system.cpu.decoder: Decode: Decoded mov instruction: 
{
	leg = 0,
	rex = 0x48,
	vex/xop = 0,
	op = {
		type = one byte,
		op = 0x8b,
		},
	modRM = 0x35,
	sib = 0,
	immediate = 0,
	displacement = 0x188e6
	dispSize = 4}

1038000: global: DynInst: [sn:2002] Instruction created. Instcount for system.cpu = 54
1038000: system.cpu.fetch: [tid:0] Instruction PC (0x7ffff801f323=>0x7ffff801f32a).(0=>1) created [sn:2002].
1038000: system.cpu.fetch: [tid:0] Instruction is:   MOV_R_P : rdip   t7, t7
1038000: system.cpu.fetch: [tid:0] Fetch queue entry created (28/128).
1038000: global: DynInst: [sn:2003] Instruction created. Instcount for system.cpu = 55
1038000: system.cpu.fetch: [tid:0] Instruction PC (0x7ffff801f323=>0x7ffff801f32a).(1=>2) created [sn:2003].
1038000: system.cpu.fetch: [tid:0] Instruction is:   MOV_R_P : ld   rsi, DS:[t0 + t7 + 0x188e6]
1038000: system.cpu.fetch: [tid:0] Fetch queue entry created (29/128).
1038000: system.cpu.decoder: Decode: Decoded mov instruction: 
{
	leg = 0,
	rex = 0x48,
	vex/xop = 0,
	op = {
		type = one byte,
		op = 0x89,
		},
	modRM = 0xf0,
	sib = 0,
	immediate = 0,
	displacement = 0
	dispSize = 0}

1038000: global: DynInst: [sn:2004] Instruction created. Instcount for system.cpu = 56
1038000: system.cpu.fetch: [tid:0] Instruction PC (0x7ffff801f32a=>0x7ffff801f32d).(0=>1) created [sn:2004].
1038000: system.cpu.fetch: [tid:0] Instruction is:   MOV_R_R : mov   rax, rax, rsi
1038000: system.cpu.fetch: [tid:0] Fetch queue entry created (30/128).
1038000: system.cpu.decoder: Decode: Decoded test instruction: 
{
	leg = 0,
	rex = 0x48,
	vex/xop = 0,
	op = {
		type = one byte,
		op = 0x85,
		},
	modRM = 0xf6,
	sib = 0,
	immediate = 0,
	displacement = 0
	dispSize = 0}

1038000: global: DynInst: [sn:2005] Instruction created. Instcount for system.cpu = 57
1038000: system.cpu.fetch: [tid:0] Instruction PC (0x7ffff801f32d=>0x7ffff801f330).(0=>1) created [sn:2005].
1038000: system.cpu.fetch: [tid:0] Instruction is:   TEST_R_R : and   t0, rsi, rsi
1038000: system.cpu.fetch: [tid:0] Fetch queue entry created (31/128).
1038000: system.cpu.decoder: Decode: Decoded jz instruction: 
{
	leg = 0,
	rex = 0,
	vex/xop = 0,
	op = {
		type = one byte,
		op = 0x74,
		},
	modRM = 0,
	sib = 0,
	immediate = 0x4,
	displacement = 0
	dispSize = 0}

1038000: global: DynInst: [sn:2006] Instruction created. Instcount for system.cpu = 58
1038000: system.cpu.fetch: [tid:0] Instruction PC (0x7ffff801f330=>0x7ffff801f332).(0=>1) created [sn:2006].
1038000: system.cpu.fetch: [tid:0] Instruction is:   JZ_I : rdip   t1, t1
1038000: system.cpu.fetch: [tid:0] Fetch queue entry created (32/128).
1038000: global: DynInst: [sn:2007] Instruction created. Instcount for system.cpu = 59
1038000: system.cpu.fetch: [tid:0] Instruction PC (0x7ffff801f330=>0x7ffff801f332).(1=>2) created [sn:2007].
1038000: system.cpu.fetch: [tid:0] Instruction is:   JZ_I : limm   t2, 0x4
1038000: system.cpu.fetch: [tid:0] Fetch queue entry created (33/128).
1038000: global: DynInst: [sn:2008] Instruction created. Instcount for system.cpu = 60
1038000: system.cpu.fetch: [tid:0] Instruction PC (0x7ffff801f330=>0x7ffff801f332).(2=>3) created [sn:2008].
1038000: system.cpu.fetch: [tid:0] Instruction is:   JZ_I : wrip   t1, t2
1038000: system.cpu.fetch: [tid:0] Fetch queue entry created (34/128).
1038000: system.cpu.fetch: [tid:0] [sn:2008] Branch at PC 0x7ffff801f330 predicted to be not taken
1038000: system.cpu.fetch: [tid:0] [sn:2008] Branch at PC 0x7ffff801f330 predicted to go to (0x7ffff801f332=>0x7ffff801f33a).(0=>1)
1038000: system.cpu.decoder: Decode: Decoded add instruction: 
{
	leg = 0,
	rex = 0x48,
	vex/xop = 0,
	op = {
		type = one byte,
		op = 0x1,
		},
	modRM = 0x4e,
	sib = 0,
	immediate = 0,
	displacement = 0x8
	dispSize = 1}

1038000: global: DynInst: [sn:2009] Instruction created. Instcount for system.cpu = 61
1038000: system.cpu.fetch: [tid:0] Instruction PC (0x7ffff801f332=>0x7ffff801f336).(0=>1) created [sn:2009].
1038000: system.cpu.fetch: [tid:0] Instruction is:   ADD_M_R : ldst   t1, DS:[rsi + 0x8]
1038000: system.cpu.fetch: [tid:0] Fetch queue entry created (35/128).
1038000: global: DynInst: [sn:2010] Instruction created. Instcount for system.cpu = 62
1038000: system.cpu.fetch: [tid:0] Instruction PC (0x7ffff801f332=>0x7ffff801f336).(1=>2) created [sn:2010].
1038000: system.cpu.fetch: [tid:0] Instruction is:   ADD_M_R : add   t1, t1, rcx
1038000: system.cpu.fetch: [tid:0] Fetch queue entry created (36/128).
1038000: system.cpu.fetch: [tid:0] Done fetching, reached fetch bandwidth for this cycle.
1038000: system.cpu.fetch: [tid:0] [sn:1975] Sending instruction to decode from fetch queue. Fetch queue size: 36.
1038000: system.cpu.fetch: [tid:0] [sn:1976] Sending instruction to decode from fetch queue. Fetch queue size: 35.
1038000: system.cpu.fetch: [tid:0] [sn:1977] Sending instruction to decode from fetch queue. Fetch queue size: 34.
1038000: system.cpu.fetch: [tid:0] [sn:1978] Sending instruction to decode from fetch queue. Fetch queue size: 33.
1038000: system.cpu.fetch: [tid:0] [sn:1979] Sending instruction to decode from fetch queue. Fetch queue size: 32.
1038000: system.cpu.fetch: [tid:0] [sn:1980] Sending instruction to decode from fetch queue. Fetch queue size: 31.
1038000: system.cpu.fetch: [tid:0] [sn:1981] Sending instruction to decode from fetch queue. Fetch queue size: 30.
1038000: system.cpu.fetch: [tid:0] [sn:1982] Sending instruction to decode from fetch queue. Fetch queue size: 29.
1038000: system.cpu.fetch: [tid:0] [sn:1983] Sending instruction to decode from fetch queue. Fetch queue size: 28.
1038000: system.cpu.fetch: [tid:0] [sn:1984] Sending instruction to decode from fetch queue. Fetch queue size: 27.
1038000: system.cpu.fetch: Activity this cycle.
1038000: system.cpu: Activity: 13
1038000: system.cpu.decode: Processing [tid:0]
1038000: system.cpu.decode: [tid:0] Not blocked, so attempting to run stage.
1038000: system.cpu.decode: [tid:0] Sending instruction to rename.
1038000: system.cpu.decode: [tid:0] Processing instruction [sn:1965] with PC (0x7ffff801f2dd=>0x7ffff801f2e3).(2=>3)
1038000: system.cpu.decode: [tid:0] Processing instruction [sn:1966] with PC (0x7ffff801f2e3=>0x7ffff801f2ea).(0=>1)
1038000: system.cpu.decode: [tid:0] Processing instruction [sn:1967] with PC (0x7ffff801f2e3=>0x7ffff801f2ea).(1=>2)
1038000: system.cpu.decode: [tid:0] Processing instruction [sn:1968] with PC (0x7ffff801f2ea=>0x7ffff801f2ed).(0=>1)
1038000: system.cpu.decode: [tid:0] Processing instruction [sn:1969] with PC (0x7ffff801f2ed=>0x7ffff801f2ef).(0=>1)
1038000: system.cpu.decode: [tid:0] Processing instruction [sn:1970] with PC (0x7ffff801f2ed=>0x7ffff801f2ef).(1=>2)
1038000: system.cpu.decode: [tid:0] Processing instruction [sn:1971] with PC (0x7ffff801f2ed=>0x7ffff801f2ef).(2=>3)
1038000: system.cpu.decode: [tid:0] Processing instruction [sn:1972] with PC (0x7ffff801f2ef=>0x7ffff801f2f3).(0=>1)
1038000: system.cpu.decode: [tid:0] Processing instruction [sn:1973] with PC (0x7ffff801f2ef=>0x7ffff801f2f3).(1=>2)
1038000: system.cpu.decode: [tid:0] Processing instruction [sn:1974] with PC (0x7ffff801f2ef=>0x7ffff801f2f3).(2=>3)
1038000: system.cpu.decode: Activity this cycle.
1038000: system.cpu.rename: Processing [tid:0]
1038000: system.cpu.rename: [tid:0] Free IQ: 559, Free ROB: 918, Free LQ: 132, Free SQ: 66, FreeRM 127(869 870 917 1834 127 8 4583)
1038000: system.cpu.rename: [tid:0] 10 instructions not yet in ROB
1038000: system.cpu.rename: calcFreeLQEntries: free lqEntries: 132, loadsInProgress: 2, loads dispatchedToLQ: 0
1038000: system.cpu.rename: [tid:0] Not blocked, so attempting to run stage.
1038000: system.cpu.rename: [tid:0] Nothing to do, breaking out early.
1038000: system.cpu.iew: Issue: Processing [tid:0]
1038000: system.cpu.iew: [tid:0] Not blocked, so attempting to run dispatch.
1038000: system.cpu.iq: Attempting to schedule ready instructions from the IQ.
1038000: system.cpu.iq: Not able to schedule any instructions.
1038000: system.cpu.iew.lsq: [tid:0] Writing back stores. 6 stores available for Writeback.
1038000: system.cpu.iew: Processing [tid:0]
1038000: system.cpu.iew: [tid:0], Dispatch dispatched 0 instructions.
1038000: system.cpu.iew.lsq.thread0: SQ size: 72, #stores occupied: 6
1038000: system.cpu.iew.lsq.thread0: LQ size: 132, #loads occupied: 0
1038000: system.cpu.iew: IQ has 559 free entries (Can schedule: 0).  LQ has 132 free entries. SQ has 66 free entries.
1038000: system.cpu.commit: Getting instructions from Rename stage.
1038000: system.cpu.commit: [tid:0] [sn:1955] Inserting PC (0x7ffff801f2c8=>0x7ffff801f2cf).(0=>1) into ROB.
1038000: system.cpu.rob: Adding inst PC (0x7ffff801f2c8=>0x7ffff801f2cf).(0=>1) to the ROB.
1038000: system.cpu.rob: [tid:0] Now has 1 instructions.
1038000: system.cpu.commit: [tid:0] [sn:1956] Inserting PC (0x7ffff801f2c8=>0x7ffff801f2cf).(1=>2) into ROB.
1038000: system.cpu.rob: Adding inst PC (0x7ffff801f2c8=>0x7ffff801f2cf).(1=>2) to the ROB.
1038000: system.cpu.rob: [tid:0] Now has 2 instructions.
1038000: system.cpu.commit: [tid:0] [sn:1957] Inserting PC (0x7ffff801f2c8=>0x7ffff801f2cf).(2=>3) into ROB.
1038000: system.cpu.rob: Adding inst PC (0x7ffff801f2c8=>0x7ffff801f2cf).(2=>3) to the ROB.
1038000: system.cpu.rob: [tid:0] Now has 3 instructions.
1038000: system.cpu.commit: [tid:0] [sn:1958] Inserting PC (0x7ffff801f2cf=>0x7ffff801f2d6).(0=>1) into ROB.
1038000: system.cpu.rob: Adding inst PC (0x7ffff801f2cf=>0x7ffff801f2d6).(0=>1) to the ROB.
1038000: system.cpu.rob: [tid:0] Now has 4 instructions.
1038000: system.cpu.commit: [tid:0] [sn:1959] Inserting PC (0x7ffff801f2cf=>0x7ffff801f2d6).(1=>2) into ROB.
1038000: system.cpu.rob: Adding inst PC (0x7ffff801f2cf=>0x7ffff801f2d6).(1=>2) to the ROB.
1038000: system.cpu.rob: [tid:0] Now has 5 instructions.
1038000: system.cpu.commit: [tid:0] [sn:1960] Inserting PC (0x7ffff801f2d6=>0x7ffff801f2d9).(0=>1) into ROB.
1038000: system.cpu.rob: Adding inst PC (0x7ffff801f2d6=>0x7ffff801f2d9).(0=>1) to the ROB.
1038000: system.cpu.rob: [tid:0] Now has 6 instructions.
1038000: system.cpu.commit: [tid:0] [sn:1961] Inserting PC (0x7ffff801f2d9=>0x7ffff801f2dd).(0=>1) into ROB.
1038000: system.cpu.rob: Adding inst PC (0x7ffff801f2d9=>0x7ffff801f2dd).(0=>1) to the ROB.
1038000: system.cpu.rob: [tid:0] Now has 7 instructions.
1038000: system.cpu.commit: [tid:0] [sn:1962] Inserting PC (0x7ffff801f2d9=>0x7ffff801f2dd).(1=>2) into ROB.
1038000: system.cpu.rob: Adding inst PC (0x7ffff801f2d9=>0x7ffff801f2dd).(1=>2) to the ROB.
1038000: system.cpu.rob: [tid:0] Now has 8 instructions.
1038000: system.cpu.commit: [tid:0] [sn:1963] Inserting PC (0x7ffff801f2dd=>0x7ffff801f2e3).(0=>1) into ROB.
1038000: system.cpu.rob: Adding inst PC (0x7ffff801f2dd=>0x7ffff801f2e3).(0=>1) to the ROB.
1038000: system.cpu.rob: [tid:0] Now has 9 instructions.
1038000: system.cpu.commit: [tid:0] [sn:1964] Inserting PC (0x7ffff801f2dd=>0x7ffff801f2e3).(1=>2) into ROB.
1038000: system.cpu.rob: Adding inst PC (0x7ffff801f2dd=>0x7ffff801f2e3).(1=>2) to the ROB.
1038000: system.cpu.rob: [tid:0] Now has 10 instructions.
1038000: system.cpu.commit: Trying to commit instructions in the ROB.
1038000: system.cpu.commit: [tid:0] Can't commit, Instruction [sn:1955] PC (0x7ffff801f2c8=>0x7ffff801f2cf).(0=>1) is head of ROB and not ready
1038000: system.cpu.commit: [tid:0] ROB has 10 insts & 908 free entries.
1038000: system.cpu.commit: Activity This Cycle.
1038000: system.cpu: Activity: 12
1038000: system.cpu: Scheduling next tick!
1039000: system.cpu: 

O3CPU: Ticking main, O3CPU.
1039000: system.cpu.fetch: Running stage.
1039000: system.cpu.fetch: Attempting to fetch from [tid:0]
1039000: system.cpu.fetch: [tid:0] Adding instructions to queue to decode.
1039000: global: DynInst: [sn:2011] Instruction created. Instcount for system.cpu = 63
1039000: system.cpu.fetch: [tid:0] Instruction PC (0x7ffff801f332=>0x7ffff801f336).(2=>3) created [sn:2011].
1039000: system.cpu.fetch: [tid:0] Instruction is:   ADD_M_R : st   t1, DS:[rsi + 0x8]
1039000: system.cpu.fetch: [tid:0] Fetch queue entry created (27/128).
1039000: system.cpu.decoder: Decode: Decoded mov instruction: 
{
	leg = 0,
	rex = 0x4c,
	vex/xop = 0,
	op = {
		type = one byte,
		op = 0x8b,
		},
	modRM = 0x5,
	sib = 0,
	immediate = 0,
	displacement = 0x1886b
	dispSize = 4}

1039000: global: DynInst: [sn:2012] Instruction created. Instcount for system.cpu = 64
1039000: system.cpu.fetch: [tid:0] Instruction PC (0x7ffff801f336=>0x7ffff801f33d).(0=>1) created [sn:2012].
1039000: system.cpu.fetch: [tid:0] Instruction is:   MOV_R_P : rdip   t7, t7
1039000: system.cpu.fetch: [tid:0] Fetch queue entry created (28/128).
1039000: global: DynInst: [sn:2013] Instruction created. Instcount for system.cpu = 65
1039000: system.cpu.fetch: [tid:0] Instruction PC (0x7ffff801f336=>0x7ffff801f33d).(1=>2) created [sn:2013].
1039000: system.cpu.fetch: [tid:0] Instruction is:   MOV_R_P : ld   r8, DS:[t0 + t7 + 0x1886b]
1039000: system.cpu.fetch: [tid:0] Fetch queue entry created (29/128).
1039000: system.cpu.decoder: Decode: Decoded test instruction: 
{
	leg = 0,
	rex = 0x4d,
	vex/xop = 0,
	op = {
		type = one byte,
		op = 0x85,
		},
	modRM = 0xc0,
	sib = 0,
	immediate = 0,
	displacement = 0
	dispSize = 0}

1039000: global: DynInst: [sn:2014] Instruction created. Instcount for system.cpu = 66
1039000: system.cpu.fetch: [tid:0] Instruction PC (0x7ffff801f33d=>0x7ffff801f340).(0=>1) created [sn:2014].
1039000: system.cpu.fetch: [tid:0] Instruction is:   TEST_R_R : and   t0, r8, r8
1039000: system.cpu.fetch: [tid:0] Fetch queue entry created (30/128).
1039000: system.cpu.fetch: [tid:0] Issuing a pipelined I-cache access, starting at PC (0x7ffff801f340=>0x7ffff801f348).(0=>1).
1039000: system.cpu.fetch: [tid:0] Fetching cache line 0x7ffff801f340 for addr 0x7ffff801f340
1039000: system.cpu: CPU already running.
1039000: system.cpu.fetch: Fetch: Doing instruction read.
1039000: system.cpu.fetch: [tid:0] Doing Icache access.
1039000: system.cpu.fetch: [tid:0] Activity: Waiting on I-cache response.
1039000: system.cpu.fetch: Deactivating stage.
1039000: system.cpu: Activity: 11
1039000: system.cpu.fetch: [tid:0] [sn:1985] Sending instruction to decode from fetch queue. Fetch queue size: 30.
1039000: system.cpu.fetch: [tid:0] [sn:1986] Sending instruction to decode from fetch queue. Fetch queue size: 29.
1039000: system.cpu.fetch: [tid:0] [sn:1987] Sending instruction to decode from fetch queue. Fetch queue size: 28.
1039000: system.cpu.fetch: [tid:0] [sn:1988] Sending instruction to decode from fetch queue. Fetch queue size: 27.
1039000: system.cpu.fetch: [tid:0] [sn:1989] Sending instruction to decode from fetch queue. Fetch queue size: 26.
1039000: system.cpu.fetch: [tid:0] [sn:1990] Sending instruction to decode from fetch queue. Fetch queue size: 25.
1039000: system.cpu.fetch: [tid:0] [sn:1991] Sending instruction to decode from fetch queue. Fetch queue size: 24.
1039000: system.cpu.fetch: [tid:0] [sn:1992] Sending instruction to decode from fetch queue. Fetch queue size: 23.
1039000: system.cpu.fetch: [tid:0] [sn:1993] Sending instruction to decode from fetch queue. Fetch queue size: 22.
1039000: system.cpu.fetch: [tid:0] [sn:1994] Sending instruction to decode from fetch queue. Fetch queue size: 21.
1039000: system.cpu.fetch: Activity this cycle.
1039000: system.cpu: Activity: 12
1039000: system.cpu.decode: Processing [tid:0]
1039000: system.cpu.decode: [tid:0] Not blocked, so attempting to run stage.
1039000: system.cpu.decode: [tid:0] Sending instruction to rename.
1039000: system.cpu.decode: [tid:0] Processing instruction [sn:1975] with PC (0x7ffff801f2f3=>0x7ffff801f2fa).(0=>1)
1039000: system.cpu.decode: [tid:0] Processing instruction [sn:1976] with PC (0x7ffff801f2f3=>0x7ffff801f2fa).(1=>2)
1039000: system.cpu.decode: [tid:0] Processing instruction [sn:1977] with PC (0x7ffff801f2fa=>0x7ffff801f2fd).(0=>1)
1039000: system.cpu.decode: [tid:0] Processing instruction [sn:1978] with PC (0x7ffff801f2fd=>0x7ffff801f2ff).(0=>1)
1039000: system.cpu.decode: [tid:0] Processing instruction [sn:1979] with PC (0x7ffff801f2fd=>0x7ffff801f2ff).(1=>2)
1039000: system.cpu.decode: [tid:0] Processing instruction [sn:1980] with PC (0x7ffff801f2fd=>0x7ffff801f2ff).(2=>3)
1039000: system.cpu.decode: [tid:0] Processing instruction [sn:1981] with PC (0x7ffff801f2ff=>0x7ffff801f303).(0=>1)
1039000: system.cpu.decode: [tid:0] Processing instruction [sn:1982] with PC (0x7ffff801f2ff=>0x7ffff801f303).(1=>2)
1039000: system.cpu.decode: [tid:0] Processing instruction [sn:1983] with PC (0x7ffff801f2ff=>0x7ffff801f303).(2=>3)
1039000: system.cpu.decode: [tid:0] Processing instruction [sn:1984] with PC (0x7ffff801f303=>0x7ffff801f30a).(0=>1)
1039000: system.cpu.decode: Activity this cycle.
1039000: system.cpu.rename: Processing [tid:0]
1039000: system.cpu.rename: [tid:0] Free IQ: 559, Free ROB: 908, Free LQ: 132, Free SQ: 66, FreeRM 127(869 870 917 1834 127 8 4583)
1039000: system.cpu.rename: [tid:0] 10 instructions not yet in ROB
1039000: system.cpu.rename: calcFreeLQEntries: free lqEntries: 132, loadsInProgress: 2, loads dispatchedToLQ: 0
1039000: system.cpu.rename: [tid:0] Not blocked, so attempting to run stage.
1039000: system.cpu.rename: [tid:0] 10 available instructions to send iew.
1039000: system.cpu.rename: [tid:0] 10 insts pipelining from Rename | 0 insts dispatched to IQ last cycle.
1039000: system.cpu.rename: [tid:0] Sending instructions to IEW.
1039000: system.cpu.rename: [tid:0] Processing instruction [sn:1965] with PC (0x7ffff801f2dd=>0x7ffff801f2e3).(2=>3).
1039000: system.cpu.rename: [tid:0] Looking up integer arch reg 17, got phys reg 172 (integer)
1039000: system.cpu.rename: [tid:0] Register 172 (flat: 172) (integer) is not ready.
1039000: system.cpu.rename: [tid:0] Looking up integer arch reg 18, got phys reg 169 (integer)
1039000: system.cpu.rename: [tid:0] Register 169 (flat: 169) (integer) is not ready.
1039000: system.cpu.rename: [tid:0] Looking up condition_code arch reg 0, got phys reg 729 (condition_code)
1039000: system.cpu.rename: [tid:0] Register 729 (flat: 5455) (condition_code) is not ready.
1039000: system.cpu.rename: [tid:0] Looking up condition_code arch reg 1, got phys reg 730 (condition_code)
1039000: system.cpu.rename: [tid:0] Register 730 (flat: 5456) (condition_code) is not ready.
1039000: system.cpu.rename: [tid:0] Looking up condition_code arch reg 2, got phys reg 2 (condition_code)
1039000: system.cpu.rename: [tid:0] Register 2 (flat: 4728) (condition_code) is ready.
1039000: global: [sn:1965] has 1 ready out of 8 sources. RTI 0)
1039000: system.cpu.rename: [tid:0] Looking up condition_code arch reg 3, got phys reg 3 (condition_code)
1039000: system.cpu.rename: [tid:0] Register 3 (flat: 4729) (condition_code) is ready.
1039000: global: [sn:1965] has 2 ready out of 8 sources. RTI 0)
1039000: system.cpu.rename: [tid:0] Looking up condition_code arch reg 4, got phys reg 4 (condition_code)
1039000: system.cpu.rename: [tid:0] Register 4 (flat: 4730) (condition_code) is ready.
1039000: global: [sn:1965] has 3 ready out of 8 sources. RTI 0)
1039000: system.cpu.rename: [tid:0] Looking up miscellaneous arch reg 153, got phys reg 153 (miscellaneous)
1039000: system.cpu.rename: [tid:0] Register 153 (flat: 0) (miscellaneous) is ready.
1039000: global: [sn:1965] has 4 ready out of 8 sources. RTI 0)
1039000: system.cpu.rename: [tid:0] Sending instructions to IEW.
1039000: system.cpu.rename: [tid:0] Processing instruction [sn:1966] with PC (0x7ffff801f2e3=>0x7ffff801f2ea).(0=>1).
1039000: system.cpu.rename: [tid:0] Looking up miscellaneous arch reg 153, got phys reg 153 (miscellaneous)
1039000: system.cpu.rename: [tid:0] Register 153 (flat: 0) (miscellaneous) is ready.
1039000: global: [sn:1966] has 1 ready out of 1 sources. RTI 0)
1039000: global: Renamed reg t7 to physical reg 171 (171) old mapping was 176 (176)
1039000: system.cpu.rename: [tid:0] Renaming arch reg 23 (integer) to physical reg 171 (171).
1039000: system.cpu.rename: [tid:0] [sn:1966] Adding instruction to history buffer (size=16).
1039000: system.cpu.rename: [tid:0] Sending instructions to IEW.
1039000: system.cpu.rename: calcFreeLQEntries: free lqEntries: 132, loadsInProgress: 2, loads dispatchedToLQ: 0
1039000: system.cpu.rename: [tid:0] Processing instruction [sn:1967] with PC (0x7ffff801f2e3=>0x7ffff801f2ea).(1=>2).
1039000: system.cpu.rename: [tid:0] Looking up invalid arch reg 0, got phys reg 4294967295 (invalid)
1039000: system.cpu.rename: [tid:0] Register 4294967295 (flat: 4294967295) (invalid) is ready.
1039000: global: [sn:1967] has 1 ready out of 3 sources. RTI 0)
1039000: system.cpu.rename: [tid:0] Looking up integer arch reg 23, got phys reg 171 (integer)
1039000: system.cpu.rename: [tid:0] Register 171 (flat: 171) (integer) is not ready.
1039000: system.cpu.rename: [tid:0] Looking up miscellaneous arch reg 155, got phys reg 155 (miscellaneous)
1039000: system.cpu.rename: [tid:0] Register 155 (flat: 0) (miscellaneous) is ready.
1039000: global: [sn:1967] has 2 ready out of 3 sources. RTI 0)
1039000: global: Renamed reg rax to physical reg 219 (219) old mapping was 127 (127)
1039000: system.cpu.rename: [tid:0] Querying SMB Predictor for load [sn:1967] with PC (0x7ffff801f2e3=>0x7ffff801f2ea).(1=>2).
1039000: system.cpu.rename: [tid:0] SMB Predictor predicted store with sequence number 1923 as source of load [sn:1967]. 
<bad format>1039000: system.cpu.rename: [tid:0] Renaming arch reg 0 (integer) to physical reg 200 (200).
1039000: system.cpu.rename: [tid:0] [sn:1967] Adding instruction to history buffer (size=17).
1039000: system.cpu.rename: [tid:0] Sending instructions to IEW.
1039000: system.cpu.rename: [tid:0] Processing instruction [sn:1968] with PC (0x7ffff801f2ea=>0x7ffff801f2ed).(0=>1).
1039000: system.cpu.rename: [tid:0] Looking up integer arch reg 0, got phys reg 200 (integer)
1039000: system.cpu.rename: [tid:0] Register 200 (flat: 200) (integer) is ready.
1039000: global: [sn:1968] has 1 ready out of 7 sources. RTI 0)
1039000: system.cpu.rename: [tid:0] Looking up integer arch reg 0, got phys reg 200 (integer)
1039000: system.cpu.rename: [tid:0] Register 200 (flat: 200) (integer) is ready.
1039000: global: [sn:1968] has 2 ready out of 7 sources. RTI 0)
1039000: system.cpu.rename: [tid:0] Looking up invalid arch reg 0, got phys reg 4294967295 (invalid)
1039000: system.cpu.rename: [tid:0] Register 4294967295 (flat: 4294967295) (invalid) is ready.
1039000: global: [sn:1968] has 3 ready out of 7 sources. RTI 0)
1039000: system.cpu.rename: [tid:0] Looking up invalid arch reg 0, got phys reg 4294967295 (invalid)
1039000: system.cpu.rename: [tid:0] Register 4294967295 (flat: 4294967295) (invalid) is ready.
1039000: global: [sn:1968] has 4 ready out of 7 sources. RTI 0)
1039000: system.cpu.rename: [tid:0] Looking up invalid arch reg 0, got phys reg 4294967295 (invalid)
1039000: system.cpu.rename: [tid:0] Register 4294967295 (flat: 4294967295) (invalid) is ready.
1039000: global: [sn:1968] has 5 ready out of 7 sources. RTI 0)
1039000: system.cpu.rename: [tid:0] Looking up invalid arch reg 0, got phys reg 4294967295 (invalid)
1039000: system.cpu.rename: [tid:0] Register 4294967295 (flat: 4294967295) (invalid) is ready.
1039000: global: [sn:1968] has 6 ready out of 7 sources. RTI 0)
1039000: system.cpu.rename: [tid:0] Looking up invalid arch reg 0, got phys reg 4294967295 (invalid)
1039000: system.cpu.rename: [tid:0] Register 4294967295 (flat: 4294967295) (invalid) is ready.
1039000: global: [sn:1968] has 7 ready out of 7 sources. RTI 0)
1039000: system.cpu.rename: [tid:0] Renaming arch reg 0 (invalid) to physical reg 4294967295 (4294967295).
1039000: system.cpu.rename: [tid:0] [sn:1968] Adding instruction to history buffer (size=18).
1039000: global: Renamed reg condition_code[0] to physical reg 5457 (5457) old mapping was 5455 (5455)
1039000: system.cpu.rename: [tid:0] Renaming arch reg 0 (condition_code) to physical reg 731 (5457).
1039000: system.cpu.rename: [tid:0] [sn:1968] Adding instruction to history buffer (size=19).
1039000: global: Renamed reg condition_code[1] to physical reg 5458 (5458) old mapping was 5456 (5456)
1039000: system.cpu.rename: [tid:0] Renaming arch reg 1 (condition_code) to physical reg 732 (5458).
1039000: system.cpu.rename: [tid:0] [sn:1968] Adding instruction to history buffer (size=20).
1039000: system.cpu.rename: [tid:0] Renaming arch reg 0 (invalid) to physical reg 4294967295 (4294967295).
1039000: system.cpu.rename: [tid:0] [sn:1968] Adding instruction to history buffer (size=21).
1039000: system.cpu.rename: [tid:0] Renaming arch reg 0 (invalid) to physical reg 4294967295 (4294967295).
1039000: system.cpu.rename: [tid:0] [sn:1968] Adding instruction to history buffer (size=22).
1039000: system.cpu.rename: [tid:0] Renaming arch reg 0 (invalid) to physical reg 4294967295 (4294967295).
1039000: system.cpu.rename: [tid:0] [sn:1968] Adding instruction to history buffer (size=23).
1039000: system.cpu.rename: [tid:0] Sending instructions to IEW.
1039000: system.cpu.rename: [tid:0] Processing instruction [sn:1969] with PC (0x7ffff801f2ed=>0x7ffff801f2ef).(0=>1).
1039000: system.cpu.rename: [tid:0] Looking up miscellaneous arch reg 153, got phys reg 153 (miscellaneous)
1039000: system.cpu.rename: [tid:0] Register 153 (flat: 0) (miscellaneous) is ready.
1039000: global: [sn:1969] has 1 ready out of 1 sources. RTI 0)
1039000: global: Renamed reg t1 to physical reg 218 (218) old mapping was 172 (172)
1039000: system.cpu.rename: [tid:0] Renaming arch reg 17 (integer) to physical reg 218 (218).
1039000: system.cpu.rename: [tid:0] [sn:1969] Adding instruction to history buffer (size=24).
1039000: system.cpu.rename: [tid:0] Sending instructions to IEW.
1039000: system.cpu.rename: [tid:0] Processing instruction [sn:1970] with PC (0x7ffff801f2ed=>0x7ffff801f2ef).(1=>2).
1039000: global: Renamed reg t2 to physical reg 217 (217) old mapping was 169 (169)
1039000: system.cpu.rename: [tid:0] Renaming arch reg 18 (integer) to physical reg 217 (217).
1039000: system.cpu.rename: [tid:0] [sn:1970] Adding instruction to history buffer (size=25).
1039000: system.cpu.rename: [tid:0] Sending instructions to IEW.
1039000: system.cpu.rename: [tid:0] Processing instruction [sn:1971] with PC (0x7ffff801f2ed=>0x7ffff801f2ef).(2=>3).
1039000: system.cpu.rename: [tid:0] Looking up integer arch reg 17, got phys reg 218 (integer)
1039000: system.cpu.rename: [tid:0] Register 218 (flat: 218) (integer) is not ready.
1039000: system.cpu.rename: [tid:0] Looking up integer arch reg 18, got phys reg 217 (integer)
1039000: system.cpu.rename: [tid:0] Register 217 (flat: 217) (integer) is not ready.
1039000: system.cpu.rename: [tid:0] Looking up condition_code arch reg 0, got phys reg 731 (condition_code)
1039000: system.cpu.rename: [tid:0] Register 731 (flat: 5457) (condition_code) is not ready.
1039000: system.cpu.rename: [tid:0] Looking up condition_code arch reg 1, got phys reg 732 (condition_code)
1039000: system.cpu.rename: [tid:0] Register 732 (flat: 5458) (condition_code) is not ready.
1039000: system.cpu.rename: [tid:0] Looking up condition_code arch reg 2, got phys reg 2 (condition_code)
1039000: system.cpu.rename: [tid:0] Register 2 (flat: 4728) (condition_code) is ready.
1039000: global: [sn:1971] has 1 ready out of 8 sources. RTI 0)
1039000: system.cpu.rename: [tid:0] Looking up condition_code arch reg 3, got phys reg 3 (condition_code)
1039000: system.cpu.rename: [tid:0] Register 3 (flat: 4729) (condition_code) is ready.
1039000: global: [sn:1971] has 2 ready out of 8 sources. RTI 0)
1039000: system.cpu.rename: [tid:0] Looking up condition_code arch reg 4, got phys reg 4 (condition_code)
1039000: system.cpu.rename: [tid:0] Register 4 (flat: 4730) (condition_code) is ready.
1039000: global: [sn:1971] has 3 ready out of 8 sources. RTI 0)
1039000: system.cpu.rename: [tid:0] Looking up miscellaneous arch reg 153, got phys reg 153 (miscellaneous)
1039000: system.cpu.rename: [tid:0] Register 153 (flat: 0) (miscellaneous) is ready.
1039000: global: [sn:1971] has 4 ready out of 8 sources. RTI 0)
1039000: system.cpu.rename: [tid:0] Sending instructions to IEW.
1039000: system.cpu.rename: calcFreeLQEntries: free lqEntries: 132, loadsInProgress: 3, loads dispatchedToLQ: 0
1039000: system.cpu.rename: [tid:0] Processing instruction [sn:1972] with PC (0x7ffff801f2ef=>0x7ffff801f2f3).(0=>1).
1039000: system.cpu.rename: [tid:0] Looking up invalid arch reg 0, got phys reg 4294967295 (invalid)
1039000: system.cpu.rename: [tid:0] Register 4294967295 (flat: 4294967295) (invalid) is ready.
1039000: global: [sn:1972] has 1 ready out of 3 sources. RTI 0)
1039000: system.cpu.rename: [tid:0] Looking up integer arch reg 0, got phys reg 200 (integer)
1039000: system.cpu.rename: [tid:0] Register 200 (flat: 200) (integer) is ready.
1039000: global: [sn:1972] has 2 ready out of 3 sources. RTI 0)
1039000: system.cpu.rename: [tid:0] Looking up miscellaneous arch reg 155, got phys reg 155 (miscellaneous)
1039000: system.cpu.rename: [tid:0] Register 155 (flat: 0) (miscellaneous) is ready.
1039000: global: [sn:1972] has 3 ready out of 3 sources. RTI 0)
1039000: global: Renamed reg t1 to physical reg 216 (216) old mapping was 218 (218)
1039000: system.cpu.rename: [tid:0] Querying SMB Predictor for load [sn:1972] with PC (0x7ffff801f2ef=>0x7ffff801f2f3).(0=>1).
1039000: system.cpu.rename: [tid:0] Renaming arch reg 17 (integer) to physical reg 216 (216).
1039000: system.cpu.rename: [tid:0] [sn:1972] Adding instruction to history buffer (size=26).
1039000: system.cpu.rename: [tid:0] Sending instructions to IEW.
1039000: system.cpu.rename: [tid:0] Processing instruction [sn:1973] with PC (0x7ffff801f2ef=>0x7ffff801f2f3).(1=>2).
1039000: system.cpu.rename: [tid:0] Looking up integer arch reg 17, got phys reg 216 (integer)
1039000: system.cpu.rename: [tid:0] Register 216 (flat: 216) (integer) is not ready.
1039000: system.cpu.rename: [tid:0] Looking up integer arch reg 1, got phys reg 45 (integer)
1039000: system.cpu.rename: [tid:0] Register 45 (flat: 45) (integer) is ready.
1039000: global: [sn:1973] has 1 ready out of 7 sources. RTI 0)
1039000: system.cpu.rename: [tid:0] Looking up invalid arch reg 0, got phys reg 4294967295 (invalid)
1039000: system.cpu.rename: [tid:0] Register 4294967295 (flat: 4294967295) (invalid) is ready.
1039000: global: [sn:1973] has 2 ready out of 7 sources. RTI 0)
1039000: system.cpu.rename: [tid:0] Looking up invalid arch reg 0, got phys reg 4294967295 (invalid)
1039000: system.cpu.rename: [tid:0] Register 4294967295 (flat: 4294967295) (invalid) is ready.
1039000: global: [sn:1973] has 3 ready out of 7 sources. RTI 0)
1039000: system.cpu.rename: [tid:0] Looking up invalid arch reg 0, got phys reg 4294967295 (invalid)
1039000: system.cpu.rename: [tid:0] Register 4294967295 (flat: 4294967295) (invalid) is ready.
1039000: global: [sn:1973] has 4 ready out of 7 sources. RTI 0)
1039000: system.cpu.rename: [tid:0] Looking up invalid arch reg 0, got phys reg 4294967295 (invalid)
1039000: system.cpu.rename: [tid:0] Register 4294967295 (flat: 4294967295) (invalid) is ready.
1039000: global: [sn:1973] has 5 ready out of 7 sources. RTI 0)
1039000: system.cpu.rename: [tid:0] Looking up invalid arch reg 0, got phys reg 4294967295 (invalid)
1039000: system.cpu.rename: [tid:0] Register 4294967295 (flat: 4294967295) (invalid) is ready.
1039000: global: [sn:1973] has 6 ready out of 7 sources. RTI 0)
1039000: global: Renamed reg t1 to physical reg 10 (10) old mapping was 216 (216)
1039000: system.cpu.rename: [tid:0] Renaming arch reg 17 (integer) to physical reg 10 (10).
1039000: system.cpu.rename: [tid:0] [sn:1973] Adding instruction to history buffer (size=27).
1039000: global: Renamed reg condition_code[0] to physical reg 5459 (5459) old mapping was 5457 (5457)
1039000: system.cpu.rename: [tid:0] Renaming arch reg 0 (condition_code) to physical reg 733 (5459).
1039000: system.cpu.rename: [tid:0] [sn:1973] Adding instruction to history buffer (size=28).
1039000: global: Renamed reg condition_code[1] to physical reg 5460 (5460) old mapping was 5458 (5458)
1039000: system.cpu.rename: [tid:0] Renaming arch reg 1 (condition_code) to physical reg 734 (5460).
1039000: system.cpu.rename: [tid:0] [sn:1973] Adding instruction to history buffer (size=29).
1039000: system.cpu.rename: [tid:0] Renaming arch reg 0 (invalid) to physical reg 4294967295 (4294967295).
1039000: system.cpu.rename: [tid:0] [sn:1973] Adding instruction to history buffer (size=30).
1039000: system.cpu.rename: [tid:0] Renaming arch reg 0 (invalid) to physical reg 4294967295 (4294967295).
1039000: system.cpu.rename: [tid:0] [sn:1973] Adding instruction to history buffer (size=31).
1039000: system.cpu.rename: [tid:0] Renaming arch reg 0 (invalid) to physical reg 4294967295 (4294967295).
1039000: system.cpu.rename: [tid:0] [sn:1973] Adding instruction to history buffer (size=32).
1039000: system.cpu.rename: [tid:0] Sending instructions to IEW.
1039000: system.cpu.rename: calcFreeSQEntries: free sqEntries: 66, storesInProgress: 0, stores dispatchedToSQ: 0
1039000: system.cpu.rename: [tid:0] Processing instruction [sn:1974] with PC (0x7ffff801f2ef=>0x7ffff801f2f3).(2=>3).
1039000: system.cpu.rename: [tid:0] Looking up invalid arch reg 0, got phys reg 4294967295 (invalid)
1039000: system.cpu.rename: [tid:0] Register 4294967295 (flat: 4294967295) (invalid) is ready.
1039000: global: [sn:1974] has 1 ready out of 4 sources. RTI 0)
1039000: system.cpu.rename: [tid:0] Looking up integer arch reg 0, got phys reg 200 (integer)
1039000: system.cpu.rename: [tid:0] Register 200 (flat: 200) (integer) is ready.
1039000: global: [sn:1974] has 2 ready out of 4 sources. RTI 0)
1039000: system.cpu.rename: [tid:0] Looking up integer arch reg 17, got phys reg 10 (integer)
1039000: system.cpu.rename: [tid:0] Register 10 (flat: 10) (integer) is not ready.
1039000: system.cpu.rename: [tid:0] Looking up miscellaneous arch reg 155, got phys reg 155 (miscellaneous)
1039000: system.cpu.rename: [tid:0] Register 155 (flat: 0) (miscellaneous) is ready.
1039000: global: [sn:1974] has 3 ready out of 4 sources. RTI 0)
1039000: system.cpu.rename: Activity this cycle.
1039000: system.cpu.iew: Issue: Processing [tid:0]
1039000: system.cpu.iew: [tid:0] Not blocked, so attempting to run dispatch.
1039000: system.cpu.iew: [tid:0] Issue: Adding PC (0x7ffff801f2c8=>0x7ffff801f2cf).(0=>1) [sn:1955] [tid:0] to IQ.
1039000: system.cpu.iq: Adding instruction [sn:1955] PC (0x7ffff801f2c8=>0x7ffff801f2cf).(0=>1) to the IQ.
1039000: system.cpu.iq: Instruction is ready to issue, putting it onto the ready list, PC (0x7ffff801f2c8=>0x7ffff801f2cf).(0=>1) opclass:1 [sn:1955].
1039000: system.cpu.iew: [tid:0] Issue: Adding PC (0x7ffff801f2c8=>0x7ffff801f2cf).(1=>2) [sn:1956] [tid:0] to IQ.
1039000: system.cpu.iew: [tid:0] Issue: Memory instruction encountered, adding to LSQ.
1039000: system.cpu.iew.lsq.thread0: Inserting load PC (0x7ffff801f2c8=>0x7ffff801f2cf).(1=>2), idx:20 [sn:1956]
1039000: system.cpu.iq: Adding instruction [sn:1956] PC (0x7ffff801f2c8=>0x7ffff801f2cf).(1=>2) to the IQ.
1039000: system.cpu.iq: Instruction PC (0x7ffff801f2c8=>0x7ffff801f2cf).(1=>2) has src reg 179 (integer) that is being added to the dependency chain.
1039000: system.cpu.memDep0: No dependency for inst PC (0x7ffff801f2c8=>0x7ffff801f2cf).(1=>2) [sn:1956].
1039000: system.cpu.iew: [tid:0] Issue: Adding PC (0x7ffff801f2c8=>0x7ffff801f2cf).(2=>3) [sn:1957] [tid:0] to IQ.
1039000: system.cpu.iq: Adding instruction [sn:1957] PC (0x7ffff801f2c8=>0x7ffff801f2cf).(2=>3) to the IQ.
1039000: system.cpu.iq: Instruction PC (0x7ffff801f2c8=>0x7ffff801f2cf).(2=>3) has src reg 178 (integer) that is being added to the dependency chain.
1039000: system.cpu.iew: [tid:0] Issue: Adding PC (0x7ffff801f2cf=>0x7ffff801f2d6).(0=>1) [sn:1958] [tid:0] to IQ.
1039000: system.cpu.iq: Adding instruction [sn:1958] PC (0x7ffff801f2cf=>0x7ffff801f2d6).(0=>1) to the IQ.
1039000: system.cpu.iq: Instruction is ready to issue, putting it onto the ready list, PC (0x7ffff801f2cf=>0x7ffff801f2d6).(0=>1) opclass:1 [sn:1958].
1039000: system.cpu.iew: [tid:0] Issue: Adding PC (0x7ffff801f2cf=>0x7ffff801f2d6).(1=>2) [sn:1959] [tid:0] to IQ.
1039000: system.cpu.iew: [tid:0] Issue: Memory instruction encountered, adding to LSQ.
1039000: system.cpu.iew.lsq.thread0: Inserting load PC (0x7ffff801f2cf=>0x7ffff801f2d6).(1=>2), idx:21 [sn:1959]
1039000: system.cpu.iq: Adding instruction [sn:1959] PC (0x7ffff801f2cf=>0x7ffff801f2d6).(1=>2) to the IQ.
1039000: system.cpu.iq: Instruction PC (0x7ffff801f2cf=>0x7ffff801f2d6).(1=>2) has src reg 176 (integer) that is being added to the dependency chain.
1039000: system.cpu.memDep0: No dependency for inst PC (0x7ffff801f2cf=>0x7ffff801f2d6).(1=>2) [sn:1959].
1039000: system.cpu.iew: [tid:0] Issue: Adding PC (0x7ffff801f2d6=>0x7ffff801f2d9).(0=>1) [sn:1960] [tid:0] to IQ.
1039000: system.cpu.iq: Adding instruction [sn:1960] PC (0x7ffff801f2d6=>0x7ffff801f2d9).(0=>1) to the IQ.
1039000: system.cpu.iq: Instruction PC (0x7ffff801f2d6=>0x7ffff801f2d9).(0=>1) has src reg 177 (integer) that is being added to the dependency chain.
1039000: system.cpu.iew: [tid:0] Issue: Adding PC (0x7ffff801f2d9=>0x7ffff801f2dd).(0=>1) [sn:1961] [tid:0] to IQ.
1039000: system.cpu.iq: Adding instruction [sn:1961] PC (0x7ffff801f2d9=>0x7ffff801f2dd).(0=>1) to the IQ.
1039000: system.cpu.iq: Instruction is ready to issue, putting it onto the ready list, PC (0x7ffff801f2d9=>0x7ffff801f2dd).(0=>1) opclass:1 [sn:1961].
1039000: system.cpu.iew: [tid:0] Issue: Adding PC (0x7ffff801f2d9=>0x7ffff801f2dd).(1=>2) [sn:1962] [tid:0] to IQ.
1039000: system.cpu.iq: Adding instruction [sn:1962] PC (0x7ffff801f2d9=>0x7ffff801f2dd).(1=>2) to the IQ.
1039000: system.cpu.iq: Instruction PC (0x7ffff801f2d9=>0x7ffff801f2dd).(1=>2) has src reg 166 (integer) that is being added to the dependency chain.
1039000: system.cpu.iq: Instruction PC (0x7ffff801f2d9=>0x7ffff801f2dd).(1=>2) has src reg 170 (integer) that is being added to the dependency chain.
1039000: system.cpu.iew: [tid:0] Issue: Adding PC (0x7ffff801f2dd=>0x7ffff801f2e3).(0=>1) [sn:1963] [tid:0] to IQ.
1039000: system.cpu.iq: Adding instruction [sn:1963] PC (0x7ffff801f2dd=>0x7ffff801f2e3).(0=>1) to the IQ.
1039000: system.cpu.iq: Instruction is ready to issue, putting it onto the ready list, PC (0x7ffff801f2dd=>0x7ffff801f2e3).(0=>1) opclass:1 [sn:1963].
1039000: system.cpu.iew: [tid:0] Issue: Adding PC (0x7ffff801f2dd=>0x7ffff801f2e3).(1=>2) [sn:1964] [tid:0] to IQ.
1039000: system.cpu.iq: Adding instruction [sn:1964] PC (0x7ffff801f2dd=>0x7ffff801f2e3).(1=>2) to the IQ.
1039000: system.cpu.iq: Instruction is ready to issue, putting it onto the ready list, PC (0x7ffff801f2dd=>0x7ffff801f2e3).(1=>2) opclass:1 [sn:1964].
1039000: system.cpu.iq: Attempting to schedule ready instructions from the IQ.
1039000: system.cpu.iq: Thread 0: Issuing instruction PC (0x7ffff801f2c8=>0x7ffff801f2cf).(0=>1) [sn:1955]
1039000: system.cpu.iq: Thread 0: Issuing instruction PC (0x7ffff801f2cf=>0x7ffff801f2d6).(0=>1) [sn:1958]
1039000: system.cpu.iq: Thread 0: Issuing instruction PC (0x7ffff801f2d9=>0x7ffff801f2dd).(0=>1) [sn:1961]
1039000: system.cpu.iq: Thread 0: Issuing instruction PC (0x7ffff801f2dd=>0x7ffff801f2e3).(0=>1) [sn:1963]
1039000: system.cpu.iq: Thread 0: Issuing instruction PC (0x7ffff801f2dd=>0x7ffff801f2e3).(1=>2) [sn:1964]
1039000: system.cpu.iew.lsq: [tid:0] Writing back stores. 6 stores available for Writeback.
1039000: system.cpu.iew: Processing [tid:0]
1039000: system.cpu.iew: [tid:0], Dispatch dispatched 10 instructions.
1039000: system.cpu.iew.lsq.thread0: SQ size: 72, #stores occupied: 6
1039000: system.cpu.iew.lsq.thread0: LQ size: 132, #loads occupied: 2
1039000: system.cpu.iew: IQ has 554 free entries (Can schedule: 0).  LQ has 130 free entries. SQ has 66 free entries.
1039000: system.cpu.commit: Getting instructions from Rename stage.
1039000: system.cpu.commit: Trying to commit instructions in the ROB.
1039000: system.cpu.commit: [tid:0] Can't commit, Instruction [sn:1955] PC (0x7ffff801f2c8=>0x7ffff801f2cf).(0=>1) is head of ROB and not ready
1039000: system.cpu.commit: [tid:0] ROB has 10 insts & 908 free entries.
1039000: system.cpu: Activity: 11
1039000: system.cpu: Scheduling next tick!
1040000: system.cpu: 

O3CPU: Ticking main, O3CPU.
1040000: system.cpu.fetch: Running stage.
1040000: system.cpu.fetch: There are no more threads available to fetch from.
1040000: system.cpu.fetch: [tid:0] Fetch is waiting cache response!
1040000: system.cpu.fetch: [tid:0] [sn:1995] Sending instruction to decode from fetch queue. Fetch queue size: 20.
1040000: system.cpu.fetch: [tid:0] [sn:1996] Sending instruction to decode from fetch queue. Fetch queue size: 19.
1040000: system.cpu.fetch: [tid:0] [sn:1997] Sending instruction to decode from fetch queue. Fetch queue size: 18.
1040000: system.cpu.fetch: [tid:0] [sn:1998] Sending instruction to decode from fetch queue. Fetch queue size: 17.
1040000: system.cpu.fetch: [tid:0] [sn:1999] Sending instruction to decode from fetch queue. Fetch queue size: 16.
1040000: system.cpu.fetch: [tid:0] [sn:2000] Sending instruction to decode from fetch queue. Fetch queue size: 15.
1040000: system.cpu.fetch: [tid:0] [sn:2001] Sending instruction to decode from fetch queue. Fetch queue size: 14.
1040000: system.cpu.fetch: [tid:0] [sn:2002] Sending instruction to decode from fetch queue. Fetch queue size: 13.
1040000: system.cpu.fetch: [tid:0] [sn:2003] Sending instruction to decode from fetch queue. Fetch queue size: 12.
1040000: system.cpu.fetch: [tid:0] [sn:2004] Sending instruction to decode from fetch queue. Fetch queue size: 11.
1040000: system.cpu.fetch: Activity this cycle.
1040000: system.cpu: Activity: 12
1040000: system.cpu.decode: Processing [tid:0]
1040000: system.cpu.decode: [tid:0] Not blocked, so attempting to run stage.
1040000: system.cpu.decode: [tid:0] Sending instruction to rename.
1040000: system.cpu.decode: [tid:0] Processing instruction [sn:1985] with PC (0x7ffff801f303=>0x7ffff801f30a).(1=>2)
1040000: system.cpu.decode: [tid:0] Processing instruction [sn:1986] with PC (0x7ffff801f30a=>0x7ffff801f30d).(0=>1)
1040000: system.cpu.decode: [tid:0] Processing instruction [sn:1987] with PC (0x7ffff801f30d=>0x7ffff801f30f).(0=>1)
1040000: system.cpu.decode: [tid:0] Processing instruction [sn:1988] with PC (0x7ffff801f30d=>0x7ffff801f30f).(1=>2)
1040000: system.cpu.decode: [tid:0] Processing instruction [sn:1989] with PC (0x7ffff801f30d=>0x7ffff801f30f).(2=>3)
1040000: system.cpu.decode: [tid:0] Processing instruction [sn:1990] with PC (0x7ffff801f30f=>0x7ffff801f313).(0=>1)
1040000: system.cpu.decode: [tid:0] Processing instruction [sn:1991] with PC (0x7ffff801f30f=>0x7ffff801f313).(1=>2)
1040000: system.cpu.decode: [tid:0] Processing instruction [sn:1992] with PC (0x7ffff801f30f=>0x7ffff801f313).(2=>3)
1040000: system.cpu.decode: [tid:0] Processing instruction [sn:1993] with PC (0x7ffff801f313=>0x7ffff801f31a).(0=>1)
1040000: system.cpu.decode: [tid:0] Processing instruction [sn:1994] with PC (0x7ffff801f313=>0x7ffff801f31a).(1=>2)
1040000: system.cpu.decode: Activity this cycle.
1040000: system.cpu.rename: Processing [tid:0]
1040000: system.cpu.rename: [tid:0] Free IQ: 559, Free ROB: 908, Free LQ: 132, Free SQ: 66, FreeRM 127(863 870 917 1834 127 8 4579)
1040000: system.cpu.rename: [tid:0] 20 instructions not yet in ROB
1040000: system.cpu.rename: calcFreeLQEntries: free lqEntries: 132, loadsInProgress: 4, loads dispatchedToLQ: 2
1040000: system.cpu.rename: [tid:0] Not blocked, so attempting to run stage.
1040000: system.cpu.rename: [tid:0] 10 available instructions to send iew.
1040000: system.cpu.rename: [tid:0] 20 insts pipelining from Rename | 10 insts dispatched to IQ last cycle.
1040000: system.cpu.rename: [tid:0] Sending instructions to IEW.
1040000: system.cpu.rename: [tid:0] Processing instruction [sn:1975] with PC (0x7ffff801f2f3=>0x7ffff801f2fa).(0=>1).
1040000: system.cpu.rename: [tid:0] Looking up miscellaneous arch reg 153, got phys reg 153 (miscellaneous)
1040000: system.cpu.rename: [tid:0] Register 153 (flat: 0) (miscellaneous) is ready.
1040000: global: [sn:1975] has 1 ready out of 1 sources. RTI 0)
1040000: global: Renamed reg t7 to physical reg 211 (211) old mapping was 171 (171)
1040000: system.cpu.rename: [tid:0] Renaming arch reg 23 (integer) to physical reg 211 (211).
1040000: system.cpu.rename: [tid:0] [sn:1975] Adding instruction to history buffer (size=33).
1040000: system.cpu.rename: [tid:0] Sending instructions to IEW.
1040000: system.cpu.rename: calcFreeLQEntries: free lqEntries: 132, loadsInProgress: 4, loads dispatchedToLQ: 2
1040000: system.cpu.rename: [tid:0] Processing instruction [sn:1976] with PC (0x7ffff801f2f3=>0x7ffff801f2fa).(1=>2).
1040000: system.cpu.rename: [tid:0] Looking up invalid arch reg 0, got phys reg 4294967295 (invalid)
1040000: system.cpu.rename: [tid:0] Register 4294967295 (flat: 4294967295) (invalid) is ready.
1040000: global: [sn:1976] has 1 ready out of 3 sources. RTI 0)
1040000: system.cpu.rename: [tid:0] Looking up integer arch reg 23, got phys reg 211 (integer)
1040000: system.cpu.rename: [tid:0] Register 211 (flat: 211) (integer) is not ready.
1040000: system.cpu.rename: [tid:0] Looking up miscellaneous arch reg 155, got phys reg 155 (miscellaneous)
1040000: system.cpu.rename: [tid:0] Register 155 (flat: 0) (miscellaneous) is ready.
1040000: global: [sn:1976] has 2 ready out of 3 sources. RTI 0)
1040000: global: Renamed reg rax to physical reg 173 (173) old mapping was 200 (200)
1040000: system.cpu.rename: [tid:0] Querying SMB Predictor for load [sn:1976] with PC (0x7ffff801f2f3=>0x7ffff801f2fa).(1=>2).
1040000: system.cpu.rename: [tid:0] Renaming arch reg 0 (integer) to physical reg 173 (173).
1040000: system.cpu.rename: [tid:0] [sn:1976] Adding instruction to history buffer (size=34).
1040000: system.cpu.rename: [tid:0] Sending instructions to IEW.
1040000: system.cpu.rename: [tid:0] Processing instruction [sn:1977] with PC (0x7ffff801f2fa=>0x7ffff801f2fd).(0=>1).
1040000: system.cpu.rename: [tid:0] Looking up integer arch reg 0, got phys reg 173 (integer)
1040000: system.cpu.rename: [tid:0] Register 173 (flat: 173) (integer) is not ready.
1040000: system.cpu.rename: [tid:0] Looking up integer arch reg 0, got phys reg 173 (integer)
1040000: system.cpu.rename: [tid:0] Register 173 (flat: 173) (integer) is not ready.
1040000: system.cpu.rename: [tid:0] Looking up invalid arch reg 0, got phys reg 4294967295 (invalid)
1040000: system.cpu.rename: [tid:0] Register 4294967295 (flat: 4294967295) (invalid) is ready.
1040000: global: [sn:1977] has 1 ready out of 7 sources. RTI 0)
1040000: system.cpu.rename: [tid:0] Looking up invalid arch reg 0, got phys reg 4294967295 (invalid)
1040000: system.cpu.rename: [tid:0] Register 4294967295 (flat: 4294967295) (invalid) is ready.
1040000: global: [sn:1977] has 2 ready out of 7 sources. RTI 0)
1040000: system.cpu.rename: [tid:0] Looking up invalid arch reg 0, got phys reg 4294967295 (invalid)
1040000: system.cpu.rename: [tid:0] Register 4294967295 (flat: 4294967295) (invalid) is ready.
1040000: global: [sn:1977] has 3 ready out of 7 sources. RTI 0)
1040000: system.cpu.rename: [tid:0] Looking up invalid arch reg 0, got phys reg 4294967295 (invalid)
1040000: system.cpu.rename: [tid:0] Register 4294967295 (flat: 4294967295) (invalid) is ready.
1040000: global: [sn:1977] has 4 ready out of 7 sources. RTI 0)
1040000: system.cpu.rename: [tid:0] Looking up invalid arch reg 0, got phys reg 4294967295 (invalid)
1040000: system.cpu.rename: [tid:0] Register 4294967295 (flat: 4294967295) (invalid) is ready.
1040000: global: [sn:1977] has 5 ready out of 7 sources. RTI 0)
1040000: system.cpu.rename: [tid:0] Renaming arch reg 0 (invalid) to physical reg 4294967295 (4294967295).
1040000: system.cpu.rename: [tid:0] [sn:1977] Adding instruction to history buffer (size=35).
1040000: global: Renamed reg condition_code[0] to physical reg 5461 (5461) old mapping was 5459 (5459)
1040000: system.cpu.rename: [tid:0] Renaming arch reg 0 (condition_code) to physical reg 735 (5461).
1040000: system.cpu.rename: [tid:0] [sn:1977] Adding instruction to history buffer (size=36).
1040000: global: Renamed reg condition_code[1] to physical reg 5462 (5462) old mapping was 5460 (5460)
1040000: system.cpu.rename: [tid:0] Renaming arch reg 1 (condition_code) to physical reg 736 (5462).
1040000: system.cpu.rename: [tid:0] [sn:1977] Adding instruction to history buffer (size=37).
1040000: system.cpu.rename: [tid:0] Renaming arch reg 0 (invalid) to physical reg 4294967295 (4294967295).
1040000: system.cpu.rename: [tid:0] [sn:1977] Adding instruction to history buffer (size=38).
1040000: system.cpu.rename: [tid:0] Renaming arch reg 0 (invalid) to physical reg 4294967295 (4294967295).
1040000: system.cpu.rename: [tid:0] [sn:1977] Adding instruction to history buffer (size=39).
1040000: system.cpu.rename: [tid:0] Renaming arch reg 0 (invalid) to physical reg 4294967295 (4294967295).
1040000: system.cpu.rename: [tid:0] [sn:1977] Adding instruction to history buffer (size=40).
1040000: system.cpu.rename: [tid:0] Sending instructions to IEW.
1040000: system.cpu.rename: [tid:0] Processing instruction [sn:1978] with PC (0x7ffff801f2fd=>0x7ffff801f2ff).(0=>1).
1040000: system.cpu.rename: [tid:0] Looking up miscellaneous arch reg 153, got phys reg 153 (miscellaneous)
1040000: system.cpu.rename: [tid:0] Register 153 (flat: 0) (miscellaneous) is ready.
1040000: global: [sn:1978] has 1 ready out of 1 sources. RTI 0)
1040000: global: Renamed reg t1 to physical reg 213 (213) old mapping was 10 (10)
1040000: system.cpu.rename: [tid:0] Renaming arch reg 17 (integer) to physical reg 213 (213).
1040000: system.cpu.rename: [tid:0] [sn:1978] Adding instruction to history buffer (size=41).
1040000: system.cpu.rename: [tid:0] Sending instructions to IEW.
1040000: system.cpu.rename: [tid:0] Processing instruction [sn:1979] with PC (0x7ffff801f2fd=>0x7ffff801f2ff).(1=>2).
1040000: global: Renamed reg t2 to physical reg 174 (174) old mapping was 217 (217)
1040000: system.cpu.rename: [tid:0] Renaming arch reg 18 (integer) to physical reg 174 (174).
1040000: system.cpu.rename: [tid:0] [sn:1979] Adding instruction to history buffer (size=42).
1040000: system.cpu.rename: [tid:0] Sending instructions to IEW.
1040000: system.cpu.rename: [tid:0] Processing instruction [sn:1980] with PC (0x7ffff801f2fd=>0x7ffff801f2ff).(2=>3).
1040000: system.cpu.rename: [tid:0] Looking up integer arch reg 17, got phys reg 213 (integer)
1040000: system.cpu.rename: [tid:0] Register 213 (flat: 213) (integer) is not ready.
1040000: system.cpu.rename: [tid:0] Looking up integer arch reg 18, got phys reg 174 (integer)
1040000: system.cpu.rename: [tid:0] Register 174 (flat: 174) (integer) is not ready.
1040000: system.cpu.rename: [tid:0] Looking up condition_code arch reg 0, got phys reg 735 (condition_code)
1040000: system.cpu.rename: [tid:0] Register 735 (flat: 5461) (condition_code) is not ready.
1040000: system.cpu.rename: [tid:0] Looking up condition_code arch reg 1, got phys reg 736 (condition_code)
1040000: system.cpu.rename: [tid:0] Register 736 (flat: 5462) (condition_code) is not ready.
1040000: system.cpu.rename: [tid:0] Looking up condition_code arch reg 2, got phys reg 2 (condition_code)
1040000: system.cpu.rename: [tid:0] Register 2 (flat: 4728) (condition_code) is ready.
1040000: global: [sn:1980] has 1 ready out of 8 sources. RTI 0)
1040000: system.cpu.rename: [tid:0] Looking up condition_code arch reg 3, got phys reg 3 (condition_code)
1040000: system.cpu.rename: [tid:0] Register 3 (flat: 4729) (condition_code) is ready.
1040000: global: [sn:1980] has 2 ready out of 8 sources. RTI 0)
1040000: system.cpu.rename: [tid:0] Looking up condition_code arch reg 4, got phys reg 4 (condition_code)
1040000: system.cpu.rename: [tid:0] Register 4 (flat: 4730) (condition_code) is ready.
1040000: global: [sn:1980] has 3 ready out of 8 sources. RTI 0)
1040000: system.cpu.rename: [tid:0] Looking up miscellaneous arch reg 153, got phys reg 153 (miscellaneous)
1040000: system.cpu.rename: [tid:0] Register 153 (flat: 0) (miscellaneous) is ready.
1040000: global: [sn:1980] has 4 ready out of 8 sources. RTI 0)
1040000: system.cpu.rename: [tid:0] Sending instructions to IEW.
1040000: system.cpu.rename: calcFreeLQEntries: free lqEntries: 132, loadsInProgress: 5, loads dispatchedToLQ: 2
1040000: system.cpu.rename: [tid:0] Processing instruction [sn:1981] with PC (0x7ffff801f2ff=>0x7ffff801f303).(0=>1).
1040000: system.cpu.rename: [tid:0] Looking up invalid arch reg 0, got phys reg 4294967295 (invalid)
1040000: system.cpu.rename: [tid:0] Register 4294967295 (flat: 4294967295) (invalid) is ready.
1040000: global: [sn:1981] has 1 ready out of 3 sources. RTI 0)
1040000: system.cpu.rename: [tid:0] Looking up integer arch reg 0, got phys reg 173 (integer)
1040000: system.cpu.rename: [tid:0] Register 173 (flat: 173) (integer) is not ready.
1040000: system.cpu.rename: [tid:0] Looking up miscellaneous arch reg 155, got phys reg 155 (miscellaneous)
1040000: system.cpu.rename: [tid:0] Register 155 (flat: 0) (miscellaneous) is ready.
1040000: global: [sn:1981] has 2 ready out of 3 sources. RTI 0)
1040000: global: Renamed reg t1 to physical reg 210 (210) old mapping was 213 (213)
1040000: system.cpu.rename: [tid:0] Querying SMB Predictor for load [sn:1981] with PC (0x7ffff801f2ff=>0x7ffff801f303).(0=>1).
1040000: system.cpu.rename: [tid:0] Renaming arch reg 17 (integer) to physical reg 210 (210).
1040000: system.cpu.rename: [tid:0] [sn:1981] Adding instruction to history buffer (size=43).
1040000: system.cpu.rename: [tid:0] Sending instructions to IEW.
1040000: system.cpu.rename: [tid:0] Processing instruction [sn:1982] with PC (0x7ffff801f2ff=>0x7ffff801f303).(1=>2).
1040000: system.cpu.rename: [tid:0] Looking up integer arch reg 17, got phys reg 210 (integer)
1040000: system.cpu.rename: [tid:0] Register 210 (flat: 210) (integer) is not ready.
1040000: system.cpu.rename: [tid:0] Looking up integer arch reg 1, got phys reg 45 (integer)
1040000: system.cpu.rename: [tid:0] Register 45 (flat: 45) (integer) is ready.
1040000: global: [sn:1982] has 1 ready out of 7 sources. RTI 0)
1040000: system.cpu.rename: [tid:0] Looking up invalid arch reg 0, got phys reg 4294967295 (invalid)
1040000: system.cpu.rename: [tid:0] Register 4294967295 (flat: 4294967295) (invalid) is ready.
1040000: global: [sn:1982] has 2 ready out of 7 sources. RTI 0)
1040000: system.cpu.rename: [tid:0] Looking up invalid arch reg 0, got phys reg 4294967295 (invalid)
1040000: system.cpu.rename: [tid:0] Register 4294967295 (flat: 4294967295) (invalid) is ready.
1040000: global: [sn:1982] has 3 ready out of 7 sources. RTI 0)
1040000: system.cpu.rename: [tid:0] Looking up invalid arch reg 0, got phys reg 4294967295 (invalid)
1040000: system.cpu.rename: [tid:0] Register 4294967295 (flat: 4294967295) (invalid) is ready.
1040000: global: [sn:1982] has 4 ready out of 7 sources. RTI 0)
1040000: system.cpu.rename: [tid:0] Looking up invalid arch reg 0, got phys reg 4294967295 (invalid)
1040000: system.cpu.rename: [tid:0] Register 4294967295 (flat: 4294967295) (invalid) is ready.
1040000: global: [sn:1982] has 5 ready out of 7 sources. RTI 0)
1040000: system.cpu.rename: [tid:0] Looking up invalid arch reg 0, got phys reg 4294967295 (invalid)
1040000: system.cpu.rename: [tid:0] Register 4294967295 (flat: 4294967295) (invalid) is ready.
1040000: global: [sn:1982] has 6 ready out of 7 sources. RTI 0)
1040000: global: Renamed reg t1 to physical reg 220 (220) old mapping was 210 (210)
1040000: system.cpu.rename: [tid:0] Renaming arch reg 17 (integer) to physical reg 220 (220).
1040000: system.cpu.rename: [tid:0] [sn:1982] Adding instruction to history buffer (size=44).
1040000: global: Renamed reg condition_code[0] to physical reg 5463 (5463) old mapping was 5461 (5461)
1040000: system.cpu.rename: [tid:0] Renaming arch reg 0 (condition_code) to physical reg 737 (5463).
1040000: system.cpu.rename: [tid:0] [sn:1982] Adding instruction to history buffer (size=45).
1040000: global: Renamed reg condition_code[1] to physical reg 5464 (5464) old mapping was 5462 (5462)
1040000: system.cpu.rename: [tid:0] Renaming arch reg 1 (condition_code) to physical reg 738 (5464).
1040000: system.cpu.rename: [tid:0] [sn:1982] Adding instruction to history buffer (size=46).
1040000: system.cpu.rename: [tid:0] Renaming arch reg 0 (invalid) to physical reg 4294967295 (4294967295).
1040000: system.cpu.rename: [tid:0] [sn:1982] Adding instruction to history buffer (size=47).
1040000: system.cpu.rename: [tid:0] Renaming arch reg 0 (invalid) to physical reg 4294967295 (4294967295).
1040000: system.cpu.rename: [tid:0] [sn:1982] Adding instruction to history buffer (size=48).
1040000: system.cpu.rename: [tid:0] Renaming arch reg 0 (invalid) to physical reg 4294967295 (4294967295).
1040000: system.cpu.rename: [tid:0] [sn:1982] Adding instruction to history buffer (size=49).
1040000: system.cpu.rename: [tid:0] Sending instructions to IEW.
1040000: system.cpu.rename: calcFreeSQEntries: free sqEntries: 66, storesInProgress: 1, stores dispatchedToSQ: 0
1040000: system.cpu.rename: [tid:0] Processing instruction [sn:1983] with PC (0x7ffff801f2ff=>0x7ffff801f303).(2=>3).
1040000: system.cpu.rename: [tid:0] Looking up invalid arch reg 0, got phys reg 4294967295 (invalid)
1040000: system.cpu.rename: [tid:0] Register 4294967295 (flat: 4294967295) (invalid) is ready.
1040000: global: [sn:1983] has 1 ready out of 4 sources. RTI 0)
1040000: system.cpu.rename: [tid:0] Looking up integer arch reg 0, got phys reg 173 (integer)
1040000: system.cpu.rename: [tid:0] Register 173 (flat: 173) (integer) is not ready.
1040000: system.cpu.rename: [tid:0] Looking up integer arch reg 17, got phys reg 220 (integer)
1040000: system.cpu.rename: [tid:0] Register 220 (flat: 220) (integer) is not ready.
1040000: system.cpu.rename: [tid:0] Looking up miscellaneous arch reg 155, got phys reg 155 (miscellaneous)
1040000: system.cpu.rename: [tid:0] Register 155 (flat: 0) (miscellaneous) is ready.
1040000: global: [sn:1983] has 2 ready out of 4 sources. RTI 0)
1040000: system.cpu.rename: [tid:0] Sending instructions to IEW.
1040000: system.cpu.rename: [tid:0] Processing instruction [sn:1984] with PC (0x7ffff801f303=>0x7ffff801f30a).(0=>1).
1040000: system.cpu.rename: [tid:0] Looking up miscellaneous arch reg 153, got phys reg 153 (miscellaneous)
1040000: system.cpu.rename: [tid:0] Register 153 (flat: 0) (miscellaneous) is ready.
1040000: global: [sn:1984] has 1 ready out of 1 sources. RTI 0)
1040000: global: Renamed reg t7 to physical reg 214 (214) old mapping was 211 (211)
1040000: system.cpu.rename: [tid:0] Renaming arch reg 23 (integer) to physical reg 214 (214).
1040000: system.cpu.rename: [tid:0] [sn:1984] Adding instruction to history buffer (size=50).
1040000: system.cpu.rename: Activity this cycle.
1040000: system.cpu.iew: Issue: Processing [tid:0]
1040000: system.cpu.iew: [tid:0] Not blocked, so attempting to run dispatch.
1040000: system.cpu.iew: Execute: Executing instructions from IQ.
1040000: system.cpu.iew: Execute: Processing PC (0x7ffff801f2c8=>0x7ffff801f2cf).(0=>1), [tid:0] [sn:1955].
1040000: global: RegFile: Setting int register 179 to 0x7ffff801f2cf
1040000: system.cpu.iew: Adding instruction [sn:1955] to commit queue.
1040000: system.cpu.iew: Current wb cycle: 0, width: 19, numInst: 0
wbActual:0
1040000: system.cpu.iew: Execute: Executing instructions from IQ.
1040000: system.cpu.iew: Execute: Processing PC (0x7ffff801f2cf=>0x7ffff801f2d6).(0=>1), [tid:0] [sn:1958].
1040000: global: RegFile: Setting int register 176 to 0x7ffff801f2d6
1040000: system.cpu.iew: Adding instruction [sn:1958] to commit queue.
1040000: system.cpu.iew: Current wb cycle: 0, width: 19, numInst: 1
wbActual:1
1040000: system.cpu.iew: Execute: Executing instructions from IQ.
1040000: system.cpu.iew: Execute: Processing PC (0x7ffff801f2d9=>0x7ffff801f2dd).(0=>1), [tid:0] [sn:1961].
1040000: global: RegFile: Setting int register 170 to 0x20
1040000: system.cpu.iew: Adding instruction [sn:1961] to commit queue.
1040000: system.cpu.iew: Current wb cycle: 0, width: 19, numInst: 2
wbActual:2
1040000: system.cpu.iew: Execute: Executing instructions from IQ.
1040000: system.cpu.iew: Execute: Processing PC (0x7ffff801f2dd=>0x7ffff801f2e3).(0=>1), [tid:0] [sn:1963].
1040000: global: RegFile: Setting int register 172 to 0x7ffff801f2e3
1040000: system.cpu.iew: Adding instruction [sn:1963] to commit queue.
1040000: system.cpu.iew: Current wb cycle: 0, width: 19, numInst: 3
wbActual:3
1040000: system.cpu.iew: Execute: Executing instructions from IQ.
1040000: system.cpu.iew: Execute: Processing PC (0x7ffff801f2dd=>0x7ffff801f2e3).(1=>2), [tid:0] [sn:1964].
1040000: global: RegFile: Setting int register 169 to 0xe5
1040000: system.cpu.iew: Adding instruction [sn:1964] to commit queue.
1040000: system.cpu.iew: Current wb cycle: 0, width: 19, numInst: 4
wbActual:4
1040000: system.cpu.iew: Sending instructions to commit, [sn:1955] PC (0x7ffff801f2c8=>0x7ffff801f2cf).(0=>1).
1040000: system.cpu.iq: Waking dependents of completed instruction.
1040000: system.cpu.iq: Waking any dependents on register 179 (integer).
1040000: system.cpu.iq: Waking up a dependent instruction, [sn:1956] PC (0x7ffff801f2c8=>0x7ffff801f2cf).(1=>2).
1040000: global: [sn:1956] has 4 ready out of 4 sources. RTI 0)
1040000: system.cpu.iq: Checking if memory instruction can issue.
1040000: system.cpu.memDep0: Marking registers as ready for instruction PC (0x7ffff801f2c8=>0x7ffff801f2cf).(1=>2) [sn:1956].
1040000: system.cpu.memDep0: Instruction has its memory dependencies resolved, adding it to the ready list.
1040000: system.cpu.memDep0: Adding instruction [sn:1956] to the ready list.
1040000: system.cpu.iq: Instruction is ready to issue, putting it onto the ready list, PC (0x7ffff801f2c8=>0x7ffff801f2cf).(1=>2) opclass:52 [sn:1956].
1040000: system.cpu.iew: Setting Destination Register 179 (integer)
1040000: system.cpu.scoreboard: Setting reg 179 (integer) as ready
1040000: system.cpu.iew: Sending instructions to commit, [sn:1958] PC (0x7ffff801f2cf=>0x7ffff801f2d6).(0=>1).
1040000: system.cpu.iq: Waking dependents of completed instruction.
1040000: system.cpu.iq: Waking any dependents on register 176 (integer).
1040000: system.cpu.iq: Waking up a dependent instruction, [sn:1959] PC (0x7ffff801f2cf=>0x7ffff801f2d6).(1=>2).
1040000: global: [sn:1959] has 3 ready out of 3 sources. RTI 0)
1040000: system.cpu.iq: Checking if memory instruction can issue.
1040000: system.cpu.memDep0: Marking registers as ready for instruction PC (0x7ffff801f2cf=>0x7ffff801f2d6).(1=>2) [sn:1959].
1040000: system.cpu.memDep0: Instruction has its memory dependencies resolved, adding it to the ready list.
1040000: system.cpu.memDep0: Adding instruction [sn:1959] to the ready list.
1040000: system.cpu.iq: Instruction is ready to issue, putting it onto the ready list, PC (0x7ffff801f2cf=>0x7ffff801f2d6).(1=>2) opclass:52 [sn:1959].
1040000: system.cpu.iew: Setting Destination Register 176 (integer)
1040000: system.cpu.scoreboard: Setting reg 176 (integer) as ready
1040000: system.cpu.iew: Sending instructions to commit, [sn:1961] PC (0x7ffff801f2d9=>0x7ffff801f2dd).(0=>1).
1040000: system.cpu.iq: Waking dependents of completed instruction.
1040000: system.cpu.iq: Waking any dependents on register 170 (integer).
1040000: system.cpu.iq: Waking up a dependent instruction, [sn:1962] PC (0x7ffff801f2d9=>0x7ffff801f2dd).(1=>2).
1040000: global: [sn:1962] has 6 ready out of 7 sources. RTI 0)
1040000: system.cpu.iew: Setting Destination Register 170 (integer)
1040000: system.cpu.scoreboard: Setting reg 170 (integer) as ready
1040000: system.cpu.iew: Sending instructions to commit, [sn:1963] PC (0x7ffff801f2dd=>0x7ffff801f2e3).(0=>1).
1040000: system.cpu.iq: Waking dependents of completed instruction.
1040000: system.cpu.iq: Waking any dependents on register 172 (integer).
1040000: system.cpu.iew: Setting Destination Register 172 (integer)
1040000: system.cpu.scoreboard: Setting reg 172 (integer) as ready
1040000: system.cpu.iew: Sending instructions to commit, [sn:1964] PC (0x7ffff801f2dd=>0x7ffff801f2e3).(1=>2).
1040000: system.cpu.iq: Waking dependents of completed instruction.
1040000: system.cpu.iq: Waking any dependents on register 169 (integer).
1040000: system.cpu.iew: Setting Destination Register 169 (integer)
1040000: system.cpu.scoreboard: Setting reg 169 (integer) as ready
1040000: system.cpu.iq: Attempting to schedule ready instructions from the IQ.
1040000: system.cpu.iq: Thread 0: Issuing instruction PC (0x7ffff801f2c8=>0x7ffff801f2cf).(1=>2) [sn:1956]
1040000: system.cpu.memDep0: Issuing instruction PC 0x7ffff801f2c8 [sn:1956].
1040000: system.cpu.iq: Thread 0: Issuing instruction PC (0x7ffff801f2cf=>0x7ffff801f2d6).(1=>2) [sn:1959]
1040000: system.cpu.memDep0: Issuing instruction PC 0x7ffff801f2cf [sn:1959].
1040000: system.cpu.iew.lsq: [tid:0] Writing back stores. 6 stores available for Writeback.
1040000: system.cpu.iew: Processing [tid:0]
1040000: system.cpu.iew.lsq.thread0: LQ size: 132, #loads occupied: 2
1040000: system.cpu.iew.lsq.thread0: SQ size: 72, #stores occupied: 6
1040000: system.cpu.iew: [tid:0], Dispatch dispatched 0 instructions.
1040000: system.cpu.iew.lsq.thread0: SQ size: 72, #stores occupied: 6
1040000: system.cpu.iew.lsq.thread0: LQ size: 132, #loads occupied: 2
1040000: system.cpu.iew: IQ has 554 free entries (Can schedule: 0).  LQ has 130 free entries. SQ has 66 free entries.
1040000: system.cpu.iew: Activity this cycle.
1040000: system.cpu.commit: Getting instructions from Rename stage.
1040000: system.cpu.commit: [tid:0] [sn:1965] Inserting PC (0x7ffff801f2dd=>0x7ffff801f2e3).(2=>3) into ROB.
1040000: system.cpu.rob: Adding inst PC (0x7ffff801f2dd=>0x7ffff801f2e3).(2=>3) to the ROB.
1040000: system.cpu.rob: [tid:0] Now has 11 instructions.
1040000: system.cpu.commit: [tid:0] [sn:1966] Inserting PC (0x7ffff801f2e3=>0x7ffff801f2ea).(0=>1) into ROB.
1040000: system.cpu.rob: Adding inst PC (0x7ffff801f2e3=>0x7ffff801f2ea).(0=>1) to the ROB.
1040000: system.cpu.rob: [tid:0] Now has 12 instructions.
1040000: system.cpu.commit: [tid:0] [sn:1967] Inserting PC (0x7ffff801f2e3=>0x7ffff801f2ea).(1=>2) into ROB.
1040000: system.cpu.rob: Adding inst PC (0x7ffff801f2e3=>0x7ffff801f2ea).(1=>2) to the ROB.
1040000: system.cpu.rob: [tid:0] Now has 13 instructions.
1040000: system.cpu.commit: [tid:0] [sn:1968] Inserting PC (0x7ffff801f2ea=>0x7ffff801f2ed).(0=>1) into ROB.
1040000: system.cpu.rob: Adding inst PC (0x7ffff801f2ea=>0x7ffff801f2ed).(0=>1) to the ROB.
1040000: system.cpu.rob: [tid:0] Now has 14 instructions.
1040000: system.cpu.commit: [tid:0] [sn:1969] Inserting PC (0x7ffff801f2ed=>0x7ffff801f2ef).(0=>1) into ROB.
1040000: system.cpu.rob: Adding inst PC (0x7ffff801f2ed=>0x7ffff801f2ef).(0=>1) to the ROB.
1040000: system.cpu.rob: [tid:0] Now has 15 instructions.
1040000: system.cpu.commit: [tid:0] [sn:1970] Inserting PC (0x7ffff801f2ed=>0x7ffff801f2ef).(1=>2) into ROB.
1040000: system.cpu.rob: Adding inst PC (0x7ffff801f2ed=>0x7ffff801f2ef).(1=>2) to the ROB.
1040000: system.cpu.rob: [tid:0] Now has 16 instructions.
1040000: system.cpu.commit: [tid:0] [sn:1971] Inserting PC (0x7ffff801f2ed=>0x7ffff801f2ef).(2=>3) into ROB.
1040000: system.cpu.rob: Adding inst PC (0x7ffff801f2ed=>0x7ffff801f2ef).(2=>3) to the ROB.
1040000: system.cpu.rob: [tid:0] Now has 17 instructions.
1040000: system.cpu.commit: [tid:0] [sn:1972] Inserting PC (0x7ffff801f2ef=>0x7ffff801f2f3).(0=>1) into ROB.
1040000: system.cpu.rob: Adding inst PC (0x7ffff801f2ef=>0x7ffff801f2f3).(0=>1) to the ROB.
1040000: system.cpu.rob: [tid:0] Now has 18 instructions.
1040000: system.cpu.commit: [tid:0] [sn:1973] Inserting PC (0x7ffff801f2ef=>0x7ffff801f2f3).(1=>2) into ROB.
1040000: system.cpu.rob: Adding inst PC (0x7ffff801f2ef=>0x7ffff801f2f3).(1=>2) to the ROB.
1040000: system.cpu.rob: [tid:0] Now has 19 instructions.
1040000: system.cpu.commit: [tid:0] [sn:1974] Inserting PC (0x7ffff801f2ef=>0x7ffff801f2f3).(2=>3) into ROB.
1040000: system.cpu.rob: Adding inst PC (0x7ffff801f2ef=>0x7ffff801f2f3).(2=>3) to the ROB.
1040000: system.cpu.rob: [tid:0] Now has 20 instructions.
1040000: system.cpu.commit: Trying to commit instructions in the ROB.
1040000: system.cpu.commit: [tid:0] Can't commit, Instruction [sn:1955] PC (0x7ffff801f2c8=>0x7ffff801f2cf).(0=>1) is head of ROB and not ready
1040000: system.cpu.commit: [tid:0] ROB has 20 insts & 898 free entries.
1040000: system.cpu.commit: Activity This Cycle.
1040000: system.cpu: Activity: 11
1040000: system.cpu: Scheduling next tick!
1041000: system.cpu: 

O3CPU: Ticking main, O3CPU.
1041000: system.cpu.fetch: Running stage.
1041000: system.cpu.fetch: There are no more threads available to fetch from.
1041000: system.cpu.fetch: [tid:0] Fetch is waiting cache response!
1041000: system.cpu.fetch: [tid:0] [sn:2005] Sending instruction to decode from fetch queue. Fetch queue size: 10.
1041000: system.cpu.fetch: [tid:0] [sn:2006] Sending instruction to decode from fetch queue. Fetch queue size: 9.
1041000: system.cpu.fetch: [tid:0] [sn:2007] Sending instruction to decode from fetch queue. Fetch queue size: 8.
1041000: system.cpu.fetch: [tid:0] [sn:2008] Sending instruction to decode from fetch queue. Fetch queue size: 7.
1041000: system.cpu.fetch: [tid:0] [sn:2009] Sending instruction to decode from fetch queue. Fetch queue size: 6.
1041000: system.cpu.fetch: [tid:0] [sn:2010] Sending instruction to decode from fetch queue. Fetch queue size: 5.
1041000: system.cpu.fetch: [tid:0] [sn:2011] Sending instruction to decode from fetch queue. Fetch queue size: 4.
1041000: system.cpu.fetch: [tid:0] [sn:2012] Sending instruction to decode from fetch queue. Fetch queue size: 3.
1041000: system.cpu.fetch: [tid:0] [sn:2013] Sending instruction to decode from fetch queue. Fetch queue size: 2.
1041000: system.cpu.fetch: [tid:0] [sn:2014] Sending instruction to decode from fetch queue. Fetch queue size: 1.
1041000: system.cpu.fetch: Activity this cycle.
1041000: system.cpu: Activity: 12
1041000: system.cpu.decode: Processing [tid:0]
1041000: system.cpu.decode: [tid:0] Not blocked, so attempting to run stage.
1041000: system.cpu.decode: [tid:0] Sending instruction to rename.
1041000: system.cpu.decode: [tid:0] Processing instruction [sn:1995] with PC (0x7ffff801f31a=>0x7ffff801f31d).(0=>1)
1041000: system.cpu.decode: [tid:0] Processing instruction [sn:1996] with PC (0x7ffff801f31d=>0x7ffff801f31f).(0=>1)
1041000: system.cpu.decode: [tid:0] Processing instruction [sn:1997] with PC (0x7ffff801f31d=>0x7ffff801f31f).(1=>2)
1041000: system.cpu.decode: [tid:0] Processing instruction [sn:1998] with PC (0x7ffff801f31d=>0x7ffff801f31f).(2=>3)
1041000: system.cpu.decode: [tid:0] Processing instruction [sn:1999] with PC (0x7ffff801f31f=>0x7ffff801f323).(0=>1)
1041000: system.cpu.decode: [tid:0] Processing instruction [sn:2000] with PC (0x7ffff801f31f=>0x7ffff801f323).(1=>2)
1041000: system.cpu.decode: [tid:0] Processing instruction [sn:2001] with PC (0x7ffff801f31f=>0x7ffff801f323).(2=>3)
1041000: system.cpu.decode: [tid:0] Processing instruction [sn:2002] with PC (0x7ffff801f323=>0x7ffff801f32a).(0=>1)
1041000: system.cpu.decode: [tid:0] Processing instruction [sn:2003] with PC (0x7ffff801f323=>0x7ffff801f32a).(1=>2)
1041000: system.cpu.decode: [tid:0] Processing instruction [sn:2004] with PC (0x7ffff801f32a=>0x7ffff801f32d).(0=>1)
1041000: system.cpu.decode: Activity this cycle.
1041000: system.cpu.rename: Processing [tid:0]
1041000: system.cpu.rename: [tid:0] Free IQ: 554, Free ROB: 898, Free LQ: 130, Free SQ: 66, FreeRM 127(856 870 917 1834 127 8 4575)
1041000: system.cpu.rename: [tid:0] 20 instructions not yet in ROB
1041000: system.cpu.rename: calcFreeLQEntries: free lqEntries: 130, loadsInProgress: 4, loads dispatchedToLQ: 0
1041000: system.cpu.rename: [tid:0] Not blocked, so attempting to run stage.
1041000: system.cpu.rename: [tid:0] 10 available instructions to send iew.
1041000: system.cpu.rename: [tid:0] 20 insts pipelining from Rename | 0 insts dispatched to IQ last cycle.
1041000: system.cpu.rename: [tid:0] Sending instructions to IEW.
1041000: system.cpu.rename: calcFreeLQEntries: free lqEntries: 130, loadsInProgress: 4, loads dispatchedToLQ: 0
1041000: system.cpu.rename: [tid:0] Processing instruction [sn:1985] with PC (0x7ffff801f303=>0x7ffff801f30a).(1=>2).
1041000: system.cpu.rename: [tid:0] Looking up invalid arch reg 0, got phys reg 4294967295 (invalid)
1041000: system.cpu.rename: [tid:0] Register 4294967295 (flat: 4294967295) (invalid) is ready.
1041000: global: [sn:1985] has 1 ready out of 3 sources. RTI 0)
1041000: system.cpu.rename: [tid:0] Looking up integer arch reg 23, got phys reg 214 (integer)
1041000: system.cpu.rename: [tid:0] Register 214 (flat: 214) (integer) is not ready.
1041000: system.cpu.rename: [tid:0] Looking up miscellaneous arch reg 155, got phys reg 155 (miscellaneous)
1041000: system.cpu.rename: [tid:0] Register 155 (flat: 0) (miscellaneous) is ready.
1041000: global: [sn:1985] has 2 ready out of 3 sources. RTI 0)
1041000: global: Renamed reg rax to physical reg 227 (227) old mapping was 173 (173)
1041000: system.cpu.rename: [tid:0] Querying SMB Predictor for load [sn:1985] with PC (0x7ffff801f303=>0x7ffff801f30a).(1=>2).
1041000: system.cpu.rename: [tid:0] SMB Predictor predicted store with sequence number 1923 as source of load [sn:1985]. 
<bad format>1041000: system.cpu.rename: [tid:0] Renaming arch reg 0 (integer) to physical reg 200 (200).
1041000: system.cpu.rename: [tid:0] [sn:1985] Adding instruction to history buffer (size=51).
1041000: system.cpu.rename: [tid:0] Sending instructions to IEW.
1041000: system.cpu.rename: [tid:0] Processing instruction [sn:1986] with PC (0x7ffff801f30a=>0x7ffff801f30d).(0=>1).
1041000: system.cpu.rename: [tid:0] Looking up integer arch reg 0, got phys reg 200 (integer)
1041000: system.cpu.rename: [tid:0] Register 200 (flat: 200) (integer) is ready.
1041000: global: [sn:1986] has 1 ready out of 7 sources. RTI 0)
1041000: system.cpu.rename: [tid:0] Looking up integer arch reg 0, got phys reg 200 (integer)
1041000: system.cpu.rename: [tid:0] Register 200 (flat: 200) (integer) is ready.
1041000: global: [sn:1986] has 2 ready out of 7 sources. RTI 0)
1041000: system.cpu.rename: [tid:0] Looking up invalid arch reg 0, got phys reg 4294967295 (invalid)
1041000: system.cpu.rename: [tid:0] Register 4294967295 (flat: 4294967295) (invalid) is ready.
1041000: global: [sn:1986] has 3 ready out of 7 sources. RTI 0)
1041000: system.cpu.rename: [tid:0] Looking up invalid arch reg 0, got phys reg 4294967295 (invalid)
1041000: system.cpu.rename: [tid:0] Register 4294967295 (flat: 4294967295) (invalid) is ready.
1041000: global: [sn:1986] has 4 ready out of 7 sources. RTI 0)
1041000: system.cpu.rename: [tid:0] Looking up invalid arch reg 0, got phys reg 4294967295 (invalid)
1041000: system.cpu.rename: [tid:0] Register 4294967295 (flat: 4294967295) (invalid) is ready.
1041000: global: [sn:1986] has 5 ready out of 7 sources. RTI 0)
1041000: system.cpu.rename: [tid:0] Looking up invalid arch reg 0, got phys reg 4294967295 (invalid)
1041000: system.cpu.rename: [tid:0] Register 4294967295 (flat: 4294967295) (invalid) is ready.
1041000: global: [sn:1986] has 6 ready out of 7 sources. RTI 0)
1041000: system.cpu.rename: [tid:0] Looking up invalid arch reg 0, got phys reg 4294967295 (invalid)
1041000: system.cpu.rename: [tid:0] Register 4294967295 (flat: 4294967295) (invalid) is ready.
1041000: global: [sn:1986] has 7 ready out of 7 sources. RTI 0)
1041000: system.cpu.rename: [tid:0] Renaming arch reg 0 (invalid) to physical reg 4294967295 (4294967295).
1041000: system.cpu.rename: [tid:0] [sn:1986] Adding instruction to history buffer (size=52).
1041000: global: Renamed reg condition_code[0] to physical reg 5465 (5465) old mapping was 5463 (5463)
1041000: system.cpu.rename: [tid:0] Renaming arch reg 0 (condition_code) to physical reg 739 (5465).
1041000: system.cpu.rename: [tid:0] [sn:1986] Adding instruction to history buffer (size=53).
1041000: global: Renamed reg condition_code[1] to physical reg 5466 (5466) old mapping was 5464 (5464)
1041000: system.cpu.rename: [tid:0] Renaming arch reg 1 (condition_code) to physical reg 740 (5466).
1041000: system.cpu.rename: [tid:0] [sn:1986] Adding instruction to history buffer (size=54).
1041000: system.cpu.rename: [tid:0] Renaming arch reg 0 (invalid) to physical reg 4294967295 (4294967295).
1041000: system.cpu.rename: [tid:0] [sn:1986] Adding instruction to history buffer (size=55).
1041000: system.cpu.rename: [tid:0] Renaming arch reg 0 (invalid) to physical reg 4294967295 (4294967295).
1041000: system.cpu.rename: [tid:0] [sn:1986] Adding instruction to history buffer (size=56).
1041000: system.cpu.rename: [tid:0] Renaming arch reg 0 (invalid) to physical reg 4294967295 (4294967295).
1041000: system.cpu.rename: [tid:0] [sn:1986] Adding instruction to history buffer (size=57).
1041000: system.cpu.rename: [tid:0] Sending instructions to IEW.
1041000: system.cpu.rename: [tid:0] Processing instruction [sn:1987] with PC (0x7ffff801f30d=>0x7ffff801f30f).(0=>1).
1041000: system.cpu.rename: [tid:0] Looking up miscellaneous arch reg 153, got phys reg 153 (miscellaneous)
1041000: system.cpu.rename: [tid:0] Register 153 (flat: 0) (miscellaneous) is ready.
1041000: global: [sn:1987] has 1 ready out of 1 sources. RTI 0)
1041000: global: Renamed reg t1 to physical reg 226 (226) old mapping was 220 (220)
1041000: system.cpu.rename: [tid:0] Renaming arch reg 17 (integer) to physical reg 226 (226).
1041000: system.cpu.rename: [tid:0] [sn:1987] Adding instruction to history buffer (size=58).
1041000: system.cpu.rename: [tid:0] Sending instructions to IEW.
1041000: system.cpu.rename: [tid:0] Processing instruction [sn:1988] with PC (0x7ffff801f30d=>0x7ffff801f30f).(1=>2).
1041000: global: Renamed reg t2 to physical reg 225 (225) old mapping was 174 (174)
1041000: system.cpu.rename: [tid:0] Renaming arch reg 18 (integer) to physical reg 225 (225).
1041000: system.cpu.rename: [tid:0] [sn:1988] Adding instruction to history buffer (size=59).
1041000: system.cpu.rename: [tid:0] Sending instructions to IEW.
1041000: system.cpu.rename: [tid:0] Processing instruction [sn:1989] with PC (0x7ffff801f30d=>0x7ffff801f30f).(2=>3).
1041000: system.cpu.rename: [tid:0] Looking up integer arch reg 17, got phys reg 226 (integer)
1041000: system.cpu.rename: [tid:0] Register 226 (flat: 226) (integer) is not ready.
1041000: system.cpu.rename: [tid:0] Looking up integer arch reg 18, got phys reg 225 (integer)
1041000: system.cpu.rename: [tid:0] Register 225 (flat: 225) (integer) is not ready.
1041000: system.cpu.rename: [tid:0] Looking up condition_code arch reg 0, got phys reg 739 (condition_code)
1041000: system.cpu.rename: [tid:0] Register 739 (flat: 5465) (condition_code) is not ready.
1041000: system.cpu.rename: [tid:0] Looking up condition_code arch reg 1, got phys reg 740 (condition_code)
1041000: system.cpu.rename: [tid:0] Register 740 (flat: 5466) (condition_code) is not ready.
1041000: system.cpu.rename: [tid:0] Looking up condition_code arch reg 2, got phys reg 2 (condition_code)
1041000: system.cpu.rename: [tid:0] Register 2 (flat: 4728) (condition_code) is ready.
1041000: global: [sn:1989] has 1 ready out of 8 sources. RTI 0)
1041000: system.cpu.rename: [tid:0] Looking up condition_code arch reg 3, got phys reg 3 (condition_code)
1041000: system.cpu.rename: [tid:0] Register 3 (flat: 4729) (condition_code) is ready.
1041000: global: [sn:1989] has 2 ready out of 8 sources. RTI 0)
1041000: system.cpu.rename: [tid:0] Looking up condition_code arch reg 4, got phys reg 4 (condition_code)
1041000: system.cpu.rename: [tid:0] Register 4 (flat: 4730) (condition_code) is ready.
1041000: global: [sn:1989] has 3 ready out of 8 sources. RTI 0)
1041000: system.cpu.rename: [tid:0] Looking up miscellaneous arch reg 153, got phys reg 153 (miscellaneous)
1041000: system.cpu.rename: [tid:0] Register 153 (flat: 0) (miscellaneous) is ready.
1041000: global: [sn:1989] has 4 ready out of 8 sources. RTI 0)
1041000: system.cpu.rename: [tid:0] Sending instructions to IEW.
1041000: system.cpu.rename: calcFreeLQEntries: free lqEntries: 130, loadsInProgress: 5, loads dispatchedToLQ: 0
1041000: system.cpu.rename: [tid:0] Processing instruction [sn:1990] with PC (0x7ffff801f30f=>0x7ffff801f313).(0=>1).
1041000: system.cpu.rename: [tid:0] Looking up invalid arch reg 0, got phys reg 4294967295 (invalid)
1041000: system.cpu.rename: [tid:0] Register 4294967295 (flat: 4294967295) (invalid) is ready.
1041000: global: [sn:1990] has 1 ready out of 3 sources. RTI 0)
1041000: system.cpu.rename: [tid:0] Looking up integer arch reg 0, got phys reg 200 (integer)
1041000: system.cpu.rename: [tid:0] Register 200 (flat: 200) (integer) is ready.
1041000: global: [sn:1990] has 2 ready out of 3 sources. RTI 0)
1041000: system.cpu.rename: [tid:0] Looking up miscellaneous arch reg 155, got phys reg 155 (miscellaneous)
1041000: system.cpu.rename: [tid:0] Register 155 (flat: 0) (miscellaneous) is ready.
1041000: global: [sn:1990] has 3 ready out of 3 sources. RTI 0)
1041000: global: Renamed reg t1 to physical reg 222 (222) old mapping was 226 (226)
1041000: system.cpu.rename: [tid:0] Querying SMB Predictor for load [sn:1990] with PC (0x7ffff801f30f=>0x7ffff801f313).(0=>1).
1041000: system.cpu.rename: [tid:0] Renaming arch reg 17 (integer) to physical reg 222 (222).
1041000: system.cpu.rename: [tid:0] [sn:1990] Adding instruction to history buffer (size=60).
1041000: system.cpu.rename: [tid:0] Sending instructions to IEW.
1041000: system.cpu.rename: [tid:0] Processing instruction [sn:1991] with PC (0x7ffff801f30f=>0x7ffff801f313).(1=>2).
1041000: system.cpu.rename: [tid:0] Looking up integer arch reg 17, got phys reg 222 (integer)
1041000: system.cpu.rename: [tid:0] Register 222 (flat: 222) (integer) is not ready.
1041000: system.cpu.rename: [tid:0] Looking up integer arch reg 1, got phys reg 45 (integer)
1041000: system.cpu.rename: [tid:0] Register 45 (flat: 45) (integer) is ready.
1041000: global: [sn:1991] has 1 ready out of 7 sources. RTI 0)
1041000: system.cpu.rename: [tid:0] Looking up invalid arch reg 0, got phys reg 4294967295 (invalid)
1041000: system.cpu.rename: [tid:0] Register 4294967295 (flat: 4294967295) (invalid) is ready.
1041000: global: [sn:1991] has 2 ready out of 7 sources. RTI 0)
1041000: system.cpu.rename: [tid:0] Looking up invalid arch reg 0, got phys reg 4294967295 (invalid)
1041000: system.cpu.rename: [tid:0] Register 4294967295 (flat: 4294967295) (invalid) is ready.
1041000: global: [sn:1991] has 3 ready out of 7 sources. RTI 0)
1041000: system.cpu.rename: [tid:0] Looking up invalid arch reg 0, got phys reg 4294967295 (invalid)
1041000: system.cpu.rename: [tid:0] Register 4294967295 (flat: 4294967295) (invalid) is ready.
1041000: global: [sn:1991] has 4 ready out of 7 sources. RTI 0)
1041000: system.cpu.rename: [tid:0] Looking up invalid arch reg 0, got phys reg 4294967295 (invalid)
1041000: system.cpu.rename: [tid:0] Register 4294967295 (flat: 4294967295) (invalid) is ready.
1041000: global: [sn:1991] has 5 ready out of 7 sources. RTI 0)
1041000: system.cpu.rename: [tid:0] Looking up invalid arch reg 0, got phys reg 4294967295 (invalid)
1041000: system.cpu.rename: [tid:0] Register 4294967295 (flat: 4294967295) (invalid) is ready.
1041000: global: [sn:1991] has 6 ready out of 7 sources. RTI 0)
1041000: global: Renamed reg t1 to physical reg 215 (215) old mapping was 222 (222)
1041000: system.cpu.rename: [tid:0] Renaming arch reg 17 (integer) to physical reg 215 (215).
1041000: system.cpu.rename: [tid:0] [sn:1991] Adding instruction to history buffer (size=61).
1041000: global: Renamed reg condition_code[0] to physical reg 5467 (5467) old mapping was 5465 (5465)
1041000: system.cpu.rename: [tid:0] Renaming arch reg 0 (condition_code) to physical reg 741 (5467).
1041000: system.cpu.rename: [tid:0] [sn:1991] Adding instruction to history buffer (size=62).
1041000: global: Renamed reg condition_code[1] to physical reg 5468 (5468) old mapping was 5466 (5466)
1041000: system.cpu.rename: [tid:0] Renaming arch reg 1 (condition_code) to physical reg 742 (5468).
1041000: system.cpu.rename: [tid:0] [sn:1991] Adding instruction to history buffer (size=63).
1041000: system.cpu.rename: [tid:0] Renaming arch reg 0 (invalid) to physical reg 4294967295 (4294967295).
1041000: system.cpu.rename: [tid:0] [sn:1991] Adding instruction to history buffer (size=64).
1041000: system.cpu.rename: [tid:0] Renaming arch reg 0 (invalid) to physical reg 4294967295 (4294967295).
1041000: system.cpu.rename: [tid:0] [sn:1991] Adding instruction to history buffer (size=65).
1041000: system.cpu.rename: [tid:0] Renaming arch reg 0 (invalid) to physical reg 4294967295 (4294967295).
1041000: system.cpu.rename: [tid:0] [sn:1991] Adding instruction to history buffer (size=66).
1041000: system.cpu.rename: [tid:0] Sending instructions to IEW.
1041000: system.cpu.rename: calcFreeSQEntries: free sqEntries: 66, storesInProgress: 2, stores dispatchedToSQ: 0
1041000: system.cpu.rename: [tid:0] Processing instruction [sn:1992] with PC (0x7ffff801f30f=>0x7ffff801f313).(2=>3).
1041000: system.cpu.rename: [tid:0] Looking up invalid arch reg 0, got phys reg 4294967295 (invalid)
1041000: system.cpu.rename: [tid:0] Register 4294967295 (flat: 4294967295) (invalid) is ready.
1041000: global: [sn:1992] has 1 ready out of 4 sources. RTI 0)
1041000: system.cpu.rename: [tid:0] Looking up integer arch reg 0, got phys reg 200 (integer)
1041000: system.cpu.rename: [tid:0] Register 200 (flat: 200) (integer) is ready.
1041000: global: [sn:1992] has 2 ready out of 4 sources. RTI 0)
1041000: system.cpu.rename: [tid:0] Looking up integer arch reg 17, got phys reg 215 (integer)
1041000: system.cpu.rename: [tid:0] Register 215 (flat: 215) (integer) is not ready.
1041000: system.cpu.rename: [tid:0] Looking up miscellaneous arch reg 155, got phys reg 155 (miscellaneous)
1041000: system.cpu.rename: [tid:0] Register 155 (flat: 0) (miscellaneous) is ready.
1041000: global: [sn:1992] has 3 ready out of 4 sources. RTI 0)
1041000: system.cpu.rename: [tid:0] Sending instructions to IEW.
1041000: system.cpu.rename: [tid:0] Processing instruction [sn:1993] with PC (0x7ffff801f313=>0x7ffff801f31a).(0=>1).
1041000: system.cpu.rename: [tid:0] Looking up miscellaneous arch reg 153, got phys reg 153 (miscellaneous)
1041000: system.cpu.rename: [tid:0] Register 153 (flat: 0) (miscellaneous) is ready.
1041000: global: [sn:1993] has 1 ready out of 1 sources. RTI 0)
1041000: global: Renamed reg t7 to physical reg 221 (221) old mapping was 214 (214)
1041000: system.cpu.rename: [tid:0] Renaming arch reg 23 (integer) to physical reg 221 (221).
1041000: system.cpu.rename: [tid:0] [sn:1993] Adding instruction to history buffer (size=67).
1041000: system.cpu.rename: [tid:0] Sending instructions to IEW.
1041000: system.cpu.rename: calcFreeLQEntries: free lqEntries: 130, loadsInProgress: 6, loads dispatchedToLQ: 0
1041000: system.cpu.rename: [tid:0] Processing instruction [sn:1994] with PC (0x7ffff801f313=>0x7ffff801f31a).(1=>2).
1041000: system.cpu.rename: [tid:0] Looking up invalid arch reg 0, got phys reg 4294967295 (invalid)
1041000: system.cpu.rename: [tid:0] Register 4294967295 (flat: 4294967295) (invalid) is ready.
1041000: global: [sn:1994] has 1 ready out of 3 sources. RTI 0)
1041000: system.cpu.rename: [tid:0] Looking up integer arch reg 23, got phys reg 221 (integer)
1041000: system.cpu.rename: [tid:0] Register 221 (flat: 221) (integer) is not ready.
1041000: system.cpu.rename: [tid:0] Looking up miscellaneous arch reg 155, got phys reg 155 (miscellaneous)
1041000: system.cpu.rename: [tid:0] Register 155 (flat: 0) (miscellaneous) is ready.
1041000: global: [sn:1994] has 2 ready out of 3 sources. RTI 0)
1041000: global: Renamed reg rax to physical reg 228 (228) old mapping was 200 (200)
1041000: system.cpu.rename: [tid:0] Querying SMB Predictor for load [sn:1994] with PC (0x7ffff801f313=>0x7ffff801f31a).(1=>2).
1041000: system.cpu.rename: [tid:0] SMB Predictor predicted store with sequence number 1923 as source of load [sn:1994]. 
<bad format>1041000: system.cpu.rename: [tid:0] Renaming arch reg 0 (integer) to physical reg 200 (200).
1041000: system.cpu.rename: [tid:0] [sn:1994] Adding instruction to history buffer (size=68).
1041000: system.cpu.rename: Activity this cycle.
1041000: system.cpu.iew: Issue: Processing [tid:0]
1041000: system.cpu.iew: [tid:0] Not blocked, so attempting to run dispatch.
1041000: system.cpu.iew: [tid:0] Issue: Adding PC (0x7ffff801f2dd=>0x7ffff801f2e3).(2=>3) [sn:1965] [tid:0] to IQ.
1041000: system.cpu.iq: Adding instruction [sn:1965] PC (0x7ffff801f2dd=>0x7ffff801f2e3).(2=>3) to the IQ.
1041000: system.cpu.iq: Instruction PC (0x7ffff801f2dd=>0x7ffff801f2e3).(2=>3) has src reg 172 (integer) that became ready before it reached the IQ.
1041000: global: [sn:1965] has 5 ready out of 8 sources. RTI 0)
1041000: system.cpu.iq: Instruction PC (0x7ffff801f2dd=>0x7ffff801f2e3).(2=>3) has src reg 169 (integer) that became ready before it reached the IQ.
1041000: global: [sn:1965] has 6 ready out of 8 sources. RTI 0)
1041000: system.cpu.iq: Instruction PC (0x7ffff801f2dd=>0x7ffff801f2e3).(2=>3) has src reg 729 (condition_code) that is being added to the dependency chain.
1041000: system.cpu.iq: Instruction PC (0x7ffff801f2dd=>0x7ffff801f2e3).(2=>3) has src reg 730 (condition_code) that is being added to the dependency chain.
1041000: system.cpu.iew: [tid:0] Issue: Adding PC (0x7ffff801f2e3=>0x7ffff801f2ea).(0=>1) [sn:1966] [tid:0] to IQ.
1041000: system.cpu.iq: Adding instruction [sn:1966] PC (0x7ffff801f2e3=>0x7ffff801f2ea).(0=>1) to the IQ.
1041000: system.cpu.iq: Instruction is ready to issue, putting it onto the ready list, PC (0x7ffff801f2e3=>0x7ffff801f2ea).(0=>1) opclass:1 [sn:1966].
1041000: system.cpu.iew: [tid:0] Issue: Adding PC (0x7ffff801f2e3=>0x7ffff801f2ea).(1=>2) [sn:1967] [tid:0] to IQ.
1041000: system.cpu.iew: [tid:0] Issue: Memory instruction encountered, adding to LSQ.
1041000: system.cpu.iew.lsq.thread0: Inserting load PC (0x7ffff801f2e3=>0x7ffff801f2ea).(1=>2), idx:22 [sn:1967]
