      0: system.cpu.smb: SMB_PREDICTIONS_FILE environment variable not set. No predictions loaded.
      0: Creating MemDepUnit 0 object.
      0: Creating MemDepUnit 1 object.
      0: Creating MemDepUnit 2 object.
      0: Creating MemDepUnit 3 object.
      0: system.cpu.iq: IQ sharing policy set to Partitioned:204 entries per thread.
      0: system.cpu.iew.lsq: LSQ sharing policy set to Partitioned: 192 entries per LQ | 114 entries per SQ
      0: system.cpu.iew.lsq.thread0: Creating LSQUnit0 object.
      0: system.cpu.freelist: Creating new free list object.
      0: system.cpu.rob: ROB sharing policy set to Partitioned
      0: system.cpu: Creating O3CPU object.
      0: system.cpu: Workload[0] process is 0      0: global: Calling activate on Thread Context 0
      0: system.cpu: [tid:0] Calling activate thread.
      0: system.cpu: [tid:0] Adding to active threads list
      0: system.cpu: Activity: 1
      0: system.cpu.fetch: Waking up from quiesce
      0: global: RegFile: Setting int register 4 to 0x7fffffffee30
      0: system.cpu.commit: Generating TC squash event for [tid:0]
      0: system.cpu.fetch: Activating stage.
      0: system.cpu: Activity: 2
      0: system.cpu.iew.lsq.thread0: LQ size: 192, #loads occupied: 0
      0: system.cpu.iew.lsq.thread0: SQ size: 114, #stores occupied: 0
      0: system.cpu: Activity: 3
      0: system.cpu.iew.lsq.thread0: LQ size: 192, #loads occupied: 0
      0: system.cpu.iew.lsq.thread0: SQ size: 114, #stores occupied: 0
      0: system.cpu.rob: Setting active threads list pointer.
      0: system.cpu: Activity: 4
      0: system.cpu: 

O3CPU: Ticking main, O3CPU.
      0: system.cpu.fetch: Running stage.
      0: system.cpu.fetch: Attempting to fetch from [tid:0]
      0: system.cpu.fetch: [tid:0] Attempting to translate and read instruction, starting at PC (0x401000=>0x401008).(0=>1).
      0: system.cpu.fetch: [tid:0] Fetching cache line 0x401000 for addr 0x401000
      0: system.cpu: CPU already running.
      0: system.cpu.fetch: Fetch: Doing instruction read.
      0: system.cpu.fetch: [tid:0] Doing Icache access.
      0: system.cpu.fetch: [tid:0] Activity: Waiting on I-cache response.
      0: system.cpu.fetch: Deactivating stage.
      0: system.cpu: Activity: 3
      0: system.cpu.decode: Processing [tid:0]
      0: system.cpu.decode: [tid:0] Bypass moves from Rename: 0
      0: system.cpu.decode: [tid:0] Not blocked, so attempting to run stage.
      0: system.cpu.decode: [tid:0] Nothing to do, breaking out early.
      0: system.cpu.rename: Processing [tid:0]
      0: system.cpu.rename: [tid:0] Free IQ: 204, Free ROB: 512, Free LQ: 192, Free SQ: 114, FreeRM 63(473 464 511 1022 63 8 2555)
      0: system.cpu.rename: [tid:0] 0 instructions not yet in ROB
      0: system.cpu.rename: calcFreeLQEntries: free lqEntries: 192, loadsInProgress: 0, loads dispatchedToLQ: 0
      0: system.cpu.rename: [tid:0] Not blocked, so attempting to run stage.
      0: system.cpu.rename: [tid:0] Nothing to do, breaking out early.
      0: system.cpu.iew: Issue: Processing [tid:0]
      0: system.cpu.iew: [tid:0] Not blocked, so attempting to run dispatch.
      0: system.cpu.iq: Attempting to schedule ready instructions from the IQ.
      0: system.cpu.iq: Not able to schedule any instructions.
      0: system.cpu.iew: Processing [tid:0]
      0: system.cpu.iew.lsq.thread0: LQ size: 192, #loads occupied: 0
      0: system.cpu.iew.lsq.thread0: SQ size: 114, #stores occupied: 0
      0: system.cpu.iew: [tid:0], Dispatch dispatched 0 instructions.
      0: system.cpu.iew.lsq.thread0: SQ size: 114, #stores occupied: 0
      0: system.cpu.iew.lsq.thread0: LQ size: 192, #loads occupied: 0
      0: system.cpu.iew: IQ has 204 free entries (Can schedule: 0).  LQ has 192 free entries. SQ has 114 free entries.
      0: system.cpu.iew: IEW switching to idle
      0: system.cpu.iew: Deactivating stage.
      0: system.cpu: Activity: 2
      0: system.cpu.iew: Activity this cycle.
      0: system.cpu.rob: Does not need to squash due to being empty [sn:0]
      0: system.cpu.commit: Squashing from TC, restarting at PC (0x401000=>0x401008).(0=>1)
      0: system.cpu.commit: [tid:0] ROB has 0 insts & 512 free entries.
      0: system.cpu.commit: Activity This Cycle.
      0: system.cpu: Scheduling next tick!
   1000: system.cpu: 

O3CPU: Ticking main, O3CPU.
   1000: system.cpu.fetch: [tid:0] Squashing instructions due to squash from commit.
   1000: system.cpu.fetch: [tid:0] Squash from commit.
   1000: system.cpu.fetch: [tid:0] Squashing, setting PC to: (0x401000=>0x401008).(0=>1).
   1000: system.cpu.fetch: [tid:0] Squashing outstanding Icache miss.
   1000: system.cpu: Thread 0: Deleting instructions from instruction list.
   1000: system.cpu.fetch: Running stage.
   1000: system.cpu.fetch: There are no more threads available to fetch from.
   1000: system.cpu.fetch: [tid:0] Fetch is squashing!
   1000: system.cpu.fetch: [tid:0] Activating stage.
   1000: system.cpu: Activity: 3
   1000: system.cpu.decode: Processing [tid:0]
   1000: system.cpu.decode: [tid:0] Bypass moves from Rename: 0
   1000: system.cpu.decode: [tid:0] Squashing instructions due to squash from commit.
   1000: system.cpu.decode: [tid:0] Squashing.
   1000: system.cpu.rename: Processing [tid:0]
   1000: system.cpu.rename: [tid:0] Free IQ: 204, Free ROB: 512, Free LQ: 192, Free SQ: 114, FreeRM 63(473 464 511 1022 63 8 2555)
   1000: system.cpu.rename: [tid:0] 0 instructions not yet in ROB
   1000: system.cpu.rename: [tid:0] Squashing instructions due to squash from commit.
   1000: system.cpu.rename: [tid:0] [squash sn:0] Squashing instructions.
   1000: system.cpu.iew: Issue: Processing [tid:0]
   1000: system.cpu.iew: [tid:0] Squashing all instructions.
   1000: system.cpu.iq: [tid:0] Starting to squash instructions in the IQ.
   1000: system.cpu.iq: [tid:0] Squashing until sequence number 0!
   1000: system.cpu.iew.lsq.thread0: Squashing until [sn:0]!(Loads:0 Stores:0)
   1000: system.cpu.iew: Removing skidbuffer instructions until [sn:0] [tid:0]
   1000: system.cpu.iew: [tid:0] Removing incoming rename instructions
   1000: system.cpu.iq: Attempting to schedule ready instructions from the IQ.
   1000: system.cpu.iq: Not able to schedule any instructions.
   1000: system.cpu.iew: Processing [tid:0]
   1000: system.cpu.iew.lsq.thread0: LQ size: 192, #loads occupied: 0
   1000: system.cpu.iew.lsq.thread0: SQ size: 114, #stores occupied: 0
   1000: system.cpu.iew: [tid:0], Dispatch dispatched 0 instructions.
   1000: system.cpu.iew.lsq.thread0: SQ size: 114, #stores occupied: 0
   1000: system.cpu.iew.lsq.thread0: LQ size: 192, #loads occupied: 0
   1000: system.cpu.iew: IQ has 204 free entries (Can schedule: 0).  LQ has 192 free entries. SQ has 114 free entries.
   1000: system.cpu.iew: Activity this cycle.
   1000: system.cpu: Activity: 4
   1000: system.cpu.commit: Getting instructions from Rename stage.
   1000: system.cpu.commit: Trying to commit instructions in the ROB.
   1000: system.cpu.commit: [tid:0] ROB has 0 insts & 512 free entries.
   1000: system.cpu.commit: Deactivating stage.
   1000: system.cpu: Activity: 3
   1000: system.cpu: Scheduling next tick!
   2000: system.cpu: 

O3CPU: Ticking main, O3CPU.
   2000: system.cpu.fetch: [tid:0] Done squashing, switching to running.
   2000: system.cpu.fetch: Running stage.
   2000: system.cpu.fetch: Attempting to fetch from [tid:0]
   2000: system.cpu.fetch: [tid:0] Attempting to translate and read instruction, starting at PC (0x401000=>0x401008).(0=>1).
   2000: system.cpu.fetch: [tid:0] Fetching cache line 0x401000 for addr 0x401000
   2000: system.cpu: CPU already running.
   2000: system.cpu.fetch: Fetch: Doing instruction read.
   2000: system.cpu.fetch: [tid:0] Doing Icache access.
   2000: system.cpu.fetch: [tid:0] Activity: Waiting on I-cache response.
   2000: system.cpu.fetch: Deactivating stage.
   2000: system.cpu: Activity: 2
   2000: system.cpu.decode: Processing [tid:0]
   2000: system.cpu.decode: [tid:0] Bypass moves from Rename: 0
   2000: system.cpu.decode: [tid:0] Done squashing, switching to running.
   2000: system.cpu.decode: [tid:0] Not blocked, so attempting to run stage.
   2000: system.cpu.decode: [tid:0] Nothing to do, breaking out early.
   2000: system.cpu.rename: Processing [tid:0]
   2000: system.cpu.rename: [tid:0] Free IQ: 204, Free ROB: 512, Free LQ: 192, Free SQ: 114, FreeRM 63(473 464 511 1022 63 8 2555)
   2000: system.cpu.rename: [tid:0] 0 instructions not yet in ROB
   2000: system.cpu.rename: calcFreeLQEntries: free lqEntries: 192, loadsInProgress: 0, loads dispatchedToLQ: 0
   2000: system.cpu.rename: [tid:0] Done squashing, switching to running.
   2000: system.cpu.rename: [tid:0] Not blocked, so attempting to run stage.
   2000: system.cpu.rename: [tid:0] Nothing to do, breaking out early.
   2000: system.cpu.iew: Issue: Processing [tid:0]
   2000: system.cpu.iew: [tid:0] Done squashing, switching to running.
   2000: system.cpu.iew: [tid:0] Not blocked, so attempting to run dispatch.
   2000: system.cpu.iq: Attempting to schedule ready instructions from the IQ.
   2000: system.cpu.iq: Not able to schedule any instructions.
   2000: system.cpu.iew: Processing [tid:0]
   2000: system.cpu.iew: [tid:0], Dispatch dispatched 0 instructions.
   2000: system.cpu.iew.lsq.thread0: SQ size: 114, #stores occupied: 0
   2000: system.cpu.iew.lsq.thread0: LQ size: 192, #loads occupied: 0
   2000: system.cpu.iew: IQ has 204 free entries (Can schedule: 0).  LQ has 192 free entries. SQ has 114 free entries.
   2000: system.cpu.commit: Getting instructions from Rename stage.
   2000: system.cpu.commit: Trying to commit instructions in the ROB.
   2000: system.cpu.commit: [tid:0] ROB has 0 insts & 512 free entries.
   2000: system.cpu: Scheduling next tick!
   3000: system.cpu: 

O3CPU: Ticking main, O3CPU.
   3000: system.cpu.fetch: Running stage.
   3000: system.cpu.fetch: There are no more threads available to fetch from.
   3000: system.cpu.fetch: [tid:0] Fetch is waiting cache response!
   3000: system.cpu.decode: Processing [tid:0]
   3000: system.cpu.decode: [tid:0] Bypass moves from Rename: 0
   3000: system.cpu.decode: [tid:0] Not blocked, so attempting to run stage.
   3000: system.cpu.decode: [tid:0] Nothing to do, breaking out early.
   3000: system.cpu.rename: Processing [tid:0]
   3000: system.cpu.rename: [tid:0] Free IQ: 204, Free ROB: 512, Free LQ: 192, Free SQ: 114, FreeRM 63(473 464 511 1022 63 8 2555)
   3000: system.cpu.rename: [tid:0] 0 instructions not yet in ROB
   3000: system.cpu.rename: calcFreeLQEntries: free lqEntries: 192, loadsInProgress: 0, loads dispatchedToLQ: 0
   3000: system.cpu.rename: [tid:0] Not blocked, so attempting to run stage.
   3000: system.cpu.rename: [tid:0] Nothing to do, breaking out early.
   3000: system.cpu.iew: Issue: Processing [tid:0]
   3000: system.cpu.iew: [tid:0] Not blocked, so attempting to run dispatch.
   3000: system.cpu.iq: Attempting to schedule ready instructions from the IQ.
   3000: system.cpu.iq: Not able to schedule any instructions.
   3000: system.cpu.iew: Processing [tid:0]
   3000: system.cpu.iew: [tid:0], Dispatch dispatched 0 instructions.
   3000: system.cpu.iew.lsq.thread0: SQ size: 114, #stores occupied: 0
   3000: system.cpu.iew.lsq.thread0: LQ size: 192, #loads occupied: 0
   3000: system.cpu.iew: IQ has 204 free entries (Can schedule: 0).  LQ has 192 free entries. SQ has 114 free entries.
   3000: system.cpu.commit: Getting instructions from Rename stage.
   3000: system.cpu.commit: Trying to commit instructions in the ROB.
   3000: system.cpu.commit: [tid:0] ROB has 0 insts & 512 free entries.
   3000: system.cpu: Scheduling next tick!
   4000: system.cpu: 

O3CPU: Ticking main, O3CPU.
   4000: system.cpu.fetch: Running stage.
   4000: system.cpu.fetch: There are no more threads available to fetch from.
   4000: system.cpu.fetch: [tid:0] Fetch is waiting cache response!
   4000: system.cpu.decode: Processing [tid:0]
   4000: system.cpu.decode: [tid:0] Bypass moves from Rename: 0
   4000: system.cpu.decode: [tid:0] Not blocked, so attempting to run stage.
   4000: system.cpu.decode: [tid:0] Nothing to do, breaking out early.
   4000: system.cpu.rename: Processing [tid:0]
   4000: system.cpu.rename: [tid:0] Free IQ: 204, Free ROB: 512, Free LQ: 192, Free SQ: 114, FreeRM 63(473 464 511 1022 63 8 2555)
   4000: system.cpu.rename: [tid:0] 0 instructions not yet in ROB
   4000: system.cpu.rename: calcFreeLQEntries: free lqEntries: 192, loadsInProgress: 0, loads dispatchedToLQ: 0
   4000: system.cpu.rename: [tid:0] Not blocked, so attempting to run stage.
   4000: system.cpu.rename: [tid:0] Nothing to do, breaking out early.
   4000: system.cpu.iew: Issue: Processing [tid:0]
   4000: system.cpu.iew: [tid:0] Not blocked, so attempting to run dispatch.
   4000: system.cpu.iq: Attempting to schedule ready instructions from the IQ.
   4000: system.cpu.iq: Not able to schedule any instructions.
   4000: system.cpu.iew: Processing [tid:0]
   4000: system.cpu.iew: [tid:0], Dispatch dispatched 0 instructions.
   4000: system.cpu.iew.lsq.thread0: SQ size: 114, #stores occupied: 0
   4000: system.cpu.iew.lsq.thread0: LQ size: 192, #loads occupied: 0
   4000: system.cpu.iew: IQ has 204 free entries (Can schedule: 0).  LQ has 192 free entries. SQ has 114 free entries.
   4000: system.cpu.commit: Getting instructions from Rename stage.
   4000: system.cpu.commit: Trying to commit instructions in the ROB.
   4000: system.cpu.commit: [tid:0] ROB has 0 insts & 512 free entries.
   4000: system.cpu: Scheduling next tick!
   5000: system.cpu: 

O3CPU: Ticking main, O3CPU.
   5000: system.cpu.fetch: Running stage.
   5000: system.cpu.fetch: There are no more threads available to fetch from.
   5000: system.cpu.fetch: [tid:0] Fetch is waiting cache response!
   5000: system.cpu.decode: Processing [tid:0]
   5000: system.cpu.decode: [tid:0] Bypass moves from Rename: 0
   5000: system.cpu.decode: [tid:0] Not blocked, so attempting to run stage.
   5000: system.cpu.decode: [tid:0] Nothing to do, breaking out early.
   5000: system.cpu.rename: Processing [tid:0]
   5000: system.cpu.rename: [tid:0] Free IQ: 204, Free ROB: 512, Free LQ: 192, Free SQ: 114, FreeRM 63(473 464 511 1022 63 8 2555)
   5000: system.cpu.rename: [tid:0] 0 instructions not yet in ROB
   5000: system.cpu.rename: calcFreeLQEntries: free lqEntries: 192, loadsInProgress: 0, loads dispatchedToLQ: 0
   5000: system.cpu.rename: [tid:0] Not blocked, so attempting to run stage.
   5000: system.cpu.rename: [tid:0] Nothing to do, breaking out early.
   5000: system.cpu.iew: Issue: Processing [tid:0]
   5000: system.cpu.iew: [tid:0] Not blocked, so attempting to run dispatch.
   5000: system.cpu.iq: Attempting to schedule ready instructions from the IQ.
   5000: system.cpu.iq: Not able to schedule any instructions.
   5000: system.cpu.iew: Processing [tid:0]
   5000: system.cpu.iew: [tid:0], Dispatch dispatched 0 instructions.
   5000: system.cpu.iew.lsq.thread0: SQ size: 114, #stores occupied: 0
   5000: system.cpu.iew.lsq.thread0: LQ size: 192, #loads occupied: 0
   5000: system.cpu.iew: IQ has 204 free entries (Can schedule: 0).  LQ has 192 free entries. SQ has 114 free entries.
   5000: system.cpu.commit: Getting instructions from Rename stage.
   5000: system.cpu.commit: Trying to commit instructions in the ROB.
   5000: system.cpu.commit: [tid:0] ROB has 0 insts & 512 free entries.
   5000: system.cpu: Scheduling next tick!
   6000: system.cpu: 

O3CPU: Ticking main, O3CPU.
   6000: system.cpu.fetch: Running stage.
   6000: system.cpu.fetch: There are no more threads available to fetch from.
   6000: system.cpu.fetch: [tid:0] Fetch is waiting cache response!
   6000: system.cpu.decode: Processing [tid:0]
   6000: system.cpu.decode: [tid:0] Bypass moves from Rename: 0
   6000: system.cpu.decode: [tid:0] Not blocked, so attempting to run stage.
   6000: system.cpu.decode: [tid:0] Nothing to do, breaking out early.
   6000: system.cpu.rename: Processing [tid:0]
   6000: system.cpu.rename: [tid:0] Free IQ: 204, Free ROB: 512, Free LQ: 192, Free SQ: 114, FreeRM 63(473 464 511 1022 63 8 2555)
   6000: system.cpu.rename: [tid:0] 0 instructions not yet in ROB
   6000: system.cpu.rename: calcFreeLQEntries: free lqEntries: 192, loadsInProgress: 0, loads dispatchedToLQ: 0
   6000: system.cpu.rename: [tid:0] Not blocked, so attempting to run stage.
   6000: system.cpu.rename: [tid:0] Nothing to do, breaking out early.
   6000: system.cpu.iew: Issue: Processing [tid:0]
   6000: system.cpu.iew: [tid:0] Not blocked, so attempting to run dispatch.
   6000: system.cpu.iq: Attempting to schedule ready instructions from the IQ.
   6000: system.cpu.iq: Not able to schedule any instructions.
   6000: system.cpu.iew: Processing [tid:0]
   6000: system.cpu.iew: [tid:0], Dispatch dispatched 0 instructions.
   6000: system.cpu.iew.lsq.thread0: SQ size: 114, #stores occupied: 0
   6000: system.cpu.iew.lsq.thread0: LQ size: 192, #loads occupied: 0
   6000: system.cpu.iew: IQ has 204 free entries (Can schedule: 0).  LQ has 192 free entries. SQ has 114 free entries.
   6000: system.cpu.commit: Getting instructions from Rename stage.
   6000: system.cpu.commit: Trying to commit instructions in the ROB.
   6000: system.cpu.commit: [tid:0] ROB has 0 insts & 512 free entries.
   6000: system.cpu: Scheduling next tick!
   7000: system.cpu: 

O3CPU: Ticking main, O3CPU.
   7000: system.cpu.fetch: Running stage.
   7000: system.cpu.fetch: There are no more threads available to fetch from.
   7000: system.cpu.fetch: [tid:0] Fetch is waiting cache response!
   7000: system.cpu.decode: Processing [tid:0]
   7000: system.cpu.decode: [tid:0] Bypass moves from Rename: 0
   7000: system.cpu.decode: [tid:0] Not blocked, so attempting to run stage.
   7000: system.cpu.decode: [tid:0] Nothing to do, breaking out early.
   7000: system.cpu.rename: Processing [tid:0]
   7000: system.cpu.rename: [tid:0] Free IQ: 204, Free ROB: 512, Free LQ: 192, Free SQ: 114, FreeRM 63(473 464 511 1022 63 8 2555)
   7000: system.cpu.rename: [tid:0] 0 instructions not yet in ROB
   7000: system.cpu.rename: calcFreeLQEntries: free lqEntries: 192, loadsInProgress: 0, loads dispatchedToLQ: 0
   7000: system.cpu.rename: [tid:0] Not blocked, so attempting to run stage.
   7000: system.cpu.rename: [tid:0] Nothing to do, breaking out early.
   7000: system.cpu.iew: Issue: Processing [tid:0]
   7000: system.cpu.iew: [tid:0] Not blocked, so attempting to run dispatch.
   7000: system.cpu.iq: Attempting to schedule ready instructions from the IQ.
   7000: system.cpu.iq: Not able to schedule any instructions.
   7000: system.cpu.iew: Processing [tid:0]
   7000: system.cpu.iew: [tid:0], Dispatch dispatched 0 instructions.
   7000: system.cpu.iew.lsq.thread0: SQ size: 114, #stores occupied: 0
   7000: system.cpu.iew.lsq.thread0: LQ size: 192, #loads occupied: 0
   7000: system.cpu.iew: IQ has 204 free entries (Can schedule: 0).  LQ has 192 free entries. SQ has 114 free entries.
   7000: system.cpu.commit: Getting instructions from Rename stage.
   7000: system.cpu.commit: Trying to commit instructions in the ROB.
   7000: system.cpu.commit: [tid:0] ROB has 0 insts & 512 free entries.
   7000: system.cpu: Scheduling next tick!
   8000: system.cpu: 

O3CPU: Ticking main, O3CPU.
   8000: system.cpu.fetch: Running stage.
   8000: system.cpu.fetch: There are no more threads available to fetch from.
   8000: system.cpu.fetch: [tid:0] Fetch is waiting cache response!
   8000: system.cpu.decode: Processing [tid:0]
   8000: system.cpu.decode: [tid:0] Bypass moves from Rename: 0
   8000: system.cpu.decode: [tid:0] Not blocked, so attempting to run stage.
   8000: system.cpu.decode: [tid:0] Nothing to do, breaking out early.
   8000: system.cpu.rename: Processing [tid:0]
   8000: system.cpu.rename: [tid:0] Free IQ: 204, Free ROB: 512, Free LQ: 192, Free SQ: 114, FreeRM 63(473 464 511 1022 63 8 2555)
   8000: system.cpu.rename: [tid:0] 0 instructions not yet in ROB
   8000: system.cpu.rename: calcFreeLQEntries: free lqEntries: 192, loadsInProgress: 0, loads dispatchedToLQ: 0
   8000: system.cpu.rename: [tid:0] Not blocked, so attempting to run stage.
   8000: system.cpu.rename: [tid:0] Nothing to do, breaking out early.
   8000: system.cpu.iew: Issue: Processing [tid:0]
   8000: system.cpu.iew: [tid:0] Not blocked, so attempting to run dispatch.
   8000: system.cpu.iq: Attempting to schedule ready instructions from the IQ.
   8000: system.cpu.iq: Not able to schedule any instructions.
   8000: system.cpu.iew: Processing [tid:0]
   8000: system.cpu.iew: [tid:0], Dispatch dispatched 0 instructions.
   8000: system.cpu.iew.lsq.thread0: SQ size: 114, #stores occupied: 0
   8000: system.cpu.iew.lsq.thread0: LQ size: 192, #loads occupied: 0
   8000: system.cpu.iew: IQ has 204 free entries (Can schedule: 0).  LQ has 192 free entries. SQ has 114 free entries.
   8000: system.cpu.commit: Getting instructions from Rename stage.
   8000: system.cpu.commit: Trying to commit instructions in the ROB.
   8000: system.cpu.commit: [tid:0] ROB has 0 insts & 512 free entries.
   8000: system.cpu: Scheduling next tick!
   9000: system.cpu: 

O3CPU: Ticking main, O3CPU.
   9000: system.cpu.fetch: Running stage.
   9000: system.cpu.fetch: There are no more threads available to fetch from.
   9000: system.cpu.fetch: [tid:0] Fetch is waiting cache response!
   9000: system.cpu.decode: Processing [tid:0]
   9000: system.cpu.decode: [tid:0] Bypass moves from Rename: 0
   9000: system.cpu.decode: [tid:0] Not blocked, so attempting to run stage.
   9000: system.cpu.decode: [tid:0] Nothing to do, breaking out early.
   9000: system.cpu.rename: Processing [tid:0]
   9000: system.cpu.rename: [tid:0] Free IQ: 204, Free ROB: 512, Free LQ: 192, Free SQ: 114, FreeRM 63(473 464 511 1022 63 8 2555)
   9000: system.cpu.rename: [tid:0] 0 instructions not yet in ROB
   9000: system.cpu.rename: calcFreeLQEntries: free lqEntries: 192, loadsInProgress: 0, loads dispatchedToLQ: 0
   9000: system.cpu.rename: [tid:0] Not blocked, so attempting to run stage.
   9000: system.cpu.rename: [tid:0] Nothing to do, breaking out early.
   9000: system.cpu.iew: Issue: Processing [tid:0]
   9000: system.cpu.iew: [tid:0] Not blocked, so attempting to run dispatch.
   9000: system.cpu.iq: Attempting to schedule ready instructions from the IQ.
   9000: system.cpu.iq: Not able to schedule any instructions.
   9000: system.cpu.iew: Processing [tid:0]
   9000: system.cpu.iew: [tid:0], Dispatch dispatched 0 instructions.
   9000: system.cpu.iew.lsq.thread0: SQ size: 114, #stores occupied: 0
   9000: system.cpu.iew.lsq.thread0: LQ size: 192, #loads occupied: 0
   9000: system.cpu.iew: IQ has 204 free entries (Can schedule: 0).  LQ has 192 free entries. SQ has 114 free entries.
   9000: system.cpu.commit: Getting instructions from Rename stage.
   9000: system.cpu.commit: Trying to commit instructions in the ROB.
   9000: system.cpu.commit: [tid:0] ROB has 0 insts & 512 free entries.
   9000: system.cpu: Scheduling next tick!
  10000: system.cpu: 

O3CPU: Ticking main, O3CPU.
  10000: system.cpu.fetch: Running stage.
  10000: system.cpu.fetch: There are no more threads available to fetch from.
  10000: system.cpu.fetch: [tid:0] Fetch is waiting cache response!
  10000: system.cpu.decode: Processing [tid:0]
  10000: system.cpu.decode: [tid:0] Bypass moves from Rename: 0
  10000: system.cpu.decode: [tid:0] Not blocked, so attempting to run stage.
  10000: system.cpu.decode: [tid:0] Nothing to do, breaking out early.
  10000: system.cpu.rename: Processing [tid:0]
  10000: system.cpu.rename: [tid:0] Free IQ: 204, Free ROB: 512, Free LQ: 192, Free SQ: 114, FreeRM 63(473 464 511 1022 63 8 2555)
  10000: system.cpu.rename: [tid:0] 0 instructions not yet in ROB
  10000: system.cpu.rename: calcFreeLQEntries: free lqEntries: 192, loadsInProgress: 0, loads dispatchedToLQ: 0
  10000: system.cpu.rename: [tid:0] Not blocked, so attempting to run stage.
  10000: system.cpu.rename: [tid:0] Nothing to do, breaking out early.
  10000: system.cpu.iew: Issue: Processing [tid:0]
  10000: system.cpu.iew: [tid:0] Not blocked, so attempting to run dispatch.
  10000: system.cpu.iq: Attempting to schedule ready instructions from the IQ.
  10000: system.cpu.iq: Not able to schedule any instructions.
  10000: system.cpu.iew: Processing [tid:0]
  10000: system.cpu.iew: [tid:0], Dispatch dispatched 0 instructions.
  10000: system.cpu.iew.lsq.thread0: SQ size: 114, #stores occupied: 0
  10000: system.cpu.iew.lsq.thread0: LQ size: 192, #loads occupied: 0
  10000: system.cpu.iew: IQ has 204 free entries (Can schedule: 0).  LQ has 192 free entries. SQ has 114 free entries.
  10000: system.cpu.commit: Getting instructions from Rename stage.
  10000: system.cpu.commit: Trying to commit instructions in the ROB.
  10000: system.cpu.commit: [tid:0] ROB has 0 insts & 512 free entries.
  10000: system.cpu: Scheduling next tick!
  11000: system.cpu: 

O3CPU: Ticking main, O3CPU.
  11000: system.cpu.fetch: Running stage.
  11000: system.cpu.fetch: There are no more threads available to fetch from.
  11000: system.cpu.fetch: [tid:0] Fetch is waiting cache response!
  11000: system.cpu.decode: Processing [tid:0]
  11000: system.cpu.decode: [tid:0] Bypass moves from Rename: 0
  11000: system.cpu.decode: [tid:0] Not blocked, so attempting to run stage.
  11000: system.cpu.decode: [tid:0] Nothing to do, breaking out early.
  11000: system.cpu.rename: Processing [tid:0]
  11000: system.cpu.rename: [tid:0] Free IQ: 204, Free ROB: 512, Free LQ: 192, Free SQ: 114, FreeRM 63(473 464 511 1022 63 8 2555)
  11000: system.cpu.rename: [tid:0] 0 instructions not yet in ROB
  11000: system.cpu.rename: calcFreeLQEntries: free lqEntries: 192, loadsInProgress: 0, loads dispatchedToLQ: 0
  11000: system.cpu.rename: [tid:0] Not blocked, so attempting to run stage.
  11000: system.cpu.rename: [tid:0] Nothing to do, breaking out early.
  11000: system.cpu.iew: Issue: Processing [tid:0]
  11000: system.cpu.iew: [tid:0] Not blocked, so attempting to run dispatch.
  11000: system.cpu.iq: Attempting to schedule ready instructions from the IQ.
  11000: system.cpu.iq: Not able to schedule any instructions.
  11000: system.cpu.iew: Processing [tid:0]
  11000: system.cpu.iew: [tid:0], Dispatch dispatched 0 instructions.
  11000: system.cpu.iew.lsq.thread0: SQ size: 114, #stores occupied: 0
  11000: system.cpu.iew.lsq.thread0: LQ size: 192, #loads occupied: 0
  11000: system.cpu.iew: IQ has 204 free entries (Can schedule: 0).  LQ has 192 free entries. SQ has 114 free entries.
  11000: system.cpu.commit: Getting instructions from Rename stage.
  11000: system.cpu.commit: Trying to commit instructions in the ROB.
  11000: system.cpu.commit: [tid:0] ROB has 0 insts & 512 free entries.
  11000: system.cpu: Scheduling next tick!
  12000: system.cpu: 

O3CPU: Ticking main, O3CPU.
  12000: system.cpu.fetch: Running stage.
  12000: system.cpu.fetch: There are no more threads available to fetch from.
  12000: system.cpu.fetch: [tid:0] Fetch is waiting cache response!
  12000: system.cpu.decode: Processing [tid:0]
  12000: system.cpu.decode: [tid:0] Bypass moves from Rename: 0
  12000: system.cpu.decode: [tid:0] Not blocked, so attempting to run stage.
  12000: system.cpu.decode: [tid:0] Nothing to do, breaking out early.
  12000: system.cpu.rename: Processing [tid:0]
  12000: system.cpu.rename: [tid:0] Free IQ: 204, Free ROB: 512, Free LQ: 192, Free SQ: 114, FreeRM 63(473 464 511 1022 63 8 2555)
  12000: system.cpu.rename: [tid:0] 0 instructions not yet in ROB
  12000: system.cpu.rename: calcFreeLQEntries: free lqEntries: 192, loadsInProgress: 0, loads dispatchedToLQ: 0
  12000: system.cpu.rename: [tid:0] Not blocked, so attempting to run stage.
  12000: system.cpu.rename: [tid:0] Nothing to do, breaking out early.
  12000: system.cpu.iew: Issue: Processing [tid:0]
  12000: system.cpu.iew: [tid:0] Not blocked, so attempting to run dispatch.
  12000: system.cpu.iq: Attempting to schedule ready instructions from the IQ.
  12000: system.cpu.iq: Not able to schedule any instructions.
  12000: system.cpu.iew: Processing [tid:0]
  12000: system.cpu.iew: [tid:0], Dispatch dispatched 0 instructions.
  12000: system.cpu.iew.lsq.thread0: SQ size: 114, #stores occupied: 0
  12000: system.cpu.iew.lsq.thread0: LQ size: 192, #loads occupied: 0
  12000: system.cpu.iew: IQ has 204 free entries (Can schedule: 0).  LQ has 192 free entries. SQ has 114 free entries.
  12000: system.cpu.commit: Getting instructions from Rename stage.
  12000: system.cpu.commit: Trying to commit instructions in the ROB.
  12000: system.cpu.commit: [tid:0] ROB has 0 insts & 512 free entries.
  12000: system.cpu: Scheduling next tick!
  13000: system.cpu: 

O3CPU: Ticking main, O3CPU.
  13000: system.cpu.fetch: Running stage.
  13000: system.cpu.fetch: There are no more threads available to fetch from.
  13000: system.cpu.fetch: [tid:0] Fetch is waiting cache response!
  13000: system.cpu.decode: Processing [tid:0]
  13000: system.cpu.decode: [tid:0] Bypass moves from Rename: 0
  13000: system.cpu.decode: [tid:0] Not blocked, so attempting to run stage.
  13000: system.cpu.decode: [tid:0] Nothing to do, breaking out early.
  13000: system.cpu.rename: Processing [tid:0]
  13000: system.cpu.rename: [tid:0] Free IQ: 204, Free ROB: 512, Free LQ: 192, Free SQ: 114, FreeRM 63(473 464 511 1022 63 8 2555)
  13000: system.cpu.rename: [tid:0] 0 instructions not yet in ROB
  13000: system.cpu.rename: calcFreeLQEntries: free lqEntries: 192, loadsInProgress: 0, loads dispatchedToLQ: 0
  13000: system.cpu.rename: [tid:0] Not blocked, so attempting to run stage.
  13000: system.cpu.rename: [tid:0] Nothing to do, breaking out early.
  13000: system.cpu.iew: Issue: Processing [tid:0]
  13000: system.cpu.iew: [tid:0] Not blocked, so attempting to run dispatch.
  13000: system.cpu.iq: Attempting to schedule ready instructions from the IQ.
  13000: system.cpu.iq: Not able to schedule any instructions.
  13000: system.cpu.iew: Processing [tid:0]
  13000: system.cpu.iew: [tid:0], Dispatch dispatched 0 instructions.
  13000: system.cpu.iew.lsq.thread0: SQ size: 114, #stores occupied: 0
  13000: system.cpu.iew.lsq.thread0: LQ size: 192, #loads occupied: 0
  13000: system.cpu.iew: IQ has 204 free entries (Can schedule: 0).  LQ has 192 free entries. SQ has 114 free entries.
  13000: system.cpu.commit: Getting instructions from Rename stage.
  13000: system.cpu.commit: Trying to commit instructions in the ROB.
  13000: system.cpu.commit: [tid:0] ROB has 0 insts & 512 free entries.
  13000: system.cpu: Scheduling next tick!
  14000: system.cpu: 

O3CPU: Ticking main, O3CPU.
  14000: system.cpu.fetch: Running stage.
  14000: system.cpu.fetch: There are no more threads available to fetch from.
  14000: system.cpu.fetch: [tid:0] Fetch is waiting cache response!
  14000: system.cpu.decode: Processing [tid:0]
  14000: system.cpu.decode: [tid:0] Bypass moves from Rename: 0
  14000: system.cpu.decode: [tid:0] Not blocked, so attempting to run stage.
  14000: system.cpu.decode: [tid:0] Nothing to do, breaking out early.
  14000: system.cpu.rename: Processing [tid:0]
  14000: system.cpu.rename: [tid:0] Free IQ: 204, Free ROB: 512, Free LQ: 192, Free SQ: 114, FreeRM 63(473 464 511 1022 63 8 2555)
  14000: system.cpu.rename: [tid:0] 0 instructions not yet in ROB
  14000: system.cpu.rename: calcFreeLQEntries: free lqEntries: 192, loadsInProgress: 0, loads dispatchedToLQ: 0
  14000: system.cpu.rename: [tid:0] Not blocked, so attempting to run stage.
  14000: system.cpu.rename: [tid:0] Nothing to do, breaking out early.
  14000: system.cpu.iew: Issue: Processing [tid:0]
  14000: system.cpu.iew: [tid:0] Not blocked, so attempting to run dispatch.
  14000: system.cpu.iq: Attempting to schedule ready instructions from the IQ.
  14000: system.cpu.iq: Not able to schedule any instructions.
  14000: system.cpu.iew: Processing [tid:0]
  14000: system.cpu.iew: [tid:0], Dispatch dispatched 0 instructions.
  14000: system.cpu.iew.lsq.thread0: SQ size: 114, #stores occupied: 0
  14000: system.cpu.iew.lsq.thread0: LQ size: 192, #loads occupied: 0
  14000: system.cpu.iew: IQ has 204 free entries (Can schedule: 0).  LQ has 192 free entries. SQ has 114 free entries.
  14000: system.cpu.commit: Getting instructions from Rename stage.
  14000: system.cpu.commit: Trying to commit instructions in the ROB.
  14000: system.cpu.commit: [tid:0] ROB has 0 insts & 512 free entries.
  14000: system.cpu: Scheduling next tick!
  15000: system.cpu: 

O3CPU: Ticking main, O3CPU.
  15000: system.cpu.fetch: Running stage.
  15000: system.cpu.fetch: There are no more threads available to fetch from.
  15000: system.cpu.fetch: [tid:0] Fetch is waiting cache response!
  15000: system.cpu.decode: Processing [tid:0]
  15000: system.cpu.decode: [tid:0] Bypass moves from Rename: 0
  15000: system.cpu.decode: [tid:0] Not blocked, so attempting to run stage.
  15000: system.cpu.decode: [tid:0] Nothing to do, breaking out early.
  15000: system.cpu.rename: Processing [tid:0]
  15000: system.cpu.rename: [tid:0] Free IQ: 204, Free ROB: 512, Free LQ: 192, Free SQ: 114, FreeRM 63(473 464 511 1022 63 8 2555)
  15000: system.cpu.rename: [tid:0] 0 instructions not yet in ROB
  15000: system.cpu.rename: calcFreeLQEntries: free lqEntries: 192, loadsInProgress: 0, loads dispatchedToLQ: 0
  15000: system.cpu.rename: [tid:0] Not blocked, so attempting to run stage.
  15000: system.cpu.rename: [tid:0] Nothing to do, breaking out early.
  15000: system.cpu.iew: Issue: Processing [tid:0]
  15000: system.cpu.iew: [tid:0] Not blocked, so attempting to run dispatch.
  15000: system.cpu.iq: Attempting to schedule ready instructions from the IQ.
  15000: system.cpu.iq: Not able to schedule any instructions.
  15000: system.cpu.iew: Processing [tid:0]
  15000: system.cpu.iew: [tid:0], Dispatch dispatched 0 instructions.
  15000: system.cpu.iew.lsq.thread0: SQ size: 114, #stores occupied: 0
  15000: system.cpu.iew.lsq.thread0: LQ size: 192, #loads occupied: 0
  15000: system.cpu.iew: IQ has 204 free entries (Can schedule: 0).  LQ has 192 free entries. SQ has 114 free entries.
  15000: system.cpu.commit: Getting instructions from Rename stage.
  15000: system.cpu.commit: Trying to commit instructions in the ROB.
  15000: system.cpu.commit: [tid:0] ROB has 0 insts & 512 free entries.
  15000: system.cpu: Scheduling next tick!
  16000: system.cpu: 

O3CPU: Ticking main, O3CPU.
  16000: system.cpu.fetch: Running stage.
  16000: system.cpu.fetch: There are no more threads available to fetch from.
  16000: system.cpu.fetch: [tid:0] Fetch is waiting cache response!
  16000: system.cpu.decode: Processing [tid:0]
  16000: system.cpu.decode: [tid:0] Bypass moves from Rename: 0
  16000: system.cpu.decode: [tid:0] Not blocked, so attempting to run stage.
  16000: system.cpu.decode: [tid:0] Nothing to do, breaking out early.
  16000: system.cpu.rename: Processing [tid:0]
  16000: system.cpu.rename: [tid:0] Free IQ: 204, Free ROB: 512, Free LQ: 192, Free SQ: 114, FreeRM 63(473 464 511 1022 63 8 2555)
  16000: system.cpu.rename: [tid:0] 0 instructions not yet in ROB
  16000: system.cpu.rename: calcFreeLQEntries: free lqEntries: 192, loadsInProgress: 0, loads dispatchedToLQ: 0
  16000: system.cpu.rename: [tid:0] Not blocked, so attempting to run stage.
  16000: system.cpu.rename: [tid:0] Nothing to do, breaking out early.
  16000: system.cpu.iew: Issue: Processing [tid:0]
  16000: system.cpu.iew: [tid:0] Not blocked, so attempting to run dispatch.
  16000: system.cpu.iq: Attempting to schedule ready instructions from the IQ.
  16000: system.cpu.iq: Not able to schedule any instructions.
  16000: system.cpu.iew: Processing [tid:0]
  16000: system.cpu.iew: [tid:0], Dispatch dispatched 0 instructions.
  16000: system.cpu.iew.lsq.thread0: SQ size: 114, #stores occupied: 0
  16000: system.cpu.iew.lsq.thread0: LQ size: 192, #loads occupied: 0
  16000: system.cpu.iew: IQ has 204 free entries (Can schedule: 0).  LQ has 192 free entries. SQ has 114 free entries.
  16000: system.cpu.commit: Getting instructions from Rename stage.
  16000: system.cpu.commit: Trying to commit instructions in the ROB.
  16000: system.cpu.commit: [tid:0] ROB has 0 insts & 512 free entries.
  16000: system.cpu: Scheduling next tick!
  17000: system.cpu: 

O3CPU: Ticking main, O3CPU.
  17000: system.cpu.fetch: Running stage.
  17000: system.cpu.fetch: There are no more threads available to fetch from.
  17000: system.cpu.fetch: [tid:0] Fetch is waiting cache response!
  17000: system.cpu.decode: Processing [tid:0]
  17000: system.cpu.decode: [tid:0] Bypass moves from Rename: 0
  17000: system.cpu.decode: [tid:0] Not blocked, so attempting to run stage.
  17000: system.cpu.decode: [tid:0] Nothing to do, breaking out early.
  17000: system.cpu.rename: Processing [tid:0]
  17000: system.cpu.rename: [tid:0] Free IQ: 204, Free ROB: 512, Free LQ: 192, Free SQ: 114, FreeRM 63(473 464 511 1022 63 8 2555)
  17000: system.cpu.rename: [tid:0] 0 instructions not yet in ROB
  17000: system.cpu.rename: calcFreeLQEntries: free lqEntries: 192, loadsInProgress: 0, loads dispatchedToLQ: 0
  17000: system.cpu.rename: [tid:0] Not blocked, so attempting to run stage.
  17000: system.cpu.rename: [tid:0] Nothing to do, breaking out early.
  17000: system.cpu.iew: Issue: Processing [tid:0]
  17000: system.cpu.iew: [tid:0] Not blocked, so attempting to run dispatch.
  17000: system.cpu.iq: Attempting to schedule ready instructions from the IQ.
  17000: system.cpu.iq: Not able to schedule any instructions.
  17000: system.cpu.iew: Processing [tid:0]
  17000: system.cpu.iew: [tid:0], Dispatch dispatched 0 instructions.
  17000: system.cpu.iew.lsq.thread0: SQ size: 114, #stores occupied: 0
  17000: system.cpu.iew.lsq.thread0: LQ size: 192, #loads occupied: 0
  17000: system.cpu.iew: IQ has 204 free entries (Can schedule: 0).  LQ has 192 free entries. SQ has 114 free entries.
  17000: system.cpu.commit: Getting instructions from Rename stage.
  17000: system.cpu.commit: Trying to commit instructions in the ROB.
  17000: system.cpu.commit: [tid:0] ROB has 0 insts & 512 free entries.
  17000: system.cpu: Scheduling next tick!
  18000: system.cpu: 

O3CPU: Ticking main, O3CPU.
  18000: system.cpu.fetch: Running stage.
  18000: system.cpu.fetch: There are no more threads available to fetch from.
  18000: system.cpu.fetch: [tid:0] Fetch is waiting cache response!
  18000: system.cpu.decode: Processing [tid:0]
  18000: system.cpu.decode: [tid:0] Bypass moves from Rename: 0
  18000: system.cpu.decode: [tid:0] Not blocked, so attempting to run stage.
  18000: system.cpu.decode: [tid:0] Nothing to do, breaking out early.
  18000: system.cpu.rename: Processing [tid:0]
  18000: system.cpu.rename: [tid:0] Free IQ: 204, Free ROB: 512, Free LQ: 192, Free SQ: 114, FreeRM 63(473 464 511 1022 63 8 2555)
  18000: system.cpu.rename: [tid:0] 0 instructions not yet in ROB
  18000: system.cpu.rename: calcFreeLQEntries: free lqEntries: 192, loadsInProgress: 0, loads dispatchedToLQ: 0
  18000: system.cpu.rename: [tid:0] Not blocked, so attempting to run stage.
  18000: system.cpu.rename: [tid:0] Nothing to do, breaking out early.
  18000: system.cpu.iew: Issue: Processing [tid:0]
  18000: system.cpu.iew: [tid:0] Not blocked, so attempting to run dispatch.
  18000: system.cpu.iq: Attempting to schedule ready instructions from the IQ.
  18000: system.cpu.iq: Not able to schedule any instructions.
  18000: system.cpu.iew: Processing [tid:0]
  18000: system.cpu.iew: [tid:0], Dispatch dispatched 0 instructions.
  18000: system.cpu.iew.lsq.thread0: SQ size: 114, #stores occupied: 0
  18000: system.cpu.iew.lsq.thread0: LQ size: 192, #loads occupied: 0
  18000: system.cpu.iew: IQ has 204 free entries (Can schedule: 0).  LQ has 192 free entries. SQ has 114 free entries.
  18000: system.cpu.commit: Getting instructions from Rename stage.
  18000: system.cpu.commit: Trying to commit instructions in the ROB.
  18000: system.cpu.commit: [tid:0] ROB has 0 insts & 512 free entries.
  18000: system.cpu: Scheduling next tick!
  19000: system.cpu: 

O3CPU: Ticking main, O3CPU.
  19000: system.cpu.fetch: Running stage.
  19000: system.cpu.fetch: There are no more threads available to fetch from.
  19000: system.cpu.fetch: [tid:0] Fetch is waiting cache response!
  19000: system.cpu.decode: Processing [tid:0]
  19000: system.cpu.decode: [tid:0] Bypass moves from Rename: 0
  19000: system.cpu.decode: [tid:0] Not blocked, so attempting to run stage.
  19000: system.cpu.decode: [tid:0] Nothing to do, breaking out early.
  19000: system.cpu.rename: Processing [tid:0]
  19000: system.cpu.rename: [tid:0] Free IQ: 204, Free ROB: 512, Free LQ: 192, Free SQ: 114, FreeRM 63(473 464 511 1022 63 8 2555)
  19000: system.cpu.rename: [tid:0] 0 instructions not yet in ROB
  19000: system.cpu.rename: calcFreeLQEntries: free lqEntries: 192, loadsInProgress: 0, loads dispatchedToLQ: 0
  19000: system.cpu.rename: [tid:0] Not blocked, so attempting to run stage.
  19000: system.cpu.rename: [tid:0] Nothing to do, breaking out early.
  19000: system.cpu.iew: Issue: Processing [tid:0]
  19000: system.cpu.iew: [tid:0] Not blocked, so attempting to run dispatch.
  19000: system.cpu.iq: Attempting to schedule ready instructions from the IQ.
  19000: system.cpu.iq: Not able to schedule any instructions.
  19000: system.cpu.iew: Processing [tid:0]
  19000: system.cpu.iew: [tid:0], Dispatch dispatched 0 instructions.
  19000: system.cpu.iew.lsq.thread0: SQ size: 114, #stores occupied: 0
  19000: system.cpu.iew.lsq.thread0: LQ size: 192, #loads occupied: 0
  19000: system.cpu.iew: IQ has 204 free entries (Can schedule: 0).  LQ has 192 free entries. SQ has 114 free entries.
  19000: system.cpu.commit: Getting instructions from Rename stage.
  19000: system.cpu.commit: Trying to commit instructions in the ROB.
  19000: system.cpu.commit: [tid:0] ROB has 0 insts & 512 free entries.
  19000: system.cpu: Scheduling next tick!
  20000: system.cpu: 

O3CPU: Ticking main, O3CPU.
  20000: system.cpu.fetch: Running stage.
  20000: system.cpu.fetch: There are no more threads available to fetch from.
  20000: system.cpu.fetch: [tid:0] Fetch is waiting cache response!
  20000: system.cpu.decode: Processing [tid:0]
  20000: system.cpu.decode: [tid:0] Bypass moves from Rename: 0
  20000: system.cpu.decode: [tid:0] Not blocked, so attempting to run stage.
  20000: system.cpu.decode: [tid:0] Nothing to do, breaking out early.
  20000: system.cpu.rename: Processing [tid:0]
  20000: system.cpu.rename: [tid:0] Free IQ: 204, Free ROB: 512, Free LQ: 192, Free SQ: 114, FreeRM 63(473 464 511 1022 63 8 2555)
  20000: system.cpu.rename: [tid:0] 0 instructions not yet in ROB
  20000: system.cpu.rename: calcFreeLQEntries: free lqEntries: 192, loadsInProgress: 0, loads dispatchedToLQ: 0
  20000: system.cpu.rename: [tid:0] Not blocked, so attempting to run stage.
  20000: system.cpu.rename: [tid:0] Nothing to do, breaking out early.
  20000: system.cpu.iew: Issue: Processing [tid:0]
  20000: system.cpu.iew: [tid:0] Not blocked, so attempting to run dispatch.
  20000: system.cpu.iq: Attempting to schedule ready instructions from the IQ.
  20000: system.cpu.iq: Not able to schedule any instructions.
  20000: system.cpu.iew: Processing [tid:0]
  20000: system.cpu.iew: [tid:0], Dispatch dispatched 0 instructions.
  20000: system.cpu.iew.lsq.thread0: SQ size: 114, #stores occupied: 0
  20000: system.cpu.iew.lsq.thread0: LQ size: 192, #loads occupied: 0
  20000: system.cpu.iew: IQ has 204 free entries (Can schedule: 0).  LQ has 192 free entries. SQ has 114 free entries.
  20000: system.cpu.commit: Getting instructions from Rename stage.
  20000: system.cpu.commit: Trying to commit instructions in the ROB.
  20000: system.cpu.commit: [tid:0] ROB has 0 insts & 512 free entries.
  20000: system.cpu: Scheduling next tick!
  21000: system.cpu: 

O3CPU: Ticking main, O3CPU.
  21000: system.cpu.fetch: Running stage.
  21000: system.cpu.fetch: There are no more threads available to fetch from.
  21000: system.cpu.fetch: [tid:0] Fetch is waiting cache response!
  21000: system.cpu.decode: Processing [tid:0]
  21000: system.cpu.decode: [tid:0] Bypass moves from Rename: 0
  21000: system.cpu.decode: [tid:0] Not blocked, so attempting to run stage.
  21000: system.cpu.decode: [tid:0] Nothing to do, breaking out early.
  21000: system.cpu.rename: Processing [tid:0]
  21000: system.cpu.rename: [tid:0] Free IQ: 204, Free ROB: 512, Free LQ: 192, Free SQ: 114, FreeRM 63(473 464 511 1022 63 8 2555)
  21000: system.cpu.rename: [tid:0] 0 instructions not yet in ROB
  21000: system.cpu.rename: calcFreeLQEntries: free lqEntries: 192, loadsInProgress: 0, loads dispatchedToLQ: 0
  21000: system.cpu.rename: [tid:0] Not blocked, so attempting to run stage.
  21000: system.cpu.rename: [tid:0] Nothing to do, breaking out early.
  21000: system.cpu.iew: Issue: Processing [tid:0]
  21000: system.cpu.iew: [tid:0] Not blocked, so attempting to run dispatch.
  21000: system.cpu.iq: Attempting to schedule ready instructions from the IQ.
  21000: system.cpu.iq: Not able to schedule any instructions.
  21000: system.cpu.iew: Processing [tid:0]
  21000: system.cpu.iew: [tid:0], Dispatch dispatched 0 instructions.
  21000: system.cpu.iew.lsq.thread0: SQ size: 114, #stores occupied: 0
  21000: system.cpu.iew.lsq.thread0: LQ size: 192, #loads occupied: 0
  21000: system.cpu.iew: IQ has 204 free entries (Can schedule: 0).  LQ has 192 free entries. SQ has 114 free entries.
  21000: system.cpu.commit: Getting instructions from Rename stage.
  21000: system.cpu.commit: Trying to commit instructions in the ROB.
  21000: system.cpu.commit: [tid:0] ROB has 0 insts & 512 free entries.
  21000: system.cpu: Scheduling next tick!
  22000: system.cpu: 

O3CPU: Ticking main, O3CPU.
  22000: system.cpu.fetch: Running stage.
  22000: system.cpu.fetch: There are no more threads available to fetch from.
  22000: system.cpu.fetch: [tid:0] Fetch is waiting cache response!
  22000: system.cpu.decode: Processing [tid:0]
  22000: system.cpu.decode: [tid:0] Bypass moves from Rename: 0
  22000: system.cpu.decode: [tid:0] Not blocked, so attempting to run stage.
  22000: system.cpu.decode: [tid:0] Nothing to do, breaking out early.
  22000: system.cpu.rename: Processing [tid:0]
  22000: system.cpu.rename: [tid:0] Free IQ: 204, Free ROB: 512, Free LQ: 192, Free SQ: 114, FreeRM 63(473 464 511 1022 63 8 2555)
  22000: system.cpu.rename: [tid:0] 0 instructions not yet in ROB
  22000: system.cpu.rename: calcFreeLQEntries: free lqEntries: 192, loadsInProgress: 0, loads dispatchedToLQ: 0
  22000: system.cpu.rename: [tid:0] Not blocked, so attempting to run stage.
  22000: system.cpu.rename: [tid:0] Nothing to do, breaking out early.
  22000: system.cpu.iew: Issue: Processing [tid:0]
  22000: system.cpu.iew: [tid:0] Not blocked, so attempting to run dispatch.
  22000: system.cpu.iq: Attempting to schedule ready instructions from the IQ.
  22000: system.cpu.iq: Not able to schedule any instructions.
  22000: system.cpu.iew: Processing [tid:0]
  22000: system.cpu.iew: [tid:0], Dispatch dispatched 0 instructions.
  22000: system.cpu.iew.lsq.thread0: SQ size: 114, #stores occupied: 0
  22000: system.cpu.iew.lsq.thread0: LQ size: 192, #loads occupied: 0
  22000: system.cpu.iew: IQ has 204 free entries (Can schedule: 0).  LQ has 192 free entries. SQ has 114 free entries.
  22000: system.cpu.commit: Getting instructions from Rename stage.
  22000: system.cpu.commit: Trying to commit instructions in the ROB.
  22000: system.cpu.commit: [tid:0] ROB has 0 insts & 512 free entries.
  22000: system.cpu: Scheduling next tick!
  23000: system.cpu: 

O3CPU: Ticking main, O3CPU.
  23000: system.cpu.fetch: Running stage.
  23000: system.cpu.fetch: There are no more threads available to fetch from.
  23000: system.cpu.fetch: [tid:0] Fetch is waiting cache response!
  23000: system.cpu.decode: Processing [tid:0]
  23000: system.cpu.decode: [tid:0] Bypass moves from Rename: 0
  23000: system.cpu.decode: [tid:0] Not blocked, so attempting to run stage.
  23000: system.cpu.decode: [tid:0] Nothing to do, breaking out early.
  23000: system.cpu.rename: Processing [tid:0]
  23000: system.cpu.rename: [tid:0] Free IQ: 204, Free ROB: 512, Free LQ: 192, Free SQ: 114, FreeRM 63(473 464 511 1022 63 8 2555)
  23000: system.cpu.rename: [tid:0] 0 instructions not yet in ROB
  23000: system.cpu.rename: calcFreeLQEntries: free lqEntries: 192, loadsInProgress: 0, loads dispatchedToLQ: 0
  23000: system.cpu.rename: [tid:0] Not blocked, so attempting to run stage.
  23000: system.cpu.rename: [tid:0] Nothing to do, breaking out early.
  23000: system.cpu.iew: Issue: Processing [tid:0]
  23000: system.cpu.iew: [tid:0] Not blocked, so attempting to run dispatch.
  23000: system.cpu.iq: Attempting to schedule ready instructions from the IQ.
  23000: system.cpu.iq: Not able to schedule any instructions.
  23000: system.cpu.iew: Processing [tid:0]
  23000: system.cpu.iew: [tid:0], Dispatch dispatched 0 instructions.
  23000: system.cpu.iew.lsq.thread0: SQ size: 114, #stores occupied: 0
  23000: system.cpu.iew.lsq.thread0: LQ size: 192, #loads occupied: 0
  23000: system.cpu.iew: IQ has 204 free entries (Can schedule: 0).  LQ has 192 free entries. SQ has 114 free entries.
  23000: system.cpu.commit: Getting instructions from Rename stage.
  23000: system.cpu.commit: Trying to commit instructions in the ROB.
  23000: system.cpu.commit: [tid:0] ROB has 0 insts & 512 free entries.
  23000: system.cpu: Scheduling next tick!
  24000: system.cpu: 

O3CPU: Ticking main, O3CPU.
  24000: system.cpu.fetch: Running stage.
  24000: system.cpu.fetch: There are no more threads available to fetch from.
  24000: system.cpu.fetch: [tid:0] Fetch is waiting cache response!
  24000: system.cpu.decode: Processing [tid:0]
  24000: system.cpu.decode: [tid:0] Bypass moves from Rename: 0
  24000: system.cpu.decode: [tid:0] Not blocked, so attempting to run stage.
  24000: system.cpu.decode: [tid:0] Nothing to do, breaking out early.
  24000: system.cpu.rename: Processing [tid:0]
  24000: system.cpu.rename: [tid:0] Free IQ: 204, Free ROB: 512, Free LQ: 192, Free SQ: 114, FreeRM 63(473 464 511 1022 63 8 2555)
  24000: system.cpu.rename: [tid:0] 0 instructions not yet in ROB
  24000: system.cpu.rename: calcFreeLQEntries: free lqEntries: 192, loadsInProgress: 0, loads dispatchedToLQ: 0
  24000: system.cpu.rename: [tid:0] Not blocked, so attempting to run stage.
  24000: system.cpu.rename: [tid:0] Nothing to do, breaking out early.
  24000: system.cpu.iew: Issue: Processing [tid:0]
  24000: system.cpu.iew: [tid:0] Not blocked, so attempting to run dispatch.
  24000: system.cpu.iq: Attempting to schedule ready instructions from the IQ.
  24000: system.cpu.iq: Not able to schedule any instructions.
  24000: system.cpu.iew: Processing [tid:0]
  24000: system.cpu.iew: [tid:0], Dispatch dispatched 0 instructions.
  24000: system.cpu.iew.lsq.thread0: SQ size: 114, #stores occupied: 0
  24000: system.cpu.iew.lsq.thread0: LQ size: 192, #loads occupied: 0
  24000: system.cpu.iew: IQ has 204 free entries (Can schedule: 0).  LQ has 192 free entries. SQ has 114 free entries.
  24000: system.cpu.commit: Getting instructions from Rename stage.
  24000: system.cpu.commit: Trying to commit instructions in the ROB.
  24000: system.cpu.commit: [tid:0] ROB has 0 insts & 512 free entries.
  24000: system.cpu: Activity: 1
  24000: system.cpu: Scheduling next tick!
  25000: system.cpu: 

O3CPU: Ticking main, O3CPU.
  25000: system.cpu.fetch: Running stage.
  25000: system.cpu.fetch: There are no more threads available to fetch from.
  25000: system.cpu.fetch: [tid:0] Fetch is waiting cache response!
  25000: system.cpu.decode: Processing [tid:0]
  25000: system.cpu.decode: [tid:0] Bypass moves from Rename: 0
  25000: system.cpu.decode: [tid:0] Not blocked, so attempting to run stage.
  25000: system.cpu.decode: [tid:0] Nothing to do, breaking out early.
  25000: system.cpu.rename: Processing [tid:0]
  25000: system.cpu.rename: [tid:0] Free IQ: 204, Free ROB: 512, Free LQ: 192, Free SQ: 114, FreeRM 63(473 464 511 1022 63 8 2555)
  25000: system.cpu.rename: [tid:0] 0 instructions not yet in ROB
  25000: system.cpu.rename: calcFreeLQEntries: free lqEntries: 192, loadsInProgress: 0, loads dispatchedToLQ: 0
  25000: system.cpu.rename: [tid:0] Not blocked, so attempting to run stage.
  25000: system.cpu.rename: [tid:0] Nothing to do, breaking out early.
  25000: system.cpu.iew: Issue: Processing [tid:0]
  25000: system.cpu.iew: [tid:0] Not blocked, so attempting to run dispatch.
  25000: system.cpu.iq: Attempting to schedule ready instructions from the IQ.
  25000: system.cpu.iq: Not able to schedule any instructions.
  25000: system.cpu.iew: Processing [tid:0]
  25000: system.cpu.iew: [tid:0], Dispatch dispatched 0 instructions.
  25000: system.cpu.iew.lsq.thread0: SQ size: 114, #stores occupied: 0
  25000: system.cpu.iew.lsq.thread0: LQ size: 192, #loads occupied: 0
  25000: system.cpu.iew: IQ has 204 free entries (Can schedule: 0).  LQ has 192 free entries. SQ has 114 free entries.
  25000: system.cpu.commit: Getting instructions from Rename stage.
  25000: system.cpu.commit: Trying to commit instructions in the ROB.
  25000: system.cpu.commit: [tid:0] ROB has 0 insts & 512 free entries.
  25000: system.cpu: Activity: 0
  25000: system.cpu: No activity left!
  25000: system.cpu: Idle!
  57001: system.cpu.icache_port: Fetch unit received timing
  57001: system.cpu.fetch: [tid:0] Waking up from cache miss.
  57002: system.cpu.icache_port: Fetch unit received timing
  57002: system.cpu.fetch: [tid:0] Waking up from cache miss.
  57002: system.cpu: Waking up CPU
  57002: system.cpu.fetch: [tid:0] Activating fetch due to cache completion
  57002: system.cpu.fetch: Activating stage.
  57002: system.cpu: Activity: 1
  58000: system.cpu: 

O3CPU: Ticking main, O3CPU.
  58000: system.cpu.fetch: Running stage.
  58000: system.cpu.fetch: Attempting to fetch from [tid:0]
  58000: system.cpu.fetch: [tid:0] Icache miss is complete.
  58000: system.cpu.fetch: [tid:0] Adding instructions to queue to decode.
  58000: system.cpu.decoder: Decode: Decoded sub instruction: 
{
	leg = 0,
	rex = 0x48,
	vex/xop = 0,
	op = {
		type = one byte,
		op = 0x83,
		},
	modRM = 0xec,
	sib = 0,
	immediate = 0x8,
	displacement = 0
	dispSize = 0}

  58000: global: DynInst: [sn:10] Instruction created. Instcount for system.cpu = 1
  58000: system.cpu.fetch: [tid:0] Instruction PC (0x401000=>0x401004).(0=>1) created [sn:10].
  58000: system.cpu.fetch: [tid:0] Instruction is:   SUB_R_I : limm   t1, 0x8
  58000: system.cpu.fetch: [tid:0] Fetch queue entry created (1/128).
  58000: global: DynInst: [sn:20] Instruction created. Instcount for system.cpu = 2
  58000: system.cpu.fetch: [tid:0] Instruction PC (0x401000=>0x401004).(1=>2) created [sn:20].
  58000: system.cpu.fetch: [tid:0] Instruction is:   SUB_R_I : sub   rsp, rsp, t1
  58000: system.cpu.fetch: [tid:0] Fetch queue entry created (2/128).
  58000: system.cpu.decoder: Decode: Decoded mov instruction: 
{
	leg = 0,
	rex = 0,
	vex/xop = 0,
	op = {
		type = one byte,
		op = 0xc7,
		},
	modRM = 0x4,
	sib = 0x24,
	immediate = 0xffffffffdeadbeef,
	displacement = 0
	dispSize = 0}

  58000: global: DynInst: [sn:30] Instruction created. Instcount for system.cpu = 3
  58000: system.cpu.fetch: [tid:0] Instruction PC (0x401004=>0x40100b).(0=>1) created [sn:30].
  58000: system.cpu.fetch: [tid:0] Instruction is:   MOV_M_I : limm   t1d, 0xffffffffdeadbeef
  58000: system.cpu.fetch: [tid:0] Fetch queue entry created (3/128).
  58000: global: DynInst: [sn:40] Instruction created. Instcount for system.cpu = 4
  58000: system.cpu.fetch: [tid:0] Instruction PC (0x401004=>0x40100b).(1=>2) created [sn:40].
  58000: system.cpu.fetch: [tid:0] Instruction is:   MOV_M_I : st   t1d, SS:[t0 + rsp]
  58000: system.cpu.fetch: [tid:0] Fetch queue entry created (4/128).
  58000: system.cpu.decoder: Decode: Decoded mov instruction: 
{
	leg = 0x10,
	rex = 0,
	vex/xop = 0,
	op = {
		type = one byte,
		op = 0x8b,
		},
	modRM = 0x1c,
	sib = 0x24,
	immediate = 0,
	displacement = 0
	dispSize = 0}

  58000: global: DynInst: [sn:50] Instruction created. Instcount for system.cpu = 5
  58000: system.cpu.fetch: [tid:0] Instruction PC (0x40100b=>0x40100f).(0=>1) created [sn:50].
  58000: system.cpu.fetch: [tid:0] Instruction is:   MOV_R_M : ld   bx, SS:[t0 + rsp]
  58000: system.cpu.fetch: [tid:0] Fetch queue entry created (5/128).
  58000: system.cpu.decoder: Decode: Decoded add instruction: 
{
	leg = 0,
	rex = 0x48,
	vex/xop = 0,
	op = {
		type = one byte,
		op = 0x83,
		},
	modRM = 0xc4,
	sib = 0,
	immediate = 0x8,
	displacement = 0
	dispSize = 0}

  58000: global: DynInst: [sn:60] Instruction created. Instcount for system.cpu = 6
  58000: system.cpu.fetch: [tid:0] Instruction PC (0x40100f=>0x401013).(0=>1) created [sn:60].
  58000: system.cpu.fetch: [tid:0] Instruction is:   ADD_R_I : limm   t1, 0x8
  58000: system.cpu.fetch: [tid:0] Fetch queue entry created (6/128).
  58000: system.cpu.fetch: [tid:0] Done fetching, reached fetch bandwidth for this cycle.
  58000: system.cpu.fetch: [tid:0] [sn:10] Sending instruction to decode from fetch queue. Fetch queue size: 6.
  58000: system.cpu.fetch: [tid:0] [sn:20] Sending instruction to decode from fetch queue. Fetch queue size: 5.
  58000: system.cpu.fetch: [tid:0] [sn:30] Sending instruction to decode from fetch queue. Fetch queue size: 4.
  58000: system.cpu.fetch: [tid:0] [sn:40] Sending instruction to decode from fetch queue. Fetch queue size: 3.
  58000: system.cpu.fetch: [tid:0] [sn:50] Sending instruction to decode from fetch queue. Fetch queue size: 2.
  58000: system.cpu.fetch: [tid:0] [sn:60] Sending instruction to decode from fetch queue. Fetch queue size: 1.
  58000: system.cpu.fetch: Activity this cycle.
  58000: system.cpu: Activity: 2
  58000: system.cpu.decode: Processing [tid:0]
  58000: system.cpu.decode: [tid:0] Bypass moves from Rename: 0
  58000: system.cpu.decode: [tid:0] Not blocked, so attempting to run stage.
  58000: system.cpu.decode: [tid:0] Nothing to do, breaking out early.
  58000: system.cpu.rename: Processing [tid:0]
  58000: system.cpu.rename: [tid:0] Free IQ: 204, Free ROB: 512, Free LQ: 192, Free SQ: 114, FreeRM 63(473 464 511 1022 63 8 2555)
  58000: system.cpu.rename: [tid:0] 0 instructions not yet in ROB
  58000: system.cpu.rename: calcFreeLQEntries: free lqEntries: 192, loadsInProgress: 0, loads dispatchedToLQ: 0
  58000: system.cpu.rename: [tid:0] Not blocked, so attempting to run stage.
  58000: system.cpu.rename: [tid:0] Nothing to do, breaking out early.
  58000: system.cpu.iew: Issue: Processing [tid:0]
  58000: system.cpu.iew: [tid:0] Not blocked, so attempting to run dispatch.
  58000: system.cpu.iq: Attempting to schedule ready instructions from the IQ.
  58000: system.cpu.iq: Not able to schedule any instructions.
  58000: system.cpu.iew: Processing [tid:0]
  58000: system.cpu.iew: [tid:0], Dispatch dispatched 0 instructions.
  58000: system.cpu.iew.lsq.thread0: SQ size: 114, #stores occupied: 0
  58000: system.cpu.iew.lsq.thread0: LQ size: 192, #loads occupied: 0
  58000: system.cpu.iew: IQ has 204 free entries (Can schedule: 0).  LQ has 192 free entries. SQ has 114 free entries.
  58000: system.cpu.commit: Getting instructions from Rename stage.
  58000: system.cpu.commit: Trying to commit instructions in the ROB.
  58000: system.cpu.commit: [tid:0] ROB has 0 insts & 512 free entries.
  58000: system.cpu: Scheduling next tick!
  59000: system.cpu: 

O3CPU: Ticking main, O3CPU.
  59000: system.cpu.fetch: Running stage.
  59000: system.cpu.fetch: Attempting to fetch from [tid:0]
  59000: system.cpu.fetch: [tid:0] Adding instructions to queue to decode.
  59000: global: DynInst: [sn:70] Instruction created. Instcount for system.cpu = 7
  59000: system.cpu.fetch: [tid:0] Instruction PC (0x40100f=>0x401013).(1=>2) created [sn:70].
  59000: system.cpu.fetch: [tid:0] Instruction is:   ADD_R_I : add   rsp, rsp, t1
  59000: system.cpu.fetch: [tid:0] Fetch queue entry created (1/128).
  59000: system.cpu.decoder: Decode: Decoded mov instruction: 
{
	leg = 0,
	rex = 0x48,
	vex/xop = 0,
	op = {
		type = one byte,
		op = 0xc7,
		},
	modRM = 0xc0,
	sib = 0,
	immediate = 0x3c,
	displacement = 0
	dispSize = 0}

  59000: global: DynInst: [sn:80] Instruction created. Instcount for system.cpu = 8
  59000: system.cpu.fetch: [tid:0] Instruction PC (0x401013=>0x40101a).(0=>1) created [sn:80].
  59000: system.cpu.fetch: [tid:0] Instruction is:   MOV_R_I : limm   rax, 0x3c
  59000: system.cpu.fetch: [tid:0] Fetch queue entry created (2/128).
  59000: system.cpu.decoder: Decode: Decoded xor instruction: 
{
	leg = 0,
	rex = 0x48,
	vex/xop = 0,
	op = {
		type = one byte,
		op = 0x31,
		},
	modRM = 0xff,
	sib = 0,
	immediate = 0,
	displacement = 0
	dispSize = 0}

  59000: global: DynInst: [sn:90] Instruction created. Instcount for system.cpu = 9
  59000: system.cpu.fetch: [tid:0] Instruction PC (0x40101a=>0x40101d).(0=>1) created [sn:90].
  59000: system.cpu.fetch: [tid:0] Instruction is:   XOR_R_R : xor   rdi, rdi, rdi
  59000: system.cpu.fetch: [tid:0] Fetch queue entry created (3/128).
  59000: system.cpu.decoder: Decode: Decoded syscall instruction: 
{
	leg = 0,
	rex = 0,
	vex/xop = 0,
	op = {
		type = two byte,
		op = 0x5,
		},
	modRM = 0,
	sib = 0,
	immediate = 0,
	displacement = 0
	dispSize = 0}

  59000: global: DynInst: [sn:100] Instruction created. Instcount for system.cpu = 10
  59000: system.cpu.fetch: [tid:0] Instruction PC (0x40101d=>0x40101f).(0=>1) created [sn:100].
  59000: system.cpu.fetch: [tid:0] Instruction is:   syscall   
  59000: system.cpu.fetch: [tid:0] Fetch queue entry created (4/128).
  59000: system.cpu.decoder: Decode: Decoded add instruction: 
{
	leg = 0,
	rex = 0,
	vex/xop = 0,
	op = {
		type = one byte,
		op = 0,
		},
	modRM = 0,
	sib = 0,
	immediate = 0,
	displacement = 0
	dispSize = 0}

  59000: global: DynInst: [sn:110] Instruction created. Instcount for system.cpu = 11
  59000: system.cpu.fetch: [tid:0] Instruction PC (0x40101f=>0x401021).(0=>1) created [sn:110].
  59000: system.cpu.fetch: [tid:0] Instruction is:   ADD_M_R : ldst   t1b, DS:[rax]
  59000: system.cpu.fetch: [tid:0] Fetch queue entry created (5/128).
  59000: global: DynInst: [sn:120] Instruction created. Instcount for system.cpu = 12
  59000: system.cpu.fetch: [tid:0] Instruction PC (0x40101f=>0x401021).(1=>2) created [sn:120].
  59000: system.cpu.fetch: [tid:0] Instruction is:   ADD_M_R : add   t1b, t1b, al
  59000: system.cpu.fetch: [tid:0] Fetch queue entry created (6/128).
  59000: system.cpu.fetch: [tid:0] Done fetching, reached fetch bandwidth for this cycle.
  59000: system.cpu.fetch: [tid:0] [sn:70] Sending instruction to decode from fetch queue. Fetch queue size: 6.
  59000: system.cpu.fetch: [tid:0] [sn:80] Sending instruction to decode from fetch queue. Fetch queue size: 5.
  59000: system.cpu.fetch: [tid:0] [sn:90] Sending instruction to decode from fetch queue. Fetch queue size: 4.
  59000: system.cpu.fetch: [tid:0] [sn:100] Sending instruction to decode from fetch queue. Fetch queue size: 3.
  59000: system.cpu.fetch: [tid:0] [sn:110] Sending instruction to decode from fetch queue. Fetch queue size: 2.
  59000: system.cpu.fetch: [tid:0] [sn:120] Sending instruction to decode from fetch queue. Fetch queue size: 1.
  59000: system.cpu.fetch: Activity this cycle.
  59000: system.cpu: Activity: 3
  59000: system.cpu.decode: Processing [tid:0]
  59000: system.cpu.decode: [tid:0] Bypass moves from Rename: 0
  59000: system.cpu.decode: [tid:0] Not blocked, so attempting to run stage.
  59000: system.cpu.decode: [tid:0] Sending instruction to rename.
  59000: system.cpu.decode: [tid:0] Processing instruction [sn:10] with PC (0x401000=>0x401004).(0=>1)
  59000: system.cpu.decode: [tid:0] Processing instruction [sn:20] with PC (0x401000=>0x401004).(1=>2)
  59000: system.cpu.decode: [tid:0] Processing instruction [sn:30] with PC (0x401004=>0x40100b).(0=>1)
  59000: system.cpu.decode: [tid:0] Processing instruction [sn:40] with PC (0x401004=>0x40100b).(1=>2)
  59000: system.cpu.decode: [tid:0] Processing instruction [sn:50] with PC (0x40100b=>0x40100f).(0=>1)
  59000: system.cpu.decode: [tid:0] Processing instruction [sn:60] with PC (0x40100f=>0x401013).(0=>1)
  59000: system.cpu.decode: Activity this cycle.
  59000: system.cpu.rename: Processing [tid:0]
  59000: system.cpu.rename: [tid:0] Free IQ: 204, Free ROB: 512, Free LQ: 192, Free SQ: 114, FreeRM 63(473 464 511 1022 63 8 2555)
  59000: system.cpu.rename: [tid:0] 0 instructions not yet in ROB
  59000: system.cpu.rename: calcFreeLQEntries: free lqEntries: 192, loadsInProgress: 0, loads dispatchedToLQ: 0
  59000: system.cpu.rename: [tid:0] Not blocked, so attempting to run stage.
  59000: system.cpu.rename: [tid:0] Nothing to do, breaking out early.
  59000: system.cpu.iew: Issue: Processing [tid:0]
  59000: system.cpu.iew: [tid:0] Not blocked, so attempting to run dispatch.
  59000: system.cpu.iq: Attempting to schedule ready instructions from the IQ.
  59000: system.cpu.iq: Not able to schedule any instructions.
  59000: system.cpu.iew: Processing [tid:0]
  59000: system.cpu.iew: [tid:0], Dispatch dispatched 0 instructions.
  59000: system.cpu.iew.lsq.thread0: SQ size: 114, #stores occupied: 0
  59000: system.cpu.iew.lsq.thread0: LQ size: 192, #loads occupied: 0
  59000: system.cpu.iew: IQ has 204 free entries (Can schedule: 0).  LQ has 192 free entries. SQ has 114 free entries.
  59000: system.cpu.commit: Getting instructions from Rename stage.
  59000: system.cpu.commit: Trying to commit instructions in the ROB.
  59000: system.cpu.commit: [tid:0] ROB has 0 insts & 512 free entries.
  59000: system.cpu: Scheduling next tick!
  60000: system.cpu: 

O3CPU: Ticking main, O3CPU.
  60000: system.cpu.fetch: Running stage.
  60000: system.cpu.fetch: Attempting to fetch from [tid:0]
  60000: system.cpu.fetch: [tid:0] Adding instructions to queue to decode.
  60000: global: DynInst: [sn:130] Instruction created. Instcount for system.cpu = 13
  60000: system.cpu.fetch: [tid:0] Instruction PC (0x40101f=>0x401021).(2=>3) created [sn:130].
  60000: system.cpu.fetch: [tid:0] Instruction is:   ADD_M_R : st   t1b, DS:[rax]
  60000: system.cpu.fetch: [tid:0] Fetch queue entry created (1/128).
  60000: system.cpu.decoder: Decode: Decoded add instruction: 
{
	leg = 0,
	rex = 0,
	vex/xop = 0,
	op = {
		type = one byte,
		op = 0,
		},
	modRM = 0,
	sib = 0,
	immediate = 0,
	displacement = 0
	dispSize = 0}

  60000: global: DynInst: [sn:140] Instruction created. Instcount for system.cpu = 14
  60000: system.cpu.fetch: [tid:0] Instruction PC (0x401021=>0x401023).(0=>1) created [sn:140].
  60000: system.cpu.fetch: [tid:0] Instruction is:   ADD_M_R : ldst   t1b, DS:[rax]
  60000: system.cpu.fetch: [tid:0] Fetch queue entry created (2/128).
  60000: global: DynInst: [sn:150] Instruction created. Instcount for system.cpu = 15
  60000: system.cpu.fetch: [tid:0] Instruction PC (0x401021=>0x401023).(1=>2) created [sn:150].
  60000: system.cpu.fetch: [tid:0] Instruction is:   ADD_M_R : add   t1b, t1b, al
  60000: system.cpu.fetch: [tid:0] Fetch queue entry created (3/128).
  60000: global: DynInst: [sn:160] Instruction created. Instcount for system.cpu = 16
  60000: system.cpu.fetch: [tid:0] Instruction PC (0x401021=>0x401023).(2=>3) created [sn:160].
  60000: system.cpu.fetch: [tid:0] Instruction is:   ADD_M_R : st   t1b, DS:[rax]
  60000: system.cpu.fetch: [tid:0] Fetch queue entry created (4/128).
  60000: system.cpu.decoder: Decode: Decoded add instruction: 
{
	leg = 0,
	rex = 0,
	vex/xop = 0,
	op = {
		type = one byte,
		op = 0,
		},
	modRM = 0,
	sib = 0,
	immediate = 0,
	displacement = 0
	dispSize = 0}

  60000: global: DynInst: [sn:170] Instruction created. Instcount for system.cpu = 17
  60000: system.cpu.fetch: [tid:0] Instruction PC (0x401023=>0x401025).(0=>1) created [sn:170].
  60000: system.cpu.fetch: [tid:0] Instruction is:   ADD_M_R : ldst   t1b, DS:[rax]
  60000: system.cpu.fetch: [tid:0] Fetch queue entry created (5/128).
  60000: global: DynInst: [sn:180] Instruction created. Instcount for system.cpu = 18
  60000: system.cpu.fetch: [tid:0] Instruction PC (0x401023=>0x401025).(1=>2) created [sn:180].
  60000: system.cpu.fetch: [tid:0] Instruction is:   ADD_M_R : add   t1b, t1b, al
  60000: system.cpu.fetch: [tid:0] Fetch queue entry created (6/128).
  60000: system.cpu.fetch: [tid:0] Done fetching, reached fetch bandwidth for this cycle.
  60000: system.cpu.fetch: [tid:0] [sn:130] Sending instruction to decode from fetch queue. Fetch queue size: 6.
  60000: system.cpu.fetch: [tid:0] [sn:140] Sending instruction to decode from fetch queue. Fetch queue size: 5.
  60000: system.cpu.fetch: [tid:0] [sn:150] Sending instruction to decode from fetch queue. Fetch queue size: 4.
  60000: system.cpu.fetch: [tid:0] [sn:160] Sending instruction to decode from fetch queue. Fetch queue size: 3.
  60000: system.cpu.fetch: [tid:0] [sn:170] Sending instruction to decode from fetch queue. Fetch queue size: 2.
  60000: system.cpu.fetch: [tid:0] [sn:180] Sending instruction to decode from fetch queue. Fetch queue size: 1.
  60000: system.cpu.fetch: Activity this cycle.
  60000: system.cpu: Activity: 4
  60000: system.cpu.decode: Processing [tid:0]
  60000: system.cpu.decode: [tid:0] Bypass moves from Rename: 0
  60000: system.cpu.decode: [tid:0] Not blocked, so attempting to run stage.
  60000: system.cpu.decode: [tid:0] Sending instruction to rename.
  60000: system.cpu.decode: [tid:0] Processing instruction [sn:70] with PC (0x40100f=>0x401013).(1=>2)
  60000: system.cpu.decode: [tid:0] Processing instruction [sn:80] with PC (0x401013=>0x40101a).(0=>1)
  60000: system.cpu.decode: [tid:0] Processing instruction [sn:90] with PC (0x40101a=>0x40101d).(0=>1)
  60000: system.cpu.decode: [tid:0] Processing instruction [sn:100] with PC (0x40101d=>0x40101f).(0=>1)
  60000: system.cpu.decode: [tid:0] Processing instruction [sn:110] with PC (0x40101f=>0x401021).(0=>1)
  60000: system.cpu.decode: [tid:0] Processing instruction [sn:120] with PC (0x40101f=>0x401021).(1=>2)
  60000: system.cpu.decode: Activity this cycle.
  60000: system.cpu.rename: Processing [tid:0]
  60000: system.cpu.rename: [tid:0] Free IQ: 204, Free ROB: 512, Free LQ: 192, Free SQ: 114, FreeRM 63(473 464 511 1022 63 8 2555)
  60000: system.cpu.rename: [tid:0] 0 instructions not yet in ROB
  60000: system.cpu.rename: calcFreeLQEntries: free lqEntries: 192, loadsInProgress: 0, loads dispatchedToLQ: 0
  60000: system.cpu.rename: [tid:0] Not blocked, so attempting to run stage.
  60000: system.cpu.rename: [tid:0] 6 available instructions to send iew.
  60000: system.cpu.rename: [tid:0] 0 insts pipelining from Rename | 0 insts dispatched to IQ last cycle.
  60000: system.cpu.rename: [tid:0] Sending instructions to IEW.
  60000: system.cpu.rename: [tid:0] Processing instruction [sn:10] with PC (0x401000=>0x401004).(0=>1).
  60000: global: Renamed reg t1 to physical reg 39 (39) old mapping was 17 (17)
  60000: system.cpu.rename: [tid:0] Renaming arch reg 17 (integer) to physical reg 39 (39).
  60000: system.cpu.rename: [tid:0] [sn:10] Adding instruction to history buffer (size=1).
  60000: system.cpu.rename: [tid:0] Processing instruction [sn:20] with PC (0x401000=>0x401004).(1=>2).
  60000: system.cpu.rename: [tid:0] Looking up integer arch reg 4, got phys reg 4 (integer)
  60000: system.cpu.rename: [tid:0] Register 4 (flat: 4) (integer) is ready.
  60000: global: [sn:20] has 1 ready out of 7 sources. RTI 0)
  60000: system.cpu.rename: [tid:0] Looking up integer arch reg 17, got phys reg 39 (integer)
  60000: system.cpu.rename: [tid:0] Register 39 (flat: 39) (integer) is not ready.
  60000: system.cpu.rename: [tid:0] Looking up invalid arch reg 0, got phys reg 4294967295 (invalid)
  60000: system.cpu.rename: [tid:0] Register 4294967295 (flat: 4294967295) (invalid) is ready.
  60000: global: [sn:20] has 2 ready out of 7 sources. RTI 0)
  60000: system.cpu.rename: [tid:0] Looking up invalid arch reg 0, got phys reg 4294967295 (invalid)
  60000: system.cpu.rename: [tid:0] Register 4294967295 (flat: 4294967295) (invalid) is ready.
  60000: global: [sn:20] has 3 ready out of 7 sources. RTI 0)
  60000: system.cpu.rename: [tid:0] Looking up invalid arch reg 0, got phys reg 4294967295 (invalid)
  60000: system.cpu.rename: [tid:0] Register 4294967295 (flat: 4294967295) (invalid) is ready.
  60000: global: [sn:20] has 4 ready out of 7 sources. RTI 0)
  60000: system.cpu.rename: [tid:0] Looking up invalid arch reg 0, got phys reg 4294967295 (invalid)
  60000: system.cpu.rename: [tid:0] Register 4294967295 (flat: 4294967295) (invalid) is ready.
  60000: global: [sn:20] has 5 ready out of 7 sources. RTI 0)
  60000: system.cpu.rename: [tid:0] Looking up invalid arch reg 0, got phys reg 4294967295 (invalid)
  60000: system.cpu.rename: [tid:0] Register 4294967295 (flat: 4294967295) (invalid) is ready.
  60000: global: [sn:20] has 6 ready out of 7 sources. RTI 0)
  60000: global: Renamed reg rsp to physical reg 40 (40) old mapping was 4 (4)
  60000: system.cpu.rename: [tid:0] Renaming arch reg 4 (integer) to physical reg 40 (40).
  60000: system.cpu.rename: [tid:0] [sn:20] Adding instruction to history buffer (size=2).
  60000: global: Renamed reg condition_code[0] to physical reg 2637 (2637) old mapping was 2632 (2632)
  60000: system.cpu.rename: [tid:0] Renaming arch reg 0 (condition_code) to physical reg 5 (2637).
  60000: system.cpu.rename: [tid:0] [sn:20] Adding instruction to history buffer (size=3).
  60000: global: Renamed reg condition_code[1] to physical reg 2638 (2638) old mapping was 2633 (2633)
  60000: system.cpu.rename: [tid:0] Renaming arch reg 1 (condition_code) to physical reg 6 (2638).
  60000: system.cpu.rename: [tid:0] [sn:20] Adding instruction to history buffer (size=4).
  60000: system.cpu.rename: [tid:0] Renaming arch reg 0 (invalid) to physical reg 4294967295 (4294967295).
  60000: system.cpu.rename: [tid:0] [sn:20] Adding instruction to history buffer (size=5).
  60000: system.cpu.rename: [tid:0] Renaming arch reg 0 (invalid) to physical reg 4294967295 (4294967295).
  60000: system.cpu.rename: [tid:0] [sn:20] Adding instruction to history buffer (size=6).
  60000: system.cpu.rename: [tid:0] Renaming arch reg 0 (invalid) to physical reg 4294967295 (4294967295).
  60000: system.cpu.rename: [tid:0] [sn:20] Adding instruction to history buffer (size=7).
  60000: system.cpu.rename: [tid:0] Processing instruction [sn:30] with PC (0x401004=>0x40100b).(0=>1).
  60000: global: Renamed reg t1 to physical reg 41 (41) old mapping was 39 (39)
  60000: system.cpu.rename: [tid:0] Renaming arch reg 17 (integer) to physical reg 41 (41).
  60000: system.cpu.rename: [tid:0] [sn:30] Adding instruction to history buffer (size=8).
  60000: system.cpu.rename: calcFreeSQEntries: free sqEntries: 114, storesInProgress: 0, stores dispatchedToSQ: 0
  60000: system.cpu.rename: [tid:0] Processing instruction [sn:40] with PC (0x401004=>0x40100b).(1=>2).
  60000: system.cpu.rename: [tid:0] Looking up invalid arch reg 0, got phys reg 4294967295 (invalid)
  60000: system.cpu.rename: [tid:0] Register 4294967295 (flat: 4294967295) (invalid) is ready.
  60000: global: [sn:40] has 1 ready out of 4 sources. RTI 0)
  60000: system.cpu.rename: [tid:0] Looking up integer arch reg 4, got phys reg 40 (integer)
  60000: system.cpu.rename: [tid:0] Register 40 (flat: 40) (integer) is not ready.
  60000: system.cpu.rename: [tid:0] Looking up integer arch reg 17, got phys reg 41 (integer)
  60000: system.cpu.rename: [tid:0] Register 41 (flat: 41) (integer) is not ready.
  60000: system.cpu.rename: [tid:0] Looking up miscellaneous arch reg 154, got phys reg 154 (miscellaneous)
  60000: system.cpu.rename: [tid:0] Register 154 (flat: 0) (miscellaneous) is ready.
  60000: global: [sn:40] has 2 ready out of 4 sources. RTI 0)
  60000: system.cpu.rename: calcFreeLQEntries: free lqEntries: 192, loadsInProgress: 0, loads dispatchedToLQ: 0
  60000: system.cpu.rename: [tid:0] Processing instruction [sn:50] with PC (0x40100b=>0x40100f).(0=>1).
  60000: system.cpu.rename: [tid:0] Mascot prediction for load [sn:50] type: 0; distance1: 0; distance2: 0
  60000: system.cpu.rename: [tid:0] Looking up invalid arch reg 0, got phys reg 4294967295 (invalid)
  60000: system.cpu.rename: [tid:0] Register 4294967295 (flat: 4294967295) (invalid) is ready.
  60000: global: [sn:50] has 1 ready out of 4 sources. RTI 0)
  60000: system.cpu.rename: [tid:0] Looking up integer arch reg 4, got phys reg 40 (integer)
  60000: system.cpu.rename: [tid:0] Register 40 (flat: 40) (integer) is not ready.
  60000: system.cpu.rename: [tid:0] Looking up integer arch reg 3, got phys reg 3 (integer)
  60000: system.cpu.rename: [tid:0] Register 3 (flat: 3) (integer) is ready.
  60000: global: [sn:50] has 2 ready out of 4 sources. RTI 0)
  60000: system.cpu.rename: [tid:0] Looking up miscellaneous arch reg 154, got phys reg 154 (miscellaneous)
  60000: system.cpu.rename: [tid:0] Register 154 (flat: 0) (miscellaneous) is ready.
  60000: global: [sn:50] has 3 ready out of 4 sources. RTI 0)
  60000: global: Renamed reg rbx to physical reg 42 (42) old mapping was 3 (3)
  60000: system.cpu.rename: [tid:0] Renaming arch reg 3 (integer) to physical reg 42 (42).
  60000: system.cpu.rename: [tid:0] [sn:50] Adding instruction to history buffer (size=9).
  60000: system.cpu.rename: [tid:0] Processing instruction [sn:60] with PC (0x40100f=>0x401013).(0=>1).
  60000: global: Renamed reg t1 to physical reg 43 (43) old mapping was 41 (41)
  60000: system.cpu.rename: [tid:0] Renaming arch reg 17 (integer) to physical reg 43 (43).
  60000: system.cpu.rename: [tid:0] [sn:60] Adding instruction to history buffer (size=10).
  60000: system.cpu.rename: Activity this cycle.
  60000: system.cpu.iew: Issue: Processing [tid:0]
  60000: system.cpu.iew: [tid:0] Not blocked, so attempting to run dispatch.
  60000: system.cpu.iq: Attempting to schedule ready instructions from the IQ.
  60000: system.cpu.iq: Not able to schedule any instructions.
  60000: system.cpu.iew: Processing [tid:0]
  60000: system.cpu.iew: [tid:0], Dispatch dispatched 0 instructions.
  60000: system.cpu.iew.lsq.thread0: SQ size: 114, #stores occupied: 0
  60000: system.cpu.iew.lsq.thread0: LQ size: 192, #loads occupied: 0
  60000: system.cpu.iew: IQ has 204 free entries (Can schedule: 0).  LQ has 192 free entries. SQ has 114 free entries.
  60000: system.cpu.commit: Getting instructions from Rename stage.
  60000: system.cpu.commit: Trying to commit instructions in the ROB.
  60000: system.cpu.commit: [tid:0] ROB has 0 insts & 512 free entries.
  60000: system.cpu: Scheduling next tick!
  61000: system.cpu: 

O3CPU: Ticking main, O3CPU.
  61000: system.cpu.fetch: Running stage.
  61000: system.cpu.fetch: Attempting to fetch from [tid:0]
  61000: system.cpu.fetch: [tid:0] Adding instructions to queue to decode.
  61000: global: DynInst: [sn:190] Instruction created. Instcount for system.cpu = 19
  61000: system.cpu.fetch: [tid:0] Instruction PC (0x401023=>0x401025).(2=>3) created [sn:190].
  61000: system.cpu.fetch: [tid:0] Instruction is:   ADD_M_R : st   t1b, DS:[rax]
  61000: system.cpu.fetch: [tid:0] Fetch queue entry created (1/128).
  61000: system.cpu.decoder: Decode: Decoded add instruction: 
{
	leg = 0,
	rex = 0,
	vex/xop = 0,
	op = {
		type = one byte,
		op = 0,
		},
	modRM = 0,
	sib = 0,
	immediate = 0,
	displacement = 0
	dispSize = 0}

  61000: global: DynInst: [sn:200] Instruction created. Instcount for system.cpu = 20
  61000: system.cpu.fetch: [tid:0] Instruction PC (0x401025=>0x401027).(0=>1) created [sn:200].
  61000: system.cpu.fetch: [tid:0] Instruction is:   ADD_M_R : ldst   t1b, DS:[rax]
  61000: system.cpu.fetch: [tid:0] Fetch queue entry created (2/128).
  61000: global: DynInst: [sn:210] Instruction created. Instcount for system.cpu = 21
  61000: system.cpu.fetch: [tid:0] Instruction PC (0x401025=>0x401027).(1=>2) created [sn:210].
  61000: system.cpu.fetch: [tid:0] Instruction is:   ADD_M_R : add   t1b, t1b, al
  61000: system.cpu.fetch: [tid:0] Fetch queue entry created (3/128).
  61000: global: DynInst: [sn:220] Instruction created. Instcount for system.cpu = 22
  61000: system.cpu.fetch: [tid:0] Instruction PC (0x401025=>0x401027).(2=>3) created [sn:220].
  61000: system.cpu.fetch: [tid:0] Instruction is:   ADD_M_R : st   t1b, DS:[rax]
  61000: system.cpu.fetch: [tid:0] Fetch queue entry created (4/128).
  61000: system.cpu.decoder: Decode: Decoded add instruction: 
{
	leg = 0,
	rex = 0,
	vex/xop = 0,
	op = {
		type = one byte,
		op = 0,
		},
	modRM = 0,
	sib = 0,
	immediate = 0,
	displacement = 0
	dispSize = 0}

  61000: global: DynInst: [sn:230] Instruction created. Instcount for system.cpu = 23
  61000: system.cpu.fetch: [tid:0] Instruction PC (0x401027=>0x401029).(0=>1) created [sn:230].
  61000: system.cpu.fetch: [tid:0] Instruction is:   ADD_M_R : ldst   t1b, DS:[rax]
  61000: system.cpu.fetch: [tid:0] Fetch queue entry created (5/128).
  61000: global: DynInst: [sn:240] Instruction created. Instcount for system.cpu = 24
  61000: system.cpu.fetch: [tid:0] Instruction PC (0x401027=>0x401029).(1=>2) created [sn:240].
  61000: system.cpu.fetch: [tid:0] Instruction is:   ADD_M_R : add   t1b, t1b, al
  61000: system.cpu.fetch: [tid:0] Fetch queue entry created (6/128).
  61000: system.cpu.fetch: [tid:0] Done fetching, reached fetch bandwidth for this cycle.
  61000: system.cpu.fetch: [tid:0] [sn:190] Sending instruction to decode from fetch queue. Fetch queue size: 6.
  61000: system.cpu.fetch: [tid:0] [sn:200] Sending instruction to decode from fetch queue. Fetch queue size: 5.
  61000: system.cpu.fetch: [tid:0] [sn:210] Sending instruction to decode from fetch queue. Fetch queue size: 4.
  61000: system.cpu.fetch: [tid:0] [sn:220] Sending instruction to decode from fetch queue. Fetch queue size: 3.
  61000: system.cpu.fetch: [tid:0] [sn:230] Sending instruction to decode from fetch queue. Fetch queue size: 2.
  61000: system.cpu.fetch: [tid:0] [sn:240] Sending instruction to decode from fetch queue. Fetch queue size: 1.
  61000: system.cpu.fetch: Activity this cycle.
  61000: system.cpu: Activity: 5
  61000: system.cpu.decode: Processing [tid:0]
  61000: system.cpu.decode: [tid:0] Bypass moves from Rename: 0
  61000: system.cpu.decode: [tid:0] Not blocked, so attempting to run stage.
  61000: system.cpu.decode: [tid:0] Sending instruction to rename.
  61000: system.cpu.decode: [tid:0] Processing instruction [sn:130] with PC (0x40101f=>0x401021).(2=>3)
  61000: system.cpu.decode: [tid:0] Processing instruction [sn:140] with PC (0x401021=>0x401023).(0=>1)
  61000: system.cpu.decode: [tid:0] Processing instruction [sn:150] with PC (0x401021=>0x401023).(1=>2)
  61000: system.cpu.decode: [tid:0] Processing instruction [sn:160] with PC (0x401021=>0x401023).(2=>3)
  61000: system.cpu.decode: [tid:0] Processing instruction [sn:170] with PC (0x401023=>0x401025).(0=>1)
  61000: system.cpu.decode: [tid:0] Processing instruction [sn:180] with PC (0x401023=>0x401025).(1=>2)
  61000: system.cpu.decode: Activity this cycle.
  61000: system.cpu.rename: Processing [tid:0]
  61000: system.cpu.rename: [tid:0] Free IQ: 204, Free ROB: 512, Free LQ: 192, Free SQ: 114, FreeRM 63(468 464 511 1022 63 8 2553)
  61000: system.cpu.rename: [tid:0] 6 instructions not yet in ROB
  61000: system.cpu.rename: calcFreeLQEntries: free lqEntries: 192, loadsInProgress: 1, loads dispatchedToLQ: 0
  61000: system.cpu.rename: [tid:0] Not blocked, so attempting to run stage.
  61000: system.cpu.rename: [tid:0] 6 available instructions to send iew.
  61000: system.cpu.rename: [tid:0] 6 insts pipelining from Rename | 0 insts dispatched to IQ last cycle.
  61000: system.cpu.rename: [tid:0] Sending instructions to IEW.
  61000: system.cpu.rename: [tid:0] Processing instruction [sn:70] with PC (0x40100f=>0x401013).(1=>2).
  61000: system.cpu.rename: [tid:0] Looking up integer arch reg 4, got phys reg 40 (integer)
  61000: system.cpu.rename: [tid:0] Register 40 (flat: 40) (integer) is not ready.
  61000: system.cpu.rename: [tid:0] Looking up integer arch reg 17, got phys reg 43 (integer)
  61000: system.cpu.rename: [tid:0] Register 43 (flat: 43) (integer) is not ready.
  61000: system.cpu.rename: [tid:0] Looking up invalid arch reg 0, got phys reg 4294967295 (invalid)
  61000: system.cpu.rename: [tid:0] Register 4294967295 (flat: 4294967295) (invalid) is ready.
  61000: global: [sn:70] has 1 ready out of 7 sources. RTI 0)
  61000: system.cpu.rename: [tid:0] Looking up invalid arch reg 0, got phys reg 4294967295 (invalid)
  61000: system.cpu.rename: [tid:0] Register 4294967295 (flat: 4294967295) (invalid) is ready.
  61000: global: [sn:70] has 2 ready out of 7 sources. RTI 0)
  61000: system.cpu.rename: [tid:0] Looking up invalid arch reg 0, got phys reg 4294967295 (invalid)
  61000: system.cpu.rename: [tid:0] Register 4294967295 (flat: 4294967295) (invalid) is ready.
  61000: global: [sn:70] has 3 ready out of 7 sources. RTI 0)
  61000: system.cpu.rename: [tid:0] Looking up invalid arch reg 0, got phys reg 4294967295 (invalid)
  61000: system.cpu.rename: [tid:0] Register 4294967295 (flat: 4294967295) (invalid) is ready.
  61000: global: [sn:70] has 4 ready out of 7 sources. RTI 0)
  61000: system.cpu.rename: [tid:0] Looking up invalid arch reg 0, got phys reg 4294967295 (invalid)
  61000: system.cpu.rename: [tid:0] Register 4294967295 (flat: 4294967295) (invalid) is ready.
  61000: global: [sn:70] has 5 ready out of 7 sources. RTI 0)
  61000: global: Renamed reg rsp to physical reg 44 (44) old mapping was 40 (40)
  61000: system.cpu.rename: [tid:0] Renaming arch reg 4 (integer) to physical reg 44 (44).
  61000: system.cpu.rename: [tid:0] [sn:70] Adding instruction to history buffer (size=11).
  61000: global: Renamed reg condition_code[0] to physical reg 2639 (2639) old mapping was 2637 (2637)
  61000: system.cpu.rename: [tid:0] Renaming arch reg 0 (condition_code) to physical reg 7 (2639).
  61000: system.cpu.rename: [tid:0] [sn:70] Adding instruction to history buffer (size=12).
  61000: global: Renamed reg condition_code[1] to physical reg 2640 (2640) old mapping was 2638 (2638)
  61000: system.cpu.rename: [tid:0] Renaming arch reg 1 (condition_code) to physical reg 8 (2640).
  61000: system.cpu.rename: [tid:0] [sn:70] Adding instruction to history buffer (size=13).
  61000: system.cpu.rename: [tid:0] Renaming arch reg 0 (invalid) to physical reg 4294967295 (4294967295).
  61000: system.cpu.rename: [tid:0] [sn:70] Adding instruction to history buffer (size=14).
  61000: system.cpu.rename: [tid:0] Renaming arch reg 0 (invalid) to physical reg 4294967295 (4294967295).
  61000: system.cpu.rename: [tid:0] [sn:70] Adding instruction to history buffer (size=15).
  61000: system.cpu.rename: [tid:0] Renaming arch reg 0 (invalid) to physical reg 4294967295 (4294967295).
  61000: system.cpu.rename: [tid:0] [sn:70] Adding instruction to history buffer (size=16).
  61000: system.cpu.rename: [tid:0] Processing instruction [sn:80] with PC (0x401013=>0x40101a).(0=>1).
  61000: global: Renamed reg rax to physical reg 45 (45) old mapping was 0 (0)
  61000: system.cpu.rename: [tid:0] Renaming arch reg 0 (integer) to physical reg 45 (45).
  61000: system.cpu.rename: [tid:0] [sn:80] Adding instruction to history buffer (size=17).
  61000: system.cpu.rename: [tid:0] Processing instruction [sn:90] with PC (0x40101a=>0x40101d).(0=>1).
  61000: system.cpu.rename: [tid:0] Looking up integer arch reg 7, got phys reg 7 (integer)
  61000: system.cpu.rename: [tid:0] Register 7 (flat: 7) (integer) is ready.
  61000: global: [sn:90] has 1 ready out of 7 sources. RTI 0)
  61000: system.cpu.rename: [tid:0] Looking up integer arch reg 7, got phys reg 7 (integer)
  61000: system.cpu.rename: [tid:0] Register 7 (flat: 7) (integer) is ready.
  61000: global: [sn:90] has 2 ready out of 7 sources. RTI 0)
  61000: system.cpu.rename: [tid:0] Looking up invalid arch reg 0, got phys reg 4294967295 (invalid)
  61000: system.cpu.rename: [tid:0] Register 4294967295 (flat: 4294967295) (invalid) is ready.
  61000: global: [sn:90] has 3 ready out of 7 sources. RTI 0)
  61000: system.cpu.rename: [tid:0] Looking up invalid arch reg 0, got phys reg 4294967295 (invalid)
  61000: system.cpu.rename: [tid:0] Register 4294967295 (flat: 4294967295) (invalid) is ready.
  61000: global: [sn:90] has 4 ready out of 7 sources. RTI 0)
  61000: system.cpu.rename: [tid:0] Looking up invalid arch reg 0, got phys reg 4294967295 (invalid)
  61000: system.cpu.rename: [tid:0] Register 4294967295 (flat: 4294967295) (invalid) is ready.
  61000: global: [sn:90] has 5 ready out of 7 sources. RTI 0)
  61000: system.cpu.rename: [tid:0] Looking up invalid arch reg 0, got phys reg 4294967295 (invalid)
  61000: system.cpu.rename: [tid:0] Register 4294967295 (flat: 4294967295) (invalid) is ready.
  61000: global: [sn:90] has 6 ready out of 7 sources. RTI 0)
  61000: system.cpu.rename: [tid:0] Looking up invalid arch reg 0, got phys reg 4294967295 (invalid)
  61000: system.cpu.rename: [tid:0] Register 4294967295 (flat: 4294967295) (invalid) is ready.
  61000: global: [sn:90] has 7 ready out of 7 sources. RTI 0)
  61000: global: Renamed reg rdi to physical reg 46 (46) old mapping was 7 (7)
  61000: system.cpu.rename: [tid:0] Renaming arch reg 7 (integer) to physical reg 46 (46).
  61000: system.cpu.rename: [tid:0] [sn:90] Adding instruction to history buffer (size=18).
  61000: global: Renamed reg condition_code[0] to physical reg 2641 (2641) old mapping was 2639 (2639)
  61000: system.cpu.rename: [tid:0] Renaming arch reg 0 (condition_code) to physical reg 9 (2641).
  61000: system.cpu.rename: [tid:0] [sn:90] Adding instruction to history buffer (size=19).
  61000: global: Renamed reg condition_code[1] to physical reg 2642 (2642) old mapping was 2640 (2640)
  61000: system.cpu.rename: [tid:0] Renaming arch reg 1 (condition_code) to physical reg 10 (2642).
  61000: system.cpu.rename: [tid:0] [sn:90] Adding instruction to history buffer (size=20).
  61000: system.cpu.rename: [tid:0] Renaming arch reg 0 (invalid) to physical reg 4294967295 (4294967295).
  61000: system.cpu.rename: [tid:0] [sn:90] Adding instruction to history buffer (size=21).
  61000: system.cpu.rename: [tid:0] Renaming arch reg 0 (invalid) to physical reg 4294967295 (4294967295).
  61000: system.cpu.rename: [tid:0] [sn:90] Adding instruction to history buffer (size=22).
  61000: system.cpu.rename: [tid:0] Renaming arch reg 0 (invalid) to physical reg 4294967295 (4294967295).
  61000: system.cpu.rename: [tid:0] [sn:90] Adding instruction to history buffer (size=23).
  61000: system.cpu.rename: [tid:0] Processing instruction [sn:100] with PC (0x40101d=>0x40101f).(0=>1).
  61000: system.cpu.rename: calcFreeLQEntries: free lqEntries: 192, loadsInProgress: 1, loads dispatchedToLQ: 0
  61000: system.cpu.rename: [tid:0] Processing instruction [sn:110] with PC (0x40101f=>0x401021).(0=>1).
  61000: system.cpu.rename: [tid:0] Mascot prediction for load [sn:110] type: 0; distance1: 0; distance2: 0
  61000: system.cpu.rename: [tid:0] Looking up invalid arch reg 0, got phys reg 4294967295 (invalid)
  61000: system.cpu.rename: [tid:0] Register 4294967295 (flat: 4294967295) (invalid) is ready.
  61000: global: [sn:110] has 1 ready out of 4 sources. RTI 0)
  61000: system.cpu.rename: [tid:0] Looking up integer arch reg 0, got phys reg 45 (integer)
  61000: system.cpu.rename: [tid:0] Register 45 (flat: 45) (integer) is not ready.
  61000: system.cpu.rename: [tid:0] Looking up integer arch reg 17, got phys reg 43 (integer)
  61000: system.cpu.rename: [tid:0] Register 43 (flat: 43) (integer) is not ready.
  61000: system.cpu.rename: [tid:0] Looking up miscellaneous arch reg 155, got phys reg 155 (miscellaneous)
  61000: system.cpu.rename: [tid:0] Register 155 (flat: 0) (miscellaneous) is ready.
  61000: global: [sn:110] has 2 ready out of 4 sources. RTI 0)
  61000: global: Renamed reg t1 to physical reg 47 (47) old mapping was 43 (43)
  61000: system.cpu.rename: [tid:0] Renaming arch reg 17 (integer) to physical reg 47 (47).
  61000: system.cpu.rename: [tid:0] [sn:110] Adding instruction to history buffer (size=24).
  61000: system.cpu.rename: [tid:0] Processing instruction [sn:120] with PC (0x40101f=>0x401021).(1=>2).
  61000: system.cpu.rename: [tid:0] Looking up integer arch reg 17, got phys reg 47 (integer)
  61000: system.cpu.rename: [tid:0] Register 47 (flat: 47) (integer) is not ready.
  61000: system.cpu.rename: [tid:0] Looking up integer arch reg 0, got phys reg 45 (integer)
  61000: system.cpu.rename: [tid:0] Register 45 (flat: 45) (integer) is not ready.
  61000: system.cpu.rename: [tid:0] Looking up integer arch reg 17, got phys reg 47 (integer)
  61000: system.cpu.rename: [tid:0] Register 47 (flat: 47) (integer) is not ready.
  61000: system.cpu.rename: [tid:0] Looking up invalid arch reg 0, got phys reg 4294967295 (invalid)
  61000: system.cpu.rename: [tid:0] Register 4294967295 (flat: 4294967295) (invalid) is ready.
  61000: global: [sn:120] has 1 ready out of 8 sources. RTI 0)
  61000: system.cpu.rename: [tid:0] Looking up invalid arch reg 0, got phys reg 4294967295 (invalid)
  61000: system.cpu.rename: [tid:0] Register 4294967295 (flat: 4294967295) (invalid) is ready.
  61000: global: [sn:120] has 2 ready out of 8 sources. RTI 0)
  61000: system.cpu.rename: [tid:0] Looking up invalid arch reg 0, got phys reg 4294967295 (invalid)
  61000: system.cpu.rename: [tid:0] Register 4294967295 (flat: 4294967295) (invalid) is ready.
  61000: global: [sn:120] has 3 ready out of 8 sources. RTI 0)
  61000: system.cpu.rename: [tid:0] Looking up invalid arch reg 0, got phys reg 4294967295 (invalid)
  61000: system.cpu.rename: [tid:0] Register 4294967295 (flat: 4294967295) (invalid) is ready.
  61000: global: [sn:120] has 4 ready out of 8 sources. RTI 0)
  61000: system.cpu.rename: [tid:0] Looking up invalid arch reg 0, got phys reg 4294967295 (invalid)
  61000: system.cpu.rename: [tid:0] Register 4294967295 (flat: 4294967295) (invalid) is ready.
  61000: global: [sn:120] has 5 ready out of 8 sources. RTI 0)
  61000: global: Renamed reg t1 to physical reg 48 (48) old mapping was 47 (47)
  61000: system.cpu.rename: [tid:0] Renaming arch reg 17 (integer) to physical reg 48 (48).
  61000: system.cpu.rename: [tid:0] [sn:120] Adding instruction to history buffer (size=25).
  61000: global: Renamed reg condition_code[0] to physical reg 2643 (2643) old mapping was 2641 (2641)
  61000: system.cpu.rename: [tid:0] Renaming arch reg 0 (condition_code) to physical reg 11 (2643).
  61000: system.cpu.rename: [tid:0] [sn:120] Adding instruction to history buffer (size=26).
  61000: global: Renamed reg condition_code[1] to physical reg 2644 (2644) old mapping was 2642 (2642)
  61000: system.cpu.rename: [tid:0] Renaming arch reg 1 (condition_code) to physical reg 12 (2644).
  61000: system.cpu.rename: [tid:0] [sn:120] Adding instruction to history buffer (size=27).
  61000: system.cpu.rename: [tid:0] Renaming arch reg 0 (invalid) to physical reg 4294967295 (4294967295).
  61000: system.cpu.rename: [tid:0] [sn:120] Adding instruction to history buffer (size=28).
  61000: system.cpu.rename: [tid:0] Renaming arch reg 0 (invalid) to physical reg 4294967295 (4294967295).
  61000: system.cpu.rename: [tid:0] [sn:120] Adding instruction to history buffer (size=29).
  61000: system.cpu.rename: [tid:0] Renaming arch reg 0 (invalid) to physical reg 4294967295 (4294967295).
  61000: system.cpu.rename: [tid:0] [sn:120] Adding instruction to history buffer (size=30).
  61000: system.cpu.rename: Activity this cycle.
  61000: system.cpu.iew: Issue: Processing [tid:0]
  61000: system.cpu.iew: [tid:0] Not blocked, so attempting to run dispatch.
  61000: system.cpu.iq: Attempting to schedule ready instructions from the IQ.
  61000: system.cpu.iq: Not able to schedule any instructions.
  61000: system.cpu.iew: Processing [tid:0]
  61000: system.cpu.iew: [tid:0], Dispatch dispatched 0 instructions.
  61000: system.cpu.iew.lsq.thread0: SQ size: 114, #stores occupied: 0
  61000: system.cpu.iew.lsq.thread0: LQ size: 192, #loads occupied: 0
  61000: system.cpu.iew: IQ has 204 free entries (Can schedule: 0).  LQ has 192 free entries. SQ has 114 free entries.
  61000: system.cpu.commit: Getting instructions from Rename stage.
  61000: system.cpu.commit: [tid:0] [sn:10] Inserting PC (0x401000=>0x401004).(0=>1) into ROB.
  61000: system.cpu.rob: Adding inst PC (0x401000=>0x401004).(0=>1) to the ROB.
  61000: system.cpu.rob: [tid:0] Now has 1 instructions.
  61000: system.cpu.commit: [tid:0] [sn:20] Inserting PC (0x401000=>0x401004).(1=>2) into ROB.
  61000: system.cpu.rob: Adding inst PC (0x401000=>0x401004).(1=>2) to the ROB.
  61000: system.cpu.rob: [tid:0] Now has 2 instructions.
  61000: system.cpu.commit: [tid:0] [sn:30] Inserting PC (0x401004=>0x40100b).(0=>1) into ROB.
  61000: system.cpu.rob: Adding inst PC (0x401004=>0x40100b).(0=>1) to the ROB.
  61000: system.cpu.rob: [tid:0] Now has 3 instructions.
  61000: system.cpu.commit: [tid:0] [sn:40] Inserting PC (0x401004=>0x40100b).(1=>2) into ROB.
  61000: system.cpu.rob: Adding inst PC (0x401004=>0x40100b).(1=>2) to the ROB.
  61000: system.cpu.rob: [tid:0] Now has 4 instructions.
  61000: system.cpu.commit: [tid:0] [sn:50] Inserting PC (0x40100b=>0x40100f).(0=>1) into ROB.
  61000: system.cpu.rob: Adding inst PC (0x40100b=>0x40100f).(0=>1) to the ROB.
  61000: system.cpu.rob: [tid:0] Now has 5 instructions.
  61000: system.cpu.commit: [tid:0] [sn:60] Inserting PC (0x40100f=>0x401013).(0=>1) into ROB.
  61000: system.cpu.rob: Adding inst PC (0x40100f=>0x401013).(0=>1) to the ROB.
  61000: system.cpu.rob: [tid:0] Now has 6 instructions.
  61000: system.cpu.commit: Trying to commit instructions in the ROB.
  61000: system.cpu.commit: [tid:0] Can't commit, Instruction [sn:10] PC (0x401000=>0x401004).(0=>1) is head of ROB and not ready
  61000: system.cpu.commit: [tid:0] ROB has 6 insts & 506 free entries.
  61000: system.cpu.commit: Activity This Cycle.
  61000: system.cpu: Scheduling next tick!
  62000: system.cpu: 

O3CPU: Ticking main, O3CPU.
  62000: system.cpu.fetch: Running stage.
  62000: system.cpu.fetch: Attempting to fetch from [tid:0]
  62000: system.cpu.fetch: [tid:0] Adding instructions to queue to decode.
  62000: global: DynInst: [sn:250] Instruction created. Instcount for system.cpu = 25
  62000: system.cpu.fetch: [tid:0] Instruction PC (0x401027=>0x401029).(2=>3) created [sn:250].
  62000: system.cpu.fetch: [tid:0] Instruction is:   ADD_M_R : st   t1b, DS:[rax]
  62000: system.cpu.fetch: [tid:0] Fetch queue entry created (1/128).
  62000: system.cpu.decoder: Decode: Decoded add instruction: 
{
	leg = 0,
	rex = 0,
	vex/xop = 0,
	op = {
		type = one byte,
		op = 0,
		},
	modRM = 0,
	sib = 0,
	immediate = 0,
	displacement = 0
	dispSize = 0}

  62000: global: DynInst: [sn:260] Instruction created. Instcount for system.cpu = 26
  62000: system.cpu.fetch: [tid:0] Instruction PC (0x401029=>0x40102b).(0=>1) created [sn:260].
  62000: system.cpu.fetch: [tid:0] Instruction is:   ADD_M_R : ldst   t1b, DS:[rax]
  62000: system.cpu.fetch: [tid:0] Fetch queue entry created (2/128).
  62000: global: DynInst: [sn:270] Instruction created. Instcount for system.cpu = 27
  62000: system.cpu.fetch: [tid:0] Instruction PC (0x401029=>0x40102b).(1=>2) created [sn:270].
  62000: system.cpu.fetch: [tid:0] Instruction is:   ADD_M_R : add   t1b, t1b, al
  62000: system.cpu.fetch: [tid:0] Fetch queue entry created (3/128).
  62000: global: DynInst: [sn:280] Instruction created. Instcount for system.cpu = 28
  62000: system.cpu.fetch: [tid:0] Instruction PC (0x401029=>0x40102b).(2=>3) created [sn:280].
  62000: system.cpu.fetch: [tid:0] Instruction is:   ADD_M_R : st   t1b, DS:[rax]
  62000: system.cpu.fetch: [tid:0] Fetch queue entry created (4/128).
  62000: system.cpu.decoder: Decode: Decoded add instruction: 
{
	leg = 0,
	rex = 0,
	vex/xop = 0,
	op = {
		type = one byte,
		op = 0,
		},
	modRM = 0,
	sib = 0,
	immediate = 0,
	displacement = 0
	dispSize = 0}

  62000: global: DynInst: [sn:290] Instruction created. Instcount for system.cpu = 29
  62000: system.cpu.fetch: [tid:0] Instruction PC (0x40102b=>0x40102d).(0=>1) created [sn:290].
  62000: system.cpu.fetch: [tid:0] Instruction is:   ADD_M_R : ldst   t1b, DS:[rax]
  62000: system.cpu.fetch: [tid:0] Fetch queue entry created (5/128).
  62000: global: DynInst: [sn:300] Instruction created. Instcount for system.cpu = 30
  62000: system.cpu.fetch: [tid:0] Instruction PC (0x40102b=>0x40102d).(1=>2) created [sn:300].
  62000: system.cpu.fetch: [tid:0] Instruction is:   ADD_M_R : add   t1b, t1b, al
  62000: system.cpu.fetch: [tid:0] Fetch queue entry created (6/128).
  62000: system.cpu.fetch: [tid:0] Done fetching, reached fetch bandwidth for this cycle.
  62000: system.cpu.fetch: [tid:0] [sn:250] Sending instruction to decode from fetch queue. Fetch queue size: 6.
  62000: system.cpu.fetch: [tid:0] [sn:260] Sending instruction to decode from fetch queue. Fetch queue size: 5.
  62000: system.cpu.fetch: [tid:0] [sn:270] Sending instruction to decode from fetch queue. Fetch queue size: 4.
  62000: system.cpu.fetch: [tid:0] [sn:280] Sending instruction to decode from fetch queue. Fetch queue size: 3.
  62000: system.cpu.fetch: [tid:0] [sn:290] Sending instruction to decode from fetch queue. Fetch queue size: 2.
  62000: system.cpu.fetch: [tid:0] [sn:300] Sending instruction to decode from fetch queue. Fetch queue size: 1.
  62000: system.cpu.fetch: Activity this cycle.
  62000: system.cpu: Activity: 6
  62000: system.cpu.decode: Processing [tid:0]
  62000: system.cpu.decode: [tid:0] Bypass moves from Rename: 0
  62000: system.cpu.decode: [tid:0] Not blocked, so attempting to run stage.
  62000: system.cpu.decode: [tid:0] Sending instruction to rename.
  62000: system.cpu.decode: [tid:0] Processing instruction [sn:190] with PC (0x401023=>0x401025).(2=>3)
  62000: system.cpu.decode: [tid:0] Processing instruction [sn:200] with PC (0x401025=>0x401027).(0=>1)
  62000: system.cpu.decode: [tid:0] Processing instruction [sn:210] with PC (0x401025=>0x401027).(1=>2)
  62000: system.cpu.decode: [tid:0] Processing instruction [sn:220] with PC (0x401025=>0x401027).(2=>3)
  62000: system.cpu.decode: [tid:0] Processing instruction [sn:230] with PC (0x401027=>0x401029).(0=>1)
  62000: system.cpu.decode: [tid:0] Processing instruction [sn:240] with PC (0x401027=>0x401029).(1=>2)
  62000: system.cpu.decode: Activity this cycle.
  62000: system.cpu.rename: Processing [tid:0]
  62000: system.cpu.rename: [tid:0] Free IQ: 204, Free ROB: 506, Free LQ: 192, Free SQ: 114, FreeRM 63(463 464 511 1022 63 8 2547)
  62000: system.cpu.rename: [tid:0] 12 instructions not yet in ROB
  62000: system.cpu.rename: calcFreeLQEntries: free lqEntries: 192, loadsInProgress: 2, loads dispatchedToLQ: 0
  62000: system.cpu.rename: [tid:0] Not blocked, so attempting to run stage.
  62000: system.cpu.rename: [tid:0] 6 available instructions to send iew.
  62000: system.cpu.rename: [tid:0] 12 insts pipelining from Rename | 0 insts dispatched to IQ last cycle.
  62000: system.cpu.rename: [tid:0] Sending instructions to IEW.
  62000: system.cpu.rename: calcFreeSQEntries: free sqEntries: 114, storesInProgress: 1, stores dispatchedToSQ: 0
  62000: system.cpu.rename: [tid:0] Processing instruction [sn:130] with PC (0x40101f=>0x401021).(2=>3).
  62000: system.cpu.rename: [tid:0] Looking up invalid arch reg 0, got phys reg 4294967295 (invalid)
  62000: system.cpu.rename: [tid:0] Register 4294967295 (flat: 4294967295) (invalid) is ready.
  62000: global: [sn:130] has 1 ready out of 4 sources. RTI 0)
  62000: system.cpu.rename: [tid:0] Looking up integer arch reg 0, got phys reg 45 (integer)
  62000: system.cpu.rename: [tid:0] Register 45 (flat: 45) (integer) is not ready.
  62000: system.cpu.rename: [tid:0] Looking up integer arch reg 17, got phys reg 48 (integer)
  62000: system.cpu.rename: [tid:0] Register 48 (flat: 48) (integer) is not ready.
  62000: system.cpu.rename: [tid:0] Looking up miscellaneous arch reg 155, got phys reg 155 (miscellaneous)
  62000: system.cpu.rename: [tid:0] Register 155 (flat: 0) (miscellaneous) is ready.
  62000: global: [sn:130] has 2 ready out of 4 sources. RTI 0)
  62000: system.cpu.rename: calcFreeLQEntries: free lqEntries: 192, loadsInProgress: 2, loads dispatchedToLQ: 0
  62000: system.cpu.rename: [tid:0] Processing instruction [sn:140] with PC (0x401021=>0x401023).(0=>1).
  62000: system.cpu.rename: [tid:0] Mascot prediction for load [sn:140] type: 0; distance1: 0; distance2: 0
  62000: system.cpu.rename: [tid:0] Looking up invalid arch reg 0, got phys reg 4294967295 (invalid)
  62000: system.cpu.rename: [tid:0] Register 4294967295 (flat: 4294967295) (invalid) is ready.
  62000: global: [sn:140] has 1 ready out of 4 sources. RTI 0)
  62000: system.cpu.rename: [tid:0] Looking up integer arch reg 0, got phys reg 45 (integer)
  62000: system.cpu.rename: [tid:0] Register 45 (flat: 45) (integer) is not ready.
  62000: system.cpu.rename: [tid:0] Looking up integer arch reg 17, got phys reg 48 (integer)
  62000: system.cpu.rename: [tid:0] Register 48 (flat: 48) (integer) is not ready.
  62000: system.cpu.rename: [tid:0] Looking up miscellaneous arch reg 155, got phys reg 155 (miscellaneous)
  62000: system.cpu.rename: [tid:0] Register 155 (flat: 0) (miscellaneous) is ready.
  62000: global: [sn:140] has 2 ready out of 4 sources. RTI 0)
  62000: global: Renamed reg t1 to physical reg 49 (49) old mapping was 48 (48)
  62000: system.cpu.rename: [tid:0] Renaming arch reg 17 (integer) to physical reg 49 (49).
  62000: system.cpu.rename: [tid:0] [sn:140] Adding instruction to history buffer (size=31).
  62000: system.cpu.rename: [tid:0] Processing instruction [sn:150] with PC (0x401021=>0x401023).(1=>2).
  62000: system.cpu.rename: [tid:0] Looking up integer arch reg 17, got phys reg 49 (integer)
  62000: system.cpu.rename: [tid:0] Register 49 (flat: 49) (integer) is not ready.
  62000: system.cpu.rename: [tid:0] Looking up integer arch reg 0, got phys reg 45 (integer)
  62000: system.cpu.rename: [tid:0] Register 45 (flat: 45) (integer) is not ready.
  62000: system.cpu.rename: [tid:0] Looking up integer arch reg 17, got phys reg 49 (integer)
  62000: system.cpu.rename: [tid:0] Register 49 (flat: 49) (integer) is not ready.
  62000: system.cpu.rename: [tid:0] Looking up invalid arch reg 0, got phys reg 4294967295 (invalid)
  62000: system.cpu.rename: [tid:0] Register 4294967295 (flat: 4294967295) (invalid) is ready.
  62000: global: [sn:150] has 1 ready out of 8 sources. RTI 0)
  62000: system.cpu.rename: [tid:0] Looking up invalid arch reg 0, got phys reg 4294967295 (invalid)
  62000: system.cpu.rename: [tid:0] Register 4294967295 (flat: 4294967295) (invalid) is ready.
  62000: global: [sn:150] has 2 ready out of 8 sources. RTI 0)
  62000: system.cpu.rename: [tid:0] Looking up invalid arch reg 0, got phys reg 4294967295 (invalid)
  62000: system.cpu.rename: [tid:0] Register 4294967295 (flat: 4294967295) (invalid) is ready.
  62000: global: [sn:150] has 3 ready out of 8 sources. RTI 0)
  62000: system.cpu.rename: [tid:0] Looking up invalid arch reg 0, got phys reg 4294967295 (invalid)
  62000: system.cpu.rename: [tid:0] Register 4294967295 (flat: 4294967295) (invalid) is ready.
  62000: global: [sn:150] has 4 ready out of 8 sources. RTI 0)
  62000: system.cpu.rename: [tid:0] Looking up invalid arch reg 0, got phys reg 4294967295 (invalid)
  62000: system.cpu.rename: [tid:0] Register 4294967295 (flat: 4294967295) (invalid) is ready.
  62000: global: [sn:150] has 5 ready out of 8 sources. RTI 0)
  62000: global: Renamed reg t1 to physical reg 50 (50) old mapping was 49 (49)
  62000: system.cpu.rename: [tid:0] Renaming arch reg 17 (integer) to physical reg 50 (50).
  62000: system.cpu.rename: [tid:0] [sn:150] Adding instruction to history buffer (size=32).
  62000: global: Renamed reg condition_code[0] to physical reg 2645 (2645) old mapping was 2643 (2643)
  62000: system.cpu.rename: [tid:0] Renaming arch reg 0 (condition_code) to physical reg 13 (2645).
  62000: system.cpu.rename: [tid:0] [sn:150] Adding instruction to history buffer (size=33).
  62000: global: Renamed reg condition_code[1] to physical reg 2646 (2646) old mapping was 2644 (2644)
  62000: system.cpu.rename: [tid:0] Renaming arch reg 1 (condition_code) to physical reg 14 (2646).
  62000: system.cpu.rename: [tid:0] [sn:150] Adding instruction to history buffer (size=34).
  62000: system.cpu.rename: [tid:0] Renaming arch reg 0 (invalid) to physical reg 4294967295 (4294967295).
  62000: system.cpu.rename: [tid:0] [sn:150] Adding instruction to history buffer (size=35).
  62000: system.cpu.rename: [tid:0] Renaming arch reg 0 (invalid) to physical reg 4294967295 (4294967295).
  62000: system.cpu.rename: [tid:0] [sn:150] Adding instruction to history buffer (size=36).
  62000: system.cpu.rename: [tid:0] Renaming arch reg 0 (invalid) to physical reg 4294967295 (4294967295).
  62000: system.cpu.rename: [tid:0] [sn:150] Adding instruction to history buffer (size=37).
  62000: system.cpu.rename: calcFreeSQEntries: free sqEntries: 114, storesInProgress: 2, stores dispatchedToSQ: 0
  62000: system.cpu.rename: [tid:0] Processing instruction [sn:160] with PC (0x401021=>0x401023).(2=>3).
  62000: system.cpu.rename: [tid:0] Looking up invalid arch reg 0, got phys reg 4294967295 (invalid)
  62000: system.cpu.rename: [tid:0] Register 4294967295 (flat: 4294967295) (invalid) is ready.
  62000: global: [sn:160] has 1 ready out of 4 sources. RTI 0)
  62000: system.cpu.rename: [tid:0] Looking up integer arch reg 0, got phys reg 45 (integer)
  62000: system.cpu.rename: [tid:0] Register 45 (flat: 45) (integer) is not ready.
  62000: system.cpu.rename: [tid:0] Looking up integer arch reg 17, got phys reg 50 (integer)
  62000: system.cpu.rename: [tid:0] Register 50 (flat: 50) (integer) is not ready.
  62000: system.cpu.rename: [tid:0] Looking up miscellaneous arch reg 155, got phys reg 155 (miscellaneous)
  62000: system.cpu.rename: [tid:0] Register 155 (flat: 0) (miscellaneous) is ready.
  62000: global: [sn:160] has 2 ready out of 4 sources. RTI 0)
  62000: system.cpu.rename: calcFreeLQEntries: free lqEntries: 192, loadsInProgress: 3, loads dispatchedToLQ: 0
  62000: system.cpu.rename: [tid:0] Processing instruction [sn:170] with PC (0x401023=>0x401025).(0=>1).
  62000: system.cpu.rename: [tid:0] Mascot prediction for load [sn:170] type: 0; distance1: 0; distance2: 0
  62000: system.cpu.rename: [tid:0] Looking up invalid arch reg 0, got phys reg 4294967295 (invalid)
  62000: system.cpu.rename: [tid:0] Register 4294967295 (flat: 4294967295) (invalid) is ready.
  62000: global: [sn:170] has 1 ready out of 4 sources. RTI 0)
  62000: system.cpu.rename: [tid:0] Looking up integer arch reg 0, got phys reg 45 (integer)
  62000: system.cpu.rename: [tid:0] Register 45 (flat: 45) (integer) is not ready.
  62000: system.cpu.rename: [tid:0] Looking up integer arch reg 17, got phys reg 50 (integer)
  62000: system.cpu.rename: [tid:0] Register 50 (flat: 50) (integer) is not ready.
  62000: system.cpu.rename: [tid:0] Looking up miscellaneous arch reg 155, got phys reg 155 (miscellaneous)
  62000: system.cpu.rename: [tid:0] Register 155 (flat: 0) (miscellaneous) is ready.
  62000: global: [sn:170] has 2 ready out of 4 sources. RTI 0)
  62000: global: Renamed reg t1 to physical reg 51 (51) old mapping was 50 (50)
  62000: system.cpu.rename: [tid:0] Renaming arch reg 17 (integer) to physical reg 51 (51).
  62000: system.cpu.rename: [tid:0] [sn:170] Adding instruction to history buffer (size=38).
  62000: system.cpu.rename: [tid:0] Processing instruction [sn:180] with PC (0x401023=>0x401025).(1=>2).
  62000: system.cpu.rename: [tid:0] Looking up integer arch reg 17, got phys reg 51 (integer)
  62000: system.cpu.rename: [tid:0] Register 51 (flat: 51) (integer) is not ready.
  62000: system.cpu.rename: [tid:0] Looking up integer arch reg 0, got phys reg 45 (integer)
  62000: system.cpu.rename: [tid:0] Register 45 (flat: 45) (integer) is not ready.
  62000: system.cpu.rename: [tid:0] Looking up integer arch reg 17, got phys reg 51 (integer)
  62000: system.cpu.rename: [tid:0] Register 51 (flat: 51) (integer) is not ready.
  62000: system.cpu.rename: [tid:0] Looking up invalid arch reg 0, got phys reg 4294967295 (invalid)
  62000: system.cpu.rename: [tid:0] Register 4294967295 (flat: 4294967295) (invalid) is ready.
  62000: global: [sn:180] has 1 ready out of 8 sources. RTI 0)
  62000: system.cpu.rename: [tid:0] Looking up invalid arch reg 0, got phys reg 4294967295 (invalid)
  62000: system.cpu.rename: [tid:0] Register 4294967295 (flat: 4294967295) (invalid) is ready.
  62000: global: [sn:180] has 2 ready out of 8 sources. RTI 0)
  62000: system.cpu.rename: [tid:0] Looking up invalid arch reg 0, got phys reg 4294967295 (invalid)
  62000: system.cpu.rename: [tid:0] Register 4294967295 (flat: 4294967295) (invalid) is ready.
  62000: global: [sn:180] has 3 ready out of 8 sources. RTI 0)
  62000: system.cpu.rename: [tid:0] Looking up invalid arch reg 0, got phys reg 4294967295 (invalid)
  62000: system.cpu.rename: [tid:0] Register 4294967295 (flat: 4294967295) (invalid) is ready.
  62000: global: [sn:180] has 4 ready out of 8 sources. RTI 0)
  62000: system.cpu.rename: [tid:0] Looking up invalid arch reg 0, got phys reg 4294967295 (invalid)
  62000: system.cpu.rename: [tid:0] Register 4294967295 (flat: 4294967295) (invalid) is ready.
  62000: global: [sn:180] has 5 ready out of 8 sources. RTI 0)
  62000: global: Renamed reg t1 to physical reg 52 (52) old mapping was 51 (51)
  62000: system.cpu.rename: [tid:0] Renaming arch reg 17 (integer) to physical reg 52 (52).
  62000: system.cpu.rename: [tid:0] [sn:180] Adding instruction to history buffer (size=39).
  62000: global: Renamed reg condition_code[0] to physical reg 2647 (2647) old mapping was 2645 (2645)
  62000: system.cpu.rename: [tid:0] Renaming arch reg 0 (condition_code) to physical reg 15 (2647).
  62000: system.cpu.rename: [tid:0] [sn:180] Adding instruction to history buffer (size=40).
  62000: global: Renamed reg condition_code[1] to physical reg 2648 (2648) old mapping was 2646 (2646)
  62000: system.cpu.rename: [tid:0] Renaming arch reg 1 (condition_code) to physical reg 16 (2648).
  62000: system.cpu.rename: [tid:0] [sn:180] Adding instruction to history buffer (size=41).
  62000: system.cpu.rename: [tid:0] Renaming arch reg 0 (invalid) to physical reg 4294967295 (4294967295).
  62000: system.cpu.rename: [tid:0] [sn:180] Adding instruction to history buffer (size=42).
  62000: system.cpu.rename: [tid:0] Renaming arch reg 0 (invalid) to physical reg 4294967295 (4294967295).
  62000: system.cpu.rename: [tid:0] [sn:180] Adding instruction to history buffer (size=43).
  62000: system.cpu.rename: [tid:0] Renaming arch reg 0 (invalid) to physical reg 4294967295 (4294967295).
  62000: system.cpu.rename: [tid:0] [sn:180] Adding instruction to history buffer (size=44).
  62000: system.cpu.rename: Activity this cycle.
  62000: system.cpu.iew: Issue: Processing [tid:0]
  62000: system.cpu.iew: [tid:0] Not blocked, so attempting to run dispatch.
  62000: system.cpu.iew: [tid:0] Issue: Adding PC (0x401000=>0x401004).(0=>1) [sn:10] [tid:0] to IQ.
  62000: system.cpu.iq: Adding instruction [sn:10] PC (0x401000=>0x401004).(0=>1) to the IQ.
  62000: system.cpu.iq: Instruction is ready to issue, putting it onto the ready list, PC (0x401000=>0x401004).(0=>1) opclass:1 [sn:10].
  62000: system.cpu.iew: [tid:0] Issue: Adding PC (0x401000=>0x401004).(1=>2) [sn:20] [tid:0] to IQ.
  62000: system.cpu.iq: Adding instruction [sn:20] PC (0x401000=>0x401004).(1=>2) to the IQ.
  62000: system.cpu.iq: Instruction PC (0x401000=>0x401004).(1=>2) has src reg 39 (integer) that is being added to the dependency chain.
  62000: system.cpu.iew: [tid:0] Issue: Adding PC (0x401004=>0x40100b).(0=>1) [sn:30] [tid:0] to IQ.
  62000: system.cpu.iq: Adding instruction [sn:30] PC (0x401004=>0x40100b).(0=>1) to the IQ.
  62000: system.cpu.iq: Instruction is ready to issue, putting it onto the ready list, PC (0x401004=>0x40100b).(0=>1) opclass:1 [sn:30].
  62000: system.cpu.iew: [tid:0] Issue: Adding PC (0x401004=>0x40100b).(1=>2) [sn:40] [tid:0] to IQ.
  62000: system.cpu.iew: [tid:0] Issue: Memory instruction encountered, adding to LSQ.
  62000: system.cpu.iew.lsq.thread0: Inserting store PC (0x401004=>0x40100b).(1=>2), idx:0 [sn:40]
  62000: system.cpu.iq: Adding instruction [sn:40] PC (0x401004=>0x40100b).(1=>2) to the IQ.
  62000: system.cpu.iq: Instruction PC (0x401004=>0x40100b).(1=>2) has src reg 40 (integer) that is being added to the dependency chain.
  62000: system.cpu.iq: Instruction PC (0x401004=>0x40100b).(1=>2) has src reg 41 (integer) that is being added to the dependency chain.
  62000: memdepentry: Memory dependency entry created. memdep_count=1 (0x401004=>0x40100b).(1=>2)
  62000: system.cpu.memDep0: No dependency for inst PC (0x401004=>0x40100b).(1=>2) [sn:40].
  62000: system.cpu.memDep0: Inserting store/atomic PC (0x401004=>0x40100b).(1=>2) [sn:40].
  62000: system.cpu.iew: [tid:0] Issue: Adding PC (0x40100b=>0x40100f).(0=>1) [sn:50] [tid:0] to IQ.
  62000: system.cpu.iew: [tid:0] Issue: Memory instruction encountered, adding to LSQ.
  62000: system.cpu.iew.lsq.thread0: Inserting load PC (0x40100b=>0x40100f).(0=>1), idx:0 [sn:50]
  62000: system.cpu.iq: Adding instruction [sn:50] PC (0x40100b=>0x40100f).(0=>1) to the IQ.
  62000: system.cpu.iq: Instruction PC (0x40100b=>0x40100f).(0=>1) has src reg 40 (integer) that is being added to the dependency chain.
  62000: memdepentry: Memory dependency entry created. memdep_count=2 (0x40100b=>0x40100f).(0=>1)
  62000: system.cpu.memDep0: No dependency for inst PC (0x40100b=>0x40100f).(0=>1) [sn:50].
  62000: system.cpu.iew: [tid:0] Issue: Adding PC (0x40100f=>0x401013).(0=>1) [sn:60] [tid:0] to IQ.
  62000: system.cpu.iq: Adding instruction [sn:60] PC (0x40100f=>0x401013).(0=>1) to the IQ.
  62000: system.cpu.iq: Instruction is ready to issue, putting it onto the ready list, PC (0x40100f=>0x401013).(0=>1) opclass:1 [sn:60].
  62000: system.cpu.iq: Attempting to schedule ready instructions from the IQ.
  62000: system.cpu.iq: Thread 0: Issuing instruction PC (0x401000=>0x401004).(0=>1) [sn:10]
  62000: system.cpu.iq: Thread 0: Issuing instruction PC (0x401004=>0x40100b).(0=>1) [sn:30]
  62000: system.cpu.iq: Thread 0: Issuing instruction PC (0x40100f=>0x401013).(0=>1) [sn:60]
  62000: system.cpu.iew: Processing [tid:0]
  62000: system.cpu.iew: [tid:0], Dispatch dispatched 6 instructions.
  62000: system.cpu.iew.lsq.thread0: SQ size: 114, #stores occupied: 1
  62000: system.cpu.iew.lsq.thread0: LQ size: 192, #loads occupied: 1
  62000: system.cpu.iew: IQ has 201 free entries (Can schedule: 0).  LQ has 191 free entries. SQ has 113 free entries.
  62000: system.cpu.commit: Getting instructions from Rename stage.
  62000: system.cpu.commit: [tid:0] [sn:70] Inserting PC (0x40100f=>0x401013).(1=>2) into ROB.
  62000: system.cpu.rob: Adding inst PC (0x40100f=>0x401013).(1=>2) to the ROB.
  62000: system.cpu.rob: [tid:0] Now has 7 instructions.
  62000: system.cpu.commit: [tid:0] [sn:80] Inserting PC (0x401013=>0x40101a).(0=>1) into ROB.
  62000: system.cpu.rob: Adding inst PC (0x401013=>0x40101a).(0=>1) to the ROB.
  62000: system.cpu.rob: [tid:0] Now has 8 instructions.
  62000: system.cpu.commit: [tid:0] [sn:90] Inserting PC (0x40101a=>0x40101d).(0=>1) into ROB.
  62000: system.cpu.rob: Adding inst PC (0x40101a=>0x40101d).(0=>1) to the ROB.
  62000: system.cpu.rob: [tid:0] Now has 9 instructions.
  62000: system.cpu.commit: [tid:0] [sn:100] Inserting PC (0x40101d=>0x40101f).(0=>1) into ROB.
  62000: system.cpu.rob: Adding inst PC (0x40101d=>0x40101f).(0=>1) to the ROB.
  62000: system.cpu.rob: [tid:0] Now has 10 instructions.
  62000: system.cpu.commit: [tid:0] [sn:110] Inserting PC (0x40101f=>0x401021).(0=>1) into ROB.
  62000: system.cpu.rob: Adding inst PC (0x40101f=>0x401021).(0=>1) to the ROB.
  62000: system.cpu.rob: [tid:0] Now has 11 instructions.
  62000: system.cpu.commit: [tid:0] [sn:120] Inserting PC (0x40101f=>0x401021).(1=>2) into ROB.
  62000: system.cpu.rob: Adding inst PC (0x40101f=>0x401021).(1=>2) to the ROB.
  62000: system.cpu.rob: [tid:0] Now has 12 instructions.
  62000: system.cpu.commit: Trying to commit instructions in the ROB.
  62000: system.cpu.commit: [tid:0] Can't commit, Instruction [sn:10] PC (0x401000=>0x401004).(0=>1) is head of ROB and not ready
  62000: system.cpu.commit: [tid:0] ROB has 12 insts & 500 free entries.
  62000: system.cpu.commit: Activity This Cycle.
  62000: system.cpu: Scheduling next tick!
  63000: system.cpu: 

O3CPU: Ticking main, O3CPU.
  63000: system.cpu.fetch: Running stage.
  63000: system.cpu.fetch: Attempting to fetch from [tid:0]
  63000: system.cpu.fetch: [tid:0] Adding instructions to queue to decode.
  63000: global: DynInst: [sn:310] Instruction created. Instcount for system.cpu = 31
  63000: system.cpu.fetch: [tid:0] Instruction PC (0x40102b=>0x40102d).(2=>3) created [sn:310].
  63000: system.cpu.fetch: [tid:0] Instruction is:   ADD_M_R : st   t1b, DS:[rax]
  63000: system.cpu.fetch: [tid:0] Fetch queue entry created (1/128).
  63000: system.cpu.decoder: Decode: Decoded add instruction: 
{
	leg = 0,
	rex = 0,
	vex/xop = 0,
	op = {
		type = one byte,
		op = 0,
		},
	modRM = 0,
	sib = 0,
	immediate = 0,
	displacement = 0
	dispSize = 0}

  63000: global: DynInst: [sn:320] Instruction created. Instcount for system.cpu = 32
  63000: system.cpu.fetch: [tid:0] Instruction PC (0x40102d=>0x40102f).(0=>1) created [sn:320].
  63000: system.cpu.fetch: [tid:0] Instruction is:   ADD_M_R : ldst   t1b, DS:[rax]
  63000: system.cpu.fetch: [tid:0] Fetch queue entry created (2/128).
  63000: global: DynInst: [sn:330] Instruction created. Instcount for system.cpu = 33
  63000: system.cpu.fetch: [tid:0] Instruction PC (0x40102d=>0x40102f).(1=>2) created [sn:330].
  63000: system.cpu.fetch: [tid:0] Instruction is:   ADD_M_R : add   t1b, t1b, al
  63000: system.cpu.fetch: [tid:0] Fetch queue entry created (3/128).
  63000: global: DynInst: [sn:340] Instruction created. Instcount for system.cpu = 34
  63000: system.cpu.fetch: [tid:0] Instruction PC (0x40102d=>0x40102f).(2=>3) created [sn:340].
  63000: system.cpu.fetch: [tid:0] Instruction is:   ADD_M_R : st   t1b, DS:[rax]
  63000: system.cpu.fetch: [tid:0] Fetch queue entry created (4/128).
  63000: system.cpu.decoder: Decode: Decoded add instruction: 
{
	leg = 0,
	rex = 0,
	vex/xop = 0,
	op = {
		type = one byte,
		op = 0,
		},
	modRM = 0,
	sib = 0,
	immediate = 0,
	displacement = 0
	dispSize = 0}

  63000: global: DynInst: [sn:350] Instruction created. Instcount for system.cpu = 35
  63000: system.cpu.fetch: [tid:0] Instruction PC (0x40102f=>0x401031).(0=>1) created [sn:350].
  63000: system.cpu.fetch: [tid:0] Instruction is:   ADD_M_R : ldst   t1b, DS:[rax]
  63000: system.cpu.fetch: [tid:0] Fetch queue entry created (5/128).
  63000: global: DynInst: [sn:360] Instruction created. Instcount for system.cpu = 36
  63000: system.cpu.fetch: [tid:0] Instruction PC (0x40102f=>0x401031).(1=>2) created [sn:360].
  63000: system.cpu.fetch: [tid:0] Instruction is:   ADD_M_R : add   t1b, t1b, al
  63000: system.cpu.fetch: [tid:0] Fetch queue entry created (6/128).
  63000: system.cpu.fetch: [tid:0] Done fetching, reached fetch bandwidth for this cycle.
  63000: system.cpu.fetch: [tid:0] [sn:310] Sending instruction to decode from fetch queue. Fetch queue size: 6.
  63000: system.cpu.fetch: [tid:0] [sn:320] Sending instruction to decode from fetch queue. Fetch queue size: 5.
  63000: system.cpu.fetch: [tid:0] [sn:330] Sending instruction to decode from fetch queue. Fetch queue size: 4.
  63000: system.cpu.fetch: [tid:0] [sn:340] Sending instruction to decode from fetch queue. Fetch queue size: 3.
  63000: system.cpu.fetch: [tid:0] [sn:350] Sending instruction to decode from fetch queue. Fetch queue size: 2.
  63000: system.cpu.fetch: [tid:0] [sn:360] Sending instruction to decode from fetch queue. Fetch queue size: 1.
  63000: system.cpu.fetch: Activity this cycle.
  63000: system.cpu: Activity: 7
  63000: system.cpu.decode: Processing [tid:0]
  63000: system.cpu.decode: [tid:0] Bypass moves from Rename: 0
  63000: system.cpu.decode: [tid:0] Not blocked, so attempting to run stage.
  63000: system.cpu.decode: [tid:0] Sending instruction to rename.
  63000: system.cpu.decode: [tid:0] Processing instruction [sn:250] with PC (0x401027=>0x401029).(2=>3)
  63000: system.cpu.decode: [tid:0] Processing instruction [sn:260] with PC (0x401029=>0x40102b).(0=>1)
  63000: system.cpu.decode: [tid:0] Processing instruction [sn:270] with PC (0x401029=>0x40102b).(1=>2)
  63000: system.cpu.decode: [tid:0] Processing instruction [sn:280] with PC (0x401029=>0x40102b).(2=>3)
  63000: system.cpu.decode: [tid:0] Processing instruction [sn:290] with PC (0x40102b=>0x40102d).(0=>1)
  63000: system.cpu.decode: [tid:0] Processing instruction [sn:300] with PC (0x40102b=>0x40102d).(1=>2)
  63000: system.cpu.decode: Activity this cycle.
  63000: system.cpu.rename: Processing [tid:0]
  63000: system.cpu.rename: [tid:0] Free IQ: 204, Free ROB: 500, Free LQ: 192, Free SQ: 114, FreeRM 63(459 464 511 1022 63 8 2543)
  63000: system.cpu.rename: [tid:0] 18 instructions not yet in ROB
  63000: system.cpu.rename: calcFreeLQEntries: free lqEntries: 192, loadsInProgress: 4, loads dispatchedToLQ: 1
  63000: system.cpu.rename: [tid:0] Not blocked, so attempting to run stage.
  63000: system.cpu.rename: [tid:0] 6 available instructions to send iew.
  63000: system.cpu.rename: [tid:0] 18 insts pipelining from Rename | 6 insts dispatched to IQ last cycle.
  63000: system.cpu.rename: [tid:0] Sending instructions to IEW.
  63000: system.cpu.rename: calcFreeSQEntries: free sqEntries: 114, storesInProgress: 3, stores dispatchedToSQ: 1
  63000: system.cpu.rename: [tid:0] Processing instruction [sn:190] with PC (0x401023=>0x401025).(2=>3).
  63000: system.cpu.rename: [tid:0] Looking up invalid arch reg 0, got phys reg 4294967295 (invalid)
  63000: system.cpu.rename: [tid:0] Register 4294967295 (flat: 4294967295) (invalid) is ready.
  63000: global: [sn:190] has 1 ready out of 4 sources. RTI 0)
  63000: system.cpu.rename: [tid:0] Looking up integer arch reg 0, got phys reg 45 (integer)
  63000: system.cpu.rename: [tid:0] Register 45 (flat: 45) (integer) is not ready.
  63000: system.cpu.rename: [tid:0] Looking up integer arch reg 17, got phys reg 52 (integer)
  63000: system.cpu.rename: [tid:0] Register 52 (flat: 52) (integer) is not ready.
  63000: system.cpu.rename: [tid:0] Looking up miscellaneous arch reg 155, got phys reg 155 (miscellaneous)
  63000: system.cpu.rename: [tid:0] Register 155 (flat: 0) (miscellaneous) is ready.
  63000: global: [sn:190] has 2 ready out of 4 sources. RTI 0)
  63000: system.cpu.rename: calcFreeLQEntries: free lqEntries: 192, loadsInProgress: 4, loads dispatchedToLQ: 1
  63000: system.cpu.rename: [tid:0] Processing instruction [sn:200] with PC (0x401025=>0x401027).(0=>1).
  63000: system.cpu.rename: [tid:0] Mascot prediction for load [sn:200] type: 0; distance1: 0; distance2: 0
  63000: system.cpu.rename: [tid:0] Looking up invalid arch reg 0, got phys reg 4294967295 (invalid)
  63000: system.cpu.rename: [tid:0] Register 4294967295 (flat: 4294967295) (invalid) is ready.
  63000: global: [sn:200] has 1 ready out of 4 sources. RTI 0)
  63000: system.cpu.rename: [tid:0] Looking up integer arch reg 0, got phys reg 45 (integer)
  63000: system.cpu.rename: [tid:0] Register 45 (flat: 45) (integer) is not ready.
  63000: system.cpu.rename: [tid:0] Looking up integer arch reg 17, got phys reg 52 (integer)
  63000: system.cpu.rename: [tid:0] Register 52 (flat: 52) (integer) is not ready.
  63000: system.cpu.rename: [tid:0] Looking up miscellaneous arch reg 155, got phys reg 155 (miscellaneous)
  63000: system.cpu.rename: [tid:0] Register 155 (flat: 0) (miscellaneous) is ready.
  63000: global: [sn:200] has 2 ready out of 4 sources. RTI 0)
  63000: global: Renamed reg t1 to physical reg 53 (53) old mapping was 52 (52)
  63000: system.cpu.rename: [tid:0] Renaming arch reg 17 (integer) to physical reg 53 (53).
  63000: system.cpu.rename: [tid:0] [sn:200] Adding instruction to history buffer (size=45).
  63000: system.cpu.rename: [tid:0] Processing instruction [sn:210] with PC (0x401025=>0x401027).(1=>2).
  63000: system.cpu.rename: [tid:0] Looking up integer arch reg 17, got phys reg 53 (integer)
  63000: system.cpu.rename: [tid:0] Register 53 (flat: 53) (integer) is not ready.
  63000: system.cpu.rename: [tid:0] Looking up integer arch reg 0, got phys reg 45 (integer)
  63000: system.cpu.rename: [tid:0] Register 45 (flat: 45) (integer) is not ready.
  63000: system.cpu.rename: [tid:0] Looking up integer arch reg 17, got phys reg 53 (integer)
  63000: system.cpu.rename: [tid:0] Register 53 (flat: 53) (integer) is not ready.
  63000: system.cpu.rename: [tid:0] Looking up invalid arch reg 0, got phys reg 4294967295 (invalid)
  63000: system.cpu.rename: [tid:0] Register 4294967295 (flat: 4294967295) (invalid) is ready.
  63000: global: [sn:210] has 1 ready out of 8 sources. RTI 0)
  63000: system.cpu.rename: [tid:0] Looking up invalid arch reg 0, got phys reg 4294967295 (invalid)
  63000: system.cpu.rename: [tid:0] Register 4294967295 (flat: 4294967295) (invalid) is ready.
  63000: global: [sn:210] has 2 ready out of 8 sources. RTI 0)
  63000: system.cpu.rename: [tid:0] Looking up invalid arch reg 0, got phys reg 4294967295 (invalid)
  63000: system.cpu.rename: [tid:0] Register 4294967295 (flat: 4294967295) (invalid) is ready.
  63000: global: [sn:210] has 3 ready out of 8 sources. RTI 0)
  63000: system.cpu.rename: [tid:0] Looking up invalid arch reg 0, got phys reg 4294967295 (invalid)
  63000: system.cpu.rename: [tid:0] Register 4294967295 (flat: 4294967295) (invalid) is ready.
  63000: global: [sn:210] has 4 ready out of 8 sources. RTI 0)
  63000: system.cpu.rename: [tid:0] Looking up invalid arch reg 0, got phys reg 4294967295 (invalid)
  63000: system.cpu.rename: [tid:0] Register 4294967295 (flat: 4294967295) (invalid) is ready.
  63000: global: [sn:210] has 5 ready out of 8 sources. RTI 0)
  63000: global: Renamed reg t1 to physical reg 54 (54) old mapping was 53 (53)
  63000: system.cpu.rename: [tid:0] Renaming arch reg 17 (integer) to physical reg 54 (54).
  63000: system.cpu.rename: [tid:0] [sn:210] Adding instruction to history buffer (size=46).
  63000: global: Renamed reg condition_code[0] to physical reg 2649 (2649) old mapping was 2647 (2647)
  63000: system.cpu.rename: [tid:0] Renaming arch reg 0 (condition_code) to physical reg 17 (2649).
  63000: system.cpu.rename: [tid:0] [sn:210] Adding instruction to history buffer (size=47).
  63000: global: Renamed reg condition_code[1] to physical reg 2650 (2650) old mapping was 2648 (2648)
  63000: system.cpu.rename: [tid:0] Renaming arch reg 1 (condition_code) to physical reg 18 (2650).
  63000: system.cpu.rename: [tid:0] [sn:210] Adding instruction to history buffer (size=48).
  63000: system.cpu.rename: [tid:0] Renaming arch reg 0 (invalid) to physical reg 4294967295 (4294967295).
  63000: system.cpu.rename: [tid:0] [sn:210] Adding instruction to history buffer (size=49).
  63000: system.cpu.rename: [tid:0] Renaming arch reg 0 (invalid) to physical reg 4294967295 (4294967295).
  63000: system.cpu.rename: [tid:0] [sn:210] Adding instruction to history buffer (size=50).
  63000: system.cpu.rename: [tid:0] Renaming arch reg 0 (invalid) to physical reg 4294967295 (4294967295).
  63000: system.cpu.rename: [tid:0] [sn:210] Adding instruction to history buffer (size=51).
  63000: system.cpu.rename: calcFreeSQEntries: free sqEntries: 114, storesInProgress: 4, stores dispatchedToSQ: 1
  63000: system.cpu.rename: [tid:0] Processing instruction [sn:220] with PC (0x401025=>0x401027).(2=>3).
  63000: system.cpu.rename: [tid:0] Looking up invalid arch reg 0, got phys reg 4294967295 (invalid)
  63000: system.cpu.rename: [tid:0] Register 4294967295 (flat: 4294967295) (invalid) is ready.
  63000: global: [sn:220] has 1 ready out of 4 sources. RTI 0)
  63000: system.cpu.rename: [tid:0] Looking up integer arch reg 0, got phys reg 45 (integer)
  63000: system.cpu.rename: [tid:0] Register 45 (flat: 45) (integer) is not ready.
  63000: system.cpu.rename: [tid:0] Looking up integer arch reg 17, got phys reg 54 (integer)
  63000: system.cpu.rename: [tid:0] Register 54 (flat: 54) (integer) is not ready.
  63000: system.cpu.rename: [tid:0] Looking up miscellaneous arch reg 155, got phys reg 155 (miscellaneous)
  63000: system.cpu.rename: [tid:0] Register 155 (flat: 0) (miscellaneous) is ready.
  63000: global: [sn:220] has 2 ready out of 4 sources. RTI 0)
  63000: system.cpu.rename: calcFreeLQEntries: free lqEntries: 192, loadsInProgress: 5, loads dispatchedToLQ: 1
  63000: system.cpu.rename: [tid:0] Processing instruction [sn:230] with PC (0x401027=>0x401029).(0=>1).
  63000: system.cpu.rename: [tid:0] Mascot prediction for load [sn:230] type: 0; distance1: 0; distance2: 0
  63000: system.cpu.rename: [tid:0] Looking up invalid arch reg 0, got phys reg 4294967295 (invalid)
  63000: system.cpu.rename: [tid:0] Register 4294967295 (flat: 4294967295) (invalid) is ready.
  63000: global: [sn:230] has 1 ready out of 4 sources. RTI 0)
  63000: system.cpu.rename: [tid:0] Looking up integer arch reg 0, got phys reg 45 (integer)
  63000: system.cpu.rename: [tid:0] Register 45 (flat: 45) (integer) is not ready.
  63000: system.cpu.rename: [tid:0] Looking up integer arch reg 17, got phys reg 54 (integer)
  63000: system.cpu.rename: [tid:0] Register 54 (flat: 54) (integer) is not ready.
  63000: system.cpu.rename: [tid:0] Looking up miscellaneous arch reg 155, got phys reg 155 (miscellaneous)
  63000: system.cpu.rename: [tid:0] Register 155 (flat: 0) (miscellaneous) is ready.
  63000: global: [sn:230] has 2 ready out of 4 sources. RTI 0)
  63000: global: Renamed reg t1 to physical reg 55 (55) old mapping was 54 (54)
  63000: system.cpu.rename: [tid:0] Renaming arch reg 17 (integer) to physical reg 55 (55).
  63000: system.cpu.rename: [tid:0] [sn:230] Adding instruction to history buffer (size=52).
  63000: system.cpu.rename: [tid:0] Processing instruction [sn:240] with PC (0x401027=>0x401029).(1=>2).
  63000: system.cpu.rename: [tid:0] Looking up integer arch reg 17, got phys reg 55 (integer)
  63000: system.cpu.rename: [tid:0] Register 55 (flat: 55) (integer) is not ready.
  63000: system.cpu.rename: [tid:0] Looking up integer arch reg 0, got phys reg 45 (integer)
  63000: system.cpu.rename: [tid:0] Register 45 (flat: 45) (integer) is not ready.
  63000: system.cpu.rename: [tid:0] Looking up integer arch reg 17, got phys reg 55 (integer)
  63000: system.cpu.rename: [tid:0] Register 55 (flat: 55) (integer) is not ready.
  63000: system.cpu.rename: [tid:0] Looking up invalid arch reg 0, got phys reg 4294967295 (invalid)
  63000: system.cpu.rename: [tid:0] Register 4294967295 (flat: 4294967295) (invalid) is ready.
  63000: global: [sn:240] has 1 ready out of 8 sources. RTI 0)
  63000: system.cpu.rename: [tid:0] Looking up invalid arch reg 0, got phys reg 4294967295 (invalid)
  63000: system.cpu.rename: [tid:0] Register 4294967295 (flat: 4294967295) (invalid) is ready.
  63000: global: [sn:240] has 2 ready out of 8 sources. RTI 0)
  63000: system.cpu.rename: [tid:0] Looking up invalid arch reg 0, got phys reg 4294967295 (invalid)
  63000: system.cpu.rename: [tid:0] Register 4294967295 (flat: 4294967295) (invalid) is ready.
  63000: global: [sn:240] has 3 ready out of 8 sources. RTI 0)
  63000: system.cpu.rename: [tid:0] Looking up invalid arch reg 0, got phys reg 4294967295 (invalid)
  63000: system.cpu.rename: [tid:0] Register 4294967295 (flat: 4294967295) (invalid) is ready.
  63000: global: [sn:240] has 4 ready out of 8 sources. RTI 0)
  63000: system.cpu.rename: [tid:0] Looking up invalid arch reg 0, got phys reg 4294967295 (invalid)
  63000: system.cpu.rename: [tid:0] Register 4294967295 (flat: 4294967295) (invalid) is ready.
  63000: global: [sn:240] has 5 ready out of 8 sources. RTI 0)
  63000: global: Renamed reg t1 to physical reg 56 (56) old mapping was 55 (55)
  63000: system.cpu.rename: [tid:0] Renaming arch reg 17 (integer) to physical reg 56 (56).
  63000: system.cpu.rename: [tid:0] [sn:240] Adding instruction to history buffer (size=53).
  63000: global: Renamed reg condition_code[0] to physical reg 2651 (2651) old mapping was 2649 (2649)
  63000: system.cpu.rename: [tid:0] Renaming arch reg 0 (condition_code) to physical reg 19 (2651).
  63000: system.cpu.rename: [tid:0] [sn:240] Adding instruction to history buffer (size=54).
  63000: global: Renamed reg condition_code[1] to physical reg 2652 (2652) old mapping was 2650 (2650)
  63000: system.cpu.rename: [tid:0] Renaming arch reg 1 (condition_code) to physical reg 20 (2652).
  63000: system.cpu.rename: [tid:0] [sn:240] Adding instruction to history buffer (size=55).
  63000: system.cpu.rename: [tid:0] Renaming arch reg 0 (invalid) to physical reg 4294967295 (4294967295).
  63000: system.cpu.rename: [tid:0] [sn:240] Adding instruction to history buffer (size=56).
  63000: system.cpu.rename: [tid:0] Renaming arch reg 0 (invalid) to physical reg 4294967295 (4294967295).
  63000: system.cpu.rename: [tid:0] [sn:240] Adding instruction to history buffer (size=57).
  63000: system.cpu.rename: [tid:0] Renaming arch reg 0 (invalid) to physical reg 4294967295 (4294967295).
  63000: system.cpu.rename: [tid:0] [sn:240] Adding instruction to history buffer (size=58).
  63000: system.cpu.rename: Activity this cycle.
  63000: system.cpu.iew: Issue: Processing [tid:0]
  63000: system.cpu.iew: [tid:0] Not blocked, so attempting to run dispatch.
  63000: system.cpu.iew: [tid:0] Issue: Adding PC (0x40100f=>0x401013).(1=>2) [sn:70] [tid:0] to IQ.
  63000: system.cpu.iq: Adding instruction [sn:70] PC (0x40100f=>0x401013).(1=>2) to the IQ.
  63000: system.cpu.iq: Instruction PC (0x40100f=>0x401013).(1=>2) has src reg 40 (integer) that is being added to the dependency chain.
  63000: system.cpu.iq: Instruction PC (0x40100f=>0x401013).(1=>2) has src reg 43 (integer) that is being added to the dependency chain.
  63000: system.cpu.iew: [tid:0] Issue: Adding PC (0x401013=>0x40101a).(0=>1) [sn:80] [tid:0] to IQ.
  63000: system.cpu.iq: Adding instruction [sn:80] PC (0x401013=>0x40101a).(0=>1) to the IQ.
  63000: system.cpu.iq: Instruction is ready to issue, putting it onto the ready list, PC (0x401013=>0x40101a).(0=>1) opclass:1 [sn:80].
  63000: system.cpu.iew: [tid:0] Issue: Adding PC (0x40101a=>0x40101d).(0=>1) [sn:90] [tid:0] to IQ.
  63000: system.cpu.iq: Adding instruction [sn:90] PC (0x40101a=>0x40101d).(0=>1) to the IQ.
  63000: system.cpu.iq: Instruction is ready to issue, putting it onto the ready list, PC (0x40101a=>0x40101d).(0=>1) opclass:1 [sn:90].
  63000: system.cpu.iew: [tid:0] Issue: Adding PC (0x40101d=>0x40101f).(0=>1) [sn:100] [tid:0] to IQ.
  63000: system.cpu.iq: Adding instruction [sn:100] PC (0x40101d=>0x40101f).(0=>1) to the IQ.
  63000: system.cpu.iq: Instruction is ready to issue, putting it onto the ready list, PC (0x40101d=>0x40101f).(0=>1) opclass:1 [sn:100].
  63000: system.cpu.iew: [tid:0] Issue: Adding PC (0x40101f=>0x401021).(0=>1) [sn:110] [tid:0] to IQ.
  63000: system.cpu.iew: [tid:0] Issue: Memory instruction encountered, adding to LSQ.
  63000: system.cpu.iew.lsq.thread0: Inserting load PC (0x40101f=>0x401021).(0=>1), idx:1 [sn:110]
  63000: system.cpu.iq: Adding instruction [sn:110] PC (0x40101f=>0x401021).(0=>1) to the IQ.
  63000: system.cpu.iq: Instruction PC (0x40101f=>0x401021).(0=>1) has src reg 45 (integer) that is being added to the dependency chain.
  63000: system.cpu.iq: Instruction PC (0x40101f=>0x401021).(0=>1) has src reg 43 (integer) that is being added to the dependency chain.
  63000: memdepentry: Memory dependency entry created. memdep_count=3 (0x40101f=>0x401021).(0=>1)
  63000: system.cpu.memDep0: No dependency for inst PC (0x40101f=>0x401021).(0=>1) [sn:110].
  63000: system.cpu.iew: [tid:0] Issue: Adding PC (0x40101f=>0x401021).(1=>2) [sn:120] [tid:0] to IQ.
  63000: system.cpu.iq: Adding instruction [sn:120] PC (0x40101f=>0x401021).(1=>2) to the IQ.
  63000: system.cpu.iq: Instruction PC (0x40101f=>0x401021).(1=>2) has src reg 47 (integer) that is being added to the dependency chain.
  63000: system.cpu.iq: Instruction PC (0x40101f=>0x401021).(1=>2) has src reg 45 (integer) that is being added to the dependency chain.
  63000: system.cpu.iq: Instruction PC (0x40101f=>0x401021).(1=>2) has src reg 47 (integer) that is being added to the dependency chain.
  63000: system.cpu.iew: Execute: Executing instructions from IQ.
  63000: system.cpu.iew: Execute: Processing PC (0x401000=>0x401004).(0=>1), [tid:0] [sn:10].
  63000: global: RegFile: Setting int register 39 to 0x8
  63000: system.cpu.iew: Current wb cycle: 0, width: 12, numInst: 0
wbActual:0
  63000: system.cpu.iew: Execute: Executing instructions from IQ.
  63000: system.cpu.iew: Execute: Processing PC (0x401004=>0x40100b).(0=>1), [tid:0] [sn:30].
  63000: global: RegFile: Setting int register 41 to 0xdeadbeef
  63000: system.cpu.iew: Current wb cycle: 0, width: 12, numInst: 1
wbActual:1
  63000: system.cpu.iew: Execute: Executing instructions from IQ.
  63000: system.cpu.iew: Execute: Processing PC (0x40100f=>0x401013).(0=>1), [tid:0] [sn:60].
  63000: global: RegFile: Setting int register 43 to 0x8
  63000: system.cpu.iew: Current wb cycle: 0, width: 12, numInst: 2
wbActual:2
  63000: system.cpu.iew: Sending instructions to commit, [sn:10] PC (0x401000=>0x401004).(0=>1).
  63000: system.cpu.iq: Waking dependents of completed instruction.
  63000: system.cpu.iq: Waking any dependents on register 39 (integer).
  63000: system.cpu.iq: Waking up a dependent instruction, [sn:20] PC (0x401000=>0x401004).(1=>2).
  63000: global: [sn:20] has 7 ready out of 7 sources. RTI 0)
  63000: system.cpu.iq: Instruction is ready to issue, putting it onto the ready list, PC (0x401000=>0x401004).(1=>2) opclass:1 [sn:20].
  63000: system.cpu.iew: Setting Destination Register 39 (integer)
  63000: system.cpu.scoreboard: Setting reg 39 (integer) as ready
  63000: system.cpu.iew: Sending instructions to commit, [sn:30] PC (0x401004=>0x40100b).(0=>1).
  63000: system.cpu.iq: Waking dependents of completed instruction.
  63000: system.cpu.iq: Waking any dependents on register 41 (integer).
  63000: system.cpu.iq: Waking up a dependent instruction, [sn:40] PC (0x401004=>0x40100b).(1=>2).
  63000: global: [sn:40] has 3 ready out of 4 sources. RTI 0)
  63000: system.cpu.iew: Setting Destination Register 41 (integer)
  63000: system.cpu.scoreboard: Setting reg 41 (integer) as ready
  63000: system.cpu.iew: Sending instructions to commit, [sn:60] PC (0x40100f=>0x401013).(0=>1).
  63000: system.cpu.iq: Waking dependents of completed instruction.
  63000: system.cpu.iq: Waking any dependents on register 43 (integer).
  63000: system.cpu.iq: Waking up a dependent instruction, [sn:110] PC (0x40101f=>0x401021).(0=>1).
  63000: global: [sn:110] has 3 ready out of 4 sources. RTI 0)
  63000: system.cpu.iq: Waking up a dependent instruction, [sn:70] PC (0x40100f=>0x401013).(1=>2).
  63000: global: [sn:70] has 6 ready out of 7 sources. RTI 0)
  63000: system.cpu.iew: Setting Destination Register 43 (integer)
  63000: system.cpu.scoreboard: Setting reg 43 (integer) as ready
  63000: system.cpu.iq: Attempting to schedule ready instructions from the IQ.
  63000: system.cpu.iq: Thread 0: Issuing instruction PC (0x401000=>0x401004).(1=>2) [sn:20]
  63000: system.cpu.iq: Thread 0: Issuing instruction PC (0x401013=>0x40101a).(0=>1) [sn:80]
  63000: system.cpu.iq: Thread 0: Issuing instruction PC (0x40101a=>0x40101d).(0=>1) [sn:90]
  63000: system.cpu.iq: Thread 0: Issuing instruction PC (0x40101d=>0x40101f).(0=>1) [sn:100]
  63000: system.cpu.iew: Processing [tid:0]
  63000: system.cpu.iew.lsq.thread0: LQ size: 192, #loads occupied: 2
  63000: system.cpu.iew.lsq.thread0: SQ size: 114, #stores occupied: 1
  63000: system.cpu.iew: [tid:0], Dispatch dispatched 6 instructions.
  63000: system.cpu.iew.lsq.thread0: SQ size: 114, #stores occupied: 1
  63000: system.cpu.iew.lsq.thread0: LQ size: 192, #loads occupied: 2
  63000: system.cpu.iew: IQ has 199 free entries (Can schedule: 0).  LQ has 190 free entries. SQ has 113 free entries.
  63000: system.cpu.iew: Activity this cycle.
  63000: system.cpu.commit: Getting instructions from Rename stage.
  63000: system.cpu.commit: [tid:0] [sn:130] Inserting PC (0x40101f=>0x401021).(2=>3) into ROB.
  63000: system.cpu.rob: Adding inst PC (0x40101f=>0x401021).(2=>3) to the ROB.
  63000: system.cpu.rob: [tid:0] Now has 13 instructions.
  63000: system.cpu.commit: [tid:0] [sn:140] Inserting PC (0x401021=>0x401023).(0=>1) into ROB.
  63000: system.cpu.rob: Adding inst PC (0x401021=>0x401023).(0=>1) to the ROB.
  63000: system.cpu.rob: [tid:0] Now has 14 instructions.
  63000: system.cpu.commit: [tid:0] [sn:150] Inserting PC (0x401021=>0x401023).(1=>2) into ROB.
  63000: system.cpu.rob: Adding inst PC (0x401021=>0x401023).(1=>2) to the ROB.
  63000: system.cpu.rob: [tid:0] Now has 15 instructions.
  63000: system.cpu.commit: [tid:0] [sn:160] Inserting PC (0x401021=>0x401023).(2=>3) into ROB.
  63000: system.cpu.rob: Adding inst PC (0x401021=>0x401023).(2=>3) to the ROB.
  63000: system.cpu.rob: [tid:0] Now has 16 instructions.
  63000: system.cpu.commit: [tid:0] [sn:170] Inserting PC (0x401023=>0x401025).(0=>1) into ROB.
  63000: system.cpu.rob: Adding inst PC (0x401023=>0x401025).(0=>1) to the ROB.
  63000: system.cpu.rob: [tid:0] Now has 17 instructions.
  63000: system.cpu.commit: [tid:0] [sn:180] Inserting PC (0x401023=>0x401025).(1=>2) into ROB.
  63000: system.cpu.rob: Adding inst PC (0x401023=>0x401025).(1=>2) to the ROB.
  63000: system.cpu.rob: [tid:0] Now has 18 instructions.
  63000: system.cpu.commit: Trying to commit instructions in the ROB.
  63000: system.cpu.commit: [tid:0] Can't commit, Instruction [sn:10] PC (0x401000=>0x401004).(0=>1) is head of ROB and not ready
  63000: system.cpu.commit: [tid:0] ROB has 18 insts & 494 free entries.
  63000: system.cpu.commit: Activity This Cycle.
  63000: system.cpu: Scheduling next tick!
  64000: system.cpu: 

O3CPU: Ticking main, O3CPU.
  64000: system.cpu.fetch: Running stage.
  64000: system.cpu.fetch: Attempting to fetch from [tid:0]
  64000: system.cpu.fetch: [tid:0] Adding instructions to queue to decode.
  64000: global: DynInst: [sn:370] Instruction created. Instcount for system.cpu = 37
  64000: system.cpu.fetch: [tid:0] Instruction PC (0x40102f=>0x401031).(2=>3) created [sn:370].
  64000: system.cpu.fetch: [tid:0] Instruction is:   ADD_M_R : st   t1b, DS:[rax]
  64000: system.cpu.fetch: [tid:0] Fetch queue entry created (1/128).
  64000: system.cpu.decoder: Decode: Decoded add instruction: 
{
	leg = 0,
	rex = 0,
	vex/xop = 0,
	op = {
		type = one byte,
		op = 0,
		},
	modRM = 0,
	sib = 0,
	immediate = 0,
	displacement = 0
	dispSize = 0}

  64000: global: DynInst: [sn:380] Instruction created. Instcount for system.cpu = 38
  64000: system.cpu.fetch: [tid:0] Instruction PC (0x401031=>0x401033).(0=>1) created [sn:380].
  64000: system.cpu.fetch: [tid:0] Instruction is:   ADD_M_R : ldst   t1b, DS:[rax]
  64000: system.cpu.fetch: [tid:0] Fetch queue entry created (2/128).
  64000: global: DynInst: [sn:390] Instruction created. Instcount for system.cpu = 39
  64000: system.cpu.fetch: [tid:0] Instruction PC (0x401031=>0x401033).(1=>2) created [sn:390].
  64000: system.cpu.fetch: [tid:0] Instruction is:   ADD_M_R : add   t1b, t1b, al
  64000: system.cpu.fetch: [tid:0] Fetch queue entry created (3/128).
  64000: global: DynInst: [sn:400] Instruction created. Instcount for system.cpu = 40
  64000: system.cpu.fetch: [tid:0] Instruction PC (0x401031=>0x401033).(2=>3) created [sn:400].
  64000: system.cpu.fetch: [tid:0] Instruction is:   ADD_M_R : st   t1b, DS:[rax]
  64000: system.cpu.fetch: [tid:0] Fetch queue entry created (4/128).
  64000: system.cpu.decoder: Decode: Decoded add instruction: 
{
	leg = 0,
	rex = 0,
	vex/xop = 0,
	op = {
		type = one byte,
		op = 0,
		},
	modRM = 0,
	sib = 0,
	immediate = 0,
	displacement = 0
	dispSize = 0}

  64000: global: DynInst: [sn:410] Instruction created. Instcount for system.cpu = 41
  64000: system.cpu.fetch: [tid:0] Instruction PC (0x401033=>0x401035).(0=>1) created [sn:410].
  64000: system.cpu.fetch: [tid:0] Instruction is:   ADD_M_R : ldst   t1b, DS:[rax]
  64000: system.cpu.fetch: [tid:0] Fetch queue entry created (5/128).
  64000: global: DynInst: [sn:420] Instruction created. Instcount for system.cpu = 42
  64000: system.cpu.fetch: [tid:0] Instruction PC (0x401033=>0x401035).(1=>2) created [sn:420].
  64000: system.cpu.fetch: [tid:0] Instruction is:   ADD_M_R : add   t1b, t1b, al
  64000: system.cpu.fetch: [tid:0] Fetch queue entry created (6/128).
  64000: system.cpu.fetch: [tid:0] Done fetching, reached fetch bandwidth for this cycle.
  64000: system.cpu.fetch: [tid:0] [sn:370] Sending instruction to decode from fetch queue. Fetch queue size: 6.
  64000: system.cpu.fetch: [tid:0] [sn:380] Sending instruction to decode from fetch queue. Fetch queue size: 5.
  64000: system.cpu.fetch: [tid:0] [sn:390] Sending instruction to decode from fetch queue. Fetch queue size: 4.
  64000: system.cpu.fetch: [tid:0] [sn:400] Sending instruction to decode from fetch queue. Fetch queue size: 3.
  64000: system.cpu.fetch: [tid:0] [sn:410] Sending instruction to decode from fetch queue. Fetch queue size: 2.
  64000: system.cpu.fetch: [tid:0] [sn:420] Sending instruction to decode from fetch queue. Fetch queue size: 1.
  64000: system.cpu.fetch: Activity this cycle.
  64000: system.cpu: Activity: 8
  64000: system.cpu.decode: Processing [tid:0]
  64000: system.cpu.decode: [tid:0] Bypass moves from Rename: 0
  64000: system.cpu.decode: [tid:0] Not blocked, so attempting to run stage.
  64000: system.cpu.decode: [tid:0] Sending instruction to rename.
  64000: system.cpu.decode: [tid:0] Processing instruction [sn:310] with PC (0x40102b=>0x40102d).(2=>3)
  64000: system.cpu.decode: [tid:0] Processing instruction [sn:320] with PC (0x40102d=>0x40102f).(0=>1)
  64000: system.cpu.decode: [tid:0] Processing instruction [sn:330] with PC (0x40102d=>0x40102f).(1=>2)
  64000: system.cpu.decode: [tid:0] Processing instruction [sn:340] with PC (0x40102d=>0x40102f).(2=>3)
  64000: system.cpu.decode: [tid:0] Processing instruction [sn:350] with PC (0x40102f=>0x401031).(0=>1)
  64000: system.cpu.decode: [tid:0] Processing instruction [sn:360] with PC (0x40102f=>0x401031).(1=>2)
  64000: system.cpu.decode: Activity this cycle.
  64000: system.cpu.rename: Processing [tid:0]
  64000: system.cpu.rename: [tid:0] Free IQ: 199, Free ROB: 494, Free LQ: 190, Free SQ: 113, FreeRM 63(455 464 511 1022 63 8 2539)
  64000: system.cpu.rename: [tid:0] 18 instructions not yet in ROB
  64000: system.cpu.rename: calcFreeLQEntries: free lqEntries: 190, loadsInProgress: 5, loads dispatchedToLQ: 1
  64000: system.cpu.rename: [tid:0] Not blocked, so attempting to run stage.
  64000: system.cpu.rename: [tid:0] 6 available instructions to send iew.
  64000: system.cpu.rename: [tid:0] 18 insts pipelining from Rename | 6 insts dispatched to IQ last cycle.
  64000: system.cpu.rename: [tid:0] Sending instructions to IEW.
  64000: system.cpu.rename: calcFreeSQEntries: free sqEntries: 113, storesInProgress: 4, stores dispatchedToSQ: 0
  64000: system.cpu.rename: [tid:0] Processing instruction [sn:250] with PC (0x401027=>0x401029).(2=>3).
  64000: system.cpu.rename: [tid:0] Looking up invalid arch reg 0, got phys reg 4294967295 (invalid)
  64000: system.cpu.rename: [tid:0] Register 4294967295 (flat: 4294967295) (invalid) is ready.
  64000: global: [sn:250] has 1 ready out of 4 sources. RTI 0)
  64000: system.cpu.rename: [tid:0] Looking up integer arch reg 0, got phys reg 45 (integer)
  64000: system.cpu.rename: [tid:0] Register 45 (flat: 45) (integer) is not ready.
  64000: system.cpu.rename: [tid:0] Looking up integer arch reg 17, got phys reg 56 (integer)
  64000: system.cpu.rename: [tid:0] Register 56 (flat: 56) (integer) is not ready.
  64000: system.cpu.rename: [tid:0] Looking up miscellaneous arch reg 155, got phys reg 155 (miscellaneous)
  64000: system.cpu.rename: [tid:0] Register 155 (flat: 0) (miscellaneous) is ready.
  64000: global: [sn:250] has 2 ready out of 4 sources. RTI 0)
  64000: system.cpu.rename: calcFreeLQEntries: free lqEntries: 190, loadsInProgress: 5, loads dispatchedToLQ: 1
  64000: system.cpu.rename: [tid:0] Processing instruction [sn:260] with PC (0x401029=>0x40102b).(0=>1).
  64000: system.cpu.rename: [tid:0] Mascot prediction for load [sn:260] type: 0; distance1: 0; distance2: 0
  64000: system.cpu.rename: [tid:0] Looking up invalid arch reg 0, got phys reg 4294967295 (invalid)
  64000: system.cpu.rename: [tid:0] Register 4294967295 (flat: 4294967295) (invalid) is ready.
  64000: global: [sn:260] has 1 ready out of 4 sources. RTI 0)
  64000: system.cpu.rename: [tid:0] Looking up integer arch reg 0, got phys reg 45 (integer)
  64000: system.cpu.rename: [tid:0] Register 45 (flat: 45) (integer) is not ready.
  64000: system.cpu.rename: [tid:0] Looking up integer arch reg 17, got phys reg 56 (integer)
  64000: system.cpu.rename: [tid:0] Register 56 (flat: 56) (integer) is not ready.
  64000: system.cpu.rename: [tid:0] Looking up miscellaneous arch reg 155, got phys reg 155 (miscellaneous)
  64000: system.cpu.rename: [tid:0] Register 155 (flat: 0) (miscellaneous) is ready.
  64000: global: [sn:260] has 2 ready out of 4 sources. RTI 0)
  64000: global: Renamed reg t1 to physical reg 57 (57) old mapping was 56 (56)
  64000: system.cpu.rename: [tid:0] Renaming arch reg 17 (integer) to physical reg 57 (57).
  64000: system.cpu.rename: [tid:0] [sn:260] Adding instruction to history buffer (size=59).
  64000: system.cpu.rename: [tid:0] Processing instruction [sn:270] with PC (0x401029=>0x40102b).(1=>2).
  64000: system.cpu.rename: [tid:0] Looking up integer arch reg 17, got phys reg 57 (integer)
  64000: system.cpu.rename: [tid:0] Register 57 (flat: 57) (integer) is not ready.
  64000: system.cpu.rename: [tid:0] Looking up integer arch reg 0, got phys reg 45 (integer)
  64000: system.cpu.rename: [tid:0] Register 45 (flat: 45) (integer) is not ready.
  64000: system.cpu.rename: [tid:0] Looking up integer arch reg 17, got phys reg 57 (integer)
  64000: system.cpu.rename: [tid:0] Register 57 (flat: 57) (integer) is not ready.
  64000: system.cpu.rename: [tid:0] Looking up invalid arch reg 0, got phys reg 4294967295 (invalid)
  64000: system.cpu.rename: [tid:0] Register 4294967295 (flat: 4294967295) (invalid) is ready.
  64000: global: [sn:270] has 1 ready out of 8 sources. RTI 0)
  64000: system.cpu.rename: [tid:0] Looking up invalid arch reg 0, got phys reg 4294967295 (invalid)
  64000: system.cpu.rename: [tid:0] Register 4294967295 (flat: 4294967295) (invalid) is ready.
  64000: global: [sn:270] has 2 ready out of 8 sources. RTI 0)
  64000: system.cpu.rename: [tid:0] Looking up invalid arch reg 0, got phys reg 4294967295 (invalid)
  64000: system.cpu.rename: [tid:0] Register 4294967295 (flat: 4294967295) (invalid) is ready.
  64000: global: [sn:270] has 3 ready out of 8 sources. RTI 0)
  64000: system.cpu.rename: [tid:0] Looking up invalid arch reg 0, got phys reg 4294967295 (invalid)
  64000: system.cpu.rename: [tid:0] Register 4294967295 (flat: 4294967295) (invalid) is ready.
  64000: global: [sn:270] has 4 ready out of 8 sources. RTI 0)
  64000: system.cpu.rename: [tid:0] Looking up invalid arch reg 0, got phys reg 4294967295 (invalid)
  64000: system.cpu.rename: [tid:0] Register 4294967295 (flat: 4294967295) (invalid) is ready.
  64000: global: [sn:270] has 5 ready out of 8 sources. RTI 0)
  64000: global: Renamed reg t1 to physical reg 58 (58) old mapping was 57 (57)
  64000: system.cpu.rename: [tid:0] Renaming arch reg 17 (integer) to physical reg 58 (58).
  64000: system.cpu.rename: [tid:0] [sn:270] Adding instruction to history buffer (size=60).
  64000: global: Renamed reg condition_code[0] to physical reg 2653 (2653) old mapping was 2651 (2651)
  64000: system.cpu.rename: [tid:0] Renaming arch reg 0 (condition_code) to physical reg 21 (2653).
  64000: system.cpu.rename: [tid:0] [sn:270] Adding instruction to history buffer (size=61).
  64000: global: Renamed reg condition_code[1] to physical reg 2654 (2654) old mapping was 2652 (2652)
  64000: system.cpu.rename: [tid:0] Renaming arch reg 1 (condition_code) to physical reg 22 (2654).
  64000: system.cpu.rename: [tid:0] [sn:270] Adding instruction to history buffer (size=62).
  64000: system.cpu.rename: [tid:0] Renaming arch reg 0 (invalid) to physical reg 4294967295 (4294967295).
  64000: system.cpu.rename: [tid:0] [sn:270] Adding instruction to history buffer (size=63).
  64000: system.cpu.rename: [tid:0] Renaming arch reg 0 (invalid) to physical reg 4294967295 (4294967295).
  64000: system.cpu.rename: [tid:0] [sn:270] Adding instruction to history buffer (size=64).
  64000: system.cpu.rename: [tid:0] Renaming arch reg 0 (invalid) to physical reg 4294967295 (4294967295).
  64000: system.cpu.rename: [tid:0] [sn:270] Adding instruction to history buffer (size=65).
  64000: system.cpu.rename: calcFreeSQEntries: free sqEntries: 113, storesInProgress: 5, stores dispatchedToSQ: 0
  64000: system.cpu.rename: [tid:0] Processing instruction [sn:280] with PC (0x401029=>0x40102b).(2=>3).
  64000: system.cpu.rename: [tid:0] Looking up invalid arch reg 0, got phys reg 4294967295 (invalid)
  64000: system.cpu.rename: [tid:0] Register 4294967295 (flat: 4294967295) (invalid) is ready.
  64000: global: [sn:280] has 1 ready out of 4 sources. RTI 0)
  64000: system.cpu.rename: [tid:0] Looking up integer arch reg 0, got phys reg 45 (integer)
  64000: system.cpu.rename: [tid:0] Register 45 (flat: 45) (integer) is not ready.
  64000: system.cpu.rename: [tid:0] Looking up integer arch reg 17, got phys reg 58 (integer)
  64000: system.cpu.rename: [tid:0] Register 58 (flat: 58) (integer) is not ready.
  64000: system.cpu.rename: [tid:0] Looking up miscellaneous arch reg 155, got phys reg 155 (miscellaneous)
  64000: system.cpu.rename: [tid:0] Register 155 (flat: 0) (miscellaneous) is ready.
  64000: global: [sn:280] has 2 ready out of 4 sources. RTI 0)
  64000: system.cpu.rename: calcFreeLQEntries: free lqEntries: 190, loadsInProgress: 6, loads dispatchedToLQ: 1
  64000: system.cpu.rename: [tid:0] Processing instruction [sn:290] with PC (0x40102b=>0x40102d).(0=>1).
  64000: system.cpu.rename: [tid:0] Mascot prediction for load [sn:290] type: 0; distance1: 0; distance2: 0
  64000: system.cpu.rename: [tid:0] Looking up invalid arch reg 0, got phys reg 4294967295 (invalid)
  64000: system.cpu.rename: [tid:0] Register 4294967295 (flat: 4294967295) (invalid) is ready.
  64000: global: [sn:290] has 1 ready out of 4 sources. RTI 0)
  64000: system.cpu.rename: [tid:0] Looking up integer arch reg 0, got phys reg 45 (integer)
  64000: system.cpu.rename: [tid:0] Register 45 (flat: 45) (integer) is not ready.
  64000: system.cpu.rename: [tid:0] Looking up integer arch reg 17, got phys reg 58 (integer)
  64000: system.cpu.rename: [tid:0] Register 58 (flat: 58) (integer) is not ready.
  64000: system.cpu.rename: [tid:0] Looking up miscellaneous arch reg 155, got phys reg 155 (miscellaneous)
  64000: system.cpu.rename: [tid:0] Register 155 (flat: 0) (miscellaneous) is ready.
  64000: global: [sn:290] has 2 ready out of 4 sources. RTI 0)
  64000: global: Renamed reg t1 to physical reg 59 (59) old mapping was 58 (58)
  64000: system.cpu.rename: [tid:0] Renaming arch reg 17 (integer) to physical reg 59 (59).
  64000: system.cpu.rename: [tid:0] [sn:290] Adding instruction to history buffer (size=66).
  64000: system.cpu.rename: [tid:0] Processing instruction [sn:300] with PC (0x40102b=>0x40102d).(1=>2).
  64000: system.cpu.rename: [tid:0] Looking up integer arch reg 17, got phys reg 59 (integer)
  64000: system.cpu.rename: [tid:0] Register 59 (flat: 59) (integer) is not ready.
  64000: system.cpu.rename: [tid:0] Looking up integer arch reg 0, got phys reg 45 (integer)
  64000: system.cpu.rename: [tid:0] Register 45 (flat: 45) (integer) is not ready.
  64000: system.cpu.rename: [tid:0] Looking up integer arch reg 17, got phys reg 59 (integer)
  64000: system.cpu.rename: [tid:0] Register 59 (flat: 59) (integer) is not ready.
  64000: system.cpu.rename: [tid:0] Looking up invalid arch reg 0, got phys reg 4294967295 (invalid)
  64000: system.cpu.rename: [tid:0] Register 4294967295 (flat: 4294967295) (invalid) is ready.
  64000: global: [sn:300] has 1 ready out of 8 sources. RTI 0)
  64000: system.cpu.rename: [tid:0] Looking up invalid arch reg 0, got phys reg 4294967295 (invalid)
  64000: system.cpu.rename: [tid:0] Register 4294967295 (flat: 4294967295) (invalid) is ready.
  64000: global: [sn:300] has 2 ready out of 8 sources. RTI 0)
  64000: system.cpu.rename: [tid:0] Looking up invalid arch reg 0, got phys reg 4294967295 (invalid)
  64000: system.cpu.rename: [tid:0] Register 4294967295 (flat: 4294967295) (invalid) is ready.
  64000: global: [sn:300] has 3 ready out of 8 sources. RTI 0)
  64000: system.cpu.rename: [tid:0] Looking up invalid arch reg 0, got phys reg 4294967295 (invalid)
  64000: system.cpu.rename: [tid:0] Register 4294967295 (flat: 4294967295) (invalid) is ready.
  64000: global: [sn:300] has 4 ready out of 8 sources. RTI 0)
  64000: system.cpu.rename: [tid:0] Looking up invalid arch reg 0, got phys reg 4294967295 (invalid)
  64000: system.cpu.rename: [tid:0] Register 4294967295 (flat: 4294967295) (invalid) is ready.
  64000: global: [sn:300] has 5 ready out of 8 sources. RTI 0)
  64000: global: Renamed reg t1 to physical reg 60 (60) old mapping was 59 (59)
  64000: system.cpu.rename: [tid:0] Renaming arch reg 17 (integer) to physical reg 60 (60).
  64000: system.cpu.rename: [tid:0] [sn:300] Adding instruction to history buffer (size=67).
  64000: global: Renamed reg condition_code[0] to physical reg 2655 (2655) old mapping was 2653 (2653)
  64000: system.cpu.rename: [tid:0] Renaming arch reg 0 (condition_code) to physical reg 23 (2655).
  64000: system.cpu.rename: [tid:0] [sn:300] Adding instruction to history buffer (size=68).
  64000: global: Renamed reg condition_code[1] to physical reg 2656 (2656) old mapping was 2654 (2654)
  64000: system.cpu.rename: [tid:0] Renaming arch reg 1 (condition_code) to physical reg 24 (2656).
  64000: system.cpu.rename: [tid:0] [sn:300] Adding instruction to history buffer (size=69).
  64000: system.cpu.rename: [tid:0] Renaming arch reg 0 (invalid) to physical reg 4294967295 (4294967295).
  64000: system.cpu.rename: [tid:0] [sn:300] Adding instruction to history buffer (size=70).
  64000: system.cpu.rename: [tid:0] Renaming arch reg 0 (invalid) to physical reg 4294967295 (4294967295).
  64000: system.cpu.rename: [tid:0] [sn:300] Adding instruction to history buffer (size=71).
  64000: system.cpu.rename: [tid:0] Renaming arch reg 0 (invalid) to physical reg 4294967295 (4294967295).
  64000: system.cpu.rename: [tid:0] [sn:300] Adding instruction to history buffer (size=72).
  64000: system.cpu.rename: Activity this cycle.
  64000: system.cpu.iew: Issue: Processing [tid:0]
  64000: system.cpu.iew: [tid:0] Not blocked, so attempting to run dispatch.
  64000: system.cpu.iew: [tid:0] Issue: Adding PC (0x40101f=>0x401021).(2=>3) [sn:130] [tid:0] to IQ.
  64000: system.cpu.iew: [tid:0] Issue: Memory instruction encountered, adding to LSQ.
  64000: system.cpu.iew.lsq.thread0: Inserting store PC (0x40101f=>0x401021).(2=>3), idx:1 [sn:130]
  64000: system.cpu.iq: Adding instruction [sn:130] PC (0x40101f=>0x401021).(2=>3) to the IQ.
  64000: system.cpu.iq: Instruction PC (0x40101f=>0x401021).(2=>3) has src reg 45 (integer) that is being added to the dependency chain.
  64000: system.cpu.iq: Instruction PC (0x40101f=>0x401021).(2=>3) has src reg 48 (integer) that is being added to the dependency chain.
  64000: memdepentry: Memory dependency entry created. memdep_count=4 (0x40101f=>0x401021).(2=>3)
  64000: system.cpu.memDep0: No dependency for inst PC (0x40101f=>0x401021).(2=>3) [sn:130].
  64000: system.cpu.memDep0: Inserting store/atomic PC (0x40101f=>0x401021).(2=>3) [sn:130].
  64000: system.cpu.iew: [tid:0] Issue: Adding PC (0x401021=>0x401023).(0=>1) [sn:140] [tid:0] to IQ.
  64000: system.cpu.iew: [tid:0] Issue: Memory instruction encountered, adding to LSQ.
  64000: system.cpu.iew.lsq.thread0: Inserting load PC (0x401021=>0x401023).(0=>1), idx:2 [sn:140]
  64000: system.cpu.iq: Adding instruction [sn:140] PC (0x401021=>0x401023).(0=>1) to the IQ.
  64000: system.cpu.iq: Instruction PC (0x401021=>0x401023).(0=>1) has src reg 45 (integer) that is being added to the dependency chain.
  64000: system.cpu.iq: Instruction PC (0x401021=>0x401023).(0=>1) has src reg 48 (integer) that is being added to the dependency chain.
  64000: memdepentry: Memory dependency entry created. memdep_count=5 (0x401021=>0x401023).(0=>1)
  64000: system.cpu.memDep0: No dependency for inst PC (0x401021=>0x401023).(0=>1) [sn:140].
  64000: system.cpu.iew: [tid:0] Issue: Adding PC (0x401021=>0x401023).(1=>2) [sn:150] [tid:0] to IQ.
  64000: system.cpu.iq: Adding instruction [sn:150] PC (0x401021=>0x401023).(1=>2) to the IQ.
  64000: system.cpu.iq: Instruction PC (0x401021=>0x401023).(1=>2) has src reg 49 (integer) that is being added to the dependency chain.
  64000: system.cpu.iq: Instruction PC (0x401021=>0x401023).(1=>2) has src reg 45 (integer) that is being added to the dependency chain.
  64000: system.cpu.iq: Instruction PC (0x401021=>0x401023).(1=>2) has src reg 49 (integer) that is being added to the dependency chain.
  64000: system.cpu.iew: [tid:0] Issue: Adding PC (0x401021=>0x401023).(2=>3) [sn:160] [tid:0] to IQ.
  64000: system.cpu.iew: [tid:0] Issue: Memory instruction encountered, adding to LSQ.
  64000: system.cpu.iew.lsq.thread0: Inserting store PC (0x401021=>0x401023).(2=>3), idx:2 [sn:160]
  64000: system.cpu.iq: Adding instruction [sn:160] PC (0x401021=>0x401023).(2=>3) to the IQ.
  64000: system.cpu.iq: Instruction PC (0x401021=>0x401023).(2=>3) has src reg 45 (integer) that is being added to the dependency chain.
  64000: system.cpu.iq: Instruction PC (0x401021=>0x401023).(2=>3) has src reg 50 (integer) that is being added to the dependency chain.
  64000: memdepentry: Memory dependency entry created. memdep_count=6 (0x401021=>0x401023).(2=>3)
  64000: system.cpu.memDep0: No dependency for inst PC (0x401021=>0x401023).(2=>3) [sn:160].
  64000: system.cpu.memDep0: Inserting store/atomic PC (0x401021=>0x401023).(2=>3) [sn:160].
  64000: system.cpu.iew: [tid:0] Issue: Adding PC (0x401023=>0x401025).(0=>1) [sn:170] [tid:0] to IQ.
  64000: system.cpu.iew: [tid:0] Issue: Memory instruction encountered, adding to LSQ.
  64000: system.cpu.iew.lsq.thread0: Inserting load PC (0x401023=>0x401025).(0=>1), idx:3 [sn:170]
  64000: system.cpu.iq: Adding instruction [sn:170] PC (0x401023=>0x401025).(0=>1) to the IQ.
  64000: system.cpu.iq: Instruction PC (0x401023=>0x401025).(0=>1) has src reg 45 (integer) that is being added to the dependency chain.
  64000: system.cpu.iq: Instruction PC (0x401023=>0x401025).(0=>1) has src reg 50 (integer) that is being added to the dependency chain.
  64000: memdepentry: Memory dependency entry created. memdep_count=7 (0x401023=>0x401025).(0=>1)
  64000: system.cpu.memDep0: No dependency for inst PC (0x401023=>0x401025).(0=>1) [sn:170].
  64000: system.cpu.iew: [tid:0] Issue: Adding PC (0x401023=>0x401025).(1=>2) [sn:180] [tid:0] to IQ.
  64000: system.cpu.iq: Adding instruction [sn:180] PC (0x401023=>0x401025).(1=>2) to the IQ.
  64000: system.cpu.iq: Instruction PC (0x401023=>0x401025).(1=>2) has src reg 51 (integer) that is being added to the dependency chain.
  64000: system.cpu.iq: Instruction PC (0x401023=>0x401025).(1=>2) has src reg 45 (integer) that is being added to the dependency chain.
  64000: system.cpu.iq: Instruction PC (0x401023=>0x401025).(1=>2) has src reg 51 (integer) that is being added to the dependency chain.
  64000: system.cpu.iew: Execute: Executing instructions from IQ.
  64000: system.cpu.iew: Execute: Processing PC (0x401000=>0x401004).(1=>2), [tid:0] [sn:20].
  64000: global: RegFile: Access to int register 4, has data 0x7fffffffee30
  64000: global: RegFile: Access to int register 39, has data 0x8
  64000: global: RegFile: Setting int register 40 to 0x7fffffffee28
  64000: global: RegFile: Setting cc register 5 to 0x14
  64000: global: RegFile: Setting cc register 6 to 0
  64000: system.cpu.iew: Current wb cycle: 0, width: 12, numInst: 0
wbActual:0
  64000: system.cpu.iew: Execute: Executing instructions from IQ.
  64000: system.cpu.iew: Execute: Processing PC (0x401013=>0x40101a).(0=>1), [tid:0] [sn:80].
  64000: global: RegFile: Setting int register 45 to 0x3c
  64000: system.cpu.iew: Current wb cycle: 0, width: 12, numInst: 1
wbActual:1
  64000: system.cpu.iew: Execute: Executing instructions from IQ.
  64000: system.cpu.iew: Execute: Processing PC (0x40101a=>0x40101d).(0=>1), [tid:0] [sn:90].
  64000: global: RegFile: Access to int register 7, has data 0
  64000: global: RegFile: Access to int register 7, has data 0
  64000: global: RegFile: Setting int register 46 to 0
  64000: global: RegFile: Setting cc register 9 to 0x44
  64000: global: RegFile: Setting cc register 10 to 0
  64000: system.cpu.iew: Current wb cycle: 0, width: 12, numInst: 2
wbActual:2
  64000: system.cpu.iew: Execute: Executing instructions from IQ.
  64000: system.cpu.iew: Execute: Processing PC (0x40101d=>0x40101f).(0=>1), [tid:0] [sn:100].
  64000: system.cpu.iew: Current wb cycle: 0, width: 12, numInst: 3
wbActual:3
  64000: system.cpu.iew: Sending instructions to commit, [sn:20] PC (0x401000=>0x401004).(1=>2).
  64000: system.cpu.iq: Waking dependents of completed instruction.
  64000: system.cpu.iq: Waking any dependents on register 40 (integer).
  64000: system.cpu.iq: Waking up a dependent instruction, [sn:70] PC (0x40100f=>0x401013).(1=>2).
  64000: global: [sn:70] has 7 ready out of 7 sources. RTI 0)
  64000: system.cpu.iq: Instruction is ready to issue, putting it onto the ready list, PC (0x40100f=>0x401013).(1=>2) opclass:1 [sn:70].
  64000: system.cpu.iq: Waking up a dependent instruction, [sn:50] PC (0x40100b=>0x40100f).(0=>1).
  64000: global: [sn:50] has 4 ready out of 4 sources. RTI 0)
  64000: system.cpu.iq: Checking if memory instruction can issue.
  64000: system.cpu.memDep0: Marking registers as ready for instruction PC (0x40100b=>0x40100f).(0=>1) [sn:50].
  64000: system.cpu.memDep0: Instruction has its memory dependencies resolved, adding it to the ready list.
  64000: system.cpu.memDep0: Adding instruction [sn:50] to the ready list.
  64000: system.cpu.iq: Instruction is ready to issue, putting it onto the ready list, PC (0x40100b=>0x40100f).(0=>1) opclass:52 [sn:50].
  64000: system.cpu.iq: Waking up a dependent instruction, [sn:40] PC (0x401004=>0x40100b).(1=>2).
  64000: global: [sn:40] has 4 ready out of 4 sources. RTI 0)
  64000: system.cpu.iq: Checking if memory instruction can issue.
  64000: system.cpu.memDep0: Marking registers as ready for instruction PC (0x401004=>0x40100b).(1=>2) [sn:40].
  64000: system.cpu.memDep0: Instruction has its memory dependencies resolved, adding it to the ready list.
  64000: system.cpu.memDep0: Adding instruction [sn:40] to the ready list.
  64000: system.cpu.iq: Instruction is ready to issue, putting it onto the ready list, PC (0x401004=>0x40100b).(1=>2) opclass:53 [sn:40].
  64000: system.cpu.iq: Waking any dependents on register 5 (condition_code).
  64000: system.cpu.iq: Waking any dependents on register 6 (condition_code).
  64000: system.cpu.iq: Reg 4294967295 [invalid] is part of a fix mapping, skipping
  64000: system.cpu.iq: Reg 4294967295 [invalid] is part of a fix mapping, skipping
  64000: system.cpu.iq: Reg 4294967295 [invalid] is part of a fix mapping, skipping
  64000: system.cpu.iew: Setting Destination Register 40 (integer)
  64000: system.cpu.scoreboard: Setting reg 40 (integer) as ready
  64000: system.cpu.iew: Setting Destination Register 5 (condition_code)
  64000: system.cpu.scoreboard: Setting reg 5 (condition_code) as ready
  64000: system.cpu.iew: Setting Destination Register 6 (condition_code)
  64000: system.cpu.scoreboard: Setting reg 6 (condition_code) as ready
  64000: system.cpu.iew: Setting Destination Register 4294967295 (invalid)
  64000: system.cpu.iew: Setting Destination Register 4294967295 (invalid)
  64000: system.cpu.iew: Setting Destination Register 4294967295 (invalid)
  64000: system.cpu.iew: Sending instructions to commit, [sn:80] PC (0x401013=>0x40101a).(0=>1).
  64000: system.cpu.iq: Waking dependents of completed instruction.
  64000: system.cpu.iq: Waking any dependents on register 45 (integer).
  64000: system.cpu.iq: Waking up a dependent instruction, [sn:180] PC (0x401023=>0x401025).(1=>2).
  64000: global: [sn:180] has 6 ready out of 8 sources. RTI 0)
  64000: system.cpu.iq: Waking up a dependent instruction, [sn:170] PC (0x401023=>0x401025).(0=>1).
  64000: global: [sn:170] has 3 ready out of 4 sources. RTI 0)
  64000: system.cpu.iq: Waking up a dependent instruction, [sn:160] PC (0x401021=>0x401023).(2=>3).
  64000: global: [sn:160] has 3 ready out of 4 sources. RTI 0)
  64000: system.cpu.iq: Waking up a dependent instruction, [sn:150] PC (0x401021=>0x401023).(1=>2).
  64000: global: [sn:150] has 6 ready out of 8 sources. RTI 0)
  64000: system.cpu.iq: Waking up a dependent instruction, [sn:140] PC (0x401021=>0x401023).(0=>1).
  64000: global: [sn:140] has 3 ready out of 4 sources. RTI 0)
  64000: system.cpu.iq: Waking up a dependent instruction, [sn:130] PC (0x40101f=>0x401021).(2=>3).
  64000: global: [sn:130] has 3 ready out of 4 sources. RTI 0)
  64000: system.cpu.iq: Waking up a dependent instruction, [sn:120] PC (0x40101f=>0x401021).(1=>2).
  64000: global: [sn:120] has 6 ready out of 8 sources. RTI 0)
  64000: system.cpu.iq: Waking up a dependent instruction, [sn:110] PC (0x40101f=>0x401021).(0=>1).
  64000: global: [sn:110] has 4 ready out of 4 sources. RTI 0)
  64000: system.cpu.iq: Checking if memory instruction can issue.
  64000: system.cpu.memDep0: Marking registers as ready for instruction PC (0x40101f=>0x401021).(0=>1) [sn:110].
  64000: system.cpu.memDep0: Instruction has its memory dependencies resolved, adding it to the ready list.
  64000: system.cpu.memDep0: Adding instruction [sn:110] to the ready list.
  64000: system.cpu.iq: Instruction is ready to issue, putting it onto the ready list, PC (0x40101f=>0x401021).(0=>1) opclass:52 [sn:110].
  64000: system.cpu.iew: Setting Destination Register 45 (integer)
  64000: system.cpu.scoreboard: Setting reg 45 (integer) as ready
  64000: system.cpu.iew: Sending instructions to commit, [sn:90] PC (0x40101a=>0x40101d).(0=>1).
  64000: system.cpu.iq: Waking dependents of completed instruction.
  64000: system.cpu.iq: Waking any dependents on register 46 (integer).
  64000: system.cpu.iq: Waking any dependents on register 9 (condition_code).
  64000: system.cpu.iq: Waking any dependents on register 10 (condition_code).
  64000: system.cpu.iq: Reg 4294967295 [invalid] is part of a fix mapping, skipping
  64000: system.cpu.iq: Reg 4294967295 [invalid] is part of a fix mapping, skipping
  64000: system.cpu.iq: Reg 4294967295 [invalid] is part of a fix mapping, skipping
  64000: system.cpu.iew: Setting Destination Register 46 (integer)
  64000: system.cpu.scoreboard: Setting reg 46 (integer) as ready
  64000: system.cpu.iew: Setting Destination Register 9 (condition_code)
  64000: system.cpu.scoreboard: Setting reg 9 (condition_code) as ready
  64000: system.cpu.iew: Setting Destination Register 10 (condition_code)
  64000: system.cpu.scoreboard: Setting reg 10 (condition_code) as ready
  64000: system.cpu.iew: Setting Destination Register 4294967295 (invalid)
  64000: system.cpu.iew: Setting Destination Register 4294967295 (invalid)
  64000: system.cpu.iew: Setting Destination Register 4294967295 (invalid)
  64000: system.cpu.iew: Sending instructions to commit, [sn:100] PC (0x40101d=>0x40101f).(0=>1).
  64000: system.cpu.iq: Attempting to schedule ready instructions from the IQ.
  64000: system.cpu.iq: Thread 0: Issuing instruction PC (0x401004=>0x40100b).(1=>2) [sn:40]
  64000: system.cpu.memDep0: Issuing instruction PC 0x401004 [sn:40].
  64000: system.cpu.iq: Thread 0: Issuing instruction PC (0x40100b=>0x40100f).(0=>1) [sn:50]
  64000: system.cpu.memDep0: Issuing instruction PC 0x40100b [sn:50].
  64000: system.cpu.iq: Thread 0: Issuing instruction PC (0x40100f=>0x401013).(1=>2) [sn:70]
  64000: system.cpu.iq: Thread 0: Issuing instruction PC (0x40101f=>0x401021).(0=>1) [sn:110]
  64000: system.cpu.memDep0: Issuing instruction PC 0x40101f [sn:110].
  64000: system.cpu.iew: Processing [tid:0]
  64000: system.cpu.iew.lsq.thread0: LQ size: 192, #loads occupied: 4
  64000: system.cpu.iew.lsq.thread0: SQ size: 114, #stores occupied: 3
  64000: system.cpu.iew: [tid:0], Dispatch dispatched 6 instructions.
  64000: system.cpu.iew.lsq.thread0: SQ size: 114, #stores occupied: 3
  64000: system.cpu.iew.lsq.thread0: LQ size: 192, #loads occupied: 4
  64000: system.cpu.iew: IQ has 194 free entries (Can schedule: 0).  LQ has 188 free entries. SQ has 111 free entries.
  64000: system.cpu.iew: Activity this cycle.
  64000: system.cpu.commit: Getting instructions from Rename stage.
  64000: system.cpu.commit: [tid:0] [sn:190] Inserting PC (0x401023=>0x401025).(2=>3) into ROB.
  64000: system.cpu.rob: Adding inst PC (0x401023=>0x401025).(2=>3) to the ROB.
  64000: system.cpu.rob: [tid:0] Now has 19 instructions.
  64000: system.cpu.commit: [tid:0] [sn:200] Inserting PC (0x401025=>0x401027).(0=>1) into ROB.
  64000: system.cpu.rob: Adding inst PC (0x401025=>0x401027).(0=>1) to the ROB.
  64000: system.cpu.rob: [tid:0] Now has 20 instructions.
  64000: system.cpu.commit: [tid:0] [sn:210] Inserting PC (0x401025=>0x401027).(1=>2) into ROB.
  64000: system.cpu.rob: Adding inst PC (0x401025=>0x401027).(1=>2) to the ROB.
  64000: system.cpu.rob: [tid:0] Now has 21 instructions.
  64000: system.cpu.commit: [tid:0] [sn:220] Inserting PC (0x401025=>0x401027).(2=>3) into ROB.
  64000: system.cpu.rob: Adding inst PC (0x401025=>0x401027).(2=>3) to the ROB.
  64000: system.cpu.rob: [tid:0] Now has 22 instructions.
  64000: system.cpu.commit: [tid:0] [sn:230] Inserting PC (0x401027=>0x401029).(0=>1) into ROB.
  64000: system.cpu.rob: Adding inst PC (0x401027=>0x401029).(0=>1) to the ROB.
  64000: system.cpu.rob: [tid:0] Now has 23 instructions.
  64000: system.cpu.commit: [tid:0] [sn:240] Inserting PC (0x401027=>0x401029).(1=>2) into ROB.
  64000: system.cpu.rob: Adding inst PC (0x401027=>0x401029).(1=>2) to the ROB.
  64000: system.cpu.rob: [tid:0] Now has 24 instructions.
  64000: system.cpu.commit: Trying to commit instructions in the ROB.
  64000: system.cpu.commit: [tid:0] Marking PC (0x401000=>0x401004).(0=>1), [sn:10] ready within ROB.
  64000: system.cpu.commit: [tid:0] Marking PC (0x401004=>0x40100b).(0=>1), [sn:30] ready within ROB.
  64000: system.cpu.commit: [tid:0] Marking PC (0x40100f=>0x401013).(0=>1), [sn:60] ready within ROB.
  64000: system.cpu.commit: [tid:0] Instruction [sn:10] PC (0x401000=>0x401004).(0=>1) is head of ROB and ready to commit
  64000: system.cpu.commit: [tid:0] ROB has 24 insts & 488 free entries.
  64000: system.cpu.commit: Activity This Cycle.
  64000: system.cpu.commit: Activating stage.
  64000: system.cpu: Activity: 9
  64000: system.cpu: Scheduling next tick!
  65000: system.cpu: 

O3CPU: Ticking main, O3CPU.
  65000: system.cpu.fetch: Running stage.
  65000: system.cpu.fetch: Attempting to fetch from [tid:0]
  65000: system.cpu.fetch: [tid:0] Adding instructions to queue to decode.
  65000: global: DynInst: [sn:430] Instruction created. Instcount for system.cpu = 43
  65000: system.cpu.fetch: [tid:0] Instruction PC (0x401033=>0x401035).(2=>3) created [sn:430].
  65000: system.cpu.fetch: [tid:0] Instruction is:   ADD_M_R : st   t1b, DS:[rax]
  65000: system.cpu.fetch: [tid:0] Fetch queue entry created (1/128).
  65000: system.cpu.decoder: Decode: Decoded add instruction: 
{
	leg = 0,
	rex = 0,
	vex/xop = 0,
	op = {
		type = one byte,
		op = 0,
		},
	modRM = 0,
	sib = 0,
	immediate = 0,
	displacement = 0
	dispSize = 0}

  65000: global: DynInst: [sn:440] Instruction created. Instcount for system.cpu = 44
  65000: system.cpu.fetch: [tid:0] Instruction PC (0x401035=>0x401037).(0=>1) created [sn:440].
  65000: system.cpu.fetch: [tid:0] Instruction is:   ADD_M_R : ldst   t1b, DS:[rax]
  65000: system.cpu.fetch: [tid:0] Fetch queue entry created (2/128).
  65000: global: DynInst: [sn:450] Instruction created. Instcount for system.cpu = 45
  65000: system.cpu.fetch: [tid:0] Instruction PC (0x401035=>0x401037).(1=>2) created [sn:450].
  65000: system.cpu.fetch: [tid:0] Instruction is:   ADD_M_R : add   t1b, t1b, al
  65000: system.cpu.fetch: [tid:0] Fetch queue entry created (3/128).
  65000: global: DynInst: [sn:460] Instruction created. Instcount for system.cpu = 46
  65000: system.cpu.fetch: [tid:0] Instruction PC (0x401035=>0x401037).(2=>3) created [sn:460].
  65000: system.cpu.fetch: [tid:0] Instruction is:   ADD_M_R : st   t1b, DS:[rax]
  65000: system.cpu.fetch: [tid:0] Fetch queue entry created (4/128).
  65000: system.cpu.decoder: Decode: Decoded add instruction: 
{
	leg = 0,
	rex = 0,
	vex/xop = 0,
	op = {
		type = one byte,
		op = 0,
		},
	modRM = 0,
	sib = 0,
	immediate = 0,
	displacement = 0
	dispSize = 0}

  65000: global: DynInst: [sn:470] Instruction created. Instcount for system.cpu = 47
  65000: system.cpu.fetch: [tid:0] Instruction PC (0x401037=>0x401039).(0=>1) created [sn:470].
  65000: system.cpu.fetch: [tid:0] Instruction is:   ADD_M_R : ldst   t1b, DS:[rax]
  65000: system.cpu.fetch: [tid:0] Fetch queue entry created (5/128).
  65000: global: DynInst: [sn:480] Instruction created. Instcount for system.cpu = 48
  65000: system.cpu.fetch: [tid:0] Instruction PC (0x401037=>0x401039).(1=>2) created [sn:480].
  65000: system.cpu.fetch: [tid:0] Instruction is:   ADD_M_R : add   t1b, t1b, al
  65000: system.cpu.fetch: [tid:0] Fetch queue entry created (6/128).
  65000: system.cpu.fetch: [tid:0] Done fetching, reached fetch bandwidth for this cycle.
  65000: system.cpu.fetch: [tid:0] [sn:430] Sending instruction to decode from fetch queue. Fetch queue size: 6.
  65000: system.cpu.fetch: [tid:0] [sn:440] Sending instruction to decode from fetch queue. Fetch queue size: 5.
  65000: system.cpu.fetch: [tid:0] [sn:450] Sending instruction to decode from fetch queue. Fetch queue size: 4.
  65000: system.cpu.fetch: [tid:0] [sn:460] Sending instruction to decode from fetch queue. Fetch queue size: 3.
  65000: system.cpu.fetch: [tid:0] [sn:470] Sending instruction to decode from fetch queue. Fetch queue size: 2.
  65000: system.cpu.fetch: [tid:0] [sn:480] Sending instruction to decode from fetch queue. Fetch queue size: 1.
  65000: system.cpu.fetch: Activity this cycle.
  65000: system.cpu: Activity: 10
  65000: system.cpu.decode: Processing [tid:0]
  65000: system.cpu.decode: [tid:0] Bypass moves from Rename: 0
  65000: system.cpu.decode: [tid:0] Not blocked, so attempting to run stage.
  65000: system.cpu.decode: [tid:0] Sending instruction to rename.
  65000: system.cpu.decode: [tid:0] Processing instruction [sn:370] with PC (0x40102f=>0x401031).(2=>3)
  65000: system.cpu.decode: [tid:0] Processing instruction [sn:380] with PC (0x401031=>0x401033).(0=>1)
  65000: system.cpu.decode: [tid:0] Processing instruction [sn:390] with PC (0x401031=>0x401033).(1=>2)
  65000: system.cpu.decode: [tid:0] Processing instruction [sn:400] with PC (0x401031=>0x401033).(2=>3)
  65000: system.cpu.decode: [tid:0] Processing instruction [sn:410] with PC (0x401033=>0x401035).(0=>1)
  65000: system.cpu.decode: [tid:0] Processing instruction [sn:420] with PC (0x401033=>0x401035).(1=>2)
  65000: system.cpu.decode: Activity this cycle.
  65000: system.cpu.rename: Processing [tid:0]
  65000: system.cpu.rename: [tid:0] Free IQ: 194, Free ROB: 488, Free LQ: 188, Free SQ: 111, FreeRM 63(451 464 511 1022 63 8 2535)
  65000: system.cpu.rename: [tid:0] 18 instructions not yet in ROB
  65000: system.cpu.rename: calcFreeLQEntries: free lqEntries: 188, loadsInProgress: 6, loads dispatchedToLQ: 2
  65000: system.cpu.rename: [tid:0] Not blocked, so attempting to run stage.
  65000: system.cpu.rename: [tid:0] 6 available instructions to send iew.
  65000: system.cpu.rename: [tid:0] 18 insts pipelining from Rename | 6 insts dispatched to IQ last cycle.
  65000: system.cpu.rename: [tid:0] Sending instructions to IEW.
  65000: system.cpu.rename: calcFreeSQEntries: free sqEntries: 111, storesInProgress: 6, stores dispatchedToSQ: 2
  65000: system.cpu.rename: [tid:0] Processing instruction [sn:310] with PC (0x40102b=>0x40102d).(2=>3).
  65000: system.cpu.rename: [tid:0] Looking up invalid arch reg 0, got phys reg 4294967295 (invalid)
  65000: system.cpu.rename: [tid:0] Register 4294967295 (flat: 4294967295) (invalid) is ready.
  65000: global: [sn:310] has 1 ready out of 4 sources. RTI 0)
  65000: system.cpu.rename: [tid:0] Looking up integer arch reg 0, got phys reg 45 (integer)
  65000: system.cpu.rename: [tid:0] Register 45 (flat: 45) (integer) is ready.
  65000: global: [sn:310] has 2 ready out of 4 sources. RTI 0)
  65000: system.cpu.rename: [tid:0] Looking up integer arch reg 17, got phys reg 60 (integer)
  65000: system.cpu.rename: [tid:0] Register 60 (flat: 60) (integer) is not ready.
  65000: system.cpu.rename: [tid:0] Looking up miscellaneous arch reg 155, got phys reg 155 (miscellaneous)
  65000: system.cpu.rename: [tid:0] Register 155 (flat: 0) (miscellaneous) is ready.
  65000: global: [sn:310] has 3 ready out of 4 sources. RTI 0)
  65000: system.cpu.rename: calcFreeLQEntries: free lqEntries: 188, loadsInProgress: 6, loads dispatchedToLQ: 2
  65000: system.cpu.rename: [tid:0] Processing instruction [sn:320] with PC (0x40102d=>0x40102f).(0=>1).
  65000: system.cpu.rename: [tid:0] Mascot prediction for load [sn:320] type: 0; distance1: 0; distance2: 0
  65000: system.cpu.rename: [tid:0] Looking up invalid arch reg 0, got phys reg 4294967295 (invalid)
  65000: system.cpu.rename: [tid:0] Register 4294967295 (flat: 4294967295) (invalid) is ready.
  65000: global: [sn:320] has 1 ready out of 4 sources. RTI 0)
  65000: system.cpu.rename: [tid:0] Looking up integer arch reg 0, got phys reg 45 (integer)
  65000: system.cpu.rename: [tid:0] Register 45 (flat: 45) (integer) is ready.
  65000: global: [sn:320] has 2 ready out of 4 sources. RTI 0)
  65000: system.cpu.rename: [tid:0] Looking up integer arch reg 17, got phys reg 60 (integer)
  65000: system.cpu.rename: [tid:0] Register 60 (flat: 60) (integer) is not ready.
  65000: system.cpu.rename: [tid:0] Looking up miscellaneous arch reg 155, got phys reg 155 (miscellaneous)
  65000: system.cpu.rename: [tid:0] Register 155 (flat: 0) (miscellaneous) is ready.
  65000: global: [sn:320] has 3 ready out of 4 sources. RTI 0)
  65000: global: Renamed reg t1 to physical reg 61 (61) old mapping was 60 (60)
  65000: system.cpu.rename: [tid:0] Renaming arch reg 17 (integer) to physical reg 61 (61).
  65000: system.cpu.rename: [tid:0] [sn:320] Adding instruction to history buffer (size=73).
  65000: system.cpu.rename: [tid:0] Processing instruction [sn:330] with PC (0x40102d=>0x40102f).(1=>2).
  65000: system.cpu.rename: [tid:0] Looking up integer arch reg 17, got phys reg 61 (integer)
  65000: system.cpu.rename: [tid:0] Register 61 (flat: 61) (integer) is not ready.
  65000: system.cpu.rename: [tid:0] Looking up integer arch reg 0, got phys reg 45 (integer)
  65000: system.cpu.rename: [tid:0] Register 45 (flat: 45) (integer) is ready.
  65000: global: [sn:330] has 1 ready out of 8 sources. RTI 0)
  65000: system.cpu.rename: [tid:0] Looking up integer arch reg 17, got phys reg 61 (integer)
  65000: system.cpu.rename: [tid:0] Register 61 (flat: 61) (integer) is not ready.
  65000: system.cpu.rename: [tid:0] Looking up invalid arch reg 0, got phys reg 4294967295 (invalid)
  65000: system.cpu.rename: [tid:0] Register 4294967295 (flat: 4294967295) (invalid) is ready.
  65000: global: [sn:330] has 2 ready out of 8 sources. RTI 0)
  65000: system.cpu.rename: [tid:0] Looking up invalid arch reg 0, got phys reg 4294967295 (invalid)
  65000: system.cpu.rename: [tid:0] Register 4294967295 (flat: 4294967295) (invalid) is ready.
  65000: global: [sn:330] has 3 ready out of 8 sources. RTI 0)
  65000: system.cpu.rename: [tid:0] Looking up invalid arch reg 0, got phys reg 4294967295 (invalid)
  65000: system.cpu.rename: [tid:0] Register 4294967295 (flat: 4294967295) (invalid) is ready.
  65000: global: [sn:330] has 4 ready out of 8 sources. RTI 0)
  65000: system.cpu.rename: [tid:0] Looking up invalid arch reg 0, got phys reg 4294967295 (invalid)
  65000: system.cpu.rename: [tid:0] Register 4294967295 (flat: 4294967295) (invalid) is ready.
  65000: global: [sn:330] has 5 ready out of 8 sources. RTI 0)
  65000: system.cpu.rename: [tid:0] Looking up invalid arch reg 0, got phys reg 4294967295 (invalid)
  65000: system.cpu.rename: [tid:0] Register 4294967295 (flat: 4294967295) (invalid) is ready.
  65000: global: [sn:330] has 6 ready out of 8 sources. RTI 0)
  65000: global: Renamed reg t1 to physical reg 62 (62) old mapping was 61 (61)
  65000: system.cpu.rename: [tid:0] Renaming arch reg 17 (integer) to physical reg 62 (62).
  65000: system.cpu.rename: [tid:0] [sn:330] Adding instruction to history buffer (size=74).
  65000: global: Renamed reg condition_code[0] to physical reg 2657 (2657) old mapping was 2655 (2655)
  65000: system.cpu.rename: [tid:0] Renaming arch reg 0 (condition_code) to physical reg 25 (2657).
  65000: system.cpu.rename: [tid:0] [sn:330] Adding instruction to history buffer (size=75).
  65000: global: Renamed reg condition_code[1] to physical reg 2658 (2658) old mapping was 2656 (2656)
  65000: system.cpu.rename: [tid:0] Renaming arch reg 1 (condition_code) to physical reg 26 (2658).
  65000: system.cpu.rename: [tid:0] [sn:330] Adding instruction to history buffer (size=76).
  65000: system.cpu.rename: [tid:0] Renaming arch reg 0 (invalid) to physical reg 4294967295 (4294967295).
  65000: system.cpu.rename: [tid:0] [sn:330] Adding instruction to history buffer (size=77).
  65000: system.cpu.rename: [tid:0] Renaming arch reg 0 (invalid) to physical reg 4294967295 (4294967295).
  65000: system.cpu.rename: [tid:0] [sn:330] Adding instruction to history buffer (size=78).
  65000: system.cpu.rename: [tid:0] Renaming arch reg 0 (invalid) to physical reg 4294967295 (4294967295).
  65000: system.cpu.rename: [tid:0] [sn:330] Adding instruction to history buffer (size=79).
  65000: system.cpu.rename: calcFreeSQEntries: free sqEntries: 111, storesInProgress: 7, stores dispatchedToSQ: 2
  65000: system.cpu.rename: [tid:0] Processing instruction [sn:340] with PC (0x40102d=>0x40102f).(2=>3).
  65000: system.cpu.rename: [tid:0] Looking up invalid arch reg 0, got phys reg 4294967295 (invalid)
  65000: system.cpu.rename: [tid:0] Register 4294967295 (flat: 4294967295) (invalid) is ready.
  65000: global: [sn:340] has 1 ready out of 4 sources. RTI 0)
  65000: system.cpu.rename: [tid:0] Looking up integer arch reg 0, got phys reg 45 (integer)
  65000: system.cpu.rename: [tid:0] Register 45 (flat: 45) (integer) is ready.
  65000: global: [sn:340] has 2 ready out of 4 sources. RTI 0)
  65000: system.cpu.rename: [tid:0] Looking up integer arch reg 17, got phys reg 62 (integer)
  65000: system.cpu.rename: [tid:0] Register 62 (flat: 62) (integer) is not ready.
  65000: system.cpu.rename: [tid:0] Looking up miscellaneous arch reg 155, got phys reg 155 (miscellaneous)
  65000: system.cpu.rename: [tid:0] Register 155 (flat: 0) (miscellaneous) is ready.
  65000: global: [sn:340] has 3 ready out of 4 sources. RTI 0)
  65000: system.cpu.rename: calcFreeLQEntries: free lqEntries: 188, loadsInProgress: 7, loads dispatchedToLQ: 2
  65000: system.cpu.rename: [tid:0] Processing instruction [sn:350] with PC (0x40102f=>0x401031).(0=>1).
  65000: system.cpu.rename: [tid:0] Mascot prediction for load [sn:350] type: 0; distance1: 0; distance2: 0
  65000: system.cpu.rename: [tid:0] Looking up invalid arch reg 0, got phys reg 4294967295 (invalid)
  65000: system.cpu.rename: [tid:0] Register 4294967295 (flat: 4294967295) (invalid) is ready.
  65000: global: [sn:350] has 1 ready out of 4 sources. RTI 0)
  65000: system.cpu.rename: [tid:0] Looking up integer arch reg 0, got phys reg 45 (integer)
  65000: system.cpu.rename: [tid:0] Register 45 (flat: 45) (integer) is ready.
  65000: global: [sn:350] has 2 ready out of 4 sources. RTI 0)
  65000: system.cpu.rename: [tid:0] Looking up integer arch reg 17, got phys reg 62 (integer)
  65000: system.cpu.rename: [tid:0] Register 62 (flat: 62) (integer) is not ready.
  65000: system.cpu.rename: [tid:0] Looking up miscellaneous arch reg 155, got phys reg 155 (miscellaneous)
  65000: system.cpu.rename: [tid:0] Register 155 (flat: 0) (miscellaneous) is ready.
  65000: global: [sn:350] has 3 ready out of 4 sources. RTI 0)
  65000: global: Renamed reg t1 to physical reg 63 (63) old mapping was 62 (62)
  65000: system.cpu.rename: [tid:0] Renaming arch reg 17 (integer) to physical reg 63 (63).
  65000: system.cpu.rename: [tid:0] [sn:350] Adding instruction to history buffer (size=80).
  65000: system.cpu.rename: [tid:0] Processing instruction [sn:360] with PC (0x40102f=>0x401031).(1=>2).
  65000: system.cpu.rename: [tid:0] Looking up integer arch reg 17, got phys reg 63 (integer)
  65000: system.cpu.rename: [tid:0] Register 63 (flat: 63) (integer) is not ready.
  65000: system.cpu.rename: [tid:0] Looking up integer arch reg 0, got phys reg 45 (integer)
  65000: system.cpu.rename: [tid:0] Register 45 (flat: 45) (integer) is ready.
  65000: global: [sn:360] has 1 ready out of 8 sources. RTI 0)
  65000: system.cpu.rename: [tid:0] Looking up integer arch reg 17, got phys reg 63 (integer)
  65000: system.cpu.rename: [tid:0] Register 63 (flat: 63) (integer) is not ready.
  65000: system.cpu.rename: [tid:0] Looking up invalid arch reg 0, got phys reg 4294967295 (invalid)
  65000: system.cpu.rename: [tid:0] Register 4294967295 (flat: 4294967295) (invalid) is ready.
  65000: global: [sn:360] has 2 ready out of 8 sources. RTI 0)
  65000: system.cpu.rename: [tid:0] Looking up invalid arch reg 0, got phys reg 4294967295 (invalid)
  65000: system.cpu.rename: [tid:0] Register 4294967295 (flat: 4294967295) (invalid) is ready.
  65000: global: [sn:360] has 3 ready out of 8 sources. RTI 0)
  65000: system.cpu.rename: [tid:0] Looking up invalid arch reg 0, got phys reg 4294967295 (invalid)
  65000: system.cpu.rename: [tid:0] Register 4294967295 (flat: 4294967295) (invalid) is ready.
  65000: global: [sn:360] has 4 ready out of 8 sources. RTI 0)
  65000: system.cpu.rename: [tid:0] Looking up invalid arch reg 0, got phys reg 4294967295 (invalid)
  65000: system.cpu.rename: [tid:0] Register 4294967295 (flat: 4294967295) (invalid) is ready.
  65000: global: [sn:360] has 5 ready out of 8 sources. RTI 0)
  65000: system.cpu.rename: [tid:0] Looking up invalid arch reg 0, got phys reg 4294967295 (invalid)
  65000: system.cpu.rename: [tid:0] Register 4294967295 (flat: 4294967295) (invalid) is ready.
  65000: global: [sn:360] has 6 ready out of 8 sources. RTI 0)
  65000: global: Renamed reg t1 to physical reg 64 (64) old mapping was 63 (63)
  65000: system.cpu.rename: [tid:0] Renaming arch reg 17 (integer) to physical reg 64 (64).
  65000: system.cpu.rename: [tid:0] [sn:360] Adding instruction to history buffer (size=81).
  65000: global: Renamed reg condition_code[0] to physical reg 2659 (2659) old mapping was 2657 (2657)
  65000: system.cpu.rename: [tid:0] Renaming arch reg 0 (condition_code) to physical reg 27 (2659).
  65000: system.cpu.rename: [tid:0] [sn:360] Adding instruction to history buffer (size=82).
  65000: global: Renamed reg condition_code[1] to physical reg 2660 (2660) old mapping was 2658 (2658)
  65000: system.cpu.rename: [tid:0] Renaming arch reg 1 (condition_code) to physical reg 28 (2660).
  65000: system.cpu.rename: [tid:0] [sn:360] Adding instruction to history buffer (size=83).
  65000: system.cpu.rename: [tid:0] Renaming arch reg 0 (invalid) to physical reg 4294967295 (4294967295).
  65000: system.cpu.rename: [tid:0] [sn:360] Adding instruction to history buffer (size=84).
  65000: system.cpu.rename: [tid:0] Renaming arch reg 0 (invalid) to physical reg 4294967295 (4294967295).
  65000: system.cpu.rename: [tid:0] [sn:360] Adding instruction to history buffer (size=85).
  65000: system.cpu.rename: [tid:0] Renaming arch reg 0 (invalid) to physical reg 4294967295 (4294967295).
  65000: system.cpu.rename: [tid:0] [sn:360] Adding instruction to history buffer (size=86).
  65000: system.cpu.rename: Activity this cycle.
  65000: system.cpu.iew: Issue: Processing [tid:0]
  65000: system.cpu.iew: [tid:0] Not blocked, so attempting to run dispatch.
  65000: system.cpu.iew: [tid:0] Issue: Adding PC (0x401023=>0x401025).(2=>3) [sn:190] [tid:0] to IQ.
  65000: system.cpu.iew: [tid:0] Issue: Memory instruction encountered, adding to LSQ.
  65000: system.cpu.iew.lsq.thread0: Inserting store PC (0x401023=>0x401025).(2=>3), idx:3 [sn:190]
  65000: system.cpu.iq: Adding instruction [sn:190] PC (0x401023=>0x401025).(2=>3) to the IQ.
  65000: system.cpu.iq: Instruction PC (0x401023=>0x401025).(2=>3) has src reg 45 (integer) that became ready before it reached the IQ.
  65000: global: [sn:190] has 3 ready out of 4 sources. RTI 0)
  65000: system.cpu.iq: Instruction PC (0x401023=>0x401025).(2=>3) has src reg 52 (integer) that is being added to the dependency chain.
  65000: memdepentry: Memory dependency entry created. memdep_count=8 (0x401023=>0x401025).(2=>3)
  65000: system.cpu.memDep0: No dependency for inst PC (0x401023=>0x401025).(2=>3) [sn:190].
  65000: system.cpu.memDep0: Inserting store/atomic PC (0x401023=>0x401025).(2=>3) [sn:190].
  65000: system.cpu.iew: [tid:0] Issue: Adding PC (0x401025=>0x401027).(0=>1) [sn:200] [tid:0] to IQ.
  65000: system.cpu.iew: [tid:0] Issue: Memory instruction encountered, adding to LSQ.
  65000: system.cpu.iew.lsq.thread0: Inserting load PC (0x401025=>0x401027).(0=>1), idx:4 [sn:200]
  65000: system.cpu.iq: Adding instruction [sn:200] PC (0x401025=>0x401027).(0=>1) to the IQ.
  65000: system.cpu.iq: Instruction PC (0x401025=>0x401027).(0=>1) has src reg 45 (integer) that became ready before it reached the IQ.
  65000: global: [sn:200] has 3 ready out of 4 sources. RTI 0)
  65000: system.cpu.iq: Instruction PC (0x401025=>0x401027).(0=>1) has src reg 52 (integer) that is being added to the dependency chain.
  65000: memdepentry: Memory dependency entry created. memdep_count=9 (0x401025=>0x401027).(0=>1)
  65000: system.cpu.memDep0: No dependency for inst PC (0x401025=>0x401027).(0=>1) [sn:200].
  65000: system.cpu.iew: [tid:0] Issue: Adding PC (0x401025=>0x401027).(1=>2) [sn:210] [tid:0] to IQ.
  65000: system.cpu.iq: Adding instruction [sn:210] PC (0x401025=>0x401027).(1=>2) to the IQ.
  65000: system.cpu.iq: Instruction PC (0x401025=>0x401027).(1=>2) has src reg 53 (integer) that is being added to the dependency chain.
  65000: system.cpu.iq: Instruction PC (0x401025=>0x401027).(1=>2) has src reg 45 (integer) that became ready before it reached the IQ.
  65000: global: [sn:210] has 6 ready out of 8 sources. RTI 0)
  65000: system.cpu.iq: Instruction PC (0x401025=>0x401027).(1=>2) has src reg 53 (integer) that is being added to the dependency chain.
  65000: system.cpu.iew: [tid:0] Issue: Adding PC (0x401025=>0x401027).(2=>3) [sn:220] [tid:0] to IQ.
  65000: system.cpu.iew: [tid:0] Issue: Memory instruction encountered, adding to LSQ.
  65000: system.cpu.iew.lsq.thread0: Inserting store PC (0x401025=>0x401027).(2=>3), idx:4 [sn:220]
  65000: system.cpu.iq: Adding instruction [sn:220] PC (0x401025=>0x401027).(2=>3) to the IQ.
  65000: system.cpu.iq: Instruction PC (0x401025=>0x401027).(2=>3) has src reg 45 (integer) that became ready before it reached the IQ.
  65000: global: [sn:220] has 3 ready out of 4 sources. RTI 0)
  65000: system.cpu.iq: Instruction PC (0x401025=>0x401027).(2=>3) has src reg 54 (integer) that is being added to the dependency chain.
  65000: memdepentry: Memory dependency entry created. memdep_count=10 (0x401025=>0x401027).(2=>3)
  65000: system.cpu.memDep0: No dependency for inst PC (0x401025=>0x401027).(2=>3) [sn:220].
  65000: system.cpu.memDep0: Inserting store/atomic PC (0x401025=>0x401027).(2=>3) [sn:220].
  65000: system.cpu.iew: [tid:0] Issue: Adding PC (0x401027=>0x401029).(0=>1) [sn:230] [tid:0] to IQ.
  65000: system.cpu.iew: [tid:0] Issue: Memory instruction encountered, adding to LSQ.
  65000: system.cpu.iew.lsq.thread0: Inserting load PC (0x401027=>0x401029).(0=>1), idx:5 [sn:230]
  65000: system.cpu.iq: Adding instruction [sn:230] PC (0x401027=>0x401029).(0=>1) to the IQ.
  65000: system.cpu.iq: Instruction PC (0x401027=>0x401029).(0=>1) has src reg 45 (integer) that became ready before it reached the IQ.
  65000: global: [sn:230] has 3 ready out of 4 sources. RTI 0)
  65000: system.cpu.iq: Instruction PC (0x401027=>0x401029).(0=>1) has src reg 54 (integer) that is being added to the dependency chain.
  65000: memdepentry: Memory dependency entry created. memdep_count=11 (0x401027=>0x401029).(0=>1)
  65000: system.cpu.memDep0: No dependency for inst PC (0x401027=>0x401029).(0=>1) [sn:230].
  65000: system.cpu.iew: [tid:0] Issue: Adding PC (0x401027=>0x401029).(1=>2) [sn:240] [tid:0] to IQ.
  65000: system.cpu.iq: Adding instruction [sn:240] PC (0x401027=>0x401029).(1=>2) to the IQ.
  65000: system.cpu.iq: Instruction PC (0x401027=>0x401029).(1=>2) has src reg 55 (integer) that is being added to the dependency chain.
  65000: system.cpu.iq: Instruction PC (0x401027=>0x401029).(1=>2) has src reg 45 (integer) that became ready before it reached the IQ.
  65000: global: [sn:240] has 6 ready out of 8 sources. RTI 0)
  65000: system.cpu.iq: Instruction PC (0x401027=>0x401029).(1=>2) has src reg 55 (integer) that is being added to the dependency chain.
  65000: system.cpu.iew: Execute: Executing instructions from IQ.
  65000: system.cpu.iew: Execute: Processing PC (0x401004=>0x40100b).(1=>2), [tid:0] [sn:40].
  65000: system.cpu.iew: Execute: Calculating address for memory reference.
  65000: system.cpu.iew.lsq.thread0: Executing store PC (0x401004=>0x40100b).(1=>2) [sn:40]
  65000: global: RegFile: Access to int register 40, has data 0x7fffffffee28
  65000: global: RegFile: Access to int register 41, has data 0xdeadbeef
  65000: system.cpu.iew.lsq.thread0: Doing write to store idx 0, addr 0x2e28 | storeHead:0 [sn:40]
  65000: system.cpu.iew: Current wb cycle: 0, width: 12, numInst: 0
wbActual:0
  65000: system.cpu.iew: Activity this cycle.
  65000: system.cpu.iew: Execute: Executing instructions from IQ.
  65000: system.cpu.iew: Execute: Processing PC (0x40100b=>0x40100f).(0=>1), [tid:0] [sn:50].
  65000: system.cpu.iew: Execute: Calculating address for memory reference.
  65000: system.cpu.iew.lsq.thread0: Executing load PC (0x40100b=>0x40100f).(0=>1), [sn:50]
  65000: global: RegFile: Access to int register 40, has data 0x7fffffffee28
  65000: system.cpu.iew.lsq.thread0: Read called, load idx: 0, store idx: 2, storeHead: 0 addr: 0x2e28
  65000: system.cpu.iew.lsq.thread0: Forwarding from store idx 1 to load to addr 0x7fffffffee28
  65000: system.cpu.iew: Execute: Executing instructions from IQ.
  65000: system.cpu.iew: Execute: Processing PC (0x40100f=>0x401013).(1=>2), [tid:0] [sn:70].
  65000: global: RegFile: Access to int register 40, has data 0x7fffffffee28
  65000: global: RegFile: Access to int register 43, has data 0x8
  65000: global: RegFile: Setting int register 44 to 0x7fffffffee30
  65000: global: RegFile: Setting cc register 7 to 0x14
  65000: global: RegFile: Setting cc register 8 to 0
  65000: system.cpu.iew: Current wb cycle: 0, width: 12, numInst: 1
wbActual:1
  65000: system.cpu.iew: Execute: Executing instructions from IQ.
  65000: system.cpu.iew: Execute: Processing PC (0x40101f=>0x401021).(0=>1), [tid:0] [sn:110].
  65000: system.cpu.iew: Execute: Calculating address for memory reference.
  65000: system.cpu.iew.lsq.thread0: Executing load PC (0x40101f=>0x401021).(0=>1), [sn:110]
  65000: global: RegFile: Access to int register 45, has data 0x3c
  65000: system.cpu.iew.lsq.thread0: Load [sn:110] not executed from fault
  65000: system.cpu.iew: Current wb cycle: 0, width: 12, numInst: 2
wbActual:2
  65000: system.cpu.iew: Activity this cycle.
  65000: system.cpu.iew: Sending instructions to commit, [sn:40] PC (0x401004=>0x40100b).(1=>2).
  65000: system.cpu.iq: Waking dependents of completed instruction.
  65000: system.cpu.memDep0: Completed mem instruction PC (0x401004=>0x40100b).(1=>2) [sn:40].
  65000: memdepentry: Memory dependency entry deleted. memdep_count=10 (0x401004=>0x40100b).(1=>2)
  65000: system.cpu.iq: Completing mem instruction PC: (0x401004=>0x40100b).(1=>2) [sn:40]
  65000: system.cpu.iew: Sending instructions to commit, [sn:70] PC (0x40100f=>0x401013).(1=>2).
  65000: system.cpu.iq: Waking dependents of completed instruction.
  65000: system.cpu.iq: Waking any dependents on register 44 (integer).
  65000: system.cpu.iq: Waking any dependents on register 7 (condition_code).
  65000: system.cpu.iq: Waking any dependents on register 8 (condition_code).
  65000: system.cpu.iq: Reg 4294967295 [invalid] is part of a fix mapping, skipping
  65000: system.cpu.iq: Reg 4294967295 [invalid] is part of a fix mapping, skipping
  65000: system.cpu.iq: Reg 4294967295 [invalid] is part of a fix mapping, skipping
  65000: system.cpu.iew: Setting Destination Register 44 (integer)
  65000: system.cpu.scoreboard: Setting reg 44 (integer) as ready
  65000: system.cpu.iew: Setting Destination Register 7 (condition_code)
  65000: system.cpu.scoreboard: Setting reg 7 (condition_code) as ready
  65000: system.cpu.iew: Setting Destination Register 8 (condition_code)
  65000: system.cpu.scoreboard: Setting reg 8 (condition_code) as ready
  65000: system.cpu.iew: Setting Destination Register 4294967295 (invalid)
  65000: system.cpu.iew: Setting Destination Register 4294967295 (invalid)
  65000: system.cpu.iew: Setting Destination Register 4294967295 (invalid)
  65000: system.cpu.iew: Sending instructions to commit, [sn:110] PC (0x40101f=>0x401021).(0=>1).
  65000: system.cpu.iq: Attempting to schedule ready instructions from the IQ.
  65000: system.cpu.iq: Not able to schedule any instructions.
  65000: system.cpu.iew: Processing [tid:0]
  65000: system.cpu.iew.lsq.thread0: LQ size: 192, #loads occupied: 6
  65000: system.cpu.iew.lsq.thread0: SQ size: 114, #stores occupied: 5
  65000: system.cpu.iew: [tid:0], Dispatch dispatched 6 instructions.
  65000: system.cpu.iew.lsq.thread0: SQ size: 114, #stores occupied: 5
  65000: system.cpu.iew.lsq.thread0: LQ size: 192, #loads occupied: 6
  65000: system.cpu.iew: IQ has 189 free entries (Can schedule: 0).  LQ has 186 free entries. SQ has 109 free entries.
  65000: system.cpu.iew: Activity this cycle.
  65000: system.cpu.commit: Getting instructions from Rename stage.
  65000: system.cpu.commit: [tid:0] [sn:250] Inserting PC (0x401027=>0x401029).(2=>3) into ROB.
  65000: system.cpu.rob: Adding inst PC (0x401027=>0x401029).(2=>3) to the ROB.
  65000: system.cpu.rob: [tid:0] Now has 25 instructions.
  65000: system.cpu.commit: [tid:0] [sn:260] Inserting PC (0x401029=>0x40102b).(0=>1) into ROB.
  65000: system.cpu.rob: Adding inst PC (0x401029=>0x40102b).(0=>1) to the ROB.
  65000: system.cpu.rob: [tid:0] Now has 26 instructions.
  65000: system.cpu.commit: [tid:0] [sn:270] Inserting PC (0x401029=>0x40102b).(1=>2) into ROB.
  65000: system.cpu.rob: Adding inst PC (0x401029=>0x40102b).(1=>2) to the ROB.
  65000: system.cpu.rob: [tid:0] Now has 27 instructions.
  65000: system.cpu.commit: [tid:0] [sn:280] Inserting PC (0x401029=>0x40102b).(2=>3) into ROB.
  65000: system.cpu.rob: Adding inst PC (0x401029=>0x40102b).(2=>3) to the ROB.
  65000: system.cpu.rob: [tid:0] Now has 28 instructions.
  65000: system.cpu.commit: [tid:0] [sn:290] Inserting PC (0x40102b=>0x40102d).(0=>1) into ROB.
  65000: system.cpu.rob: Adding inst PC (0x40102b=>0x40102d).(0=>1) to the ROB.
  65000: system.cpu.rob: [tid:0] Now has 29 instructions.
  65000: system.cpu.commit: [tid:0] [sn:300] Inserting PC (0x40102b=>0x40102d).(1=>2) into ROB.
  65000: system.cpu.rob: Adding inst PC (0x40102b=>0x40102d).(1=>2) to the ROB.
  65000: system.cpu.rob: [tid:0] Now has 30 instructions.
  65000: system.cpu.commit: Trying to commit instructions in the ROB.
  65000: system.cpu.commit: Trying to commit head instruction, [tid:0] [sn:10]
  65000: system.cpu.commit: [tid:0] [sn:10] Committing instruction with PC (0x401000=>0x401004).(0=>1)
  65000: system.cpu.rob: [tid:0] Retiring head instruction, instruction PC (0x401000=>0x401004).(0=>1), [sn:10]
  65000: system.cpu: Removing committed instruction [tid:0] PC (0x401000=>0x401004).(0=>1) [sn:10]
  65000: system.cpu.commit: [tid:0] Marking PC (0x401000=>0x401004).(1=>2), [sn:20] ready within ROB.
  65000: system.cpu.commit: [tid:0] Marking PC (0x401013=>0x40101a).(0=>1), [sn:80] ready within ROB.
  65000: system.cpu.commit: [tid:0] Marking PC (0x40101a=>0x40101d).(0=>1), [sn:90] ready within ROB.
  65000: system.cpu.commit: [tid:0] Marking PC (0x40101d=>0x40101f).(0=>1), [sn:100] ready within ROB.
  65000: system.cpu.commit: [tid:0] Instruction [sn:20] PC (0x401000=>0x401004).(1=>2) is head of ROB and ready to commit
  65000: system.cpu.commit: [tid:0] ROB has 29 insts & 483 free entries.
  65000: system.cpu.commit: Activity This Cycle.
  65000: system.cpu: Removing instruction, [tid:0] [sn:10] PC (0x401000=>0x401004).(0=>1)
  65000: system.cpu: Scheduling next tick!
  66000: system.cpu: 

O3CPU: Ticking main, O3CPU.
  66000: system.cpu.fetch: Running stage.
  66000: system.cpu.fetch: Attempting to fetch from [tid:0]
  66000: system.cpu.fetch: [tid:0] Adding instructions to queue to decode.
  66000: global: DynInst: [sn:490] Instruction created. Instcount for system.cpu = 49
  66000: system.cpu.fetch: [tid:0] Instruction PC (0x401037=>0x401039).(2=>3) created [sn:490].
  66000: system.cpu.fetch: [tid:0] Instruction is:   ADD_M_R : st   t1b, DS:[rax]
  66000: system.cpu.fetch: [tid:0] Fetch queue entry created (1/128).
  66000: system.cpu.decoder: Decode: Decoded add instruction: 
{
	leg = 0,
	rex = 0,
	vex/xop = 0,
	op = {
		type = one byte,
		op = 0,
		},
	modRM = 0,
	sib = 0,
	immediate = 0,
	displacement = 0
	dispSize = 0}

  66000: global: DynInst: [sn:500] Instruction created. Instcount for system.cpu = 50
  66000: system.cpu.fetch: [tid:0] Instruction PC (0x401039=>0x40103b).(0=>1) created [sn:500].
  66000: system.cpu.fetch: [tid:0] Instruction is:   ADD_M_R : ldst   t1b, DS:[rax]
  66000: system.cpu.fetch: [tid:0] Fetch queue entry created (2/128).
  66000: global: DynInst: [sn:510] Instruction created. Instcount for system.cpu = 51
  66000: system.cpu.fetch: [tid:0] Instruction PC (0x401039=>0x40103b).(1=>2) created [sn:510].
  66000: system.cpu.fetch: [tid:0] Instruction is:   ADD_M_R : add   t1b, t1b, al
  66000: system.cpu.fetch: [tid:0] Fetch queue entry created (3/128).
  66000: global: DynInst: [sn:520] Instruction created. Instcount for system.cpu = 52
  66000: system.cpu.fetch: [tid:0] Instruction PC (0x401039=>0x40103b).(2=>3) created [sn:520].
  66000: system.cpu.fetch: [tid:0] Instruction is:   ADD_M_R : st   t1b, DS:[rax]
  66000: system.cpu.fetch: [tid:0] Fetch queue entry created (4/128).
  66000: system.cpu.decoder: Decode: Decoded add instruction: 
{
	leg = 0,
	rex = 0,
	vex/xop = 0,
	op = {
		type = one byte,
		op = 0,
		},
	modRM = 0,
	sib = 0,
	immediate = 0,
	displacement = 0
	dispSize = 0}

  66000: global: DynInst: [sn:530] Instruction created. Instcount for system.cpu = 53
  66000: system.cpu.fetch: [tid:0] Instruction PC (0x40103b=>0x40103d).(0=>1) created [sn:530].
  66000: system.cpu.fetch: [tid:0] Instruction is:   ADD_M_R : ldst   t1b, DS:[rax]
  66000: system.cpu.fetch: [tid:0] Fetch queue entry created (5/128).
  66000: global: DynInst: [sn:540] Instruction created. Instcount for system.cpu = 54
  66000: system.cpu.fetch: [tid:0] Instruction PC (0x40103b=>0x40103d).(1=>2) created [sn:540].
  66000: system.cpu.fetch: [tid:0] Instruction is:   ADD_M_R : add   t1b, t1b, al
  66000: system.cpu.fetch: [tid:0] Fetch queue entry created (6/128).
  66000: system.cpu.fetch: [tid:0] Done fetching, reached fetch bandwidth for this cycle.
  66000: system.cpu.fetch: [tid:0] [sn:490] Sending instruction to decode from fetch queue. Fetch queue size: 6.
  66000: system.cpu.fetch: [tid:0] [sn:500] Sending instruction to decode from fetch queue. Fetch queue size: 5.
  66000: system.cpu.fetch: [tid:0] [sn:510] Sending instruction to decode from fetch queue. Fetch queue size: 4.
  66000: system.cpu.fetch: [tid:0] [sn:520] Sending instruction to decode from fetch queue. Fetch queue size: 3.
  66000: system.cpu.fetch: [tid:0] [sn:530] Sending instruction to decode from fetch queue. Fetch queue size: 2.
  66000: system.cpu.fetch: [tid:0] [sn:540] Sending instruction to decode from fetch queue. Fetch queue size: 1.
  66000: system.cpu.fetch: Activity this cycle.
  66000: system.cpu: Activity: 11
  66000: system.cpu.decode: Processing [tid:0]
  66000: system.cpu.decode: [tid:0] Bypass moves from Rename: 0
  66000: system.cpu.decode: [tid:0] Not blocked, so attempting to run stage.
  66000: system.cpu.decode: [tid:0] Sending instruction to rename.
  66000: system.cpu.decode: [tid:0] Processing instruction [sn:430] with PC (0x401033=>0x401035).(2=>3)
  66000: system.cpu.decode: [tid:0] Processing instruction [sn:440] with PC (0x401035=>0x401037).(0=>1)
  66000: system.cpu.decode: [tid:0] Processing instruction [sn:450] with PC (0x401035=>0x401037).(1=>2)
  66000: system.cpu.decode: [tid:0] Processing instruction [sn:460] with PC (0x401035=>0x401037).(2=>3)
  66000: system.cpu.decode: [tid:0] Processing instruction [sn:470] with PC (0x401037=>0x401039).(0=>1)
  66000: system.cpu.decode: [tid:0] Processing instruction [sn:480] with PC (0x401037=>0x401039).(1=>2)
  66000: system.cpu.decode: Activity this cycle.
  66000: system.cpu.rename: Processing [tid:0]
  66000: system.cpu.rename: [tid:0] Free IQ: 189, Free ROB: 483, Free LQ: 186, Free SQ: 109, FreeRM 63(447 464 511 1022 63 8 2531)
  66000: system.cpu.rename: [tid:0] 18 instructions not yet in ROB
  66000: system.cpu.rename: calcFreeLQEntries: free lqEntries: 186, loadsInProgress: 6, loads dispatchedToLQ: 2
  66000: system.cpu.rename: [tid:0] Not blocked, so attempting to run stage.
  66000: system.cpu.rename: [tid:0] 6 available instructions to send iew.
  66000: system.cpu.rename: [tid:0] 18 insts pipelining from Rename | 6 insts dispatched to IQ last cycle.
  66000: system.cpu.rename: [tid:0] Sending instructions to IEW.
  66000: system.cpu.rename: calcFreeSQEntries: free sqEntries: 109, storesInProgress: 6, stores dispatchedToSQ: 2
  66000: system.cpu.rename: [tid:0] Processing instruction [sn:370] with PC (0x40102f=>0x401031).(2=>3).
  66000: system.cpu.rename: [tid:0] Looking up invalid arch reg 0, got phys reg 4294967295 (invalid)
  66000: system.cpu.rename: [tid:0] Register 4294967295 (flat: 4294967295) (invalid) is ready.
  66000: global: [sn:370] has 1 ready out of 4 sources. RTI 0)
  66000: system.cpu.rename: [tid:0] Looking up integer arch reg 0, got phys reg 45 (integer)
  66000: system.cpu.rename: [tid:0] Register 45 (flat: 45) (integer) is ready.
  66000: global: [sn:370] has 2 ready out of 4 sources. RTI 0)
  66000: system.cpu.rename: [tid:0] Looking up integer arch reg 17, got phys reg 64 (integer)
  66000: system.cpu.rename: [tid:0] Register 64 (flat: 64) (integer) is not ready.
  66000: system.cpu.rename: [tid:0] Looking up miscellaneous arch reg 155, got phys reg 155 (miscellaneous)
  66000: system.cpu.rename: [tid:0] Register 155 (flat: 0) (miscellaneous) is ready.
  66000: global: [sn:370] has 3 ready out of 4 sources. RTI 0)
  66000: system.cpu.rename: calcFreeLQEntries: free lqEntries: 186, loadsInProgress: 6, loads dispatchedToLQ: 2
  66000: system.cpu.rename: [tid:0] Processing instruction [sn:380] with PC (0x401031=>0x401033).(0=>1).
  66000: system.cpu.rename: [tid:0] Mascot prediction for load [sn:380] type: 0; distance1: 0; distance2: 0
  66000: system.cpu.rename: [tid:0] Looking up invalid arch reg 0, got phys reg 4294967295 (invalid)
  66000: system.cpu.rename: [tid:0] Register 4294967295 (flat: 4294967295) (invalid) is ready.
  66000: global: [sn:380] has 1 ready out of 4 sources. RTI 0)
  66000: system.cpu.rename: [tid:0] Looking up integer arch reg 0, got phys reg 45 (integer)
  66000: system.cpu.rename: [tid:0] Register 45 (flat: 45) (integer) is ready.
  66000: global: [sn:380] has 2 ready out of 4 sources. RTI 0)
  66000: system.cpu.rename: [tid:0] Looking up integer arch reg 17, got phys reg 64 (integer)
  66000: system.cpu.rename: [tid:0] Register 64 (flat: 64) (integer) is not ready.
  66000: system.cpu.rename: [tid:0] Looking up miscellaneous arch reg 155, got phys reg 155 (miscellaneous)
  66000: system.cpu.rename: [tid:0] Register 155 (flat: 0) (miscellaneous) is ready.
  66000: global: [sn:380] has 3 ready out of 4 sources. RTI 0)
  66000: global: Renamed reg t1 to physical reg 65 (65) old mapping was 64 (64)
  66000: system.cpu.rename: [tid:0] Renaming arch reg 17 (integer) to physical reg 65 (65).
  66000: system.cpu.rename: [tid:0] [sn:380] Adding instruction to history buffer (size=87).
  66000: system.cpu.rename: [tid:0] Processing instruction [sn:390] with PC (0x401031=>0x401033).(1=>2).
  66000: system.cpu.rename: [tid:0] Looking up integer arch reg 17, got phys reg 65 (integer)
  66000: system.cpu.rename: [tid:0] Register 65 (flat: 65) (integer) is not ready.
  66000: system.cpu.rename: [tid:0] Looking up integer arch reg 0, got phys reg 45 (integer)
  66000: system.cpu.rename: [tid:0] Register 45 (flat: 45) (integer) is ready.
  66000: global: [sn:390] has 1 ready out of 8 sources. RTI 0)
  66000: system.cpu.rename: [tid:0] Looking up integer arch reg 17, got phys reg 65 (integer)
  66000: system.cpu.rename: [tid:0] Register 65 (flat: 65) (integer) is not ready.
  66000: system.cpu.rename: [tid:0] Looking up invalid arch reg 0, got phys reg 4294967295 (invalid)
  66000: system.cpu.rename: [tid:0] Register 4294967295 (flat: 4294967295) (invalid) is ready.
  66000: global: [sn:390] has 2 ready out of 8 sources. RTI 0)
  66000: system.cpu.rename: [tid:0] Looking up invalid arch reg 0, got phys reg 4294967295 (invalid)
  66000: system.cpu.rename: [tid:0] Register 4294967295 (flat: 4294967295) (invalid) is ready.
  66000: global: [sn:390] has 3 ready out of 8 sources. RTI 0)
  66000: system.cpu.rename: [tid:0] Looking up invalid arch reg 0, got phys reg 4294967295 (invalid)
  66000: system.cpu.rename: [tid:0] Register 4294967295 (flat: 4294967295) (invalid) is ready.
  66000: global: [sn:390] has 4 ready out of 8 sources. RTI 0)
  66000: system.cpu.rename: [tid:0] Looking up invalid arch reg 0, got phys reg 4294967295 (invalid)
  66000: system.cpu.rename: [tid:0] Register 4294967295 (flat: 4294967295) (invalid) is ready.
  66000: global: [sn:390] has 5 ready out of 8 sources. RTI 0)
  66000: system.cpu.rename: [tid:0] Looking up invalid arch reg 0, got phys reg 4294967295 (invalid)
  66000: system.cpu.rename: [tid:0] Register 4294967295 (flat: 4294967295) (invalid) is ready.
  66000: global: [sn:390] has 6 ready out of 8 sources. RTI 0)
  66000: global: Renamed reg t1 to physical reg 66 (66) old mapping was 65 (65)
  66000: system.cpu.rename: [tid:0] Renaming arch reg 17 (integer) to physical reg 66 (66).
  66000: system.cpu.rename: [tid:0] [sn:390] Adding instruction to history buffer (size=88).
  66000: global: Renamed reg condition_code[0] to physical reg 2661 (2661) old mapping was 2659 (2659)
  66000: system.cpu.rename: [tid:0] Renaming arch reg 0 (condition_code) to physical reg 29 (2661).
  66000: system.cpu.rename: [tid:0] [sn:390] Adding instruction to history buffer (size=89).
  66000: global: Renamed reg condition_code[1] to physical reg 2662 (2662) old mapping was 2660 (2660)
  66000: system.cpu.rename: [tid:0] Renaming arch reg 1 (condition_code) to physical reg 30 (2662).
  66000: system.cpu.rename: [tid:0] [sn:390] Adding instruction to history buffer (size=90).
  66000: system.cpu.rename: [tid:0] Renaming arch reg 0 (invalid) to physical reg 4294967295 (4294967295).
  66000: system.cpu.rename: [tid:0] [sn:390] Adding instruction to history buffer (size=91).
  66000: system.cpu.rename: [tid:0] Renaming arch reg 0 (invalid) to physical reg 4294967295 (4294967295).
  66000: system.cpu.rename: [tid:0] [sn:390] Adding instruction to history buffer (size=92).
  66000: system.cpu.rename: [tid:0] Renaming arch reg 0 (invalid) to physical reg 4294967295 (4294967295).
  66000: system.cpu.rename: [tid:0] [sn:390] Adding instruction to history buffer (size=93).
  66000: system.cpu.rename: calcFreeSQEntries: free sqEntries: 109, storesInProgress: 7, stores dispatchedToSQ: 2
  66000: system.cpu.rename: [tid:0] Processing instruction [sn:400] with PC (0x401031=>0x401033).(2=>3).
  66000: system.cpu.rename: [tid:0] Looking up invalid arch reg 0, got phys reg 4294967295 (invalid)
  66000: system.cpu.rename: [tid:0] Register 4294967295 (flat: 4294967295) (invalid) is ready.
  66000: global: [sn:400] has 1 ready out of 4 sources. RTI 0)
  66000: system.cpu.rename: [tid:0] Looking up integer arch reg 0, got phys reg 45 (integer)
  66000: system.cpu.rename: [tid:0] Register 45 (flat: 45) (integer) is ready.
  66000: global: [sn:400] has 2 ready out of 4 sources. RTI 0)
  66000: system.cpu.rename: [tid:0] Looking up integer arch reg 17, got phys reg 66 (integer)
  66000: system.cpu.rename: [tid:0] Register 66 (flat: 66) (integer) is not ready.
  66000: system.cpu.rename: [tid:0] Looking up miscellaneous arch reg 155, got phys reg 155 (miscellaneous)
  66000: system.cpu.rename: [tid:0] Register 155 (flat: 0) (miscellaneous) is ready.
  66000: global: [sn:400] has 3 ready out of 4 sources. RTI 0)
  66000: system.cpu.rename: calcFreeLQEntries: free lqEntries: 186, loadsInProgress: 7, loads dispatchedToLQ: 2
  66000: system.cpu.rename: [tid:0] Processing instruction [sn:410] with PC (0x401033=>0x401035).(0=>1).
  66000: system.cpu.rename: [tid:0] Mascot prediction for load [sn:410] type: 0; distance1: 0; distance2: 0
  66000: system.cpu.rename: [tid:0] Looking up invalid arch reg 0, got phys reg 4294967295 (invalid)
  66000: system.cpu.rename: [tid:0] Register 4294967295 (flat: 4294967295) (invalid) is ready.
  66000: global: [sn:410] has 1 ready out of 4 sources. RTI 0)
  66000: system.cpu.rename: [tid:0] Looking up integer arch reg 0, got phys reg 45 (integer)
  66000: system.cpu.rename: [tid:0] Register 45 (flat: 45) (integer) is ready.
  66000: global: [sn:410] has 2 ready out of 4 sources. RTI 0)
  66000: system.cpu.rename: [tid:0] Looking up integer arch reg 17, got phys reg 66 (integer)
  66000: system.cpu.rename: [tid:0] Register 66 (flat: 66) (integer) is not ready.
  66000: system.cpu.rename: [tid:0] Looking up miscellaneous arch reg 155, got phys reg 155 (miscellaneous)
  66000: system.cpu.rename: [tid:0] Register 155 (flat: 0) (miscellaneous) is ready.
  66000: global: [sn:410] has 3 ready out of 4 sources. RTI 0)
  66000: global: Renamed reg t1 to physical reg 67 (67) old mapping was 66 (66)
  66000: system.cpu.rename: [tid:0] Renaming arch reg 17 (integer) to physical reg 67 (67).
  66000: system.cpu.rename: [tid:0] [sn:410] Adding instruction to history buffer (size=94).
  66000: system.cpu.rename: [tid:0] Processing instruction [sn:420] with PC (0x401033=>0x401035).(1=>2).
  66000: system.cpu.rename: [tid:0] Looking up integer arch reg 17, got phys reg 67 (integer)
  66000: system.cpu.rename: [tid:0] Register 67 (flat: 67) (integer) is not ready.
  66000: system.cpu.rename: [tid:0] Looking up integer arch reg 0, got phys reg 45 (integer)
  66000: system.cpu.rename: [tid:0] Register 45 (flat: 45) (integer) is ready.
  66000: global: [sn:420] has 1 ready out of 8 sources. RTI 0)
  66000: system.cpu.rename: [tid:0] Looking up integer arch reg 17, got phys reg 67 (integer)
  66000: system.cpu.rename: [tid:0] Register 67 (flat: 67) (integer) is not ready.
  66000: system.cpu.rename: [tid:0] Looking up invalid arch reg 0, got phys reg 4294967295 (invalid)
  66000: system.cpu.rename: [tid:0] Register 4294967295 (flat: 4294967295) (invalid) is ready.
  66000: global: [sn:420] has 2 ready out of 8 sources. RTI 0)
  66000: system.cpu.rename: [tid:0] Looking up invalid arch reg 0, got phys reg 4294967295 (invalid)
  66000: system.cpu.rename: [tid:0] Register 4294967295 (flat: 4294967295) (invalid) is ready.
  66000: global: [sn:420] has 3 ready out of 8 sources. RTI 0)
  66000: system.cpu.rename: [tid:0] Looking up invalid arch reg 0, got phys reg 4294967295 (invalid)
  66000: system.cpu.rename: [tid:0] Register 4294967295 (flat: 4294967295) (invalid) is ready.
  66000: global: [sn:420] has 4 ready out of 8 sources. RTI 0)
  66000: system.cpu.rename: [tid:0] Looking up invalid arch reg 0, got phys reg 4294967295 (invalid)
  66000: system.cpu.rename: [tid:0] Register 4294967295 (flat: 4294967295) (invalid) is ready.
  66000: global: [sn:420] has 5 ready out of 8 sources. RTI 0)
  66000: system.cpu.rename: [tid:0] Looking up invalid arch reg 0, got phys reg 4294967295 (invalid)
  66000: system.cpu.rename: [tid:0] Register 4294967295 (flat: 4294967295) (invalid) is ready.
  66000: global: [sn:420] has 6 ready out of 8 sources. RTI 0)
  66000: global: Renamed reg t1 to physical reg 68 (68) old mapping was 67 (67)
  66000: system.cpu.rename: [tid:0] Renaming arch reg 17 (integer) to physical reg 68 (68).
  66000: system.cpu.rename: [tid:0] [sn:420] Adding instruction to history buffer (size=95).
  66000: global: Renamed reg condition_code[0] to physical reg 2663 (2663) old mapping was 2661 (2661)
  66000: system.cpu.rename: [tid:0] Renaming arch reg 0 (condition_code) to physical reg 31 (2663).
  66000: system.cpu.rename: [tid:0] [sn:420] Adding instruction to history buffer (size=96).
  66000: global: Renamed reg condition_code[1] to physical reg 2664 (2664) old mapping was 2662 (2662)
  66000: system.cpu.rename: [tid:0] Renaming arch reg 1 (condition_code) to physical reg 32 (2664).
  66000: system.cpu.rename: [tid:0] [sn:420] Adding instruction to history buffer (size=97).
  66000: system.cpu.rename: [tid:0] Renaming arch reg 0 (invalid) to physical reg 4294967295 (4294967295).
  66000: system.cpu.rename: [tid:0] [sn:420] Adding instruction to history buffer (size=98).
  66000: system.cpu.rename: [tid:0] Renaming arch reg 0 (invalid) to physical reg 4294967295 (4294967295).
  66000: system.cpu.rename: [tid:0] [sn:420] Adding instruction to history buffer (size=99).
  66000: system.cpu.rename: [tid:0] Renaming arch reg 0 (invalid) to physical reg 4294967295 (4294967295).
  66000: system.cpu.rename: [tid:0] [sn:420] Adding instruction to history buffer (size=100).
  66000: system.cpu.rename: Activity this cycle.
  66000: system.cpu.rename: [tid:0] Removing a committed instruction from the history buffer 0 (size=100), until [sn:10].
  66000: system.cpu.rename: [tid:0] Freeing up older rename of reg 17 (integer), [sn:10].
  66000: system.cpu.iew: Issue: Processing [tid:0]
  66000: system.cpu.iew: [tid:0] Not blocked, so attempting to run dispatch.
  66000: system.cpu.iew: [tid:0] Issue: Adding PC (0x401027=>0x401029).(2=>3) [sn:250] [tid:0] to IQ.
  66000: system.cpu.iew: [tid:0] Issue: Memory instruction encountered, adding to LSQ.
  66000: system.cpu.iew.lsq.thread0: Inserting store PC (0x401027=>0x401029).(2=>3), idx:5 [sn:250]
  66000: system.cpu.iq: Adding instruction [sn:250] PC (0x401027=>0x401029).(2=>3) to the IQ.
  66000: system.cpu.iq: Instruction PC (0x401027=>0x401029).(2=>3) has src reg 45 (integer) that became ready before it reached the IQ.
  66000: global: [sn:250] has 3 ready out of 4 sources. RTI 0)
  66000: system.cpu.iq: Instruction PC (0x401027=>0x401029).(2=>3) has src reg 56 (integer) that is being added to the dependency chain.
  66000: memdepentry: Memory dependency entry created. memdep_count=11 (0x401027=>0x401029).(2=>3)
  66000: system.cpu.memDep0: No dependency for inst PC (0x401027=>0x401029).(2=>3) [sn:250].
  66000: system.cpu.memDep0: Inserting store/atomic PC (0x401027=>0x401029).(2=>3) [sn:250].
  66000: system.cpu.iew: [tid:0] Issue: Adding PC (0x401029=>0x40102b).(0=>1) [sn:260] [tid:0] to IQ.
  66000: system.cpu.iew: [tid:0] Issue: Memory instruction encountered, adding to LSQ.
  66000: system.cpu.iew.lsq.thread0: Inserting load PC (0x401029=>0x40102b).(0=>1), idx:6 [sn:260]
  66000: system.cpu.iq: Adding instruction [sn:260] PC (0x401029=>0x40102b).(0=>1) to the IQ.
  66000: system.cpu.iq: Instruction PC (0x401029=>0x40102b).(0=>1) has src reg 45 (integer) that became ready before it reached the IQ.
  66000: global: [sn:260] has 3 ready out of 4 sources. RTI 0)
  66000: system.cpu.iq: Instruction PC (0x401029=>0x40102b).(0=>1) has src reg 56 (integer) that is being added to the dependency chain.
  66000: memdepentry: Memory dependency entry created. memdep_count=12 (0x401029=>0x40102b).(0=>1)
  66000: system.cpu.memDep0: No dependency for inst PC (0x401029=>0x40102b).(0=>1) [sn:260].
  66000: system.cpu.iew: [tid:0] Issue: Adding PC (0x401029=>0x40102b).(1=>2) [sn:270] [tid:0] to IQ.
  66000: system.cpu.iq: Adding instruction [sn:270] PC (0x401029=>0x40102b).(1=>2) to the IQ.
  66000: system.cpu.iq: Instruction PC (0x401029=>0x40102b).(1=>2) has src reg 57 (integer) that is being added to the dependency chain.
  66000: system.cpu.iq: Instruction PC (0x401029=>0x40102b).(1=>2) has src reg 45 (integer) that became ready before it reached the IQ.
  66000: global: [sn:270] has 6 ready out of 8 sources. RTI 0)
  66000: system.cpu.iq: Instruction PC (0x401029=>0x40102b).(1=>2) has src reg 57 (integer) that is being added to the dependency chain.
  66000: system.cpu.iew: [tid:0] Issue: Adding PC (0x401029=>0x40102b).(2=>3) [sn:280] [tid:0] to IQ.
  66000: system.cpu.iew: [tid:0] Issue: Memory instruction encountered, adding to LSQ.
  66000: system.cpu.iew.lsq.thread0: Inserting store PC (0x401029=>0x40102b).(2=>3), idx:6 [sn:280]
  66000: system.cpu.iq: Adding instruction [sn:280] PC (0x401029=>0x40102b).(2=>3) to the IQ.
  66000: system.cpu.iq: Instruction PC (0x401029=>0x40102b).(2=>3) has src reg 45 (integer) that became ready before it reached the IQ.
  66000: global: [sn:280] has 3 ready out of 4 sources. RTI 0)
  66000: system.cpu.iq: Instruction PC (0x401029=>0x40102b).(2=>3) has src reg 58 (integer) that is being added to the dependency chain.
  66000: memdepentry: Memory dependency entry created. memdep_count=13 (0x401029=>0x40102b).(2=>3)
  66000: system.cpu.memDep0: No dependency for inst PC (0x401029=>0x40102b).(2=>3) [sn:280].
  66000: system.cpu.memDep0: Inserting store/atomic PC (0x401029=>0x40102b).(2=>3) [sn:280].
  66000: system.cpu.iew: [tid:0] Issue: Adding PC (0x40102b=>0x40102d).(0=>1) [sn:290] [tid:0] to IQ.
  66000: system.cpu.iew: [tid:0] Issue: Memory instruction encountered, adding to LSQ.
  66000: system.cpu.iew.lsq.thread0: Inserting load PC (0x40102b=>0x40102d).(0=>1), idx:7 [sn:290]
  66000: system.cpu.iq: Adding instruction [sn:290] PC (0x40102b=>0x40102d).(0=>1) to the IQ.
  66000: system.cpu.iq: Instruction PC (0x40102b=>0x40102d).(0=>1) has src reg 45 (integer) that became ready before it reached the IQ.
  66000: global: [sn:290] has 3 ready out of 4 sources. RTI 0)
  66000: system.cpu.iq: Instruction PC (0x40102b=>0x40102d).(0=>1) has src reg 58 (integer) that is being added to the dependency chain.
  66000: memdepentry: Memory dependency entry created. memdep_count=14 (0x40102b=>0x40102d).(0=>1)
  66000: system.cpu.memDep0: No dependency for inst PC (0x40102b=>0x40102d).(0=>1) [sn:290].
  66000: system.cpu.iew: [tid:0] Issue: Adding PC (0x40102b=>0x40102d).(1=>2) [sn:300] [tid:0] to IQ.
  66000: system.cpu.iq: Adding instruction [sn:300] PC (0x40102b=>0x40102d).(1=>2) to the IQ.
  66000: system.cpu.iq: Instruction PC (0x40102b=>0x40102d).(1=>2) has src reg 59 (integer) that is being added to the dependency chain.
  66000: system.cpu.iq: Instruction PC (0x40102b=>0x40102d).(1=>2) has src reg 45 (integer) that became ready before it reached the IQ.
  66000: global: [sn:300] has 6 ready out of 8 sources. RTI 0)
  66000: system.cpu.iq: Instruction PC (0x40102b=>0x40102d).(1=>2) has src reg 59 (integer) that is being added to the dependency chain.
  66000: system.cpu.iq: Attempting to schedule ready instructions from the IQ.
  66000: system.cpu.iq: Not able to schedule any instructions.
  66000: system.cpu.iew: Processing [tid:0]
  66000: system.cpu.iq: [tid:0] Committing instructions older than [sn:10]
  66000: system.cpu.iew: [tid:0], Dispatch dispatched 6 instructions.
  66000: system.cpu.iew.lsq.thread0: SQ size: 114, #stores occupied: 7
  66000: system.cpu.iew.lsq.thread0: LQ size: 192, #loads occupied: 8
  66000: system.cpu.iew: IQ has 183 free entries (Can schedule: 0).  LQ has 184 free entries. SQ has 107 free entries.
  66000: system.cpu.commit: Getting instructions from Rename stage.
  66000: system.cpu.commit: [tid:0] [sn:310] Inserting PC (0x40102b=>0x40102d).(2=>3) into ROB.
  66000: system.cpu.rob: Adding inst PC (0x40102b=>0x40102d).(2=>3) to the ROB.
  66000: system.cpu.rob: [tid:0] Now has 30 instructions.
  66000: system.cpu.commit: [tid:0] [sn:320] Inserting PC (0x40102d=>0x40102f).(0=>1) into ROB.
  66000: system.cpu.rob: Adding inst PC (0x40102d=>0x40102f).(0=>1) to the ROB.
  66000: system.cpu.rob: [tid:0] Now has 31 instructions.
  66000: system.cpu.commit: [tid:0] [sn:330] Inserting PC (0x40102d=>0x40102f).(1=>2) into ROB.
  66000: system.cpu.rob: Adding inst PC (0x40102d=>0x40102f).(1=>2) to the ROB.
  66000: system.cpu.rob: [tid:0] Now has 32 instructions.
  66000: system.cpu.commit: [tid:0] [sn:340] Inserting PC (0x40102d=>0x40102f).(2=>3) into ROB.
  66000: system.cpu.rob: Adding inst PC (0x40102d=>0x40102f).(2=>3) to the ROB.
  66000: system.cpu.rob: [tid:0] Now has 33 instructions.
  66000: system.cpu.commit: [tid:0] [sn:350] Inserting PC (0x40102f=>0x401031).(0=>1) into ROB.
  66000: system.cpu.rob: Adding inst PC (0x40102f=>0x401031).(0=>1) to the ROB.
  66000: system.cpu.rob: [tid:0] Now has 34 instructions.
  66000: system.cpu.commit: [tid:0] [sn:360] Inserting PC (0x40102f=>0x401031).(1=>2) into ROB.
  66000: system.cpu.rob: Adding inst PC (0x40102f=>0x401031).(1=>2) to the ROB.
  66000: system.cpu.rob: [tid:0] Now has 35 instructions.
  66000: system.cpu.commit: Trying to commit instructions in the ROB.
  66000: system.cpu.commit: Trying to commit head instruction, [tid:0] [sn:20]
  66000: system.cpu.commit: [tid:0] [sn:20] Committing instruction with PC (0x401000=>0x401004).(1=>2)
  66000: system.cpu.rob: [tid:0] Retiring head instruction, instruction PC (0x401000=>0x401004).(1=>2), [sn:20]
  66000: system.cpu: Removing committed instruction [tid:0] PC (0x401000=>0x401004).(1=>2) [sn:20]
  66000: system.cpu.commit: Trying to commit head instruction, [tid:0] [sn:30]
  66000: system.cpu.commit: [tid:0] [sn:30] Committing instruction with PC (0x401004=>0x40100b).(0=>1)
  66000: system.cpu.rob: [tid:0] Retiring head instruction, instruction PC (0x401004=>0x40100b).(0=>1), [sn:30]
  66000: system.cpu: Removing committed instruction [tid:0] PC (0x401004=>0x40100b).(0=>1) [sn:30]
  66000: system.cpu.commit: [tid:0] Marking PC (0x401004=>0x40100b).(1=>2), [sn:40] ready within ROB.
  66000: system.cpu.commit: [tid:0] Marking PC (0x40100f=>0x401013).(1=>2), [sn:70] ready within ROB.
  66000: system.cpu.commit: [tid:0] Marking PC (0x40101f=>0x401021).(0=>1), [sn:110] ready within ROB.
  66000: system.cpu.commit: [tid:0] Instruction [sn:40] PC (0x401004=>0x40100b).(1=>2) is head of ROB and ready to commit
  66000: system.cpu.commit: [tid:0] ROB has 33 insts & 479 free entries.
  66000: system.cpu.commit: Activity This Cycle.
  66000: system.cpu: Removing instruction, [tid:0] [sn:20] PC (0x401000=>0x401004).(1=>2)
  66000: system.cpu: Removing instruction, [tid:0] [sn:30] PC (0x401004=>0x40100b).(0=>1)
  66000: system.cpu: Scheduling next tick!
  67000: system.cpu: 

O3CPU: Ticking main, O3CPU.
  67000: system.cpu.fetch: Running stage.
  67000: system.cpu.fetch: Attempting to fetch from [tid:0]
  67000: system.cpu.fetch: [tid:0] Adding instructions to queue to decode.
  67000: global: DynInst: [sn:550] Instruction created. Instcount for system.cpu = 55
  67000: system.cpu.fetch: [tid:0] Instruction PC (0x40103b=>0x40103d).(2=>3) created [sn:550].
  67000: system.cpu.fetch: [tid:0] Instruction is:   ADD_M_R : st   t1b, DS:[rax]
  67000: system.cpu.fetch: [tid:0] Fetch queue entry created (1/128).
  67000: system.cpu.decoder: Decode: Decoded add instruction: 
{
	leg = 0,
	rex = 0,
	vex/xop = 0,
	op = {
		type = one byte,
		op = 0,
		},
	modRM = 0,
	sib = 0,
	immediate = 0,
	displacement = 0
	dispSize = 0}

  67000: global: DynInst: [sn:560] Instruction created. Instcount for system.cpu = 56
  67000: system.cpu.fetch: [tid:0] Instruction PC (0x40103d=>0x40103f).(0=>1) created [sn:560].
  67000: system.cpu.fetch: [tid:0] Instruction is:   ADD_M_R : ldst   t1b, DS:[rax]
  67000: system.cpu.fetch: [tid:0] Fetch queue entry created (2/128).
  67000: global: DynInst: [sn:570] Instruction created. Instcount for system.cpu = 57
  67000: system.cpu.fetch: [tid:0] Instruction PC (0x40103d=>0x40103f).(1=>2) created [sn:570].
  67000: system.cpu.fetch: [tid:0] Instruction is:   ADD_M_R : add   t1b, t1b, al
  67000: system.cpu.fetch: [tid:0] Fetch queue entry created (3/128).
  67000: global: DynInst: [sn:580] Instruction created. Instcount for system.cpu = 58
  67000: system.cpu.fetch: [tid:0] Instruction PC (0x40103d=>0x40103f).(2=>3) created [sn:580].
  67000: system.cpu.fetch: [tid:0] Instruction is:   ADD_M_R : st   t1b, DS:[rax]
  67000: system.cpu.fetch: [tid:0] Fetch queue entry created (4/128).
  67000: system.cpu.fetch: [tid:0] Issuing a pipelined I-cache access, starting at PC (0x40103f=>0x401047).(0=>1).
  67000: system.cpu.fetch: [tid:0] Fetching cache line 0x401040 for addr 0x401040
  67000: system.cpu: CPU already running.
  67000: system.cpu.fetch: Fetch: Doing instruction read.
  67000: system.cpu.fetch: [tid:0] Doing Icache access.
  67000: system.cpu.fetch: [tid:0] Activity: Waiting on I-cache response.
  67000: system.cpu.fetch: Deactivating stage.
  67000: system.cpu: Activity: 10
  67000: system.cpu.fetch: [tid:0] [sn:550] Sending instruction to decode from fetch queue. Fetch queue size: 4.
  67000: system.cpu.fetch: [tid:0] [sn:560] Sending instruction to decode from fetch queue. Fetch queue size: 3.
  67000: system.cpu.fetch: [tid:0] [sn:570] Sending instruction to decode from fetch queue. Fetch queue size: 2.
  67000: system.cpu.fetch: [tid:0] [sn:580] Sending instruction to decode from fetch queue. Fetch queue size: 1.
  67000: system.cpu.fetch: Activity this cycle.
  67000: system.cpu: Activity: 11
  67000: system.cpu.decode: Processing [tid:0]
  67000: system.cpu.decode: [tid:0] Bypass moves from Rename: 0
  67000: system.cpu.decode: [tid:0] Not blocked, so attempting to run stage.
  67000: system.cpu.decode: [tid:0] Sending instruction to rename.
  67000: system.cpu.decode: [tid:0] Processing instruction [sn:490] with PC (0x401037=>0x401039).(2=>3)
  67000: system.cpu.decode: [tid:0] Processing instruction [sn:500] with PC (0x401039=>0x40103b).(0=>1)
  67000: system.cpu.decode: [tid:0] Processing instruction [sn:510] with PC (0x401039=>0x40103b).(1=>2)
  67000: system.cpu.decode: [tid:0] Processing instruction [sn:520] with PC (0x401039=>0x40103b).(2=>3)
  67000: system.cpu.decode: [tid:0] Processing instruction [sn:530] with PC (0x40103b=>0x40103d).(0=>1)
  67000: system.cpu.decode: [tid:0] Processing instruction [sn:540] with PC (0x40103b=>0x40103d).(1=>2)
  67000: system.cpu.decode: Activity this cycle.
  67000: system.cpu.rename: Processing [tid:0]
  67000: system.cpu.rename: [tid:0] Free IQ: 189, Free ROB: 479, Free LQ: 186, Free SQ: 109, FreeRM 63(444 464 511 1022 63 8 2527)
  67000: system.cpu.rename: [tid:0] 18 instructions not yet in ROB
  67000: system.cpu.rename: calcFreeLQEntries: free lqEntries: 186, loadsInProgress: 6, loads dispatchedToLQ: 2
  67000: system.cpu.rename: [tid:0] Not blocked, so attempting to run stage.
  67000: system.cpu.rename: [tid:0] 6 available instructions to send iew.
  67000: system.cpu.rename: [tid:0] 18 insts pipelining from Rename | 6 insts dispatched to IQ last cycle.
  67000: system.cpu.rename: [tid:0] Sending instructions to IEW.
  67000: system.cpu.rename: calcFreeSQEntries: free sqEntries: 109, storesInProgress: 6, stores dispatchedToSQ: 2
  67000: system.cpu.rename: [tid:0] Processing instruction [sn:430] with PC (0x401033=>0x401035).(2=>3).
  67000: system.cpu.rename: [tid:0] Looking up invalid arch reg 0, got phys reg 4294967295 (invalid)
  67000: system.cpu.rename: [tid:0] Register 4294967295 (flat: 4294967295) (invalid) is ready.
  67000: global: [sn:430] has 1 ready out of 4 sources. RTI 0)
  67000: system.cpu.rename: [tid:0] Looking up integer arch reg 0, got phys reg 45 (integer)
  67000: system.cpu.rename: [tid:0] Register 45 (flat: 45) (integer) is ready.
  67000: global: [sn:430] has 2 ready out of 4 sources. RTI 0)
  67000: system.cpu.rename: [tid:0] Looking up integer arch reg 17, got phys reg 68 (integer)
  67000: system.cpu.rename: [tid:0] Register 68 (flat: 68) (integer) is not ready.
  67000: system.cpu.rename: [tid:0] Looking up miscellaneous arch reg 155, got phys reg 155 (miscellaneous)
  67000: system.cpu.rename: [tid:0] Register 155 (flat: 0) (miscellaneous) is ready.
  67000: global: [sn:430] has 3 ready out of 4 sources. RTI 0)
  67000: system.cpu.rename: calcFreeLQEntries: free lqEntries: 186, loadsInProgress: 6, loads dispatchedToLQ: 2
  67000: system.cpu.rename: [tid:0] Processing instruction [sn:440] with PC (0x401035=>0x401037).(0=>1).
  67000: system.cpu.rename: [tid:0] Mascot prediction for load [sn:440] type: 0; distance1: 0; distance2: 0
  67000: system.cpu.rename: [tid:0] Looking up invalid arch reg 0, got phys reg 4294967295 (invalid)
  67000: system.cpu.rename: [tid:0] Register 4294967295 (flat: 4294967295) (invalid) is ready.
  67000: global: [sn:440] has 1 ready out of 4 sources. RTI 0)
  67000: system.cpu.rename: [tid:0] Looking up integer arch reg 0, got phys reg 45 (integer)
  67000: system.cpu.rename: [tid:0] Register 45 (flat: 45) (integer) is ready.
  67000: global: [sn:440] has 2 ready out of 4 sources. RTI 0)
  67000: system.cpu.rename: [tid:0] Looking up integer arch reg 17, got phys reg 68 (integer)
  67000: system.cpu.rename: [tid:0] Register 68 (flat: 68) (integer) is not ready.
  67000: system.cpu.rename: [tid:0] Looking up miscellaneous arch reg 155, got phys reg 155 (miscellaneous)
  67000: system.cpu.rename: [tid:0] Register 155 (flat: 0) (miscellaneous) is ready.
  67000: global: [sn:440] has 3 ready out of 4 sources. RTI 0)
  67000: global: Renamed reg t1 to physical reg 69 (69) old mapping was 68 (68)
  67000: system.cpu.rename: [tid:0] Renaming arch reg 17 (integer) to physical reg 69 (69).
  67000: system.cpu.rename: [tid:0] [sn:440] Adding instruction to history buffer (size=100).
  67000: system.cpu.rename: [tid:0] Processing instruction [sn:450] with PC (0x401035=>0x401037).(1=>2).
  67000: system.cpu.rename: [tid:0] Looking up integer arch reg 17, got phys reg 69 (integer)
  67000: system.cpu.rename: [tid:0] Register 69 (flat: 69) (integer) is not ready.
  67000: system.cpu.rename: [tid:0] Looking up integer arch reg 0, got phys reg 45 (integer)
  67000: system.cpu.rename: [tid:0] Register 45 (flat: 45) (integer) is ready.
  67000: global: [sn:450] has 1 ready out of 8 sources. RTI 0)
  67000: system.cpu.rename: [tid:0] Looking up integer arch reg 17, got phys reg 69 (integer)
  67000: system.cpu.rename: [tid:0] Register 69 (flat: 69) (integer) is not ready.
  67000: system.cpu.rename: [tid:0] Looking up invalid arch reg 0, got phys reg 4294967295 (invalid)
  67000: system.cpu.rename: [tid:0] Register 4294967295 (flat: 4294967295) (invalid) is ready.
  67000: global: [sn:450] has 2 ready out of 8 sources. RTI 0)
  67000: system.cpu.rename: [tid:0] Looking up invalid arch reg 0, got phys reg 4294967295 (invalid)
  67000: system.cpu.rename: [tid:0] Register 4294967295 (flat: 4294967295) (invalid) is ready.
  67000: global: [sn:450] has 3 ready out of 8 sources. RTI 0)
  67000: system.cpu.rename: [tid:0] Looking up invalid arch reg 0, got phys reg 4294967295 (invalid)
  67000: system.cpu.rename: [tid:0] Register 4294967295 (flat: 4294967295) (invalid) is ready.
  67000: global: [sn:450] has 4 ready out of 8 sources. RTI 0)
  67000: system.cpu.rename: [tid:0] Looking up invalid arch reg 0, got phys reg 4294967295 (invalid)
  67000: system.cpu.rename: [tid:0] Register 4294967295 (flat: 4294967295) (invalid) is ready.
  67000: global: [sn:450] has 5 ready out of 8 sources. RTI 0)
  67000: system.cpu.rename: [tid:0] Looking up invalid arch reg 0, got phys reg 4294967295 (invalid)
  67000: system.cpu.rename: [tid:0] Register 4294967295 (flat: 4294967295) (invalid) is ready.
  67000: global: [sn:450] has 6 ready out of 8 sources. RTI 0)
  67000: global: Renamed reg t1 to physical reg 70 (70) old mapping was 69 (69)
  67000: system.cpu.rename: [tid:0] Renaming arch reg 17 (integer) to physical reg 70 (70).
  67000: system.cpu.rename: [tid:0] [sn:450] Adding instruction to history buffer (size=101).
  67000: global: Renamed reg condition_code[0] to physical reg 2665 (2665) old mapping was 2663 (2663)
  67000: system.cpu.rename: [tid:0] Renaming arch reg 0 (condition_code) to physical reg 33 (2665).
  67000: system.cpu.rename: [tid:0] [sn:450] Adding instruction to history buffer (size=102).
  67000: global: Renamed reg condition_code[1] to physical reg 2666 (2666) old mapping was 2664 (2664)
  67000: system.cpu.rename: [tid:0] Renaming arch reg 1 (condition_code) to physical reg 34 (2666).
  67000: system.cpu.rename: [tid:0] [sn:450] Adding instruction to history buffer (size=103).
  67000: system.cpu.rename: [tid:0] Renaming arch reg 0 (invalid) to physical reg 4294967295 (4294967295).
  67000: system.cpu.rename: [tid:0] [sn:450] Adding instruction to history buffer (size=104).
  67000: system.cpu.rename: [tid:0] Renaming arch reg 0 (invalid) to physical reg 4294967295 (4294967295).
  67000: system.cpu.rename: [tid:0] [sn:450] Adding instruction to history buffer (size=105).
  67000: system.cpu.rename: [tid:0] Renaming arch reg 0 (invalid) to physical reg 4294967295 (4294967295).
  67000: system.cpu.rename: [tid:0] [sn:450] Adding instruction to history buffer (size=106).
  67000: system.cpu.rename: calcFreeSQEntries: free sqEntries: 109, storesInProgress: 7, stores dispatchedToSQ: 2
  67000: system.cpu.rename: [tid:0] Processing instruction [sn:460] with PC (0x401035=>0x401037).(2=>3).
  67000: system.cpu.rename: [tid:0] Looking up invalid arch reg 0, got phys reg 4294967295 (invalid)
  67000: system.cpu.rename: [tid:0] Register 4294967295 (flat: 4294967295) (invalid) is ready.
  67000: global: [sn:460] has 1 ready out of 4 sources. RTI 0)
  67000: system.cpu.rename: [tid:0] Looking up integer arch reg 0, got phys reg 45 (integer)
  67000: system.cpu.rename: [tid:0] Register 45 (flat: 45) (integer) is ready.
  67000: global: [sn:460] has 2 ready out of 4 sources. RTI 0)
  67000: system.cpu.rename: [tid:0] Looking up integer arch reg 17, got phys reg 70 (integer)
  67000: system.cpu.rename: [tid:0] Register 70 (flat: 70) (integer) is not ready.
  67000: system.cpu.rename: [tid:0] Looking up miscellaneous arch reg 155, got phys reg 155 (miscellaneous)
  67000: system.cpu.rename: [tid:0] Register 155 (flat: 0) (miscellaneous) is ready.
  67000: global: [sn:460] has 3 ready out of 4 sources. RTI 0)
  67000: system.cpu.rename: calcFreeLQEntries: free lqEntries: 186, loadsInProgress: 7, loads dispatchedToLQ: 2
  67000: system.cpu.rename: [tid:0] Processing instruction [sn:470] with PC (0x401037=>0x401039).(0=>1).
  67000: system.cpu.rename: [tid:0] Mascot prediction for load [sn:470] type: 0; distance1: 0; distance2: 0
  67000: system.cpu.rename: [tid:0] Looking up invalid arch reg 0, got phys reg 4294967295 (invalid)
  67000: system.cpu.rename: [tid:0] Register 4294967295 (flat: 4294967295) (invalid) is ready.
  67000: global: [sn:470] has 1 ready out of 4 sources. RTI 0)
  67000: system.cpu.rename: [tid:0] Looking up integer arch reg 0, got phys reg 45 (integer)
  67000: system.cpu.rename: [tid:0] Register 45 (flat: 45) (integer) is ready.
  67000: global: [sn:470] has 2 ready out of 4 sources. RTI 0)
  67000: system.cpu.rename: [tid:0] Looking up integer arch reg 17, got phys reg 70 (integer)
  67000: system.cpu.rename: [tid:0] Register 70 (flat: 70) (integer) is not ready.
  67000: system.cpu.rename: [tid:0] Looking up miscellaneous arch reg 155, got phys reg 155 (miscellaneous)
  67000: system.cpu.rename: [tid:0] Register 155 (flat: 0) (miscellaneous) is ready.
  67000: global: [sn:470] has 3 ready out of 4 sources. RTI 0)
  67000: global: Renamed reg t1 to physical reg 71 (71) old mapping was 70 (70)
  67000: system.cpu.rename: [tid:0] Renaming arch reg 17 (integer) to physical reg 71 (71).
  67000: system.cpu.rename: [tid:0] [sn:470] Adding instruction to history buffer (size=107).
  67000: system.cpu.rename: [tid:0] Processing instruction [sn:480] with PC (0x401037=>0x401039).(1=>2).
  67000: system.cpu.rename: [tid:0] Looking up integer arch reg 17, got phys reg 71 (integer)
  67000: system.cpu.rename: [tid:0] Register 71 (flat: 71) (integer) is not ready.
  67000: system.cpu.rename: [tid:0] Looking up integer arch reg 0, got phys reg 45 (integer)
  67000: system.cpu.rename: [tid:0] Register 45 (flat: 45) (integer) is ready.
  67000: global: [sn:480] has 1 ready out of 8 sources. RTI 0)
  67000: system.cpu.rename: [tid:0] Looking up integer arch reg 17, got phys reg 71 (integer)
  67000: system.cpu.rename: [tid:0] Register 71 (flat: 71) (integer) is not ready.
  67000: system.cpu.rename: [tid:0] Looking up invalid arch reg 0, got phys reg 4294967295 (invalid)
  67000: system.cpu.rename: [tid:0] Register 4294967295 (flat: 4294967295) (invalid) is ready.
  67000: global: [sn:480] has 2 ready out of 8 sources. RTI 0)
  67000: system.cpu.rename: [tid:0] Looking up invalid arch reg 0, got phys reg 4294967295 (invalid)
  67000: system.cpu.rename: [tid:0] Register 4294967295 (flat: 4294967295) (invalid) is ready.
  67000: global: [sn:480] has 3 ready out of 8 sources. RTI 0)
  67000: system.cpu.rename: [tid:0] Looking up invalid arch reg 0, got phys reg 4294967295 (invalid)
  67000: system.cpu.rename: [tid:0] Register 4294967295 (flat: 4294967295) (invalid) is ready.
  67000: global: [sn:480] has 4 ready out of 8 sources. RTI 0)
  67000: system.cpu.rename: [tid:0] Looking up invalid arch reg 0, got phys reg 4294967295 (invalid)
  67000: system.cpu.rename: [tid:0] Register 4294967295 (flat: 4294967295) (invalid) is ready.
  67000: global: [sn:480] has 5 ready out of 8 sources. RTI 0)
  67000: system.cpu.rename: [tid:0] Looking up invalid arch reg 0, got phys reg 4294967295 (invalid)
  67000: system.cpu.rename: [tid:0] Register 4294967295 (flat: 4294967295) (invalid) is ready.
  67000: global: [sn:480] has 6 ready out of 8 sources. RTI 0)
  67000: global: Renamed reg t1 to physical reg 72 (72) old mapping was 71 (71)
  67000: system.cpu.rename: [tid:0] Renaming arch reg 17 (integer) to physical reg 72 (72).
  67000: system.cpu.rename: [tid:0] [sn:480] Adding instruction to history buffer (size=108).
  67000: global: Renamed reg condition_code[0] to physical reg 2667 (2667) old mapping was 2665 (2665)
  67000: system.cpu.rename: [tid:0] Renaming arch reg 0 (condition_code) to physical reg 35 (2667).
  67000: system.cpu.rename: [tid:0] [sn:480] Adding instruction to history buffer (size=109).
  67000: global: Renamed reg condition_code[1] to physical reg 2668 (2668) old mapping was 2666 (2666)
  67000: system.cpu.rename: [tid:0] Renaming arch reg 1 (condition_code) to physical reg 36 (2668).
  67000: system.cpu.rename: [tid:0] [sn:480] Adding instruction to history buffer (size=110).
  67000: system.cpu.rename: [tid:0] Renaming arch reg 0 (invalid) to physical reg 4294967295 (4294967295).
  67000: system.cpu.rename: [tid:0] [sn:480] Adding instruction to history buffer (size=111).
  67000: system.cpu.rename: [tid:0] Renaming arch reg 0 (invalid) to physical reg 4294967295 (4294967295).
  67000: system.cpu.rename: [tid:0] [sn:480] Adding instruction to history buffer (size=112).
  67000: system.cpu.rename: [tid:0] Renaming arch reg 0 (invalid) to physical reg 4294967295 (4294967295).
  67000: system.cpu.rename: [tid:0] [sn:480] Adding instruction to history buffer (size=113).
  67000: system.cpu.rename: Activity this cycle.
  67000: system.cpu.rename: [tid:0] Removing a committed instruction from the history buffer 0 (size=113), until [sn:30].
  67000: system.cpu.rename: [tid:0] Freeing up older rename of reg 4 (integer), [sn:20].
  67000: system.cpu.rename: [tid:0] Freeing up older rename of reg 0 (condition_code), [sn:20].
  67000: system.cpu.rename: [tid:0] Freeing up older rename of reg 1 (condition_code), [sn:20].
  67000: system.cpu.rename: [tid:0] Freeing up older rename of reg 4294967295 (invalid), [sn:20].
  67000: system.cpu.rename: [tid:0] Freeing up older rename of reg 4294967295 (invalid), [sn:20].
  67000: system.cpu.rename: [tid:0] Freeing up older rename of reg 4294967295 (invalid), [sn:20].
  67000: system.cpu.rename: [tid:0] Freeing up older rename of reg 39 (integer), [sn:30].
  67000: system.cpu.iew: Issue: Processing [tid:0]
  67000: system.cpu.iew: [tid:0] Not blocked, so attempting to run dispatch.
  67000: system.cpu.iew: [tid:0] Issue: Adding PC (0x40102b=>0x40102d).(2=>3) [sn:310] [tid:0] to IQ.
  67000: system.cpu.iew: [tid:0] Issue: Memory instruction encountered, adding to LSQ.
  67000: system.cpu.iew.lsq.thread0: Inserting store PC (0x40102b=>0x40102d).(2=>3), idx:7 [sn:310]
  67000: system.cpu.iq: Adding instruction [sn:310] PC (0x40102b=>0x40102d).(2=>3) to the IQ.
  67000: system.cpu.iq: Instruction PC (0x40102b=>0x40102d).(2=>3) has src reg 60 (integer) that is being added to the dependency chain.
  67000: memdepentry: Memory dependency entry created. memdep_count=15 (0x40102b=>0x40102d).(2=>3)
  67000: system.cpu.memDep0: No dependency for inst PC (0x40102b=>0x40102d).(2=>3) [sn:310].
  67000: system.cpu.memDep0: Inserting store/atomic PC (0x40102b=>0x40102d).(2=>3) [sn:310].
  67000: system.cpu.iew: [tid:0] Issue: Adding PC (0x40102d=>0x40102f).(0=>1) [sn:320] [tid:0] to IQ.
  67000: system.cpu.iew: [tid:0] Issue: Memory instruction encountered, adding to LSQ.
  67000: system.cpu.iew.lsq.thread0: Inserting load PC (0x40102d=>0x40102f).(0=>1), idx:8 [sn:320]
  67000: system.cpu.iq: Adding instruction [sn:320] PC (0x40102d=>0x40102f).(0=>1) to the IQ.
  67000: system.cpu.iq: Instruction PC (0x40102d=>0x40102f).(0=>1) has src reg 60 (integer) that is being added to the dependency chain.
  67000: memdepentry: Memory dependency entry created. memdep_count=16 (0x40102d=>0x40102f).(0=>1)
  67000: system.cpu.memDep0: No dependency for inst PC (0x40102d=>0x40102f).(0=>1) [sn:320].
  67000: system.cpu.iew: [tid:0] Issue: Adding PC (0x40102d=>0x40102f).(1=>2) [sn:330] [tid:0] to IQ.
  67000: system.cpu.iq: Adding instruction [sn:330] PC (0x40102d=>0x40102f).(1=>2) to the IQ.
  67000: system.cpu.iq: Instruction PC (0x40102d=>0x40102f).(1=>2) has src reg 61 (integer) that is being added to the dependency chain.
  67000: system.cpu.iq: Instruction PC (0x40102d=>0x40102f).(1=>2) has src reg 61 (integer) that is being added to the dependency chain.
  67000: system.cpu.iew: [tid:0] Issue: Adding PC (0x40102d=>0x40102f).(2=>3) [sn:340] [tid:0] to IQ.
  67000: system.cpu.iew: [tid:0] Issue: Memory instruction encountered, adding to LSQ.
  67000: system.cpu.iew.lsq.thread0: Inserting store PC (0x40102d=>0x40102f).(2=>3), idx:8 [sn:340]
  67000: system.cpu.iq: Adding instruction [sn:340] PC (0x40102d=>0x40102f).(2=>3) to the IQ.
  67000: system.cpu.iq: Instruction PC (0x40102d=>0x40102f).(2=>3) has src reg 62 (integer) that is being added to the dependency chain.
  67000: memdepentry: Memory dependency entry created. memdep_count=17 (0x40102d=>0x40102f).(2=>3)
  67000: system.cpu.memDep0: No dependency for inst PC (0x40102d=>0x40102f).(2=>3) [sn:340].
  67000: system.cpu.memDep0: Inserting store/atomic PC (0x40102d=>0x40102f).(2=>3) [sn:340].
  67000: system.cpu.iew: [tid:0] Issue: Adding PC (0x40102f=>0x401031).(0=>1) [sn:350] [tid:0] to IQ.
  67000: system.cpu.iew: [tid:0] Issue: Memory instruction encountered, adding to LSQ.
  67000: system.cpu.iew.lsq.thread0: Inserting load PC (0x40102f=>0x401031).(0=>1), idx:9 [sn:350]
  67000: system.cpu.iq: Adding instruction [sn:350] PC (0x40102f=>0x401031).(0=>1) to the IQ.
  67000: system.cpu.iq: Instruction PC (0x40102f=>0x401031).(0=>1) has src reg 62 (integer) that is being added to the dependency chain.
  67000: memdepentry: Memory dependency entry created. memdep_count=18 (0x40102f=>0x401031).(0=>1)
  67000: system.cpu.memDep0: No dependency for inst PC (0x40102f=>0x401031).(0=>1) [sn:350].
  67000: system.cpu.iew: [tid:0] Issue: Adding PC (0x40102f=>0x401031).(1=>2) [sn:360] [tid:0] to IQ.
  67000: system.cpu.iq: Adding instruction [sn:360] PC (0x40102f=>0x401031).(1=>2) to the IQ.
  67000: system.cpu.iq: Instruction PC (0x40102f=>0x401031).(1=>2) has src reg 63 (integer) that is being added to the dependency chain.
  67000: system.cpu.iq: Instruction PC (0x40102f=>0x401031).(1=>2) has src reg 63 (integer) that is being added to the dependency chain.
  67000: system.cpu.iq: Attempting to schedule ready instructions from the IQ.
  67000: system.cpu.iq: Not able to schedule any instructions.
  67000: system.cpu.iew: Processing [tid:0]
  67000: system.cpu.iq: [tid:0] Committing instructions older than [sn:30]
  67000: system.cpu.iew.lsq.thread0: LQ size: 192, #loads occupied: 10
  67000: system.cpu.iew.lsq.thread0: SQ size: 114, #stores occupied: 9
  67000: system.cpu.iew: [tid:0], Dispatch dispatched 6 instructions.
  67000: system.cpu.iew.lsq.thread0: SQ size: 114, #stores occupied: 9
  67000: system.cpu.iew.lsq.thread0: LQ size: 192, #loads occupied: 10
  67000: system.cpu.iew: IQ has 177 free entries (Can schedule: 0).  LQ has 182 free entries. SQ has 105 free entries.
  67000: system.cpu.iew: Activity this cycle.
  67000: system.cpu.commit: Getting instructions from Rename stage.
  67000: system.cpu.commit: [tid:0] [sn:370] Inserting PC (0x40102f=>0x401031).(2=>3) into ROB.
  67000: system.cpu.rob: Adding inst PC (0x40102f=>0x401031).(2=>3) to the ROB.
  67000: system.cpu.rob: [tid:0] Now has 34 instructions.
  67000: system.cpu.commit: [tid:0] [sn:380] Inserting PC (0x401031=>0x401033).(0=>1) into ROB.
  67000: system.cpu.rob: Adding inst PC (0x401031=>0x401033).(0=>1) to the ROB.
  67000: system.cpu.rob: [tid:0] Now has 35 instructions.
  67000: system.cpu.commit: [tid:0] [sn:390] Inserting PC (0x401031=>0x401033).(1=>2) into ROB.
  67000: system.cpu.rob: Adding inst PC (0x401031=>0x401033).(1=>2) to the ROB.
  67000: system.cpu.rob: [tid:0] Now has 36 instructions.
  67000: system.cpu.commit: [tid:0] [sn:400] Inserting PC (0x401031=>0x401033).(2=>3) into ROB.
  67000: system.cpu.rob: Adding inst PC (0x401031=>0x401033).(2=>3) to the ROB.
  67000: system.cpu.rob: [tid:0] Now has 37 instructions.
  67000: system.cpu.commit: [tid:0] [sn:410] Inserting PC (0x401033=>0x401035).(0=>1) into ROB.
  67000: system.cpu.rob: Adding inst PC (0x401033=>0x401035).(0=>1) to the ROB.
  67000: system.cpu.rob: [tid:0] Now has 38 instructions.
  67000: system.cpu.commit: [tid:0] [sn:420] Inserting PC (0x401033=>0x401035).(1=>2) into ROB.
  67000: system.cpu.rob: Adding inst PC (0x401033=>0x401035).(1=>2) to the ROB.
  67000: system.cpu.rob: [tid:0] Now has 39 instructions.
  67000: system.cpu.commit: Trying to commit instructions in the ROB.
  67000: system.cpu.commit: Trying to commit head instruction, [tid:0] [sn:40]
  67000: system.cpu.commit: [tid:0] [sn:40] Committing instruction with PC (0x401004=>0x40100b).(1=>2)
  67000: system.cpu.rob: [tid:0] Retiring head instruction, instruction PC (0x401004=>0x40100b).(1=>2), [sn:40]
  67000: system.cpu: Removing committed instruction [tid:0] PC (0x401004=>0x40100b).(1=>2) [sn:40]
  67000: system.cpu.commit: [tid:0] Can't commit, Instruction [sn:50] PC (0x40100b=>0x40100f).(0=>1) is head of ROB and not ready
  67000: system.cpu.commit: [tid:0] ROB has 38 insts & 474 free entries.
  67000: system.cpu.commit: Activity This Cycle.
  67000: system.cpu.commit: Deactivating stage.
  67000: system.cpu: Activity: 10
  67000: system.cpu: Removing instruction, [tid:0] [sn:40] PC (0x401004=>0x40100b).(1=>2)
  67000: system.cpu: Scheduling next tick!
  68000: system.cpu: 

O3CPU: Ticking main, O3CPU.
  68000: system.cpu.fetch: Running stage.
  68000: system.cpu.fetch: There are no more threads available to fetch from.
  68000: system.cpu.fetch: [tid:0] Fetch is waiting cache response!
  68000: system.cpu.decode: Processing [tid:0]
  68000: system.cpu.decode: [tid:0] Bypass moves from Rename: 0
  68000: system.cpu.decode: [tid:0] Not blocked, so attempting to run stage.
  68000: system.cpu.decode: [tid:0] Sending instruction to rename.
  68000: system.cpu.decode: [tid:0] Processing instruction [sn:550] with PC (0x40103b=>0x40103d).(2=>3)
  68000: system.cpu.decode: [tid:0] Processing instruction [sn:560] with PC (0x40103d=>0x40103f).(0=>1)
  68000: system.cpu.decode: [tid:0] Processing instruction [sn:570] with PC (0x40103d=>0x40103f).(1=>2)
  68000: system.cpu.decode: [tid:0] Processing instruction [sn:580] with PC (0x40103d=>0x40103f).(2=>3)
  68000: system.cpu.decode: Activity this cycle.
  68000: system.cpu: Activity: 11
  68000: system.cpu.rename: Processing [tid:0]
  68000: system.cpu.rename: [tid:0] Free IQ: 177, Free ROB: 474, Free LQ: 182, Free SQ: 105, FreeRM 63(442 464 511 1022 63 8 2525)
  68000: system.cpu.rename: [tid:0] 18 instructions not yet in ROB
  68000: system.cpu.rename: calcFreeLQEntries: free lqEntries: 182, loadsInProgress: 6, loads dispatchedToLQ: 2
  68000: system.cpu.rename: [tid:0] Not blocked, so attempting to run stage.
  68000: system.cpu.rename: [tid:0] 6 available instructions to send iew.
  68000: system.cpu.rename: [tid:0] 18 insts pipelining from Rename | 6 insts dispatched to IQ last cycle.
  68000: system.cpu.rename: [tid:0] Sending instructions to IEW.
  68000: system.cpu.rename: calcFreeSQEntries: free sqEntries: 105, storesInProgress: 6, stores dispatchedToSQ: 2
  68000: system.cpu.rename: [tid:0] Processing instruction [sn:490] with PC (0x401037=>0x401039).(2=>3).
  68000: system.cpu.rename: [tid:0] Looking up invalid arch reg 0, got phys reg 4294967295 (invalid)
  68000: system.cpu.rename: [tid:0] Register 4294967295 (flat: 4294967295) (invalid) is ready.
  68000: global: [sn:490] has 1 ready out of 4 sources. RTI 0)
  68000: system.cpu.rename: [tid:0] Looking up integer arch reg 0, got phys reg 45 (integer)
  68000: system.cpu.rename: [tid:0] Register 45 (flat: 45) (integer) is ready.
  68000: global: [sn:490] has 2 ready out of 4 sources. RTI 0)
  68000: system.cpu.rename: [tid:0] Looking up integer arch reg 17, got phys reg 72 (integer)
  68000: system.cpu.rename: [tid:0] Register 72 (flat: 72) (integer) is not ready.
  68000: system.cpu.rename: [tid:0] Looking up miscellaneous arch reg 155, got phys reg 155 (miscellaneous)
  68000: system.cpu.rename: [tid:0] Register 155 (flat: 0) (miscellaneous) is ready.
  68000: global: [sn:490] has 3 ready out of 4 sources. RTI 0)
  68000: system.cpu.rename: calcFreeLQEntries: free lqEntries: 182, loadsInProgress: 6, loads dispatchedToLQ: 2
  68000: system.cpu.rename: [tid:0] Processing instruction [sn:500] with PC (0x401039=>0x40103b).(0=>1).
  68000: system.cpu.rename: [tid:0] Mascot prediction for load [sn:500] type: 0; distance1: 0; distance2: 0
  68000: system.cpu.rename: [tid:0] Looking up invalid arch reg 0, got phys reg 4294967295 (invalid)
  68000: system.cpu.rename: [tid:0] Register 4294967295 (flat: 4294967295) (invalid) is ready.
  68000: global: [sn:500] has 1 ready out of 4 sources. RTI 0)
  68000: system.cpu.rename: [tid:0] Looking up integer arch reg 0, got phys reg 45 (integer)
  68000: system.cpu.rename: [tid:0] Register 45 (flat: 45) (integer) is ready.
  68000: global: [sn:500] has 2 ready out of 4 sources. RTI 0)
  68000: system.cpu.rename: [tid:0] Looking up integer arch reg 17, got phys reg 72 (integer)
  68000: system.cpu.rename: [tid:0] Register 72 (flat: 72) (integer) is not ready.
  68000: system.cpu.rename: [tid:0] Looking up miscellaneous arch reg 155, got phys reg 155 (miscellaneous)
  68000: system.cpu.rename: [tid:0] Register 155 (flat: 0) (miscellaneous) is ready.
  68000: global: [sn:500] has 3 ready out of 4 sources. RTI 0)
  68000: global: Renamed reg t1 to physical reg 73 (73) old mapping was 72 (72)
  68000: system.cpu.rename: [tid:0] Renaming arch reg 17 (integer) to physical reg 73 (73).
  68000: system.cpu.rename: [tid:0] [sn:500] Adding instruction to history buffer (size=107).
  68000: system.cpu.rename: [tid:0] Processing instruction [sn:510] with PC (0x401039=>0x40103b).(1=>2).
  68000: system.cpu.rename: [tid:0] Looking up integer arch reg 17, got phys reg 73 (integer)
  68000: system.cpu.rename: [tid:0] Register 73 (flat: 73) (integer) is not ready.
  68000: system.cpu.rename: [tid:0] Looking up integer arch reg 0, got phys reg 45 (integer)
  68000: system.cpu.rename: [tid:0] Register 45 (flat: 45) (integer) is ready.
  68000: global: [sn:510] has 1 ready out of 8 sources. RTI 0)
  68000: system.cpu.rename: [tid:0] Looking up integer arch reg 17, got phys reg 73 (integer)
  68000: system.cpu.rename: [tid:0] Register 73 (flat: 73) (integer) is not ready.
  68000: system.cpu.rename: [tid:0] Looking up invalid arch reg 0, got phys reg 4294967295 (invalid)
  68000: system.cpu.rename: [tid:0] Register 4294967295 (flat: 4294967295) (invalid) is ready.
  68000: global: [sn:510] has 2 ready out of 8 sources. RTI 0)
  68000: system.cpu.rename: [tid:0] Looking up invalid arch reg 0, got phys reg 4294967295 (invalid)
  68000: system.cpu.rename: [tid:0] Register 4294967295 (flat: 4294967295) (invalid) is ready.
  68000: global: [sn:510] has 3 ready out of 8 sources. RTI 0)
  68000: system.cpu.rename: [tid:0] Looking up invalid arch reg 0, got phys reg 4294967295 (invalid)
  68000: system.cpu.rename: [tid:0] Register 4294967295 (flat: 4294967295) (invalid) is ready.
  68000: global: [sn:510] has 4 ready out of 8 sources. RTI 0)
  68000: system.cpu.rename: [tid:0] Looking up invalid arch reg 0, got phys reg 4294967295 (invalid)
  68000: system.cpu.rename: [tid:0] Register 4294967295 (flat: 4294967295) (invalid) is ready.
  68000: global: [sn:510] has 5 ready out of 8 sources. RTI 0)
  68000: system.cpu.rename: [tid:0] Looking up invalid arch reg 0, got phys reg 4294967295 (invalid)
  68000: system.cpu.rename: [tid:0] Register 4294967295 (flat: 4294967295) (invalid) is ready.
  68000: global: [sn:510] has 6 ready out of 8 sources. RTI 0)
  68000: global: Renamed reg t1 to physical reg 74 (74) old mapping was 73 (73)
  68000: system.cpu.rename: [tid:0] Renaming arch reg 17 (integer) to physical reg 74 (74).
  68000: system.cpu.rename: [tid:0] [sn:510] Adding instruction to history buffer (size=108).
  68000: global: Renamed reg condition_code[0] to physical reg 2669 (2669) old mapping was 2667 (2667)
  68000: system.cpu.rename: [tid:0] Renaming arch reg 0 (condition_code) to physical reg 37 (2669).
  68000: system.cpu.rename: [tid:0] [sn:510] Adding instruction to history buffer (size=109).
  68000: global: Renamed reg condition_code[1] to physical reg 2670 (2670) old mapping was 2668 (2668)
  68000: system.cpu.rename: [tid:0] Renaming arch reg 1 (condition_code) to physical reg 38 (2670).
  68000: system.cpu.rename: [tid:0] [sn:510] Adding instruction to history buffer (size=110).
  68000: system.cpu.rename: [tid:0] Renaming arch reg 0 (invalid) to physical reg 4294967295 (4294967295).
  68000: system.cpu.rename: [tid:0] [sn:510] Adding instruction to history buffer (size=111).
  68000: system.cpu.rename: [tid:0] Renaming arch reg 0 (invalid) to physical reg 4294967295 (4294967295).
  68000: system.cpu.rename: [tid:0] [sn:510] Adding instruction to history buffer (size=112).
  68000: system.cpu.rename: [tid:0] Renaming arch reg 0 (invalid) to physical reg 4294967295 (4294967295).
  68000: system.cpu.rename: [tid:0] [sn:510] Adding instruction to history buffer (size=113).
  68000: system.cpu.rename: calcFreeSQEntries: free sqEntries: 105, storesInProgress: 7, stores dispatchedToSQ: 2
  68000: system.cpu.rename: [tid:0] Processing instruction [sn:520] with PC (0x401039=>0x40103b).(2=>3).
  68000: system.cpu.rename: [tid:0] Looking up invalid arch reg 0, got phys reg 4294967295 (invalid)
  68000: system.cpu.rename: [tid:0] Register 4294967295 (flat: 4294967295) (invalid) is ready.
  68000: global: [sn:520] has 1 ready out of 4 sources. RTI 0)
  68000: system.cpu.rename: [tid:0] Looking up integer arch reg 0, got phys reg 45 (integer)
  68000: system.cpu.rename: [tid:0] Register 45 (flat: 45) (integer) is ready.
  68000: global: [sn:520] has 2 ready out of 4 sources. RTI 0)
  68000: system.cpu.rename: [tid:0] Looking up integer arch reg 17, got phys reg 74 (integer)
  68000: system.cpu.rename: [tid:0] Register 74 (flat: 74) (integer) is not ready.
  68000: system.cpu.rename: [tid:0] Looking up miscellaneous arch reg 155, got phys reg 155 (miscellaneous)
  68000: system.cpu.rename: [tid:0] Register 155 (flat: 0) (miscellaneous) is ready.
  68000: global: [sn:520] has 3 ready out of 4 sources. RTI 0)
  68000: system.cpu.rename: calcFreeLQEntries: free lqEntries: 182, loadsInProgress: 7, loads dispatchedToLQ: 2
  68000: system.cpu.rename: [tid:0] Processing instruction [sn:530] with PC (0x40103b=>0x40103d).(0=>1).
  68000: system.cpu.rename: [tid:0] Mascot prediction for load [sn:530] type: 0; distance1: 0; distance2: 0
  68000: system.cpu.rename: [tid:0] Looking up invalid arch reg 0, got phys reg 4294967295 (invalid)
  68000: system.cpu.rename: [tid:0] Register 4294967295 (flat: 4294967295) (invalid) is ready.
  68000: global: [sn:530] has 1 ready out of 4 sources. RTI 0)
  68000: system.cpu.rename: [tid:0] Looking up integer arch reg 0, got phys reg 45 (integer)
  68000: system.cpu.rename: [tid:0] Register 45 (flat: 45) (integer) is ready.
  68000: global: [sn:530] has 2 ready out of 4 sources. RTI 0)
  68000: system.cpu.rename: [tid:0] Looking up integer arch reg 17, got phys reg 74 (integer)
  68000: system.cpu.rename: [tid:0] Register 74 (flat: 74) (integer) is not ready.
  68000: system.cpu.rename: [tid:0] Looking up miscellaneous arch reg 155, got phys reg 155 (miscellaneous)
  68000: system.cpu.rename: [tid:0] Register 155 (flat: 0) (miscellaneous) is ready.
  68000: global: [sn:530] has 3 ready out of 4 sources. RTI 0)
  68000: global: Renamed reg t1 to physical reg 75 (75) old mapping was 74 (74)
  68000: system.cpu.rename: [tid:0] Renaming arch reg 17 (integer) to physical reg 75 (75).
  68000: system.cpu.rename: [tid:0] [sn:530] Adding instruction to history buffer (size=114).
  68000: system.cpu.rename: [tid:0] Processing instruction [sn:540] with PC (0x40103b=>0x40103d).(1=>2).
  68000: system.cpu.rename: [tid:0] Looking up integer arch reg 17, got phys reg 75 (integer)
  68000: system.cpu.rename: [tid:0] Register 75 (flat: 75) (integer) is not ready.
  68000: system.cpu.rename: [tid:0] Looking up integer arch reg 0, got phys reg 45 (integer)
  68000: system.cpu.rename: [tid:0] Register 45 (flat: 45) (integer) is ready.
  68000: global: [sn:540] has 1 ready out of 8 sources. RTI 0)
  68000: system.cpu.rename: [tid:0] Looking up integer arch reg 17, got phys reg 75 (integer)
  68000: system.cpu.rename: [tid:0] Register 75 (flat: 75) (integer) is not ready.
  68000: system.cpu.rename: [tid:0] Looking up invalid arch reg 0, got phys reg 4294967295 (invalid)
  68000: system.cpu.rename: [tid:0] Register 4294967295 (flat: 4294967295) (invalid) is ready.
  68000: global: [sn:540] has 2 ready out of 8 sources. RTI 0)
  68000: system.cpu.rename: [tid:0] Looking up invalid arch reg 0, got phys reg 4294967295 (invalid)
  68000: system.cpu.rename: [tid:0] Register 4294967295 (flat: 4294967295) (invalid) is ready.
  68000: global: [sn:540] has 3 ready out of 8 sources. RTI 0)
  68000: system.cpu.rename: [tid:0] Looking up invalid arch reg 0, got phys reg 4294967295 (invalid)
  68000: system.cpu.rename: [tid:0] Register 4294967295 (flat: 4294967295) (invalid) is ready.
  68000: global: [sn:540] has 4 ready out of 8 sources. RTI 0)
  68000: system.cpu.rename: [tid:0] Looking up invalid arch reg 0, got phys reg 4294967295 (invalid)
  68000: system.cpu.rename: [tid:0] Register 4294967295 (flat: 4294967295) (invalid) is ready.
  68000: global: [sn:540] has 5 ready out of 8 sources. RTI 0)
  68000: system.cpu.rename: [tid:0] Looking up invalid arch reg 0, got phys reg 4294967295 (invalid)
  68000: system.cpu.rename: [tid:0] Register 4294967295 (flat: 4294967295) (invalid) is ready.
  68000: global: [sn:540] has 6 ready out of 8 sources. RTI 0)
  68000: global: Renamed reg t1 to physical reg 76 (76) old mapping was 75 (75)
  68000: system.cpu.rename: [tid:0] Renaming arch reg 17 (integer) to physical reg 76 (76).
  68000: system.cpu.rename: [tid:0] [sn:540] Adding instruction to history buffer (size=115).
  68000: global: Renamed reg condition_code[0] to physical reg 2671 (2671) old mapping was 2669 (2669)
  68000: system.cpu.rename: [tid:0] Renaming arch reg 0 (condition_code) to physical reg 39 (2671).
  68000: system.cpu.rename: [tid:0] [sn:540] Adding instruction to history buffer (size=116).
  68000: global: Renamed reg condition_code[1] to physical reg 2672 (2672) old mapping was 2670 (2670)
  68000: system.cpu.rename: [tid:0] Renaming arch reg 1 (condition_code) to physical reg 40 (2672).
  68000: system.cpu.rename: [tid:0] [sn:540] Adding instruction to history buffer (size=117).
  68000: system.cpu.rename: [tid:0] Renaming arch reg 0 (invalid) to physical reg 4294967295 (4294967295).
  68000: system.cpu.rename: [tid:0] [sn:540] Adding instruction to history buffer (size=118).
  68000: system.cpu.rename: [tid:0] Renaming arch reg 0 (invalid) to physical reg 4294967295 (4294967295).
  68000: system.cpu.rename: [tid:0] [sn:540] Adding instruction to history buffer (size=119).
  68000: system.cpu.rename: [tid:0] Renaming arch reg 0 (invalid) to physical reg 4294967295 (4294967295).
  68000: system.cpu.rename: [tid:0] [sn:540] Adding instruction to history buffer (size=120).
  68000: system.cpu.rename: Activity this cycle.
  68000: system.cpu.rename: [tid:0] Removing a committed instruction from the history buffer 0 (size=120), until [sn:40].
  68000: system.cpu.rename: [tid:0] [sn:40] Old sequence number encountered. Ensure that a syscall happened recently.
  68000: system.cpu.iew: Issue: Processing [tid:0]
  68000: system.cpu.iew: [tid:0] Not blocked, so attempting to run dispatch.
  68000: system.cpu.iew: [tid:0] Issue: Adding PC (0x40102f=>0x401031).(2=>3) [sn:370] [tid:0] to IQ.
  68000: system.cpu.iew: [tid:0] Issue: Memory instruction encountered, adding to LSQ.
  68000: system.cpu.iew.lsq.thread0: Inserting store PC (0x40102f=>0x401031).(2=>3), idx:9 [sn:370]
  68000: system.cpu.iq: Adding instruction [sn:370] PC (0x40102f=>0x401031).(2=>3) to the IQ.
  68000: system.cpu.iq: Instruction PC (0x40102f=>0x401031).(2=>3) has src reg 64 (integer) that is being added to the dependency chain.
  68000: memdepentry: Memory dependency entry created. memdep_count=19 (0x40102f=>0x401031).(2=>3)
  68000: system.cpu.memDep0: No dependency for inst PC (0x40102f=>0x401031).(2=>3) [sn:370].
  68000: system.cpu.memDep0: Inserting store/atomic PC (0x40102f=>0x401031).(2=>3) [sn:370].
  68000: system.cpu.iew: [tid:0] Issue: Adding PC (0x401031=>0x401033).(0=>1) [sn:380] [tid:0] to IQ.
  68000: system.cpu.iew: [tid:0] Issue: Memory instruction encountered, adding to LSQ.
  68000: system.cpu.iew.lsq.thread0: Inserting load PC (0x401031=>0x401033).(0=>1), idx:10 [sn:380]
  68000: system.cpu.iq: Adding instruction [sn:380] PC (0x401031=>0x401033).(0=>1) to the IQ.
  68000: system.cpu.iq: Instruction PC (0x401031=>0x401033).(0=>1) has src reg 64 (integer) that is being added to the dependency chain.
  68000: memdepentry: Memory dependency entry created. memdep_count=20 (0x401031=>0x401033).(0=>1)
  68000: system.cpu.memDep0: No dependency for inst PC (0x401031=>0x401033).(0=>1) [sn:380].
  68000: system.cpu.iew: [tid:0] Issue: Adding PC (0x401031=>0x401033).(1=>2) [sn:390] [tid:0] to IQ.
  68000: system.cpu.iq: Adding instruction [sn:390] PC (0x401031=>0x401033).(1=>2) to the IQ.
  68000: system.cpu.iq: Instruction PC (0x401031=>0x401033).(1=>2) has src reg 65 (integer) that is being added to the dependency chain.
  68000: system.cpu.iq: Instruction PC (0x401031=>0x401033).(1=>2) has src reg 65 (integer) that is being added to the dependency chain.
  68000: system.cpu.iew: [tid:0] Issue: Adding PC (0x401031=>0x401033).(2=>3) [sn:400] [tid:0] to IQ.
  68000: system.cpu.iew: [tid:0] Issue: Memory instruction encountered, adding to LSQ.
  68000: system.cpu.iew.lsq.thread0: Inserting store PC (0x401031=>0x401033).(2=>3), idx:10 [sn:400]
  68000: system.cpu.iq: Adding instruction [sn:400] PC (0x401031=>0x401033).(2=>3) to the IQ.
  68000: system.cpu.iq: Instruction PC (0x401031=>0x401033).(2=>3) has src reg 66 (integer) that is being added to the dependency chain.
  68000: memdepentry: Memory dependency entry created. memdep_count=21 (0x401031=>0x401033).(2=>3)
  68000: system.cpu.memDep0: No dependency for inst PC (0x401031=>0x401033).(2=>3) [sn:400].
  68000: system.cpu.memDep0: Inserting store/atomic PC (0x401031=>0x401033).(2=>3) [sn:400].
  68000: system.cpu.iew: [tid:0] Issue: Adding PC (0x401033=>0x401035).(0=>1) [sn:410] [tid:0] to IQ.
  68000: system.cpu.iew: [tid:0] Issue: Memory instruction encountered, adding to LSQ.
  68000: system.cpu.iew.lsq.thread0: Inserting load PC (0x401033=>0x401035).(0=>1), idx:11 [sn:410]
  68000: system.cpu.iq: Adding instruction [sn:410] PC (0x401033=>0x401035).(0=>1) to the IQ.
  68000: system.cpu.iq: Instruction PC (0x401033=>0x401035).(0=>1) has src reg 66 (integer) that is being added to the dependency chain.
  68000: memdepentry: Memory dependency entry created. memdep_count=22 (0x401033=>0x401035).(0=>1)
  68000: system.cpu.memDep0: No dependency for inst PC (0x401033=>0x401035).(0=>1) [sn:410].
  68000: system.cpu.iew: [tid:0] Issue: Adding PC (0x401033=>0x401035).(1=>2) [sn:420] [tid:0] to IQ.
  68000: system.cpu.iq: Adding instruction [sn:420] PC (0x401033=>0x401035).(1=>2) to the IQ.
  68000: system.cpu.iq: Instruction PC (0x401033=>0x401035).(1=>2) has src reg 67 (integer) that is being added to the dependency chain.
  68000: system.cpu.iq: Instruction PC (0x401033=>0x401035).(1=>2) has src reg 67 (integer) that is being added to the dependency chain.
  68000: system.cpu.iq: Attempting to schedule ready instructions from the IQ.
  68000: system.cpu.iq: Not able to schedule any instructions.
  68000: system.cpu.iew: Processing [tid:0]
  68000: system.cpu.iew.lsq.thread0: Marking store as able to write back, PC (0x401004=>0x40100b).(1=>2) [sn:40]
  68000: system.cpu.iq: [tid:0] Committing instructions older than [sn:40]
  68000: system.cpu.iew.lsq.thread0: LQ size: 192, #loads occupied: 12
  68000: system.cpu.iew.lsq.thread0: SQ size: 114, #stores occupied: 11
  68000: system.cpu.iew: [tid:0], Dispatch dispatched 6 instructions.
  68000: system.cpu.iew.lsq.thread0: SQ size: 114, #stores occupied: 11
  68000: system.cpu.iew.lsq.thread0: LQ size: 192, #loads occupied: 12
  68000: system.cpu.iew: IQ has 171 free entries (Can schedule: 0).  LQ has 180 free entries. SQ has 103 free entries.
  68000: system.cpu.iew: IEW switching to active
  68000: system.cpu.iew: Activating stage.
  68000: system.cpu: Activity: 12
  68000: system.cpu.iew: Activity this cycle.
  68000: system.cpu.commit: Getting instructions from Rename stage.
  68000: system.cpu.commit: [tid:0] [sn:430] Inserting PC (0x401033=>0x401035).(2=>3) into ROB.
  68000: system.cpu.rob: Adding inst PC (0x401033=>0x401035).(2=>3) to the ROB.
  68000: system.cpu.rob: [tid:0] Now has 39 instructions.
  68000: system.cpu.commit: [tid:0] [sn:440] Inserting PC (0x401035=>0x401037).(0=>1) into ROB.
  68000: system.cpu.rob: Adding inst PC (0x401035=>0x401037).(0=>1) to the ROB.
  68000: system.cpu.rob: [tid:0] Now has 40 instructions.
  68000: system.cpu.commit: [tid:0] [sn:450] Inserting PC (0x401035=>0x401037).(1=>2) into ROB.
  68000: system.cpu.rob: Adding inst PC (0x401035=>0x401037).(1=>2) to the ROB.
  68000: system.cpu.rob: [tid:0] Now has 41 instructions.
  68000: system.cpu.commit: [tid:0] [sn:460] Inserting PC (0x401035=>0x401037).(2=>3) into ROB.
  68000: system.cpu.rob: Adding inst PC (0x401035=>0x401037).(2=>3) to the ROB.
  68000: system.cpu.rob: [tid:0] Now has 42 instructions.
  68000: system.cpu.commit: [tid:0] [sn:470] Inserting PC (0x401037=>0x401039).(0=>1) into ROB.
  68000: system.cpu.rob: Adding inst PC (0x401037=>0x401039).(0=>1) to the ROB.
  68000: system.cpu.rob: [tid:0] Now has 43 instructions.
  68000: system.cpu.commit: [tid:0] [sn:480] Inserting PC (0x401037=>0x401039).(1=>2) into ROB.
  68000: system.cpu.rob: Adding inst PC (0x401037=>0x401039).(1=>2) to the ROB.
  68000: system.cpu.rob: [tid:0] Now has 44 instructions.
  68000: system.cpu.commit: Trying to commit instructions in the ROB.
  68000: system.cpu.commit: [tid:0] Can't commit, Instruction [sn:50] PC (0x40100b=>0x40100f).(0=>1) is head of ROB and not ready
  68000: system.cpu.commit: [tid:0] ROB has 44 insts & 468 free entries.
  68000: system.cpu.commit: Activity This Cycle.
  68000: system.cpu: Scheduling next tick!
  69000: system.cpu: CPU already running.
  69000: global: RegFile: Access to int register 3, has data 0
  69000: global: RegFile: Setting int register 42 to 0xbeef
  69000: system.cpu.iew: Current wb cycle: 0, width: 12, numInst: 0
wbActual:0
  69000: system.cpu.iew: Activity this cycle.
  69000: system.cpu: Activity: 13
  69000: system.cpu: 

O3CPU: Ticking main, O3CPU.
  69000: system.cpu.fetch: Running stage.
  69000: system.cpu.fetch: There are no more threads available to fetch from.
  69000: system.cpu.fetch: [tid:0] Fetch is waiting cache response!
  69000: system.cpu.decode: Processing [tid:0]
  69000: system.cpu.decode: [tid:0] Bypass moves from Rename: 0
  69000: system.cpu.decode: [tid:0] Not blocked, so attempting to run stage.
  69000: system.cpu.decode: [tid:0] Nothing to do, breaking out early.
  69000: system.cpu.rename: Processing [tid:0]
  69000: system.cpu.rename: [tid:0] Free IQ: 171, Free ROB: 468, Free LQ: 180, Free SQ: 103, FreeRM 63(438 464 511 1022 63 8 2521)
  69000: system.cpu.rename: [tid:0] 18 instructions not yet in ROB
  69000: system.cpu.rename: calcFreeLQEntries: free lqEntries: 180, loadsInProgress: 6, loads dispatchedToLQ: 2
  69000: system.cpu.rename: [tid:0] Not blocked, so attempting to run stage.
  69000: system.cpu.rename: [tid:0] 4 available instructions to send iew.
  69000: system.cpu.rename: [tid:0] 18 insts pipelining from Rename | 6 insts dispatched to IQ last cycle.
  69000: system.cpu.rename: [tid:0] Sending instructions to IEW.
  69000: system.cpu.rename: calcFreeSQEntries: free sqEntries: 103, storesInProgress: 6, stores dispatchedToSQ: 2
  69000: system.cpu.rename: [tid:0] Processing instruction [sn:550] with PC (0x40103b=>0x40103d).(2=>3).
  69000: system.cpu.rename: [tid:0] Looking up invalid arch reg 0, got phys reg 4294967295 (invalid)
  69000: system.cpu.rename: [tid:0] Register 4294967295 (flat: 4294967295) (invalid) is ready.
  69000: global: [sn:550] has 1 ready out of 4 sources. RTI 0)
  69000: system.cpu.rename: [tid:0] Looking up integer arch reg 0, got phys reg 45 (integer)
  69000: system.cpu.rename: [tid:0] Register 45 (flat: 45) (integer) is ready.
  69000: global: [sn:550] has 2 ready out of 4 sources. RTI 0)
  69000: system.cpu.rename: [tid:0] Looking up integer arch reg 17, got phys reg 76 (integer)
  69000: system.cpu.rename: [tid:0] Register 76 (flat: 76) (integer) is not ready.
  69000: system.cpu.rename: [tid:0] Looking up miscellaneous arch reg 155, got phys reg 155 (miscellaneous)
  69000: system.cpu.rename: [tid:0] Register 155 (flat: 0) (miscellaneous) is ready.
  69000: global: [sn:550] has 3 ready out of 4 sources. RTI 0)
  69000: system.cpu.rename: calcFreeLQEntries: free lqEntries: 180, loadsInProgress: 6, loads dispatchedToLQ: 2
  69000: system.cpu.rename: [tid:0] Processing instruction [sn:560] with PC (0x40103d=>0x40103f).(0=>1).
  69000: system.cpu.rename: [tid:0] Mascot prediction for load [sn:560] type: 0; distance1: 0; distance2: 0
  69000: system.cpu.rename: [tid:0] Looking up invalid arch reg 0, got phys reg 4294967295 (invalid)
  69000: system.cpu.rename: [tid:0] Register 4294967295 (flat: 4294967295) (invalid) is ready.
  69000: global: [sn:560] has 1 ready out of 4 sources. RTI 0)
  69000: system.cpu.rename: [tid:0] Looking up integer arch reg 0, got phys reg 45 (integer)
  69000: system.cpu.rename: [tid:0] Register 45 (flat: 45) (integer) is ready.
  69000: global: [sn:560] has 2 ready out of 4 sources. RTI 0)
  69000: system.cpu.rename: [tid:0] Looking up integer arch reg 17, got phys reg 76 (integer)
  69000: system.cpu.rename: [tid:0] Register 76 (flat: 76) (integer) is not ready.
  69000: system.cpu.rename: [tid:0] Looking up miscellaneous arch reg 155, got phys reg 155 (miscellaneous)
  69000: system.cpu.rename: [tid:0] Register 155 (flat: 0) (miscellaneous) is ready.
  69000: global: [sn:560] has 3 ready out of 4 sources. RTI 0)
  69000: global: Renamed reg t1 to physical reg 77 (77) old mapping was 76 (76)
  69000: system.cpu.rename: [tid:0] Renaming arch reg 17 (integer) to physical reg 77 (77).
  69000: system.cpu.rename: [tid:0] [sn:560] Adding instruction to history buffer (size=121).
  69000: system.cpu.rename: [tid:0] Processing instruction [sn:570] with PC (0x40103d=>0x40103f).(1=>2).
  69000: system.cpu.rename: [tid:0] Looking up integer arch reg 17, got phys reg 77 (integer)
  69000: system.cpu.rename: [tid:0] Register 77 (flat: 77) (integer) is not ready.
  69000: system.cpu.rename: [tid:0] Looking up integer arch reg 0, got phys reg 45 (integer)
  69000: system.cpu.rename: [tid:0] Register 45 (flat: 45) (integer) is ready.
  69000: global: [sn:570] has 1 ready out of 8 sources. RTI 0)
  69000: system.cpu.rename: [tid:0] Looking up integer arch reg 17, got phys reg 77 (integer)
  69000: system.cpu.rename: [tid:0] Register 77 (flat: 77) (integer) is not ready.
  69000: system.cpu.rename: [tid:0] Looking up invalid arch reg 0, got phys reg 4294967295 (invalid)
  69000: system.cpu.rename: [tid:0] Register 4294967295 (flat: 4294967295) (invalid) is ready.
  69000: global: [sn:570] has 2 ready out of 8 sources. RTI 0)
  69000: system.cpu.rename: [tid:0] Looking up invalid arch reg 0, got phys reg 4294967295 (invalid)
  69000: system.cpu.rename: [tid:0] Register 4294967295 (flat: 4294967295) (invalid) is ready.
  69000: global: [sn:570] has 3 ready out of 8 sources. RTI 0)
  69000: system.cpu.rename: [tid:0] Looking up invalid arch reg 0, got phys reg 4294967295 (invalid)
  69000: system.cpu.rename: [tid:0] Register 4294967295 (flat: 4294967295) (invalid) is ready.
  69000: global: [sn:570] has 4 ready out of 8 sources. RTI 0)
  69000: system.cpu.rename: [tid:0] Looking up invalid arch reg 0, got phys reg 4294967295 (invalid)
  69000: system.cpu.rename: [tid:0] Register 4294967295 (flat: 4294967295) (invalid) is ready.
  69000: global: [sn:570] has 5 ready out of 8 sources. RTI 0)
  69000: system.cpu.rename: [tid:0] Looking up invalid arch reg 0, got phys reg 4294967295 (invalid)
  69000: system.cpu.rename: [tid:0] Register 4294967295 (flat: 4294967295) (invalid) is ready.
  69000: global: [sn:570] has 6 ready out of 8 sources. RTI 0)
  69000: global: Renamed reg t1 to physical reg 78 (78) old mapping was 77 (77)
  69000: system.cpu.rename: [tid:0] Renaming arch reg 17 (integer) to physical reg 78 (78).
  69000: system.cpu.rename: [tid:0] [sn:570] Adding instruction to history buffer (size=122).
  69000: global: Renamed reg condition_code[0] to physical reg 2673 (2673) old mapping was 2671 (2671)
  69000: system.cpu.rename: [tid:0] Renaming arch reg 0 (condition_code) to physical reg 41 (2673).
  69000: system.cpu.rename: [tid:0] [sn:570] Adding instruction to history buffer (size=123).
  69000: global: Renamed reg condition_code[1] to physical reg 2674 (2674) old mapping was 2672 (2672)
  69000: system.cpu.rename: [tid:0] Renaming arch reg 1 (condition_code) to physical reg 42 (2674).
  69000: system.cpu.rename: [tid:0] [sn:570] Adding instruction to history buffer (size=124).
  69000: system.cpu.rename: [tid:0] Renaming arch reg 0 (invalid) to physical reg 4294967295 (4294967295).
  69000: system.cpu.rename: [tid:0] [sn:570] Adding instruction to history buffer (size=125).
  69000: system.cpu.rename: [tid:0] Renaming arch reg 0 (invalid) to physical reg 4294967295 (4294967295).
  69000: system.cpu.rename: [tid:0] [sn:570] Adding instruction to history buffer (size=126).
  69000: system.cpu.rename: [tid:0] Renaming arch reg 0 (invalid) to physical reg 4294967295 (4294967295).
  69000: system.cpu.rename: [tid:0] [sn:570] Adding instruction to history buffer (size=127).
  69000: system.cpu.rename: calcFreeSQEntries: free sqEntries: 103, storesInProgress: 7, stores dispatchedToSQ: 2
  69000: system.cpu.rename: [tid:0] Processing instruction [sn:580] with PC (0x40103d=>0x40103f).(2=>3).
  69000: system.cpu.rename: [tid:0] Looking up invalid arch reg 0, got phys reg 4294967295 (invalid)
  69000: system.cpu.rename: [tid:0] Register 4294967295 (flat: 4294967295) (invalid) is ready.
  69000: global: [sn:580] has 1 ready out of 4 sources. RTI 0)
  69000: system.cpu.rename: [tid:0] Looking up integer arch reg 0, got phys reg 45 (integer)
  69000: system.cpu.rename: [tid:0] Register 45 (flat: 45) (integer) is ready.
  69000: global: [sn:580] has 2 ready out of 4 sources. RTI 0)
  69000: system.cpu.rename: [tid:0] Looking up integer arch reg 17, got phys reg 78 (integer)
  69000: system.cpu.rename: [tid:0] Register 78 (flat: 78) (integer) is not ready.
  69000: system.cpu.rename: [tid:0] Looking up miscellaneous arch reg 155, got phys reg 155 (miscellaneous)
  69000: system.cpu.rename: [tid:0] Register 155 (flat: 0) (miscellaneous) is ready.
  69000: global: [sn:580] has 3 ready out of 4 sources. RTI 0)
  69000: system.cpu.rename: Activity this cycle.
  69000: system.cpu.iew: Issue: Processing [tid:0]
  69000: system.cpu.iew: [tid:0] Not blocked, so attempting to run dispatch.
  69000: system.cpu.iew: [tid:0] Issue: Adding PC (0x401033=>0x401035).(2=>3) [sn:430] [tid:0] to IQ.
  69000: system.cpu.iew: [tid:0] Issue: Memory instruction encountered, adding to LSQ.
  69000: system.cpu.iew.lsq.thread0: Inserting store PC (0x401033=>0x401035).(2=>3), idx:11 [sn:430]
  69000: system.cpu.iq: Adding instruction [sn:430] PC (0x401033=>0x401035).(2=>3) to the IQ.
  69000: system.cpu.iq: Instruction PC (0x401033=>0x401035).(2=>3) has src reg 68 (integer) that is being added to the dependency chain.
  69000: memdepentry: Memory dependency entry created. memdep_count=23 (0x401033=>0x401035).(2=>3)
  69000: system.cpu.memDep0: No dependency for inst PC (0x401033=>0x401035).(2=>3) [sn:430].
  69000: system.cpu.memDep0: Inserting store/atomic PC (0x401033=>0x401035).(2=>3) [sn:430].
  69000: system.cpu.iew: [tid:0] Issue: Adding PC (0x401035=>0x401037).(0=>1) [sn:440] [tid:0] to IQ.
  69000: system.cpu.iew: [tid:0] Issue: Memory instruction encountered, adding to LSQ.
  69000: system.cpu.iew.lsq.thread0: Inserting load PC (0x401035=>0x401037).(0=>1), idx:12 [sn:440]
  69000: system.cpu.iq: Adding instruction [sn:440] PC (0x401035=>0x401037).(0=>1) to the IQ.
  69000: system.cpu.iq: Instruction PC (0x401035=>0x401037).(0=>1) has src reg 68 (integer) that is being added to the dependency chain.
  69000: memdepentry: Memory dependency entry created. memdep_count=24 (0x401035=>0x401037).(0=>1)
  69000: system.cpu.memDep0: No dependency for inst PC (0x401035=>0x401037).(0=>1) [sn:440].
  69000: system.cpu.iew: [tid:0] Issue: Adding PC (0x401035=>0x401037).(1=>2) [sn:450] [tid:0] to IQ.
  69000: system.cpu.iq: Adding instruction [sn:450] PC (0x401035=>0x401037).(1=>2) to the IQ.
  69000: system.cpu.iq: Instruction PC (0x401035=>0x401037).(1=>2) has src reg 69 (integer) that is being added to the dependency chain.
  69000: system.cpu.iq: Instruction PC (0x401035=>0x401037).(1=>2) has src reg 69 (integer) that is being added to the dependency chain.
  69000: system.cpu.iew: [tid:0] Issue: Adding PC (0x401035=>0x401037).(2=>3) [sn:460] [tid:0] to IQ.
  69000: system.cpu.iew: [tid:0] Issue: Memory instruction encountered, adding to LSQ.
  69000: system.cpu.iew.lsq.thread0: Inserting store PC (0x401035=>0x401037).(2=>3), idx:12 [sn:460]
  69000: system.cpu.iq: Adding instruction [sn:460] PC (0x401035=>0x401037).(2=>3) to the IQ.
  69000: system.cpu.iq: Instruction PC (0x401035=>0x401037).(2=>3) has src reg 70 (integer) that is being added to the dependency chain.
  69000: memdepentry: Memory dependency entry created. memdep_count=25 (0x401035=>0x401037).(2=>3)
  69000: system.cpu.memDep0: No dependency for inst PC (0x401035=>0x401037).(2=>3) [sn:460].
  69000: system.cpu.memDep0: Inserting store/atomic PC (0x401035=>0x401037).(2=>3) [sn:460].
  69000: system.cpu.iew: [tid:0] Issue: Adding PC (0x401037=>0x401039).(0=>1) [sn:470] [tid:0] to IQ.
  69000: system.cpu.iew: [tid:0] Issue: Memory instruction encountered, adding to LSQ.
  69000: system.cpu.iew.lsq.thread0: Inserting load PC (0x401037=>0x401039).(0=>1), idx:13 [sn:470]
  69000: system.cpu.iq: Adding instruction [sn:470] PC (0x401037=>0x401039).(0=>1) to the IQ.
  69000: system.cpu.iq: Instruction PC (0x401037=>0x401039).(0=>1) has src reg 70 (integer) that is being added to the dependency chain.
  69000: memdepentry: Memory dependency entry created. memdep_count=26 (0x401037=>0x401039).(0=>1)
  69000: system.cpu.memDep0: No dependency for inst PC (0x401037=>0x401039).(0=>1) [sn:470].
  69000: system.cpu.iew: [tid:0] Issue: Adding PC (0x401037=>0x401039).(1=>2) [sn:480] [tid:0] to IQ.
  69000: system.cpu.iq: Adding instruction [sn:480] PC (0x401037=>0x401039).(1=>2) to the IQ.
  69000: system.cpu.iq: Instruction PC (0x401037=>0x401039).(1=>2) has src reg 71 (integer) that is being added to the dependency chain.
  69000: system.cpu.iq: Instruction PC (0x401037=>0x401039).(1=>2) has src reg 71 (integer) that is being added to the dependency chain.
  69000: system.cpu.iew: Sending instructions to commit, [sn:50] PC (0x40100b=>0x40100f).(0=>1).
  69000: system.cpu.iq: Waking dependents of completed instruction.
  69000: system.cpu.memDep0: Completed mem instruction PC (0x40100b=>0x40100f).(0=>1) [sn:50].
  69000: memdepentry: Memory dependency entry deleted. memdep_count=25 (0x40100b=>0x40100f).(0=>1)
  69000: system.cpu.iq: Completing mem instruction PC: (0x40100b=>0x40100f).(0=>1) [sn:50]
  69000: system.cpu.iq: Waking any dependents on register 42 (integer).
  69000: system.cpu.iew: Setting Destination Register 42 (integer)
  69000: system.cpu.scoreboard: Setting reg 42 (integer) as ready
  69000: system.cpu.iq: Attempting to schedule ready instructions from the IQ.
  69000: system.cpu.iq: Not able to schedule any instructions.
  69000: system.cpu.iew.lsq: [tid:0] Writing back stores. 1 stores available for Writeback.
  69000: system.cpu.iew.lsq.thread0: D-Cache: Writing back store idx:1 PC:(0x401004=>0x40100b).(1=>2) to Addr:0x2e28, data:0xef [sn:40]
  69000: system.cpu.iew.lsq.thread0: Memory request (pkt: WriteReq [2e28:2e2b]) from inst [sn:40] was sent (cache is blocked: 0, cache_got_blocked: 0)
  69000: system.cpu.iew: Processing [tid:0]
  69000: system.cpu.iew.lsq.thread0: LQ size: 192, #loads occupied: 14
  69000: system.cpu.iew.lsq.thread0: SQ size: 114, #stores occupied: 13
  69000: system.cpu.iew: [tid:0], Dispatch dispatched 6 instructions.
  69000: system.cpu.iew.lsq.thread0: SQ size: 114, #stores occupied: 13
  69000: system.cpu.iew.lsq.thread0: LQ size: 192, #loads occupied: 14
  69000: system.cpu.iew: IQ has 166 free entries (Can schedule: 0).  LQ has 178 free entries. SQ has 101 free entries.
  69000: system.cpu.iew: IEW switching to idle
  69000: system.cpu.iew: Deactivating stage.
  69000: system.cpu: Activity: 12
  69000: system.cpu.iew: Activity this cycle.
  69000: system.cpu.commit: Getting instructions from Rename stage.
  69000: system.cpu.commit: [tid:0] [sn:490] Inserting PC (0x401037=>0x401039).(2=>3) into ROB.
  69000: system.cpu.rob: Adding inst PC (0x401037=>0x401039).(2=>3) to the ROB.
  69000: system.cpu.rob: [tid:0] Now has 45 instructions.
  69000: system.cpu.commit: [tid:0] [sn:500] Inserting PC (0x401039=>0x40103b).(0=>1) into ROB.
  69000: system.cpu.rob: Adding inst PC (0x401039=>0x40103b).(0=>1) to the ROB.
  69000: system.cpu.rob: [tid:0] Now has 46 instructions.
  69000: system.cpu.commit: [tid:0] [sn:510] Inserting PC (0x401039=>0x40103b).(1=>2) into ROB.
  69000: system.cpu.rob: Adding inst PC (0x401039=>0x40103b).(1=>2) to the ROB.
  69000: system.cpu.rob: [tid:0] Now has 47 instructions.
  69000: system.cpu.commit: [tid:0] [sn:520] Inserting PC (0x401039=>0x40103b).(2=>3) into ROB.
  69000: system.cpu.rob: Adding inst PC (0x401039=>0x40103b).(2=>3) to the ROB.
  69000: system.cpu.rob: [tid:0] Now has 48 instructions.
  69000: system.cpu.commit: [tid:0] [sn:530] Inserting PC (0x40103b=>0x40103d).(0=>1) into ROB.
  69000: system.cpu.rob: Adding inst PC (0x40103b=>0x40103d).(0=>1) to the ROB.
  69000: system.cpu.rob: [tid:0] Now has 49 instructions.
  69000: system.cpu.commit: [tid:0] [sn:540] Inserting PC (0x40103b=>0x40103d).(1=>2) into ROB.
  69000: system.cpu.rob: Adding inst PC (0x40103b=>0x40103d).(1=>2) to the ROB.
  69000: system.cpu.rob: [tid:0] Now has 50 instructions.
  69000: system.cpu.commit: Trying to commit instructions in the ROB.
  69000: system.cpu.commit: [tid:0] Can't commit, Instruction [sn:50] PC (0x40100b=>0x40100f).(0=>1) is head of ROB and not ready
  69000: system.cpu.commit: [tid:0] ROB has 50 insts & 462 free entries.
  69000: system.cpu.commit: Activity This Cycle.
  69000: system.cpu: Scheduling next tick!
  70000: system.cpu: 

O3CPU: Ticking main, O3CPU.
  70000: system.cpu.fetch: Running stage.
  70000: system.cpu.fetch: There are no more threads available to fetch from.
  70000: system.cpu.fetch: [tid:0] Fetch is waiting cache response!
  70000: system.cpu.decode: Processing [tid:0]
  70000: system.cpu.decode: [tid:0] Bypass moves from Rename: 0
  70000: system.cpu.decode: [tid:0] Not blocked, so attempting to run stage.
  70000: system.cpu.decode: [tid:0] Nothing to do, breaking out early.
  70000: system.cpu.rename: Processing [tid:0]
  70000: system.cpu.rename: [tid:0] Free IQ: 166, Free ROB: 462, Free LQ: 178, Free SQ: 101, FreeRM 63(436 464 511 1022 63 8 2519)
  70000: system.cpu.rename: [tid:0] 16 instructions not yet in ROB
  70000: system.cpu.rename: calcFreeLQEntries: free lqEntries: 178, loadsInProgress: 5, loads dispatchedToLQ: 2
  70000: system.cpu.rename: [tid:0] Not blocked, so attempting to run stage.
  70000: system.cpu.rename: [tid:0] Nothing to do, breaking out early.
  70000: system.cpu.iew: Issue: Processing [tid:0]
  70000: system.cpu.iew: [tid:0] Not blocked, so attempting to run dispatch.
  70000: system.cpu.iew: [tid:0] Issue: Adding PC (0x401037=>0x401039).(2=>3) [sn:490] [tid:0] to IQ.
  70000: system.cpu.iew: [tid:0] Issue: Memory instruction encountered, adding to LSQ.
  70000: system.cpu.iew.lsq.thread0: Inserting store PC (0x401037=>0x401039).(2=>3), idx:13 [sn:490]
  70000: system.cpu.iq: Adding instruction [sn:490] PC (0x401037=>0x401039).(2=>3) to the IQ.
  70000: system.cpu.iq: Instruction PC (0x401037=>0x401039).(2=>3) has src reg 72 (integer) that is being added to the dependency chain.
  70000: memdepentry: Memory dependency entry created. memdep_count=26 (0x401037=>0x401039).(2=>3)
  70000: system.cpu.memDep0: No dependency for inst PC (0x401037=>0x401039).(2=>3) [sn:490].
  70000: system.cpu.memDep0: Inserting store/atomic PC (0x401037=>0x401039).(2=>3) [sn:490].
  70000: system.cpu.iew: [tid:0] Issue: Adding PC (0x401039=>0x40103b).(0=>1) [sn:500] [tid:0] to IQ.
  70000: system.cpu.iew: [tid:0] Issue: Memory instruction encountered, adding to LSQ.
  70000: system.cpu.iew.lsq.thread0: Inserting load PC (0x401039=>0x40103b).(0=>1), idx:14 [sn:500]
  70000: system.cpu.iq: Adding instruction [sn:500] PC (0x401039=>0x40103b).(0=>1) to the IQ.
  70000: system.cpu.iq: Instruction PC (0x401039=>0x40103b).(0=>1) has src reg 72 (integer) that is being added to the dependency chain.
  70000: memdepentry: Memory dependency entry created. memdep_count=27 (0x401039=>0x40103b).(0=>1)
  70000: system.cpu.memDep0: No dependency for inst PC (0x401039=>0x40103b).(0=>1) [sn:500].
  70000: system.cpu.iew: [tid:0] Issue: Adding PC (0x401039=>0x40103b).(1=>2) [sn:510] [tid:0] to IQ.
  70000: system.cpu.iq: Adding instruction [sn:510] PC (0x401039=>0x40103b).(1=>2) to the IQ.
  70000: system.cpu.iq: Instruction PC (0x401039=>0x40103b).(1=>2) has src reg 73 (integer) that is being added to the dependency chain.
  70000: system.cpu.iq: Instruction PC (0x401039=>0x40103b).(1=>2) has src reg 73 (integer) that is being added to the dependency chain.
  70000: system.cpu.iew: [tid:0] Issue: Adding PC (0x401039=>0x40103b).(2=>3) [sn:520] [tid:0] to IQ.
  70000: system.cpu.iew: [tid:0] Issue: Memory instruction encountered, adding to LSQ.
  70000: system.cpu.iew.lsq.thread0: Inserting store PC (0x401039=>0x40103b).(2=>3), idx:14 [sn:520]
  70000: system.cpu.iq: Adding instruction [sn:520] PC (0x401039=>0x40103b).(2=>3) to the IQ.
  70000: system.cpu.iq: Instruction PC (0x401039=>0x40103b).(2=>3) has src reg 74 (integer) that is being added to the dependency chain.
  70000: memdepentry: Memory dependency entry created. memdep_count=28 (0x401039=>0x40103b).(2=>3)
  70000: system.cpu.memDep0: No dependency for inst PC (0x401039=>0x40103b).(2=>3) [sn:520].
  70000: system.cpu.memDep0: Inserting store/atomic PC (0x401039=>0x40103b).(2=>3) [sn:520].
  70000: system.cpu.iew: [tid:0] Issue: Adding PC (0x40103b=>0x40103d).(0=>1) [sn:530] [tid:0] to IQ.
  70000: system.cpu.iew: [tid:0] Issue: Memory instruction encountered, adding to LSQ.
  70000: system.cpu.iew.lsq.thread0: Inserting load PC (0x40103b=>0x40103d).(0=>1), idx:15 [sn:530]
  70000: system.cpu.iq: Adding instruction [sn:530] PC (0x40103b=>0x40103d).(0=>1) to the IQ.
  70000: system.cpu.iq: Instruction PC (0x40103b=>0x40103d).(0=>1) has src reg 74 (integer) that is being added to the dependency chain.
  70000: memdepentry: Memory dependency entry created. memdep_count=29 (0x40103b=>0x40103d).(0=>1)
  70000: system.cpu.memDep0: No dependency for inst PC (0x40103b=>0x40103d).(0=>1) [sn:530].
  70000: system.cpu.iew: [tid:0] Issue: Adding PC (0x40103b=>0x40103d).(1=>2) [sn:540] [tid:0] to IQ.
  70000: system.cpu.iq: Adding instruction [sn:540] PC (0x40103b=>0x40103d).(1=>2) to the IQ.
  70000: system.cpu.iq: Instruction PC (0x40103b=>0x40103d).(1=>2) has src reg 75 (integer) that is being added to the dependency chain.
  70000: system.cpu.iq: Instruction PC (0x40103b=>0x40103d).(1=>2) has src reg 75 (integer) that is being added to the dependency chain.
  70000: system.cpu.iq: Attempting to schedule ready instructions from the IQ.
  70000: system.cpu.iq: Not able to schedule any instructions.
  70000: system.cpu.iew.lsq: [tid:0] Writing back stores. 1 stores available for Writeback.
  70000: system.cpu.iew: Processing [tid:0]
  70000: system.cpu.iew: [tid:0], Dispatch dispatched 6 instructions.
  70000: system.cpu.iew.lsq.thread0: SQ size: 114, #stores occupied: 15
  70000: system.cpu.iew.lsq.thread0: LQ size: 192, #loads occupied: 16
  70000: system.cpu.iew: IQ has 160 free entries (Can schedule: 0).  LQ has 176 free entries. SQ has 99 free entries.
  70000: system.cpu.commit: Getting instructions from Rename stage.
  70000: system.cpu.commit: [tid:0] [sn:550] Inserting PC (0x40103b=>0x40103d).(2=>3) into ROB.
  70000: system.cpu.rob: Adding inst PC (0x40103b=>0x40103d).(2=>3) to the ROB.
  70000: system.cpu.rob: [tid:0] Now has 51 instructions.
  70000: system.cpu.commit: [tid:0] [sn:560] Inserting PC (0x40103d=>0x40103f).(0=>1) into ROB.
  70000: system.cpu.rob: Adding inst PC (0x40103d=>0x40103f).(0=>1) to the ROB.
  70000: system.cpu.rob: [tid:0] Now has 52 instructions.
  70000: system.cpu.commit: [tid:0] [sn:570] Inserting PC (0x40103d=>0x40103f).(1=>2) into ROB.
  70000: system.cpu.rob: Adding inst PC (0x40103d=>0x40103f).(1=>2) to the ROB.
  70000: system.cpu.rob: [tid:0] Now has 53 instructions.
  70000: system.cpu.commit: [tid:0] [sn:580] Inserting PC (0x40103d=>0x40103f).(2=>3) into ROB.
  70000: system.cpu.rob: Adding inst PC (0x40103d=>0x40103f).(2=>3) to the ROB.
  70000: system.cpu.rob: [tid:0] Now has 54 instructions.
  70000: system.cpu.commit: Trying to commit instructions in the ROB.
  70000: system.cpu.commit: [tid:0] Marking PC (0x40100b=>0x40100f).(0=>1), [sn:50] ready within ROB.
  70000: system.cpu.commit: [tid:0] Instruction [sn:50] PC (0x40100b=>0x40100f).(0=>1) is head of ROB and ready to commit
  70000: system.cpu.commit: [tid:0] ROB has 54 insts & 458 free entries.
  70000: system.cpu.commit: Activity This Cycle.
  70000: system.cpu: Activity: 13
  70000: system.cpu.commit: Activating stage.
  70000: system.cpu: Activity: 14
  70000: system.cpu: Scheduling next tick!
  71000: system.cpu: 

O3CPU: Ticking main, O3CPU.
  71000: system.cpu.fetch: Running stage.
  71000: system.cpu.fetch: There are no more threads available to fetch from.
  71000: system.cpu.fetch: [tid:0] Fetch is waiting cache response!
  71000: system.cpu.decode: Processing [tid:0]
  71000: system.cpu.decode: [tid:0] Bypass moves from Rename: 0
  71000: system.cpu.decode: [tid:0] Not blocked, so attempting to run stage.
  71000: system.cpu.decode: [tid:0] Nothing to do, breaking out early.
  71000: system.cpu.rename: Processing [tid:0]
  71000: system.cpu.rename: [tid:0] Free IQ: 166, Free ROB: 458, Free LQ: 178, Free SQ: 101, FreeRM 63(436 464 511 1022 63 8 2519)
  71000: system.cpu.rename: [tid:0] 10 instructions not yet in ROB
  71000: system.cpu.rename: calcFreeLQEntries: free lqEntries: 178, loadsInProgress: 3, loads dispatchedToLQ: 2
  71000: system.cpu.rename: [tid:0] Not blocked, so attempting to run stage.
  71000: system.cpu.rename: [tid:0] Nothing to do, breaking out early.
  71000: system.cpu.iew: Issue: Processing [tid:0]
  71000: system.cpu.iew: [tid:0] Not blocked, so attempting to run dispatch.
  71000: system.cpu.iew: [tid:0] Issue: Adding PC (0x40103b=>0x40103d).(2=>3) [sn:550] [tid:0] to IQ.
  71000: system.cpu.iew: [tid:0] Issue: Memory instruction encountered, adding to LSQ.
  71000: system.cpu.iew.lsq.thread0: Inserting store PC (0x40103b=>0x40103d).(2=>3), idx:15 [sn:550]
  71000: system.cpu.iq: Adding instruction [sn:550] PC (0x40103b=>0x40103d).(2=>3) to the IQ.
  71000: system.cpu.iq: Instruction PC (0x40103b=>0x40103d).(2=>3) has src reg 76 (integer) that is being added to the dependency chain.
  71000: memdepentry: Memory dependency entry created. memdep_count=30 (0x40103b=>0x40103d).(2=>3)
  71000: system.cpu.memDep0: No dependency for inst PC (0x40103b=>0x40103d).(2=>3) [sn:550].
  71000: system.cpu.memDep0: Inserting store/atomic PC (0x40103b=>0x40103d).(2=>3) [sn:550].
  71000: system.cpu.iew: [tid:0] Issue: Adding PC (0x40103d=>0x40103f).(0=>1) [sn:560] [tid:0] to IQ.
  71000: system.cpu.iew: [tid:0] Issue: Memory instruction encountered, adding to LSQ.
  71000: system.cpu.iew.lsq.thread0: Inserting load PC (0x40103d=>0x40103f).(0=>1), idx:16 [sn:560]
  71000: system.cpu.iq: Adding instruction [sn:560] PC (0x40103d=>0x40103f).(0=>1) to the IQ.
  71000: system.cpu.iq: Instruction PC (0x40103d=>0x40103f).(0=>1) has src reg 76 (integer) that is being added to the dependency chain.
  71000: memdepentry: Memory dependency entry created. memdep_count=31 (0x40103d=>0x40103f).(0=>1)
  71000: system.cpu.memDep0: No dependency for inst PC (0x40103d=>0x40103f).(0=>1) [sn:560].
  71000: system.cpu.iew: [tid:0] Issue: Adding PC (0x40103d=>0x40103f).(1=>2) [sn:570] [tid:0] to IQ.
  71000: system.cpu.iq: Adding instruction [sn:570] PC (0x40103d=>0x40103f).(1=>2) to the IQ.
  71000: system.cpu.iq: Instruction PC (0x40103d=>0x40103f).(1=>2) has src reg 77 (integer) that is being added to the dependency chain.
  71000: system.cpu.iq: Instruction PC (0x40103d=>0x40103f).(1=>2) has src reg 77 (integer) that is being added to the dependency chain.
  71000: system.cpu.iew: [tid:0] Issue: Adding PC (0x40103d=>0x40103f).(2=>3) [sn:580] [tid:0] to IQ.
  71000: system.cpu.iew: [tid:0] Issue: Memory instruction encountered, adding to LSQ.
  71000: system.cpu.iew.lsq.thread0: Inserting store PC (0x40103d=>0x40103f).(2=>3), idx:16 [sn:580]
  71000: system.cpu.iq: Adding instruction [sn:580] PC (0x40103d=>0x40103f).(2=>3) to the IQ.
  71000: system.cpu.iq: Instruction PC (0x40103d=>0x40103f).(2=>3) has src reg 78 (integer) that is being added to the dependency chain.
  71000: memdepentry: Memory dependency entry created. memdep_count=32 (0x40103d=>0x40103f).(2=>3)
  71000: system.cpu.memDep0: No dependency for inst PC (0x40103d=>0x40103f).(2=>3) [sn:580].
  71000: system.cpu.memDep0: Inserting store/atomic PC (0x40103d=>0x40103f).(2=>3) [sn:580].
  71000: system.cpu.iq: Attempting to schedule ready instructions from the IQ.
  71000: system.cpu.iq: Not able to schedule any instructions.
  71000: system.cpu.iew.lsq: [tid:0] Writing back stores. 1 stores available for Writeback.
  71000: system.cpu.iew: Processing [tid:0]
  71000: system.cpu.iew: [tid:0], Dispatch dispatched 4 instructions.
  71000: system.cpu.iew.lsq.thread0: SQ size: 114, #stores occupied: 17
  71000: system.cpu.iew.lsq.thread0: LQ size: 192, #loads occupied: 17
  71000: system.cpu.iew: IQ has 156 free entries (Can schedule: 0).  LQ has 175 free entries. SQ has 97 free entries.
  71000: system.cpu.commit: Getting instructions from Rename stage.
  71000: system.cpu.commit: Trying to commit instructions in the ROB.
  71000: system.cpu.commit: Trying to commit head instruction, [tid:0] [sn:50]
  71000: system.cpu.commit: [tid:0] [sn:50] Committing instruction with PC (0x40100b=>0x40100f).(0=>1)
  71000: system.cpu.rob: [tid:0] Retiring head instruction, instruction PC (0x40100b=>0x40100f).(0=>1), [sn:50]
  71000: system.cpu: Removing committed instruction [tid:0] PC (0x40100b=>0x40100f).(0=>1) [sn:50]
  71000: system.cpu.memDep0: Committing instruction PC 0x40100b [sn:50].
  71000: system.cpu.commit: Trying to commit head instruction, [tid:0] [sn:60]
  71000: system.cpu.commit: [tid:0] [sn:60] Committing instruction with PC (0x40100f=>0x401013).(0=>1)
  71000: system.cpu.rob: [tid:0] Retiring head instruction, instruction PC (0x40100f=>0x401013).(0=>1), [sn:60]
  71000: system.cpu: Removing committed instruction [tid:0] PC (0x40100f=>0x401013).(0=>1) [sn:60]
  71000: system.cpu.commit: Trying to commit head instruction, [tid:0] [sn:70]
  71000: system.cpu.commit: [tid:0] [sn:70] Committing instruction with PC (0x40100f=>0x401013).(1=>2)
  71000: system.cpu.rob: [tid:0] Retiring head instruction, instruction PC (0x40100f=>0x401013).(1=>2), [sn:70]
  71000: system.cpu: Removing committed instruction [tid:0] PC (0x40100f=>0x401013).(1=>2) [sn:70]
  71000: system.cpu.commit: Trying to commit head instruction, [tid:0] [sn:80]
  71000: system.cpu.commit: [tid:0] [sn:80] Committing instruction with PC (0x401013=>0x40101a).(0=>1)
  71000: system.cpu.rob: [tid:0] Retiring head instruction, instruction PC (0x401013=>0x40101a).(0=>1), [sn:80]
  71000: system.cpu: Removing committed instruction [tid:0] PC (0x401013=>0x40101a).(0=>1) [sn:80]
  71000: system.cpu.commit: Trying to commit head instruction, [tid:0] [sn:90]
  71000: system.cpu.commit: [tid:0] [sn:90] Committing instruction with PC (0x40101a=>0x40101d).(0=>1)
  71000: system.cpu.rob: [tid:0] Retiring head instruction, instruction PC (0x40101a=>0x40101d).(0=>1), [sn:90]
  71000: system.cpu: Removing committed instruction [tid:0] PC (0x40101a=>0x40101d).(0=>1) [sn:90]
  71000: system.cpu.commit: Trying to commit head instruction, [tid:0] [sn:100]
  71000: system.cpu.commit: Inst [tid:0] [sn:100] PC (0x40101d=>0x40101f).(0=>1) has a fault
  71000: system.cpu.commit: [tid:0] [sn:100] Stores outstanding, fault must wait.
  71000: system.cpu.commit: Unable to commit head instruction PC:(0x40101d=>0x40101f).(0=>1) [tid:0] [sn:100].
  71000: system.cpu.commit: [tid:0] Instruction [sn:100] PC (0x40101d=>0x40101f).(0=>1) is head of ROB and ready to commit
  71000: system.cpu.commit: [tid:0] ROB has 49 insts & 463 free entries.
  71000: system.cpu.commit: Activity This Cycle.
  71000: system.cpu: Activity: 15
  71000: system.cpu: Removing instruction, [tid:0] [sn:50] PC (0x40100b=>0x40100f).(0=>1)
  71000: system.cpu: Removing instruction, [tid:0] [sn:60] PC (0x40100f=>0x401013).(0=>1)
  71000: system.cpu: Removing instruction, [tid:0] [sn:70] PC (0x40100f=>0x401013).(1=>2)
  71000: system.cpu: Removing instruction, [tid:0] [sn:80] PC (0x401013=>0x40101a).(0=>1)
  71000: system.cpu: Removing instruction, [tid:0] [sn:90] PC (0x40101a=>0x40101d).(0=>1)
  71000: system.cpu: Scheduling next tick!
  72000: system.cpu: 

O3CPU: Ticking main, O3CPU.
  72000: system.cpu.fetch: Running stage.
  72000: system.cpu.fetch: There are no more threads available to fetch from.
  72000: system.cpu.fetch: [tid:0] Fetch is waiting cache response!
  72000: system.cpu.decode: Processing [tid:0]
  72000: system.cpu.decode: [tid:0] Bypass moves from Rename: 0
  72000: system.cpu.decode: [tid:0] Not blocked, so attempting to run stage.
  72000: system.cpu.decode: [tid:0] Nothing to do, breaking out early.
  72000: system.cpu.rename: Processing [tid:0]
  72000: system.cpu.rename: [tid:0] Free IQ: 166, Free ROB: 463, Free LQ: 178, Free SQ: 101, FreeRM 63(436 464 511 1022 63 8 2519)
  72000: system.cpu.rename: [tid:0] 4 instructions not yet in ROB
  72000: system.cpu.rename: calcFreeLQEntries: free lqEntries: 178, loadsInProgress: 1, loads dispatchedToLQ: 1
  72000: system.cpu.rename: [tid:0] Not blocked, so attempting to run stage.
  72000: system.cpu.rename: [tid:0] Nothing to do, breaking out early.
  72000: system.cpu.rename: [tid:0] Removing a committed instruction from the history buffer 0 (size=127), until [sn:90].
  72000: system.cpu.rename: [tid:0] Freeing up older rename of reg 3 (integer), [sn:50].
  72000: system.cpu.rename: [tid:0] Freeing up older rename of reg 41 (integer), [sn:60].
  72000: system.cpu.rename: [tid:0] Freeing up older rename of reg 40 (integer), [sn:70].
  72000: system.cpu.rename: [tid:0] Freeing up older rename of reg 5 (condition_code), [sn:70].
  72000: system.cpu.rename: [tid:0] Freeing up older rename of reg 6 (condition_code), [sn:70].
  72000: system.cpu.rename: [tid:0] Freeing up older rename of reg 4294967295 (invalid), [sn:70].
  72000: system.cpu.rename: [tid:0] Freeing up older rename of reg 4294967295 (invalid), [sn:70].
  72000: system.cpu.rename: [tid:0] Freeing up older rename of reg 4294967295 (invalid), [sn:70].
  72000: system.cpu.rename: [tid:0] Freeing up older rename of reg 0 (integer), [sn:80].
  72000: system.cpu.rename: [tid:0] Freeing up older rename of reg 7 (integer), [sn:90].
  72000: system.cpu.rename: [tid:0] Freeing up older rename of reg 7 (condition_code), [sn:90].
  72000: system.cpu.rename: [tid:0] Freeing up older rename of reg 8 (condition_code), [sn:90].
  72000: system.cpu.rename: [tid:0] Freeing up older rename of reg 4294967295 (invalid), [sn:90].
  72000: system.cpu.rename: [tid:0] Freeing up older rename of reg 4294967295 (invalid), [sn:90].
  72000: system.cpu.rename: [tid:0] Freeing up older rename of reg 4294967295 (invalid), [sn:90].
  72000: system.cpu.iew: Issue: Processing [tid:0]
  72000: system.cpu.iew: [tid:0] Not blocked, so attempting to run dispatch.
  72000: system.cpu.iq: Attempting to schedule ready instructions from the IQ.
  72000: system.cpu.iq: Not able to schedule any instructions.
  72000: system.cpu.iew.lsq: [tid:0] Writing back stores. 1 stores available for Writeback.
  72000: system.cpu.iew: Processing [tid:0]
  72000: system.cpu.iew.lsq.thread0: Committing head load instruction, PC (0x40100b=>0x40100f).(0=>1)
  72000: system.cpu.iq: [tid:0] Committing instructions older than [sn:90]
  72000: system.cpu.iew: [tid:0], Dispatch dispatched 0 instructions.
  72000: system.cpu.iew.lsq.thread0: SQ size: 114, #stores occupied: 17
  72000: system.cpu.iew.lsq.thread0: LQ size: 192, #loads occupied: 16
  72000: system.cpu.iew: IQ has 156 free entries (Can schedule: 0).  LQ has 176 free entries. SQ has 97 free entries.
  72000: system.cpu.commit: Getting instructions from Rename stage.
  72000: system.cpu.commit: Trying to commit instructions in the ROB.
  72000: system.cpu.commit: Trying to commit head instruction, [tid:0] [sn:100]
  72000: system.cpu.commit: Inst [tid:0] [sn:100] PC (0x40101d=>0x40101f).(0=>1) has a fault
  72000: system.cpu.commit: [tid:0] [sn:100] Stores outstanding, fault must wait.
  72000: system.cpu.commit: Unable to commit head instruction PC:(0x40101d=>0x40101f).(0=>1) [tid:0] [sn:100].
  72000: system.cpu.commit: [tid:0] Instruction [sn:100] PC (0x40101d=>0x40101f).(0=>1) is head of ROB and ready to commit
  72000: system.cpu.commit: [tid:0] ROB has 49 insts & 463 free entries.
  72000: system.cpu: Scheduling next tick!
  73000: system.cpu: 

O3CPU: Ticking main, O3CPU.
  73000: system.cpu.fetch: Running stage.
  73000: system.cpu.fetch: There are no more threads available to fetch from.
  73000: system.cpu.fetch: [tid:0] Fetch is waiting cache response!
  73000: system.cpu.decode: Processing [tid:0]
  73000: system.cpu.decode: [tid:0] Bypass moves from Rename: 0
  73000: system.cpu.decode: [tid:0] Not blocked, so attempting to run stage.
  73000: system.cpu.decode: [tid:0] Nothing to do, breaking out early.
  73000: system.cpu.rename: Processing [tid:0]
  73000: system.cpu.rename: [tid:0] Free IQ: 166, Free ROB: 463, Free LQ: 178, Free SQ: 101, FreeRM 63(441 464 511 1022 63 8 2523)
  73000: system.cpu.rename: [tid:0] 0 instructions not yet in ROB
  73000: system.cpu.rename: calcFreeLQEntries: free lqEntries: 178, loadsInProgress: 0, loads dispatchedToLQ: 0
  73000: system.cpu.rename: [tid:0] Not blocked, so attempting to run stage.
  73000: system.cpu.rename: [tid:0] Nothing to do, breaking out early.
  73000: system.cpu.iew: Issue: Processing [tid:0]
  73000: system.cpu.iew: [tid:0] Not blocked, so attempting to run dispatch.
  73000: system.cpu.iq: Attempting to schedule ready instructions from the IQ.
  73000: system.cpu.iq: Not able to schedule any instructions.
  73000: system.cpu.iew.lsq: [tid:0] Writing back stores. 1 stores available for Writeback.
  73000: system.cpu.iew: Processing [tid:0]
  73000: system.cpu.iew.lsq.thread0: LQ size: 192, #loads occupied: 16
  73000: system.cpu.iew.lsq.thread0: SQ size: 114, #stores occupied: 17
  73000: system.cpu.iew: [tid:0], Dispatch dispatched 0 instructions.
  73000: system.cpu.iew.lsq.thread0: SQ size: 114, #stores occupied: 17
  73000: system.cpu.iew.lsq.thread0: LQ size: 192, #loads occupied: 16
  73000: system.cpu.iew: IQ has 156 free entries (Can schedule: 0).  LQ has 176 free entries. SQ has 97 free entries.
  73000: system.cpu.iew: Activity this cycle.
  73000: system.cpu: Activity: 16
  73000: system.cpu.commit: Getting instructions from Rename stage.
  73000: system.cpu.commit: Trying to commit instructions in the ROB.
  73000: system.cpu.commit: Trying to commit head instruction, [tid:0] [sn:100]
  73000: system.cpu.commit: Inst [tid:0] [sn:100] PC (0x40101d=>0x40101f).(0=>1) has a fault
  73000: system.cpu.commit: [tid:0] [sn:100] Stores outstanding, fault must wait.
  73000: system.cpu.commit: Unable to commit head instruction PC:(0x40101d=>0x40101f).(0=>1) [tid:0] [sn:100].
  73000: system.cpu.commit: [tid:0] Instruction [sn:100] PC (0x40101d=>0x40101f).(0=>1) is head of ROB and ready to commit
  73000: system.cpu.commit: [tid:0] ROB has 49 insts & 463 free entries.
  73000: system.cpu: Scheduling next tick!
  74000: system.cpu: 

O3CPU: Ticking main, O3CPU.
  74000: system.cpu.fetch: Running stage.
  74000: system.cpu.fetch: There are no more threads available to fetch from.
  74000: system.cpu.fetch: [tid:0] Fetch is waiting cache response!
  74000: system.cpu.decode: Processing [tid:0]
  74000: system.cpu.decode: [tid:0] Bypass moves from Rename: 0
  74000: system.cpu.decode: [tid:0] Not blocked, so attempting to run stage.
  74000: system.cpu.decode: [tid:0] Nothing to do, breaking out early.
  74000: system.cpu.rename: Processing [tid:0]
  74000: system.cpu.rename: [tid:0] Free IQ: 156, Free ROB: 463, Free LQ: 176, Free SQ: 97, FreeRM 63(441 464 511 1022 63 8 2523)
  74000: system.cpu.rename: [tid:0] 0 instructions not yet in ROB
  74000: system.cpu.rename: calcFreeLQEntries: free lqEntries: 176, loadsInProgress: 0, loads dispatchedToLQ: 0
  74000: system.cpu.rename: [tid:0] Not blocked, so attempting to run stage.
  74000: system.cpu.rename: [tid:0] Nothing to do, breaking out early.
  74000: system.cpu.iew: Issue: Processing [tid:0]
  74000: system.cpu.iew: [tid:0] Not blocked, so attempting to run dispatch.
  74000: system.cpu.iq: Attempting to schedule ready instructions from the IQ.
  74000: system.cpu.iq: Not able to schedule any instructions.
  74000: system.cpu.iew.lsq: [tid:0] Writing back stores. 1 stores available for Writeback.
  74000: system.cpu.iew: Processing [tid:0]
  74000: system.cpu.iew: [tid:0], Dispatch dispatched 0 instructions.
  74000: system.cpu.iew.lsq.thread0: SQ size: 114, #stores occupied: 17
  74000: system.cpu.iew.lsq.thread0: LQ size: 192, #loads occupied: 16
  74000: system.cpu.iew: IQ has 156 free entries (Can schedule: 0).  LQ has 176 free entries. SQ has 97 free entries.
  74000: system.cpu.commit: Getting instructions from Rename stage.
  74000: system.cpu.commit: Trying to commit instructions in the ROB.
  74000: system.cpu.commit: Trying to commit head instruction, [tid:0] [sn:100]
  74000: system.cpu.commit: Inst [tid:0] [sn:100] PC (0x40101d=>0x40101f).(0=>1) has a fault
  74000: system.cpu.commit: [tid:0] [sn:100] Stores outstanding, fault must wait.
  74000: system.cpu.commit: Unable to commit head instruction PC:(0x40101d=>0x40101f).(0=>1) [tid:0] [sn:100].
  74000: system.cpu.commit: [tid:0] Instruction [sn:100] PC (0x40101d=>0x40101f).(0=>1) is head of ROB and ready to commit
  74000: system.cpu.commit: [tid:0] ROB has 49 insts & 463 free entries.
  74000: system.cpu: Scheduling next tick!
  75000: system.cpu: 

O3CPU: Ticking main, O3CPU.
  75000: system.cpu.fetch: Running stage.
  75000: system.cpu.fetch: There are no more threads available to fetch from.
  75000: system.cpu.fetch: [tid:0] Fetch is waiting cache response!
  75000: system.cpu.decode: Processing [tid:0]
  75000: system.cpu.decode: [tid:0] Bypass moves from Rename: 0
  75000: system.cpu.decode: [tid:0] Not blocked, so attempting to run stage.
  75000: system.cpu.decode: [tid:0] Nothing to do, breaking out early.
  75000: system.cpu.rename: Processing [tid:0]
  75000: system.cpu.rename: [tid:0] Free IQ: 156, Free ROB: 463, Free LQ: 176, Free SQ: 97, FreeRM 63(441 464 511 1022 63 8 2523)
  75000: system.cpu.rename: [tid:0] 0 instructions not yet in ROB
  75000: system.cpu.rename: calcFreeLQEntries: free lqEntries: 176, loadsInProgress: 0, loads dispatchedToLQ: 0
  75000: system.cpu.rename: [tid:0] Not blocked, so attempting to run stage.
  75000: system.cpu.rename: [tid:0] Nothing to do, breaking out early.
  75000: system.cpu.iew: Issue: Processing [tid:0]
  75000: system.cpu.iew: [tid:0] Not blocked, so attempting to run dispatch.
  75000: system.cpu.iq: Attempting to schedule ready instructions from the IQ.
  75000: system.cpu.iq: Not able to schedule any instructions.
  75000: system.cpu.iew.lsq: [tid:0] Writing back stores. 1 stores available for Writeback.
  75000: system.cpu.iew: Processing [tid:0]
  75000: system.cpu.iew: [tid:0], Dispatch dispatched 0 instructions.
  75000: system.cpu.iew.lsq.thread0: SQ size: 114, #stores occupied: 17
  75000: system.cpu.iew.lsq.thread0: LQ size: 192, #loads occupied: 16
  75000: system.cpu.iew: IQ has 156 free entries (Can schedule: 0).  LQ has 176 free entries. SQ has 97 free entries.
  75000: system.cpu.commit: Getting instructions from Rename stage.
  75000: system.cpu.commit: Trying to commit instructions in the ROB.
  75000: system.cpu.commit: Trying to commit head instruction, [tid:0] [sn:100]
  75000: system.cpu.commit: Inst [tid:0] [sn:100] PC (0x40101d=>0x40101f).(0=>1) has a fault
  75000: system.cpu.commit: [tid:0] [sn:100] Stores outstanding, fault must wait.
  75000: system.cpu.commit: Unable to commit head instruction PC:(0x40101d=>0x40101f).(0=>1) [tid:0] [sn:100].
  75000: system.cpu.commit: [tid:0] Instruction [sn:100] PC (0x40101d=>0x40101f).(0=>1) is head of ROB and ready to commit
  75000: system.cpu.commit: [tid:0] ROB has 49 insts & 463 free entries.
O3PipeView:fetch:58000:0x0040100f:0:60:  ADD_R_I : limm   t1, 0x8
O3PipeView:decode:59000
O3PipeView:rename:60000
O3PipeView:dispatch:62000
O3PipeView:issue:62000
O3PipeView:complete:63000
O3PipeView:retire:71000:store:0
  75000: global: DynInst: [sn:60] Instruction destroyed. Instcount for system.cpu = 57
O3PipeView:fetch:58000:0x00401004:0:30:  MOV_M_I : limm   t1d, 0xffffffffdeadbeef
O3PipeView:decode:59000
O3PipeView:rename:60000
O3PipeView:dispatch:62000
O3PipeView:issue:62000
O3PipeView:complete:63000
O3PipeView:retire:66000:store:0
  75000: global: DynInst: [sn:30] Instruction destroyed. Instcount for system.cpu = 56
O3PipeView:fetch:58000:0x00401000:0:10:  SUB_R_I : limm   t1, 0x8
O3PipeView:decode:59000
O3PipeView:rename:60000
O3PipeView:dispatch:62000
O3PipeView:issue:62000
O3PipeView:complete:63000
O3PipeView:retire:65000:store:0
  75000: global: DynInst: [sn:10] Instruction destroyed. Instcount for system.cpu = 55
  75000: system.cpu: Scheduling next tick!
  76000: system.cpu: 

O3CPU: Ticking main, O3CPU.
  76000: system.cpu.fetch: Running stage.
  76000: system.cpu.fetch: There are no more threads available to fetch from.
  76000: system.cpu.fetch: [tid:0] Fetch is waiting cache response!
  76000: system.cpu.decode: Processing [tid:0]
  76000: system.cpu.decode: [tid:0] Bypass moves from Rename: 0
  76000: system.cpu.decode: [tid:0] Not blocked, so attempting to run stage.
  76000: system.cpu.decode: [tid:0] Nothing to do, breaking out early.
  76000: system.cpu.rename: Processing [tid:0]
  76000: system.cpu.rename: [tid:0] Free IQ: 156, Free ROB: 463, Free LQ: 176, Free SQ: 97, FreeRM 63(441 464 511 1022 63 8 2523)
  76000: system.cpu.rename: [tid:0] 0 instructions not yet in ROB
  76000: system.cpu.rename: calcFreeLQEntries: free lqEntries: 176, loadsInProgress: 0, loads dispatchedToLQ: 0
  76000: system.cpu.rename: [tid:0] Not blocked, so attempting to run stage.
  76000: system.cpu.rename: [tid:0] Nothing to do, breaking out early.
  76000: system.cpu.iew: Issue: Processing [tid:0]
  76000: system.cpu.iew: [tid:0] Not blocked, so attempting to run dispatch.
  76000: system.cpu.iq: Attempting to schedule ready instructions from the IQ.
  76000: system.cpu.iq: Not able to schedule any instructions.
  76000: system.cpu.iew.lsq: [tid:0] Writing back stores. 1 stores available for Writeback.
  76000: system.cpu.iew: Processing [tid:0]
  76000: system.cpu.iew: [tid:0], Dispatch dispatched 0 instructions.
  76000: system.cpu.iew.lsq.thread0: SQ size: 114, #stores occupied: 17
  76000: system.cpu.iew.lsq.thread0: LQ size: 192, #loads occupied: 16
  76000: system.cpu.iew: IQ has 156 free entries (Can schedule: 0).  LQ has 176 free entries. SQ has 97 free entries.
  76000: system.cpu.commit: Getting instructions from Rename stage.
  76000: system.cpu.commit: Trying to commit instructions in the ROB.
  76000: system.cpu.commit: Trying to commit head instruction, [tid:0] [sn:100]
  76000: system.cpu.commit: Inst [tid:0] [sn:100] PC (0x40101d=>0x40101f).(0=>1) has a fault
  76000: system.cpu.commit: [tid:0] [sn:100] Stores outstanding, fault must wait.
  76000: system.cpu.commit: Unable to commit head instruction PC:(0x40101d=>0x40101f).(0=>1) [tid:0] [sn:100].
  76000: system.cpu.commit: [tid:0] Instruction [sn:100] PC (0x40101d=>0x40101f).(0=>1) is head of ROB and ready to commit
  76000: system.cpu.commit: [tid:0] ROB has 49 insts & 463 free entries.
O3PipeView:fetch:59000:0x0040101a:0:90:  XOR_R_R : xor   rdi, rdi, rdi
O3PipeView:decode:60000
O3PipeView:rename:61000
O3PipeView:dispatch:63000
O3PipeView:issue:63000
O3PipeView:complete:64000
O3PipeView:retire:71000:store:0
  76000: global: DynInst: [sn:90] Instruction destroyed. Instcount for system.cpu = 54
O3PipeView:fetch:59000:0x00401013:0:80:  MOV_R_I : limm   rax, 0x3c
O3PipeView:decode:60000
O3PipeView:rename:61000
O3PipeView:dispatch:63000
O3PipeView:issue:63000
O3PipeView:complete:64000
O3PipeView:retire:71000:store:0
  76000: global: DynInst: [sn:80] Instruction destroyed. Instcount for system.cpu = 53
O3PipeView:fetch:58000:0x00401000:1:20:  SUB_R_I : sub   rsp, rsp, t1
O3PipeView:decode:59000
O3PipeView:rename:60000
O3PipeView:dispatch:62000
O3PipeView:issue:63000
O3PipeView:complete:64000
O3PipeView:retire:66000:store:0
  76000: global: DynInst: [sn:20] Instruction destroyed. Instcount for system.cpu = 52
  76000: system.cpu: Scheduling next tick!
  77000: system.cpu: 

O3CPU: Ticking main, O3CPU.
  77000: system.cpu.fetch: Running stage.
  77000: system.cpu.fetch: There are no more threads available to fetch from.
  77000: system.cpu.fetch: [tid:0] Fetch is waiting cache response!
  77000: system.cpu.decode: Processing [tid:0]
  77000: system.cpu.decode: [tid:0] Bypass moves from Rename: 0
  77000: system.cpu.decode: [tid:0] Not blocked, so attempting to run stage.
  77000: system.cpu.decode: [tid:0] Nothing to do, breaking out early.
  77000: system.cpu.rename: Processing [tid:0]
  77000: system.cpu.rename: [tid:0] Free IQ: 156, Free ROB: 463, Free LQ: 176, Free SQ: 97, FreeRM 63(441 464 511 1022 63 8 2523)
  77000: system.cpu.rename: [tid:0] 0 instructions not yet in ROB
  77000: system.cpu.rename: calcFreeLQEntries: free lqEntries: 176, loadsInProgress: 0, loads dispatchedToLQ: 0
  77000: system.cpu.rename: [tid:0] Not blocked, so attempting to run stage.
  77000: system.cpu.rename: [tid:0] Nothing to do, breaking out early.
  77000: system.cpu.iew: Issue: Processing [tid:0]
  77000: system.cpu.iew: [tid:0] Not blocked, so attempting to run dispatch.
  77000: system.cpu.iq: Attempting to schedule ready instructions from the IQ.
  77000: system.cpu.iq: Not able to schedule any instructions.
  77000: system.cpu.iew.lsq: [tid:0] Writing back stores. 1 stores available for Writeback.
  77000: system.cpu.iew: Processing [tid:0]
  77000: system.cpu.iew: [tid:0], Dispatch dispatched 0 instructions.
  77000: system.cpu.iew.lsq.thread0: SQ size: 114, #stores occupied: 17
  77000: system.cpu.iew.lsq.thread0: LQ size: 192, #loads occupied: 16
  77000: system.cpu.iew: IQ has 156 free entries (Can schedule: 0).  LQ has 176 free entries. SQ has 97 free entries.
  77000: system.cpu.commit: Getting instructions from Rename stage.
  77000: system.cpu.commit: Trying to commit instructions in the ROB.
  77000: system.cpu.commit: Trying to commit head instruction, [tid:0] [sn:100]
  77000: system.cpu.commit: Inst [tid:0] [sn:100] PC (0x40101d=>0x40101f).(0=>1) has a fault
  77000: system.cpu.commit: [tid:0] [sn:100] Stores outstanding, fault must wait.
  77000: system.cpu.commit: Unable to commit head instruction PC:(0x40101d=>0x40101f).(0=>1) [tid:0] [sn:100].
  77000: system.cpu.commit: [tid:0] Instruction [sn:100] PC (0x40101d=>0x40101f).(0=>1) is head of ROB and ready to commit
  77000: system.cpu.commit: [tid:0] ROB has 49 insts & 463 free entries.
O3PipeView:fetch:59000:0x0040100f:1:70:  ADD_R_I : add   rsp, rsp, t1
O3PipeView:decode:60000
O3PipeView:rename:61000
O3PipeView:dispatch:63000
O3PipeView:issue:64000
O3PipeView:complete:65000
O3PipeView:retire:71000:store:0
  77000: global: DynInst: [sn:70] Instruction destroyed. Instcount for system.cpu = 51
  77000: system.cpu: Scheduling next tick!
  78000: system.cpu: 

O3CPU: Ticking main, O3CPU.
  78000: system.cpu.fetch: Running stage.
  78000: system.cpu.fetch: There are no more threads available to fetch from.
  78000: system.cpu.fetch: [tid:0] Fetch is waiting cache response!
  78000: system.cpu.decode: Processing [tid:0]
  78000: system.cpu.decode: [tid:0] Bypass moves from Rename: 0
  78000: system.cpu.decode: [tid:0] Not blocked, so attempting to run stage.
  78000: system.cpu.decode: [tid:0] Nothing to do, breaking out early.
  78000: system.cpu.rename: Processing [tid:0]
  78000: system.cpu.rename: [tid:0] Free IQ: 156, Free ROB: 463, Free LQ: 176, Free SQ: 97, FreeRM 63(441 464 511 1022 63 8 2523)
  78000: system.cpu.rename: [tid:0] 0 instructions not yet in ROB
  78000: system.cpu.rename: calcFreeLQEntries: free lqEntries: 176, loadsInProgress: 0, loads dispatchedToLQ: 0
  78000: system.cpu.rename: [tid:0] Not blocked, so attempting to run stage.
  78000: system.cpu.rename: [tid:0] Nothing to do, breaking out early.
  78000: system.cpu.iew: Issue: Processing [tid:0]
  78000: system.cpu.iew: [tid:0] Not blocked, so attempting to run dispatch.
  78000: system.cpu.iq: Attempting to schedule ready instructions from the IQ.
  78000: system.cpu.iq: Not able to schedule any instructions.
  78000: system.cpu.iew.lsq: [tid:0] Writing back stores. 1 stores available for Writeback.
  78000: system.cpu.iew: Processing [tid:0]
  78000: system.cpu.iew: [tid:0], Dispatch dispatched 0 instructions.
  78000: system.cpu.iew.lsq.thread0: SQ size: 114, #stores occupied: 17
  78000: system.cpu.iew.lsq.thread0: LQ size: 192, #loads occupied: 16
  78000: system.cpu.iew: IQ has 156 free entries (Can schedule: 0).  LQ has 176 free entries. SQ has 97 free entries.
  78000: system.cpu.commit: Getting instructions from Rename stage.
  78000: system.cpu.commit: Trying to commit instructions in the ROB.
  78000: system.cpu.commit: Trying to commit head instruction, [tid:0] [sn:100]
  78000: system.cpu.commit: Inst [tid:0] [sn:100] PC (0x40101d=>0x40101f).(0=>1) has a fault
  78000: system.cpu.commit: [tid:0] [sn:100] Stores outstanding, fault must wait.
  78000: system.cpu.commit: Unable to commit head instruction PC:(0x40101d=>0x40101f).(0=>1) [tid:0] [sn:100].
  78000: system.cpu.commit: [tid:0] Instruction [sn:100] PC (0x40101d=>0x40101f).(0=>1) is head of ROB and ready to commit
  78000: system.cpu.commit: [tid:0] ROB has 49 insts & 463 free entries.
  78000: system.cpu: Scheduling next tick!
  79000: system.cpu: 

O3CPU: Ticking main, O3CPU.
  79000: system.cpu.fetch: Running stage.
  79000: system.cpu.fetch: There are no more threads available to fetch from.
  79000: system.cpu.fetch: [tid:0] Fetch is waiting cache response!
  79000: system.cpu.decode: Processing [tid:0]
  79000: system.cpu.decode: [tid:0] Bypass moves from Rename: 0
  79000: system.cpu.decode: [tid:0] Not blocked, so attempting to run stage.
  79000: system.cpu.decode: [tid:0] Nothing to do, breaking out early.
  79000: system.cpu.rename: Processing [tid:0]
  79000: system.cpu.rename: [tid:0] Free IQ: 156, Free ROB: 463, Free LQ: 176, Free SQ: 97, FreeRM 63(441 464 511 1022 63 8 2523)
  79000: system.cpu.rename: [tid:0] 0 instructions not yet in ROB
  79000: system.cpu.rename: calcFreeLQEntries: free lqEntries: 176, loadsInProgress: 0, loads dispatchedToLQ: 0
  79000: system.cpu.rename: [tid:0] Not blocked, so attempting to run stage.
  79000: system.cpu.rename: [tid:0] Nothing to do, breaking out early.
  79000: system.cpu.iew: Issue: Processing [tid:0]
  79000: system.cpu.iew: [tid:0] Not blocked, so attempting to run dispatch.
  79000: system.cpu.iq: Attempting to schedule ready instructions from the IQ.
  79000: system.cpu.iq: Not able to schedule any instructions.
  79000: system.cpu.iew.lsq: [tid:0] Writing back stores. 1 stores available for Writeback.
  79000: system.cpu.iew: Processing [tid:0]
  79000: system.cpu.iew: [tid:0], Dispatch dispatched 0 instructions.
  79000: system.cpu.iew.lsq.thread0: SQ size: 114, #stores occupied: 17
  79000: system.cpu.iew.lsq.thread0: LQ size: 192, #loads occupied: 16
  79000: system.cpu.iew: IQ has 156 free entries (Can schedule: 0).  LQ has 176 free entries. SQ has 97 free entries.
  79000: system.cpu.commit: Getting instructions from Rename stage.
  79000: system.cpu.commit: Trying to commit instructions in the ROB.
  79000: system.cpu.commit: Trying to commit head instruction, [tid:0] [sn:100]
  79000: system.cpu.commit: Inst [tid:0] [sn:100] PC (0x40101d=>0x40101f).(0=>1) has a fault
  79000: system.cpu.commit: [tid:0] [sn:100] Stores outstanding, fault must wait.
  79000: system.cpu.commit: Unable to commit head instruction PC:(0x40101d=>0x40101f).(0=>1) [tid:0] [sn:100].
  79000: system.cpu.commit: [tid:0] Instruction [sn:100] PC (0x40101d=>0x40101f).(0=>1) is head of ROB and ready to commit
  79000: system.cpu.commit: [tid:0] ROB has 49 insts & 463 free entries.
  79000: system.cpu: Scheduling next tick!
  80000: system.cpu: 

O3CPU: Ticking main, O3CPU.
  80000: system.cpu.fetch: Running stage.
  80000: system.cpu.fetch: There are no more threads available to fetch from.
  80000: system.cpu.fetch: [tid:0] Fetch is waiting cache response!
  80000: system.cpu.decode: Processing [tid:0]
  80000: system.cpu.decode: [tid:0] Bypass moves from Rename: 0
  80000: system.cpu.decode: [tid:0] Not blocked, so attempting to run stage.
  80000: system.cpu.decode: [tid:0] Nothing to do, breaking out early.
  80000: system.cpu.rename: Processing [tid:0]
  80000: system.cpu.rename: [tid:0] Free IQ: 156, Free ROB: 463, Free LQ: 176, Free SQ: 97, FreeRM 63(441 464 511 1022 63 8 2523)
  80000: system.cpu.rename: [tid:0] 0 instructions not yet in ROB
  80000: system.cpu.rename: calcFreeLQEntries: free lqEntries: 176, loadsInProgress: 0, loads dispatchedToLQ: 0
  80000: system.cpu.rename: [tid:0] Not blocked, so attempting to run stage.
  80000: system.cpu.rename: [tid:0] Nothing to do, breaking out early.
  80000: system.cpu.iew: Issue: Processing [tid:0]
  80000: system.cpu.iew: [tid:0] Not blocked, so attempting to run dispatch.
  80000: system.cpu.iq: Attempting to schedule ready instructions from the IQ.
  80000: system.cpu.iq: Not able to schedule any instructions.
  80000: system.cpu.iew.lsq: [tid:0] Writing back stores. 1 stores available for Writeback.
  80000: system.cpu.iew: Processing [tid:0]
  80000: system.cpu.iew: [tid:0], Dispatch dispatched 0 instructions.
  80000: system.cpu.iew.lsq.thread0: SQ size: 114, #stores occupied: 17
  80000: system.cpu.iew.lsq.thread0: LQ size: 192, #loads occupied: 16
  80000: system.cpu.iew: IQ has 156 free entries (Can schedule: 0).  LQ has 176 free entries. SQ has 97 free entries.
  80000: system.cpu.commit: Getting instructions from Rename stage.
  80000: system.cpu.commit: Trying to commit instructions in the ROB.
  80000: system.cpu.commit: Trying to commit head instruction, [tid:0] [sn:100]
  80000: system.cpu.commit: Inst [tid:0] [sn:100] PC (0x40101d=>0x40101f).(0=>1) has a fault
  80000: system.cpu.commit: [tid:0] [sn:100] Stores outstanding, fault must wait.
  80000: system.cpu.commit: Unable to commit head instruction PC:(0x40101d=>0x40101f).(0=>1) [tid:0] [sn:100].
  80000: system.cpu.commit: [tid:0] Instruction [sn:100] PC (0x40101d=>0x40101f).(0=>1) is head of ROB and ready to commit
  80000: system.cpu.commit: [tid:0] ROB has 49 insts & 463 free entries.
  80000: system.cpu: Scheduling next tick!
  81000: system.cpu: 

O3CPU: Ticking main, O3CPU.
  81000: system.cpu.fetch: Running stage.
  81000: system.cpu.fetch: There are no more threads available to fetch from.
  81000: system.cpu.fetch: [tid:0] Fetch is waiting cache response!
  81000: system.cpu.decode: Processing [tid:0]
  81000: system.cpu.decode: [tid:0] Bypass moves from Rename: 0
  81000: system.cpu.decode: [tid:0] Not blocked, so attempting to run stage.
  81000: system.cpu.decode: [tid:0] Nothing to do, breaking out early.
  81000: system.cpu.rename: Processing [tid:0]
  81000: system.cpu.rename: [tid:0] Free IQ: 156, Free ROB: 463, Free LQ: 176, Free SQ: 97, FreeRM 63(441 464 511 1022 63 8 2523)
  81000: system.cpu.rename: [tid:0] 0 instructions not yet in ROB
  81000: system.cpu.rename: calcFreeLQEntries: free lqEntries: 176, loadsInProgress: 0, loads dispatchedToLQ: 0
  81000: system.cpu.rename: [tid:0] Not blocked, so attempting to run stage.
  81000: system.cpu.rename: [tid:0] Nothing to do, breaking out early.
  81000: system.cpu.iew: Issue: Processing [tid:0]
  81000: system.cpu.iew: [tid:0] Not blocked, so attempting to run dispatch.
  81000: system.cpu.iq: Attempting to schedule ready instructions from the IQ.
  81000: system.cpu.iq: Not able to schedule any instructions.
  81000: system.cpu.iew.lsq: [tid:0] Writing back stores. 1 stores available for Writeback.
  81000: system.cpu.iew: Processing [tid:0]
  81000: system.cpu.iew: [tid:0], Dispatch dispatched 0 instructions.
  81000: system.cpu.iew.lsq.thread0: SQ size: 114, #stores occupied: 17
  81000: system.cpu.iew.lsq.thread0: LQ size: 192, #loads occupied: 16
  81000: system.cpu.iew: IQ has 156 free entries (Can schedule: 0).  LQ has 176 free entries. SQ has 97 free entries.
  81000: system.cpu.commit: Getting instructions from Rename stage.
  81000: system.cpu.commit: Trying to commit instructions in the ROB.
  81000: system.cpu.commit: Trying to commit head instruction, [tid:0] [sn:100]
  81000: system.cpu.commit: Inst [tid:0] [sn:100] PC (0x40101d=>0x40101f).(0=>1) has a fault
  81000: system.cpu.commit: [tid:0] [sn:100] Stores outstanding, fault must wait.
  81000: system.cpu.commit: Unable to commit head instruction PC:(0x40101d=>0x40101f).(0=>1) [tid:0] [sn:100].
  81000: system.cpu.commit: [tid:0] Instruction [sn:100] PC (0x40101d=>0x40101f).(0=>1) is head of ROB and ready to commit
  81000: system.cpu.commit: [tid:0] ROB has 49 insts & 463 free entries.
O3PipeView:fetch:58000:0x0040100b:0:50:  MOV_R_M : ld   bx, SS:[t0 + rsp]
O3PipeView:decode:59000
O3PipeView:rename:60000
O3PipeView:dispatch:62000
O3PipeView:issue:64000
O3PipeView:complete:65000
O3PipeView:retire:71000:store:0
  81000: global: DynInst: [sn:50] Instruction destroyed. Instcount for system.cpu = 50
  81000: system.cpu: Scheduling next tick!
  82000: system.cpu: 

O3CPU: Ticking main, O3CPU.
  82000: system.cpu.fetch: Running stage.
  82000: system.cpu.fetch: There are no more threads available to fetch from.
  82000: system.cpu.fetch: [tid:0] Fetch is waiting cache response!
  82000: system.cpu.decode: Processing [tid:0]
  82000: system.cpu.decode: [tid:0] Bypass moves from Rename: 0
  82000: system.cpu.decode: [tid:0] Not blocked, so attempting to run stage.
  82000: system.cpu.decode: [tid:0] Nothing to do, breaking out early.
  82000: system.cpu.rename: Processing [tid:0]
  82000: system.cpu.rename: [tid:0] Free IQ: 156, Free ROB: 463, Free LQ: 176, Free SQ: 97, FreeRM 63(441 464 511 1022 63 8 2523)
  82000: system.cpu.rename: [tid:0] 0 instructions not yet in ROB
  82000: system.cpu.rename: calcFreeLQEntries: free lqEntries: 176, loadsInProgress: 0, loads dispatchedToLQ: 0
  82000: system.cpu.rename: [tid:0] Not blocked, so attempting to run stage.
  82000: system.cpu.rename: [tid:0] Nothing to do, breaking out early.
  82000: system.cpu.iew: Issue: Processing [tid:0]
  82000: system.cpu.iew: [tid:0] Not blocked, so attempting to run dispatch.
  82000: system.cpu.iq: Attempting to schedule ready instructions from the IQ.
  82000: system.cpu.iq: Not able to schedule any instructions.
  82000: system.cpu.iew.lsq: [tid:0] Writing back stores. 1 stores available for Writeback.
  82000: system.cpu.iew: Processing [tid:0]
  82000: system.cpu.iew: [tid:0], Dispatch dispatched 0 instructions.
  82000: system.cpu.iew.lsq.thread0: SQ size: 114, #stores occupied: 17
  82000: system.cpu.iew.lsq.thread0: LQ size: 192, #loads occupied: 16
  82000: system.cpu.iew: IQ has 156 free entries (Can schedule: 0).  LQ has 176 free entries. SQ has 97 free entries.
  82000: system.cpu.commit: Getting instructions from Rename stage.
  82000: system.cpu.commit: Trying to commit instructions in the ROB.
  82000: system.cpu.commit: Trying to commit head instruction, [tid:0] [sn:100]
  82000: system.cpu.commit: Inst [tid:0] [sn:100] PC (0x40101d=>0x40101f).(0=>1) has a fault
  82000: system.cpu.commit: [tid:0] [sn:100] Stores outstanding, fault must wait.
  82000: system.cpu.commit: Unable to commit head instruction PC:(0x40101d=>0x40101f).(0=>1) [tid:0] [sn:100].
  82000: system.cpu.commit: [tid:0] Instruction [sn:100] PC (0x40101d=>0x40101f).(0=>1) is head of ROB and ready to commit
  82000: system.cpu.commit: [tid:0] ROB has 49 insts & 463 free entries.
  82000: system.cpu: Activity: 15
  82000: system.cpu: Scheduling next tick!
  83000: system.cpu: 

O3CPU: Ticking main, O3CPU.
  83000: system.cpu.fetch: Running stage.
  83000: system.cpu.fetch: There are no more threads available to fetch from.
  83000: system.cpu.fetch: [tid:0] Fetch is waiting cache response!
  83000: system.cpu.decode: Processing [tid:0]
  83000: system.cpu.decode: [tid:0] Bypass moves from Rename: 0
  83000: system.cpu.decode: [tid:0] Not blocked, so attempting to run stage.
  83000: system.cpu.decode: [tid:0] Nothing to do, breaking out early.
  83000: system.cpu.rename: Processing [tid:0]
  83000: system.cpu.rename: [tid:0] Free IQ: 156, Free ROB: 463, Free LQ: 176, Free SQ: 97, FreeRM 63(441 464 511 1022 63 8 2523)
  83000: system.cpu.rename: [tid:0] 0 instructions not yet in ROB
  83000: system.cpu.rename: calcFreeLQEntries: free lqEntries: 176, loadsInProgress: 0, loads dispatchedToLQ: 0
  83000: system.cpu.rename: [tid:0] Not blocked, so attempting to run stage.
  83000: system.cpu.rename: [tid:0] Nothing to do, breaking out early.
  83000: system.cpu.iew: Issue: Processing [tid:0]
  83000: system.cpu.iew: [tid:0] Not blocked, so attempting to run dispatch.
  83000: system.cpu.iq: Attempting to schedule ready instructions from the IQ.
  83000: system.cpu.iq: Not able to schedule any instructions.
  83000: system.cpu.iew.lsq: [tid:0] Writing back stores. 1 stores available for Writeback.
  83000: system.cpu.iew: Processing [tid:0]
  83000: system.cpu.iew: [tid:0], Dispatch dispatched 0 instructions.
  83000: system.cpu.iew.lsq.thread0: SQ size: 114, #stores occupied: 17
  83000: system.cpu.iew.lsq.thread0: LQ size: 192, #loads occupied: 16
  83000: system.cpu.iew: IQ has 156 free entries (Can schedule: 0).  LQ has 176 free entries. SQ has 97 free entries.
  83000: system.cpu.commit: Getting instructions from Rename stage.
  83000: system.cpu.commit: Trying to commit instructions in the ROB.
  83000: system.cpu.commit: Trying to commit head instruction, [tid:0] [sn:100]
  83000: system.cpu.commit: Inst [tid:0] [sn:100] PC (0x40101d=>0x40101f).(0=>1) has a fault
  83000: system.cpu.commit: [tid:0] [sn:100] Stores outstanding, fault must wait.
  83000: system.cpu.commit: Unable to commit head instruction PC:(0x40101d=>0x40101f).(0=>1) [tid:0] [sn:100].
  83000: system.cpu.commit: [tid:0] Instruction [sn:100] PC (0x40101d=>0x40101f).(0=>1) is head of ROB and ready to commit
  83000: system.cpu.commit: [tid:0] ROB has 49 insts & 463 free entries.
  83000: system.cpu: Activity: 14
  83000: system.cpu: Scheduling next tick!
  84000: system.cpu: 

O3CPU: Ticking main, O3CPU.
  84000: system.cpu.fetch: Running stage.
  84000: system.cpu.fetch: There are no more threads available to fetch from.
  84000: system.cpu.fetch: [tid:0] Fetch is waiting cache response!
  84000: system.cpu.decode: Processing [tid:0]
  84000: system.cpu.decode: [tid:0] Bypass moves from Rename: 0
  84000: system.cpu.decode: [tid:0] Not blocked, so attempting to run stage.
  84000: system.cpu.decode: [tid:0] Nothing to do, breaking out early.
  84000: system.cpu.rename: Processing [tid:0]
  84000: system.cpu.rename: [tid:0] Free IQ: 156, Free ROB: 463, Free LQ: 176, Free SQ: 97, FreeRM 63(441 464 511 1022 63 8 2523)
  84000: system.cpu.rename: [tid:0] 0 instructions not yet in ROB
  84000: system.cpu.rename: calcFreeLQEntries: free lqEntries: 176, loadsInProgress: 0, loads dispatchedToLQ: 0
  84000: system.cpu.rename: [tid:0] Not blocked, so attempting to run stage.
  84000: system.cpu.rename: [tid:0] Nothing to do, breaking out early.
  84000: system.cpu.iew: Issue: Processing [tid:0]
  84000: system.cpu.iew: [tid:0] Not blocked, so attempting to run dispatch.
  84000: system.cpu.iq: Attempting to schedule ready instructions from the IQ.
  84000: system.cpu.iq: Not able to schedule any instructions.
  84000: system.cpu.iew.lsq: [tid:0] Writing back stores. 1 stores available for Writeback.
  84000: system.cpu.iew: Processing [tid:0]
  84000: system.cpu.iew: [tid:0], Dispatch dispatched 0 instructions.
  84000: system.cpu.iew.lsq.thread0: SQ size: 114, #stores occupied: 17
  84000: system.cpu.iew.lsq.thread0: LQ size: 192, #loads occupied: 16
  84000: system.cpu.iew: IQ has 156 free entries (Can schedule: 0).  LQ has 176 free entries. SQ has 97 free entries.
  84000: system.cpu.commit: Getting instructions from Rename stage.
  84000: system.cpu.commit: Trying to commit instructions in the ROB.
  84000: system.cpu.commit: Trying to commit head instruction, [tid:0] [sn:100]
  84000: system.cpu.commit: Inst [tid:0] [sn:100] PC (0x40101d=>0x40101f).(0=>1) has a fault
  84000: system.cpu.commit: [tid:0] [sn:100] Stores outstanding, fault must wait.
  84000: system.cpu.commit: Unable to commit head instruction PC:(0x40101d=>0x40101f).(0=>1) [tid:0] [sn:100].
  84000: system.cpu.commit: [tid:0] Instruction [sn:100] PC (0x40101d=>0x40101f).(0=>1) is head of ROB and ready to commit
  84000: system.cpu.commit: [tid:0] ROB has 49 insts & 463 free entries.
  84000: system.cpu: Activity: 13
  84000: system.cpu: Scheduling next tick!
  85000: system.cpu: 

O3CPU: Ticking main, O3CPU.
  85000: system.cpu.fetch: Running stage.
  85000: system.cpu.fetch: There are no more threads available to fetch from.
  85000: system.cpu.fetch: [tid:0] Fetch is waiting cache response!
  85000: system.cpu.decode: Processing [tid:0]
  85000: system.cpu.decode: [tid:0] Bypass moves from Rename: 0
  85000: system.cpu.decode: [tid:0] Not blocked, so attempting to run stage.
  85000: system.cpu.decode: [tid:0] Nothing to do, breaking out early.
  85000: system.cpu.rename: Processing [tid:0]
  85000: system.cpu.rename: [tid:0] Free IQ: 156, Free ROB: 463, Free LQ: 176, Free SQ: 97, FreeRM 63(441 464 511 1022 63 8 2523)
  85000: system.cpu.rename: [tid:0] 0 instructions not yet in ROB
  85000: system.cpu.rename: calcFreeLQEntries: free lqEntries: 176, loadsInProgress: 0, loads dispatchedToLQ: 0
  85000: system.cpu.rename: [tid:0] Not blocked, so attempting to run stage.
  85000: system.cpu.rename: [tid:0] Nothing to do, breaking out early.
  85000: system.cpu.iew: Issue: Processing [tid:0]
  85000: system.cpu.iew: [tid:0] Not blocked, so attempting to run dispatch.
  85000: system.cpu.iq: Attempting to schedule ready instructions from the IQ.
  85000: system.cpu.iq: Not able to schedule any instructions.
  85000: system.cpu.iew.lsq: [tid:0] Writing back stores. 1 stores available for Writeback.
  85000: system.cpu.iew: Processing [tid:0]
  85000: system.cpu.iew: [tid:0], Dispatch dispatched 0 instructions.
  85000: system.cpu.iew.lsq.thread0: SQ size: 114, #stores occupied: 17
  85000: system.cpu.iew.lsq.thread0: LQ size: 192, #loads occupied: 16
  85000: system.cpu.iew: IQ has 156 free entries (Can schedule: 0).  LQ has 176 free entries. SQ has 97 free entries.
  85000: system.cpu.commit: Getting instructions from Rename stage.
  85000: system.cpu.commit: Trying to commit instructions in the ROB.
  85000: system.cpu.commit: Trying to commit head instruction, [tid:0] [sn:100]
  85000: system.cpu.commit: Inst [tid:0] [sn:100] PC (0x40101d=>0x40101f).(0=>1) has a fault
  85000: system.cpu.commit: [tid:0] [sn:100] Stores outstanding, fault must wait.
  85000: system.cpu.commit: Unable to commit head instruction PC:(0x40101d=>0x40101f).(0=>1) [tid:0] [sn:100].
  85000: system.cpu.commit: [tid:0] Instruction [sn:100] PC (0x40101d=>0x40101f).(0=>1) is head of ROB and ready to commit
  85000: system.cpu.commit: [tid:0] ROB has 49 insts & 463 free entries.
  85000: system.cpu: Activity: 12
  85000: system.cpu: Scheduling next tick!
  86000: system.cpu: 

O3CPU: Ticking main, O3CPU.
  86000: system.cpu.fetch: Running stage.
  86000: system.cpu.fetch: There are no more threads available to fetch from.
  86000: system.cpu.fetch: [tid:0] Fetch is waiting cache response!
  86000: system.cpu.decode: Processing [tid:0]
  86000: system.cpu.decode: [tid:0] Bypass moves from Rename: 0
  86000: system.cpu.decode: [tid:0] Not blocked, so attempting to run stage.
  86000: system.cpu.decode: [tid:0] Nothing to do, breaking out early.
  86000: system.cpu.rename: Processing [tid:0]
  86000: system.cpu.rename: [tid:0] Free IQ: 156, Free ROB: 463, Free LQ: 176, Free SQ: 97, FreeRM 63(441 464 511 1022 63 8 2523)
  86000: system.cpu.rename: [tid:0] 0 instructions not yet in ROB
  86000: system.cpu.rename: calcFreeLQEntries: free lqEntries: 176, loadsInProgress: 0, loads dispatchedToLQ: 0
  86000: system.cpu.rename: [tid:0] Not blocked, so attempting to run stage.
  86000: system.cpu.rename: [tid:0] Nothing to do, breaking out early.
  86000: system.cpu.iew: Issue: Processing [tid:0]
  86000: system.cpu.iew: [tid:0] Not blocked, so attempting to run dispatch.
  86000: system.cpu.iq: Attempting to schedule ready instructions from the IQ.
  86000: system.cpu.iq: Not able to schedule any instructions.
  86000: system.cpu.iew.lsq: [tid:0] Writing back stores. 1 stores available for Writeback.
  86000: system.cpu.iew: Processing [tid:0]
  86000: system.cpu.iew: [tid:0], Dispatch dispatched 0 instructions.
  86000: system.cpu.iew.lsq.thread0: SQ size: 114, #stores occupied: 17
  86000: system.cpu.iew.lsq.thread0: LQ size: 192, #loads occupied: 16
  86000: system.cpu.iew: IQ has 156 free entries (Can schedule: 0).  LQ has 176 free entries. SQ has 97 free entries.
  86000: system.cpu.commit: Getting instructions from Rename stage.
  86000: system.cpu.commit: Trying to commit instructions in the ROB.
  86000: system.cpu.commit: Trying to commit head instruction, [tid:0] [sn:100]
  86000: system.cpu.commit: Inst [tid:0] [sn:100] PC (0x40101d=>0x40101f).(0=>1) has a fault
  86000: system.cpu.commit: [tid:0] [sn:100] Stores outstanding, fault must wait.
  86000: system.cpu.commit: Unable to commit head instruction PC:(0x40101d=>0x40101f).(0=>1) [tid:0] [sn:100].
  86000: system.cpu.commit: [tid:0] Instruction [sn:100] PC (0x40101d=>0x40101f).(0=>1) is head of ROB and ready to commit
  86000: system.cpu.commit: [tid:0] ROB has 49 insts & 463 free entries.
  86000: system.cpu: Activity: 11
  86000: system.cpu: Scheduling next tick!
  87000: system.cpu: 

O3CPU: Ticking main, O3CPU.
  87000: system.cpu.fetch: Running stage.
  87000: system.cpu.fetch: There are no more threads available to fetch from.
  87000: system.cpu.fetch: [tid:0] Fetch is waiting cache response!
  87000: system.cpu.decode: Processing [tid:0]
  87000: system.cpu.decode: [tid:0] Bypass moves from Rename: 0
  87000: system.cpu.decode: [tid:0] Not blocked, so attempting to run stage.
  87000: system.cpu.decode: [tid:0] Nothing to do, breaking out early.
  87000: system.cpu.rename: Processing [tid:0]
  87000: system.cpu.rename: [tid:0] Free IQ: 156, Free ROB: 463, Free LQ: 176, Free SQ: 97, FreeRM 63(441 464 511 1022 63 8 2523)
  87000: system.cpu.rename: [tid:0] 0 instructions not yet in ROB
  87000: system.cpu.rename: calcFreeLQEntries: free lqEntries: 176, loadsInProgress: 0, loads dispatchedToLQ: 0
  87000: system.cpu.rename: [tid:0] Not blocked, so attempting to run stage.
  87000: system.cpu.rename: [tid:0] Nothing to do, breaking out early.
  87000: system.cpu.iew: Issue: Processing [tid:0]
  87000: system.cpu.iew: [tid:0] Not blocked, so attempting to run dispatch.
  87000: system.cpu.iq: Attempting to schedule ready instructions from the IQ.
  87000: system.cpu.iq: Not able to schedule any instructions.
  87000: system.cpu.iew.lsq: [tid:0] Writing back stores. 1 stores available for Writeback.
  87000: system.cpu.iew: Processing [tid:0]
  87000: system.cpu.iew: [tid:0], Dispatch dispatched 0 instructions.
  87000: system.cpu.iew.lsq.thread0: SQ size: 114, #stores occupied: 17
  87000: system.cpu.iew.lsq.thread0: LQ size: 192, #loads occupied: 16
  87000: system.cpu.iew: IQ has 156 free entries (Can schedule: 0).  LQ has 176 free entries. SQ has 97 free entries.
  87000: system.cpu.commit: Getting instructions from Rename stage.
  87000: system.cpu.commit: Trying to commit instructions in the ROB.
  87000: system.cpu.commit: Trying to commit head instruction, [tid:0] [sn:100]
  87000: system.cpu.commit: Inst [tid:0] [sn:100] PC (0x40101d=>0x40101f).(0=>1) has a fault
  87000: system.cpu.commit: [tid:0] [sn:100] Stores outstanding, fault must wait.
  87000: system.cpu.commit: Unable to commit head instruction PC:(0x40101d=>0x40101f).(0=>1) [tid:0] [sn:100].
  87000: system.cpu.commit: [tid:0] Instruction [sn:100] PC (0x40101d=>0x40101f).(0=>1) is head of ROB and ready to commit
  87000: system.cpu.commit: [tid:0] ROB has 49 insts & 463 free entries.
  87000: system.cpu: Activity: 10
  87000: system.cpu: Scheduling next tick!
  88000: system.cpu: 

O3CPU: Ticking main, O3CPU.
  88000: system.cpu.fetch: Running stage.
  88000: system.cpu.fetch: There are no more threads available to fetch from.
  88000: system.cpu.fetch: [tid:0] Fetch is waiting cache response!
  88000: system.cpu.decode: Processing [tid:0]
  88000: system.cpu.decode: [tid:0] Bypass moves from Rename: 0
  88000: system.cpu.decode: [tid:0] Not blocked, so attempting to run stage.
  88000: system.cpu.decode: [tid:0] Nothing to do, breaking out early.
  88000: system.cpu.rename: Processing [tid:0]
  88000: system.cpu.rename: [tid:0] Free IQ: 156, Free ROB: 463, Free LQ: 176, Free SQ: 97, FreeRM 63(441 464 511 1022 63 8 2523)
  88000: system.cpu.rename: [tid:0] 0 instructions not yet in ROB
  88000: system.cpu.rename: calcFreeLQEntries: free lqEntries: 176, loadsInProgress: 0, loads dispatchedToLQ: 0
  88000: system.cpu.rename: [tid:0] Not blocked, so attempting to run stage.
  88000: system.cpu.rename: [tid:0] Nothing to do, breaking out early.
  88000: system.cpu.iew: Issue: Processing [tid:0]
  88000: system.cpu.iew: [tid:0] Not blocked, so attempting to run dispatch.
  88000: system.cpu.iq: Attempting to schedule ready instructions from the IQ.
  88000: system.cpu.iq: Not able to schedule any instructions.
  88000: system.cpu.iew.lsq: [tid:0] Writing back stores. 1 stores available for Writeback.
  88000: system.cpu.iew: Processing [tid:0]
  88000: system.cpu.iew: [tid:0], Dispatch dispatched 0 instructions.
  88000: system.cpu.iew.lsq.thread0: SQ size: 114, #stores occupied: 17
  88000: system.cpu.iew.lsq.thread0: LQ size: 192, #loads occupied: 16
  88000: system.cpu.iew: IQ has 156 free entries (Can schedule: 0).  LQ has 176 free entries. SQ has 97 free entries.
  88000: system.cpu.commit: Getting instructions from Rename stage.
  88000: system.cpu.commit: Trying to commit instructions in the ROB.
  88000: system.cpu.commit: Trying to commit head instruction, [tid:0] [sn:100]
  88000: system.cpu.commit: Inst [tid:0] [sn:100] PC (0x40101d=>0x40101f).(0=>1) has a fault
  88000: system.cpu.commit: [tid:0] [sn:100] Stores outstanding, fault must wait.
  88000: system.cpu.commit: Unable to commit head instruction PC:(0x40101d=>0x40101f).(0=>1) [tid:0] [sn:100].
  88000: system.cpu.commit: [tid:0] Instruction [sn:100] PC (0x40101d=>0x40101f).(0=>1) is head of ROB and ready to commit
  88000: system.cpu.commit: [tid:0] ROB has 49 insts & 463 free entries.
  88000: system.cpu: Activity: 9
  88000: system.cpu: Scheduling next tick!
  89000: system.cpu: 

O3CPU: Ticking main, O3CPU.
  89000: system.cpu.fetch: Running stage.
  89000: system.cpu.fetch: There are no more threads available to fetch from.
  89000: system.cpu.fetch: [tid:0] Fetch is waiting cache response!
  89000: system.cpu.decode: Processing [tid:0]
  89000: system.cpu.decode: [tid:0] Bypass moves from Rename: 0
  89000: system.cpu.decode: [tid:0] Not blocked, so attempting to run stage.
  89000: system.cpu.decode: [tid:0] Nothing to do, breaking out early.
  89000: system.cpu.rename: Processing [tid:0]
  89000: system.cpu.rename: [tid:0] Free IQ: 156, Free ROB: 463, Free LQ: 176, Free SQ: 97, FreeRM 63(441 464 511 1022 63 8 2523)
  89000: system.cpu.rename: [tid:0] 0 instructions not yet in ROB
  89000: system.cpu.rename: calcFreeLQEntries: free lqEntries: 176, loadsInProgress: 0, loads dispatchedToLQ: 0
  89000: system.cpu.rename: [tid:0] Not blocked, so attempting to run stage.
  89000: system.cpu.rename: [tid:0] Nothing to do, breaking out early.
  89000: system.cpu.iew: Issue: Processing [tid:0]
  89000: system.cpu.iew: [tid:0] Not blocked, so attempting to run dispatch.
  89000: system.cpu.iq: Attempting to schedule ready instructions from the IQ.
  89000: system.cpu.iq: Not able to schedule any instructions.
  89000: system.cpu.iew.lsq: [tid:0] Writing back stores. 1 stores available for Writeback.
  89000: system.cpu.iew: Processing [tid:0]
  89000: system.cpu.iew: [tid:0], Dispatch dispatched 0 instructions.
  89000: system.cpu.iew.lsq.thread0: SQ size: 114, #stores occupied: 17
  89000: system.cpu.iew.lsq.thread0: LQ size: 192, #loads occupied: 16
  89000: system.cpu.iew: IQ has 156 free entries (Can schedule: 0).  LQ has 176 free entries. SQ has 97 free entries.
  89000: system.cpu.commit: Getting instructions from Rename stage.
  89000: system.cpu.commit: Trying to commit instructions in the ROB.
  89000: system.cpu.commit: Trying to commit head instruction, [tid:0] [sn:100]
  89000: system.cpu.commit: Inst [tid:0] [sn:100] PC (0x40101d=>0x40101f).(0=>1) has a fault
  89000: system.cpu.commit: [tid:0] [sn:100] Stores outstanding, fault must wait.
  89000: system.cpu.commit: Unable to commit head instruction PC:(0x40101d=>0x40101f).(0=>1) [tid:0] [sn:100].
  89000: system.cpu.commit: [tid:0] Instruction [sn:100] PC (0x40101d=>0x40101f).(0=>1) is head of ROB and ready to commit
  89000: system.cpu.commit: [tid:0] ROB has 49 insts & 463 free entries.
  89000: system.cpu: Activity: 8
  89000: system.cpu: Scheduling next tick!
  90000: system.cpu: 

O3CPU: Ticking main, O3CPU.
  90000: system.cpu.fetch: Running stage.
  90000: system.cpu.fetch: There are no more threads available to fetch from.
  90000: system.cpu.fetch: [tid:0] Fetch is waiting cache response!
  90000: system.cpu.decode: Processing [tid:0]
  90000: system.cpu.decode: [tid:0] Bypass moves from Rename: 0
  90000: system.cpu.decode: [tid:0] Not blocked, so attempting to run stage.
  90000: system.cpu.decode: [tid:0] Nothing to do, breaking out early.
  90000: system.cpu.rename: Processing [tid:0]
  90000: system.cpu.rename: [tid:0] Free IQ: 156, Free ROB: 463, Free LQ: 176, Free SQ: 97, FreeRM 63(441 464 511 1022 63 8 2523)
  90000: system.cpu.rename: [tid:0] 0 instructions not yet in ROB
  90000: system.cpu.rename: calcFreeLQEntries: free lqEntries: 176, loadsInProgress: 0, loads dispatchedToLQ: 0
  90000: system.cpu.rename: [tid:0] Not blocked, so attempting to run stage.
  90000: system.cpu.rename: [tid:0] Nothing to do, breaking out early.
  90000: system.cpu.iew: Issue: Processing [tid:0]
  90000: system.cpu.iew: [tid:0] Not blocked, so attempting to run dispatch.
  90000: system.cpu.iq: Attempting to schedule ready instructions from the IQ.
  90000: system.cpu.iq: Not able to schedule any instructions.
  90000: system.cpu.iew.lsq: [tid:0] Writing back stores. 1 stores available for Writeback.
  90000: system.cpu.iew: Processing [tid:0]
  90000: system.cpu.iew: [tid:0], Dispatch dispatched 0 instructions.
  90000: system.cpu.iew.lsq.thread0: SQ size: 114, #stores occupied: 17
  90000: system.cpu.iew.lsq.thread0: LQ size: 192, #loads occupied: 16
  90000: system.cpu.iew: IQ has 156 free entries (Can schedule: 0).  LQ has 176 free entries. SQ has 97 free entries.
  90000: system.cpu.commit: Getting instructions from Rename stage.
  90000: system.cpu.commit: Trying to commit instructions in the ROB.
  90000: system.cpu.commit: Trying to commit head instruction, [tid:0] [sn:100]
  90000: system.cpu.commit: Inst [tid:0] [sn:100] PC (0x40101d=>0x40101f).(0=>1) has a fault
  90000: system.cpu.commit: [tid:0] [sn:100] Stores outstanding, fault must wait.
  90000: system.cpu.commit: Unable to commit head instruction PC:(0x40101d=>0x40101f).(0=>1) [tid:0] [sn:100].
  90000: system.cpu.commit: [tid:0] Instruction [sn:100] PC (0x40101d=>0x40101f).(0=>1) is head of ROB and ready to commit
  90000: system.cpu.commit: [tid:0] ROB has 49 insts & 463 free entries.
  90000: system.cpu: Activity: 7
  90000: system.cpu: Scheduling next tick!
  91000: system.cpu: 

O3CPU: Ticking main, O3CPU.
  91000: system.cpu.fetch: Running stage.
  91000: system.cpu.fetch: There are no more threads available to fetch from.
  91000: system.cpu.fetch: [tid:0] Fetch is waiting cache response!
  91000: system.cpu.decode: Processing [tid:0]
  91000: system.cpu.decode: [tid:0] Bypass moves from Rename: 0
  91000: system.cpu.decode: [tid:0] Not blocked, so attempting to run stage.
  91000: system.cpu.decode: [tid:0] Nothing to do, breaking out early.
  91000: system.cpu.rename: Processing [tid:0]
  91000: system.cpu.rename: [tid:0] Free IQ: 156, Free ROB: 463, Free LQ: 176, Free SQ: 97, FreeRM 63(441 464 511 1022 63 8 2523)
  91000: system.cpu.rename: [tid:0] 0 instructions not yet in ROB
  91000: system.cpu.rename: calcFreeLQEntries: free lqEntries: 176, loadsInProgress: 0, loads dispatchedToLQ: 0
  91000: system.cpu.rename: [tid:0] Not blocked, so attempting to run stage.
  91000: system.cpu.rename: [tid:0] Nothing to do, breaking out early.
  91000: system.cpu.iew: Issue: Processing [tid:0]
  91000: system.cpu.iew: [tid:0] Not blocked, so attempting to run dispatch.
  91000: system.cpu.iq: Attempting to schedule ready instructions from the IQ.
  91000: system.cpu.iq: Not able to schedule any instructions.
  91000: system.cpu.iew.lsq: [tid:0] Writing back stores. 1 stores available for Writeback.
  91000: system.cpu.iew: Processing [tid:0]
  91000: system.cpu.iew: [tid:0], Dispatch dispatched 0 instructions.
  91000: system.cpu.iew.lsq.thread0: SQ size: 114, #stores occupied: 17
  91000: system.cpu.iew.lsq.thread0: LQ size: 192, #loads occupied: 16
  91000: system.cpu.iew: IQ has 156 free entries (Can schedule: 0).  LQ has 176 free entries. SQ has 97 free entries.
  91000: system.cpu.commit: Getting instructions from Rename stage.
  91000: system.cpu.commit: Trying to commit instructions in the ROB.
  91000: system.cpu.commit: Trying to commit head instruction, [tid:0] [sn:100]
  91000: system.cpu.commit: Inst [tid:0] [sn:100] PC (0x40101d=>0x40101f).(0=>1) has a fault
  91000: system.cpu.commit: [tid:0] [sn:100] Stores outstanding, fault must wait.
  91000: system.cpu.commit: Unable to commit head instruction PC:(0x40101d=>0x40101f).(0=>1) [tid:0] [sn:100].
  91000: system.cpu.commit: [tid:0] Instruction [sn:100] PC (0x40101d=>0x40101f).(0=>1) is head of ROB and ready to commit
  91000: system.cpu.commit: [tid:0] ROB has 49 insts & 463 free entries.
  91000: system.cpu: Activity: 6
  91000: system.cpu: Scheduling next tick!
  92000: system.cpu: 

O3CPU: Ticking main, O3CPU.
  92000: system.cpu.fetch: Running stage.
  92000: system.cpu.fetch: There are no more threads available to fetch from.
  92000: system.cpu.fetch: [tid:0] Fetch is waiting cache response!
  92000: system.cpu.decode: Processing [tid:0]
  92000: system.cpu.decode: [tid:0] Bypass moves from Rename: 0
  92000: system.cpu.decode: [tid:0] Not blocked, so attempting to run stage.
  92000: system.cpu.decode: [tid:0] Nothing to do, breaking out early.
  92000: system.cpu.rename: Processing [tid:0]
  92000: system.cpu.rename: [tid:0] Free IQ: 156, Free ROB: 463, Free LQ: 176, Free SQ: 97, FreeRM 63(441 464 511 1022 63 8 2523)
  92000: system.cpu.rename: [tid:0] 0 instructions not yet in ROB
  92000: system.cpu.rename: calcFreeLQEntries: free lqEntries: 176, loadsInProgress: 0, loads dispatchedToLQ: 0
  92000: system.cpu.rename: [tid:0] Not blocked, so attempting to run stage.
  92000: system.cpu.rename: [tid:0] Nothing to do, breaking out early.
  92000: system.cpu.iew: Issue: Processing [tid:0]
  92000: system.cpu.iew: [tid:0] Not blocked, so attempting to run dispatch.
  92000: system.cpu.iq: Attempting to schedule ready instructions from the IQ.
  92000: system.cpu.iq: Not able to schedule any instructions.
  92000: system.cpu.iew.lsq: [tid:0] Writing back stores. 1 stores available for Writeback.
  92000: system.cpu.iew: Processing [tid:0]
  92000: system.cpu.iew: [tid:0], Dispatch dispatched 0 instructions.
  92000: system.cpu.iew.lsq.thread0: SQ size: 114, #stores occupied: 17
  92000: system.cpu.iew.lsq.thread0: LQ size: 192, #loads occupied: 16
  92000: system.cpu.iew: IQ has 156 free entries (Can schedule: 0).  LQ has 176 free entries. SQ has 97 free entries.
  92000: system.cpu.commit: Getting instructions from Rename stage.
  92000: system.cpu.commit: Trying to commit instructions in the ROB.
  92000: system.cpu.commit: Trying to commit head instruction, [tid:0] [sn:100]
  92000: system.cpu.commit: Inst [tid:0] [sn:100] PC (0x40101d=>0x40101f).(0=>1) has a fault
  92000: system.cpu.commit: [tid:0] [sn:100] Stores outstanding, fault must wait.
  92000: system.cpu.commit: Unable to commit head instruction PC:(0x40101d=>0x40101f).(0=>1) [tid:0] [sn:100].
  92000: system.cpu.commit: [tid:0] Instruction [sn:100] PC (0x40101d=>0x40101f).(0=>1) is head of ROB and ready to commit
  92000: system.cpu.commit: [tid:0] ROB has 49 insts & 463 free entries.
  92000: system.cpu: Activity: 5
  92000: system.cpu: Scheduling next tick!
  93000: system.cpu: 

O3CPU: Ticking main, O3CPU.
  93000: system.cpu.fetch: Running stage.
  93000: system.cpu.fetch: There are no more threads available to fetch from.
  93000: system.cpu.fetch: [tid:0] Fetch is waiting cache response!
  93000: system.cpu.decode: Processing [tid:0]
  93000: system.cpu.decode: [tid:0] Bypass moves from Rename: 0
  93000: system.cpu.decode: [tid:0] Not blocked, so attempting to run stage.
  93000: system.cpu.decode: [tid:0] Nothing to do, breaking out early.
  93000: system.cpu.rename: Processing [tid:0]
  93000: system.cpu.rename: [tid:0] Free IQ: 156, Free ROB: 463, Free LQ: 176, Free SQ: 97, FreeRM 63(441 464 511 1022 63 8 2523)
  93000: system.cpu.rename: [tid:0] 0 instructions not yet in ROB
  93000: system.cpu.rename: calcFreeLQEntries: free lqEntries: 176, loadsInProgress: 0, loads dispatchedToLQ: 0
  93000: system.cpu.rename: [tid:0] Not blocked, so attempting to run stage.
  93000: system.cpu.rename: [tid:0] Nothing to do, breaking out early.
  93000: system.cpu.iew: Issue: Processing [tid:0]
  93000: system.cpu.iew: [tid:0] Not blocked, so attempting to run dispatch.
  93000: system.cpu.iq: Attempting to schedule ready instructions from the IQ.
  93000: system.cpu.iq: Not able to schedule any instructions.
  93000: system.cpu.iew.lsq: [tid:0] Writing back stores. 1 stores available for Writeback.
  93000: system.cpu.iew: Processing [tid:0]
  93000: system.cpu.iew: [tid:0], Dispatch dispatched 0 instructions.
  93000: system.cpu.iew.lsq.thread0: SQ size: 114, #stores occupied: 17
  93000: system.cpu.iew.lsq.thread0: LQ size: 192, #loads occupied: 16
  93000: system.cpu.iew: IQ has 156 free entries (Can schedule: 0).  LQ has 176 free entries. SQ has 97 free entries.
  93000: system.cpu.commit: Getting instructions from Rename stage.
  93000: system.cpu.commit: Trying to commit instructions in the ROB.
  93000: system.cpu.commit: Trying to commit head instruction, [tid:0] [sn:100]
  93000: system.cpu.commit: Inst [tid:0] [sn:100] PC (0x40101d=>0x40101f).(0=>1) has a fault
  93000: system.cpu.commit: [tid:0] [sn:100] Stores outstanding, fault must wait.
  93000: system.cpu.commit: Unable to commit head instruction PC:(0x40101d=>0x40101f).(0=>1) [tid:0] [sn:100].
  93000: system.cpu.commit: [tid:0] Instruction [sn:100] PC (0x40101d=>0x40101f).(0=>1) is head of ROB and ready to commit
  93000: system.cpu.commit: [tid:0] ROB has 49 insts & 463 free entries.
  93000: system.cpu: Activity: 4
  93000: system.cpu: Scheduling next tick!
  94000: system.cpu: 

O3CPU: Ticking main, O3CPU.
  94000: system.cpu.fetch: Running stage.
  94000: system.cpu.fetch: There are no more threads available to fetch from.
  94000: system.cpu.fetch: [tid:0] Fetch is waiting cache response!
  94000: system.cpu.decode: Processing [tid:0]
  94000: system.cpu.decode: [tid:0] Bypass moves from Rename: 0
  94000: system.cpu.decode: [tid:0] Not blocked, so attempting to run stage.
  94000: system.cpu.decode: [tid:0] Nothing to do, breaking out early.
  94000: system.cpu.rename: Processing [tid:0]
  94000: system.cpu.rename: [tid:0] Free IQ: 156, Free ROB: 463, Free LQ: 176, Free SQ: 97, FreeRM 63(441 464 511 1022 63 8 2523)
  94000: system.cpu.rename: [tid:0] 0 instructions not yet in ROB
  94000: system.cpu.rename: calcFreeLQEntries: free lqEntries: 176, loadsInProgress: 0, loads dispatchedToLQ: 0
  94000: system.cpu.rename: [tid:0] Not blocked, so attempting to run stage.
  94000: system.cpu.rename: [tid:0] Nothing to do, breaking out early.
  94000: system.cpu.iew: Issue: Processing [tid:0]
  94000: system.cpu.iew: [tid:0] Not blocked, so attempting to run dispatch.
  94000: system.cpu.iq: Attempting to schedule ready instructions from the IQ.
  94000: system.cpu.iq: Not able to schedule any instructions.
  94000: system.cpu.iew.lsq: [tid:0] Writing back stores. 1 stores available for Writeback.
  94000: system.cpu.iew: Processing [tid:0]
  94000: system.cpu.iew: [tid:0], Dispatch dispatched 0 instructions.
  94000: system.cpu.iew.lsq.thread0: SQ size: 114, #stores occupied: 17
  94000: system.cpu.iew.lsq.thread0: LQ size: 192, #loads occupied: 16
  94000: system.cpu.iew: IQ has 156 free entries (Can schedule: 0).  LQ has 176 free entries. SQ has 97 free entries.
  94000: system.cpu.commit: Getting instructions from Rename stage.
  94000: system.cpu.commit: Trying to commit instructions in the ROB.
  94000: system.cpu.commit: Trying to commit head instruction, [tid:0] [sn:100]
  94000: system.cpu.commit: Inst [tid:0] [sn:100] PC (0x40101d=>0x40101f).(0=>1) has a fault
  94000: system.cpu.commit: [tid:0] [sn:100] Stores outstanding, fault must wait.
  94000: system.cpu.commit: Unable to commit head instruction PC:(0x40101d=>0x40101f).(0=>1) [tid:0] [sn:100].
  94000: system.cpu.commit: [tid:0] Instruction [sn:100] PC (0x40101d=>0x40101f).(0=>1) is head of ROB and ready to commit
  94000: system.cpu.commit: [tid:0] ROB has 49 insts & 463 free entries.
  94000: system.cpu: Activity: 3
  94000: system.cpu: Scheduling next tick!
  95000: system.cpu: 

O3CPU: Ticking main, O3CPU.
  95000: system.cpu.fetch: Running stage.
  95000: system.cpu.fetch: There are no more threads available to fetch from.
  95000: system.cpu.fetch: [tid:0] Fetch is waiting cache response!
  95000: system.cpu.decode: Processing [tid:0]
  95000: system.cpu.decode: [tid:0] Bypass moves from Rename: 0
  95000: system.cpu.decode: [tid:0] Not blocked, so attempting to run stage.
  95000: system.cpu.decode: [tid:0] Nothing to do, breaking out early.
  95000: system.cpu.rename: Processing [tid:0]
  95000: system.cpu.rename: [tid:0] Free IQ: 156, Free ROB: 463, Free LQ: 176, Free SQ: 97, FreeRM 63(441 464 511 1022 63 8 2523)
  95000: system.cpu.rename: [tid:0] 0 instructions not yet in ROB
  95000: system.cpu.rename: calcFreeLQEntries: free lqEntries: 176, loadsInProgress: 0, loads dispatchedToLQ: 0
  95000: system.cpu.rename: [tid:0] Not blocked, so attempting to run stage.
  95000: system.cpu.rename: [tid:0] Nothing to do, breaking out early.
  95000: system.cpu.iew: Issue: Processing [tid:0]
  95000: system.cpu.iew: [tid:0] Not blocked, so attempting to run dispatch.
  95000: system.cpu.iq: Attempting to schedule ready instructions from the IQ.
  95000: system.cpu.iq: Not able to schedule any instructions.
  95000: system.cpu.iew.lsq: [tid:0] Writing back stores. 1 stores available for Writeback.
  95000: system.cpu.iew: Processing [tid:0]
  95000: system.cpu.iew: [tid:0], Dispatch dispatched 0 instructions.
  95000: system.cpu.iew.lsq.thread0: SQ size: 114, #stores occupied: 17
  95000: system.cpu.iew.lsq.thread0: LQ size: 192, #loads occupied: 16
  95000: system.cpu.iew: IQ has 156 free entries (Can schedule: 0).  LQ has 176 free entries. SQ has 97 free entries.
  95000: system.cpu.commit: Getting instructions from Rename stage.
  95000: system.cpu.commit: Trying to commit instructions in the ROB.
  95000: system.cpu.commit: Trying to commit head instruction, [tid:0] [sn:100]
  95000: system.cpu.commit: Inst [tid:0] [sn:100] PC (0x40101d=>0x40101f).(0=>1) has a fault
  95000: system.cpu.commit: [tid:0] [sn:100] Stores outstanding, fault must wait.
  95000: system.cpu.commit: Unable to commit head instruction PC:(0x40101d=>0x40101f).(0=>1) [tid:0] [sn:100].
  95000: system.cpu.commit: [tid:0] Instruction [sn:100] PC (0x40101d=>0x40101f).(0=>1) is head of ROB and ready to commit
  95000: system.cpu.commit: [tid:0] ROB has 49 insts & 463 free entries.
  95000: system.cpu: Activity: 2
  95000: system.cpu: Scheduling next tick!
  96000: system.cpu: 

O3CPU: Ticking main, O3CPU.
  96000: system.cpu.fetch: Running stage.
  96000: system.cpu.fetch: There are no more threads available to fetch from.
  96000: system.cpu.fetch: [tid:0] Fetch is waiting cache response!
  96000: system.cpu.decode: Processing [tid:0]
  96000: system.cpu.decode: [tid:0] Bypass moves from Rename: 0
  96000: system.cpu.decode: [tid:0] Not blocked, so attempting to run stage.
  96000: system.cpu.decode: [tid:0] Nothing to do, breaking out early.
  96000: system.cpu.rename: Processing [tid:0]
  96000: system.cpu.rename: [tid:0] Free IQ: 156, Free ROB: 463, Free LQ: 176, Free SQ: 97, FreeRM 63(441 464 511 1022 63 8 2523)
  96000: system.cpu.rename: [tid:0] 0 instructions not yet in ROB
  96000: system.cpu.rename: calcFreeLQEntries: free lqEntries: 176, loadsInProgress: 0, loads dispatchedToLQ: 0
  96000: system.cpu.rename: [tid:0] Not blocked, so attempting to run stage.
  96000: system.cpu.rename: [tid:0] Nothing to do, breaking out early.
  96000: system.cpu.iew: Issue: Processing [tid:0]
  96000: system.cpu.iew: [tid:0] Not blocked, so attempting to run dispatch.
  96000: system.cpu.iq: Attempting to schedule ready instructions from the IQ.
  96000: system.cpu.iq: Not able to schedule any instructions.
  96000: system.cpu.iew.lsq: [tid:0] Writing back stores. 1 stores available for Writeback.
  96000: system.cpu.iew: Processing [tid:0]
  96000: system.cpu.iew: [tid:0], Dispatch dispatched 0 instructions.
  96000: system.cpu.iew.lsq.thread0: SQ size: 114, #stores occupied: 17
  96000: system.cpu.iew.lsq.thread0: LQ size: 192, #loads occupied: 16
  96000: system.cpu.iew: IQ has 156 free entries (Can schedule: 0).  LQ has 176 free entries. SQ has 97 free entries.
  96000: system.cpu.commit: Getting instructions from Rename stage.
  96000: system.cpu.commit: Trying to commit instructions in the ROB.
  96000: system.cpu.commit: Trying to commit head instruction, [tid:0] [sn:100]
  96000: system.cpu.commit: Inst [tid:0] [sn:100] PC (0x40101d=>0x40101f).(0=>1) has a fault
  96000: system.cpu.commit: [tid:0] [sn:100] Stores outstanding, fault must wait.
  96000: system.cpu.commit: Unable to commit head instruction PC:(0x40101d=>0x40101f).(0=>1) [tid:0] [sn:100].
  96000: system.cpu.commit: [tid:0] Instruction [sn:100] PC (0x40101d=>0x40101f).(0=>1) is head of ROB and ready to commit
  96000: system.cpu.commit: [tid:0] ROB has 49 insts & 463 free entries.
  96000: system.cpu: Scheduling next tick!
  97000: system.cpu: 

O3CPU: Ticking main, O3CPU.
  97000: system.cpu.fetch: Running stage.
  97000: system.cpu.fetch: There are no more threads available to fetch from.
  97000: system.cpu.fetch: [tid:0] Fetch is waiting cache response!
  97000: system.cpu.decode: Processing [tid:0]
  97000: system.cpu.decode: [tid:0] Bypass moves from Rename: 0
  97000: system.cpu.decode: [tid:0] Not blocked, so attempting to run stage.
  97000: system.cpu.decode: [tid:0] Nothing to do, breaking out early.
  97000: system.cpu.rename: Processing [tid:0]
  97000: system.cpu.rename: [tid:0] Free IQ: 156, Free ROB: 463, Free LQ: 176, Free SQ: 97, FreeRM 63(441 464 511 1022 63 8 2523)
  97000: system.cpu.rename: [tid:0] 0 instructions not yet in ROB
  97000: system.cpu.rename: calcFreeLQEntries: free lqEntries: 176, loadsInProgress: 0, loads dispatchedToLQ: 0
  97000: system.cpu.rename: [tid:0] Not blocked, so attempting to run stage.
  97000: system.cpu.rename: [tid:0] Nothing to do, breaking out early.
  97000: system.cpu.iew: Issue: Processing [tid:0]
  97000: system.cpu.iew: [tid:0] Not blocked, so attempting to run dispatch.
  97000: system.cpu.iq: Attempting to schedule ready instructions from the IQ.
  97000: system.cpu.iq: Not able to schedule any instructions.
  97000: system.cpu.iew.lsq: [tid:0] Writing back stores. 1 stores available for Writeback.
  97000: system.cpu.iew: Processing [tid:0]
  97000: system.cpu.iew: [tid:0], Dispatch dispatched 0 instructions.
  97000: system.cpu.iew.lsq.thread0: SQ size: 114, #stores occupied: 17
  97000: system.cpu.iew.lsq.thread0: LQ size: 192, #loads occupied: 16
  97000: system.cpu.iew: IQ has 156 free entries (Can schedule: 0).  LQ has 176 free entries. SQ has 97 free entries.
  97000: system.cpu.commit: Getting instructions from Rename stage.
  97000: system.cpu.commit: Trying to commit instructions in the ROB.
  97000: system.cpu.commit: Trying to commit head instruction, [tid:0] [sn:100]
  97000: system.cpu.commit: Inst [tid:0] [sn:100] PC (0x40101d=>0x40101f).(0=>1) has a fault
  97000: system.cpu.commit: [tid:0] [sn:100] Stores outstanding, fault must wait.
  97000: system.cpu.commit: Unable to commit head instruction PC:(0x40101d=>0x40101f).(0=>1) [tid:0] [sn:100].
  97000: system.cpu.commit: [tid:0] Instruction [sn:100] PC (0x40101d=>0x40101f).(0=>1) is head of ROB and ready to commit
  97000: system.cpu.commit: [tid:0] ROB has 49 insts & 463 free entries.
  97000: system.cpu: Activity: 1
  97000: system.cpu: Scheduling next tick!
  98000: system.cpu: 

O3CPU: Ticking main, O3CPU.
  98000: system.cpu.fetch: Running stage.
  98000: system.cpu.fetch: There are no more threads available to fetch from.
  98000: system.cpu.fetch: [tid:0] Fetch is waiting cache response!
  98000: system.cpu.decode: Processing [tid:0]
  98000: system.cpu.decode: [tid:0] Bypass moves from Rename: 0
  98000: system.cpu.decode: [tid:0] Not blocked, so attempting to run stage.
  98000: system.cpu.decode: [tid:0] Nothing to do, breaking out early.
  98000: system.cpu.rename: Processing [tid:0]
  98000: system.cpu.rename: [tid:0] Free IQ: 156, Free ROB: 463, Free LQ: 176, Free SQ: 97, FreeRM 63(441 464 511 1022 63 8 2523)
  98000: system.cpu.rename: [tid:0] 0 instructions not yet in ROB
  98000: system.cpu.rename: calcFreeLQEntries: free lqEntries: 176, loadsInProgress: 0, loads dispatchedToLQ: 0
  98000: system.cpu.rename: [tid:0] Not blocked, so attempting to run stage.
  98000: system.cpu.rename: [tid:0] Nothing to do, breaking out early.
  98000: system.cpu.iew: Issue: Processing [tid:0]
  98000: system.cpu.iew: [tid:0] Not blocked, so attempting to run dispatch.
  98000: system.cpu.iq: Attempting to schedule ready instructions from the IQ.
  98000: system.cpu.iq: Not able to schedule any instructions.
  98000: system.cpu.iew.lsq: [tid:0] Writing back stores. 1 stores available for Writeback.
  98000: system.cpu.iew: Processing [tid:0]
  98000: system.cpu.iew: [tid:0], Dispatch dispatched 0 instructions.
  98000: system.cpu.iew.lsq.thread0: SQ size: 114, #stores occupied: 17
  98000: system.cpu.iew.lsq.thread0: LQ size: 192, #loads occupied: 16
  98000: system.cpu.iew: IQ has 156 free entries (Can schedule: 0).  LQ has 176 free entries. SQ has 97 free entries.
  98000: system.cpu.commit: Getting instructions from Rename stage.
  98000: system.cpu.commit: Trying to commit instructions in the ROB.
  98000: system.cpu.commit: Trying to commit head instruction, [tid:0] [sn:100]
  98000: system.cpu.commit: Inst [tid:0] [sn:100] PC (0x40101d=>0x40101f).(0=>1) has a fault
  98000: system.cpu.commit: [tid:0] [sn:100] Stores outstanding, fault must wait.
  98000: system.cpu.commit: Unable to commit head instruction PC:(0x40101d=>0x40101f).(0=>1) [tid:0] [sn:100].
  98000: system.cpu.commit: [tid:0] Instruction [sn:100] PC (0x40101d=>0x40101f).(0=>1) is head of ROB and ready to commit
  98000: system.cpu.commit: [tid:0] ROB has 49 insts & 463 free entries.
  98000: system.cpu: Scheduling next tick!
  99000: system.cpu: 

O3CPU: Ticking main, O3CPU.
  99000: system.cpu.fetch: Running stage.
  99000: system.cpu.fetch: There are no more threads available to fetch from.
  99000: system.cpu.fetch: [tid:0] Fetch is waiting cache response!
  99000: system.cpu.decode: Processing [tid:0]
  99000: system.cpu.decode: [tid:0] Bypass moves from Rename: 0
  99000: system.cpu.decode: [tid:0] Not blocked, so attempting to run stage.
  99000: system.cpu.decode: [tid:0] Nothing to do, breaking out early.
  99000: system.cpu.rename: Processing [tid:0]
  99000: system.cpu.rename: [tid:0] Free IQ: 156, Free ROB: 463, Free LQ: 176, Free SQ: 97, FreeRM 63(441 464 511 1022 63 8 2523)
  99000: system.cpu.rename: [tid:0] 0 instructions not yet in ROB
  99000: system.cpu.rename: calcFreeLQEntries: free lqEntries: 176, loadsInProgress: 0, loads dispatchedToLQ: 0
  99000: system.cpu.rename: [tid:0] Not blocked, so attempting to run stage.
  99000: system.cpu.rename: [tid:0] Nothing to do, breaking out early.
  99000: system.cpu.iew: Issue: Processing [tid:0]
  99000: system.cpu.iew: [tid:0] Not blocked, so attempting to run dispatch.
  99000: system.cpu.iq: Attempting to schedule ready instructions from the IQ.
  99000: system.cpu.iq: Not able to schedule any instructions.
  99000: system.cpu.iew.lsq: [tid:0] Writing back stores. 1 stores available for Writeback.
  99000: system.cpu.iew: Processing [tid:0]
  99000: system.cpu.iew: [tid:0], Dispatch dispatched 0 instructions.
  99000: system.cpu.iew.lsq.thread0: SQ size: 114, #stores occupied: 17
  99000: system.cpu.iew.lsq.thread0: LQ size: 192, #loads occupied: 16
  99000: system.cpu.iew: IQ has 156 free entries (Can schedule: 0).  LQ has 176 free entries. SQ has 97 free entries.
  99000: system.cpu.commit: Getting instructions from Rename stage.
  99000: system.cpu.commit: Trying to commit instructions in the ROB.
  99000: system.cpu.commit: Trying to commit head instruction, [tid:0] [sn:100]
  99000: system.cpu.commit: Inst [tid:0] [sn:100] PC (0x40101d=>0x40101f).(0=>1) has a fault
  99000: system.cpu.commit: [tid:0] [sn:100] Stores outstanding, fault must wait.
  99000: system.cpu.commit: Unable to commit head instruction PC:(0x40101d=>0x40101f).(0=>1) [tid:0] [sn:100].
  99000: system.cpu.commit: [tid:0] Instruction [sn:100] PC (0x40101d=>0x40101f).(0=>1) is head of ROB and ready to commit
  99000: system.cpu.commit: [tid:0] ROB has 49 insts & 463 free entries.
  99000: system.cpu: Scheduling next tick!
 100000: system.cpu: 

O3CPU: Ticking main, O3CPU.
 100000: system.cpu.fetch: Running stage.
 100000: system.cpu.fetch: There are no more threads available to fetch from.
 100000: system.cpu.fetch: [tid:0] Fetch is waiting cache response!
 100000: system.cpu.decode: Processing [tid:0]
 100000: system.cpu.decode: [tid:0] Bypass moves from Rename: 0
 100000: system.cpu.decode: [tid:0] Not blocked, so attempting to run stage.
 100000: system.cpu.decode: [tid:0] Nothing to do, breaking out early.
 100000: system.cpu.rename: Processing [tid:0]
 100000: system.cpu.rename: [tid:0] Free IQ: 156, Free ROB: 463, Free LQ: 176, Free SQ: 97, FreeRM 63(441 464 511 1022 63 8 2523)
 100000: system.cpu.rename: [tid:0] 0 instructions not yet in ROB
 100000: system.cpu.rename: calcFreeLQEntries: free lqEntries: 176, loadsInProgress: 0, loads dispatchedToLQ: 0
 100000: system.cpu.rename: [tid:0] Not blocked, so attempting to run stage.
 100000: system.cpu.rename: [tid:0] Nothing to do, breaking out early.
 100000: system.cpu.iew: Issue: Processing [tid:0]
 100000: system.cpu.iew: [tid:0] Not blocked, so attempting to run dispatch.
 100000: system.cpu.iq: Attempting to schedule ready instructions from the IQ.
 100000: system.cpu.iq: Not able to schedule any instructions.
 100000: system.cpu.iew.lsq: [tid:0] Writing back stores. 1 stores available for Writeback.
 100000: system.cpu.iew: Processing [tid:0]
 100000: system.cpu.iew: [tid:0], Dispatch dispatched 0 instructions.
 100000: system.cpu.iew.lsq.thread0: SQ size: 114, #stores occupied: 17
 100000: system.cpu.iew.lsq.thread0: LQ size: 192, #loads occupied: 16
 100000: system.cpu.iew: IQ has 156 free entries (Can schedule: 0).  LQ has 176 free entries. SQ has 97 free entries.
 100000: system.cpu.commit: Getting instructions from Rename stage.
 100000: system.cpu.commit: Trying to commit instructions in the ROB.
 100000: system.cpu.commit: Trying to commit head instruction, [tid:0] [sn:100]
 100000: system.cpu.commit: Inst [tid:0] [sn:100] PC (0x40101d=>0x40101f).(0=>1) has a fault
 100000: system.cpu.commit: [tid:0] [sn:100] Stores outstanding, fault must wait.
 100000: system.cpu.commit: Unable to commit head instruction PC:(0x40101d=>0x40101f).(0=>1) [tid:0] [sn:100].
 100000: system.cpu.commit: [tid:0] Instruction [sn:100] PC (0x40101d=>0x40101f).(0=>1) is head of ROB and ready to commit
 100000: system.cpu.commit: [tid:0] ROB has 49 insts & 463 free entries.
 100000: system.cpu: Scheduling next tick!
 101000: system.cpu: 

O3CPU: Ticking main, O3CPU.
 101000: system.cpu.fetch: Running stage.
 101000: system.cpu.fetch: There are no more threads available to fetch from.
 101000: system.cpu.fetch: [tid:0] Fetch is waiting cache response!
 101000: system.cpu.decode: Processing [tid:0]
 101000: system.cpu.decode: [tid:0] Bypass moves from Rename: 0
 101000: system.cpu.decode: [tid:0] Not blocked, so attempting to run stage.
 101000: system.cpu.decode: [tid:0] Nothing to do, breaking out early.
 101000: system.cpu.rename: Processing [tid:0]
 101000: system.cpu.rename: [tid:0] Free IQ: 156, Free ROB: 463, Free LQ: 176, Free SQ: 97, FreeRM 63(441 464 511 1022 63 8 2523)
 101000: system.cpu.rename: [tid:0] 0 instructions not yet in ROB
 101000: system.cpu.rename: calcFreeLQEntries: free lqEntries: 176, loadsInProgress: 0, loads dispatchedToLQ: 0
 101000: system.cpu.rename: [tid:0] Not blocked, so attempting to run stage.
 101000: system.cpu.rename: [tid:0] Nothing to do, breaking out early.
 101000: system.cpu.iew: Issue: Processing [tid:0]
 101000: system.cpu.iew: [tid:0] Not blocked, so attempting to run dispatch.
 101000: system.cpu.iq: Attempting to schedule ready instructions from the IQ.
 101000: system.cpu.iq: Not able to schedule any instructions.
 101000: system.cpu.iew.lsq: [tid:0] Writing back stores. 1 stores available for Writeback.
 101000: system.cpu.iew: Processing [tid:0]
 101000: system.cpu.iew: [tid:0], Dispatch dispatched 0 instructions.
 101000: system.cpu.iew.lsq.thread0: SQ size: 114, #stores occupied: 17
 101000: system.cpu.iew.lsq.thread0: LQ size: 192, #loads occupied: 16
 101000: system.cpu.iew: IQ has 156 free entries (Can schedule: 0).  LQ has 176 free entries. SQ has 97 free entries.
 101000: system.cpu.commit: Getting instructions from Rename stage.
 101000: system.cpu.commit: Trying to commit instructions in the ROB.
 101000: system.cpu.commit: Trying to commit head instruction, [tid:0] [sn:100]
 101000: system.cpu.commit: Inst [tid:0] [sn:100] PC (0x40101d=>0x40101f).(0=>1) has a fault
 101000: system.cpu.commit: [tid:0] [sn:100] Stores outstanding, fault must wait.
 101000: system.cpu.commit: Unable to commit head instruction PC:(0x40101d=>0x40101f).(0=>1) [tid:0] [sn:100].
 101000: system.cpu.commit: [tid:0] Instruction [sn:100] PC (0x40101d=>0x40101f).(0=>1) is head of ROB and ready to commit
 101000: system.cpu.commit: [tid:0] ROB has 49 insts & 463 free entries.
 101000: system.cpu: Scheduling next tick!
 102000: system.cpu: 

O3CPU: Ticking main, O3CPU.
 102000: system.cpu.fetch: Running stage.
 102000: system.cpu.fetch: There are no more threads available to fetch from.
 102000: system.cpu.fetch: [tid:0] Fetch is waiting cache response!
 102000: system.cpu.decode: Processing [tid:0]
 102000: system.cpu.decode: [tid:0] Bypass moves from Rename: 0
 102000: system.cpu.decode: [tid:0] Not blocked, so attempting to run stage.
 102000: system.cpu.decode: [tid:0] Nothing to do, breaking out early.
 102000: system.cpu.rename: Processing [tid:0]
 102000: system.cpu.rename: [tid:0] Free IQ: 156, Free ROB: 463, Free LQ: 176, Free SQ: 97, FreeRM 63(441 464 511 1022 63 8 2523)
 102000: system.cpu.rename: [tid:0] 0 instructions not yet in ROB
 102000: system.cpu.rename: calcFreeLQEntries: free lqEntries: 176, loadsInProgress: 0, loads dispatchedToLQ: 0
 102000: system.cpu.rename: [tid:0] Not blocked, so attempting to run stage.
 102000: system.cpu.rename: [tid:0] Nothing to do, breaking out early.
 102000: system.cpu.iew: Issue: Processing [tid:0]
 102000: system.cpu.iew: [tid:0] Not blocked, so attempting to run dispatch.
 102000: system.cpu.iq: Attempting to schedule ready instructions from the IQ.
 102000: system.cpu.iq: Not able to schedule any instructions.
 102000: system.cpu.iew.lsq: [tid:0] Writing back stores. 1 stores available for Writeback.
 102000: system.cpu.iew: Processing [tid:0]
 102000: system.cpu.iew: [tid:0], Dispatch dispatched 0 instructions.
 102000: system.cpu.iew.lsq.thread0: SQ size: 114, #stores occupied: 17
 102000: system.cpu.iew.lsq.thread0: LQ size: 192, #loads occupied: 16
 102000: system.cpu.iew: IQ has 156 free entries (Can schedule: 0).  LQ has 176 free entries. SQ has 97 free entries.
 102000: system.cpu.commit: Getting instructions from Rename stage.
 102000: system.cpu.commit: Trying to commit instructions in the ROB.
 102000: system.cpu.commit: Trying to commit head instruction, [tid:0] [sn:100]
 102000: system.cpu.commit: Inst [tid:0] [sn:100] PC (0x40101d=>0x40101f).(0=>1) has a fault
 102000: system.cpu.commit: [tid:0] [sn:100] Stores outstanding, fault must wait.
 102000: system.cpu.commit: Unable to commit head instruction PC:(0x40101d=>0x40101f).(0=>1) [tid:0] [sn:100].
 102000: system.cpu.commit: [tid:0] Instruction [sn:100] PC (0x40101d=>0x40101f).(0=>1) is head of ROB and ready to commit
 102000: system.cpu.commit: [tid:0] ROB has 49 insts & 463 free entries.
 102000: system.cpu: Scheduling next tick!
 103000: system.cpu: 

O3CPU: Ticking main, O3CPU.
 103000: system.cpu.fetch: Running stage.
 103000: system.cpu.fetch: There are no more threads available to fetch from.
 103000: system.cpu.fetch: [tid:0] Fetch is waiting cache response!
 103000: system.cpu.decode: Processing [tid:0]
 103000: system.cpu.decode: [tid:0] Bypass moves from Rename: 0
 103000: system.cpu.decode: [tid:0] Not blocked, so attempting to run stage.
 103000: system.cpu.decode: [tid:0] Nothing to do, breaking out early.
 103000: system.cpu.rename: Processing [tid:0]
 103000: system.cpu.rename: [tid:0] Free IQ: 156, Free ROB: 463, Free LQ: 176, Free SQ: 97, FreeRM 63(441 464 511 1022 63 8 2523)
 103000: system.cpu.rename: [tid:0] 0 instructions not yet in ROB
 103000: system.cpu.rename: calcFreeLQEntries: free lqEntries: 176, loadsInProgress: 0, loads dispatchedToLQ: 0
 103000: system.cpu.rename: [tid:0] Not blocked, so attempting to run stage.
 103000: system.cpu.rename: [tid:0] Nothing to do, breaking out early.
 103000: system.cpu.iew: Issue: Processing [tid:0]
 103000: system.cpu.iew: [tid:0] Not blocked, so attempting to run dispatch.
 103000: system.cpu.iq: Attempting to schedule ready instructions from the IQ.
 103000: system.cpu.iq: Not able to schedule any instructions.
 103000: system.cpu.iew.lsq: [tid:0] Writing back stores. 1 stores available for Writeback.
 103000: system.cpu.iew: Processing [tid:0]
 103000: system.cpu.iew: [tid:0], Dispatch dispatched 0 instructions.
 103000: system.cpu.iew.lsq.thread0: SQ size: 114, #stores occupied: 17
 103000: system.cpu.iew.lsq.thread0: LQ size: 192, #loads occupied: 16
 103000: system.cpu.iew: IQ has 156 free entries (Can schedule: 0).  LQ has 176 free entries. SQ has 97 free entries.
 103000: system.cpu.commit: Getting instructions from Rename stage.
 103000: system.cpu.commit: Trying to commit instructions in the ROB.
 103000: system.cpu.commit: Trying to commit head instruction, [tid:0] [sn:100]
 103000: system.cpu.commit: Inst [tid:0] [sn:100] PC (0x40101d=>0x40101f).(0=>1) has a fault
 103000: system.cpu.commit: [tid:0] [sn:100] Stores outstanding, fault must wait.
 103000: system.cpu.commit: Unable to commit head instruction PC:(0x40101d=>0x40101f).(0=>1) [tid:0] [sn:100].
 103000: system.cpu.commit: [tid:0] Instruction [sn:100] PC (0x40101d=>0x40101f).(0=>1) is head of ROB and ready to commit
 103000: system.cpu.commit: [tid:0] ROB has 49 insts & 463 free entries.
 103000: system.cpu: Scheduling next tick!
 104000: system.cpu: 

O3CPU: Ticking main, O3CPU.
 104000: system.cpu.fetch: Running stage.
 104000: system.cpu.fetch: There are no more threads available to fetch from.
 104000: system.cpu.fetch: [tid:0] Fetch is waiting cache response!
 104000: system.cpu.decode: Processing [tid:0]
 104000: system.cpu.decode: [tid:0] Bypass moves from Rename: 0
 104000: system.cpu.decode: [tid:0] Not blocked, so attempting to run stage.
 104000: system.cpu.decode: [tid:0] Nothing to do, breaking out early.
 104000: system.cpu.rename: Processing [tid:0]
 104000: system.cpu.rename: [tid:0] Free IQ: 156, Free ROB: 463, Free LQ: 176, Free SQ: 97, FreeRM 63(441 464 511 1022 63 8 2523)
 104000: system.cpu.rename: [tid:0] 0 instructions not yet in ROB
 104000: system.cpu.rename: calcFreeLQEntries: free lqEntries: 176, loadsInProgress: 0, loads dispatchedToLQ: 0
 104000: system.cpu.rename: [tid:0] Not blocked, so attempting to run stage.
 104000: system.cpu.rename: [tid:0] Nothing to do, breaking out early.
 104000: system.cpu.iew: Issue: Processing [tid:0]
 104000: system.cpu.iew: [tid:0] Not blocked, so attempting to run dispatch.
 104000: system.cpu.iq: Attempting to schedule ready instructions from the IQ.
 104000: system.cpu.iq: Not able to schedule any instructions.
 104000: system.cpu.iew.lsq: [tid:0] Writing back stores. 1 stores available for Writeback.
 104000: system.cpu.iew: Processing [tid:0]
 104000: system.cpu.iew: [tid:0], Dispatch dispatched 0 instructions.
 104000: system.cpu.iew.lsq.thread0: SQ size: 114, #stores occupied: 17
 104000: system.cpu.iew.lsq.thread0: LQ size: 192, #loads occupied: 16
 104000: system.cpu.iew: IQ has 156 free entries (Can schedule: 0).  LQ has 176 free entries. SQ has 97 free entries.
 104000: system.cpu.commit: Getting instructions from Rename stage.
 104000: system.cpu.commit: Trying to commit instructions in the ROB.
 104000: system.cpu.commit: Trying to commit head instruction, [tid:0] [sn:100]
 104000: system.cpu.commit: Inst [tid:0] [sn:100] PC (0x40101d=>0x40101f).(0=>1) has a fault
 104000: system.cpu.commit: [tid:0] [sn:100] Stores outstanding, fault must wait.
 104000: system.cpu.commit: Unable to commit head instruction PC:(0x40101d=>0x40101f).(0=>1) [tid:0] [sn:100].
 104000: system.cpu.commit: [tid:0] Instruction [sn:100] PC (0x40101d=>0x40101f).(0=>1) is head of ROB and ready to commit
 104000: system.cpu.commit: [tid:0] ROB has 49 insts & 463 free entries.
 104000: system.cpu: Scheduling next tick!
 105000: system.cpu: 

O3CPU: Ticking main, O3CPU.
 105000: system.cpu.fetch: Running stage.
 105000: system.cpu.fetch: There are no more threads available to fetch from.
 105000: system.cpu.fetch: [tid:0] Fetch is waiting cache response!
 105000: system.cpu.decode: Processing [tid:0]
 105000: system.cpu.decode: [tid:0] Bypass moves from Rename: 0
 105000: system.cpu.decode: [tid:0] Not blocked, so attempting to run stage.
 105000: system.cpu.decode: [tid:0] Nothing to do, breaking out early.
 105000: system.cpu.rename: Processing [tid:0]
 105000: system.cpu.rename: [tid:0] Free IQ: 156, Free ROB: 463, Free LQ: 176, Free SQ: 97, FreeRM 63(441 464 511 1022 63 8 2523)
 105000: system.cpu.rename: [tid:0] 0 instructions not yet in ROB
 105000: system.cpu.rename: calcFreeLQEntries: free lqEntries: 176, loadsInProgress: 0, loads dispatchedToLQ: 0
 105000: system.cpu.rename: [tid:0] Not blocked, so attempting to run stage.
 105000: system.cpu.rename: [tid:0] Nothing to do, breaking out early.
 105000: system.cpu.iew: Issue: Processing [tid:0]
 105000: system.cpu.iew: [tid:0] Not blocked, so attempting to run dispatch.
 105000: system.cpu.iq: Attempting to schedule ready instructions from the IQ.
 105000: system.cpu.iq: Not able to schedule any instructions.
 105000: system.cpu.iew.lsq: [tid:0] Writing back stores. 1 stores available for Writeback.
 105000: system.cpu.iew: Processing [tid:0]
 105000: system.cpu.iew: [tid:0], Dispatch dispatched 0 instructions.
 105000: system.cpu.iew.lsq.thread0: SQ size: 114, #stores occupied: 17
 105000: system.cpu.iew.lsq.thread0: LQ size: 192, #loads occupied: 16
 105000: system.cpu.iew: IQ has 156 free entries (Can schedule: 0).  LQ has 176 free entries. SQ has 97 free entries.
 105000: system.cpu.commit: Getting instructions from Rename stage.
 105000: system.cpu.commit: Trying to commit instructions in the ROB.
 105000: system.cpu.commit: Trying to commit head instruction, [tid:0] [sn:100]
 105000: system.cpu.commit: Inst [tid:0] [sn:100] PC (0x40101d=>0x40101f).(0=>1) has a fault
 105000: system.cpu.commit: [tid:0] [sn:100] Stores outstanding, fault must wait.
 105000: system.cpu.commit: Unable to commit head instruction PC:(0x40101d=>0x40101f).(0=>1) [tid:0] [sn:100].
 105000: system.cpu.commit: [tid:0] Instruction [sn:100] PC (0x40101d=>0x40101f).(0=>1) is head of ROB and ready to commit
 105000: system.cpu.commit: [tid:0] ROB has 49 insts & 463 free entries.
 105000: system.cpu: Scheduling next tick!
 106000: system.cpu: 

O3CPU: Ticking main, O3CPU.
 106000: system.cpu.fetch: Running stage.
 106000: system.cpu.fetch: There are no more threads available to fetch from.
 106000: system.cpu.fetch: [tid:0] Fetch is waiting cache response!
 106000: system.cpu.decode: Processing [tid:0]
 106000: system.cpu.decode: [tid:0] Bypass moves from Rename: 0
 106000: system.cpu.decode: [tid:0] Not blocked, so attempting to run stage.
 106000: system.cpu.decode: [tid:0] Nothing to do, breaking out early.
 106000: system.cpu.rename: Processing [tid:0]
 106000: system.cpu.rename: [tid:0] Free IQ: 156, Free ROB: 463, Free LQ: 176, Free SQ: 97, FreeRM 63(441 464 511 1022 63 8 2523)
 106000: system.cpu.rename: [tid:0] 0 instructions not yet in ROB
 106000: system.cpu.rename: calcFreeLQEntries: free lqEntries: 176, loadsInProgress: 0, loads dispatchedToLQ: 0
 106000: system.cpu.rename: [tid:0] Not blocked, so attempting to run stage.
 106000: system.cpu.rename: [tid:0] Nothing to do, breaking out early.
 106000: system.cpu.iew: Issue: Processing [tid:0]
 106000: system.cpu.iew: [tid:0] Not blocked, so attempting to run dispatch.
 106000: system.cpu.iq: Attempting to schedule ready instructions from the IQ.
 106000: system.cpu.iq: Not able to schedule any instructions.
 106000: system.cpu.iew.lsq: [tid:0] Writing back stores. 1 stores available for Writeback.
 106000: system.cpu.iew: Processing [tid:0]
 106000: system.cpu.iew: [tid:0], Dispatch dispatched 0 instructions.
 106000: system.cpu.iew.lsq.thread0: SQ size: 114, #stores occupied: 17
 106000: system.cpu.iew.lsq.thread0: LQ size: 192, #loads occupied: 16
 106000: system.cpu.iew: IQ has 156 free entries (Can schedule: 0).  LQ has 176 free entries. SQ has 97 free entries.
 106000: system.cpu.commit: Getting instructions from Rename stage.
 106000: system.cpu.commit: Trying to commit instructions in the ROB.
 106000: system.cpu.commit: Trying to commit head instruction, [tid:0] [sn:100]
 106000: system.cpu.commit: Inst [tid:0] [sn:100] PC (0x40101d=>0x40101f).(0=>1) has a fault
 106000: system.cpu.commit: [tid:0] [sn:100] Stores outstanding, fault must wait.
 106000: system.cpu.commit: Unable to commit head instruction PC:(0x40101d=>0x40101f).(0=>1) [tid:0] [sn:100].
 106000: system.cpu.commit: [tid:0] Instruction [sn:100] PC (0x40101d=>0x40101f).(0=>1) is head of ROB and ready to commit
 106000: system.cpu.commit: [tid:0] ROB has 49 insts & 463 free entries.
 106000: system.cpu: Scheduling next tick!
 107000: system.cpu: 

O3CPU: Ticking main, O3CPU.
 107000: system.cpu.fetch: Running stage.
 107000: system.cpu.fetch: There are no more threads available to fetch from.
 107000: system.cpu.fetch: [tid:0] Fetch is waiting cache response!
 107000: system.cpu.decode: Processing [tid:0]
 107000: system.cpu.decode: [tid:0] Bypass moves from Rename: 0
 107000: system.cpu.decode: [tid:0] Not blocked, so attempting to run stage.
 107000: system.cpu.decode: [tid:0] Nothing to do, breaking out early.
 107000: system.cpu.rename: Processing [tid:0]
 107000: system.cpu.rename: [tid:0] Free IQ: 156, Free ROB: 463, Free LQ: 176, Free SQ: 97, FreeRM 63(441 464 511 1022 63 8 2523)
 107000: system.cpu.rename: [tid:0] 0 instructions not yet in ROB
 107000: system.cpu.rename: calcFreeLQEntries: free lqEntries: 176, loadsInProgress: 0, loads dispatchedToLQ: 0
 107000: system.cpu.rename: [tid:0] Not blocked, so attempting to run stage.
 107000: system.cpu.rename: [tid:0] Nothing to do, breaking out early.
 107000: system.cpu.iew: Issue: Processing [tid:0]
 107000: system.cpu.iew: [tid:0] Not blocked, so attempting to run dispatch.
 107000: system.cpu.iq: Attempting to schedule ready instructions from the IQ.
 107000: system.cpu.iq: Not able to schedule any instructions.
 107000: system.cpu.iew.lsq: [tid:0] Writing back stores. 1 stores available for Writeback.
 107000: system.cpu.iew: Processing [tid:0]
 107000: system.cpu.iew: [tid:0], Dispatch dispatched 0 instructions.
 107000: system.cpu.iew.lsq.thread0: SQ size: 114, #stores occupied: 17
 107000: system.cpu.iew.lsq.thread0: LQ size: 192, #loads occupied: 16
 107000: system.cpu.iew: IQ has 156 free entries (Can schedule: 0).  LQ has 176 free entries. SQ has 97 free entries.
 107000: system.cpu.commit: Getting instructions from Rename stage.
 107000: system.cpu.commit: Trying to commit instructions in the ROB.
 107000: system.cpu.commit: Trying to commit head instruction, [tid:0] [sn:100]
 107000: system.cpu.commit: Inst [tid:0] [sn:100] PC (0x40101d=>0x40101f).(0=>1) has a fault
 107000: system.cpu.commit: [tid:0] [sn:100] Stores outstanding, fault must wait.
 107000: system.cpu.commit: Unable to commit head instruction PC:(0x40101d=>0x40101f).(0=>1) [tid:0] [sn:100].
 107000: system.cpu.commit: [tid:0] Instruction [sn:100] PC (0x40101d=>0x40101f).(0=>1) is head of ROB and ready to commit
 107000: system.cpu.commit: [tid:0] ROB has 49 insts & 463 free entries.
 107000: system.cpu: Scheduling next tick!
 108000: system.cpu: 

O3CPU: Ticking main, O3CPU.
 108000: system.cpu.fetch: Running stage.
 108000: system.cpu.fetch: There are no more threads available to fetch from.
 108000: system.cpu.fetch: [tid:0] Fetch is waiting cache response!
 108000: system.cpu.decode: Processing [tid:0]
 108000: system.cpu.decode: [tid:0] Bypass moves from Rename: 0
 108000: system.cpu.decode: [tid:0] Not blocked, so attempting to run stage.
 108000: system.cpu.decode: [tid:0] Nothing to do, breaking out early.
 108000: system.cpu.rename: Processing [tid:0]
 108000: system.cpu.rename: [tid:0] Free IQ: 156, Free ROB: 463, Free LQ: 176, Free SQ: 97, FreeRM 63(441 464 511 1022 63 8 2523)
 108000: system.cpu.rename: [tid:0] 0 instructions not yet in ROB
 108000: system.cpu.rename: calcFreeLQEntries: free lqEntries: 176, loadsInProgress: 0, loads dispatchedToLQ: 0
 108000: system.cpu.rename: [tid:0] Not blocked, so attempting to run stage.
 108000: system.cpu.rename: [tid:0] Nothing to do, breaking out early.
 108000: system.cpu.iew: Issue: Processing [tid:0]
 108000: system.cpu.iew: [tid:0] Not blocked, so attempting to run dispatch.
 108000: system.cpu.iq: Attempting to schedule ready instructions from the IQ.
 108000: system.cpu.iq: Not able to schedule any instructions.
 108000: system.cpu.iew.lsq: [tid:0] Writing back stores. 1 stores available for Writeback.
 108000: system.cpu.iew: Processing [tid:0]
 108000: system.cpu.iew: [tid:0], Dispatch dispatched 0 instructions.
 108000: system.cpu.iew.lsq.thread0: SQ size: 114, #stores occupied: 17
 108000: system.cpu.iew.lsq.thread0: LQ size: 192, #loads occupied: 16
 108000: system.cpu.iew: IQ has 156 free entries (Can schedule: 0).  LQ has 176 free entries. SQ has 97 free entries.
 108000: system.cpu.commit: Getting instructions from Rename stage.
 108000: system.cpu.commit: Trying to commit instructions in the ROB.
 108000: system.cpu.commit: Trying to commit head instruction, [tid:0] [sn:100]
 108000: system.cpu.commit: Inst [tid:0] [sn:100] PC (0x40101d=>0x40101f).(0=>1) has a fault
 108000: system.cpu.commit: [tid:0] [sn:100] Stores outstanding, fault must wait.
 108000: system.cpu.commit: Unable to commit head instruction PC:(0x40101d=>0x40101f).(0=>1) [tid:0] [sn:100].
 108000: system.cpu.commit: [tid:0] Instruction [sn:100] PC (0x40101d=>0x40101f).(0=>1) is head of ROB and ready to commit
 108000: system.cpu.commit: [tid:0] ROB has 49 insts & 463 free entries.
 108000: system.cpu: Scheduling next tick!
 109000: system.cpu: 

O3CPU: Ticking main, O3CPU.
 109000: system.cpu.fetch: Running stage.
 109000: system.cpu.fetch: There are no more threads available to fetch from.
 109000: system.cpu.fetch: [tid:0] Fetch is waiting cache response!
 109000: system.cpu.decode: Processing [tid:0]
 109000: system.cpu.decode: [tid:0] Bypass moves from Rename: 0
 109000: system.cpu.decode: [tid:0] Not blocked, so attempting to run stage.
 109000: system.cpu.decode: [tid:0] Nothing to do, breaking out early.
 109000: system.cpu.rename: Processing [tid:0]
 109000: system.cpu.rename: [tid:0] Free IQ: 156, Free ROB: 463, Free LQ: 176, Free SQ: 97, FreeRM 63(441 464 511 1022 63 8 2523)
 109000: system.cpu.rename: [tid:0] 0 instructions not yet in ROB
 109000: system.cpu.rename: calcFreeLQEntries: free lqEntries: 176, loadsInProgress: 0, loads dispatchedToLQ: 0
 109000: system.cpu.rename: [tid:0] Not blocked, so attempting to run stage.
 109000: system.cpu.rename: [tid:0] Nothing to do, breaking out early.
 109000: system.cpu.iew: Issue: Processing [tid:0]
 109000: system.cpu.iew: [tid:0] Not blocked, so attempting to run dispatch.
 109000: system.cpu.iq: Attempting to schedule ready instructions from the IQ.
 109000: system.cpu.iq: Not able to schedule any instructions.
 109000: system.cpu.iew.lsq: [tid:0] Writing back stores. 1 stores available for Writeback.
 109000: system.cpu.iew: Processing [tid:0]
 109000: system.cpu.iew: [tid:0], Dispatch dispatched 0 instructions.
 109000: system.cpu.iew.lsq.thread0: SQ size: 114, #stores occupied: 17
 109000: system.cpu.iew.lsq.thread0: LQ size: 192, #loads occupied: 16
 109000: system.cpu.iew: IQ has 156 free entries (Can schedule: 0).  LQ has 176 free entries. SQ has 97 free entries.
 109000: system.cpu.commit: Getting instructions from Rename stage.
 109000: system.cpu.commit: Trying to commit instructions in the ROB.
 109000: system.cpu.commit: Trying to commit head instruction, [tid:0] [sn:100]
 109000: system.cpu.commit: Inst [tid:0] [sn:100] PC (0x40101d=>0x40101f).(0=>1) has a fault
 109000: system.cpu.commit: [tid:0] [sn:100] Stores outstanding, fault must wait.
 109000: system.cpu.commit: Unable to commit head instruction PC:(0x40101d=>0x40101f).(0=>1) [tid:0] [sn:100].
 109000: system.cpu.commit: [tid:0] Instruction [sn:100] PC (0x40101d=>0x40101f).(0=>1) is head of ROB and ready to commit
 109000: system.cpu.commit: [tid:0] ROB has 49 insts & 463 free entries.
 109000: system.cpu: Scheduling next tick!
 110000: system.cpu: 

O3CPU: Ticking main, O3CPU.
 110000: system.cpu.fetch: Running stage.
 110000: system.cpu.fetch: There are no more threads available to fetch from.
 110000: system.cpu.fetch: [tid:0] Fetch is waiting cache response!
 110000: system.cpu.decode: Processing [tid:0]
 110000: system.cpu.decode: [tid:0] Bypass moves from Rename: 0
 110000: system.cpu.decode: [tid:0] Not blocked, so attempting to run stage.
 110000: system.cpu.decode: [tid:0] Nothing to do, breaking out early.
 110000: system.cpu.rename: Processing [tid:0]
 110000: system.cpu.rename: [tid:0] Free IQ: 156, Free ROB: 463, Free LQ: 176, Free SQ: 97, FreeRM 63(441 464 511 1022 63 8 2523)
 110000: system.cpu.rename: [tid:0] 0 instructions not yet in ROB
 110000: system.cpu.rename: calcFreeLQEntries: free lqEntries: 176, loadsInProgress: 0, loads dispatchedToLQ: 0
 110000: system.cpu.rename: [tid:0] Not blocked, so attempting to run stage.
 110000: system.cpu.rename: [tid:0] Nothing to do, breaking out early.
 110000: system.cpu.iew: Issue: Processing [tid:0]
 110000: system.cpu.iew: [tid:0] Not blocked, so attempting to run dispatch.
 110000: system.cpu.iq: Attempting to schedule ready instructions from the IQ.
 110000: system.cpu.iq: Not able to schedule any instructions.
 110000: system.cpu.iew.lsq: [tid:0] Writing back stores. 1 stores available for Writeback.
 110000: system.cpu.iew: Processing [tid:0]
 110000: system.cpu.iew: [tid:0], Dispatch dispatched 0 instructions.
 110000: system.cpu.iew.lsq.thread0: SQ size: 114, #stores occupied: 17
 110000: system.cpu.iew.lsq.thread0: LQ size: 192, #loads occupied: 16
 110000: system.cpu.iew: IQ has 156 free entries (Can schedule: 0).  LQ has 176 free entries. SQ has 97 free entries.
 110000: system.cpu.commit: Getting instructions from Rename stage.
 110000: system.cpu.commit: Trying to commit instructions in the ROB.
 110000: system.cpu.commit: Trying to commit head instruction, [tid:0] [sn:100]
 110000: system.cpu.commit: Inst [tid:0] [sn:100] PC (0x40101d=>0x40101f).(0=>1) has a fault
 110000: system.cpu.commit: [tid:0] [sn:100] Stores outstanding, fault must wait.
 110000: system.cpu.commit: Unable to commit head instruction PC:(0x40101d=>0x40101f).(0=>1) [tid:0] [sn:100].
 110000: system.cpu.commit: [tid:0] Instruction [sn:100] PC (0x40101d=>0x40101f).(0=>1) is head of ROB and ready to commit
 110000: system.cpu.commit: [tid:0] ROB has 49 insts & 463 free entries.
 110000: system.cpu: Scheduling next tick!
 111000: system.cpu: 

O3CPU: Ticking main, O3CPU.
 111000: system.cpu.fetch: Running stage.
 111000: system.cpu.fetch: There are no more threads available to fetch from.
 111000: system.cpu.fetch: [tid:0] Fetch is waiting cache response!
 111000: system.cpu.decode: Processing [tid:0]
 111000: system.cpu.decode: [tid:0] Bypass moves from Rename: 0
 111000: system.cpu.decode: [tid:0] Not blocked, so attempting to run stage.
 111000: system.cpu.decode: [tid:0] Nothing to do, breaking out early.
 111000: system.cpu.rename: Processing [tid:0]
 111000: system.cpu.rename: [tid:0] Free IQ: 156, Free ROB: 463, Free LQ: 176, Free SQ: 97, FreeRM 63(441 464 511 1022 63 8 2523)
 111000: system.cpu.rename: [tid:0] 0 instructions not yet in ROB
 111000: system.cpu.rename: calcFreeLQEntries: free lqEntries: 176, loadsInProgress: 0, loads dispatchedToLQ: 0
 111000: system.cpu.rename: [tid:0] Not blocked, so attempting to run stage.
 111000: system.cpu.rename: [tid:0] Nothing to do, breaking out early.
 111000: system.cpu.iew: Issue: Processing [tid:0]
 111000: system.cpu.iew: [tid:0] Not blocked, so attempting to run dispatch.
 111000: system.cpu.iq: Attempting to schedule ready instructions from the IQ.
 111000: system.cpu.iq: Not able to schedule any instructions.
 111000: system.cpu.iew.lsq: [tid:0] Writing back stores. 1 stores available for Writeback.
 111000: system.cpu.iew: Processing [tid:0]
 111000: system.cpu.iew: [tid:0], Dispatch dispatched 0 instructions.
 111000: system.cpu.iew.lsq.thread0: SQ size: 114, #stores occupied: 17
 111000: system.cpu.iew.lsq.thread0: LQ size: 192, #loads occupied: 16
 111000: system.cpu.iew: IQ has 156 free entries (Can schedule: 0).  LQ has 176 free entries. SQ has 97 free entries.
 111000: system.cpu.commit: Getting instructions from Rename stage.
 111000: system.cpu.commit: Trying to commit instructions in the ROB.
 111000: system.cpu.commit: Trying to commit head instruction, [tid:0] [sn:100]
 111000: system.cpu.commit: Inst [tid:0] [sn:100] PC (0x40101d=>0x40101f).(0=>1) has a fault
 111000: system.cpu.commit: [tid:0] [sn:100] Stores outstanding, fault must wait.
 111000: system.cpu.commit: Unable to commit head instruction PC:(0x40101d=>0x40101f).(0=>1) [tid:0] [sn:100].
 111000: system.cpu.commit: [tid:0] Instruction [sn:100] PC (0x40101d=>0x40101f).(0=>1) is head of ROB and ready to commit
 111000: system.cpu.commit: [tid:0] ROB has 49 insts & 463 free entries.
 111000: system.cpu: Scheduling next tick!
 112000: system.cpu: 

O3CPU: Ticking main, O3CPU.
 112000: system.cpu.fetch: Running stage.
 112000: system.cpu.fetch: There are no more threads available to fetch from.
 112000: system.cpu.fetch: [tid:0] Fetch is waiting cache response!
 112000: system.cpu.decode: Processing [tid:0]
 112000: system.cpu.decode: [tid:0] Bypass moves from Rename: 0
 112000: system.cpu.decode: [tid:0] Not blocked, so attempting to run stage.
 112000: system.cpu.decode: [tid:0] Nothing to do, breaking out early.
 112000: system.cpu.rename: Processing [tid:0]
 112000: system.cpu.rename: [tid:0] Free IQ: 156, Free ROB: 463, Free LQ: 176, Free SQ: 97, FreeRM 63(441 464 511 1022 63 8 2523)
 112000: system.cpu.rename: [tid:0] 0 instructions not yet in ROB
 112000: system.cpu.rename: calcFreeLQEntries: free lqEntries: 176, loadsInProgress: 0, loads dispatchedToLQ: 0
 112000: system.cpu.rename: [tid:0] Not blocked, so attempting to run stage.
 112000: system.cpu.rename: [tid:0] Nothing to do, breaking out early.
 112000: system.cpu.iew: Issue: Processing [tid:0]
 112000: system.cpu.iew: [tid:0] Not blocked, so attempting to run dispatch.
 112000: system.cpu.iq: Attempting to schedule ready instructions from the IQ.
 112000: system.cpu.iq: Not able to schedule any instructions.
 112000: system.cpu.iew.lsq: [tid:0] Writing back stores. 1 stores available for Writeback.
 112000: system.cpu.iew: Processing [tid:0]
 112000: system.cpu.iew: [tid:0], Dispatch dispatched 0 instructions.
 112000: system.cpu.iew.lsq.thread0: SQ size: 114, #stores occupied: 17
 112000: system.cpu.iew.lsq.thread0: LQ size: 192, #loads occupied: 16
 112000: system.cpu.iew: IQ has 156 free entries (Can schedule: 0).  LQ has 176 free entries. SQ has 97 free entries.
 112000: system.cpu.commit: Getting instructions from Rename stage.
 112000: system.cpu.commit: Trying to commit instructions in the ROB.
 112000: system.cpu.commit: Trying to commit head instruction, [tid:0] [sn:100]
 112000: system.cpu.commit: Inst [tid:0] [sn:100] PC (0x40101d=>0x40101f).(0=>1) has a fault
 112000: system.cpu.commit: [tid:0] [sn:100] Stores outstanding, fault must wait.
 112000: system.cpu.commit: Unable to commit head instruction PC:(0x40101d=>0x40101f).(0=>1) [tid:0] [sn:100].
 112000: system.cpu.commit: [tid:0] Instruction [sn:100] PC (0x40101d=>0x40101f).(0=>1) is head of ROB and ready to commit
 112000: system.cpu.commit: [tid:0] ROB has 49 insts & 463 free entries.
 112000: system.cpu: Scheduling next tick!
 113000: system.cpu: 

O3CPU: Ticking main, O3CPU.
 113000: system.cpu.fetch: Running stage.
 113000: system.cpu.fetch: There are no more threads available to fetch from.
 113000: system.cpu.fetch: [tid:0] Fetch is waiting cache response!
 113000: system.cpu.decode: Processing [tid:0]
 113000: system.cpu.decode: [tid:0] Bypass moves from Rename: 0
 113000: system.cpu.decode: [tid:0] Not blocked, so attempting to run stage.
 113000: system.cpu.decode: [tid:0] Nothing to do, breaking out early.
 113000: system.cpu.rename: Processing [tid:0]
 113000: system.cpu.rename: [tid:0] Free IQ: 156, Free ROB: 463, Free LQ: 176, Free SQ: 97, FreeRM 63(441 464 511 1022 63 8 2523)
 113000: system.cpu.rename: [tid:0] 0 instructions not yet in ROB
 113000: system.cpu.rename: calcFreeLQEntries: free lqEntries: 176, loadsInProgress: 0, loads dispatchedToLQ: 0
 113000: system.cpu.rename: [tid:0] Not blocked, so attempting to run stage.
 113000: system.cpu.rename: [tid:0] Nothing to do, breaking out early.
 113000: system.cpu.iew: Issue: Processing [tid:0]
 113000: system.cpu.iew: [tid:0] Not blocked, so attempting to run dispatch.
 113000: system.cpu.iq: Attempting to schedule ready instructions from the IQ.
 113000: system.cpu.iq: Not able to schedule any instructions.
 113000: system.cpu.iew.lsq: [tid:0] Writing back stores. 1 stores available for Writeback.
 113000: system.cpu.iew: Processing [tid:0]
 113000: system.cpu.iew: [tid:0], Dispatch dispatched 0 instructions.
 113000: system.cpu.iew.lsq.thread0: SQ size: 114, #stores occupied: 17
 113000: system.cpu.iew.lsq.thread0: LQ size: 192, #loads occupied: 16
 113000: system.cpu.iew: IQ has 156 free entries (Can schedule: 0).  LQ has 176 free entries. SQ has 97 free entries.
 113000: system.cpu.commit: Getting instructions from Rename stage.
 113000: system.cpu.commit: Trying to commit instructions in the ROB.
 113000: system.cpu.commit: Trying to commit head instruction, [tid:0] [sn:100]
 113000: system.cpu.commit: Inst [tid:0] [sn:100] PC (0x40101d=>0x40101f).(0=>1) has a fault
 113000: system.cpu.commit: [tid:0] [sn:100] Stores outstanding, fault must wait.
 113000: system.cpu.commit: Unable to commit head instruction PC:(0x40101d=>0x40101f).(0=>1) [tid:0] [sn:100].
 113000: system.cpu.commit: [tid:0] Instruction [sn:100] PC (0x40101d=>0x40101f).(0=>1) is head of ROB and ready to commit
 113000: system.cpu.commit: [tid:0] ROB has 49 insts & 463 free entries.
 113000: system.cpu: Scheduling next tick!
 114000: system.cpu: 

O3CPU: Ticking main, O3CPU.
 114000: system.cpu.fetch: Running stage.
 114000: system.cpu.fetch: There are no more threads available to fetch from.
 114000: system.cpu.fetch: [tid:0] Fetch is waiting cache response!
 114000: system.cpu.decode: Processing [tid:0]
 114000: system.cpu.decode: [tid:0] Bypass moves from Rename: 0
 114000: system.cpu.decode: [tid:0] Not blocked, so attempting to run stage.
 114000: system.cpu.decode: [tid:0] Nothing to do, breaking out early.
 114000: system.cpu.rename: Processing [tid:0]
 114000: system.cpu.rename: [tid:0] Free IQ: 156, Free ROB: 463, Free LQ: 176, Free SQ: 97, FreeRM 63(441 464 511 1022 63 8 2523)
 114000: system.cpu.rename: [tid:0] 0 instructions not yet in ROB
 114000: system.cpu.rename: calcFreeLQEntries: free lqEntries: 176, loadsInProgress: 0, loads dispatchedToLQ: 0
 114000: system.cpu.rename: [tid:0] Not blocked, so attempting to run stage.
 114000: system.cpu.rename: [tid:0] Nothing to do, breaking out early.
 114000: system.cpu.iew: Issue: Processing [tid:0]
 114000: system.cpu.iew: [tid:0] Not blocked, so attempting to run dispatch.
 114000: system.cpu.iq: Attempting to schedule ready instructions from the IQ.
 114000: system.cpu.iq: Not able to schedule any instructions.
 114000: system.cpu.iew.lsq: [tid:0] Writing back stores. 1 stores available for Writeback.
 114000: system.cpu.iew: Processing [tid:0]
 114000: system.cpu.iew: [tid:0], Dispatch dispatched 0 instructions.
 114000: system.cpu.iew.lsq.thread0: SQ size: 114, #stores occupied: 17
 114000: system.cpu.iew.lsq.thread0: LQ size: 192, #loads occupied: 16
 114000: system.cpu.iew: IQ has 156 free entries (Can schedule: 0).  LQ has 176 free entries. SQ has 97 free entries.
 114000: system.cpu.commit: Getting instructions from Rename stage.
 114000: system.cpu.commit: Trying to commit instructions in the ROB.
 114000: system.cpu.commit: Trying to commit head instruction, [tid:0] [sn:100]
 114000: system.cpu.commit: Inst [tid:0] [sn:100] PC (0x40101d=>0x40101f).(0=>1) has a fault
 114000: system.cpu.commit: [tid:0] [sn:100] Stores outstanding, fault must wait.
 114000: system.cpu.commit: Unable to commit head instruction PC:(0x40101d=>0x40101f).(0=>1) [tid:0] [sn:100].
 114000: system.cpu.commit: [tid:0] Instruction [sn:100] PC (0x40101d=>0x40101f).(0=>1) is head of ROB and ready to commit
 114000: system.cpu.commit: [tid:0] ROB has 49 insts & 463 free entries.
 114000: system.cpu: Scheduling next tick!
 115000: system.cpu: 

O3CPU: Ticking main, O3CPU.
 115000: system.cpu.fetch: Running stage.
 115000: system.cpu.fetch: There are no more threads available to fetch from.
 115000: system.cpu.fetch: [tid:0] Fetch is waiting cache response!
 115000: system.cpu.decode: Processing [tid:0]
 115000: system.cpu.decode: [tid:0] Bypass moves from Rename: 0
 115000: system.cpu.decode: [tid:0] Not blocked, so attempting to run stage.
 115000: system.cpu.decode: [tid:0] Nothing to do, breaking out early.
 115000: system.cpu.rename: Processing [tid:0]
 115000: system.cpu.rename: [tid:0] Free IQ: 156, Free ROB: 463, Free LQ: 176, Free SQ: 97, FreeRM 63(441 464 511 1022 63 8 2523)
 115000: system.cpu.rename: [tid:0] 0 instructions not yet in ROB
 115000: system.cpu.rename: calcFreeLQEntries: free lqEntries: 176, loadsInProgress: 0, loads dispatchedToLQ: 0
 115000: system.cpu.rename: [tid:0] Not blocked, so attempting to run stage.
 115000: system.cpu.rename: [tid:0] Nothing to do, breaking out early.
 115000: system.cpu.iew: Issue: Processing [tid:0]
 115000: system.cpu.iew: [tid:0] Not blocked, so attempting to run dispatch.
 115000: system.cpu.iq: Attempting to schedule ready instructions from the IQ.
 115000: system.cpu.iq: Not able to schedule any instructions.
 115000: system.cpu.iew.lsq: [tid:0] Writing back stores. 1 stores available for Writeback.
 115000: system.cpu.iew: Processing [tid:0]
 115000: system.cpu.iew: [tid:0], Dispatch dispatched 0 instructions.
 115000: system.cpu.iew.lsq.thread0: SQ size: 114, #stores occupied: 17
 115000: system.cpu.iew.lsq.thread0: LQ size: 192, #loads occupied: 16
 115000: system.cpu.iew: IQ has 156 free entries (Can schedule: 0).  LQ has 176 free entries. SQ has 97 free entries.
 115000: system.cpu.commit: Getting instructions from Rename stage.
 115000: system.cpu.commit: Trying to commit instructions in the ROB.
 115000: system.cpu.commit: Trying to commit head instruction, [tid:0] [sn:100]
 115000: system.cpu.commit: Inst [tid:0] [sn:100] PC (0x40101d=>0x40101f).(0=>1) has a fault
 115000: system.cpu.commit: [tid:0] [sn:100] Stores outstanding, fault must wait.
 115000: system.cpu.commit: Unable to commit head instruction PC:(0x40101d=>0x40101f).(0=>1) [tid:0] [sn:100].
 115000: system.cpu.commit: [tid:0] Instruction [sn:100] PC (0x40101d=>0x40101f).(0=>1) is head of ROB and ready to commit
 115000: system.cpu.commit: [tid:0] ROB has 49 insts & 463 free entries.
 115000: system.cpu: Scheduling next tick!
 116000: system.cpu: 

O3CPU: Ticking main, O3CPU.
 116000: system.cpu.fetch: Running stage.
 116000: system.cpu.fetch: There are no more threads available to fetch from.
 116000: system.cpu.fetch: [tid:0] Fetch is waiting cache response!
 116000: system.cpu.decode: Processing [tid:0]
 116000: system.cpu.decode: [tid:0] Bypass moves from Rename: 0
 116000: system.cpu.decode: [tid:0] Not blocked, so attempting to run stage.
 116000: system.cpu.decode: [tid:0] Nothing to do, breaking out early.
 116000: system.cpu.rename: Processing [tid:0]
 116000: system.cpu.rename: [tid:0] Free IQ: 156, Free ROB: 463, Free LQ: 176, Free SQ: 97, FreeRM 63(441 464 511 1022 63 8 2523)
 116000: system.cpu.rename: [tid:0] 0 instructions not yet in ROB
 116000: system.cpu.rename: calcFreeLQEntries: free lqEntries: 176, loadsInProgress: 0, loads dispatchedToLQ: 0
 116000: system.cpu.rename: [tid:0] Not blocked, so attempting to run stage.
 116000: system.cpu.rename: [tid:0] Nothing to do, breaking out early.
 116000: system.cpu.iew: Issue: Processing [tid:0]
 116000: system.cpu.iew: [tid:0] Not blocked, so attempting to run dispatch.
 116000: system.cpu.iq: Attempting to schedule ready instructions from the IQ.
 116000: system.cpu.iq: Not able to schedule any instructions.
 116000: system.cpu.iew.lsq: [tid:0] Writing back stores. 1 stores available for Writeback.
 116000: system.cpu.iew: Processing [tid:0]
 116000: system.cpu.iew: [tid:0], Dispatch dispatched 0 instructions.
 116000: system.cpu.iew.lsq.thread0: SQ size: 114, #stores occupied: 17
 116000: system.cpu.iew.lsq.thread0: LQ size: 192, #loads occupied: 16
 116000: system.cpu.iew: IQ has 156 free entries (Can schedule: 0).  LQ has 176 free entries. SQ has 97 free entries.
 116000: system.cpu.commit: Getting instructions from Rename stage.
 116000: system.cpu.commit: Trying to commit instructions in the ROB.
 116000: system.cpu.commit: Trying to commit head instruction, [tid:0] [sn:100]
 116000: system.cpu.commit: Inst [tid:0] [sn:100] PC (0x40101d=>0x40101f).(0=>1) has a fault
 116000: system.cpu.commit: [tid:0] [sn:100] Stores outstanding, fault must wait.
 116000: system.cpu.commit: Unable to commit head instruction PC:(0x40101d=>0x40101f).(0=>1) [tid:0] [sn:100].
 116000: system.cpu.commit: [tid:0] Instruction [sn:100] PC (0x40101d=>0x40101f).(0=>1) is head of ROB and ready to commit
 116000: system.cpu.commit: [tid:0] ROB has 49 insts & 463 free entries.
 116000: system.cpu: Scheduling next tick!
 117000: system.cpu: 

O3CPU: Ticking main, O3CPU.
 117000: system.cpu.fetch: Running stage.
 117000: system.cpu.fetch: There are no more threads available to fetch from.
 117000: system.cpu.fetch: [tid:0] Fetch is waiting cache response!
 117000: system.cpu.decode: Processing [tid:0]
 117000: system.cpu.decode: [tid:0] Bypass moves from Rename: 0
 117000: system.cpu.decode: [tid:0] Not blocked, so attempting to run stage.
 117000: system.cpu.decode: [tid:0] Nothing to do, breaking out early.
 117000: system.cpu.rename: Processing [tid:0]
 117000: system.cpu.rename: [tid:0] Free IQ: 156, Free ROB: 463, Free LQ: 176, Free SQ: 97, FreeRM 63(441 464 511 1022 63 8 2523)
 117000: system.cpu.rename: [tid:0] 0 instructions not yet in ROB
 117000: system.cpu.rename: calcFreeLQEntries: free lqEntries: 176, loadsInProgress: 0, loads dispatchedToLQ: 0
 117000: system.cpu.rename: [tid:0] Not blocked, so attempting to run stage.
 117000: system.cpu.rename: [tid:0] Nothing to do, breaking out early.
 117000: system.cpu.iew: Issue: Processing [tid:0]
 117000: system.cpu.iew: [tid:0] Not blocked, so attempting to run dispatch.
 117000: system.cpu.iq: Attempting to schedule ready instructions from the IQ.
 117000: system.cpu.iq: Not able to schedule any instructions.
 117000: system.cpu.iew.lsq: [tid:0] Writing back stores. 1 stores available for Writeback.
 117000: system.cpu.iew: Processing [tid:0]
 117000: system.cpu.iew: [tid:0], Dispatch dispatched 0 instructions.
 117000: system.cpu.iew.lsq.thread0: SQ size: 114, #stores occupied: 17
 117000: system.cpu.iew.lsq.thread0: LQ size: 192, #loads occupied: 16
 117000: system.cpu.iew: IQ has 156 free entries (Can schedule: 0).  LQ has 176 free entries. SQ has 97 free entries.
 117000: system.cpu.commit: Getting instructions from Rename stage.
 117000: system.cpu.commit: Trying to commit instructions in the ROB.
 117000: system.cpu.commit: Trying to commit head instruction, [tid:0] [sn:100]
 117000: system.cpu.commit: Inst [tid:0] [sn:100] PC (0x40101d=>0x40101f).(0=>1) has a fault
 117000: system.cpu.commit: [tid:0] [sn:100] Stores outstanding, fault must wait.
 117000: system.cpu.commit: Unable to commit head instruction PC:(0x40101d=>0x40101f).(0=>1) [tid:0] [sn:100].
 117000: system.cpu.commit: [tid:0] Instruction [sn:100] PC (0x40101d=>0x40101f).(0=>1) is head of ROB and ready to commit
 117000: system.cpu.commit: [tid:0] ROB has 49 insts & 463 free entries.
 117000: system.cpu: Scheduling next tick!
 118000: system.cpu: 

O3CPU: Ticking main, O3CPU.
 118000: system.cpu.fetch: Running stage.
 118000: system.cpu.fetch: There are no more threads available to fetch from.
 118000: system.cpu.fetch: [tid:0] Fetch is waiting cache response!
 118000: system.cpu.decode: Processing [tid:0]
 118000: system.cpu.decode: [tid:0] Bypass moves from Rename: 0
 118000: system.cpu.decode: [tid:0] Not blocked, so attempting to run stage.
 118000: system.cpu.decode: [tid:0] Nothing to do, breaking out early.
 118000: system.cpu.rename: Processing [tid:0]
 118000: system.cpu.rename: [tid:0] Free IQ: 156, Free ROB: 463, Free LQ: 176, Free SQ: 97, FreeRM 63(441 464 511 1022 63 8 2523)
 118000: system.cpu.rename: [tid:0] 0 instructions not yet in ROB
 118000: system.cpu.rename: calcFreeLQEntries: free lqEntries: 176, loadsInProgress: 0, loads dispatchedToLQ: 0
 118000: system.cpu.rename: [tid:0] Not blocked, so attempting to run stage.
 118000: system.cpu.rename: [tid:0] Nothing to do, breaking out early.
 118000: system.cpu.iew: Issue: Processing [tid:0]
 118000: system.cpu.iew: [tid:0] Not blocked, so attempting to run dispatch.
 118000: system.cpu.iq: Attempting to schedule ready instructions from the IQ.
 118000: system.cpu.iq: Not able to schedule any instructions.
 118000: system.cpu.iew.lsq: [tid:0] Writing back stores. 1 stores available for Writeback.
 118000: system.cpu.iew: Processing [tid:0]
 118000: system.cpu.iew: [tid:0], Dispatch dispatched 0 instructions.
 118000: system.cpu.iew.lsq.thread0: SQ size: 114, #stores occupied: 17
 118000: system.cpu.iew.lsq.thread0: LQ size: 192, #loads occupied: 16
 118000: system.cpu.iew: IQ has 156 free entries (Can schedule: 0).  LQ has 176 free entries. SQ has 97 free entries.
 118000: system.cpu.commit: Getting instructions from Rename stage.
 118000: system.cpu.commit: Trying to commit instructions in the ROB.
 118000: system.cpu.commit: Trying to commit head instruction, [tid:0] [sn:100]
 118000: system.cpu.commit: Inst [tid:0] [sn:100] PC (0x40101d=>0x40101f).(0=>1) has a fault
 118000: system.cpu.commit: [tid:0] [sn:100] Stores outstanding, fault must wait.
 118000: system.cpu.commit: Unable to commit head instruction PC:(0x40101d=>0x40101f).(0=>1) [tid:0] [sn:100].
 118000: system.cpu.commit: [tid:0] Instruction [sn:100] PC (0x40101d=>0x40101f).(0=>1) is head of ROB and ready to commit
 118000: system.cpu.commit: [tid:0] ROB has 49 insts & 463 free entries.
 118000: system.cpu: Scheduling next tick!
 119000: system.cpu: 

O3CPU: Ticking main, O3CPU.
 119000: system.cpu.fetch: Running stage.
 119000: system.cpu.fetch: There are no more threads available to fetch from.
 119000: system.cpu.fetch: [tid:0] Fetch is waiting cache response!
 119000: system.cpu.decode: Processing [tid:0]
 119000: system.cpu.decode: [tid:0] Bypass moves from Rename: 0
 119000: system.cpu.decode: [tid:0] Not blocked, so attempting to run stage.
 119000: system.cpu.decode: [tid:0] Nothing to do, breaking out early.
 119000: system.cpu.rename: Processing [tid:0]
 119000: system.cpu.rename: [tid:0] Free IQ: 156, Free ROB: 463, Free LQ: 176, Free SQ: 97, FreeRM 63(441 464 511 1022 63 8 2523)
 119000: system.cpu.rename: [tid:0] 0 instructions not yet in ROB
 119000: system.cpu.rename: calcFreeLQEntries: free lqEntries: 176, loadsInProgress: 0, loads dispatchedToLQ: 0
 119000: system.cpu.rename: [tid:0] Not blocked, so attempting to run stage.
 119000: system.cpu.rename: [tid:0] Nothing to do, breaking out early.
 119000: system.cpu.iew: Issue: Processing [tid:0]
 119000: system.cpu.iew: [tid:0] Not blocked, so attempting to run dispatch.
 119000: system.cpu.iq: Attempting to schedule ready instructions from the IQ.
 119000: system.cpu.iq: Not able to schedule any instructions.
 119000: system.cpu.iew.lsq: [tid:0] Writing back stores. 1 stores available for Writeback.
 119000: system.cpu.iew: Processing [tid:0]
 119000: system.cpu.iew: [tid:0], Dispatch dispatched 0 instructions.
 119000: system.cpu.iew.lsq.thread0: SQ size: 114, #stores occupied: 17
 119000: system.cpu.iew.lsq.thread0: LQ size: 192, #loads occupied: 16
 119000: system.cpu.iew: IQ has 156 free entries (Can schedule: 0).  LQ has 176 free entries. SQ has 97 free entries.
 119000: system.cpu.commit: Getting instructions from Rename stage.
 119000: system.cpu.commit: Trying to commit instructions in the ROB.
 119000: system.cpu.commit: Trying to commit head instruction, [tid:0] [sn:100]
 119000: system.cpu.commit: Inst [tid:0] [sn:100] PC (0x40101d=>0x40101f).(0=>1) has a fault
 119000: system.cpu.commit: [tid:0] [sn:100] Stores outstanding, fault must wait.
 119000: system.cpu.commit: Unable to commit head instruction PC:(0x40101d=>0x40101f).(0=>1) [tid:0] [sn:100].
 119000: system.cpu.commit: [tid:0] Instruction [sn:100] PC (0x40101d=>0x40101f).(0=>1) is head of ROB and ready to commit
 119000: system.cpu.commit: [tid:0] ROB has 49 insts & 463 free entries.
 119000: system.cpu: Scheduling next tick!
 120000: system.cpu: 

O3CPU: Ticking main, O3CPU.
 120000: system.cpu.fetch: Running stage.
 120000: system.cpu.fetch: There are no more threads available to fetch from.
 120000: system.cpu.fetch: [tid:0] Fetch is waiting cache response!
 120000: system.cpu.decode: Processing [tid:0]
 120000: system.cpu.decode: [tid:0] Bypass moves from Rename: 0
 120000: system.cpu.decode: [tid:0] Not blocked, so attempting to run stage.
 120000: system.cpu.decode: [tid:0] Nothing to do, breaking out early.
 120000: system.cpu.rename: Processing [tid:0]
 120000: system.cpu.rename: [tid:0] Free IQ: 156, Free ROB: 463, Free LQ: 176, Free SQ: 97, FreeRM 63(441 464 511 1022 63 8 2523)
 120000: system.cpu.rename: [tid:0] 0 instructions not yet in ROB
 120000: system.cpu.rename: calcFreeLQEntries: free lqEntries: 176, loadsInProgress: 0, loads dispatchedToLQ: 0
 120000: system.cpu.rename: [tid:0] Not blocked, so attempting to run stage.
 120000: system.cpu.rename: [tid:0] Nothing to do, breaking out early.
 120000: system.cpu.iew: Issue: Processing [tid:0]
 120000: system.cpu.iew: [tid:0] Not blocked, so attempting to run dispatch.
 120000: system.cpu.iq: Attempting to schedule ready instructions from the IQ.
 120000: system.cpu.iq: Not able to schedule any instructions.
 120000: system.cpu.iew.lsq: [tid:0] Writing back stores. 1 stores available for Writeback.
 120000: system.cpu.iew: Processing [tid:0]
 120000: system.cpu.iew: [tid:0], Dispatch dispatched 0 instructions.
 120000: system.cpu.iew.lsq.thread0: SQ size: 114, #stores occupied: 17
 120000: system.cpu.iew.lsq.thread0: LQ size: 192, #loads occupied: 16
 120000: system.cpu.iew: IQ has 156 free entries (Can schedule: 0).  LQ has 176 free entries. SQ has 97 free entries.
 120000: system.cpu.commit: Getting instructions from Rename stage.
 120000: system.cpu.commit: Trying to commit instructions in the ROB.
 120000: system.cpu.commit: Trying to commit head instruction, [tid:0] [sn:100]
 120000: system.cpu.commit: Inst [tid:0] [sn:100] PC (0x40101d=>0x40101f).(0=>1) has a fault
 120000: system.cpu.commit: [tid:0] [sn:100] Stores outstanding, fault must wait.
 120000: system.cpu.commit: Unable to commit head instruction PC:(0x40101d=>0x40101f).(0=>1) [tid:0] [sn:100].
 120000: system.cpu.commit: [tid:0] Instruction [sn:100] PC (0x40101d=>0x40101f).(0=>1) is head of ROB and ready to commit
 120000: system.cpu.commit: [tid:0] ROB has 49 insts & 463 free entries.
 120000: system.cpu: Scheduling next tick!
 121000: system.cpu: 

O3CPU: Ticking main, O3CPU.
 121000: system.cpu.fetch: Running stage.
 121000: system.cpu.fetch: There are no more threads available to fetch from.
 121000: system.cpu.fetch: [tid:0] Fetch is waiting cache response!
 121000: system.cpu.decode: Processing [tid:0]
 121000: system.cpu.decode: [tid:0] Bypass moves from Rename: 0
 121000: system.cpu.decode: [tid:0] Not blocked, so attempting to run stage.
 121000: system.cpu.decode: [tid:0] Nothing to do, breaking out early.
 121000: system.cpu.rename: Processing [tid:0]
 121000: system.cpu.rename: [tid:0] Free IQ: 156, Free ROB: 463, Free LQ: 176, Free SQ: 97, FreeRM 63(441 464 511 1022 63 8 2523)
 121000: system.cpu.rename: [tid:0] 0 instructions not yet in ROB
 121000: system.cpu.rename: calcFreeLQEntries: free lqEntries: 176, loadsInProgress: 0, loads dispatchedToLQ: 0
 121000: system.cpu.rename: [tid:0] Not blocked, so attempting to run stage.
 121000: system.cpu.rename: [tid:0] Nothing to do, breaking out early.
 121000: system.cpu.iew: Issue: Processing [tid:0]
 121000: system.cpu.iew: [tid:0] Not blocked, so attempting to run dispatch.
 121000: system.cpu.iq: Attempting to schedule ready instructions from the IQ.
 121000: system.cpu.iq: Not able to schedule any instructions.
 121000: system.cpu.iew.lsq: [tid:0] Writing back stores. 1 stores available for Writeback.
 121000: system.cpu.iew: Processing [tid:0]
 121000: system.cpu.iew: [tid:0], Dispatch dispatched 0 instructions.
 121000: system.cpu.iew.lsq.thread0: SQ size: 114, #stores occupied: 17
 121000: system.cpu.iew.lsq.thread0: LQ size: 192, #loads occupied: 16
 121000: system.cpu.iew: IQ has 156 free entries (Can schedule: 0).  LQ has 176 free entries. SQ has 97 free entries.
 121000: system.cpu.commit: Getting instructions from Rename stage.
 121000: system.cpu.commit: Trying to commit instructions in the ROB.
 121000: system.cpu.commit: Trying to commit head instruction, [tid:0] [sn:100]
 121000: system.cpu.commit: Inst [tid:0] [sn:100] PC (0x40101d=>0x40101f).(0=>1) has a fault
 121000: system.cpu.commit: [tid:0] [sn:100] Stores outstanding, fault must wait.
 121000: system.cpu.commit: Unable to commit head instruction PC:(0x40101d=>0x40101f).(0=>1) [tid:0] [sn:100].
 121000: system.cpu.commit: [tid:0] Instruction [sn:100] PC (0x40101d=>0x40101f).(0=>1) is head of ROB and ready to commit
 121000: system.cpu.commit: [tid:0] ROB has 49 insts & 463 free entries.
 121000: system.cpu: Scheduling next tick!
 122000: system.cpu: 

O3CPU: Ticking main, O3CPU.
 122000: system.cpu.fetch: Running stage.
 122000: system.cpu.fetch: There are no more threads available to fetch from.
 122000: system.cpu.fetch: [tid:0] Fetch is waiting cache response!
 122000: system.cpu.decode: Processing [tid:0]
 122000: system.cpu.decode: [tid:0] Bypass moves from Rename: 0
 122000: system.cpu.decode: [tid:0] Not blocked, so attempting to run stage.
 122000: system.cpu.decode: [tid:0] Nothing to do, breaking out early.
 122000: system.cpu.rename: Processing [tid:0]
 122000: system.cpu.rename: [tid:0] Free IQ: 156, Free ROB: 463, Free LQ: 176, Free SQ: 97, FreeRM 63(441 464 511 1022 63 8 2523)
 122000: system.cpu.rename: [tid:0] 0 instructions not yet in ROB
 122000: system.cpu.rename: calcFreeLQEntries: free lqEntries: 176, loadsInProgress: 0, loads dispatchedToLQ: 0
 122000: system.cpu.rename: [tid:0] Not blocked, so attempting to run stage.
 122000: system.cpu.rename: [tid:0] Nothing to do, breaking out early.
 122000: system.cpu.iew: Issue: Processing [tid:0]
 122000: system.cpu.iew: [tid:0] Not blocked, so attempting to run dispatch.
 122000: system.cpu.iq: Attempting to schedule ready instructions from the IQ.
 122000: system.cpu.iq: Not able to schedule any instructions.
 122000: system.cpu.iew.lsq: [tid:0] Writing back stores. 1 stores available for Writeback.
 122000: system.cpu.iew: Processing [tid:0]
 122000: system.cpu.iew: [tid:0], Dispatch dispatched 0 instructions.
 122000: system.cpu.iew.lsq.thread0: SQ size: 114, #stores occupied: 17
 122000: system.cpu.iew.lsq.thread0: LQ size: 192, #loads occupied: 16
 122000: system.cpu.iew: IQ has 156 free entries (Can schedule: 0).  LQ has 176 free entries. SQ has 97 free entries.
 122000: system.cpu.commit: Getting instructions from Rename stage.
 122000: system.cpu.commit: Trying to commit instructions in the ROB.
 122000: system.cpu.commit: Trying to commit head instruction, [tid:0] [sn:100]
 122000: system.cpu.commit: Inst [tid:0] [sn:100] PC (0x40101d=>0x40101f).(0=>1) has a fault
 122000: system.cpu.commit: [tid:0] [sn:100] Stores outstanding, fault must wait.
 122000: system.cpu.commit: Unable to commit head instruction PC:(0x40101d=>0x40101f).(0=>1) [tid:0] [sn:100].
 122000: system.cpu.commit: [tid:0] Instruction [sn:100] PC (0x40101d=>0x40101f).(0=>1) is head of ROB and ready to commit
 122000: system.cpu.commit: [tid:0] ROB has 49 insts & 463 free entries.
 122000: system.cpu: Scheduling next tick!
 123000: system.cpu: 

O3CPU: Ticking main, O3CPU.
 123000: system.cpu.fetch: Running stage.
 123000: system.cpu.fetch: There are no more threads available to fetch from.
 123000: system.cpu.fetch: [tid:0] Fetch is waiting cache response!
 123000: system.cpu.decode: Processing [tid:0]
 123000: system.cpu.decode: [tid:0] Bypass moves from Rename: 0
 123000: system.cpu.decode: [tid:0] Not blocked, so attempting to run stage.
 123000: system.cpu.decode: [tid:0] Nothing to do, breaking out early.
 123000: system.cpu.rename: Processing [tid:0]
 123000: system.cpu.rename: [tid:0] Free IQ: 156, Free ROB: 463, Free LQ: 176, Free SQ: 97, FreeRM 63(441 464 511 1022 63 8 2523)
 123000: system.cpu.rename: [tid:0] 0 instructions not yet in ROB
 123000: system.cpu.rename: calcFreeLQEntries: free lqEntries: 176, loadsInProgress: 0, loads dispatchedToLQ: 0
 123000: system.cpu.rename: [tid:0] Not blocked, so attempting to run stage.
 123000: system.cpu.rename: [tid:0] Nothing to do, breaking out early.
 123000: system.cpu.iew: Issue: Processing [tid:0]
 123000: system.cpu.iew: [tid:0] Not blocked, so attempting to run dispatch.
 123000: system.cpu.iq: Attempting to schedule ready instructions from the IQ.
 123000: system.cpu.iq: Not able to schedule any instructions.
 123000: system.cpu.iew.lsq: [tid:0] Writing back stores. 1 stores available for Writeback.
 123000: system.cpu.iew: Processing [tid:0]
 123000: system.cpu.iew: [tid:0], Dispatch dispatched 0 instructions.
 123000: system.cpu.iew.lsq.thread0: SQ size: 114, #stores occupied: 17
 123000: system.cpu.iew.lsq.thread0: LQ size: 192, #loads occupied: 16
 123000: system.cpu.iew: IQ has 156 free entries (Can schedule: 0).  LQ has 176 free entries. SQ has 97 free entries.
 123000: system.cpu.commit: Getting instructions from Rename stage.
 123000: system.cpu.commit: Trying to commit instructions in the ROB.
 123000: system.cpu.commit: Trying to commit head instruction, [tid:0] [sn:100]
 123000: system.cpu.commit: Inst [tid:0] [sn:100] PC (0x40101d=>0x40101f).(0=>1) has a fault
 123000: system.cpu.commit: [tid:0] [sn:100] Stores outstanding, fault must wait.
 123000: system.cpu.commit: Unable to commit head instruction PC:(0x40101d=>0x40101f).(0=>1) [tid:0] [sn:100].
 123000: system.cpu.commit: [tid:0] Instruction [sn:100] PC (0x40101d=>0x40101f).(0=>1) is head of ROB and ready to commit
 123000: system.cpu.commit: [tid:0] ROB has 49 insts & 463 free entries.
 123000: system.cpu: Scheduling next tick!
 124000: system.cpu: 

O3CPU: Ticking main, O3CPU.
 124000: system.cpu.fetch: Running stage.
 124000: system.cpu.fetch: There are no more threads available to fetch from.
 124000: system.cpu.fetch: [tid:0] Fetch is waiting cache response!
 124000: system.cpu.decode: Processing [tid:0]
 124000: system.cpu.decode: [tid:0] Bypass moves from Rename: 0
 124000: system.cpu.decode: [tid:0] Not blocked, so attempting to run stage.
 124000: system.cpu.decode: [tid:0] Nothing to do, breaking out early.
 124000: system.cpu.rename: Processing [tid:0]
 124000: system.cpu.rename: [tid:0] Free IQ: 156, Free ROB: 463, Free LQ: 176, Free SQ: 97, FreeRM 63(441 464 511 1022 63 8 2523)
 124000: system.cpu.rename: [tid:0] 0 instructions not yet in ROB
 124000: system.cpu.rename: calcFreeLQEntries: free lqEntries: 176, loadsInProgress: 0, loads dispatchedToLQ: 0
 124000: system.cpu.rename: [tid:0] Not blocked, so attempting to run stage.
 124000: system.cpu.rename: [tid:0] Nothing to do, breaking out early.
 124000: system.cpu.iew: Issue: Processing [tid:0]
 124000: system.cpu.iew: [tid:0] Not blocked, so attempting to run dispatch.
 124000: system.cpu.iq: Attempting to schedule ready instructions from the IQ.
 124000: system.cpu.iq: Not able to schedule any instructions.
 124000: system.cpu.iew.lsq: [tid:0] Writing back stores. 1 stores available for Writeback.
 124000: system.cpu.iew: Processing [tid:0]
 124000: system.cpu.iew: [tid:0], Dispatch dispatched 0 instructions.
 124000: system.cpu.iew.lsq.thread0: SQ size: 114, #stores occupied: 17
 124000: system.cpu.iew.lsq.thread0: LQ size: 192, #loads occupied: 16
 124000: system.cpu.iew: IQ has 156 free entries (Can schedule: 0).  LQ has 176 free entries. SQ has 97 free entries.
 124000: system.cpu.commit: Getting instructions from Rename stage.
 124000: system.cpu.commit: Trying to commit instructions in the ROB.
 124000: system.cpu.commit: Trying to commit head instruction, [tid:0] [sn:100]
 124000: system.cpu.commit: Inst [tid:0] [sn:100] PC (0x40101d=>0x40101f).(0=>1) has a fault
 124000: system.cpu.commit: [tid:0] [sn:100] Stores outstanding, fault must wait.
 124000: system.cpu.commit: Unable to commit head instruction PC:(0x40101d=>0x40101f).(0=>1) [tid:0] [sn:100].
 124000: system.cpu.commit: [tid:0] Instruction [sn:100] PC (0x40101d=>0x40101f).(0=>1) is head of ROB and ready to commit
 124000: system.cpu.commit: [tid:0] ROB has 49 insts & 463 free entries.
 124000: system.cpu: Scheduling next tick!
 124001: system.cpu.icache_port: Fetch unit received timing
 124001: system.cpu.fetch: [tid:0] Waking up from cache miss.
 124001: system.cpu: CPU already running.
 124001: system.cpu.fetch: [tid:0] Activating fetch due to cache completion
 124001: system.cpu.fetch: Activating stage.
 124001: system.cpu: Activity: 2
 125000: system.cpu: 

O3CPU: Ticking main, O3CPU.
 125000: system.cpu.fetch: Running stage.
 125000: system.cpu.fetch: Attempting to fetch from [tid:0]
 125000: system.cpu.fetch: [tid:0] Icache miss is complete.
 125000: system.cpu.fetch: [tid:0] Adding instructions to queue to decode.
 125000: system.cpu.decoder: Decode: Decoded add instruction: 
{
	leg = 0,
	rex = 0,
	vex/xop = 0,
	op = {
		type = one byte,
		op = 0,
		},
	modRM = 0,
	sib = 0,
	immediate = 0,
	displacement = 0
	dispSize = 0}

 125000: global: DynInst: [sn:590] Instruction created. Instcount for system.cpu = 51
 125000: system.cpu.fetch: [tid:0] Instruction PC (0x40103f=>0x401041).(0=>1) created [sn:590].
 125000: system.cpu.fetch: [tid:0] Instruction is:   ADD_M_R : ldst   t1b, DS:[rax]
 125000: system.cpu.fetch: [tid:0] Fetch queue entry created (1/128).
 125000: global: DynInst: [sn:600] Instruction created. Instcount for system.cpu = 52
 125000: system.cpu.fetch: [tid:0] Instruction PC (0x40103f=>0x401041).(1=>2) created [sn:600].
 125000: system.cpu.fetch: [tid:0] Instruction is:   ADD_M_R : add   t1b, t1b, al
 125000: system.cpu.fetch: [tid:0] Fetch queue entry created (2/128).
 125000: global: DynInst: [sn:610] Instruction created. Instcount for system.cpu = 53
 125000: system.cpu.fetch: [tid:0] Instruction PC (0x40103f=>0x401041).(2=>3) created [sn:610].
 125000: system.cpu.fetch: [tid:0] Instruction is:   ADD_M_R : st   t1b, DS:[rax]
 125000: system.cpu.fetch: [tid:0] Fetch queue entry created (3/128).
 125000: system.cpu.decoder: Decode: Decoded add instruction: 
{
	leg = 0,
	rex = 0,
	vex/xop = 0,
	op = {
		type = one byte,
		op = 0,
		},
	modRM = 0,
	sib = 0,
	immediate = 0,
	displacement = 0
	dispSize = 0}

 125000: global: DynInst: [sn:620] Instruction created. Instcount for system.cpu = 54
 125000: system.cpu.fetch: [tid:0] Instruction PC (0x401041=>0x401043).(0=>1) created [sn:620].
 125000: system.cpu.fetch: [tid:0] Instruction is:   ADD_M_R : ldst   t1b, DS:[rax]
 125000: system.cpu.fetch: [tid:0] Fetch queue entry created (4/128).
 125000: global: DynInst: [sn:630] Instruction created. Instcount for system.cpu = 55
 125000: system.cpu.fetch: [tid:0] Instruction PC (0x401041=>0x401043).(1=>2) created [sn:630].
 125000: system.cpu.fetch: [tid:0] Instruction is:   ADD_M_R : add   t1b, t1b, al
 125000: system.cpu.fetch: [tid:0] Fetch queue entry created (5/128).
 125000: global: DynInst: [sn:640] Instruction created. Instcount for system.cpu = 56
 125000: system.cpu.fetch: [tid:0] Instruction PC (0x401041=>0x401043).(2=>3) created [sn:640].
 125000: system.cpu.fetch: [tid:0] Instruction is:   ADD_M_R : st   t1b, DS:[rax]
 125000: system.cpu.fetch: [tid:0] Fetch queue entry created (6/128).
 125000: system.cpu.fetch: [tid:0] Done fetching, reached fetch bandwidth for this cycle.
 125000: system.cpu.fetch: [tid:0] [sn:590] Sending instruction to decode from fetch queue. Fetch queue size: 6.
 125000: system.cpu.fetch: [tid:0] [sn:600] Sending instruction to decode from fetch queue. Fetch queue size: 5.
 125000: system.cpu.fetch: [tid:0] [sn:610] Sending instruction to decode from fetch queue. Fetch queue size: 4.
 125000: system.cpu.fetch: [tid:0] [sn:620] Sending instruction to decode from fetch queue. Fetch queue size: 3.
 125000: system.cpu.fetch: [tid:0] [sn:630] Sending instruction to decode from fetch queue. Fetch queue size: 2.
 125000: system.cpu.fetch: [tid:0] [sn:640] Sending instruction to decode from fetch queue. Fetch queue size: 1.
 125000: system.cpu.fetch: Activity this cycle.
 125000: system.cpu: Activity: 3
 125000: system.cpu.decode: Processing [tid:0]
 125000: system.cpu.decode: [tid:0] Bypass moves from Rename: 0
 125000: system.cpu.decode: [tid:0] Not blocked, so attempting to run stage.
 125000: system.cpu.decode: [tid:0] Nothing to do, breaking out early.
 125000: system.cpu.rename: Processing [tid:0]
 125000: system.cpu.rename: [tid:0] Free IQ: 156, Free ROB: 463, Free LQ: 176, Free SQ: 97, FreeRM 63(441 464 511 1022 63 8 2523)
 125000: system.cpu.rename: [tid:0] 0 instructions not yet in ROB
 125000: system.cpu.rename: calcFreeLQEntries: free lqEntries: 176, loadsInProgress: 0, loads dispatchedToLQ: 0
 125000: system.cpu.rename: [tid:0] Not blocked, so attempting to run stage.
 125000: system.cpu.rename: [tid:0] Nothing to do, breaking out early.
 125000: system.cpu.iew: Issue: Processing [tid:0]
 125000: system.cpu.iew: [tid:0] Not blocked, so attempting to run dispatch.
 125000: system.cpu.iq: Attempting to schedule ready instructions from the IQ.
 125000: system.cpu.iq: Not able to schedule any instructions.
 125000: system.cpu.iew.lsq: [tid:0] Writing back stores. 1 stores available for Writeback.
 125000: system.cpu.iew: Processing [tid:0]
 125000: system.cpu.iew: [tid:0], Dispatch dispatched 0 instructions.
 125000: system.cpu.iew.lsq.thread0: SQ size: 114, #stores occupied: 17
 125000: system.cpu.iew.lsq.thread0: LQ size: 192, #loads occupied: 16
 125000: system.cpu.iew: IQ has 156 free entries (Can schedule: 0).  LQ has 176 free entries. SQ has 97 free entries.
 125000: system.cpu.commit: Getting instructions from Rename stage.
 125000: system.cpu.commit: Trying to commit instructions in the ROB.
 125000: system.cpu.commit: Trying to commit head instruction, [tid:0] [sn:100]
 125000: system.cpu.commit: Inst [tid:0] [sn:100] PC (0x40101d=>0x40101f).(0=>1) has a fault
 125000: system.cpu.commit: [tid:0] [sn:100] Stores outstanding, fault must wait.
 125000: system.cpu.commit: Unable to commit head instruction PC:(0x40101d=>0x40101f).(0=>1) [tid:0] [sn:100].
 125000: system.cpu.commit: [tid:0] Instruction [sn:100] PC (0x40101d=>0x40101f).(0=>1) is head of ROB and ready to commit
 125000: system.cpu.commit: [tid:0] ROB has 49 insts & 463 free entries.
 125000: system.cpu: Scheduling next tick!
 126000: system.cpu: 

O3CPU: Ticking main, O3CPU.
 126000: system.cpu.fetch: Running stage.
 126000: system.cpu.fetch: Attempting to fetch from [tid:0]
 126000: system.cpu.fetch: [tid:0] Adding instructions to queue to decode.
 126000: system.cpu.decoder: Decode: Decoded add instruction: 
{
	leg = 0,
	rex = 0,
	vex/xop = 0,
	op = {
		type = one byte,
		op = 0,
		},
	modRM = 0,
	sib = 0,
	immediate = 0,
	displacement = 0
	dispSize = 0}

 126000: global: DynInst: [sn:650] Instruction created. Instcount for system.cpu = 57
 126000: system.cpu.fetch: [tid:0] Instruction PC (0x401043=>0x401045).(0=>1) created [sn:650].
 126000: system.cpu.fetch: [tid:0] Instruction is:   ADD_M_R : ldst   t1b, DS:[rax]
 126000: system.cpu.fetch: [tid:0] Fetch queue entry created (1/128).
 126000: global: DynInst: [sn:660] Instruction created. Instcount for system.cpu = 58
 126000: system.cpu.fetch: [tid:0] Instruction PC (0x401043=>0x401045).(1=>2) created [sn:660].
 126000: system.cpu.fetch: [tid:0] Instruction is:   ADD_M_R : add   t1b, t1b, al
 126000: system.cpu.fetch: [tid:0] Fetch queue entry created (2/128).
 126000: global: DynInst: [sn:670] Instruction created. Instcount for system.cpu = 59
 126000: system.cpu.fetch: [tid:0] Instruction PC (0x401043=>0x401045).(2=>3) created [sn:670].
 126000: system.cpu.fetch: [tid:0] Instruction is:   ADD_M_R : st   t1b, DS:[rax]
 126000: system.cpu.fetch: [tid:0] Fetch queue entry created (3/128).
 126000: system.cpu.decoder: Decode: Decoded add instruction: 
{
	leg = 0,
	rex = 0,
	vex/xop = 0,
	op = {
		type = one byte,
		op = 0,
		},
	modRM = 0,
	sib = 0,
	immediate = 0,
	displacement = 0
	dispSize = 0}

 126000: global: DynInst: [sn:680] Instruction created. Instcount for system.cpu = 60
 126000: system.cpu.fetch: [tid:0] Instruction PC (0x401045=>0x401047).(0=>1) created [sn:680].
 126000: system.cpu.fetch: [tid:0] Instruction is:   ADD_M_R : ldst   t1b, DS:[rax]
 126000: system.cpu.fetch: [tid:0] Fetch queue entry created (4/128).
 126000: global: DynInst: [sn:690] Instruction created. Instcount for system.cpu = 61
 126000: system.cpu.fetch: [tid:0] Instruction PC (0x401045=>0x401047).(1=>2) created [sn:690].
 126000: system.cpu.fetch: [tid:0] Instruction is:   ADD_M_R : add   t1b, t1b, al
 126000: system.cpu.fetch: [tid:0] Fetch queue entry created (5/128).
 126000: global: DynInst: [sn:700] Instruction created. Instcount for system.cpu = 62
 126000: system.cpu.fetch: [tid:0] Instruction PC (0x401045=>0x401047).(2=>3) created [sn:700].
 126000: system.cpu.fetch: [tid:0] Instruction is:   ADD_M_R : st   t1b, DS:[rax]
 126000: system.cpu.fetch: [tid:0] Fetch queue entry created (6/128).
 126000: system.cpu.fetch: [tid:0] Done fetching, reached fetch bandwidth for this cycle.
 126000: system.cpu.fetch: [tid:0] [sn:650] Sending instruction to decode from fetch queue. Fetch queue size: 6.
 126000: system.cpu.fetch: [tid:0] [sn:660] Sending instruction to decode from fetch queue. Fetch queue size: 5.
 126000: system.cpu.fetch: [tid:0] [sn:670] Sending instruction to decode from fetch queue. Fetch queue size: 4.
 126000: system.cpu.fetch: [tid:0] [sn:680] Sending instruction to decode from fetch queue. Fetch queue size: 3.
 126000: system.cpu.fetch: [tid:0] [sn:690] Sending instruction to decode from fetch queue. Fetch queue size: 2.
 126000: system.cpu.fetch: [tid:0] [sn:700] Sending instruction to decode from fetch queue. Fetch queue size: 1.
 126000: system.cpu.fetch: Activity this cycle.
 126000: system.cpu: Activity: 4
 126000: system.cpu.decode: Processing [tid:0]
 126000: system.cpu.decode: [tid:0] Bypass moves from Rename: 0
 126000: system.cpu.decode: [tid:0] Not blocked, so attempting to run stage.
 126000: system.cpu.decode: [tid:0] Sending instruction to rename.
 126000: system.cpu.decode: [tid:0] Processing instruction [sn:590] with PC (0x40103f=>0x401041).(0=>1)
 126000: system.cpu.decode: [tid:0] Processing instruction [sn:600] with PC (0x40103f=>0x401041).(1=>2)
 126000: system.cpu.decode: [tid:0] Processing instruction [sn:610] with PC (0x40103f=>0x401041).(2=>3)
 126000: system.cpu.decode: [tid:0] Processing instruction [sn:620] with PC (0x401041=>0x401043).(0=>1)
 126000: system.cpu.decode: [tid:0] Processing instruction [sn:630] with PC (0x401041=>0x401043).(1=>2)
 126000: system.cpu.decode: [tid:0] Processing instruction [sn:640] with PC (0x401041=>0x401043).(2=>3)
 126000: system.cpu.decode: Activity this cycle.
 126000: system.cpu.rename: Processing [tid:0]
 126000: system.cpu.rename: [tid:0] Free IQ: 156, Free ROB: 463, Free LQ: 176, Free SQ: 97, FreeRM 63(441 464 511 1022 63 8 2523)
 126000: system.cpu.rename: [tid:0] 0 instructions not yet in ROB
 126000: system.cpu.rename: calcFreeLQEntries: free lqEntries: 176, loadsInProgress: 0, loads dispatchedToLQ: 0
 126000: system.cpu.rename: [tid:0] Not blocked, so attempting to run stage.
 126000: system.cpu.rename: [tid:0] Nothing to do, breaking out early.
 126000: system.cpu.iew: Issue: Processing [tid:0]
 126000: system.cpu.iew: [tid:0] Not blocked, so attempting to run dispatch.
 126000: system.cpu.iq: Attempting to schedule ready instructions from the IQ.
 126000: system.cpu.iq: Not able to schedule any instructions.
 126000: system.cpu.iew.lsq: [tid:0] Writing back stores. 1 stores available for Writeback.
 126000: system.cpu.iew: Processing [tid:0]
 126000: system.cpu.iew: [tid:0], Dispatch dispatched 0 instructions.
 126000: system.cpu.iew.lsq.thread0: SQ size: 114, #stores occupied: 17
 126000: system.cpu.iew.lsq.thread0: LQ size: 192, #loads occupied: 16
 126000: system.cpu.iew: IQ has 156 free entries (Can schedule: 0).  LQ has 176 free entries. SQ has 97 free entries.
 126000: system.cpu.commit: Getting instructions from Rename stage.
 126000: system.cpu.commit: Trying to commit instructions in the ROB.
 126000: system.cpu.commit: Trying to commit head instruction, [tid:0] [sn:100]
 126000: system.cpu.commit: Inst [tid:0] [sn:100] PC (0x40101d=>0x40101f).(0=>1) has a fault
 126000: system.cpu.commit: [tid:0] [sn:100] Stores outstanding, fault must wait.
 126000: system.cpu.commit: Unable to commit head instruction PC:(0x40101d=>0x40101f).(0=>1) [tid:0] [sn:100].
 126000: system.cpu.commit: [tid:0] Instruction [sn:100] PC (0x40101d=>0x40101f).(0=>1) is head of ROB and ready to commit
 126000: system.cpu.commit: [tid:0] ROB has 49 insts & 463 free entries.
 126000: system.cpu: Scheduling next tick!
 127000: system.cpu: 

O3CPU: Ticking main, O3CPU.
 127000: system.cpu.fetch: Running stage.
 127000: system.cpu.fetch: Attempting to fetch from [tid:0]
 127000: system.cpu.fetch: [tid:0] Adding instructions to queue to decode.
 127000: system.cpu.decoder: Decode: Decoded add instruction: 
{
	leg = 0,
	rex = 0,
	vex/xop = 0,
	op = {
		type = one byte,
		op = 0,
		},
	modRM = 0,
	sib = 0,
	immediate = 0,
	displacement = 0
	dispSize = 0}

 127000: global: DynInst: [sn:710] Instruction created. Instcount for system.cpu = 63
 127000: system.cpu.fetch: [tid:0] Instruction PC (0x401047=>0x401049).(0=>1) created [sn:710].
 127000: system.cpu.fetch: [tid:0] Instruction is:   ADD_M_R : ldst   t1b, DS:[rax]
 127000: system.cpu.fetch: [tid:0] Fetch queue entry created (1/128).
 127000: global: DynInst: [sn:720] Instruction created. Instcount for system.cpu = 64
 127000: system.cpu.fetch: [tid:0] Instruction PC (0x401047=>0x401049).(1=>2) created [sn:720].
 127000: system.cpu.fetch: [tid:0] Instruction is:   ADD_M_R : add   t1b, t1b, al
 127000: system.cpu.fetch: [tid:0] Fetch queue entry created (2/128).
 127000: global: DynInst: [sn:730] Instruction created. Instcount for system.cpu = 65
 127000: system.cpu.fetch: [tid:0] Instruction PC (0x401047=>0x401049).(2=>3) created [sn:730].
 127000: system.cpu.fetch: [tid:0] Instruction is:   ADD_M_R : st   t1b, DS:[rax]
 127000: system.cpu.fetch: [tid:0] Fetch queue entry created (3/128).
 127000: system.cpu.decoder: Decode: Decoded add instruction: 
{
	leg = 0,
	rex = 0,
	vex/xop = 0,
	op = {
		type = one byte,
		op = 0,
		},
	modRM = 0,
	sib = 0,
	immediate = 0,
	displacement = 0
	dispSize = 0}

 127000: global: DynInst: [sn:740] Instruction created. Instcount for system.cpu = 66
 127000: system.cpu.fetch: [tid:0] Instruction PC (0x401049=>0x40104b).(0=>1) created [sn:740].
 127000: system.cpu.fetch: [tid:0] Instruction is:   ADD_M_R : ldst   t1b, DS:[rax]
 127000: system.cpu.fetch: [tid:0] Fetch queue entry created (4/128).
 127000: global: DynInst: [sn:750] Instruction created. Instcount for system.cpu = 67
 127000: system.cpu.fetch: [tid:0] Instruction PC (0x401049=>0x40104b).(1=>2) created [sn:750].
 127000: system.cpu.fetch: [tid:0] Instruction is:   ADD_M_R : add   t1b, t1b, al
 127000: system.cpu.fetch: [tid:0] Fetch queue entry created (5/128).
 127000: global: DynInst: [sn:760] Instruction created. Instcount for system.cpu = 68
 127000: system.cpu.fetch: [tid:0] Instruction PC (0x401049=>0x40104b).(2=>3) created [sn:760].
 127000: system.cpu.fetch: [tid:0] Instruction is:   ADD_M_R : st   t1b, DS:[rax]
 127000: system.cpu.fetch: [tid:0] Fetch queue entry created (6/128).
 127000: system.cpu.fetch: [tid:0] Done fetching, reached fetch bandwidth for this cycle.
 127000: system.cpu.fetch: [tid:0] [sn:710] Sending instruction to decode from fetch queue. Fetch queue size: 6.
 127000: system.cpu.fetch: [tid:0] [sn:720] Sending instruction to decode from fetch queue. Fetch queue size: 5.
 127000: system.cpu.fetch: [tid:0] [sn:730] Sending instruction to decode from fetch queue. Fetch queue size: 4.
 127000: system.cpu.fetch: [tid:0] [sn:740] Sending instruction to decode from fetch queue. Fetch queue size: 3.
 127000: system.cpu.fetch: [tid:0] [sn:750] Sending instruction to decode from fetch queue. Fetch queue size: 2.
 127000: system.cpu.fetch: [tid:0] [sn:760] Sending instruction to decode from fetch queue. Fetch queue size: 1.
 127000: system.cpu.fetch: Activity this cycle.
 127000: system.cpu: Activity: 5
 127000: system.cpu.decode: Processing [tid:0]
 127000: system.cpu.decode: [tid:0] Bypass moves from Rename: 0
 127000: system.cpu.decode: [tid:0] Not blocked, so attempting to run stage.
 127000: system.cpu.decode: [tid:0] Sending instruction to rename.
 127000: system.cpu.decode: [tid:0] Processing instruction [sn:650] with PC (0x401043=>0x401045).(0=>1)
 127000: system.cpu.decode: [tid:0] Processing instruction [sn:660] with PC (0x401043=>0x401045).(1=>2)
 127000: system.cpu.decode: [tid:0] Processing instruction [sn:670] with PC (0x401043=>0x401045).(2=>3)
 127000: system.cpu.decode: [tid:0] Processing instruction [sn:680] with PC (0x401045=>0x401047).(0=>1)
 127000: system.cpu.decode: [tid:0] Processing instruction [sn:690] with PC (0x401045=>0x401047).(1=>2)
 127000: system.cpu.decode: [tid:0] Processing instruction [sn:700] with PC (0x401045=>0x401047).(2=>3)
 127000: system.cpu.decode: Activity this cycle.
 127000: system.cpu.rename: Processing [tid:0]
 127000: system.cpu.rename: [tid:0] Free IQ: 156, Free ROB: 463, Free LQ: 176, Free SQ: 97, FreeRM 63(441 464 511 1022 63 8 2523)
 127000: system.cpu.rename: [tid:0] 0 instructions not yet in ROB
 127000: system.cpu.rename: calcFreeLQEntries: free lqEntries: 176, loadsInProgress: 0, loads dispatchedToLQ: 0
 127000: system.cpu.rename: [tid:0] Not blocked, so attempting to run stage.
 127000: system.cpu.rename: [tid:0] 6 available instructions to send iew.
 127000: system.cpu.rename: [tid:0] 0 insts pipelining from Rename | 0 insts dispatched to IQ last cycle.
 127000: system.cpu.rename: [tid:0] Sending instructions to IEW.
 127000: system.cpu.rename: calcFreeLQEntries: free lqEntries: 176, loadsInProgress: 0, loads dispatchedToLQ: 0
 127000: system.cpu.rename: [tid:0] Processing instruction [sn:590] with PC (0x40103f=>0x401041).(0=>1).
 127000: system.cpu.rename: [tid:0] Mascot prediction for load [sn:590] type: 0; distance1: 0; distance2: 0
 127000: system.cpu.rename: [tid:0] Looking up invalid arch reg 0, got phys reg 4294967295 (invalid)
 127000: system.cpu.rename: [tid:0] Register 4294967295 (flat: 4294967295) (invalid) is ready.
 127000: global: [sn:590] has 1 ready out of 4 sources. RTI 0)
 127000: system.cpu.rename: [tid:0] Looking up integer arch reg 0, got phys reg 45 (integer)
 127000: system.cpu.rename: [tid:0] Register 45 (flat: 45) (integer) is ready.
 127000: global: [sn:590] has 2 ready out of 4 sources. RTI 0)
 127000: system.cpu.rename: [tid:0] Looking up integer arch reg 17, got phys reg 78 (integer)
 127000: system.cpu.rename: [tid:0] Register 78 (flat: 78) (integer) is not ready.
 127000: system.cpu.rename: [tid:0] Looking up miscellaneous arch reg 155, got phys reg 155 (miscellaneous)
 127000: system.cpu.rename: [tid:0] Register 155 (flat: 0) (miscellaneous) is ready.
 127000: global: [sn:590] has 3 ready out of 4 sources. RTI 0)
 127000: global: Renamed reg t1 to physical reg 79 (79) old mapping was 78 (78)
 127000: system.cpu.rename: [tid:0] Renaming arch reg 17 (integer) to physical reg 79 (79).
 127000: system.cpu.rename: [tid:0] [sn:590] Adding instruction to history buffer (size=113).
 127000: system.cpu.rename: [tid:0] Processing instruction [sn:600] with PC (0x40103f=>0x401041).(1=>2).
 127000: system.cpu.rename: [tid:0] Looking up integer arch reg 17, got phys reg 79 (integer)
 127000: system.cpu.rename: [tid:0] Register 79 (flat: 79) (integer) is not ready.
 127000: system.cpu.rename: [tid:0] Looking up integer arch reg 0, got phys reg 45 (integer)
 127000: system.cpu.rename: [tid:0] Register 45 (flat: 45) (integer) is ready.
 127000: global: [sn:600] has 1 ready out of 8 sources. RTI 0)
 127000: system.cpu.rename: [tid:0] Looking up integer arch reg 17, got phys reg 79 (integer)
 127000: system.cpu.rename: [tid:0] Register 79 (flat: 79) (integer) is not ready.
 127000: system.cpu.rename: [tid:0] Looking up invalid arch reg 0, got phys reg 4294967295 (invalid)
 127000: system.cpu.rename: [tid:0] Register 4294967295 (flat: 4294967295) (invalid) is ready.
 127000: global: [sn:600] has 2 ready out of 8 sources. RTI 0)
 127000: system.cpu.rename: [tid:0] Looking up invalid arch reg 0, got phys reg 4294967295 (invalid)
 127000: system.cpu.rename: [tid:0] Register 4294967295 (flat: 4294967295) (invalid) is ready.
 127000: global: [sn:600] has 3 ready out of 8 sources. RTI 0)
 127000: system.cpu.rename: [tid:0] Looking up invalid arch reg 0, got phys reg 4294967295 (invalid)
 127000: system.cpu.rename: [tid:0] Register 4294967295 (flat: 4294967295) (invalid) is ready.
 127000: global: [sn:600] has 4 ready out of 8 sources. RTI 0)
 127000: system.cpu.rename: [tid:0] Looking up invalid arch reg 0, got phys reg 4294967295 (invalid)
 127000: system.cpu.rename: [tid:0] Register 4294967295 (flat: 4294967295) (invalid) is ready.
 127000: global: [sn:600] has 5 ready out of 8 sources. RTI 0)
 127000: system.cpu.rename: [tid:0] Looking up invalid arch reg 0, got phys reg 4294967295 (invalid)
 127000: system.cpu.rename: [tid:0] Register 4294967295 (flat: 4294967295) (invalid) is ready.
 127000: global: [sn:600] has 6 ready out of 8 sources. RTI 0)
 127000: global: Renamed reg t1 to physical reg 80 (80) old mapping was 79 (79)
 127000: system.cpu.rename: [tid:0] Renaming arch reg 17 (integer) to physical reg 80 (80).
 127000: system.cpu.rename: [tid:0] [sn:600] Adding instruction to history buffer (size=114).
 127000: global: Renamed reg condition_code[0] to physical reg 2675 (2675) old mapping was 2673 (2673)
 127000: system.cpu.rename: [tid:0] Renaming arch reg 0 (condition_code) to physical reg 43 (2675).
 127000: system.cpu.rename: [tid:0] [sn:600] Adding instruction to history buffer (size=115).
 127000: global: Renamed reg condition_code[1] to physical reg 2676 (2676) old mapping was 2674 (2674)
 127000: system.cpu.rename: [tid:0] Renaming arch reg 1 (condition_code) to physical reg 44 (2676).
 127000: system.cpu.rename: [tid:0] [sn:600] Adding instruction to history buffer (size=116).
 127000: system.cpu.rename: [tid:0] Renaming arch reg 0 (invalid) to physical reg 4294967295 (4294967295).
 127000: system.cpu.rename: [tid:0] [sn:600] Adding instruction to history buffer (size=117).
 127000: system.cpu.rename: [tid:0] Renaming arch reg 0 (invalid) to physical reg 4294967295 (4294967295).
 127000: system.cpu.rename: [tid:0] [sn:600] Adding instruction to history buffer (size=118).
 127000: system.cpu.rename: [tid:0] Renaming arch reg 0 (invalid) to physical reg 4294967295 (4294967295).
 127000: system.cpu.rename: [tid:0] [sn:600] Adding instruction to history buffer (size=119).
 127000: system.cpu.rename: calcFreeSQEntries: free sqEntries: 97, storesInProgress: 0, stores dispatchedToSQ: 0
 127000: system.cpu.rename: [tid:0] Processing instruction [sn:610] with PC (0x40103f=>0x401041).(2=>3).
 127000: system.cpu.rename: [tid:0] Looking up invalid arch reg 0, got phys reg 4294967295 (invalid)
 127000: system.cpu.rename: [tid:0] Register 4294967295 (flat: 4294967295) (invalid) is ready.
 127000: global: [sn:610] has 1 ready out of 4 sources. RTI 0)
 127000: system.cpu.rename: [tid:0] Looking up integer arch reg 0, got phys reg 45 (integer)
 127000: system.cpu.rename: [tid:0] Register 45 (flat: 45) (integer) is ready.
 127000: global: [sn:610] has 2 ready out of 4 sources. RTI 0)
 127000: system.cpu.rename: [tid:0] Looking up integer arch reg 17, got phys reg 80 (integer)
 127000: system.cpu.rename: [tid:0] Register 80 (flat: 80) (integer) is not ready.
 127000: system.cpu.rename: [tid:0] Looking up miscellaneous arch reg 155, got phys reg 155 (miscellaneous)
 127000: system.cpu.rename: [tid:0] Register 155 (flat: 0) (miscellaneous) is ready.
 127000: global: [sn:610] has 3 ready out of 4 sources. RTI 0)
 127000: system.cpu.rename: calcFreeLQEntries: free lqEntries: 176, loadsInProgress: 1, loads dispatchedToLQ: 0
 127000: system.cpu.rename: [tid:0] Processing instruction [sn:620] with PC (0x401041=>0x401043).(0=>1).
 127000: system.cpu.rename: [tid:0] Mascot prediction for load [sn:620] type: 0; distance1: 0; distance2: 0
 127000: system.cpu.rename: [tid:0] Looking up invalid arch reg 0, got phys reg 4294967295 (invalid)
 127000: system.cpu.rename: [tid:0] Register 4294967295 (flat: 4294967295) (invalid) is ready.
 127000: global: [sn:620] has 1 ready out of 4 sources. RTI 0)
 127000: system.cpu.rename: [tid:0] Looking up integer arch reg 0, got phys reg 45 (integer)
 127000: system.cpu.rename: [tid:0] Register 45 (flat: 45) (integer) is ready.
 127000: global: [sn:620] has 2 ready out of 4 sources. RTI 0)
 127000: system.cpu.rename: [tid:0] Looking up integer arch reg 17, got phys reg 80 (integer)
 127000: system.cpu.rename: [tid:0] Register 80 (flat: 80) (integer) is not ready.
 127000: system.cpu.rename: [tid:0] Looking up miscellaneous arch reg 155, got phys reg 155 (miscellaneous)
 127000: system.cpu.rename: [tid:0] Register 155 (flat: 0) (miscellaneous) is ready.
 127000: global: [sn:620] has 3 ready out of 4 sources. RTI 0)
 127000: global: Renamed reg t1 to physical reg 81 (81) old mapping was 80 (80)
 127000: system.cpu.rename: [tid:0] Renaming arch reg 17 (integer) to physical reg 81 (81).
 127000: system.cpu.rename: [tid:0] [sn:620] Adding instruction to history buffer (size=120).
 127000: system.cpu.rename: [tid:0] Processing instruction [sn:630] with PC (0x401041=>0x401043).(1=>2).
 127000: system.cpu.rename: [tid:0] Looking up integer arch reg 17, got phys reg 81 (integer)
 127000: system.cpu.rename: [tid:0] Register 81 (flat: 81) (integer) is not ready.
 127000: system.cpu.rename: [tid:0] Looking up integer arch reg 0, got phys reg 45 (integer)
 127000: system.cpu.rename: [tid:0] Register 45 (flat: 45) (integer) is ready.
 127000: global: [sn:630] has 1 ready out of 8 sources. RTI 0)
 127000: system.cpu.rename: [tid:0] Looking up integer arch reg 17, got phys reg 81 (integer)
 127000: system.cpu.rename: [tid:0] Register 81 (flat: 81) (integer) is not ready.
 127000: system.cpu.rename: [tid:0] Looking up invalid arch reg 0, got phys reg 4294967295 (invalid)
 127000: system.cpu.rename: [tid:0] Register 4294967295 (flat: 4294967295) (invalid) is ready.
 127000: global: [sn:630] has 2 ready out of 8 sources. RTI 0)
 127000: system.cpu.rename: [tid:0] Looking up invalid arch reg 0, got phys reg 4294967295 (invalid)
 127000: system.cpu.rename: [tid:0] Register 4294967295 (flat: 4294967295) (invalid) is ready.
 127000: global: [sn:630] has 3 ready out of 8 sources. RTI 0)
 127000: system.cpu.rename: [tid:0] Looking up invalid arch reg 0, got phys reg 4294967295 (invalid)
 127000: system.cpu.rename: [tid:0] Register 4294967295 (flat: 4294967295) (invalid) is ready.
 127000: global: [sn:630] has 4 ready out of 8 sources. RTI 0)
 127000: system.cpu.rename: [tid:0] Looking up invalid arch reg 0, got phys reg 4294967295 (invalid)
 127000: system.cpu.rename: [tid:0] Register 4294967295 (flat: 4294967295) (invalid) is ready.
 127000: global: [sn:630] has 5 ready out of 8 sources. RTI 0)
 127000: system.cpu.rename: [tid:0] Looking up invalid arch reg 0, got phys reg 4294967295 (invalid)
 127000: system.cpu.rename: [tid:0] Register 4294967295 (flat: 4294967295) (invalid) is ready.
 127000: global: [sn:630] has 6 ready out of 8 sources. RTI 0)
 127000: global: Renamed reg t1 to physical reg 82 (82) old mapping was 81 (81)
 127000: system.cpu.rename: [tid:0] Renaming arch reg 17 (integer) to physical reg 82 (82).
 127000: system.cpu.rename: [tid:0] [sn:630] Adding instruction to history buffer (size=121).
 127000: global: Renamed reg condition_code[0] to physical reg 2677 (2677) old mapping was 2675 (2675)
 127000: system.cpu.rename: [tid:0] Renaming arch reg 0 (condition_code) to physical reg 45 (2677).
 127000: system.cpu.rename: [tid:0] [sn:630] Adding instruction to history buffer (size=122).
 127000: global: Renamed reg condition_code[1] to physical reg 2678 (2678) old mapping was 2676 (2676)
 127000: system.cpu.rename: [tid:0] Renaming arch reg 1 (condition_code) to physical reg 46 (2678).
 127000: system.cpu.rename: [tid:0] [sn:630] Adding instruction to history buffer (size=123).
 127000: system.cpu.rename: [tid:0] Renaming arch reg 0 (invalid) to physical reg 4294967295 (4294967295).
 127000: system.cpu.rename: [tid:0] [sn:630] Adding instruction to history buffer (size=124).
 127000: system.cpu.rename: [tid:0] Renaming arch reg 0 (invalid) to physical reg 4294967295 (4294967295).
 127000: system.cpu.rename: [tid:0] [sn:630] Adding instruction to history buffer (size=125).
 127000: system.cpu.rename: [tid:0] Renaming arch reg 0 (invalid) to physical reg 4294967295 (4294967295).
 127000: system.cpu.rename: [tid:0] [sn:630] Adding instruction to history buffer (size=126).
 127000: system.cpu.rename: calcFreeSQEntries: free sqEntries: 97, storesInProgress: 1, stores dispatchedToSQ: 0
 127000: system.cpu.rename: [tid:0] Processing instruction [sn:640] with PC (0x401041=>0x401043).(2=>3).
 127000: system.cpu.rename: [tid:0] Looking up invalid arch reg 0, got phys reg 4294967295 (invalid)
 127000: system.cpu.rename: [tid:0] Register 4294967295 (flat: 4294967295) (invalid) is ready.
 127000: global: [sn:640] has 1 ready out of 4 sources. RTI 0)
 127000: system.cpu.rename: [tid:0] Looking up integer arch reg 0, got phys reg 45 (integer)
 127000: system.cpu.rename: [tid:0] Register 45 (flat: 45) (integer) is ready.
 127000: global: [sn:640] has 2 ready out of 4 sources. RTI 0)
 127000: system.cpu.rename: [tid:0] Looking up integer arch reg 17, got phys reg 82 (integer)
 127000: system.cpu.rename: [tid:0] Register 82 (flat: 82) (integer) is not ready.
 127000: system.cpu.rename: [tid:0] Looking up miscellaneous arch reg 155, got phys reg 155 (miscellaneous)
 127000: system.cpu.rename: [tid:0] Register 155 (flat: 0) (miscellaneous) is ready.
 127000: global: [sn:640] has 3 ready out of 4 sources. RTI 0)
 127000: system.cpu.rename: Activity this cycle.
 127000: system.cpu.iew: Issue: Processing [tid:0]
 127000: system.cpu.iew: [tid:0] Not blocked, so attempting to run dispatch.
 127000: system.cpu.iq: Attempting to schedule ready instructions from the IQ.
 127000: system.cpu.iq: Not able to schedule any instructions.
 127000: system.cpu.iew.lsq: [tid:0] Writing back stores. 1 stores available for Writeback.
 127000: system.cpu.iew: Processing [tid:0]
 127000: system.cpu.iew: [tid:0], Dispatch dispatched 0 instructions.
 127000: system.cpu.iew.lsq.thread0: SQ size: 114, #stores occupied: 17
 127000: system.cpu.iew.lsq.thread0: LQ size: 192, #loads occupied: 16
 127000: system.cpu.iew: IQ has 156 free entries (Can schedule: 0).  LQ has 176 free entries. SQ has 97 free entries.
 127000: system.cpu.commit: Getting instructions from Rename stage.
 127000: system.cpu.commit: Trying to commit instructions in the ROB.
 127000: system.cpu.commit: Trying to commit head instruction, [tid:0] [sn:100]
 127000: system.cpu.commit: Inst [tid:0] [sn:100] PC (0x40101d=>0x40101f).(0=>1) has a fault
 127000: system.cpu.commit: [tid:0] [sn:100] Stores outstanding, fault must wait.
 127000: system.cpu.commit: Unable to commit head instruction PC:(0x40101d=>0x40101f).(0=>1) [tid:0] [sn:100].
 127000: system.cpu.commit: [tid:0] Instruction [sn:100] PC (0x40101d=>0x40101f).(0=>1) is head of ROB and ready to commit
 127000: system.cpu.commit: [tid:0] ROB has 49 insts & 463 free entries.
 127000: system.cpu: Scheduling next tick!
 128000: system.cpu: 

O3CPU: Ticking main, O3CPU.
 128000: system.cpu.fetch: Running stage.
 128000: system.cpu.fetch: Attempting to fetch from [tid:0]
 128000: system.cpu.fetch: [tid:0] Adding instructions to queue to decode.
 128000: system.cpu.decoder: Decode: Decoded add instruction: 
{
	leg = 0,
	rex = 0,
	vex/xop = 0,
	op = {
		type = one byte,
		op = 0,
		},
	modRM = 0,
	sib = 0,
	immediate = 0,
	displacement = 0
	dispSize = 0}

 128000: global: DynInst: [sn:770] Instruction created. Instcount for system.cpu = 69
 128000: system.cpu.fetch: [tid:0] Instruction PC (0x40104b=>0x40104d).(0=>1) created [sn:770].
 128000: system.cpu.fetch: [tid:0] Instruction is:   ADD_M_R : ldst   t1b, DS:[rax]
 128000: system.cpu.fetch: [tid:0] Fetch queue entry created (1/128).
 128000: global: DynInst: [sn:780] Instruction created. Instcount for system.cpu = 70
 128000: system.cpu.fetch: [tid:0] Instruction PC (0x40104b=>0x40104d).(1=>2) created [sn:780].
 128000: system.cpu.fetch: [tid:0] Instruction is:   ADD_M_R : add   t1b, t1b, al
 128000: system.cpu.fetch: [tid:0] Fetch queue entry created (2/128).
 128000: global: DynInst: [sn:790] Instruction created. Instcount for system.cpu = 71
 128000: system.cpu.fetch: [tid:0] Instruction PC (0x40104b=>0x40104d).(2=>3) created [sn:790].
 128000: system.cpu.fetch: [tid:0] Instruction is:   ADD_M_R : st   t1b, DS:[rax]
 128000: system.cpu.fetch: [tid:0] Fetch queue entry created (3/128).
 128000: system.cpu.decoder: Decode: Decoded add instruction: 
{
	leg = 0,
	rex = 0,
	vex/xop = 0,
	op = {
		type = one byte,
		op = 0,
		},
	modRM = 0,
	sib = 0,
	immediate = 0,
	displacement = 0
	dispSize = 0}

 128000: global: DynInst: [sn:800] Instruction created. Instcount for system.cpu = 72
 128000: system.cpu.fetch: [tid:0] Instruction PC (0x40104d=>0x40104f).(0=>1) created [sn:800].
 128000: system.cpu.fetch: [tid:0] Instruction is:   ADD_M_R : ldst   t1b, DS:[rax]
 128000: system.cpu.fetch: [tid:0] Fetch queue entry created (4/128).
 128000: global: DynInst: [sn:810] Instruction created. Instcount for system.cpu = 73
 128000: system.cpu.fetch: [tid:0] Instruction PC (0x40104d=>0x40104f).(1=>2) created [sn:810].
 128000: system.cpu.fetch: [tid:0] Instruction is:   ADD_M_R : add   t1b, t1b, al
 128000: system.cpu.fetch: [tid:0] Fetch queue entry created (5/128).
 128000: global: DynInst: [sn:820] Instruction created. Instcount for system.cpu = 74
 128000: system.cpu.fetch: [tid:0] Instruction PC (0x40104d=>0x40104f).(2=>3) created [sn:820].
 128000: system.cpu.fetch: [tid:0] Instruction is:   ADD_M_R : st   t1b, DS:[rax]
 128000: system.cpu.fetch: [tid:0] Fetch queue entry created (6/128).
 128000: system.cpu.fetch: [tid:0] Done fetching, reached fetch bandwidth for this cycle.
 128000: system.cpu.fetch: [tid:0] [sn:770] Sending instruction to decode from fetch queue. Fetch queue size: 6.
 128000: system.cpu.fetch: [tid:0] [sn:780] Sending instruction to decode from fetch queue. Fetch queue size: 5.
 128000: system.cpu.fetch: [tid:0] [sn:790] Sending instruction to decode from fetch queue. Fetch queue size: 4.
 128000: system.cpu.fetch: [tid:0] [sn:800] Sending instruction to decode from fetch queue. Fetch queue size: 3.
 128000: system.cpu.fetch: [tid:0] [sn:810] Sending instruction to decode from fetch queue. Fetch queue size: 2.
 128000: system.cpu.fetch: [tid:0] [sn:820] Sending instruction to decode from fetch queue. Fetch queue size: 1.
 128000: system.cpu.fetch: Activity this cycle.
 128000: system.cpu: Activity: 6
 128000: system.cpu.decode: Processing [tid:0]
 128000: system.cpu.decode: [tid:0] Bypass moves from Rename: 0
 128000: system.cpu.decode: [tid:0] Not blocked, so attempting to run stage.
 128000: system.cpu.decode: [tid:0] Sending instruction to rename.
 128000: system.cpu.decode: [tid:0] Processing instruction [sn:710] with PC (0x401047=>0x401049).(0=>1)
 128000: system.cpu.decode: [tid:0] Processing instruction [sn:720] with PC (0x401047=>0x401049).(1=>2)
 128000: system.cpu.decode: [tid:0] Processing instruction [sn:730] with PC (0x401047=>0x401049).(2=>3)
 128000: system.cpu.decode: [tid:0] Processing instruction [sn:740] with PC (0x401049=>0x40104b).(0=>1)
 128000: system.cpu.decode: [tid:0] Processing instruction [sn:750] with PC (0x401049=>0x40104b).(1=>2)
 128000: system.cpu.decode: [tid:0] Processing instruction [sn:760] with PC (0x401049=>0x40104b).(2=>3)
 128000: system.cpu.decode: Activity this cycle.
 128000: system.cpu.rename: Processing [tid:0]
 128000: system.cpu.rename: [tid:0] Free IQ: 156, Free ROB: 463, Free LQ: 176, Free SQ: 97, FreeRM 63(437 464 511 1022 63 8 2519)
 128000: system.cpu.rename: [tid:0] 6 instructions not yet in ROB
 128000: system.cpu.rename: calcFreeLQEntries: free lqEntries: 176, loadsInProgress: 2, loads dispatchedToLQ: 0
 128000: system.cpu.rename: [tid:0] Not blocked, so attempting to run stage.
 128000: system.cpu.rename: [tid:0] 6 available instructions to send iew.
 128000: system.cpu.rename: [tid:0] 6 insts pipelining from Rename | 0 insts dispatched to IQ last cycle.
 128000: system.cpu.rename: [tid:0] Sending instructions to IEW.
 128000: system.cpu.rename: calcFreeLQEntries: free lqEntries: 176, loadsInProgress: 2, loads dispatchedToLQ: 0
 128000: system.cpu.rename: [tid:0] Processing instruction [sn:650] with PC (0x401043=>0x401045).(0=>1).
 128000: system.cpu.rename: [tid:0] Mascot prediction for load [sn:650] type: 0; distance1: 0; distance2: 0
 128000: system.cpu.rename: [tid:0] Looking up invalid arch reg 0, got phys reg 4294967295 (invalid)
 128000: system.cpu.rename: [tid:0] Register 4294967295 (flat: 4294967295) (invalid) is ready.
 128000: global: [sn:650] has 1 ready out of 4 sources. RTI 0)
 128000: system.cpu.rename: [tid:0] Looking up integer arch reg 0, got phys reg 45 (integer)
 128000: system.cpu.rename: [tid:0] Register 45 (flat: 45) (integer) is ready.
 128000: global: [sn:650] has 2 ready out of 4 sources. RTI 0)
 128000: system.cpu.rename: [tid:0] Looking up integer arch reg 17, got phys reg 82 (integer)
 128000: system.cpu.rename: [tid:0] Register 82 (flat: 82) (integer) is not ready.
 128000: system.cpu.rename: [tid:0] Looking up miscellaneous arch reg 155, got phys reg 155 (miscellaneous)
 128000: system.cpu.rename: [tid:0] Register 155 (flat: 0) (miscellaneous) is ready.
 128000: global: [sn:650] has 3 ready out of 4 sources. RTI 0)
 128000: global: Renamed reg t1 to physical reg 83 (83) old mapping was 82 (82)
 128000: system.cpu.rename: [tid:0] Renaming arch reg 17 (integer) to physical reg 83 (83).
 128000: system.cpu.rename: [tid:0] [sn:650] Adding instruction to history buffer (size=127).
 128000: system.cpu.rename: [tid:0] Processing instruction [sn:660] with PC (0x401043=>0x401045).(1=>2).
 128000: system.cpu.rename: [tid:0] Looking up integer arch reg 17, got phys reg 83 (integer)
 128000: system.cpu.rename: [tid:0] Register 83 (flat: 83) (integer) is not ready.
 128000: system.cpu.rename: [tid:0] Looking up integer arch reg 0, got phys reg 45 (integer)
 128000: system.cpu.rename: [tid:0] Register 45 (flat: 45) (integer) is ready.
 128000: global: [sn:660] has 1 ready out of 8 sources. RTI 0)
 128000: system.cpu.rename: [tid:0] Looking up integer arch reg 17, got phys reg 83 (integer)
 128000: system.cpu.rename: [tid:0] Register 83 (flat: 83) (integer) is not ready.
 128000: system.cpu.rename: [tid:0] Looking up invalid arch reg 0, got phys reg 4294967295 (invalid)
 128000: system.cpu.rename: [tid:0] Register 4294967295 (flat: 4294967295) (invalid) is ready.
 128000: global: [sn:660] has 2 ready out of 8 sources. RTI 0)
 128000: system.cpu.rename: [tid:0] Looking up invalid arch reg 0, got phys reg 4294967295 (invalid)
 128000: system.cpu.rename: [tid:0] Register 4294967295 (flat: 4294967295) (invalid) is ready.
 128000: global: [sn:660] has 3 ready out of 8 sources. RTI 0)
 128000: system.cpu.rename: [tid:0] Looking up invalid arch reg 0, got phys reg 4294967295 (invalid)
 128000: system.cpu.rename: [tid:0] Register 4294967295 (flat: 4294967295) (invalid) is ready.
 128000: global: [sn:660] has 4 ready out of 8 sources. RTI 0)
 128000: system.cpu.rename: [tid:0] Looking up invalid arch reg 0, got phys reg 4294967295 (invalid)
 128000: system.cpu.rename: [tid:0] Register 4294967295 (flat: 4294967295) (invalid) is ready.
 128000: global: [sn:660] has 5 ready out of 8 sources. RTI 0)
 128000: system.cpu.rename: [tid:0] Looking up invalid arch reg 0, got phys reg 4294967295 (invalid)
 128000: system.cpu.rename: [tid:0] Register 4294967295 (flat: 4294967295) (invalid) is ready.
 128000: global: [sn:660] has 6 ready out of 8 sources. RTI 0)
 128000: global: Renamed reg t1 to physical reg 84 (84) old mapping was 83 (83)
 128000: system.cpu.rename: [tid:0] Renaming arch reg 17 (integer) to physical reg 84 (84).
 128000: system.cpu.rename: [tid:0] [sn:660] Adding instruction to history buffer (size=128).
 128000: global: Renamed reg condition_code[0] to physical reg 2679 (2679) old mapping was 2677 (2677)
 128000: system.cpu.rename: [tid:0] Renaming arch reg 0 (condition_code) to physical reg 47 (2679).
 128000: system.cpu.rename: [tid:0] [sn:660] Adding instruction to history buffer (size=129).
 128000: global: Renamed reg condition_code[1] to physical reg 2680 (2680) old mapping was 2678 (2678)
 128000: system.cpu.rename: [tid:0] Renaming arch reg 1 (condition_code) to physical reg 48 (2680).
 128000: system.cpu.rename: [tid:0] [sn:660] Adding instruction to history buffer (size=130).
 128000: system.cpu.rename: [tid:0] Renaming arch reg 0 (invalid) to physical reg 4294967295 (4294967295).
 128000: system.cpu.rename: [tid:0] [sn:660] Adding instruction to history buffer (size=131).
 128000: system.cpu.rename: [tid:0] Renaming arch reg 0 (invalid) to physical reg 4294967295 (4294967295).
 128000: system.cpu.rename: [tid:0] [sn:660] Adding instruction to history buffer (size=132).
 128000: system.cpu.rename: [tid:0] Renaming arch reg 0 (invalid) to physical reg 4294967295 (4294967295).
 128000: system.cpu.rename: [tid:0] [sn:660] Adding instruction to history buffer (size=133).
 128000: system.cpu.rename: calcFreeSQEntries: free sqEntries: 97, storesInProgress: 2, stores dispatchedToSQ: 0
 128000: system.cpu.rename: [tid:0] Processing instruction [sn:670] with PC (0x401043=>0x401045).(2=>3).
 128000: system.cpu.rename: [tid:0] Looking up invalid arch reg 0, got phys reg 4294967295 (invalid)
 128000: system.cpu.rename: [tid:0] Register 4294967295 (flat: 4294967295) (invalid) is ready.
 128000: global: [sn:670] has 1 ready out of 4 sources. RTI 0)
 128000: system.cpu.rename: [tid:0] Looking up integer arch reg 0, got phys reg 45 (integer)
 128000: system.cpu.rename: [tid:0] Register 45 (flat: 45) (integer) is ready.
 128000: global: [sn:670] has 2 ready out of 4 sources. RTI 0)
 128000: system.cpu.rename: [tid:0] Looking up integer arch reg 17, got phys reg 84 (integer)
 128000: system.cpu.rename: [tid:0] Register 84 (flat: 84) (integer) is not ready.
 128000: system.cpu.rename: [tid:0] Looking up miscellaneous arch reg 155, got phys reg 155 (miscellaneous)
 128000: system.cpu.rename: [tid:0] Register 155 (flat: 0) (miscellaneous) is ready.
 128000: global: [sn:670] has 3 ready out of 4 sources. RTI 0)
 128000: system.cpu.rename: calcFreeLQEntries: free lqEntries: 176, loadsInProgress: 3, loads dispatchedToLQ: 0
 128000: system.cpu.rename: [tid:0] Processing instruction [sn:680] with PC (0x401045=>0x401047).(0=>1).
 128000: system.cpu.rename: [tid:0] Mascot prediction for load [sn:680] type: 0; distance1: 0; distance2: 0
 128000: system.cpu.rename: [tid:0] Looking up invalid arch reg 0, got phys reg 4294967295 (invalid)
 128000: system.cpu.rename: [tid:0] Register 4294967295 (flat: 4294967295) (invalid) is ready.
 128000: global: [sn:680] has 1 ready out of 4 sources. RTI 0)
 128000: system.cpu.rename: [tid:0] Looking up integer arch reg 0, got phys reg 45 (integer)
 128000: system.cpu.rename: [tid:0] Register 45 (flat: 45) (integer) is ready.
 128000: global: [sn:680] has 2 ready out of 4 sources. RTI 0)
 128000: system.cpu.rename: [tid:0] Looking up integer arch reg 17, got phys reg 84 (integer)
 128000: system.cpu.rename: [tid:0] Register 84 (flat: 84) (integer) is not ready.
 128000: system.cpu.rename: [tid:0] Looking up miscellaneous arch reg 155, got phys reg 155 (miscellaneous)
 128000: system.cpu.rename: [tid:0] Register 155 (flat: 0) (miscellaneous) is ready.
 128000: global: [sn:680] has 3 ready out of 4 sources. RTI 0)
 128000: global: Renamed reg t1 to physical reg 85 (85) old mapping was 84 (84)
 128000: system.cpu.rename: [tid:0] Renaming arch reg 17 (integer) to physical reg 85 (85).
 128000: system.cpu.rename: [tid:0] [sn:680] Adding instruction to history buffer (size=134).
 128000: system.cpu.rename: [tid:0] Processing instruction [sn:690] with PC (0x401045=>0x401047).(1=>2).
 128000: system.cpu.rename: [tid:0] Looking up integer arch reg 17, got phys reg 85 (integer)
 128000: system.cpu.rename: [tid:0] Register 85 (flat: 85) (integer) is not ready.
 128000: system.cpu.rename: [tid:0] Looking up integer arch reg 0, got phys reg 45 (integer)
 128000: system.cpu.rename: [tid:0] Register 45 (flat: 45) (integer) is ready.
 128000: global: [sn:690] has 1 ready out of 8 sources. RTI 0)
 128000: system.cpu.rename: [tid:0] Looking up integer arch reg 17, got phys reg 85 (integer)
 128000: system.cpu.rename: [tid:0] Register 85 (flat: 85) (integer) is not ready.
 128000: system.cpu.rename: [tid:0] Looking up invalid arch reg 0, got phys reg 4294967295 (invalid)
 128000: system.cpu.rename: [tid:0] Register 4294967295 (flat: 4294967295) (invalid) is ready.
 128000: global: [sn:690] has 2 ready out of 8 sources. RTI 0)
 128000: system.cpu.rename: [tid:0] Looking up invalid arch reg 0, got phys reg 4294967295 (invalid)
 128000: system.cpu.rename: [tid:0] Register 4294967295 (flat: 4294967295) (invalid) is ready.
 128000: global: [sn:690] has 3 ready out of 8 sources. RTI 0)
 128000: system.cpu.rename: [tid:0] Looking up invalid arch reg 0, got phys reg 4294967295 (invalid)
 128000: system.cpu.rename: [tid:0] Register 4294967295 (flat: 4294967295) (invalid) is ready.
 128000: global: [sn:690] has 4 ready out of 8 sources. RTI 0)
 128000: system.cpu.rename: [tid:0] Looking up invalid arch reg 0, got phys reg 4294967295 (invalid)
 128000: system.cpu.rename: [tid:0] Register 4294967295 (flat: 4294967295) (invalid) is ready.
 128000: global: [sn:690] has 5 ready out of 8 sources. RTI 0)
 128000: system.cpu.rename: [tid:0] Looking up invalid arch reg 0, got phys reg 4294967295 (invalid)
 128000: system.cpu.rename: [tid:0] Register 4294967295 (flat: 4294967295) (invalid) is ready.
 128000: global: [sn:690] has 6 ready out of 8 sources. RTI 0)
 128000: global: Renamed reg t1 to physical reg 86 (86) old mapping was 85 (85)
 128000: system.cpu.rename: [tid:0] Renaming arch reg 17 (integer) to physical reg 86 (86).
 128000: system.cpu.rename: [tid:0] [sn:690] Adding instruction to history buffer (size=135).
 128000: global: Renamed reg condition_code[0] to physical reg 2681 (2681) old mapping was 2679 (2679)
 128000: system.cpu.rename: [tid:0] Renaming arch reg 0 (condition_code) to physical reg 49 (2681).
 128000: system.cpu.rename: [tid:0] [sn:690] Adding instruction to history buffer (size=136).
 128000: global: Renamed reg condition_code[1] to physical reg 2682 (2682) old mapping was 2680 (2680)
 128000: system.cpu.rename: [tid:0] Renaming arch reg 1 (condition_code) to physical reg 50 (2682).
 128000: system.cpu.rename: [tid:0] [sn:690] Adding instruction to history buffer (size=137).
 128000: system.cpu.rename: [tid:0] Renaming arch reg 0 (invalid) to physical reg 4294967295 (4294967295).
 128000: system.cpu.rename: [tid:0] [sn:690] Adding instruction to history buffer (size=138).
 128000: system.cpu.rename: [tid:0] Renaming arch reg 0 (invalid) to physical reg 4294967295 (4294967295).
 128000: system.cpu.rename: [tid:0] [sn:690] Adding instruction to history buffer (size=139).
 128000: system.cpu.rename: [tid:0] Renaming arch reg 0 (invalid) to physical reg 4294967295 (4294967295).
 128000: system.cpu.rename: [tid:0] [sn:690] Adding instruction to history buffer (size=140).
 128000: system.cpu.rename: calcFreeSQEntries: free sqEntries: 97, storesInProgress: 3, stores dispatchedToSQ: 0
 128000: system.cpu.rename: [tid:0] Processing instruction [sn:700] with PC (0x401045=>0x401047).(2=>3).
 128000: system.cpu.rename: [tid:0] Looking up invalid arch reg 0, got phys reg 4294967295 (invalid)
 128000: system.cpu.rename: [tid:0] Register 4294967295 (flat: 4294967295) (invalid) is ready.
 128000: global: [sn:700] has 1 ready out of 4 sources. RTI 0)
 128000: system.cpu.rename: [tid:0] Looking up integer arch reg 0, got phys reg 45 (integer)
 128000: system.cpu.rename: [tid:0] Register 45 (flat: 45) (integer) is ready.
 128000: global: [sn:700] has 2 ready out of 4 sources. RTI 0)
 128000: system.cpu.rename: [tid:0] Looking up integer arch reg 17, got phys reg 86 (integer)
 128000: system.cpu.rename: [tid:0] Register 86 (flat: 86) (integer) is not ready.
 128000: system.cpu.rename: [tid:0] Looking up miscellaneous arch reg 155, got phys reg 155 (miscellaneous)
 128000: system.cpu.rename: [tid:0] Register 155 (flat: 0) (miscellaneous) is ready.
 128000: global: [sn:700] has 3 ready out of 4 sources. RTI 0)
 128000: system.cpu.rename: Activity this cycle.
 128000: system.cpu.iew: Issue: Processing [tid:0]
 128000: system.cpu.iew: [tid:0] Not blocked, so attempting to run dispatch.
 128000: system.cpu.iq: Attempting to schedule ready instructions from the IQ.
 128000: system.cpu.iq: Not able to schedule any instructions.
 128000: system.cpu.iew.lsq: [tid:0] Writing back stores. 1 stores available for Writeback.
 128000: system.cpu.iew: Processing [tid:0]
 128000: system.cpu.iew: [tid:0], Dispatch dispatched 0 instructions.
 128000: system.cpu.iew.lsq.thread0: SQ size: 114, #stores occupied: 17
 128000: system.cpu.iew.lsq.thread0: LQ size: 192, #loads occupied: 16
 128000: system.cpu.iew: IQ has 156 free entries (Can schedule: 0).  LQ has 176 free entries. SQ has 97 free entries.
 128000: system.cpu.commit: Getting instructions from Rename stage.
 128000: system.cpu.commit: [tid:0] [sn:590] Inserting PC (0x40103f=>0x401041).(0=>1) into ROB.
 128000: system.cpu.rob: Adding inst PC (0x40103f=>0x401041).(0=>1) to the ROB.
 128000: system.cpu.rob: [tid:0] Now has 50 instructions.
 128000: system.cpu.commit: [tid:0] [sn:600] Inserting PC (0x40103f=>0x401041).(1=>2) into ROB.
 128000: system.cpu.rob: Adding inst PC (0x40103f=>0x401041).(1=>2) to the ROB.
 128000: system.cpu.rob: [tid:0] Now has 51 instructions.
 128000: system.cpu.commit: [tid:0] [sn:610] Inserting PC (0x40103f=>0x401041).(2=>3) into ROB.
 128000: system.cpu.rob: Adding inst PC (0x40103f=>0x401041).(2=>3) to the ROB.
 128000: system.cpu.rob: [tid:0] Now has 52 instructions.
 128000: system.cpu.commit: [tid:0] [sn:620] Inserting PC (0x401041=>0x401043).(0=>1) into ROB.
 128000: system.cpu.rob: Adding inst PC (0x401041=>0x401043).(0=>1) to the ROB.
 128000: system.cpu.rob: [tid:0] Now has 53 instructions.
 128000: system.cpu.commit: [tid:0] [sn:630] Inserting PC (0x401041=>0x401043).(1=>2) into ROB.
 128000: system.cpu.rob: Adding inst PC (0x401041=>0x401043).(1=>2) to the ROB.
 128000: system.cpu.rob: [tid:0] Now has 54 instructions.
 128000: system.cpu.commit: [tid:0] [sn:640] Inserting PC (0x401041=>0x401043).(2=>3) into ROB.
 128000: system.cpu.rob: Adding inst PC (0x401041=>0x401043).(2=>3) to the ROB.
 128000: system.cpu.rob: [tid:0] Now has 55 instructions.
 128000: system.cpu.commit: Trying to commit instructions in the ROB.
 128000: system.cpu.commit: Trying to commit head instruction, [tid:0] [sn:100]
 128000: system.cpu.commit: Inst [tid:0] [sn:100] PC (0x40101d=>0x40101f).(0=>1) has a fault
 128000: system.cpu.commit: [tid:0] [sn:100] Stores outstanding, fault must wait.
 128000: system.cpu.commit: Unable to commit head instruction PC:(0x40101d=>0x40101f).(0=>1) [tid:0] [sn:100].
 128000: system.cpu.commit: [tid:0] Instruction [sn:100] PC (0x40101d=>0x40101f).(0=>1) is head of ROB and ready to commit
 128000: system.cpu.commit: [tid:0] ROB has 55 insts & 457 free entries.
 128000: system.cpu.commit: Activity This Cycle.
 128000: system.cpu: Scheduling next tick!
 129000: system.cpu: 

O3CPU: Ticking main, O3CPU.
 129000: system.cpu.fetch: Running stage.
 129000: system.cpu.fetch: Attempting to fetch from [tid:0]
 129000: system.cpu.fetch: [tid:0] Adding instructions to queue to decode.
 129000: system.cpu.decoder: Decode: Decoded add instruction: 
{
	leg = 0,
	rex = 0,
	vex/xop = 0,
	op = {
		type = one byte,
		op = 0,
		},
	modRM = 0,
	sib = 0,
	immediate = 0,
	displacement = 0
	dispSize = 0}

 129000: global: DynInst: [sn:830] Instruction created. Instcount for system.cpu = 75
 129000: system.cpu.fetch: [tid:0] Instruction PC (0x40104f=>0x401051).(0=>1) created [sn:830].
 129000: system.cpu.fetch: [tid:0] Instruction is:   ADD_M_R : ldst   t1b, DS:[rax]
 129000: system.cpu.fetch: [tid:0] Fetch queue entry created (1/128).
 129000: global: DynInst: [sn:840] Instruction created. Instcount for system.cpu = 76
 129000: system.cpu.fetch: [tid:0] Instruction PC (0x40104f=>0x401051).(1=>2) created [sn:840].
 129000: system.cpu.fetch: [tid:0] Instruction is:   ADD_M_R : add   t1b, t1b, al
 129000: system.cpu.fetch: [tid:0] Fetch queue entry created (2/128).
 129000: global: DynInst: [sn:850] Instruction created. Instcount for system.cpu = 77
 129000: system.cpu.fetch: [tid:0] Instruction PC (0x40104f=>0x401051).(2=>3) created [sn:850].
 129000: system.cpu.fetch: [tid:0] Instruction is:   ADD_M_R : st   t1b, DS:[rax]
 129000: system.cpu.fetch: [tid:0] Fetch queue entry created (3/128).
 129000: system.cpu.decoder: Decode: Decoded add instruction: 
{
	leg = 0,
	rex = 0,
	vex/xop = 0,
	op = {
		type = one byte,
		op = 0,
		},
	modRM = 0,
	sib = 0,
	immediate = 0,
	displacement = 0
	dispSize = 0}

 129000: global: DynInst: [sn:860] Instruction created. Instcount for system.cpu = 78
 129000: system.cpu.fetch: [tid:0] Instruction PC (0x401051=>0x401053).(0=>1) created [sn:860].
 129000: system.cpu.fetch: [tid:0] Instruction is:   ADD_M_R : ldst   t1b, DS:[rax]
 129000: system.cpu.fetch: [tid:0] Fetch queue entry created (4/128).
 129000: global: DynInst: [sn:870] Instruction created. Instcount for system.cpu = 79
 129000: system.cpu.fetch: [tid:0] Instruction PC (0x401051=>0x401053).(1=>2) created [sn:870].
 129000: system.cpu.fetch: [tid:0] Instruction is:   ADD_M_R : add   t1b, t1b, al
 129000: system.cpu.fetch: [tid:0] Fetch queue entry created (5/128).
 129000: global: DynInst: [sn:880] Instruction created. Instcount for system.cpu = 80
 129000: system.cpu.fetch: [tid:0] Instruction PC (0x401051=>0x401053).(2=>3) created [sn:880].
 129000: system.cpu.fetch: [tid:0] Instruction is:   ADD_M_R : st   t1b, DS:[rax]
 129000: system.cpu.fetch: [tid:0] Fetch queue entry created (6/128).
 129000: system.cpu.fetch: [tid:0] Done fetching, reached fetch bandwidth for this cycle.
 129000: system.cpu.fetch: [tid:0] [sn:830] Sending instruction to decode from fetch queue. Fetch queue size: 6.
 129000: system.cpu.fetch: [tid:0] [sn:840] Sending instruction to decode from fetch queue. Fetch queue size: 5.
 129000: system.cpu.fetch: [tid:0] [sn:850] Sending instruction to decode from fetch queue. Fetch queue size: 4.
 129000: system.cpu.fetch: [tid:0] [sn:860] Sending instruction to decode from fetch queue. Fetch queue size: 3.
 129000: system.cpu.fetch: [tid:0] [sn:870] Sending instruction to decode from fetch queue. Fetch queue size: 2.
 129000: system.cpu.fetch: [tid:0] [sn:880] Sending instruction to decode from fetch queue. Fetch queue size: 1.
 129000: system.cpu.fetch: Activity this cycle.
 129000: system.cpu: Activity: 7
 129000: system.cpu.decode: Processing [tid:0]
 129000: system.cpu.decode: [tid:0] Bypass moves from Rename: 0
 129000: system.cpu.decode: [tid:0] Not blocked, so attempting to run stage.
 129000: system.cpu.decode: [tid:0] Sending instruction to rename.
 129000: system.cpu.decode: [tid:0] Processing instruction [sn:770] with PC (0x40104b=>0x40104d).(0=>1)
 129000: system.cpu.decode: [tid:0] Processing instruction [sn:780] with PC (0x40104b=>0x40104d).(1=>2)
 129000: system.cpu.decode: [tid:0] Processing instruction [sn:790] with PC (0x40104b=>0x40104d).(2=>3)
 129000: system.cpu.decode: [tid:0] Processing instruction [sn:800] with PC (0x40104d=>0x40104f).(0=>1)
 129000: system.cpu.decode: [tid:0] Processing instruction [sn:810] with PC (0x40104d=>0x40104f).(1=>2)
 129000: system.cpu.decode: [tid:0] Processing instruction [sn:820] with PC (0x40104d=>0x40104f).(2=>3)
 129000: system.cpu.decode: Activity this cycle.
 129000: system.cpu.rename: Processing [tid:0]
 129000: system.cpu.rename: [tid:0] Free IQ: 156, Free ROB: 457, Free LQ: 176, Free SQ: 97, FreeRM 63(433 464 511 1022 63 8 2515)
 129000: system.cpu.rename: [tid:0] 12 instructions not yet in ROB
 129000: system.cpu.rename: calcFreeLQEntries: free lqEntries: 176, loadsInProgress: 4, loads dispatchedToLQ: 0
 129000: system.cpu.rename: [tid:0] Not blocked, so attempting to run stage.
 129000: system.cpu.rename: [tid:0] 6 available instructions to send iew.
 129000: system.cpu.rename: [tid:0] 12 insts pipelining from Rename | 0 insts dispatched to IQ last cycle.
 129000: system.cpu.rename: [tid:0] Sending instructions to IEW.
 129000: system.cpu.rename: calcFreeLQEntries: free lqEntries: 176, loadsInProgress: 4, loads dispatchedToLQ: 0
 129000: system.cpu.rename: [tid:0] Processing instruction [sn:710] with PC (0x401047=>0x401049).(0=>1).
 129000: system.cpu.rename: [tid:0] Mascot prediction for load [sn:710] type: 0; distance1: 0; distance2: 0
 129000: system.cpu.rename: [tid:0] Looking up invalid arch reg 0, got phys reg 4294967295 (invalid)
 129000: system.cpu.rename: [tid:0] Register 4294967295 (flat: 4294967295) (invalid) is ready.
 129000: global: [sn:710] has 1 ready out of 4 sources. RTI 0)
 129000: system.cpu.rename: [tid:0] Looking up integer arch reg 0, got phys reg 45 (integer)
 129000: system.cpu.rename: [tid:0] Register 45 (flat: 45) (integer) is ready.
 129000: global: [sn:710] has 2 ready out of 4 sources. RTI 0)
 129000: system.cpu.rename: [tid:0] Looking up integer arch reg 17, got phys reg 86 (integer)
 129000: system.cpu.rename: [tid:0] Register 86 (flat: 86) (integer) is not ready.
 129000: system.cpu.rename: [tid:0] Looking up miscellaneous arch reg 155, got phys reg 155 (miscellaneous)
 129000: system.cpu.rename: [tid:0] Register 155 (flat: 0) (miscellaneous) is ready.
 129000: global: [sn:710] has 3 ready out of 4 sources. RTI 0)
 129000: global: Renamed reg t1 to physical reg 87 (87) old mapping was 86 (86)
 129000: system.cpu.rename: [tid:0] Renaming arch reg 17 (integer) to physical reg 87 (87).
 129000: system.cpu.rename: [tid:0] [sn:710] Adding instruction to history buffer (size=141).
 129000: system.cpu.rename: [tid:0] Processing instruction [sn:720] with PC (0x401047=>0x401049).(1=>2).
 129000: system.cpu.rename: [tid:0] Looking up integer arch reg 17, got phys reg 87 (integer)
 129000: system.cpu.rename: [tid:0] Register 87 (flat: 87) (integer) is not ready.
 129000: system.cpu.rename: [tid:0] Looking up integer arch reg 0, got phys reg 45 (integer)
 129000: system.cpu.rename: [tid:0] Register 45 (flat: 45) (integer) is ready.
 129000: global: [sn:720] has 1 ready out of 8 sources. RTI 0)
 129000: system.cpu.rename: [tid:0] Looking up integer arch reg 17, got phys reg 87 (integer)
 129000: system.cpu.rename: [tid:0] Register 87 (flat: 87) (integer) is not ready.
 129000: system.cpu.rename: [tid:0] Looking up invalid arch reg 0, got phys reg 4294967295 (invalid)
 129000: system.cpu.rename: [tid:0] Register 4294967295 (flat: 4294967295) (invalid) is ready.
 129000: global: [sn:720] has 2 ready out of 8 sources. RTI 0)
 129000: system.cpu.rename: [tid:0] Looking up invalid arch reg 0, got phys reg 4294967295 (invalid)
 129000: system.cpu.rename: [tid:0] Register 4294967295 (flat: 4294967295) (invalid) is ready.
 129000: global: [sn:720] has 3 ready out of 8 sources. RTI 0)
 129000: system.cpu.rename: [tid:0] Looking up invalid arch reg 0, got phys reg 4294967295 (invalid)
 129000: system.cpu.rename: [tid:0] Register 4294967295 (flat: 4294967295) (invalid) is ready.
 129000: global: [sn:720] has 4 ready out of 8 sources. RTI 0)
 129000: system.cpu.rename: [tid:0] Looking up invalid arch reg 0, got phys reg 4294967295 (invalid)
 129000: system.cpu.rename: [tid:0] Register 4294967295 (flat: 4294967295) (invalid) is ready.
 129000: global: [sn:720] has 5 ready out of 8 sources. RTI 0)
 129000: system.cpu.rename: [tid:0] Looking up invalid arch reg 0, got phys reg 4294967295 (invalid)
 129000: system.cpu.rename: [tid:0] Register 4294967295 (flat: 4294967295) (invalid) is ready.
 129000: global: [sn:720] has 6 ready out of 8 sources. RTI 0)
 129000: global: Renamed reg t1 to physical reg 88 (88) old mapping was 87 (87)
 129000: system.cpu.rename: [tid:0] Renaming arch reg 17 (integer) to physical reg 88 (88).
 129000: system.cpu.rename: [tid:0] [sn:720] Adding instruction to history buffer (size=142).
 129000: global: Renamed reg condition_code[0] to physical reg 2683 (2683) old mapping was 2681 (2681)
 129000: system.cpu.rename: [tid:0] Renaming arch reg 0 (condition_code) to physical reg 51 (2683).
 129000: system.cpu.rename: [tid:0] [sn:720] Adding instruction to history buffer (size=143).
 129000: global: Renamed reg condition_code[1] to physical reg 2684 (2684) old mapping was 2682 (2682)
 129000: system.cpu.rename: [tid:0] Renaming arch reg 1 (condition_code) to physical reg 52 (2684).
 129000: system.cpu.rename: [tid:0] [sn:720] Adding instruction to history buffer (size=144).
 129000: system.cpu.rename: [tid:0] Renaming arch reg 0 (invalid) to physical reg 4294967295 (4294967295).
 129000: system.cpu.rename: [tid:0] [sn:720] Adding instruction to history buffer (size=145).
 129000: system.cpu.rename: [tid:0] Renaming arch reg 0 (invalid) to physical reg 4294967295 (4294967295).
 129000: system.cpu.rename: [tid:0] [sn:720] Adding instruction to history buffer (size=146).
 129000: system.cpu.rename: [tid:0] Renaming arch reg 0 (invalid) to physical reg 4294967295 (4294967295).
 129000: system.cpu.rename: [tid:0] [sn:720] Adding instruction to history buffer (size=147).
 129000: system.cpu.rename: calcFreeSQEntries: free sqEntries: 97, storesInProgress: 4, stores dispatchedToSQ: 0
 129000: system.cpu.rename: [tid:0] Processing instruction [sn:730] with PC (0x401047=>0x401049).(2=>3).
 129000: system.cpu.rename: [tid:0] Looking up invalid arch reg 0, got phys reg 4294967295 (invalid)
 129000: system.cpu.rename: [tid:0] Register 4294967295 (flat: 4294967295) (invalid) is ready.
 129000: global: [sn:730] has 1 ready out of 4 sources. RTI 0)
 129000: system.cpu.rename: [tid:0] Looking up integer arch reg 0, got phys reg 45 (integer)
 129000: system.cpu.rename: [tid:0] Register 45 (flat: 45) (integer) is ready.
 129000: global: [sn:730] has 2 ready out of 4 sources. RTI 0)
 129000: system.cpu.rename: [tid:0] Looking up integer arch reg 17, got phys reg 88 (integer)
 129000: system.cpu.rename: [tid:0] Register 88 (flat: 88) (integer) is not ready.
 129000: system.cpu.rename: [tid:0] Looking up miscellaneous arch reg 155, got phys reg 155 (miscellaneous)
 129000: system.cpu.rename: [tid:0] Register 155 (flat: 0) (miscellaneous) is ready.
 129000: global: [sn:730] has 3 ready out of 4 sources. RTI 0)
 129000: system.cpu.rename: calcFreeLQEntries: free lqEntries: 176, loadsInProgress: 5, loads dispatchedToLQ: 0
 129000: system.cpu.rename: [tid:0] Processing instruction [sn:740] with PC (0x401049=>0x40104b).(0=>1).
 129000: system.cpu.rename: [tid:0] Mascot prediction for load [sn:740] type: 0; distance1: 0; distance2: 0
 129000: system.cpu.rename: [tid:0] Looking up invalid arch reg 0, got phys reg 4294967295 (invalid)
 129000: system.cpu.rename: [tid:0] Register 4294967295 (flat: 4294967295) (invalid) is ready.
 129000: global: [sn:740] has 1 ready out of 4 sources. RTI 0)
 129000: system.cpu.rename: [tid:0] Looking up integer arch reg 0, got phys reg 45 (integer)
 129000: system.cpu.rename: [tid:0] Register 45 (flat: 45) (integer) is ready.
 129000: global: [sn:740] has 2 ready out of 4 sources. RTI 0)
 129000: system.cpu.rename: [tid:0] Looking up integer arch reg 17, got phys reg 88 (integer)
 129000: system.cpu.rename: [tid:0] Register 88 (flat: 88) (integer) is not ready.
 129000: system.cpu.rename: [tid:0] Looking up miscellaneous arch reg 155, got phys reg 155 (miscellaneous)
 129000: system.cpu.rename: [tid:0] Register 155 (flat: 0) (miscellaneous) is ready.
 129000: global: [sn:740] has 3 ready out of 4 sources. RTI 0)
 129000: global: Renamed reg t1 to physical reg 89 (89) old mapping was 88 (88)
 129000: system.cpu.rename: [tid:0] Renaming arch reg 17 (integer) to physical reg 89 (89).
 129000: system.cpu.rename: [tid:0] [sn:740] Adding instruction to history buffer (size=148).
 129000: system.cpu.rename: [tid:0] Processing instruction [sn:750] with PC (0x401049=>0x40104b).(1=>2).
 129000: system.cpu.rename: [tid:0] Looking up integer arch reg 17, got phys reg 89 (integer)
 129000: system.cpu.rename: [tid:0] Register 89 (flat: 89) (integer) is not ready.
 129000: system.cpu.rename: [tid:0] Looking up integer arch reg 0, got phys reg 45 (integer)
 129000: system.cpu.rename: [tid:0] Register 45 (flat: 45) (integer) is ready.
 129000: global: [sn:750] has 1 ready out of 8 sources. RTI 0)
 129000: system.cpu.rename: [tid:0] Looking up integer arch reg 17, got phys reg 89 (integer)
 129000: system.cpu.rename: [tid:0] Register 89 (flat: 89) (integer) is not ready.
 129000: system.cpu.rename: [tid:0] Looking up invalid arch reg 0, got phys reg 4294967295 (invalid)
 129000: system.cpu.rename: [tid:0] Register 4294967295 (flat: 4294967295) (invalid) is ready.
 129000: global: [sn:750] has 2 ready out of 8 sources. RTI 0)
 129000: system.cpu.rename: [tid:0] Looking up invalid arch reg 0, got phys reg 4294967295 (invalid)
 129000: system.cpu.rename: [tid:0] Register 4294967295 (flat: 4294967295) (invalid) is ready.
 129000: global: [sn:750] has 3 ready out of 8 sources. RTI 0)
 129000: system.cpu.rename: [tid:0] Looking up invalid arch reg 0, got phys reg 4294967295 (invalid)
 129000: system.cpu.rename: [tid:0] Register 4294967295 (flat: 4294967295) (invalid) is ready.
 129000: global: [sn:750] has 4 ready out of 8 sources. RTI 0)
 129000: system.cpu.rename: [tid:0] Looking up invalid arch reg 0, got phys reg 4294967295 (invalid)
 129000: system.cpu.rename: [tid:0] Register 4294967295 (flat: 4294967295) (invalid) is ready.
 129000: global: [sn:750] has 5 ready out of 8 sources. RTI 0)
 129000: system.cpu.rename: [tid:0] Looking up invalid arch reg 0, got phys reg 4294967295 (invalid)
 129000: system.cpu.rename: [tid:0] Register 4294967295 (flat: 4294967295) (invalid) is ready.
 129000: global: [sn:750] has 6 ready out of 8 sources. RTI 0)
 129000: global: Renamed reg t1 to physical reg 90 (90) old mapping was 89 (89)
 129000: system.cpu.rename: [tid:0] Renaming arch reg 17 (integer) to physical reg 90 (90).
 129000: system.cpu.rename: [tid:0] [sn:750] Adding instruction to history buffer (size=149).
 129000: global: Renamed reg condition_code[0] to physical reg 2685 (2685) old mapping was 2683 (2683)
 129000: system.cpu.rename: [tid:0] Renaming arch reg 0 (condition_code) to physical reg 53 (2685).
 129000: system.cpu.rename: [tid:0] [sn:750] Adding instruction to history buffer (size=150).
 129000: global: Renamed reg condition_code[1] to physical reg 2686 (2686) old mapping was 2684 (2684)
 129000: system.cpu.rename: [tid:0] Renaming arch reg 1 (condition_code) to physical reg 54 (2686).
 129000: system.cpu.rename: [tid:0] [sn:750] Adding instruction to history buffer (size=151).
 129000: system.cpu.rename: [tid:0] Renaming arch reg 0 (invalid) to physical reg 4294967295 (4294967295).
 129000: system.cpu.rename: [tid:0] [sn:750] Adding instruction to history buffer (size=152).
 129000: system.cpu.rename: [tid:0] Renaming arch reg 0 (invalid) to physical reg 4294967295 (4294967295).
 129000: system.cpu.rename: [tid:0] [sn:750] Adding instruction to history buffer (size=153).
 129000: system.cpu.rename: [tid:0] Renaming arch reg 0 (invalid) to physical reg 4294967295 (4294967295).
 129000: system.cpu.rename: [tid:0] [sn:750] Adding instruction to history buffer (size=154).
 129000: system.cpu.rename: calcFreeSQEntries: free sqEntries: 97, storesInProgress: 5, stores dispatchedToSQ: 0
 129000: system.cpu.rename: [tid:0] Processing instruction [sn:760] with PC (0x401049=>0x40104b).(2=>3).
 129000: system.cpu.rename: [tid:0] Looking up invalid arch reg 0, got phys reg 4294967295 (invalid)
 129000: system.cpu.rename: [tid:0] Register 4294967295 (flat: 4294967295) (invalid) is ready.
 129000: global: [sn:760] has 1 ready out of 4 sources. RTI 0)
 129000: system.cpu.rename: [tid:0] Looking up integer arch reg 0, got phys reg 45 (integer)
 129000: system.cpu.rename: [tid:0] Register 45 (flat: 45) (integer) is ready.
 129000: global: [sn:760] has 2 ready out of 4 sources. RTI 0)
 129000: system.cpu.rename: [tid:0] Looking up integer arch reg 17, got phys reg 90 (integer)
 129000: system.cpu.rename: [tid:0] Register 90 (flat: 90) (integer) is not ready.
 129000: system.cpu.rename: [tid:0] Looking up miscellaneous arch reg 155, got phys reg 155 (miscellaneous)
 129000: system.cpu.rename: [tid:0] Register 155 (flat: 0) (miscellaneous) is ready.
 129000: global: [sn:760] has 3 ready out of 4 sources. RTI 0)
 129000: system.cpu.rename: Activity this cycle.
 129000: system.cpu.iew: Issue: Processing [tid:0]
 129000: system.cpu.iew: [tid:0] Not blocked, so attempting to run dispatch.
 129000: system.cpu.iew: [tid:0] Issue: Adding PC (0x40103f=>0x401041).(0=>1) [sn:590] [tid:0] to IQ.
 129000: system.cpu.iew: [tid:0] Issue: Memory instruction encountered, adding to LSQ.
 129000: system.cpu.iew.lsq.thread0: Inserting load PC (0x40103f=>0x401041).(0=>1), idx:17 [sn:590]
 129000: system.cpu.iq: Adding instruction [sn:590] PC (0x40103f=>0x401041).(0=>1) to the IQ.
 129000: system.cpu.iq: Instruction PC (0x40103f=>0x401041).(0=>1) has src reg 78 (integer) that is being added to the dependency chain.
 129000: memdepentry: Memory dependency entry created. memdep_count=33 (0x40103f=>0x401041).(0=>1)
 129000: system.cpu.memDep0: No dependency for inst PC (0x40103f=>0x401041).(0=>1) [sn:590].
 129000: system.cpu.iew: [tid:0] Issue: Adding PC (0x40103f=>0x401041).(1=>2) [sn:600] [tid:0] to IQ.
 129000: system.cpu.iq: Adding instruction [sn:600] PC (0x40103f=>0x401041).(1=>2) to the IQ.
 129000: system.cpu.iq: Instruction PC (0x40103f=>0x401041).(1=>2) has src reg 79 (integer) that is being added to the dependency chain.
 129000: system.cpu.iq: Instruction PC (0x40103f=>0x401041).(1=>2) has src reg 79 (integer) that is being added to the dependency chain.
 129000: system.cpu.iew: [tid:0] Issue: Adding PC (0x40103f=>0x401041).(2=>3) [sn:610] [tid:0] to IQ.
 129000: system.cpu.iew: [tid:0] Issue: Memory instruction encountered, adding to LSQ.
 129000: system.cpu.iew.lsq.thread0: Inserting store PC (0x40103f=>0x401041).(2=>3), idx:17 [sn:610]
 129000: system.cpu.iq: Adding instruction [sn:610] PC (0x40103f=>0x401041).(2=>3) to the IQ.
 129000: system.cpu.iq: Instruction PC (0x40103f=>0x401041).(2=>3) has src reg 80 (integer) that is being added to the dependency chain.
 129000: memdepentry: Memory dependency entry created. memdep_count=34 (0x40103f=>0x401041).(2=>3)
 129000: system.cpu.memDep0: No dependency for inst PC (0x40103f=>0x401041).(2=>3) [sn:610].
 129000: system.cpu.memDep0: Inserting store/atomic PC (0x40103f=>0x401041).(2=>3) [sn:610].
 129000: system.cpu.iew: [tid:0] Issue: Adding PC (0x401041=>0x401043).(0=>1) [sn:620] [tid:0] to IQ.
 129000: system.cpu.iew: [tid:0] Issue: Memory instruction encountered, adding to LSQ.
 129000: system.cpu.iew.lsq.thread0: Inserting load PC (0x401041=>0x401043).(0=>1), idx:18 [sn:620]
 129000: system.cpu.iq: Adding instruction [sn:620] PC (0x401041=>0x401043).(0=>1) to the IQ.
 129000: system.cpu.iq: Instruction PC (0x401041=>0x401043).(0=>1) has src reg 80 (integer) that is being added to the dependency chain.
 129000: memdepentry: Memory dependency entry created. memdep_count=35 (0x401041=>0x401043).(0=>1)
 129000: system.cpu.memDep0: No dependency for inst PC (0x401041=>0x401043).(0=>1) [sn:620].
 129000: system.cpu.iew: [tid:0] Issue: Adding PC (0x401041=>0x401043).(1=>2) [sn:630] [tid:0] to IQ.
 129000: system.cpu.iq: Adding instruction [sn:630] PC (0x401041=>0x401043).(1=>2) to the IQ.
 129000: system.cpu.iq: Instruction PC (0x401041=>0x401043).(1=>2) has src reg 81 (integer) that is being added to the dependency chain.
 129000: system.cpu.iq: Instruction PC (0x401041=>0x401043).(1=>2) has src reg 81 (integer) that is being added to the dependency chain.
 129000: system.cpu.iew: [tid:0] Issue: Adding PC (0x401041=>0x401043).(2=>3) [sn:640] [tid:0] to IQ.
 129000: system.cpu.iew: [tid:0] Issue: Memory instruction encountered, adding to LSQ.
 129000: system.cpu.iew.lsq.thread0: Inserting store PC (0x401041=>0x401043).(2=>3), idx:18 [sn:640]
 129000: system.cpu.iq: Adding instruction [sn:640] PC (0x401041=>0x401043).(2=>3) to the IQ.
 129000: system.cpu.iq: Instruction PC (0x401041=>0x401043).(2=>3) has src reg 82 (integer) that is being added to the dependency chain.
 129000: memdepentry: Memory dependency entry created. memdep_count=36 (0x401041=>0x401043).(2=>3)
 129000: system.cpu.memDep0: No dependency for inst PC (0x401041=>0x401043).(2=>3) [sn:640].
 129000: system.cpu.memDep0: Inserting store/atomic PC (0x401041=>0x401043).(2=>3) [sn:640].
 129000: system.cpu.iq: Attempting to schedule ready instructions from the IQ.
 129000: system.cpu.iq: Not able to schedule any instructions.
 129000: system.cpu.iew.lsq: [tid:0] Writing back stores. 1 stores available for Writeback.
 129000: system.cpu.iew: Processing [tid:0]
 129000: system.cpu.iew: [tid:0], Dispatch dispatched 6 instructions.
 129000: system.cpu.iew.lsq.thread0: SQ size: 114, #stores occupied: 19
 129000: system.cpu.iew.lsq.thread0: LQ size: 192, #loads occupied: 18
 129000: system.cpu.iew: IQ has 150 free entries (Can schedule: 0).  LQ has 174 free entries. SQ has 95 free entries.
 129000: system.cpu.commit: Getting instructions from Rename stage.
 129000: system.cpu.commit: [tid:0] [sn:650] Inserting PC (0x401043=>0x401045).(0=>1) into ROB.
 129000: system.cpu.rob: Adding inst PC (0x401043=>0x401045).(0=>1) to the ROB.
 129000: system.cpu.rob: [tid:0] Now has 56 instructions.
 129000: system.cpu.commit: [tid:0] [sn:660] Inserting PC (0x401043=>0x401045).(1=>2) into ROB.
 129000: system.cpu.rob: Adding inst PC (0x401043=>0x401045).(1=>2) to the ROB.
 129000: system.cpu.rob: [tid:0] Now has 57 instructions.
 129000: system.cpu.commit: [tid:0] [sn:670] Inserting PC (0x401043=>0x401045).(2=>3) into ROB.
 129000: system.cpu.rob: Adding inst PC (0x401043=>0x401045).(2=>3) to the ROB.
 129000: system.cpu.rob: [tid:0] Now has 58 instructions.
 129000: system.cpu.commit: [tid:0] [sn:680] Inserting PC (0x401045=>0x401047).(0=>1) into ROB.
 129000: system.cpu.rob: Adding inst PC (0x401045=>0x401047).(0=>1) to the ROB.
 129000: system.cpu.rob: [tid:0] Now has 59 instructions.
 129000: system.cpu.commit: [tid:0] [sn:690] Inserting PC (0x401045=>0x401047).(1=>2) into ROB.
 129000: system.cpu.rob: Adding inst PC (0x401045=>0x401047).(1=>2) to the ROB.
 129000: system.cpu.rob: [tid:0] Now has 60 instructions.
 129000: system.cpu.commit: [tid:0] [sn:700] Inserting PC (0x401045=>0x401047).(2=>3) into ROB.
 129000: system.cpu.rob: Adding inst PC (0x401045=>0x401047).(2=>3) to the ROB.
 129000: system.cpu.rob: [tid:0] Now has 61 instructions.
 129000: system.cpu.commit: Trying to commit instructions in the ROB.
 129000: system.cpu.commit: Trying to commit head instruction, [tid:0] [sn:100]
 129000: system.cpu.commit: Inst [tid:0] [sn:100] PC (0x40101d=>0x40101f).(0=>1) has a fault
 129000: system.cpu.commit: [tid:0] [sn:100] Stores outstanding, fault must wait.
 129000: system.cpu.commit: Unable to commit head instruction PC:(0x40101d=>0x40101f).(0=>1) [tid:0] [sn:100].
 129000: system.cpu.commit: [tid:0] Instruction [sn:100] PC (0x40101d=>0x40101f).(0=>1) is head of ROB and ready to commit
 129000: system.cpu.commit: [tid:0] ROB has 61 insts & 451 free entries.
 129000: system.cpu.commit: Activity This Cycle.
 129000: system.cpu: Scheduling next tick!
 130000: system.cpu: 

O3CPU: Ticking main, O3CPU.
 130000: system.cpu.fetch: Running stage.
 130000: system.cpu.fetch: Attempting to fetch from [tid:0]
 130000: system.cpu.fetch: [tid:0] Adding instructions to queue to decode.
 130000: system.cpu.decoder: Decode: Decoded add instruction: 
{
	leg = 0,
	rex = 0,
	vex/xop = 0,
	op = {
		type = one byte,
		op = 0,
		},
	modRM = 0,
	sib = 0,
	immediate = 0,
	displacement = 0
	dispSize = 0}

 130000: global: DynInst: [sn:890] Instruction created. Instcount for system.cpu = 81
 130000: system.cpu.fetch: [tid:0] Instruction PC (0x401053=>0x401055).(0=>1) created [sn:890].
 130000: system.cpu.fetch: [tid:0] Instruction is:   ADD_M_R : ldst   t1b, DS:[rax]
 130000: system.cpu.fetch: [tid:0] Fetch queue entry created (1/128).
 130000: global: DynInst: [sn:900] Instruction created. Instcount for system.cpu = 82
 130000: system.cpu.fetch: [tid:0] Instruction PC (0x401053=>0x401055).(1=>2) created [sn:900].
 130000: system.cpu.fetch: [tid:0] Instruction is:   ADD_M_R : add   t1b, t1b, al
 130000: system.cpu.fetch: [tid:0] Fetch queue entry created (2/128).
 130000: global: DynInst: [sn:910] Instruction created. Instcount for system.cpu = 83
 130000: system.cpu.fetch: [tid:0] Instruction PC (0x401053=>0x401055).(2=>3) created [sn:910].
 130000: system.cpu.fetch: [tid:0] Instruction is:   ADD_M_R : st   t1b, DS:[rax]
 130000: system.cpu.fetch: [tid:0] Fetch queue entry created (3/128).
 130000: system.cpu.decoder: Decode: Decoded add instruction: 
{
	leg = 0,
	rex = 0,
	vex/xop = 0,
	op = {
		type = one byte,
		op = 0,
		},
	modRM = 0,
	sib = 0,
	immediate = 0,
	displacement = 0
	dispSize = 0}

 130000: global: DynInst: [sn:920] Instruction created. Instcount for system.cpu = 84
 130000: system.cpu.fetch: [tid:0] Instruction PC (0x401055=>0x401057).(0=>1) created [sn:920].
 130000: system.cpu.fetch: [tid:0] Instruction is:   ADD_M_R : ldst   t1b, DS:[rax]
 130000: system.cpu.fetch: [tid:0] Fetch queue entry created (4/128).
 130000: global: DynInst: [sn:930] Instruction created. Instcount for system.cpu = 85
 130000: system.cpu.fetch: [tid:0] Instruction PC (0x401055=>0x401057).(1=>2) created [sn:930].
 130000: system.cpu.fetch: [tid:0] Instruction is:   ADD_M_R : add   t1b, t1b, al
 130000: system.cpu.fetch: [tid:0] Fetch queue entry created (5/128).
 130000: global: DynInst: [sn:940] Instruction created. Instcount for system.cpu = 86
 130000: system.cpu.fetch: [tid:0] Instruction PC (0x401055=>0x401057).(2=>3) created [sn:940].
 130000: system.cpu.fetch: [tid:0] Instruction is:   ADD_M_R : st   t1b, DS:[rax]
 130000: system.cpu.fetch: [tid:0] Fetch queue entry created (6/128).
 130000: system.cpu.fetch: [tid:0] Done fetching, reached fetch bandwidth for this cycle.
 130000: system.cpu.fetch: [tid:0] [sn:890] Sending instruction to decode from fetch queue. Fetch queue size: 6.
 130000: system.cpu.fetch: [tid:0] [sn:900] Sending instruction to decode from fetch queue. Fetch queue size: 5.
 130000: system.cpu.fetch: [tid:0] [sn:910] Sending instruction to decode from fetch queue. Fetch queue size: 4.
 130000: system.cpu.fetch: [tid:0] [sn:920] Sending instruction to decode from fetch queue. Fetch queue size: 3.
 130000: system.cpu.fetch: [tid:0] [sn:930] Sending instruction to decode from fetch queue. Fetch queue size: 2.
 130000: system.cpu.fetch: [tid:0] [sn:940] Sending instruction to decode from fetch queue. Fetch queue size: 1.
 130000: system.cpu.fetch: Activity this cycle.
 130000: system.cpu: Activity: 8
 130000: system.cpu.decode: Processing [tid:0]
 130000: system.cpu.decode: [tid:0] Bypass moves from Rename: 0
 130000: system.cpu.decode: [tid:0] Not blocked, so attempting to run stage.
 130000: system.cpu.decode: [tid:0] Sending instruction to rename.
 130000: system.cpu.decode: [tid:0] Processing instruction [sn:830] with PC (0x40104f=>0x401051).(0=>1)
 130000: system.cpu.decode: [tid:0] Processing instruction [sn:840] with PC (0x40104f=>0x401051).(1=>2)
 130000: system.cpu.decode: [tid:0] Processing instruction [sn:850] with PC (0x40104f=>0x401051).(2=>3)
 130000: system.cpu.decode: [tid:0] Processing instruction [sn:860] with PC (0x401051=>0x401053).(0=>1)
 130000: system.cpu.decode: [tid:0] Processing instruction [sn:870] with PC (0x401051=>0x401053).(1=>2)
 130000: system.cpu.decode: [tid:0] Processing instruction [sn:880] with PC (0x401051=>0x401053).(2=>3)
 130000: system.cpu.decode: Activity this cycle.
 130000: system.cpu.rename: Processing [tid:0]
 130000: system.cpu.rename: [tid:0] Free IQ: 156, Free ROB: 451, Free LQ: 176, Free SQ: 97, FreeRM 63(429 464 511 1022 63 8 2511)
 130000: system.cpu.rename: [tid:0] 18 instructions not yet in ROB
 130000: system.cpu.rename: calcFreeLQEntries: free lqEntries: 176, loadsInProgress: 6, loads dispatchedToLQ: 2
 130000: system.cpu.rename: [tid:0] Not blocked, so attempting to run stage.
 130000: system.cpu.rename: [tid:0] 6 available instructions to send iew.
 130000: system.cpu.rename: [tid:0] 18 insts pipelining from Rename | 6 insts dispatched to IQ last cycle.
 130000: system.cpu.rename: [tid:0] Sending instructions to IEW.
 130000: system.cpu.rename: calcFreeLQEntries: free lqEntries: 176, loadsInProgress: 6, loads dispatchedToLQ: 2
 130000: system.cpu.rename: [tid:0] Processing instruction [sn:770] with PC (0x40104b=>0x40104d).(0=>1).
 130000: system.cpu.rename: [tid:0] Mascot prediction for load [sn:770] type: 0; distance1: 0; distance2: 0
 130000: system.cpu.rename: [tid:0] Looking up invalid arch reg 0, got phys reg 4294967295 (invalid)
 130000: system.cpu.rename: [tid:0] Register 4294967295 (flat: 4294967295) (invalid) is ready.
 130000: global: [sn:770] has 1 ready out of 4 sources. RTI 0)
 130000: system.cpu.rename: [tid:0] Looking up integer arch reg 0, got phys reg 45 (integer)
 130000: system.cpu.rename: [tid:0] Register 45 (flat: 45) (integer) is ready.
 130000: global: [sn:770] has 2 ready out of 4 sources. RTI 0)
 130000: system.cpu.rename: [tid:0] Looking up integer arch reg 17, got phys reg 90 (integer)
 130000: system.cpu.rename: [tid:0] Register 90 (flat: 90) (integer) is not ready.
 130000: system.cpu.rename: [tid:0] Looking up miscellaneous arch reg 155, got phys reg 155 (miscellaneous)
 130000: system.cpu.rename: [tid:0] Register 155 (flat: 0) (miscellaneous) is ready.
 130000: global: [sn:770] has 3 ready out of 4 sources. RTI 0)
 130000: global: Renamed reg t1 to physical reg 91 (91) old mapping was 90 (90)
 130000: system.cpu.rename: [tid:0] Renaming arch reg 17 (integer) to physical reg 91 (91).
 130000: system.cpu.rename: [tid:0] [sn:770] Adding instruction to history buffer (size=155).
 130000: system.cpu.rename: [tid:0] Processing instruction [sn:780] with PC (0x40104b=>0x40104d).(1=>2).
 130000: system.cpu.rename: [tid:0] Looking up integer arch reg 17, got phys reg 91 (integer)
 130000: system.cpu.rename: [tid:0] Register 91 (flat: 91) (integer) is not ready.
 130000: system.cpu.rename: [tid:0] Looking up integer arch reg 0, got phys reg 45 (integer)
 130000: system.cpu.rename: [tid:0] Register 45 (flat: 45) (integer) is ready.
 130000: global: [sn:780] has 1 ready out of 8 sources. RTI 0)
 130000: system.cpu.rename: [tid:0] Looking up integer arch reg 17, got phys reg 91 (integer)
 130000: system.cpu.rename: [tid:0] Register 91 (flat: 91) (integer) is not ready.
 130000: system.cpu.rename: [tid:0] Looking up invalid arch reg 0, got phys reg 4294967295 (invalid)
 130000: system.cpu.rename: [tid:0] Register 4294967295 (flat: 4294967295) (invalid) is ready.
 130000: global: [sn:780] has 2 ready out of 8 sources. RTI 0)
 130000: system.cpu.rename: [tid:0] Looking up invalid arch reg 0, got phys reg 4294967295 (invalid)
 130000: system.cpu.rename: [tid:0] Register 4294967295 (flat: 4294967295) (invalid) is ready.
 130000: global: [sn:780] has 3 ready out of 8 sources. RTI 0)
 130000: system.cpu.rename: [tid:0] Looking up invalid arch reg 0, got phys reg 4294967295 (invalid)
 130000: system.cpu.rename: [tid:0] Register 4294967295 (flat: 4294967295) (invalid) is ready.
 130000: global: [sn:780] has 4 ready out of 8 sources. RTI 0)
 130000: system.cpu.rename: [tid:0] Looking up invalid arch reg 0, got phys reg 4294967295 (invalid)
 130000: system.cpu.rename: [tid:0] Register 4294967295 (flat: 4294967295) (invalid) is ready.
 130000: global: [sn:780] has 5 ready out of 8 sources. RTI 0)
 130000: system.cpu.rename: [tid:0] Looking up invalid arch reg 0, got phys reg 4294967295 (invalid)
 130000: system.cpu.rename: [tid:0] Register 4294967295 (flat: 4294967295) (invalid) is ready.
 130000: global: [sn:780] has 6 ready out of 8 sources. RTI 0)
 130000: global: Renamed reg t1 to physical reg 92 (92) old mapping was 91 (91)
 130000: system.cpu.rename: [tid:0] Renaming arch reg 17 (integer) to physical reg 92 (92).
 130000: system.cpu.rename: [tid:0] [sn:780] Adding instruction to history buffer (size=156).
 130000: global: Renamed reg condition_code[0] to physical reg 2687 (2687) old mapping was 2685 (2685)
 130000: system.cpu.rename: [tid:0] Renaming arch reg 0 (condition_code) to physical reg 55 (2687).
 130000: system.cpu.rename: [tid:0] [sn:780] Adding instruction to history buffer (size=157).
 130000: global: Renamed reg condition_code[1] to physical reg 2688 (2688) old mapping was 2686 (2686)
 130000: system.cpu.rename: [tid:0] Renaming arch reg 1 (condition_code) to physical reg 56 (2688).
 130000: system.cpu.rename: [tid:0] [sn:780] Adding instruction to history buffer (size=158).
 130000: system.cpu.rename: [tid:0] Renaming arch reg 0 (invalid) to physical reg 4294967295 (4294967295).
 130000: system.cpu.rename: [tid:0] [sn:780] Adding instruction to history buffer (size=159).
 130000: system.cpu.rename: [tid:0] Renaming arch reg 0 (invalid) to physical reg 4294967295 (4294967295).
 130000: system.cpu.rename: [tid:0] [sn:780] Adding instruction to history buffer (size=160).
 130000: system.cpu.rename: [tid:0] Renaming arch reg 0 (invalid) to physical reg 4294967295 (4294967295).
 130000: system.cpu.rename: [tid:0] [sn:780] Adding instruction to history buffer (size=161).
 130000: system.cpu.rename: calcFreeSQEntries: free sqEntries: 97, storesInProgress: 6, stores dispatchedToSQ: 2
 130000: system.cpu.rename: [tid:0] Processing instruction [sn:790] with PC (0x40104b=>0x40104d).(2=>3).
 130000: system.cpu.rename: [tid:0] Looking up invalid arch reg 0, got phys reg 4294967295 (invalid)
 130000: system.cpu.rename: [tid:0] Register 4294967295 (flat: 4294967295) (invalid) is ready.
 130000: global: [sn:790] has 1 ready out of 4 sources. RTI 0)
 130000: system.cpu.rename: [tid:0] Looking up integer arch reg 0, got phys reg 45 (integer)
 130000: system.cpu.rename: [tid:0] Register 45 (flat: 45) (integer) is ready.
 130000: global: [sn:790] has 2 ready out of 4 sources. RTI 0)
 130000: system.cpu.rename: [tid:0] Looking up integer arch reg 17, got phys reg 92 (integer)
 130000: system.cpu.rename: [tid:0] Register 92 (flat: 92) (integer) is not ready.
 130000: system.cpu.rename: [tid:0] Looking up miscellaneous arch reg 155, got phys reg 155 (miscellaneous)
 130000: system.cpu.rename: [tid:0] Register 155 (flat: 0) (miscellaneous) is ready.
 130000: global: [sn:790] has 3 ready out of 4 sources. RTI 0)
 130000: system.cpu.rename: calcFreeLQEntries: free lqEntries: 176, loadsInProgress: 7, loads dispatchedToLQ: 2
 130000: system.cpu.rename: [tid:0] Processing instruction [sn:800] with PC (0x40104d=>0x40104f).(0=>1).
 130000: system.cpu.rename: [tid:0] Mascot prediction for load [sn:800] type: 0; distance1: 0; distance2: 0
 130000: system.cpu.rename: [tid:0] Looking up invalid arch reg 0, got phys reg 4294967295 (invalid)
 130000: system.cpu.rename: [tid:0] Register 4294967295 (flat: 4294967295) (invalid) is ready.
 130000: global: [sn:800] has 1 ready out of 4 sources. RTI 0)
 130000: system.cpu.rename: [tid:0] Looking up integer arch reg 0, got phys reg 45 (integer)
 130000: system.cpu.rename: [tid:0] Register 45 (flat: 45) (integer) is ready.
 130000: global: [sn:800] has 2 ready out of 4 sources. RTI 0)
 130000: system.cpu.rename: [tid:0] Looking up integer arch reg 17, got phys reg 92 (integer)
 130000: system.cpu.rename: [tid:0] Register 92 (flat: 92) (integer) is not ready.
 130000: system.cpu.rename: [tid:0] Looking up miscellaneous arch reg 155, got phys reg 155 (miscellaneous)
 130000: system.cpu.rename: [tid:0] Register 155 (flat: 0) (miscellaneous) is ready.
 130000: global: [sn:800] has 3 ready out of 4 sources. RTI 0)
 130000: global: Renamed reg t1 to physical reg 93 (93) old mapping was 92 (92)
 130000: system.cpu.rename: [tid:0] Renaming arch reg 17 (integer) to physical reg 93 (93).
 130000: system.cpu.rename: [tid:0] [sn:800] Adding instruction to history buffer (size=162).
 130000: system.cpu.rename: [tid:0] Processing instruction [sn:810] with PC (0x40104d=>0x40104f).(1=>2).
 130000: system.cpu.rename: [tid:0] Looking up integer arch reg 17, got phys reg 93 (integer)
 130000: system.cpu.rename: [tid:0] Register 93 (flat: 93) (integer) is not ready.
 130000: system.cpu.rename: [tid:0] Looking up integer arch reg 0, got phys reg 45 (integer)
 130000: system.cpu.rename: [tid:0] Register 45 (flat: 45) (integer) is ready.
 130000: global: [sn:810] has 1 ready out of 8 sources. RTI 0)
 130000: system.cpu.rename: [tid:0] Looking up integer arch reg 17, got phys reg 93 (integer)
 130000: system.cpu.rename: [tid:0] Register 93 (flat: 93) (integer) is not ready.
 130000: system.cpu.rename: [tid:0] Looking up invalid arch reg 0, got phys reg 4294967295 (invalid)
 130000: system.cpu.rename: [tid:0] Register 4294967295 (flat: 4294967295) (invalid) is ready.
 130000: global: [sn:810] has 2 ready out of 8 sources. RTI 0)
 130000: system.cpu.rename: [tid:0] Looking up invalid arch reg 0, got phys reg 4294967295 (invalid)
 130000: system.cpu.rename: [tid:0] Register 4294967295 (flat: 4294967295) (invalid) is ready.
 130000: global: [sn:810] has 3 ready out of 8 sources. RTI 0)
 130000: system.cpu.rename: [tid:0] Looking up invalid arch reg 0, got phys reg 4294967295 (invalid)
 130000: system.cpu.rename: [tid:0] Register 4294967295 (flat: 4294967295) (invalid) is ready.
 130000: global: [sn:810] has 4 ready out of 8 sources. RTI 0)
 130000: system.cpu.rename: [tid:0] Looking up invalid arch reg 0, got phys reg 4294967295 (invalid)
 130000: system.cpu.rename: [tid:0] Register 4294967295 (flat: 4294967295) (invalid) is ready.
 130000: global: [sn:810] has 5 ready out of 8 sources. RTI 0)
 130000: system.cpu.rename: [tid:0] Looking up invalid arch reg 0, got phys reg 4294967295 (invalid)
 130000: system.cpu.rename: [tid:0] Register 4294967295 (flat: 4294967295) (invalid) is ready.
 130000: global: [sn:810] has 6 ready out of 8 sources. RTI 0)
 130000: global: Renamed reg t1 to physical reg 94 (94) old mapping was 93 (93)
 130000: system.cpu.rename: [tid:0] Renaming arch reg 17 (integer) to physical reg 94 (94).
 130000: system.cpu.rename: [tid:0] [sn:810] Adding instruction to history buffer (size=163).
 130000: global: Renamed reg condition_code[0] to physical reg 2689 (2689) old mapping was 2687 (2687)
 130000: system.cpu.rename: [tid:0] Renaming arch reg 0 (condition_code) to physical reg 57 (2689).
 130000: system.cpu.rename: [tid:0] [sn:810] Adding instruction to history buffer (size=164).
 130000: global: Renamed reg condition_code[1] to physical reg 2690 (2690) old mapping was 2688 (2688)
 130000: system.cpu.rename: [tid:0] Renaming arch reg 1 (condition_code) to physical reg 58 (2690).
 130000: system.cpu.rename: [tid:0] [sn:810] Adding instruction to history buffer (size=165).
 130000: system.cpu.rename: [tid:0] Renaming arch reg 0 (invalid) to physical reg 4294967295 (4294967295).
 130000: system.cpu.rename: [tid:0] [sn:810] Adding instruction to history buffer (size=166).
 130000: system.cpu.rename: [tid:0] Renaming arch reg 0 (invalid) to physical reg 4294967295 (4294967295).
 130000: system.cpu.rename: [tid:0] [sn:810] Adding instruction to history buffer (size=167).
 130000: system.cpu.rename: [tid:0] Renaming arch reg 0 (invalid) to physical reg 4294967295 (4294967295).
 130000: system.cpu.rename: [tid:0] [sn:810] Adding instruction to history buffer (size=168).
 130000: system.cpu.rename: calcFreeSQEntries: free sqEntries: 97, storesInProgress: 7, stores dispatchedToSQ: 2
 130000: system.cpu.rename: [tid:0] Processing instruction [sn:820] with PC (0x40104d=>0x40104f).(2=>3).
 130000: system.cpu.rename: [tid:0] Looking up invalid arch reg 0, got phys reg 4294967295 (invalid)
 130000: system.cpu.rename: [tid:0] Register 4294967295 (flat: 4294967295) (invalid) is ready.
 130000: global: [sn:820] has 1 ready out of 4 sources. RTI 0)
 130000: system.cpu.rename: [tid:0] Looking up integer arch reg 0, got phys reg 45 (integer)
 130000: system.cpu.rename: [tid:0] Register 45 (flat: 45) (integer) is ready.
 130000: global: [sn:820] has 2 ready out of 4 sources. RTI 0)
 130000: system.cpu.rename: [tid:0] Looking up integer arch reg 17, got phys reg 94 (integer)
 130000: system.cpu.rename: [tid:0] Register 94 (flat: 94) (integer) is not ready.
 130000: system.cpu.rename: [tid:0] Looking up miscellaneous arch reg 155, got phys reg 155 (miscellaneous)
 130000: system.cpu.rename: [tid:0] Register 155 (flat: 0) (miscellaneous) is ready.
 130000: global: [sn:820] has 3 ready out of 4 sources. RTI 0)
 130000: system.cpu.rename: Activity this cycle.
 130000: system.cpu.iew: Issue: Processing [tid:0]
 130000: system.cpu.iew: [tid:0] Not blocked, so attempting to run dispatch.
 130000: system.cpu.iew: [tid:0] Issue: Adding PC (0x401043=>0x401045).(0=>1) [sn:650] [tid:0] to IQ.
 130000: system.cpu.iew: [tid:0] Issue: Memory instruction encountered, adding to LSQ.
 130000: system.cpu.iew.lsq.thread0: Inserting load PC (0x401043=>0x401045).(0=>1), idx:19 [sn:650]
 130000: system.cpu.iq: Adding instruction [sn:650] PC (0x401043=>0x401045).(0=>1) to the IQ.
 130000: system.cpu.iq: Instruction PC (0x401043=>0x401045).(0=>1) has src reg 82 (integer) that is being added to the dependency chain.
 130000: memdepentry: Memory dependency entry created. memdep_count=37 (0x401043=>0x401045).(0=>1)
 130000: system.cpu.memDep0: No dependency for inst PC (0x401043=>0x401045).(0=>1) [sn:650].
 130000: system.cpu.iew: [tid:0] Issue: Adding PC (0x401043=>0x401045).(1=>2) [sn:660] [tid:0] to IQ.
 130000: system.cpu.iq: Adding instruction [sn:660] PC (0x401043=>0x401045).(1=>2) to the IQ.
 130000: system.cpu.iq: Instruction PC (0x401043=>0x401045).(1=>2) has src reg 83 (integer) that is being added to the dependency chain.
 130000: system.cpu.iq: Instruction PC (0x401043=>0x401045).(1=>2) has src reg 83 (integer) that is being added to the dependency chain.
 130000: system.cpu.iew: [tid:0] Issue: Adding PC (0x401043=>0x401045).(2=>3) [sn:670] [tid:0] to IQ.
 130000: system.cpu.iew: [tid:0] Issue: Memory instruction encountered, adding to LSQ.
 130000: system.cpu.iew.lsq.thread0: Inserting store PC (0x401043=>0x401045).(2=>3), idx:19 [sn:670]
 130000: system.cpu.iq: Adding instruction [sn:670] PC (0x401043=>0x401045).(2=>3) to the IQ.
 130000: system.cpu.iq: Instruction PC (0x401043=>0x401045).(2=>3) has src reg 84 (integer) that is being added to the dependency chain.
 130000: memdepentry: Memory dependency entry created. memdep_count=38 (0x401043=>0x401045).(2=>3)
 130000: system.cpu.memDep0: No dependency for inst PC (0x401043=>0x401045).(2=>3) [sn:670].
 130000: system.cpu.memDep0: Inserting store/atomic PC (0x401043=>0x401045).(2=>3) [sn:670].
 130000: system.cpu.iew: [tid:0] Issue: Adding PC (0x401045=>0x401047).(0=>1) [sn:680] [tid:0] to IQ.
 130000: system.cpu.iew: [tid:0] Issue: Memory instruction encountered, adding to LSQ.
 130000: system.cpu.iew.lsq.thread0: Inserting load PC (0x401045=>0x401047).(0=>1), idx:20 [sn:680]
 130000: system.cpu.iq: Adding instruction [sn:680] PC (0x401045=>0x401047).(0=>1) to the IQ.
 130000: system.cpu.iq: Instruction PC (0x401045=>0x401047).(0=>1) has src reg 84 (integer) that is being added to the dependency chain.
 130000: memdepentry: Memory dependency entry created. memdep_count=39 (0x401045=>0x401047).(0=>1)
 130000: system.cpu.memDep0: No dependency for inst PC (0x401045=>0x401047).(0=>1) [sn:680].
 130000: system.cpu.iew: [tid:0] Issue: Adding PC (0x401045=>0x401047).(1=>2) [sn:690] [tid:0] to IQ.
 130000: system.cpu.iq: Adding instruction [sn:690] PC (0x401045=>0x401047).(1=>2) to the IQ.
 130000: system.cpu.iq: Instruction PC (0x401045=>0x401047).(1=>2) has src reg 85 (integer) that is being added to the dependency chain.
 130000: system.cpu.iq: Instruction PC (0x401045=>0x401047).(1=>2) has src reg 85 (integer) that is being added to the dependency chain.
 130000: system.cpu.iew: [tid:0] Issue: Adding PC (0x401045=>0x401047).(2=>3) [sn:700] [tid:0] to IQ.
 130000: system.cpu.iew: [tid:0] Issue: Memory instruction encountered, adding to LSQ.
 130000: system.cpu.iew.lsq.thread0: Inserting store PC (0x401045=>0x401047).(2=>3), idx:20 [sn:700]
 130000: system.cpu.iq: Adding instruction [sn:700] PC (0x401045=>0x401047).(2=>3) to the IQ.
 130000: system.cpu.iq: Instruction PC (0x401045=>0x401047).(2=>3) has src reg 86 (integer) that is being added to the dependency chain.
 130000: memdepentry: Memory dependency entry created. memdep_count=40 (0x401045=>0x401047).(2=>3)
 130000: system.cpu.memDep0: No dependency for inst PC (0x401045=>0x401047).(2=>3) [sn:700].
 130000: system.cpu.memDep0: Inserting store/atomic PC (0x401045=>0x401047).(2=>3) [sn:700].
 130000: system.cpu.iq: Attempting to schedule ready instructions from the IQ.
 130000: system.cpu.iq: Not able to schedule any instructions.
 130000: system.cpu.iew.lsq: [tid:0] Writing back stores. 1 stores available for Writeback.
 130000: system.cpu.iew: Processing [tid:0]
 130000: system.cpu.iew: [tid:0], Dispatch dispatched 6 instructions.
 130000: system.cpu.iew.lsq.thread0: SQ size: 114, #stores occupied: 21
 130000: system.cpu.iew.lsq.thread0: LQ size: 192, #loads occupied: 20
 130000: system.cpu.iew: IQ has 144 free entries (Can schedule: 0).  LQ has 172 free entries. SQ has 93 free entries.
 130000: system.cpu.commit: Getting instructions from Rename stage.
 130000: system.cpu.commit: [tid:0] [sn:710] Inserting PC (0x401047=>0x401049).(0=>1) into ROB.
 130000: system.cpu.rob: Adding inst PC (0x401047=>0x401049).(0=>1) to the ROB.
 130000: system.cpu.rob: [tid:0] Now has 62 instructions.
 130000: system.cpu.commit: [tid:0] [sn:720] Inserting PC (0x401047=>0x401049).(1=>2) into ROB.
 130000: system.cpu.rob: Adding inst PC (0x401047=>0x401049).(1=>2) to the ROB.
 130000: system.cpu.rob: [tid:0] Now has 63 instructions.
 130000: system.cpu.commit: [tid:0] [sn:730] Inserting PC (0x401047=>0x401049).(2=>3) into ROB.
 130000: system.cpu.rob: Adding inst PC (0x401047=>0x401049).(2=>3) to the ROB.
 130000: system.cpu.rob: [tid:0] Now has 64 instructions.
 130000: system.cpu.commit: [tid:0] [sn:740] Inserting PC (0x401049=>0x40104b).(0=>1) into ROB.
 130000: system.cpu.rob: Adding inst PC (0x401049=>0x40104b).(0=>1) to the ROB.
 130000: system.cpu.rob: [tid:0] Now has 65 instructions.
 130000: system.cpu.commit: [tid:0] [sn:750] Inserting PC (0x401049=>0x40104b).(1=>2) into ROB.
 130000: system.cpu.rob: Adding inst PC (0x401049=>0x40104b).(1=>2) to the ROB.
 130000: system.cpu.rob: [tid:0] Now has 66 instructions.
 130000: system.cpu.commit: [tid:0] [sn:760] Inserting PC (0x401049=>0x40104b).(2=>3) into ROB.
 130000: system.cpu.rob: Adding inst PC (0x401049=>0x40104b).(2=>3) to the ROB.
 130000: system.cpu.rob: [tid:0] Now has 67 instructions.
 130000: system.cpu.commit: Trying to commit instructions in the ROB.
 130000: system.cpu.commit: Trying to commit head instruction, [tid:0] [sn:100]
 130000: system.cpu.commit: Inst [tid:0] [sn:100] PC (0x40101d=>0x40101f).(0=>1) has a fault
 130000: system.cpu.commit: [tid:0] [sn:100] Stores outstanding, fault must wait.
 130000: system.cpu.commit: Unable to commit head instruction PC:(0x40101d=>0x40101f).(0=>1) [tid:0] [sn:100].
 130000: system.cpu.commit: [tid:0] Instruction [sn:100] PC (0x40101d=>0x40101f).(0=>1) is head of ROB and ready to commit
 130000: system.cpu.commit: [tid:0] ROB has 67 insts & 445 free entries.
 130000: system.cpu.commit: Activity This Cycle.
 130000: system.cpu: Scheduling next tick!
 131000: system.cpu: CPU already running.
 131000: system.cpu: Activity: 9
 131000: system.cpu.iew.lsq.thread0: Completing store [sn:40], idx:0, store head idx:1
O3PipeView:fetch:58000:0x00401004:1:40:  MOV_M_I : st   t1d, SS:[t0 + rsp]
O3PipeView:decode:59000
O3PipeView:rename:60000
O3PipeView:dispatch:62000
O3PipeView:issue:64000
O3PipeView:complete:65000
O3PipeView:retire:67000:store:131000
 131000: global: DynInst: [sn:40] Instruction destroyed. Instcount for system.cpu = 85
 131000: system.cpu: 

O3CPU: Ticking main, O3CPU.
 131000: system.cpu.fetch: Running stage.
 131000: system.cpu.fetch: Attempting to fetch from [tid:0]
 131000: system.cpu.fetch: [tid:0] Adding instructions to queue to decode.
 131000: system.cpu.decoder: Decode: Decoded add instruction: 
{
	leg = 0,
	rex = 0,
	vex/xop = 0,
	op = {
		type = one byte,
		op = 0,
		},
	modRM = 0,
	sib = 0,
	immediate = 0,
	displacement = 0
	dispSize = 0}

 131000: global: DynInst: [sn:950] Instruction created. Instcount for system.cpu = 86
 131000: system.cpu.fetch: [tid:0] Instruction PC (0x401057=>0x401059).(0=>1) created [sn:950].
 131000: system.cpu.fetch: [tid:0] Instruction is:   ADD_M_R : ldst   t1b, DS:[rax]
 131000: system.cpu.fetch: [tid:0] Fetch queue entry created (1/128).
 131000: global: DynInst: [sn:960] Instruction created. Instcount for system.cpu = 87
 131000: system.cpu.fetch: [tid:0] Instruction PC (0x401057=>0x401059).(1=>2) created [sn:960].
 131000: system.cpu.fetch: [tid:0] Instruction is:   ADD_M_R : add   t1b, t1b, al
 131000: system.cpu.fetch: [tid:0] Fetch queue entry created (2/128).
 131000: global: DynInst: [sn:970] Instruction created. Instcount for system.cpu = 88
 131000: system.cpu.fetch: [tid:0] Instruction PC (0x401057=>0x401059).(2=>3) created [sn:970].
 131000: system.cpu.fetch: [tid:0] Instruction is:   ADD_M_R : st   t1b, DS:[rax]
 131000: system.cpu.fetch: [tid:0] Fetch queue entry created (3/128).
 131000: system.cpu.decoder: Decode: Decoded add instruction: 
{
	leg = 0,
	rex = 0,
	vex/xop = 0,
	op = {
		type = one byte,
		op = 0,
		},
	modRM = 0,
	sib = 0,
	immediate = 0,
	displacement = 0
	dispSize = 0}

 131000: global: DynInst: [sn:980] Instruction created. Instcount for system.cpu = 89
 131000: system.cpu.fetch: [tid:0] Instruction PC (0x401059=>0x40105b).(0=>1) created [sn:980].
 131000: system.cpu.fetch: [tid:0] Instruction is:   ADD_M_R : ldst   t1b, DS:[rax]
 131000: system.cpu.fetch: [tid:0] Fetch queue entry created (4/128).
 131000: global: DynInst: [sn:990] Instruction created. Instcount for system.cpu = 90
 131000: system.cpu.fetch: [tid:0] Instruction PC (0x401059=>0x40105b).(1=>2) created [sn:990].
 131000: system.cpu.fetch: [tid:0] Instruction is:   ADD_M_R : add   t1b, t1b, al
 131000: system.cpu.fetch: [tid:0] Fetch queue entry created (5/128).
 131000: global: DynInst: [sn:1000] Instruction created. Instcount for system.cpu = 91
 131000: system.cpu.fetch: [tid:0] Instruction PC (0x401059=>0x40105b).(2=>3) created [sn:1000].
 131000: system.cpu.fetch: [tid:0] Instruction is:   ADD_M_R : st   t1b, DS:[rax]
 131000: system.cpu.fetch: [tid:0] Fetch queue entry created (6/128).
 131000: system.cpu.fetch: [tid:0] Done fetching, reached fetch bandwidth for this cycle.
 131000: system.cpu.fetch: [tid:0] [sn:950] Sending instruction to decode from fetch queue. Fetch queue size: 6.
 131000: system.cpu.fetch: [tid:0] [sn:960] Sending instruction to decode from fetch queue. Fetch queue size: 5.
 131000: system.cpu.fetch: [tid:0] [sn:970] Sending instruction to decode from fetch queue. Fetch queue size: 4.
 131000: system.cpu.fetch: [tid:0] [sn:980] Sending instruction to decode from fetch queue. Fetch queue size: 3.
 131000: system.cpu.fetch: [tid:0] [sn:990] Sending instruction to decode from fetch queue. Fetch queue size: 2.
 131000: system.cpu.fetch: [tid:0] [sn:1000] Sending instruction to decode from fetch queue. Fetch queue size: 1.
 131000: system.cpu.fetch: Activity this cycle.
 131000: system.cpu.decode: Processing [tid:0]
 131000: system.cpu.decode: [tid:0] Bypass moves from Rename: 0
 131000: system.cpu.decode: [tid:0] Not blocked, so attempting to run stage.
 131000: system.cpu.decode: [tid:0] Sending instruction to rename.
 131000: system.cpu.decode: [tid:0] Processing instruction [sn:890] with PC (0x401053=>0x401055).(0=>1)
 131000: system.cpu.decode: [tid:0] Processing instruction [sn:900] with PC (0x401053=>0x401055).(1=>2)
 131000: system.cpu.decode: [tid:0] Processing instruction [sn:910] with PC (0x401053=>0x401055).(2=>3)
 131000: system.cpu.decode: [tid:0] Processing instruction [sn:920] with PC (0x401055=>0x401057).(0=>1)
 131000: system.cpu.decode: [tid:0] Processing instruction [sn:930] with PC (0x401055=>0x401057).(1=>2)
 131000: system.cpu.decode: [tid:0] Processing instruction [sn:940] with PC (0x401055=>0x401057).(2=>3)
 131000: system.cpu.decode: Activity this cycle.
 131000: system.cpu.rename: Processing [tid:0]
 131000: system.cpu.rename: [tid:0] Free IQ: 156, Free ROB: 445, Free LQ: 176, Free SQ: 97, FreeRM 63(425 464 511 1022 63 8 2507)
 131000: system.cpu.rename: [tid:0] 18 instructions not yet in ROB
 131000: system.cpu.rename: calcFreeLQEntries: free lqEntries: 176, loadsInProgress: 6, loads dispatchedToLQ: 2
 131000: system.cpu.rename: [tid:0] Not blocked, so attempting to run stage.
 131000: system.cpu.rename: [tid:0] 6 available instructions to send iew.
 131000: system.cpu.rename: [tid:0] 18 insts pipelining from Rename | 6 insts dispatched to IQ last cycle.
 131000: system.cpu.rename: [tid:0] Sending instructions to IEW.
 131000: system.cpu.rename: calcFreeLQEntries: free lqEntries: 176, loadsInProgress: 6, loads dispatchedToLQ: 2
 131000: system.cpu.rename: [tid:0] Processing instruction [sn:830] with PC (0x40104f=>0x401051).(0=>1).
 131000: system.cpu.rename: [tid:0] Mascot prediction for load [sn:830] type: 0; distance1: 0; distance2: 0
 131000: system.cpu.rename: [tid:0] Looking up invalid arch reg 0, got phys reg 4294967295 (invalid)
 131000: system.cpu.rename: [tid:0] Register 4294967295 (flat: 4294967295) (invalid) is ready.
 131000: global: [sn:830] has 1 ready out of 4 sources. RTI 0)
 131000: system.cpu.rename: [tid:0] Looking up integer arch reg 0, got phys reg 45 (integer)
 131000: system.cpu.rename: [tid:0] Register 45 (flat: 45) (integer) is ready.
 131000: global: [sn:830] has 2 ready out of 4 sources. RTI 0)
 131000: system.cpu.rename: [tid:0] Looking up integer arch reg 17, got phys reg 94 (integer)
 131000: system.cpu.rename: [tid:0] Register 94 (flat: 94) (integer) is not ready.
 131000: system.cpu.rename: [tid:0] Looking up miscellaneous arch reg 155, got phys reg 155 (miscellaneous)
 131000: system.cpu.rename: [tid:0] Register 155 (flat: 0) (miscellaneous) is ready.
 131000: global: [sn:830] has 3 ready out of 4 sources. RTI 0)
 131000: global: Renamed reg t1 to physical reg 95 (95) old mapping was 94 (94)
 131000: system.cpu.rename: [tid:0] Renaming arch reg 17 (integer) to physical reg 95 (95).
 131000: system.cpu.rename: [tid:0] [sn:830] Adding instruction to history buffer (size=169).
 131000: system.cpu.rename: [tid:0] Processing instruction [sn:840] with PC (0x40104f=>0x401051).(1=>2).
 131000: system.cpu.rename: [tid:0] Looking up integer arch reg 17, got phys reg 95 (integer)
 131000: system.cpu.rename: [tid:0] Register 95 (flat: 95) (integer) is not ready.
 131000: system.cpu.rename: [tid:0] Looking up integer arch reg 0, got phys reg 45 (integer)
 131000: system.cpu.rename: [tid:0] Register 45 (flat: 45) (integer) is ready.
 131000: global: [sn:840] has 1 ready out of 8 sources. RTI 0)
 131000: system.cpu.rename: [tid:0] Looking up integer arch reg 17, got phys reg 95 (integer)
 131000: system.cpu.rename: [tid:0] Register 95 (flat: 95) (integer) is not ready.
 131000: system.cpu.rename: [tid:0] Looking up invalid arch reg 0, got phys reg 4294967295 (invalid)
 131000: system.cpu.rename: [tid:0] Register 4294967295 (flat: 4294967295) (invalid) is ready.
 131000: global: [sn:840] has 2 ready out of 8 sources. RTI 0)
 131000: system.cpu.rename: [tid:0] Looking up invalid arch reg 0, got phys reg 4294967295 (invalid)
 131000: system.cpu.rename: [tid:0] Register 4294967295 (flat: 4294967295) (invalid) is ready.
 131000: global: [sn:840] has 3 ready out of 8 sources. RTI 0)
 131000: system.cpu.rename: [tid:0] Looking up invalid arch reg 0, got phys reg 4294967295 (invalid)
 131000: system.cpu.rename: [tid:0] Register 4294967295 (flat: 4294967295) (invalid) is ready.
 131000: global: [sn:840] has 4 ready out of 8 sources. RTI 0)
 131000: system.cpu.rename: [tid:0] Looking up invalid arch reg 0, got phys reg 4294967295 (invalid)
 131000: system.cpu.rename: [tid:0] Register 4294967295 (flat: 4294967295) (invalid) is ready.
 131000: global: [sn:840] has 5 ready out of 8 sources. RTI 0)
 131000: system.cpu.rename: [tid:0] Looking up invalid arch reg 0, got phys reg 4294967295 (invalid)
 131000: system.cpu.rename: [tid:0] Register 4294967295 (flat: 4294967295) (invalid) is ready.
 131000: global: [sn:840] has 6 ready out of 8 sources. RTI 0)
 131000: global: Renamed reg t1 to physical reg 96 (96) old mapping was 95 (95)
 131000: system.cpu.rename: [tid:0] Renaming arch reg 17 (integer) to physical reg 96 (96).
 131000: system.cpu.rename: [tid:0] [sn:840] Adding instruction to history buffer (size=170).
 131000: global: Renamed reg condition_code[0] to physical reg 2691 (2691) old mapping was 2689 (2689)
 131000: system.cpu.rename: [tid:0] Renaming arch reg 0 (condition_code) to physical reg 59 (2691).
 131000: system.cpu.rename: [tid:0] [sn:840] Adding instruction to history buffer (size=171).
 131000: global: Renamed reg condition_code[1] to physical reg 2692 (2692) old mapping was 2690 (2690)
 131000: system.cpu.rename: [tid:0] Renaming arch reg 1 (condition_code) to physical reg 60 (2692).
 131000: system.cpu.rename: [tid:0] [sn:840] Adding instruction to history buffer (size=172).
 131000: system.cpu.rename: [tid:0] Renaming arch reg 0 (invalid) to physical reg 4294967295 (4294967295).
 131000: system.cpu.rename: [tid:0] [sn:840] Adding instruction to history buffer (size=173).
 131000: system.cpu.rename: [tid:0] Renaming arch reg 0 (invalid) to physical reg 4294967295 (4294967295).
 131000: system.cpu.rename: [tid:0] [sn:840] Adding instruction to history buffer (size=174).
 131000: system.cpu.rename: [tid:0] Renaming arch reg 0 (invalid) to physical reg 4294967295 (4294967295).
 131000: system.cpu.rename: [tid:0] [sn:840] Adding instruction to history buffer (size=175).
 131000: system.cpu.rename: calcFreeSQEntries: free sqEntries: 97, storesInProgress: 6, stores dispatchedToSQ: 2
 131000: system.cpu.rename: [tid:0] Processing instruction [sn:850] with PC (0x40104f=>0x401051).(2=>3).
 131000: system.cpu.rename: [tid:0] Looking up invalid arch reg 0, got phys reg 4294967295 (invalid)
 131000: system.cpu.rename: [tid:0] Register 4294967295 (flat: 4294967295) (invalid) is ready.
 131000: global: [sn:850] has 1 ready out of 4 sources. RTI 0)
 131000: system.cpu.rename: [tid:0] Looking up integer arch reg 0, got phys reg 45 (integer)
 131000: system.cpu.rename: [tid:0] Register 45 (flat: 45) (integer) is ready.
 131000: global: [sn:850] has 2 ready out of 4 sources. RTI 0)
 131000: system.cpu.rename: [tid:0] Looking up integer arch reg 17, got phys reg 96 (integer)
 131000: system.cpu.rename: [tid:0] Register 96 (flat: 96) (integer) is not ready.
 131000: system.cpu.rename: [tid:0] Looking up miscellaneous arch reg 155, got phys reg 155 (miscellaneous)
 131000: system.cpu.rename: [tid:0] Register 155 (flat: 0) (miscellaneous) is ready.
 131000: global: [sn:850] has 3 ready out of 4 sources. RTI 0)
 131000: system.cpu.rename: calcFreeLQEntries: free lqEntries: 176, loadsInProgress: 7, loads dispatchedToLQ: 2
 131000: system.cpu.rename: [tid:0] Processing instruction [sn:860] with PC (0x401051=>0x401053).(0=>1).
 131000: system.cpu.rename: [tid:0] Mascot prediction for load [sn:860] type: 0; distance1: 0; distance2: 0
 131000: system.cpu.rename: [tid:0] Looking up invalid arch reg 0, got phys reg 4294967295 (invalid)
 131000: system.cpu.rename: [tid:0] Register 4294967295 (flat: 4294967295) (invalid) is ready.
 131000: global: [sn:860] has 1 ready out of 4 sources. RTI 0)
 131000: system.cpu.rename: [tid:0] Looking up integer arch reg 0, got phys reg 45 (integer)
 131000: system.cpu.rename: [tid:0] Register 45 (flat: 45) (integer) is ready.
 131000: global: [sn:860] has 2 ready out of 4 sources. RTI 0)
 131000: system.cpu.rename: [tid:0] Looking up integer arch reg 17, got phys reg 96 (integer)
 131000: system.cpu.rename: [tid:0] Register 96 (flat: 96) (integer) is not ready.
 131000: system.cpu.rename: [tid:0] Looking up miscellaneous arch reg 155, got phys reg 155 (miscellaneous)
 131000: system.cpu.rename: [tid:0] Register 155 (flat: 0) (miscellaneous) is ready.
 131000: global: [sn:860] has 3 ready out of 4 sources. RTI 0)
 131000: global: Renamed reg t1 to physical reg 97 (97) old mapping was 96 (96)
 131000: system.cpu.rename: [tid:0] Renaming arch reg 17 (integer) to physical reg 97 (97).
 131000: system.cpu.rename: [tid:0] [sn:860] Adding instruction to history buffer (size=176).
 131000: system.cpu.rename: [tid:0] Processing instruction [sn:870] with PC (0x401051=>0x401053).(1=>2).
 131000: system.cpu.rename: [tid:0] Looking up integer arch reg 17, got phys reg 97 (integer)
 131000: system.cpu.rename: [tid:0] Register 97 (flat: 97) (integer) is not ready.
 131000: system.cpu.rename: [tid:0] Looking up integer arch reg 0, got phys reg 45 (integer)
 131000: system.cpu.rename: [tid:0] Register 45 (flat: 45) (integer) is ready.
 131000: global: [sn:870] has 1 ready out of 8 sources. RTI 0)
 131000: system.cpu.rename: [tid:0] Looking up integer arch reg 17, got phys reg 97 (integer)
 131000: system.cpu.rename: [tid:0] Register 97 (flat: 97) (integer) is not ready.
 131000: system.cpu.rename: [tid:0] Looking up invalid arch reg 0, got phys reg 4294967295 (invalid)
 131000: system.cpu.rename: [tid:0] Register 4294967295 (flat: 4294967295) (invalid) is ready.
 131000: global: [sn:870] has 2 ready out of 8 sources. RTI 0)
 131000: system.cpu.rename: [tid:0] Looking up invalid arch reg 0, got phys reg 4294967295 (invalid)
 131000: system.cpu.rename: [tid:0] Register 4294967295 (flat: 4294967295) (invalid) is ready.
 131000: global: [sn:870] has 3 ready out of 8 sources. RTI 0)
 131000: system.cpu.rename: [tid:0] Looking up invalid arch reg 0, got phys reg 4294967295 (invalid)
 131000: system.cpu.rename: [tid:0] Register 4294967295 (flat: 4294967295) (invalid) is ready.
 131000: global: [sn:870] has 4 ready out of 8 sources. RTI 0)
 131000: system.cpu.rename: [tid:0] Looking up invalid arch reg 0, got phys reg 4294967295 (invalid)
 131000: system.cpu.rename: [tid:0] Register 4294967295 (flat: 4294967295) (invalid) is ready.
 131000: global: [sn:870] has 5 ready out of 8 sources. RTI 0)
 131000: system.cpu.rename: [tid:0] Looking up invalid arch reg 0, got phys reg 4294967295 (invalid)
 131000: system.cpu.rename: [tid:0] Register 4294967295 (flat: 4294967295) (invalid) is ready.
 131000: global: [sn:870] has 6 ready out of 8 sources. RTI 0)
 131000: global: Renamed reg t1 to physical reg 98 (98) old mapping was 97 (97)
 131000: system.cpu.rename: [tid:0] Renaming arch reg 17 (integer) to physical reg 98 (98).
 131000: system.cpu.rename: [tid:0] [sn:870] Adding instruction to history buffer (size=177).
 131000: global: Renamed reg condition_code[0] to physical reg 2693 (2693) old mapping was 2691 (2691)
 131000: system.cpu.rename: [tid:0] Renaming arch reg 0 (condition_code) to physical reg 61 (2693).
 131000: system.cpu.rename: [tid:0] [sn:870] Adding instruction to history buffer (size=178).
 131000: global: Renamed reg condition_code[1] to physical reg 2694 (2694) old mapping was 2692 (2692)
 131000: system.cpu.rename: [tid:0] Renaming arch reg 1 (condition_code) to physical reg 62 (2694).
 131000: system.cpu.rename: [tid:0] [sn:870] Adding instruction to history buffer (size=179).
 131000: system.cpu.rename: [tid:0] Renaming arch reg 0 (invalid) to physical reg 4294967295 (4294967295).
 131000: system.cpu.rename: [tid:0] [sn:870] Adding instruction to history buffer (size=180).
 131000: system.cpu.rename: [tid:0] Renaming arch reg 0 (invalid) to physical reg 4294967295 (4294967295).
 131000: system.cpu.rename: [tid:0] [sn:870] Adding instruction to history buffer (size=181).
 131000: system.cpu.rename: [tid:0] Renaming arch reg 0 (invalid) to physical reg 4294967295 (4294967295).
 131000: system.cpu.rename: [tid:0] [sn:870] Adding instruction to history buffer (size=182).
 131000: system.cpu.rename: calcFreeSQEntries: free sqEntries: 97, storesInProgress: 7, stores dispatchedToSQ: 2
 131000: system.cpu.rename: [tid:0] Processing instruction [sn:880] with PC (0x401051=>0x401053).(2=>3).
 131000: system.cpu.rename: [tid:0] Looking up invalid arch reg 0, got phys reg 4294967295 (invalid)
 131000: system.cpu.rename: [tid:0] Register 4294967295 (flat: 4294967295) (invalid) is ready.
 131000: global: [sn:880] has 1 ready out of 4 sources. RTI 0)
 131000: system.cpu.rename: [tid:0] Looking up integer arch reg 0, got phys reg 45 (integer)
 131000: system.cpu.rename: [tid:0] Register 45 (flat: 45) (integer) is ready.
 131000: global: [sn:880] has 2 ready out of 4 sources. RTI 0)
 131000: system.cpu.rename: [tid:0] Looking up integer arch reg 17, got phys reg 98 (integer)
 131000: system.cpu.rename: [tid:0] Register 98 (flat: 98) (integer) is not ready.
 131000: system.cpu.rename: [tid:0] Looking up miscellaneous arch reg 155, got phys reg 155 (miscellaneous)
 131000: system.cpu.rename: [tid:0] Register 155 (flat: 0) (miscellaneous) is ready.
 131000: global: [sn:880] has 3 ready out of 4 sources. RTI 0)
 131000: system.cpu.rename: Activity this cycle.
 131000: system.cpu.iew: Issue: Processing [tid:0]
 131000: system.cpu.iew: [tid:0] Not blocked, so attempting to run dispatch.
 131000: system.cpu.iew: [tid:0] Issue: Adding PC (0x401047=>0x401049).(0=>1) [sn:710] [tid:0] to IQ.
 131000: system.cpu.iew: [tid:0] Issue: Memory instruction encountered, adding to LSQ.
 131000: system.cpu.iew.lsq.thread0: Inserting load PC (0x401047=>0x401049).(0=>1), idx:21 [sn:710]
 131000: system.cpu.iq: Adding instruction [sn:710] PC (0x401047=>0x401049).(0=>1) to the IQ.
 131000: system.cpu.iq: Instruction PC (0x401047=>0x401049).(0=>1) has src reg 86 (integer) that is being added to the dependency chain.
 131000: memdepentry: Memory dependency entry created. memdep_count=41 (0x401047=>0x401049).(0=>1)
 131000: system.cpu.memDep0: No dependency for inst PC (0x401047=>0x401049).(0=>1) [sn:710].
 131000: system.cpu.iew: [tid:0] Issue: Adding PC (0x401047=>0x401049).(1=>2) [sn:720] [tid:0] to IQ.
 131000: system.cpu.iq: Adding instruction [sn:720] PC (0x401047=>0x401049).(1=>2) to the IQ.
 131000: system.cpu.iq: Instruction PC (0x401047=>0x401049).(1=>2) has src reg 87 (integer) that is being added to the dependency chain.
 131000: system.cpu.iq: Instruction PC (0x401047=>0x401049).(1=>2) has src reg 87 (integer) that is being added to the dependency chain.
 131000: system.cpu.iew: [tid:0] Issue: Adding PC (0x401047=>0x401049).(2=>3) [sn:730] [tid:0] to IQ.
 131000: system.cpu.iew: [tid:0] Issue: Memory instruction encountered, adding to LSQ.
 131000: system.cpu.iew.lsq.thread0: Inserting store PC (0x401047=>0x401049).(2=>3), idx:21 [sn:730]
 131000: system.cpu.iq: Adding instruction [sn:730] PC (0x401047=>0x401049).(2=>3) to the IQ.
 131000: system.cpu.iq: Instruction PC (0x401047=>0x401049).(2=>3) has src reg 88 (integer) that is being added to the dependency chain.
 131000: memdepentry: Memory dependency entry created. memdep_count=42 (0x401047=>0x401049).(2=>3)
 131000: system.cpu.memDep0: No dependency for inst PC (0x401047=>0x401049).(2=>3) [sn:730].
 131000: system.cpu.memDep0: Inserting store/atomic PC (0x401047=>0x401049).(2=>3) [sn:730].
 131000: system.cpu.iew: [tid:0] Issue: Adding PC (0x401049=>0x40104b).(0=>1) [sn:740] [tid:0] to IQ.
 131000: system.cpu.iew: [tid:0] Issue: Memory instruction encountered, adding to LSQ.
 131000: system.cpu.iew.lsq.thread0: Inserting load PC (0x401049=>0x40104b).(0=>1), idx:22 [sn:740]
 131000: system.cpu.iq: Adding instruction [sn:740] PC (0x401049=>0x40104b).(0=>1) to the IQ.
 131000: system.cpu.iq: Instruction PC (0x401049=>0x40104b).(0=>1) has src reg 88 (integer) that is being added to the dependency chain.
 131000: memdepentry: Memory dependency entry created. memdep_count=43 (0x401049=>0x40104b).(0=>1)
 131000: system.cpu.memDep0: No dependency for inst PC (0x401049=>0x40104b).(0=>1) [sn:740].
 131000: system.cpu.iew: [tid:0] Issue: Adding PC (0x401049=>0x40104b).(1=>2) [sn:750] [tid:0] to IQ.
 131000: system.cpu.iq: Adding instruction [sn:750] PC (0x401049=>0x40104b).(1=>2) to the IQ.
 131000: system.cpu.iq: Instruction PC (0x401049=>0x40104b).(1=>2) has src reg 89 (integer) that is being added to the dependency chain.
 131000: system.cpu.iq: Instruction PC (0x401049=>0x40104b).(1=>2) has src reg 89 (integer) that is being added to the dependency chain.
 131000: system.cpu.iew: [tid:0] Issue: Adding PC (0x401049=>0x40104b).(2=>3) [sn:760] [tid:0] to IQ.
 131000: system.cpu.iew: [tid:0] Issue: Memory instruction encountered, adding to LSQ.
 131000: system.cpu.iew.lsq.thread0: Inserting store PC (0x401049=>0x40104b).(2=>3), idx:22 [sn:760]
 131000: system.cpu.iq: Adding instruction [sn:760] PC (0x401049=>0x40104b).(2=>3) to the IQ.
 131000: system.cpu.iq: Instruction PC (0x401049=>0x40104b).(2=>3) has src reg 90 (integer) that is being added to the dependency chain.
 131000: memdepentry: Memory dependency entry created. memdep_count=44 (0x401049=>0x40104b).(2=>3)
 131000: system.cpu.memDep0: No dependency for inst PC (0x401049=>0x40104b).(2=>3) [sn:760].
 131000: system.cpu.memDep0: Inserting store/atomic PC (0x401049=>0x40104b).(2=>3) [sn:760].
 131000: system.cpu.iq: Attempting to schedule ready instructions from the IQ.
 131000: system.cpu.iq: Not able to schedule any instructions.
 131000: system.cpu.iew: Processing [tid:0]
 131000: system.cpu.iew.lsq.thread0: LQ size: 192, #loads occupied: 22
 131000: system.cpu.iew.lsq.thread0: SQ size: 114, #stores occupied: 22
 131000: system.cpu.iew: [tid:0], Dispatch dispatched 6 instructions.
 131000: system.cpu.iew.lsq.thread0: SQ size: 114, #stores occupied: 22
 131000: system.cpu.iew.lsq.thread0: LQ size: 192, #loads occupied: 22
 131000: system.cpu.iew: IQ has 138 free entries (Can schedule: 0).  LQ has 170 free entries. SQ has 92 free entries.
 131000: system.cpu.iew: Activity this cycle.
 131000: system.cpu.commit: Getting instructions from Rename stage.
 131000: system.cpu.commit: [tid:0] [sn:770] Inserting PC (0x40104b=>0x40104d).(0=>1) into ROB.
 131000: system.cpu.rob: Adding inst PC (0x40104b=>0x40104d).(0=>1) to the ROB.
 131000: system.cpu.rob: [tid:0] Now has 68 instructions.
 131000: system.cpu.commit: [tid:0] [sn:780] Inserting PC (0x40104b=>0x40104d).(1=>2) into ROB.
 131000: system.cpu.rob: Adding inst PC (0x40104b=>0x40104d).(1=>2) to the ROB.
 131000: system.cpu.rob: [tid:0] Now has 69 instructions.
 131000: system.cpu.commit: [tid:0] [sn:790] Inserting PC (0x40104b=>0x40104d).(2=>3) into ROB.
 131000: system.cpu.rob: Adding inst PC (0x40104b=>0x40104d).(2=>3) to the ROB.
 131000: system.cpu.rob: [tid:0] Now has 70 instructions.
 131000: system.cpu.commit: [tid:0] [sn:800] Inserting PC (0x40104d=>0x40104f).(0=>1) into ROB.
 131000: system.cpu.rob: Adding inst PC (0x40104d=>0x40104f).(0=>1) to the ROB.
 131000: system.cpu.rob: [tid:0] Now has 71 instructions.
 131000: system.cpu.commit: [tid:0] [sn:810] Inserting PC (0x40104d=>0x40104f).(1=>2) into ROB.
 131000: system.cpu.rob: Adding inst PC (0x40104d=>0x40104f).(1=>2) to the ROB.
 131000: system.cpu.rob: [tid:0] Now has 72 instructions.
 131000: system.cpu.commit: [tid:0] [sn:820] Inserting PC (0x40104d=>0x40104f).(2=>3) into ROB.
 131000: system.cpu.rob: Adding inst PC (0x40104d=>0x40104f).(2=>3) to the ROB.
 131000: system.cpu.rob: [tid:0] Now has 73 instructions.
 131000: system.cpu.commit: Trying to commit instructions in the ROB.
 131000: system.cpu.commit: Trying to commit head instruction, [tid:0] [sn:100]
 131000: system.cpu.commit: Inst [tid:0] [sn:100] PC (0x40101d=>0x40101f).(0=>1) has a fault
 131000: global: RegFile: Access to int register 45, has data 0x3c
 131000: global: RegFile: Access to int register 46, has data 0
 131000: global: Calling halt on Thread Context 0
 131000: system.cpu: Thread 0 is inserted to exitingThreads list
 131000: global: RegFile: Setting int register 45 to 0
 131000: system.cpu.commit: [tid:0] [sn:100] Committing instruction with fault
 131000: system.cpu.commit: Generating trap event for [tid:0]
 131000: system.cpu.commit: Unable to commit head instruction PC:(0x40101d=>0x40101f).(0=>1) [tid:0] [sn:100].
 131000: system.cpu.commit: [tid:0] Instruction [sn:100] PC (0x40101d=>0x40101f).(0=>1) is head of ROB and ready to commit
 131000: system.cpu.commit: [tid:0] ROB has 73 insts & 439 free entries.
 131000: system.cpu.commit: Activity This Cycle.
 131000: system.cpu: Scheduling next tick!
