      0: Creating MemDepUnit 0 object.
      0: Creating MemDepUnit 1 object.
      0: Creating MemDepUnit 2 object.
      0: Creating MemDepUnit 3 object.
      0: system.cpu.iq: IQ sharing policy set to Partitioned:204 entries per thread.
      0: system.cpu.iew.lsq: LSQ sharing policy set to Partitioned: 192 entries per LQ | 114 entries per SQ
      0: system.cpu.iew.lsq.thread0: Creating LSQUnit0 object.
      0: system.cpu.commit: MEM_TRACE_FILE environment variable not set. No predictions loaded.
      0: system.cpu.freelist: Creating new free list object.
      0: system.cpu.rob: ROB sharing policy set to Partitioned
      0: system.cpu: Creating O3CPU object.
      0: system.cpu: Workload[0] process is 0      0: global: Calling activate on Thread Context 0
      0: system.cpu: [tid:0] Calling activate thread.
      0: system.cpu: [tid:0] Adding to active threads list
      0: system.cpu: Activity: 1
      0: system.cpu.fetch: Waking up from quiesce
      0: global: RegFile: Setting int register 4 to 0x7fffffffee30
      0: system.cpu.commit: Generating TC squash event for [tid:0]
      0: system.cpu.fetch: Activating stage.
      0: system.cpu: Activity: 2
      0: system.cpu.iew.lsq.thread0: LQ size: 192, #loads occupied: 0
      0: system.cpu.iew.lsq.thread0: SQ size: 114, #stores occupied: 0
      0: system.cpu: Activity: 3
      0: system.cpu.iew.lsq.thread0: LQ size: 192, #loads occupied: 0
      0: system.cpu.iew.lsq.thread0: SQ size: 114, #stores occupied: 0
      0: system.cpu.rob: Setting active threads list pointer.
      0: system.cpu: Activity: 4
      0: system.cpu: 

O3CPU: Ticking main, O3CPU.
      0: system.cpu.fetch: Running stage.
      0: system.cpu.fetch: Attempting to fetch from [tid:0]
      0: system.cpu.fetch: [tid:0] Attempting to translate and read instruction, starting at PC (0x401000=>0x401008).(0=>1).
      0: system.cpu.fetch: [tid:0] Fetching cache line 0x401000 for addr 0x401000
      0: system.cpu: CPU already running.
      0: system.cpu.fetch: Fetch: Doing instruction read.
      0: system.cpu.fetch: [tid:0] Doing Icache access.
      0: system.cpu.fetch: [tid:0] Activity: Waiting on I-cache response.
      0: system.cpu.fetch: Deactivating stage.
      0: system.cpu: Activity: 3
      0: system.cpu.decode: Processing [tid:0]
      0: system.cpu.decode: [tid:0] Bypass moves from Rename: 0
      0: system.cpu.decode: [tid:0] Not blocked, so attempting to run stage.
      0: system.cpu.decode: [tid:0] Nothing to do, breaking out early.
      0: system.cpu.rename: Processing [tid:0]
      0: system.cpu.rename: [tid:0] Free IQ: 204, Free ROB: 512, Free LQ: 192, Free SQ: 114, FreeRM 63(473 464 511 1022 63 8 2555)
      0: system.cpu.rename: [tid:0] 0 instructions not yet in ROB
      0: system.cpu.rename: calcFreeLQEntries: free lqEntries: 192, loadsInProgress: 0, loads dispatchedToLQ: 0
      0: system.cpu.rename: [tid:0] Not blocked, so attempting to run stage.
      0: system.cpu.rename: [tid:0] Nothing to do, breaking out early.
      0: system.cpu.iew: Issue: Processing [tid:0]
      0: system.cpu.iew: [tid:0] Not blocked, so attempting to run dispatch.
      0: system.cpu.iq: Attempting to schedule ready instructions from the IQ.
      0: system.cpu.iq: Not able to schedule any instructions.
      0: system.cpu.iew: Processing [tid:0]
      0: system.cpu.iew.lsq.thread0: LQ size: 192, #loads occupied: 0
      0: system.cpu.iew.lsq.thread0: SQ size: 114, #stores occupied: 0
      0: system.cpu.iew: [tid:0], Dispatch dispatched 0 instructions.
      0: system.cpu.iew.lsq.thread0: SQ size: 114, #stores occupied: 0
      0: system.cpu.iew.lsq.thread0: LQ size: 192, #loads occupied: 0
      0: system.cpu.iew: IQ has 204 free entries (Can schedule: 0).  LQ has 192 free entries. SQ has 114 free entries.
      0: system.cpu.iew: IEW switching to idle
      0: system.cpu.iew: Deactivating stage.
      0: system.cpu: Activity: 2
      0: system.cpu.iew: Activity this cycle.
      0: system.cpu.rob: Does not need to squash due to being empty [sn:0]
      0: system.cpu.commit: Squashing from TC, restarting at PC (0x401000=>0x401008).(0=>1)
      0: system.cpu.commit: [tid:0] ROB has 0 insts & 512 free entries.
      0: system.cpu.commit: Activity This Cycle.
      0: system.cpu: Scheduling next tick!
   1000: system.cpu: 

O3CPU: Ticking main, O3CPU.
   1000: system.cpu.fetch: [tid:0] Squashing instructions due to squash from commit.
   1000: system.cpu.fetch: [tid:0] Squash from commit.
   1000: system.cpu.fetch: [tid:0] Squashing, setting PC to: (0x401000=>0x401008).(0=>1).
   1000: system.cpu.fetch: [tid:0] Squashing outstanding Icache miss.
   1000: system.cpu: Thread 0: Deleting instructions from instruction list.
   1000: system.cpu.fetch: Running stage.
   1000: system.cpu.fetch: There are no more threads available to fetch from.
   1000: system.cpu.fetch: [tid:0] Fetch is squashing!
   1000: system.cpu.fetch: [tid:0] Activating stage.
   1000: system.cpu: Activity: 3
   1000: system.cpu.decode: Processing [tid:0]
   1000: system.cpu.decode: [tid:0] Bypass moves from Rename: 0
   1000: system.cpu.decode: [tid:0] Squashing instructions due to squash from commit.
   1000: system.cpu.decode: [tid:0] Squashing.
   1000: system.cpu.rename: Processing [tid:0]
   1000: system.cpu.rename: [tid:0] Free IQ: 204, Free ROB: 512, Free LQ: 192, Free SQ: 114, FreeRM 63(473 464 511 1022 63 8 2555)
   1000: system.cpu.rename: [tid:0] 0 instructions not yet in ROB
   1000: system.cpu.rename: [tid:0] Squashing instructions due to squash from commit.
   1000: system.cpu.rename: [tid:0] [squash sn:0] Squashing instructions.
   1000: system.cpu.iew: Issue: Processing [tid:0]
   1000: system.cpu.iew: [tid:0] Squashing all instructions.
   1000: system.cpu.iq: [tid:0] Starting to squash instructions in the IQ.
   1000: system.cpu.iq: [tid:0] Squashing until sequence number 0!
   1000: system.cpu.iew.lsq.thread0: Squashing until [sn:0]!(Loads:0 Stores:0)
   1000: system.cpu.iew: Removing skidbuffer instructions until [sn:0] [tid:0]
   1000: system.cpu.iew: [tid:0] Removing incoming rename instructions
   1000: system.cpu.iq: Attempting to schedule ready instructions from the IQ.
   1000: system.cpu.iq: Not able to schedule any instructions.
   1000: system.cpu.iew: Processing [tid:0]
   1000: system.cpu.iew.lsq.thread0: LQ size: 192, #loads occupied: 0
   1000: system.cpu.iew.lsq.thread0: SQ size: 114, #stores occupied: 0
   1000: system.cpu.iew: [tid:0], Dispatch dispatched 0 instructions.
   1000: system.cpu.iew.lsq.thread0: SQ size: 114, #stores occupied: 0
   1000: system.cpu.iew.lsq.thread0: LQ size: 192, #loads occupied: 0
   1000: system.cpu.iew: IQ has 204 free entries (Can schedule: 0).  LQ has 192 free entries. SQ has 114 free entries.
   1000: system.cpu.iew: Activity this cycle.
   1000: system.cpu: Activity: 4
   1000: system.cpu.commit: Getting instructions from Rename stage.
   1000: system.cpu.commit: Trying to commit instructions in the ROB.
   1000: system.cpu.commit: [tid:0] ROB has 0 insts & 512 free entries.
   1000: system.cpu.commit: Deactivating stage.
   1000: system.cpu: Activity: 3
   1000: system.cpu: Scheduling next tick!
   2000: system.cpu: 

O3CPU: Ticking main, O3CPU.
   2000: system.cpu.fetch: [tid:0] Done squashing, switching to running.
   2000: system.cpu.fetch: Running stage.
   2000: system.cpu.fetch: Attempting to fetch from [tid:0]
   2000: system.cpu.fetch: [tid:0] Attempting to translate and read instruction, starting at PC (0x401000=>0x401008).(0=>1).
   2000: system.cpu.fetch: [tid:0] Fetching cache line 0x401000 for addr 0x401000
   2000: system.cpu: CPU already running.
   2000: system.cpu.fetch: Fetch: Doing instruction read.
   2000: system.cpu.fetch: [tid:0] Doing Icache access.
   2000: system.cpu.fetch: [tid:0] Activity: Waiting on I-cache response.
   2000: system.cpu.fetch: Deactivating stage.
   2000: system.cpu: Activity: 2
   2000: system.cpu.decode: Processing [tid:0]
   2000: system.cpu.decode: [tid:0] Bypass moves from Rename: 0
   2000: system.cpu.decode: [tid:0] Done squashing, switching to running.
   2000: system.cpu.decode: [tid:0] Not blocked, so attempting to run stage.
   2000: system.cpu.decode: [tid:0] Nothing to do, breaking out early.
   2000: system.cpu.rename: Processing [tid:0]
   2000: system.cpu.rename: [tid:0] Free IQ: 204, Free ROB: 512, Free LQ: 192, Free SQ: 114, FreeRM 63(473 464 511 1022 63 8 2555)
   2000: system.cpu.rename: [tid:0] 0 instructions not yet in ROB
   2000: system.cpu.rename: calcFreeLQEntries: free lqEntries: 192, loadsInProgress: 0, loads dispatchedToLQ: 0
   2000: system.cpu.rename: [tid:0] Done squashing, switching to running.
   2000: system.cpu.rename: [tid:0] Not blocked, so attempting to run stage.
   2000: system.cpu.rename: [tid:0] Nothing to do, breaking out early.
   2000: system.cpu.iew: Issue: Processing [tid:0]
   2000: system.cpu.iew: [tid:0] Done squashing, switching to running.
   2000: system.cpu.iew: [tid:0] Not blocked, so attempting to run dispatch.
   2000: system.cpu.iq: Attempting to schedule ready instructions from the IQ.
   2000: system.cpu.iq: Not able to schedule any instructions.
   2000: system.cpu.iew: Processing [tid:0]
   2000: system.cpu.iew: [tid:0], Dispatch dispatched 0 instructions.
   2000: system.cpu.iew.lsq.thread0: SQ size: 114, #stores occupied: 0
   2000: system.cpu.iew.lsq.thread0: LQ size: 192, #loads occupied: 0
   2000: system.cpu.iew: IQ has 204 free entries (Can schedule: 0).  LQ has 192 free entries. SQ has 114 free entries.
   2000: system.cpu.commit: Getting instructions from Rename stage.
   2000: system.cpu.commit: Trying to commit instructions in the ROB.
   2000: system.cpu.commit: [tid:0] ROB has 0 insts & 512 free entries.
   2000: system.cpu: Scheduling next tick!
   3000: system.cpu: 

O3CPU: Ticking main, O3CPU.
   3000: system.cpu.fetch: Running stage.
   3000: system.cpu.fetch: There are no more threads available to fetch from.
   3000: system.cpu.fetch: [tid:0] Fetch is waiting cache response!
   3000: system.cpu.decode: Processing [tid:0]
   3000: system.cpu.decode: [tid:0] Bypass moves from Rename: 0
   3000: system.cpu.decode: [tid:0] Not blocked, so attempting to run stage.
   3000: system.cpu.decode: [tid:0] Nothing to do, breaking out early.
   3000: system.cpu.rename: Processing [tid:0]
   3000: system.cpu.rename: [tid:0] Free IQ: 204, Free ROB: 512, Free LQ: 192, Free SQ: 114, FreeRM 63(473 464 511 1022 63 8 2555)
   3000: system.cpu.rename: [tid:0] 0 instructions not yet in ROB
   3000: system.cpu.rename: calcFreeLQEntries: free lqEntries: 192, loadsInProgress: 0, loads dispatchedToLQ: 0
   3000: system.cpu.rename: [tid:0] Not blocked, so attempting to run stage.
   3000: system.cpu.rename: [tid:0] Nothing to do, breaking out early.
   3000: system.cpu.iew: Issue: Processing [tid:0]
   3000: system.cpu.iew: [tid:0] Not blocked, so attempting to run dispatch.
   3000: system.cpu.iq: Attempting to schedule ready instructions from the IQ.
   3000: system.cpu.iq: Not able to schedule any instructions.
   3000: system.cpu.iew: Processing [tid:0]
   3000: system.cpu.iew: [tid:0], Dispatch dispatched 0 instructions.
   3000: system.cpu.iew.lsq.thread0: SQ size: 114, #stores occupied: 0
   3000: system.cpu.iew.lsq.thread0: LQ size: 192, #loads occupied: 0
   3000: system.cpu.iew: IQ has 204 free entries (Can schedule: 0).  LQ has 192 free entries. SQ has 114 free entries.
   3000: system.cpu.commit: Getting instructions from Rename stage.
   3000: system.cpu.commit: Trying to commit instructions in the ROB.
   3000: system.cpu.commit: [tid:0] ROB has 0 insts & 512 free entries.
   3000: system.cpu: Scheduling next tick!
   4000: system.cpu: 

O3CPU: Ticking main, O3CPU.
   4000: system.cpu.fetch: Running stage.
   4000: system.cpu.fetch: There are no more threads available to fetch from.
   4000: system.cpu.fetch: [tid:0] Fetch is waiting cache response!
   4000: system.cpu.decode: Processing [tid:0]
   4000: system.cpu.decode: [tid:0] Bypass moves from Rename: 0
   4000: system.cpu.decode: [tid:0] Not blocked, so attempting to run stage.
   4000: system.cpu.decode: [tid:0] Nothing to do, breaking out early.
   4000: system.cpu.rename: Processing [tid:0]
   4000: system.cpu.rename: [tid:0] Free IQ: 204, Free ROB: 512, Free LQ: 192, Free SQ: 114, FreeRM 63(473 464 511 1022 63 8 2555)
   4000: system.cpu.rename: [tid:0] 0 instructions not yet in ROB
   4000: system.cpu.rename: calcFreeLQEntries: free lqEntries: 192, loadsInProgress: 0, loads dispatchedToLQ: 0
   4000: system.cpu.rename: [tid:0] Not blocked, so attempting to run stage.
   4000: system.cpu.rename: [tid:0] Nothing to do, breaking out early.
   4000: system.cpu.iew: Issue: Processing [tid:0]
   4000: system.cpu.iew: [tid:0] Not blocked, so attempting to run dispatch.
   4000: system.cpu.iq: Attempting to schedule ready instructions from the IQ.
   4000: system.cpu.iq: Not able to schedule any instructions.
   4000: system.cpu.iew: Processing [tid:0]
   4000: system.cpu.iew: [tid:0], Dispatch dispatched 0 instructions.
   4000: system.cpu.iew.lsq.thread0: SQ size: 114, #stores occupied: 0
   4000: system.cpu.iew.lsq.thread0: LQ size: 192, #loads occupied: 0
   4000: system.cpu.iew: IQ has 204 free entries (Can schedule: 0).  LQ has 192 free entries. SQ has 114 free entries.
   4000: system.cpu.commit: Getting instructions from Rename stage.
   4000: system.cpu.commit: Trying to commit instructions in the ROB.
   4000: system.cpu.commit: [tid:0] ROB has 0 insts & 512 free entries.
   4000: system.cpu: Scheduling next tick!
   5000: system.cpu: 

O3CPU: Ticking main, O3CPU.
   5000: system.cpu.fetch: Running stage.
   5000: system.cpu.fetch: There are no more threads available to fetch from.
   5000: system.cpu.fetch: [tid:0] Fetch is waiting cache response!
   5000: system.cpu.decode: Processing [tid:0]
   5000: system.cpu.decode: [tid:0] Bypass moves from Rename: 0
   5000: system.cpu.decode: [tid:0] Not blocked, so attempting to run stage.
   5000: system.cpu.decode: [tid:0] Nothing to do, breaking out early.
   5000: system.cpu.rename: Processing [tid:0]
   5000: system.cpu.rename: [tid:0] Free IQ: 204, Free ROB: 512, Free LQ: 192, Free SQ: 114, FreeRM 63(473 464 511 1022 63 8 2555)
   5000: system.cpu.rename: [tid:0] 0 instructions not yet in ROB
   5000: system.cpu.rename: calcFreeLQEntries: free lqEntries: 192, loadsInProgress: 0, loads dispatchedToLQ: 0
   5000: system.cpu.rename: [tid:0] Not blocked, so attempting to run stage.
   5000: system.cpu.rename: [tid:0] Nothing to do, breaking out early.
   5000: system.cpu.iew: Issue: Processing [tid:0]
   5000: system.cpu.iew: [tid:0] Not blocked, so attempting to run dispatch.
   5000: system.cpu.iq: Attempting to schedule ready instructions from the IQ.
   5000: system.cpu.iq: Not able to schedule any instructions.
   5000: system.cpu.iew: Processing [tid:0]
   5000: system.cpu.iew: [tid:0], Dispatch dispatched 0 instructions.
   5000: system.cpu.iew.lsq.thread0: SQ size: 114, #stores occupied: 0
   5000: system.cpu.iew.lsq.thread0: LQ size: 192, #loads occupied: 0
   5000: system.cpu.iew: IQ has 204 free entries (Can schedule: 0).  LQ has 192 free entries. SQ has 114 free entries.
   5000: system.cpu.commit: Getting instructions from Rename stage.
   5000: system.cpu.commit: Trying to commit instructions in the ROB.
   5000: system.cpu.commit: [tid:0] ROB has 0 insts & 512 free entries.
   5000: system.cpu: Scheduling next tick!
   6000: system.cpu: 

O3CPU: Ticking main, O3CPU.
   6000: system.cpu.fetch: Running stage.
   6000: system.cpu.fetch: There are no more threads available to fetch from.
   6000: system.cpu.fetch: [tid:0] Fetch is waiting cache response!
   6000: system.cpu.decode: Processing [tid:0]
   6000: system.cpu.decode: [tid:0] Bypass moves from Rename: 0
   6000: system.cpu.decode: [tid:0] Not blocked, so attempting to run stage.
   6000: system.cpu.decode: [tid:0] Nothing to do, breaking out early.
   6000: system.cpu.rename: Processing [tid:0]
   6000: system.cpu.rename: [tid:0] Free IQ: 204, Free ROB: 512, Free LQ: 192, Free SQ: 114, FreeRM 63(473 464 511 1022 63 8 2555)
   6000: system.cpu.rename: [tid:0] 0 instructions not yet in ROB
   6000: system.cpu.rename: calcFreeLQEntries: free lqEntries: 192, loadsInProgress: 0, loads dispatchedToLQ: 0
   6000: system.cpu.rename: [tid:0] Not blocked, so attempting to run stage.
   6000: system.cpu.rename: [tid:0] Nothing to do, breaking out early.
   6000: system.cpu.iew: Issue: Processing [tid:0]
   6000: system.cpu.iew: [tid:0] Not blocked, so attempting to run dispatch.
   6000: system.cpu.iq: Attempting to schedule ready instructions from the IQ.
   6000: system.cpu.iq: Not able to schedule any instructions.
   6000: system.cpu.iew: Processing [tid:0]
   6000: system.cpu.iew: [tid:0], Dispatch dispatched 0 instructions.
   6000: system.cpu.iew.lsq.thread0: SQ size: 114, #stores occupied: 0
   6000: system.cpu.iew.lsq.thread0: LQ size: 192, #loads occupied: 0
   6000: system.cpu.iew: IQ has 204 free entries (Can schedule: 0).  LQ has 192 free entries. SQ has 114 free entries.
   6000: system.cpu.commit: Getting instructions from Rename stage.
   6000: system.cpu.commit: Trying to commit instructions in the ROB.
   6000: system.cpu.commit: [tid:0] ROB has 0 insts & 512 free entries.
   6000: system.cpu: Scheduling next tick!
   7000: system.cpu: 

O3CPU: Ticking main, O3CPU.
   7000: system.cpu.fetch: Running stage.
   7000: system.cpu.fetch: There are no more threads available to fetch from.
   7000: system.cpu.fetch: [tid:0] Fetch is waiting cache response!
   7000: system.cpu.decode: Processing [tid:0]
   7000: system.cpu.decode: [tid:0] Bypass moves from Rename: 0
   7000: system.cpu.decode: [tid:0] Not blocked, so attempting to run stage.
   7000: system.cpu.decode: [tid:0] Nothing to do, breaking out early.
   7000: system.cpu.rename: Processing [tid:0]
   7000: system.cpu.rename: [tid:0] Free IQ: 204, Free ROB: 512, Free LQ: 192, Free SQ: 114, FreeRM 63(473 464 511 1022 63 8 2555)
   7000: system.cpu.rename: [tid:0] 0 instructions not yet in ROB
   7000: system.cpu.rename: calcFreeLQEntries: free lqEntries: 192, loadsInProgress: 0, loads dispatchedToLQ: 0
   7000: system.cpu.rename: [tid:0] Not blocked, so attempting to run stage.
   7000: system.cpu.rename: [tid:0] Nothing to do, breaking out early.
   7000: system.cpu.iew: Issue: Processing [tid:0]
   7000: system.cpu.iew: [tid:0] Not blocked, so attempting to run dispatch.
   7000: system.cpu.iq: Attempting to schedule ready instructions from the IQ.
   7000: system.cpu.iq: Not able to schedule any instructions.
   7000: system.cpu.iew: Processing [tid:0]
   7000: system.cpu.iew: [tid:0], Dispatch dispatched 0 instructions.
   7000: system.cpu.iew.lsq.thread0: SQ size: 114, #stores occupied: 0
   7000: system.cpu.iew.lsq.thread0: LQ size: 192, #loads occupied: 0
   7000: system.cpu.iew: IQ has 204 free entries (Can schedule: 0).  LQ has 192 free entries. SQ has 114 free entries.
   7000: system.cpu.commit: Getting instructions from Rename stage.
   7000: system.cpu.commit: Trying to commit instructions in the ROB.
   7000: system.cpu.commit: [tid:0] ROB has 0 insts & 512 free entries.
   7000: system.cpu: Scheduling next tick!
   8000: system.cpu: 

O3CPU: Ticking main, O3CPU.
   8000: system.cpu.fetch: Running stage.
   8000: system.cpu.fetch: There are no more threads available to fetch from.
   8000: system.cpu.fetch: [tid:0] Fetch is waiting cache response!
   8000: system.cpu.decode: Processing [tid:0]
   8000: system.cpu.decode: [tid:0] Bypass moves from Rename: 0
   8000: system.cpu.decode: [tid:0] Not blocked, so attempting to run stage.
   8000: system.cpu.decode: [tid:0] Nothing to do, breaking out early.
   8000: system.cpu.rename: Processing [tid:0]
   8000: system.cpu.rename: [tid:0] Free IQ: 204, Free ROB: 512, Free LQ: 192, Free SQ: 114, FreeRM 63(473 464 511 1022 63 8 2555)
   8000: system.cpu.rename: [tid:0] 0 instructions not yet in ROB
   8000: system.cpu.rename: calcFreeLQEntries: free lqEntries: 192, loadsInProgress: 0, loads dispatchedToLQ: 0
   8000: system.cpu.rename: [tid:0] Not blocked, so attempting to run stage.
   8000: system.cpu.rename: [tid:0] Nothing to do, breaking out early.
   8000: system.cpu.iew: Issue: Processing [tid:0]
   8000: system.cpu.iew: [tid:0] Not blocked, so attempting to run dispatch.
   8000: system.cpu.iq: Attempting to schedule ready instructions from the IQ.
   8000: system.cpu.iq: Not able to schedule any instructions.
   8000: system.cpu.iew: Processing [tid:0]
   8000: system.cpu.iew: [tid:0], Dispatch dispatched 0 instructions.
   8000: system.cpu.iew.lsq.thread0: SQ size: 114, #stores occupied: 0
   8000: system.cpu.iew.lsq.thread0: LQ size: 192, #loads occupied: 0
   8000: system.cpu.iew: IQ has 204 free entries (Can schedule: 0).  LQ has 192 free entries. SQ has 114 free entries.
   8000: system.cpu.commit: Getting instructions from Rename stage.
   8000: system.cpu.commit: Trying to commit instructions in the ROB.
   8000: system.cpu.commit: [tid:0] ROB has 0 insts & 512 free entries.
   8000: system.cpu: Scheduling next tick!
   9000: system.cpu: 

O3CPU: Ticking main, O3CPU.
   9000: system.cpu.fetch: Running stage.
   9000: system.cpu.fetch: There are no more threads available to fetch from.
   9000: system.cpu.fetch: [tid:0] Fetch is waiting cache response!
   9000: system.cpu.decode: Processing [tid:0]
   9000: system.cpu.decode: [tid:0] Bypass moves from Rename: 0
   9000: system.cpu.decode: [tid:0] Not blocked, so attempting to run stage.
   9000: system.cpu.decode: [tid:0] Nothing to do, breaking out early.
   9000: system.cpu.rename: Processing [tid:0]
   9000: system.cpu.rename: [tid:0] Free IQ: 204, Free ROB: 512, Free LQ: 192, Free SQ: 114, FreeRM 63(473 464 511 1022 63 8 2555)
   9000: system.cpu.rename: [tid:0] 0 instructions not yet in ROB
   9000: system.cpu.rename: calcFreeLQEntries: free lqEntries: 192, loadsInProgress: 0, loads dispatchedToLQ: 0
   9000: system.cpu.rename: [tid:0] Not blocked, so attempting to run stage.
   9000: system.cpu.rename: [tid:0] Nothing to do, breaking out early.
   9000: system.cpu.iew: Issue: Processing [tid:0]
   9000: system.cpu.iew: [tid:0] Not blocked, so attempting to run dispatch.
   9000: system.cpu.iq: Attempting to schedule ready instructions from the IQ.
   9000: system.cpu.iq: Not able to schedule any instructions.
   9000: system.cpu.iew: Processing [tid:0]
   9000: system.cpu.iew: [tid:0], Dispatch dispatched 0 instructions.
   9000: system.cpu.iew.lsq.thread0: SQ size: 114, #stores occupied: 0
   9000: system.cpu.iew.lsq.thread0: LQ size: 192, #loads occupied: 0
   9000: system.cpu.iew: IQ has 204 free entries (Can schedule: 0).  LQ has 192 free entries. SQ has 114 free entries.
   9000: system.cpu.commit: Getting instructions from Rename stage.
   9000: system.cpu.commit: Trying to commit instructions in the ROB.
   9000: system.cpu.commit: [tid:0] ROB has 0 insts & 512 free entries.
   9000: system.cpu: Scheduling next tick!
  10000: system.cpu: 

O3CPU: Ticking main, O3CPU.
  10000: system.cpu.fetch: Running stage.
  10000: system.cpu.fetch: There are no more threads available to fetch from.
  10000: system.cpu.fetch: [tid:0] Fetch is waiting cache response!
  10000: system.cpu.decode: Processing [tid:0]
  10000: system.cpu.decode: [tid:0] Bypass moves from Rename: 0
  10000: system.cpu.decode: [tid:0] Not blocked, so attempting to run stage.
  10000: system.cpu.decode: [tid:0] Nothing to do, breaking out early.
  10000: system.cpu.rename: Processing [tid:0]
  10000: system.cpu.rename: [tid:0] Free IQ: 204, Free ROB: 512, Free LQ: 192, Free SQ: 114, FreeRM 63(473 464 511 1022 63 8 2555)
  10000: system.cpu.rename: [tid:0] 0 instructions not yet in ROB
  10000: system.cpu.rename: calcFreeLQEntries: free lqEntries: 192, loadsInProgress: 0, loads dispatchedToLQ: 0
  10000: system.cpu.rename: [tid:0] Not blocked, so attempting to run stage.
  10000: system.cpu.rename: [tid:0] Nothing to do, breaking out early.
  10000: system.cpu.iew: Issue: Processing [tid:0]
  10000: system.cpu.iew: [tid:0] Not blocked, so attempting to run dispatch.
  10000: system.cpu.iq: Attempting to schedule ready instructions from the IQ.
  10000: system.cpu.iq: Not able to schedule any instructions.
  10000: system.cpu.iew: Processing [tid:0]
  10000: system.cpu.iew: [tid:0], Dispatch dispatched 0 instructions.
  10000: system.cpu.iew.lsq.thread0: SQ size: 114, #stores occupied: 0
  10000: system.cpu.iew.lsq.thread0: LQ size: 192, #loads occupied: 0
  10000: system.cpu.iew: IQ has 204 free entries (Can schedule: 0).  LQ has 192 free entries. SQ has 114 free entries.
  10000: system.cpu.commit: Getting instructions from Rename stage.
  10000: system.cpu.commit: Trying to commit instructions in the ROB.
  10000: system.cpu.commit: [tid:0] ROB has 0 insts & 512 free entries.
  10000: system.cpu: Scheduling next tick!
  11000: system.cpu: 

O3CPU: Ticking main, O3CPU.
  11000: system.cpu.fetch: Running stage.
  11000: system.cpu.fetch: There are no more threads available to fetch from.
  11000: system.cpu.fetch: [tid:0] Fetch is waiting cache response!
  11000: system.cpu.decode: Processing [tid:0]
  11000: system.cpu.decode: [tid:0] Bypass moves from Rename: 0
  11000: system.cpu.decode: [tid:0] Not blocked, so attempting to run stage.
  11000: system.cpu.decode: [tid:0] Nothing to do, breaking out early.
  11000: system.cpu.rename: Processing [tid:0]
  11000: system.cpu.rename: [tid:0] Free IQ: 204, Free ROB: 512, Free LQ: 192, Free SQ: 114, FreeRM 63(473 464 511 1022 63 8 2555)
  11000: system.cpu.rename: [tid:0] 0 instructions not yet in ROB
  11000: system.cpu.rename: calcFreeLQEntries: free lqEntries: 192, loadsInProgress: 0, loads dispatchedToLQ: 0
  11000: system.cpu.rename: [tid:0] Not blocked, so attempting to run stage.
  11000: system.cpu.rename: [tid:0] Nothing to do, breaking out early.
  11000: system.cpu.iew: Issue: Processing [tid:0]
  11000: system.cpu.iew: [tid:0] Not blocked, so attempting to run dispatch.
  11000: system.cpu.iq: Attempting to schedule ready instructions from the IQ.
  11000: system.cpu.iq: Not able to schedule any instructions.
  11000: system.cpu.iew: Processing [tid:0]
  11000: system.cpu.iew: [tid:0], Dispatch dispatched 0 instructions.
  11000: system.cpu.iew.lsq.thread0: SQ size: 114, #stores occupied: 0
  11000: system.cpu.iew.lsq.thread0: LQ size: 192, #loads occupied: 0
  11000: system.cpu.iew: IQ has 204 free entries (Can schedule: 0).  LQ has 192 free entries. SQ has 114 free entries.
  11000: system.cpu.commit: Getting instructions from Rename stage.
  11000: system.cpu.commit: Trying to commit instructions in the ROB.
  11000: system.cpu.commit: [tid:0] ROB has 0 insts & 512 free entries.
  11000: system.cpu: Scheduling next tick!
  12000: system.cpu: 

O3CPU: Ticking main, O3CPU.
  12000: system.cpu.fetch: Running stage.
  12000: system.cpu.fetch: There are no more threads available to fetch from.
  12000: system.cpu.fetch: [tid:0] Fetch is waiting cache response!
  12000: system.cpu.decode: Processing [tid:0]
  12000: system.cpu.decode: [tid:0] Bypass moves from Rename: 0
  12000: system.cpu.decode: [tid:0] Not blocked, so attempting to run stage.
  12000: system.cpu.decode: [tid:0] Nothing to do, breaking out early.
  12000: system.cpu.rename: Processing [tid:0]
  12000: system.cpu.rename: [tid:0] Free IQ: 204, Free ROB: 512, Free LQ: 192, Free SQ: 114, FreeRM 63(473 464 511 1022 63 8 2555)
  12000: system.cpu.rename: [tid:0] 0 instructions not yet in ROB
  12000: system.cpu.rename: calcFreeLQEntries: free lqEntries: 192, loadsInProgress: 0, loads dispatchedToLQ: 0
  12000: system.cpu.rename: [tid:0] Not blocked, so attempting to run stage.
  12000: system.cpu.rename: [tid:0] Nothing to do, breaking out early.
  12000: system.cpu.iew: Issue: Processing [tid:0]
  12000: system.cpu.iew: [tid:0] Not blocked, so attempting to run dispatch.
  12000: system.cpu.iq: Attempting to schedule ready instructions from the IQ.
  12000: system.cpu.iq: Not able to schedule any instructions.
  12000: system.cpu.iew: Processing [tid:0]
  12000: system.cpu.iew: [tid:0], Dispatch dispatched 0 instructions.
  12000: system.cpu.iew.lsq.thread0: SQ size: 114, #stores occupied: 0
  12000: system.cpu.iew.lsq.thread0: LQ size: 192, #loads occupied: 0
  12000: system.cpu.iew: IQ has 204 free entries (Can schedule: 0).  LQ has 192 free entries. SQ has 114 free entries.
  12000: system.cpu.commit: Getting instructions from Rename stage.
  12000: system.cpu.commit: Trying to commit instructions in the ROB.
  12000: system.cpu.commit: [tid:0] ROB has 0 insts & 512 free entries.
  12000: system.cpu: Scheduling next tick!
  13000: system.cpu: 

O3CPU: Ticking main, O3CPU.
  13000: system.cpu.fetch: Running stage.
  13000: system.cpu.fetch: There are no more threads available to fetch from.
  13000: system.cpu.fetch: [tid:0] Fetch is waiting cache response!
  13000: system.cpu.decode: Processing [tid:0]
  13000: system.cpu.decode: [tid:0] Bypass moves from Rename: 0
  13000: system.cpu.decode: [tid:0] Not blocked, so attempting to run stage.
  13000: system.cpu.decode: [tid:0] Nothing to do, breaking out early.
  13000: system.cpu.rename: Processing [tid:0]
  13000: system.cpu.rename: [tid:0] Free IQ: 204, Free ROB: 512, Free LQ: 192, Free SQ: 114, FreeRM 63(473 464 511 1022 63 8 2555)
  13000: system.cpu.rename: [tid:0] 0 instructions not yet in ROB
  13000: system.cpu.rename: calcFreeLQEntries: free lqEntries: 192, loadsInProgress: 0, loads dispatchedToLQ: 0
  13000: system.cpu.rename: [tid:0] Not blocked, so attempting to run stage.
  13000: system.cpu.rename: [tid:0] Nothing to do, breaking out early.
  13000: system.cpu.iew: Issue: Processing [tid:0]
  13000: system.cpu.iew: [tid:0] Not blocked, so attempting to run dispatch.
  13000: system.cpu.iq: Attempting to schedule ready instructions from the IQ.
  13000: system.cpu.iq: Not able to schedule any instructions.
  13000: system.cpu.iew: Processing [tid:0]
  13000: system.cpu.iew: [tid:0], Dispatch dispatched 0 instructions.
  13000: system.cpu.iew.lsq.thread0: SQ size: 114, #stores occupied: 0
  13000: system.cpu.iew.lsq.thread0: LQ size: 192, #loads occupied: 0
  13000: system.cpu.iew: IQ has 204 free entries (Can schedule: 0).  LQ has 192 free entries. SQ has 114 free entries.
  13000: system.cpu.commit: Getting instructions from Rename stage.
  13000: system.cpu.commit: Trying to commit instructions in the ROB.
  13000: system.cpu.commit: [tid:0] ROB has 0 insts & 512 free entries.
  13000: system.cpu: Scheduling next tick!
  14000: system.cpu: 

O3CPU: Ticking main, O3CPU.
  14000: system.cpu.fetch: Running stage.
  14000: system.cpu.fetch: There are no more threads available to fetch from.
  14000: system.cpu.fetch: [tid:0] Fetch is waiting cache response!
  14000: system.cpu.decode: Processing [tid:0]
  14000: system.cpu.decode: [tid:0] Bypass moves from Rename: 0
  14000: system.cpu.decode: [tid:0] Not blocked, so attempting to run stage.
  14000: system.cpu.decode: [tid:0] Nothing to do, breaking out early.
  14000: system.cpu.rename: Processing [tid:0]
  14000: system.cpu.rename: [tid:0] Free IQ: 204, Free ROB: 512, Free LQ: 192, Free SQ: 114, FreeRM 63(473 464 511 1022 63 8 2555)
  14000: system.cpu.rename: [tid:0] 0 instructions not yet in ROB
  14000: system.cpu.rename: calcFreeLQEntries: free lqEntries: 192, loadsInProgress: 0, loads dispatchedToLQ: 0
  14000: system.cpu.rename: [tid:0] Not blocked, so attempting to run stage.
  14000: system.cpu.rename: [tid:0] Nothing to do, breaking out early.
  14000: system.cpu.iew: Issue: Processing [tid:0]
  14000: system.cpu.iew: [tid:0] Not blocked, so attempting to run dispatch.
  14000: system.cpu.iq: Attempting to schedule ready instructions from the IQ.
  14000: system.cpu.iq: Not able to schedule any instructions.
  14000: system.cpu.iew: Processing [tid:0]
  14000: system.cpu.iew: [tid:0], Dispatch dispatched 0 instructions.
  14000: system.cpu.iew.lsq.thread0: SQ size: 114, #stores occupied: 0
  14000: system.cpu.iew.lsq.thread0: LQ size: 192, #loads occupied: 0
  14000: system.cpu.iew: IQ has 204 free entries (Can schedule: 0).  LQ has 192 free entries. SQ has 114 free entries.
  14000: system.cpu.commit: Getting instructions from Rename stage.
  14000: system.cpu.commit: Trying to commit instructions in the ROB.
  14000: system.cpu.commit: [tid:0] ROB has 0 insts & 512 free entries.
  14000: system.cpu: Scheduling next tick!
  15000: system.cpu: 

O3CPU: Ticking main, O3CPU.
  15000: system.cpu.fetch: Running stage.
  15000: system.cpu.fetch: There are no more threads available to fetch from.
  15000: system.cpu.fetch: [tid:0] Fetch is waiting cache response!
  15000: system.cpu.decode: Processing [tid:0]
  15000: system.cpu.decode: [tid:0] Bypass moves from Rename: 0
  15000: system.cpu.decode: [tid:0] Not blocked, so attempting to run stage.
  15000: system.cpu.decode: [tid:0] Nothing to do, breaking out early.
  15000: system.cpu.rename: Processing [tid:0]
  15000: system.cpu.rename: [tid:0] Free IQ: 204, Free ROB: 512, Free LQ: 192, Free SQ: 114, FreeRM 63(473 464 511 1022 63 8 2555)
  15000: system.cpu.rename: [tid:0] 0 instructions not yet in ROB
  15000: system.cpu.rename: calcFreeLQEntries: free lqEntries: 192, loadsInProgress: 0, loads dispatchedToLQ: 0
  15000: system.cpu.rename: [tid:0] Not blocked, so attempting to run stage.
  15000: system.cpu.rename: [tid:0] Nothing to do, breaking out early.
  15000: system.cpu.iew: Issue: Processing [tid:0]
  15000: system.cpu.iew: [tid:0] Not blocked, so attempting to run dispatch.
  15000: system.cpu.iq: Attempting to schedule ready instructions from the IQ.
  15000: system.cpu.iq: Not able to schedule any instructions.
  15000: system.cpu.iew: Processing [tid:0]
  15000: system.cpu.iew: [tid:0], Dispatch dispatched 0 instructions.
  15000: system.cpu.iew.lsq.thread0: SQ size: 114, #stores occupied: 0
  15000: system.cpu.iew.lsq.thread0: LQ size: 192, #loads occupied: 0
  15000: system.cpu.iew: IQ has 204 free entries (Can schedule: 0).  LQ has 192 free entries. SQ has 114 free entries.
  15000: system.cpu.commit: Getting instructions from Rename stage.
  15000: system.cpu.commit: Trying to commit instructions in the ROB.
  15000: system.cpu.commit: [tid:0] ROB has 0 insts & 512 free entries.
  15000: system.cpu: Scheduling next tick!
  16000: system.cpu: 

O3CPU: Ticking main, O3CPU.
  16000: system.cpu.fetch: Running stage.
  16000: system.cpu.fetch: There are no more threads available to fetch from.
  16000: system.cpu.fetch: [tid:0] Fetch is waiting cache response!
  16000: system.cpu.decode: Processing [tid:0]
  16000: system.cpu.decode: [tid:0] Bypass moves from Rename: 0
  16000: system.cpu.decode: [tid:0] Not blocked, so attempting to run stage.
  16000: system.cpu.decode: [tid:0] Nothing to do, breaking out early.
  16000: system.cpu.rename: Processing [tid:0]
  16000: system.cpu.rename: [tid:0] Free IQ: 204, Free ROB: 512, Free LQ: 192, Free SQ: 114, FreeRM 63(473 464 511 1022 63 8 2555)
  16000: system.cpu.rename: [tid:0] 0 instructions not yet in ROB
  16000: system.cpu.rename: calcFreeLQEntries: free lqEntries: 192, loadsInProgress: 0, loads dispatchedToLQ: 0
  16000: system.cpu.rename: [tid:0] Not blocked, so attempting to run stage.
  16000: system.cpu.rename: [tid:0] Nothing to do, breaking out early.
  16000: system.cpu.iew: Issue: Processing [tid:0]
  16000: system.cpu.iew: [tid:0] Not blocked, so attempting to run dispatch.
  16000: system.cpu.iq: Attempting to schedule ready instructions from the IQ.
  16000: system.cpu.iq: Not able to schedule any instructions.
  16000: system.cpu.iew: Processing [tid:0]
  16000: system.cpu.iew: [tid:0], Dispatch dispatched 0 instructions.
  16000: system.cpu.iew.lsq.thread0: SQ size: 114, #stores occupied: 0
  16000: system.cpu.iew.lsq.thread0: LQ size: 192, #loads occupied: 0
  16000: system.cpu.iew: IQ has 204 free entries (Can schedule: 0).  LQ has 192 free entries. SQ has 114 free entries.
  16000: system.cpu.commit: Getting instructions from Rename stage.
  16000: system.cpu.commit: Trying to commit instructions in the ROB.
  16000: system.cpu.commit: [tid:0] ROB has 0 insts & 512 free entries.
  16000: system.cpu: Scheduling next tick!
  17000: system.cpu: 

O3CPU: Ticking main, O3CPU.
  17000: system.cpu.fetch: Running stage.
  17000: system.cpu.fetch: There are no more threads available to fetch from.
  17000: system.cpu.fetch: [tid:0] Fetch is waiting cache response!
  17000: system.cpu.decode: Processing [tid:0]
  17000: system.cpu.decode: [tid:0] Bypass moves from Rename: 0
  17000: system.cpu.decode: [tid:0] Not blocked, so attempting to run stage.
  17000: system.cpu.decode: [tid:0] Nothing to do, breaking out early.
  17000: system.cpu.rename: Processing [tid:0]
  17000: system.cpu.rename: [tid:0] Free IQ: 204, Free ROB: 512, Free LQ: 192, Free SQ: 114, FreeRM 63(473 464 511 1022 63 8 2555)
  17000: system.cpu.rename: [tid:0] 0 instructions not yet in ROB
  17000: system.cpu.rename: calcFreeLQEntries: free lqEntries: 192, loadsInProgress: 0, loads dispatchedToLQ: 0
  17000: system.cpu.rename: [tid:0] Not blocked, so attempting to run stage.
  17000: system.cpu.rename: [tid:0] Nothing to do, breaking out early.
  17000: system.cpu.iew: Issue: Processing [tid:0]
  17000: system.cpu.iew: [tid:0] Not blocked, so attempting to run dispatch.
  17000: system.cpu.iq: Attempting to schedule ready instructions from the IQ.
  17000: system.cpu.iq: Not able to schedule any instructions.
  17000: system.cpu.iew: Processing [tid:0]
  17000: system.cpu.iew: [tid:0], Dispatch dispatched 0 instructions.
  17000: system.cpu.iew.lsq.thread0: SQ size: 114, #stores occupied: 0
  17000: system.cpu.iew.lsq.thread0: LQ size: 192, #loads occupied: 0
  17000: system.cpu.iew: IQ has 204 free entries (Can schedule: 0).  LQ has 192 free entries. SQ has 114 free entries.
  17000: system.cpu.commit: Getting instructions from Rename stage.
  17000: system.cpu.commit: Trying to commit instructions in the ROB.
  17000: system.cpu.commit: [tid:0] ROB has 0 insts & 512 free entries.
  17000: system.cpu: Scheduling next tick!
  18000: system.cpu: 

O3CPU: Ticking main, O3CPU.
  18000: system.cpu.fetch: Running stage.
  18000: system.cpu.fetch: There are no more threads available to fetch from.
  18000: system.cpu.fetch: [tid:0] Fetch is waiting cache response!
  18000: system.cpu.decode: Processing [tid:0]
  18000: system.cpu.decode: [tid:0] Bypass moves from Rename: 0
  18000: system.cpu.decode: [tid:0] Not blocked, so attempting to run stage.
  18000: system.cpu.decode: [tid:0] Nothing to do, breaking out early.
  18000: system.cpu.rename: Processing [tid:0]
  18000: system.cpu.rename: [tid:0] Free IQ: 204, Free ROB: 512, Free LQ: 192, Free SQ: 114, FreeRM 63(473 464 511 1022 63 8 2555)
  18000: system.cpu.rename: [tid:0] 0 instructions not yet in ROB
  18000: system.cpu.rename: calcFreeLQEntries: free lqEntries: 192, loadsInProgress: 0, loads dispatchedToLQ: 0
  18000: system.cpu.rename: [tid:0] Not blocked, so attempting to run stage.
  18000: system.cpu.rename: [tid:0] Nothing to do, breaking out early.
  18000: system.cpu.iew: Issue: Processing [tid:0]
  18000: system.cpu.iew: [tid:0] Not blocked, so attempting to run dispatch.
  18000: system.cpu.iq: Attempting to schedule ready instructions from the IQ.
  18000: system.cpu.iq: Not able to schedule any instructions.
  18000: system.cpu.iew: Processing [tid:0]
  18000: system.cpu.iew: [tid:0], Dispatch dispatched 0 instructions.
  18000: system.cpu.iew.lsq.thread0: SQ size: 114, #stores occupied: 0
  18000: system.cpu.iew.lsq.thread0: LQ size: 192, #loads occupied: 0
  18000: system.cpu.iew: IQ has 204 free entries (Can schedule: 0).  LQ has 192 free entries. SQ has 114 free entries.
  18000: system.cpu.commit: Getting instructions from Rename stage.
  18000: system.cpu.commit: Trying to commit instructions in the ROB.
  18000: system.cpu.commit: [tid:0] ROB has 0 insts & 512 free entries.
  18000: system.cpu: Scheduling next tick!
  19000: system.cpu: 

O3CPU: Ticking main, O3CPU.
  19000: system.cpu.fetch: Running stage.
  19000: system.cpu.fetch: There are no more threads available to fetch from.
  19000: system.cpu.fetch: [tid:0] Fetch is waiting cache response!
  19000: system.cpu.decode: Processing [tid:0]
  19000: system.cpu.decode: [tid:0] Bypass moves from Rename: 0
  19000: system.cpu.decode: [tid:0] Not blocked, so attempting to run stage.
  19000: system.cpu.decode: [tid:0] Nothing to do, breaking out early.
  19000: system.cpu.rename: Processing [tid:0]
  19000: system.cpu.rename: [tid:0] Free IQ: 204, Free ROB: 512, Free LQ: 192, Free SQ: 114, FreeRM 63(473 464 511 1022 63 8 2555)
  19000: system.cpu.rename: [tid:0] 0 instructions not yet in ROB
  19000: system.cpu.rename: calcFreeLQEntries: free lqEntries: 192, loadsInProgress: 0, loads dispatchedToLQ: 0
  19000: system.cpu.rename: [tid:0] Not blocked, so attempting to run stage.
  19000: system.cpu.rename: [tid:0] Nothing to do, breaking out early.
  19000: system.cpu.iew: Issue: Processing [tid:0]
  19000: system.cpu.iew: [tid:0] Not blocked, so attempting to run dispatch.
  19000: system.cpu.iq: Attempting to schedule ready instructions from the IQ.
  19000: system.cpu.iq: Not able to schedule any instructions.
  19000: system.cpu.iew: Processing [tid:0]
  19000: system.cpu.iew: [tid:0], Dispatch dispatched 0 instructions.
  19000: system.cpu.iew.lsq.thread0: SQ size: 114, #stores occupied: 0
  19000: system.cpu.iew.lsq.thread0: LQ size: 192, #loads occupied: 0
  19000: system.cpu.iew: IQ has 204 free entries (Can schedule: 0).  LQ has 192 free entries. SQ has 114 free entries.
  19000: system.cpu.commit: Getting instructions from Rename stage.
  19000: system.cpu.commit: Trying to commit instructions in the ROB.
  19000: system.cpu.commit: [tid:0] ROB has 0 insts & 512 free entries.
  19000: system.cpu: Scheduling next tick!
  20000: system.cpu: 

O3CPU: Ticking main, O3CPU.
  20000: system.cpu.fetch: Running stage.
  20000: system.cpu.fetch: There are no more threads available to fetch from.
  20000: system.cpu.fetch: [tid:0] Fetch is waiting cache response!
  20000: system.cpu.decode: Processing [tid:0]
  20000: system.cpu.decode: [tid:0] Bypass moves from Rename: 0
  20000: system.cpu.decode: [tid:0] Not blocked, so attempting to run stage.
  20000: system.cpu.decode: [tid:0] Nothing to do, breaking out early.
  20000: system.cpu.rename: Processing [tid:0]
  20000: system.cpu.rename: [tid:0] Free IQ: 204, Free ROB: 512, Free LQ: 192, Free SQ: 114, FreeRM 63(473 464 511 1022 63 8 2555)
  20000: system.cpu.rename: [tid:0] 0 instructions not yet in ROB
  20000: system.cpu.rename: calcFreeLQEntries: free lqEntries: 192, loadsInProgress: 0, loads dispatchedToLQ: 0
  20000: system.cpu.rename: [tid:0] Not blocked, so attempting to run stage.
  20000: system.cpu.rename: [tid:0] Nothing to do, breaking out early.
  20000: system.cpu.iew: Issue: Processing [tid:0]
  20000: system.cpu.iew: [tid:0] Not blocked, so attempting to run dispatch.
  20000: system.cpu.iq: Attempting to schedule ready instructions from the IQ.
  20000: system.cpu.iq: Not able to schedule any instructions.
  20000: system.cpu.iew: Processing [tid:0]
  20000: system.cpu.iew: [tid:0], Dispatch dispatched 0 instructions.
  20000: system.cpu.iew.lsq.thread0: SQ size: 114, #stores occupied: 0
  20000: system.cpu.iew.lsq.thread0: LQ size: 192, #loads occupied: 0
  20000: system.cpu.iew: IQ has 204 free entries (Can schedule: 0).  LQ has 192 free entries. SQ has 114 free entries.
  20000: system.cpu.commit: Getting instructions from Rename stage.
  20000: system.cpu.commit: Trying to commit instructions in the ROB.
  20000: system.cpu.commit: [tid:0] ROB has 0 insts & 512 free entries.
  20000: system.cpu: Scheduling next tick!
  21000: system.cpu: 

O3CPU: Ticking main, O3CPU.
  21000: system.cpu.fetch: Running stage.
  21000: system.cpu.fetch: There are no more threads available to fetch from.
  21000: system.cpu.fetch: [tid:0] Fetch is waiting cache response!
  21000: system.cpu.decode: Processing [tid:0]
  21000: system.cpu.decode: [tid:0] Bypass moves from Rename: 0
  21000: system.cpu.decode: [tid:0] Not blocked, so attempting to run stage.
  21000: system.cpu.decode: [tid:0] Nothing to do, breaking out early.
  21000: system.cpu.rename: Processing [tid:0]
  21000: system.cpu.rename: [tid:0] Free IQ: 204, Free ROB: 512, Free LQ: 192, Free SQ: 114, FreeRM 63(473 464 511 1022 63 8 2555)
  21000: system.cpu.rename: [tid:0] 0 instructions not yet in ROB
  21000: system.cpu.rename: calcFreeLQEntries: free lqEntries: 192, loadsInProgress: 0, loads dispatchedToLQ: 0
  21000: system.cpu.rename: [tid:0] Not blocked, so attempting to run stage.
  21000: system.cpu.rename: [tid:0] Nothing to do, breaking out early.
  21000: system.cpu.iew: Issue: Processing [tid:0]
  21000: system.cpu.iew: [tid:0] Not blocked, so attempting to run dispatch.
  21000: system.cpu.iq: Attempting to schedule ready instructions from the IQ.
  21000: system.cpu.iq: Not able to schedule any instructions.
  21000: system.cpu.iew: Processing [tid:0]
  21000: system.cpu.iew: [tid:0], Dispatch dispatched 0 instructions.
  21000: system.cpu.iew.lsq.thread0: SQ size: 114, #stores occupied: 0
  21000: system.cpu.iew.lsq.thread0: LQ size: 192, #loads occupied: 0
  21000: system.cpu.iew: IQ has 204 free entries (Can schedule: 0).  LQ has 192 free entries. SQ has 114 free entries.
  21000: system.cpu.commit: Getting instructions from Rename stage.
  21000: system.cpu.commit: Trying to commit instructions in the ROB.
  21000: system.cpu.commit: [tid:0] ROB has 0 insts & 512 free entries.
  21000: system.cpu: Scheduling next tick!
  22000: system.cpu: 

O3CPU: Ticking main, O3CPU.
  22000: system.cpu.fetch: Running stage.
  22000: system.cpu.fetch: There are no more threads available to fetch from.
  22000: system.cpu.fetch: [tid:0] Fetch is waiting cache response!
  22000: system.cpu.decode: Processing [tid:0]
  22000: system.cpu.decode: [tid:0] Bypass moves from Rename: 0
  22000: system.cpu.decode: [tid:0] Not blocked, so attempting to run stage.
  22000: system.cpu.decode: [tid:0] Nothing to do, breaking out early.
  22000: system.cpu.rename: Processing [tid:0]
  22000: system.cpu.rename: [tid:0] Free IQ: 204, Free ROB: 512, Free LQ: 192, Free SQ: 114, FreeRM 63(473 464 511 1022 63 8 2555)
  22000: system.cpu.rename: [tid:0] 0 instructions not yet in ROB
  22000: system.cpu.rename: calcFreeLQEntries: free lqEntries: 192, loadsInProgress: 0, loads dispatchedToLQ: 0
  22000: system.cpu.rename: [tid:0] Not blocked, so attempting to run stage.
  22000: system.cpu.rename: [tid:0] Nothing to do, breaking out early.
  22000: system.cpu.iew: Issue: Processing [tid:0]
  22000: system.cpu.iew: [tid:0] Not blocked, so attempting to run dispatch.
  22000: system.cpu.iq: Attempting to schedule ready instructions from the IQ.
  22000: system.cpu.iq: Not able to schedule any instructions.
  22000: system.cpu.iew: Processing [tid:0]
  22000: system.cpu.iew: [tid:0], Dispatch dispatched 0 instructions.
  22000: system.cpu.iew.lsq.thread0: SQ size: 114, #stores occupied: 0
  22000: system.cpu.iew.lsq.thread0: LQ size: 192, #loads occupied: 0
  22000: system.cpu.iew: IQ has 204 free entries (Can schedule: 0).  LQ has 192 free entries. SQ has 114 free entries.
  22000: system.cpu.commit: Getting instructions from Rename stage.
  22000: system.cpu.commit: Trying to commit instructions in the ROB.
  22000: system.cpu.commit: [tid:0] ROB has 0 insts & 512 free entries.
  22000: system.cpu: Scheduling next tick!
  23000: system.cpu: 

O3CPU: Ticking main, O3CPU.
  23000: system.cpu.fetch: Running stage.
  23000: system.cpu.fetch: There are no more threads available to fetch from.
  23000: system.cpu.fetch: [tid:0] Fetch is waiting cache response!
  23000: system.cpu.decode: Processing [tid:0]
  23000: system.cpu.decode: [tid:0] Bypass moves from Rename: 0
  23000: system.cpu.decode: [tid:0] Not blocked, so attempting to run stage.
  23000: system.cpu.decode: [tid:0] Nothing to do, breaking out early.
  23000: system.cpu.rename: Processing [tid:0]
  23000: system.cpu.rename: [tid:0] Free IQ: 204, Free ROB: 512, Free LQ: 192, Free SQ: 114, FreeRM 63(473 464 511 1022 63 8 2555)
  23000: system.cpu.rename: [tid:0] 0 instructions not yet in ROB
  23000: system.cpu.rename: calcFreeLQEntries: free lqEntries: 192, loadsInProgress: 0, loads dispatchedToLQ: 0
  23000: system.cpu.rename: [tid:0] Not blocked, so attempting to run stage.
  23000: system.cpu.rename: [tid:0] Nothing to do, breaking out early.
  23000: system.cpu.iew: Issue: Processing [tid:0]
  23000: system.cpu.iew: [tid:0] Not blocked, so attempting to run dispatch.
  23000: system.cpu.iq: Attempting to schedule ready instructions from the IQ.
  23000: system.cpu.iq: Not able to schedule any instructions.
  23000: system.cpu.iew: Processing [tid:0]
  23000: system.cpu.iew: [tid:0], Dispatch dispatched 0 instructions.
  23000: system.cpu.iew.lsq.thread0: SQ size: 114, #stores occupied: 0
  23000: system.cpu.iew.lsq.thread0: LQ size: 192, #loads occupied: 0
  23000: system.cpu.iew: IQ has 204 free entries (Can schedule: 0).  LQ has 192 free entries. SQ has 114 free entries.
  23000: system.cpu.commit: Getting instructions from Rename stage.
  23000: system.cpu.commit: Trying to commit instructions in the ROB.
  23000: system.cpu.commit: [tid:0] ROB has 0 insts & 512 free entries.
  23000: system.cpu: Scheduling next tick!
  24000: system.cpu: 

O3CPU: Ticking main, O3CPU.
  24000: system.cpu.fetch: Running stage.
  24000: system.cpu.fetch: There are no more threads available to fetch from.
  24000: system.cpu.fetch: [tid:0] Fetch is waiting cache response!
  24000: system.cpu.decode: Processing [tid:0]
  24000: system.cpu.decode: [tid:0] Bypass moves from Rename: 0
  24000: system.cpu.decode: [tid:0] Not blocked, so attempting to run stage.
  24000: system.cpu.decode: [tid:0] Nothing to do, breaking out early.
  24000: system.cpu.rename: Processing [tid:0]
  24000: system.cpu.rename: [tid:0] Free IQ: 204, Free ROB: 512, Free LQ: 192, Free SQ: 114, FreeRM 63(473 464 511 1022 63 8 2555)
  24000: system.cpu.rename: [tid:0] 0 instructions not yet in ROB
  24000: system.cpu.rename: calcFreeLQEntries: free lqEntries: 192, loadsInProgress: 0, loads dispatchedToLQ: 0
  24000: system.cpu.rename: [tid:0] Not blocked, so attempting to run stage.
  24000: system.cpu.rename: [tid:0] Nothing to do, breaking out early.
  24000: system.cpu.iew: Issue: Processing [tid:0]
  24000: system.cpu.iew: [tid:0] Not blocked, so attempting to run dispatch.
  24000: system.cpu.iq: Attempting to schedule ready instructions from the IQ.
  24000: system.cpu.iq: Not able to schedule any instructions.
  24000: system.cpu.iew: Processing [tid:0]
  24000: system.cpu.iew: [tid:0], Dispatch dispatched 0 instructions.
  24000: system.cpu.iew.lsq.thread0: SQ size: 114, #stores occupied: 0
  24000: system.cpu.iew.lsq.thread0: LQ size: 192, #loads occupied: 0
  24000: system.cpu.iew: IQ has 204 free entries (Can schedule: 0).  LQ has 192 free entries. SQ has 114 free entries.
  24000: system.cpu.commit: Getting instructions from Rename stage.
  24000: system.cpu.commit: Trying to commit instructions in the ROB.
  24000: system.cpu.commit: [tid:0] ROB has 0 insts & 512 free entries.
  24000: system.cpu: Activity: 1
  24000: system.cpu: Scheduling next tick!
  25000: system.cpu: 

O3CPU: Ticking main, O3CPU.
  25000: system.cpu.fetch: Running stage.
  25000: system.cpu.fetch: There are no more threads available to fetch from.
  25000: system.cpu.fetch: [tid:0] Fetch is waiting cache response!
  25000: system.cpu.decode: Processing [tid:0]
  25000: system.cpu.decode: [tid:0] Bypass moves from Rename: 0
  25000: system.cpu.decode: [tid:0] Not blocked, so attempting to run stage.
  25000: system.cpu.decode: [tid:0] Nothing to do, breaking out early.
  25000: system.cpu.rename: Processing [tid:0]
  25000: system.cpu.rename: [tid:0] Free IQ: 204, Free ROB: 512, Free LQ: 192, Free SQ: 114, FreeRM 63(473 464 511 1022 63 8 2555)
  25000: system.cpu.rename: [tid:0] 0 instructions not yet in ROB
  25000: system.cpu.rename: calcFreeLQEntries: free lqEntries: 192, loadsInProgress: 0, loads dispatchedToLQ: 0
  25000: system.cpu.rename: [tid:0] Not blocked, so attempting to run stage.
  25000: system.cpu.rename: [tid:0] Nothing to do, breaking out early.
  25000: system.cpu.iew: Issue: Processing [tid:0]
  25000: system.cpu.iew: [tid:0] Not blocked, so attempting to run dispatch.
  25000: system.cpu.iq: Attempting to schedule ready instructions from the IQ.
  25000: system.cpu.iq: Not able to schedule any instructions.
  25000: system.cpu.iew: Processing [tid:0]
  25000: system.cpu.iew: [tid:0], Dispatch dispatched 0 instructions.
  25000: system.cpu.iew.lsq.thread0: SQ size: 114, #stores occupied: 0
  25000: system.cpu.iew.lsq.thread0: LQ size: 192, #loads occupied: 0
  25000: system.cpu.iew: IQ has 204 free entries (Can schedule: 0).  LQ has 192 free entries. SQ has 114 free entries.
  25000: system.cpu.commit: Getting instructions from Rename stage.
  25000: system.cpu.commit: Trying to commit instructions in the ROB.
  25000: system.cpu.commit: [tid:0] ROB has 0 insts & 512 free entries.
  25000: system.cpu: Activity: 0
  25000: system.cpu: No activity left!
  25000: system.cpu: Idle!
  57001: system.cpu.icache_port: Fetch unit received timing
  57001: system.cpu.fetch: [tid:0] Waking up from cache miss.
  57002: system.cpu.icache_port: Fetch unit received timing
  57002: system.cpu.fetch: [tid:0] Waking up from cache miss.
  57002: system.cpu: Waking up CPU
  57002: system.cpu.fetch: [tid:0] Activating fetch due to cache completion
  57002: system.cpu.fetch: Activating stage.
  57002: system.cpu: Activity: 1
  58000: system.cpu: 

O3CPU: Ticking main, O3CPU.
  58000: system.cpu.fetch: Running stage.
  58000: system.cpu.fetch: Attempting to fetch from [tid:0]
  58000: system.cpu.fetch: [tid:0] Icache miss is complete.
  58000: system.cpu.fetch: [tid:0] Adding instructions to queue to decode.
  58000: system.cpu.decoder: Decode: Decoded sub instruction: 
{
	leg = 0,
	rex = 0x48,
	vex/xop = 0,
	op = {
		type = one byte,
		op = 0x83,
		},
	modRM = 0xec,
	sib = 0,
	immediate = 0x8,
	displacement = 0
	dispSize = 0}

  58000: global: DynInst: [sn:10] Instruction created. Instcount for system.cpu = 1
  58000: system.cpu.fetch: [tid:0] Instruction PC (0x401000=>0x401004).(0=>1) created [sn:10].
  58000: system.cpu.fetch: [tid:0] Instruction is:   SUB_R_I : limm   t1, 0x8
  58000: system.cpu.fetch: [tid:0] Fetch queue entry created (1/128).
  58000: global: DynInst: [sn:20] Instruction created. Instcount for system.cpu = 2
  58000: system.cpu.fetch: [tid:0] Instruction PC (0x401000=>0x401004).(1=>2) created [sn:20].
  58000: system.cpu.fetch: [tid:0] Instruction is:   SUB_R_I : sub   rsp, rsp, t1
  58000: system.cpu.fetch: [tid:0] Fetch queue entry created (2/128).
  58000: system.cpu.decoder: Decode: Decoded mov instruction: 
{
	leg = 0,
	rex = 0x48,
	vex/xop = 0,
	op = {
		type = one byte,
		op = 0xc7,
		},
	modRM = 0xc0,
	sib = 0,
	immediate = 0xfeed,
	displacement = 0
	dispSize = 0}

  58000: global: DynInst: [sn:30] Instruction created. Instcount for system.cpu = 3
  58000: system.cpu.fetch: [tid:0] Instruction PC (0x401004=>0x40100b).(0=>1) created [sn:30].
  58000: system.cpu.fetch: [tid:0] Instruction is:   MOV_R_I : limm   rax, 0xfeed
  58000: system.cpu.fetch: [tid:0] Fetch queue entry created (3/128).
  58000: system.cpu.decoder: Decode: Decoded mov instruction: 
{
	leg = 0,
	rex = 0x48,
	vex/xop = 0,
	op = {
		type = one byte,
		op = 0x89,
		},
	modRM = 0x4,
	sib = 0x24,
	immediate = 0,
	displacement = 0
	dispSize = 0}

  58000: global: DynInst: [sn:40] Instruction created. Instcount for system.cpu = 4
  58000: system.cpu.fetch: [tid:0] Instruction PC (0x40100b=>0x40100f).(0=>1) created [sn:40].
  58000: system.cpu.fetch: [tid:0] Instruction is:   MOV_M_R : st   rax, SS:[t0 + rsp]
  58000: system.cpu.fetch: [tid:0] Fetch queue entry created (4/128).
  58000: system.cpu.decoder: Decode: Decoded xor instruction: 
{
	leg = 0,
	rex = 0x4d,
	vex/xop = 0,
	op = {
		type = one byte,
		op = 0x31,
		},
	modRM = 0xc0,
	sib = 0,
	immediate = 0,
	displacement = 0
	dispSize = 0}

  58000: global: DynInst: [sn:50] Instruction created. Instcount for system.cpu = 5
  58000: system.cpu.fetch: [tid:0] Instruction PC (0x40100f=>0x401012).(0=>1) created [sn:50].
  58000: system.cpu.fetch: [tid:0] Instruction is:   XOR_R_R : xor   r8, r8, r8
  58000: system.cpu.fetch: [tid:0] Fetch queue entry created (5/128).
  58000: system.cpu.decoder: Decode: Decoded xor instruction: 
{
	leg = 0,
	rex = 0x4d,
	vex/xop = 0,
	op = {
		type = one byte,
		op = 0x31,
		},
	modRM = 0xc9,
	sib = 0,
	immediate = 0,
	displacement = 0
	dispSize = 0}

  58000: global: DynInst: [sn:60] Instruction created. Instcount for system.cpu = 6
  58000: system.cpu.fetch: [tid:0] Instruction PC (0x401012=>0x401015).(0=>1) created [sn:60].
  58000: system.cpu.fetch: [tid:0] Instruction is:   XOR_R_R : xor   r9, r9, r9
  58000: system.cpu.fetch: [tid:0] Fetch queue entry created (6/128).
  58000: system.cpu.fetch: [tid:0] Done fetching, reached fetch bandwidth for this cycle.
  58000: system.cpu.fetch: [tid:0] [sn:10] Sending instruction to decode from fetch queue. Fetch queue size: 6.
  58000: system.cpu.fetch: [tid:0] [sn:20] Sending instruction to decode from fetch queue. Fetch queue size: 5.
  58000: system.cpu.fetch: [tid:0] [sn:30] Sending instruction to decode from fetch queue. Fetch queue size: 4.
  58000: system.cpu.fetch: [tid:0] [sn:40] Sending instruction to decode from fetch queue. Fetch queue size: 3.
  58000: system.cpu.fetch: [tid:0] [sn:50] Sending instruction to decode from fetch queue. Fetch queue size: 2.
  58000: system.cpu.fetch: [tid:0] [sn:60] Sending instruction to decode from fetch queue. Fetch queue size: 1.
  58000: system.cpu.fetch: Activity this cycle.
  58000: system.cpu: Activity: 2
  58000: system.cpu.decode: Processing [tid:0]
  58000: system.cpu.decode: [tid:0] Bypass moves from Rename: 0
  58000: system.cpu.decode: [tid:0] Not blocked, so attempting to run stage.
  58000: system.cpu.decode: [tid:0] Nothing to do, breaking out early.
  58000: system.cpu.rename: Processing [tid:0]
  58000: system.cpu.rename: [tid:0] Free IQ: 204, Free ROB: 512, Free LQ: 192, Free SQ: 114, FreeRM 63(473 464 511 1022 63 8 2555)
  58000: system.cpu.rename: [tid:0] 0 instructions not yet in ROB
  58000: system.cpu.rename: calcFreeLQEntries: free lqEntries: 192, loadsInProgress: 0, loads dispatchedToLQ: 0
  58000: system.cpu.rename: [tid:0] Not blocked, so attempting to run stage.
  58000: system.cpu.rename: [tid:0] Nothing to do, breaking out early.
  58000: system.cpu.iew: Issue: Processing [tid:0]
  58000: system.cpu.iew: [tid:0] Not blocked, so attempting to run dispatch.
  58000: system.cpu.iq: Attempting to schedule ready instructions from the IQ.
  58000: system.cpu.iq: Not able to schedule any instructions.
  58000: system.cpu.iew: Processing [tid:0]
  58000: system.cpu.iew: [tid:0], Dispatch dispatched 0 instructions.
  58000: system.cpu.iew.lsq.thread0: SQ size: 114, #stores occupied: 0
  58000: system.cpu.iew.lsq.thread0: LQ size: 192, #loads occupied: 0
  58000: system.cpu.iew: IQ has 204 free entries (Can schedule: 0).  LQ has 192 free entries. SQ has 114 free entries.
  58000: system.cpu.commit: Getting instructions from Rename stage.
  58000: system.cpu.commit: Trying to commit instructions in the ROB.
  58000: system.cpu.commit: [tid:0] ROB has 0 insts & 512 free entries.
  58000: system.cpu: Scheduling next tick!
  59000: system.cpu: 

O3CPU: Ticking main, O3CPU.
  59000: system.cpu.fetch: Running stage.
  59000: system.cpu.fetch: Attempting to fetch from [tid:0]
  59000: system.cpu.fetch: [tid:0] Adding instructions to queue to decode.
  59000: system.cpu.decoder: Decode: Decoded xor instruction: 
{
	leg = 0,
	rex = 0x4d,
	vex/xop = 0,
	op = {
		type = one byte,
		op = 0x31,
		},
	modRM = 0xd2,
	sib = 0,
	immediate = 0,
	displacement = 0
	dispSize = 0}

  59000: global: DynInst: [sn:70] Instruction created. Instcount for system.cpu = 7
  59000: system.cpu.fetch: [tid:0] Instruction PC (0x401015=>0x401018).(0=>1) created [sn:70].
  59000: system.cpu.fetch: [tid:0] Instruction is:   XOR_R_R : xor   r10, r10, r10
  59000: system.cpu.fetch: [tid:0] Fetch queue entry created (1/128).
  59000: system.cpu.decoder: Decode: Decoded xor instruction: 
{
	leg = 0,
	rex = 0x4d,
	vex/xop = 0,
	op = {
		type = one byte,
		op = 0x31,
		},
	modRM = 0xdb,
	sib = 0,
	immediate = 0,
	displacement = 0
	dispSize = 0}

  59000: global: DynInst: [sn:80] Instruction created. Instcount for system.cpu = 8
  59000: system.cpu.fetch: [tid:0] Instruction PC (0x401018=>0x40101b).(0=>1) created [sn:80].
  59000: system.cpu.fetch: [tid:0] Instruction is:   XOR_R_R : xor   r11, r11, r11
  59000: system.cpu.fetch: [tid:0] Fetch queue entry created (2/128).
  59000: system.cpu.decoder: Decode: Decoded add instruction: 
{
	leg = 0,
	rex = 0x49,
	vex/xop = 0,
	op = {
		type = one byte,
		op = 0x83,
		},
	modRM = 0xc0,
	sib = 0,
	immediate = 0x1,
	displacement = 0
	dispSize = 0}

  59000: global: DynInst: [sn:90] Instruction created. Instcount for system.cpu = 9
  59000: system.cpu.fetch: [tid:0] Instruction PC (0x40101b=>0x40101f).(0=>1) created [sn:90].
  59000: system.cpu.fetch: [tid:0] Instruction is:   ADD_R_I : limm   t1, 0x1
  59000: system.cpu.fetch: [tid:0] Fetch queue entry created (3/128).
  59000: global: DynInst: [sn:100] Instruction created. Instcount for system.cpu = 10
  59000: system.cpu.fetch: [tid:0] Instruction PC (0x40101b=>0x40101f).(1=>2) created [sn:100].
  59000: system.cpu.fetch: [tid:0] Instruction is:   ADD_R_I : add   r8, r8, t1
  59000: system.cpu.fetch: [tid:0] Fetch queue entry created (4/128).
  59000: system.cpu.decoder: Decode: Decoded add instruction: 
{
	leg = 0,
	rex = 0x49,
	vex/xop = 0,
	op = {
		type = one byte,
		op = 0x83,
		},
	modRM = 0xc1,
	sib = 0,
	immediate = 0x2,
	displacement = 0
	dispSize = 0}

  59000: global: DynInst: [sn:110] Instruction created. Instcount for system.cpu = 11
  59000: system.cpu.fetch: [tid:0] Instruction PC (0x40101f=>0x401023).(0=>1) created [sn:110].
  59000: system.cpu.fetch: [tid:0] Instruction is:   ADD_R_I : limm   t1, 0x2
  59000: system.cpu.fetch: [tid:0] Fetch queue entry created (5/128).
  59000: global: DynInst: [sn:120] Instruction created. Instcount for system.cpu = 12
  59000: system.cpu.fetch: [tid:0] Instruction PC (0x40101f=>0x401023).(1=>2) created [sn:120].
  59000: system.cpu.fetch: [tid:0] Instruction is:   ADD_R_I : add   r9, r9, t1
  59000: system.cpu.fetch: [tid:0] Fetch queue entry created (6/128).
  59000: system.cpu.fetch: [tid:0] Done fetching, reached fetch bandwidth for this cycle.
  59000: system.cpu.fetch: [tid:0] [sn:70] Sending instruction to decode from fetch queue. Fetch queue size: 6.
  59000: system.cpu.fetch: [tid:0] [sn:80] Sending instruction to decode from fetch queue. Fetch queue size: 5.
  59000: system.cpu.fetch: [tid:0] [sn:90] Sending instruction to decode from fetch queue. Fetch queue size: 4.
  59000: system.cpu.fetch: [tid:0] [sn:100] Sending instruction to decode from fetch queue. Fetch queue size: 3.
  59000: system.cpu.fetch: [tid:0] [sn:110] Sending instruction to decode from fetch queue. Fetch queue size: 2.
  59000: system.cpu.fetch: [tid:0] [sn:120] Sending instruction to decode from fetch queue. Fetch queue size: 1.
  59000: system.cpu.fetch: Activity this cycle.
  59000: system.cpu: Activity: 3
  59000: system.cpu.decode: Processing [tid:0]
  59000: system.cpu.decode: [tid:0] Bypass moves from Rename: 0
  59000: system.cpu.decode: [tid:0] Not blocked, so attempting to run stage.
  59000: system.cpu.decode: [tid:0] Sending instruction to rename.
  59000: system.cpu.decode: [tid:0] Processing instruction [sn:10] with PC (0x401000=>0x401004).(0=>1)
  59000: system.cpu.decode: [tid:0] Processing instruction [sn:20] with PC (0x401000=>0x401004).(1=>2)
  59000: system.cpu.decode: [tid:0] Processing instruction [sn:30] with PC (0x401004=>0x40100b).(0=>1)
  59000: system.cpu.decode: [tid:0] Processing instruction [sn:40] with PC (0x40100b=>0x40100f).(0=>1)
  59000: system.cpu.decode: [tid:0] Processing instruction [sn:50] with PC (0x40100f=>0x401012).(0=>1)
  59000: system.cpu.decode: [tid:0] Processing instruction [sn:60] with PC (0x401012=>0x401015).(0=>1)
  59000: system.cpu.decode: Activity this cycle.
  59000: system.cpu.rename: Processing [tid:0]
  59000: system.cpu.rename: [tid:0] Free IQ: 204, Free ROB: 512, Free LQ: 192, Free SQ: 114, FreeRM 63(473 464 511 1022 63 8 2555)
  59000: system.cpu.rename: [tid:0] 0 instructions not yet in ROB
  59000: system.cpu.rename: calcFreeLQEntries: free lqEntries: 192, loadsInProgress: 0, loads dispatchedToLQ: 0
  59000: system.cpu.rename: [tid:0] Not blocked, so attempting to run stage.
  59000: system.cpu.rename: [tid:0] Nothing to do, breaking out early.
  59000: system.cpu.iew: Issue: Processing [tid:0]
  59000: system.cpu.iew: [tid:0] Not blocked, so attempting to run dispatch.
  59000: system.cpu.iq: Attempting to schedule ready instructions from the IQ.
  59000: system.cpu.iq: Not able to schedule any instructions.
  59000: system.cpu.iew: Processing [tid:0]
  59000: system.cpu.iew: [tid:0], Dispatch dispatched 0 instructions.
  59000: system.cpu.iew.lsq.thread0: SQ size: 114, #stores occupied: 0
  59000: system.cpu.iew.lsq.thread0: LQ size: 192, #loads occupied: 0
  59000: system.cpu.iew: IQ has 204 free entries (Can schedule: 0).  LQ has 192 free entries. SQ has 114 free entries.
  59000: system.cpu.commit: Getting instructions from Rename stage.
  59000: system.cpu.commit: Trying to commit instructions in the ROB.
  59000: system.cpu.commit: [tid:0] ROB has 0 insts & 512 free entries.
  59000: system.cpu: Scheduling next tick!
  60000: system.cpu: 

O3CPU: Ticking main, O3CPU.
  60000: system.cpu.fetch: Running stage.
  60000: system.cpu.fetch: Attempting to fetch from [tid:0]
  60000: system.cpu.fetch: [tid:0] Adding instructions to queue to decode.
  60000: system.cpu.decoder: Decode: Decoded add instruction: 
{
	leg = 0,
	rex = 0x49,
	vex/xop = 0,
	op = {
		type = one byte,
		op = 0x83,
		},
	modRM = 0xc2,
	sib = 0,
	immediate = 0x3,
	displacement = 0
	dispSize = 0}

  60000: global: DynInst: [sn:130] Instruction created. Instcount for system.cpu = 13
  60000: system.cpu.fetch: [tid:0] Instruction PC (0x401023=>0x401027).(0=>1) created [sn:130].
  60000: system.cpu.fetch: [tid:0] Instruction is:   ADD_R_I : limm   t1, 0x3
  60000: system.cpu.fetch: [tid:0] Fetch queue entry created (1/128).
  60000: global: DynInst: [sn:140] Instruction created. Instcount for system.cpu = 14
  60000: system.cpu.fetch: [tid:0] Instruction PC (0x401023=>0x401027).(1=>2) created [sn:140].
  60000: system.cpu.fetch: [tid:0] Instruction is:   ADD_R_I : add   r10, r10, t1
  60000: system.cpu.fetch: [tid:0] Fetch queue entry created (2/128).
  60000: system.cpu.decoder: Decode: Decoded add instruction: 
{
	leg = 0,
	rex = 0x49,
	vex/xop = 0,
	op = {
		type = one byte,
		op = 0x83,
		},
	modRM = 0xc3,
	sib = 0,
	immediate = 0x4,
	displacement = 0
	dispSize = 0}

  60000: global: DynInst: [sn:150] Instruction created. Instcount for system.cpu = 15
  60000: system.cpu.fetch: [tid:0] Instruction PC (0x401027=>0x40102b).(0=>1) created [sn:150].
  60000: system.cpu.fetch: [tid:0] Instruction is:   ADD_R_I : limm   t1, 0x4
  60000: system.cpu.fetch: [tid:0] Fetch queue entry created (3/128).
  60000: global: DynInst: [sn:160] Instruction created. Instcount for system.cpu = 16
  60000: system.cpu.fetch: [tid:0] Instruction PC (0x401027=>0x40102b).(1=>2) created [sn:160].
  60000: system.cpu.fetch: [tid:0] Instruction is:   ADD_R_I : add   r11, r11, t1
  60000: system.cpu.fetch: [tid:0] Fetch queue entry created (4/128).
  60000: system.cpu.decoder: Decode: Decoded add instruction: 
{
	leg = 0,
	rex = 0x49,
	vex/xop = 0,
	op = {
		type = one byte,
		op = 0x83,
		},
	modRM = 0xc0,
	sib = 0,
	immediate = 0x5,
	displacement = 0
	dispSize = 0}

  60000: global: DynInst: [sn:170] Instruction created. Instcount for system.cpu = 17
  60000: system.cpu.fetch: [tid:0] Instruction PC (0x40102b=>0x40102f).(0=>1) created [sn:170].
  60000: system.cpu.fetch: [tid:0] Instruction is:   ADD_R_I : limm   t1, 0x5
  60000: system.cpu.fetch: [tid:0] Fetch queue entry created (5/128).
  60000: global: DynInst: [sn:180] Instruction created. Instcount for system.cpu = 18
  60000: system.cpu.fetch: [tid:0] Instruction PC (0x40102b=>0x40102f).(1=>2) created [sn:180].
  60000: system.cpu.fetch: [tid:0] Instruction is:   ADD_R_I : add   r8, r8, t1
  60000: system.cpu.fetch: [tid:0] Fetch queue entry created (6/128).
  60000: system.cpu.fetch: [tid:0] Done fetching, reached fetch bandwidth for this cycle.
  60000: system.cpu.fetch: [tid:0] [sn:130] Sending instruction to decode from fetch queue. Fetch queue size: 6.
  60000: system.cpu.fetch: [tid:0] [sn:140] Sending instruction to decode from fetch queue. Fetch queue size: 5.
  60000: system.cpu.fetch: [tid:0] [sn:150] Sending instruction to decode from fetch queue. Fetch queue size: 4.
  60000: system.cpu.fetch: [tid:0] [sn:160] Sending instruction to decode from fetch queue. Fetch queue size: 3.
  60000: system.cpu.fetch: [tid:0] [sn:170] Sending instruction to decode from fetch queue. Fetch queue size: 2.
  60000: system.cpu.fetch: [tid:0] [sn:180] Sending instruction to decode from fetch queue. Fetch queue size: 1.
  60000: system.cpu.fetch: Activity this cycle.
  60000: system.cpu: Activity: 4
  60000: system.cpu.decode: Processing [tid:0]
  60000: system.cpu.decode: [tid:0] Bypass moves from Rename: 0
  60000: system.cpu.decode: [tid:0] Not blocked, so attempting to run stage.
  60000: system.cpu.decode: [tid:0] Sending instruction to rename.
  60000: system.cpu.decode: [tid:0] Processing instruction [sn:70] with PC (0x401015=>0x401018).(0=>1)
  60000: system.cpu.decode: [tid:0] Processing instruction [sn:80] with PC (0x401018=>0x40101b).(0=>1)
  60000: system.cpu.decode: [tid:0] Processing instruction [sn:90] with PC (0x40101b=>0x40101f).(0=>1)
  60000: system.cpu.decode: [tid:0] Processing instruction [sn:100] with PC (0x40101b=>0x40101f).(1=>2)
  60000: system.cpu.decode: [tid:0] Processing instruction [sn:110] with PC (0x40101f=>0x401023).(0=>1)
  60000: system.cpu.decode: [tid:0] Processing instruction [sn:120] with PC (0x40101f=>0x401023).(1=>2)
  60000: system.cpu.decode: Activity this cycle.
  60000: system.cpu.rename: Processing [tid:0]
  60000: system.cpu.rename: [tid:0] Free IQ: 204, Free ROB: 512, Free LQ: 192, Free SQ: 114, FreeRM 63(473 464 511 1022 63 8 2555)
  60000: system.cpu.rename: [tid:0] 0 instructions not yet in ROB
  60000: system.cpu.rename: calcFreeLQEntries: free lqEntries: 192, loadsInProgress: 0, loads dispatchedToLQ: 0
  60000: system.cpu.rename: [tid:0] Not blocked, so attempting to run stage.
  60000: system.cpu.rename: [tid:0] 6 available instructions to send iew.
  60000: system.cpu.rename: [tid:0] 0 insts pipelining from Rename | 0 insts dispatched to IQ last cycle.
  60000: system.cpu.rename: [tid:0] Sending instructions to IEW.
  60000: system.cpu.rename: [tid:0] Processing instruction [sn:10] with PC (0x401000=>0x401004).(0=>1).
  60000: global: Renamed reg t1 to physical reg 39 (39) old mapping was 17 (17)
  60000: system.cpu.rename: [tid:0] Renaming arch reg 17 (integer) to physical reg 39 (39).
  60000: system.cpu.rename: [tid:0] [sn:10] Adding instruction to history buffer (size=1).
  60000: system.cpu.rename: [tid:0] Processing instruction [sn:20] with PC (0x401000=>0x401004).(1=>2).
  60000: system.cpu.rename: [tid:0] Looking up integer arch reg 4, got phys reg 4 (integer)
  60000: system.cpu.rename: [tid:0] Register 4 (flat: 4) (integer) is ready.
  60000: global: [sn:20] has 1 ready out of 7 sources. RTI 0)
  60000: system.cpu.rename: [tid:0] Looking up integer arch reg 17, got phys reg 39 (integer)
  60000: system.cpu.rename: [tid:0] Register 39 (flat: 39) (integer) is not ready.
  60000: system.cpu.rename: [tid:0] Looking up invalid arch reg 0, got phys reg 4294967295 (invalid)
  60000: system.cpu.rename: [tid:0] Register 4294967295 (flat: 4294967295) (invalid) is ready.
  60000: global: [sn:20] has 2 ready out of 7 sources. RTI 0)
  60000: system.cpu.rename: [tid:0] Looking up invalid arch reg 0, got phys reg 4294967295 (invalid)
  60000: system.cpu.rename: [tid:0] Register 4294967295 (flat: 4294967295) (invalid) is ready.
  60000: global: [sn:20] has 3 ready out of 7 sources. RTI 0)
  60000: system.cpu.rename: [tid:0] Looking up invalid arch reg 0, got phys reg 4294967295 (invalid)
  60000: system.cpu.rename: [tid:0] Register 4294967295 (flat: 4294967295) (invalid) is ready.
  60000: global: [sn:20] has 4 ready out of 7 sources. RTI 0)
  60000: system.cpu.rename: [tid:0] Looking up invalid arch reg 0, got phys reg 4294967295 (invalid)
  60000: system.cpu.rename: [tid:0] Register 4294967295 (flat: 4294967295) (invalid) is ready.
  60000: global: [sn:20] has 5 ready out of 7 sources. RTI 0)
  60000: system.cpu.rename: [tid:0] Looking up invalid arch reg 0, got phys reg 4294967295 (invalid)
  60000: system.cpu.rename: [tid:0] Register 4294967295 (flat: 4294967295) (invalid) is ready.
  60000: global: [sn:20] has 6 ready out of 7 sources. RTI 0)
  60000: global: Renamed reg rsp to physical reg 40 (40) old mapping was 4 (4)
  60000: system.cpu.rename: [tid:0] Renaming arch reg 4 (integer) to physical reg 40 (40).
  60000: system.cpu.rename: [tid:0] [sn:20] Adding instruction to history buffer (size=2).
  60000: global: Renamed reg condition_code[0] to physical reg 2637 (2637) old mapping was 2632 (2632)
  60000: system.cpu.rename: [tid:0] Renaming arch reg 0 (condition_code) to physical reg 5 (2637).
  60000: system.cpu.rename: [tid:0] [sn:20] Adding instruction to history buffer (size=3).
  60000: global: Renamed reg condition_code[1] to physical reg 2638 (2638) old mapping was 2633 (2633)
  60000: system.cpu.rename: [tid:0] Renaming arch reg 1 (condition_code) to physical reg 6 (2638).
  60000: system.cpu.rename: [tid:0] [sn:20] Adding instruction to history buffer (size=4).
  60000: system.cpu.rename: [tid:0] Renaming arch reg 0 (invalid) to physical reg 4294967295 (4294967295).
  60000: system.cpu.rename: [tid:0] [sn:20] Adding instruction to history buffer (size=5).
  60000: system.cpu.rename: [tid:0] Renaming arch reg 0 (invalid) to physical reg 4294967295 (4294967295).
  60000: system.cpu.rename: [tid:0] [sn:20] Adding instruction to history buffer (size=6).
  60000: system.cpu.rename: [tid:0] Renaming arch reg 0 (invalid) to physical reg 4294967295 (4294967295).
  60000: system.cpu.rename: [tid:0] [sn:20] Adding instruction to history buffer (size=7).
  60000: system.cpu.rename: [tid:0] Processing instruction [sn:30] with PC (0x401004=>0x40100b).(0=>1).
  60000: global: Renamed reg rax to physical reg 41 (41) old mapping was 0 (0)
  60000: system.cpu.rename: [tid:0] Renaming arch reg 0 (integer) to physical reg 41 (41).
  60000: system.cpu.rename: [tid:0] [sn:30] Adding instruction to history buffer (size=8).
  60000: system.cpu.rename: calcFreeSQEntries: free sqEntries: 114, storesInProgress: 0, stores dispatchedToSQ: 0
  60000: system.cpu.rename: [tid:0] Processing instruction [sn:40] with PC (0x40100b=>0x40100f).(0=>1).
  60000: system.cpu.rename: [tid:0] Looking up invalid arch reg 0, got phys reg 4294967295 (invalid)
  60000: system.cpu.rename: [tid:0] Register 4294967295 (flat: 4294967295) (invalid) is ready.
  60000: global: [sn:40] has 1 ready out of 4 sources. RTI 0)
  60000: system.cpu.rename: [tid:0] Looking up integer arch reg 4, got phys reg 40 (integer)
  60000: system.cpu.rename: [tid:0] Register 40 (flat: 40) (integer) is not ready.
  60000: system.cpu.rename: [tid:0] Looking up integer arch reg 0, got phys reg 41 (integer)
  60000: system.cpu.rename: [tid:0] Register 41 (flat: 41) (integer) is not ready.
  60000: system.cpu.rename: [tid:0] Looking up miscellaneous arch reg 154, got phys reg 154 (miscellaneous)
  60000: system.cpu.rename: [tid:0] Register 154 (flat: 0) (miscellaneous) is ready.
  60000: global: [sn:40] has 2 ready out of 4 sources. RTI 0)
  60000: system.cpu.rename: [tid:0] Processing instruction [sn:50] with PC (0x40100f=>0x401012).(0=>1).
  60000: system.cpu.rename: [tid:0] Looking up integer arch reg 8, got phys reg 8 (integer)
  60000: system.cpu.rename: [tid:0] Register 8 (flat: 8) (integer) is ready.
  60000: global: [sn:50] has 1 ready out of 7 sources. RTI 0)
  60000: system.cpu.rename: [tid:0] Looking up integer arch reg 8, got phys reg 8 (integer)
  60000: system.cpu.rename: [tid:0] Register 8 (flat: 8) (integer) is ready.
  60000: global: [sn:50] has 2 ready out of 7 sources. RTI 0)
  60000: system.cpu.rename: [tid:0] Looking up invalid arch reg 0, got phys reg 4294967295 (invalid)
  60000: system.cpu.rename: [tid:0] Register 4294967295 (flat: 4294967295) (invalid) is ready.
  60000: global: [sn:50] has 3 ready out of 7 sources. RTI 0)
  60000: system.cpu.rename: [tid:0] Looking up invalid arch reg 0, got phys reg 4294967295 (invalid)
  60000: system.cpu.rename: [tid:0] Register 4294967295 (flat: 4294967295) (invalid) is ready.
  60000: global: [sn:50] has 4 ready out of 7 sources. RTI 0)
  60000: system.cpu.rename: [tid:0] Looking up invalid arch reg 0, got phys reg 4294967295 (invalid)
  60000: system.cpu.rename: [tid:0] Register 4294967295 (flat: 4294967295) (invalid) is ready.
  60000: global: [sn:50] has 5 ready out of 7 sources. RTI 0)
  60000: system.cpu.rename: [tid:0] Looking up invalid arch reg 0, got phys reg 4294967295 (invalid)
  60000: system.cpu.rename: [tid:0] Register 4294967295 (flat: 4294967295) (invalid) is ready.
  60000: global: [sn:50] has 6 ready out of 7 sources. RTI 0)
  60000: system.cpu.rename: [tid:0] Looking up invalid arch reg 0, got phys reg 4294967295 (invalid)
  60000: system.cpu.rename: [tid:0] Register 4294967295 (flat: 4294967295) (invalid) is ready.
  60000: global: [sn:50] has 7 ready out of 7 sources. RTI 0)
  60000: global: Renamed reg r8 to physical reg 42 (42) old mapping was 8 (8)
  60000: system.cpu.rename: [tid:0] Renaming arch reg 8 (integer) to physical reg 42 (42).
  60000: system.cpu.rename: [tid:0] [sn:50] Adding instruction to history buffer (size=9).
  60000: global: Renamed reg condition_code[0] to physical reg 2639 (2639) old mapping was 2637 (2637)
  60000: system.cpu.rename: [tid:0] Renaming arch reg 0 (condition_code) to physical reg 7 (2639).
  60000: system.cpu.rename: [tid:0] [sn:50] Adding instruction to history buffer (size=10).
  60000: global: Renamed reg condition_code[1] to physical reg 2640 (2640) old mapping was 2638 (2638)
  60000: system.cpu.rename: [tid:0] Renaming arch reg 1 (condition_code) to physical reg 8 (2640).
  60000: system.cpu.rename: [tid:0] [sn:50] Adding instruction to history buffer (size=11).
  60000: system.cpu.rename: [tid:0] Renaming arch reg 0 (invalid) to physical reg 4294967295 (4294967295).
  60000: system.cpu.rename: [tid:0] [sn:50] Adding instruction to history buffer (size=12).
  60000: system.cpu.rename: [tid:0] Renaming arch reg 0 (invalid) to physical reg 4294967295 (4294967295).
  60000: system.cpu.rename: [tid:0] [sn:50] Adding instruction to history buffer (size=13).
  60000: system.cpu.rename: [tid:0] Renaming arch reg 0 (invalid) to physical reg 4294967295 (4294967295).
  60000: system.cpu.rename: [tid:0] [sn:50] Adding instruction to history buffer (size=14).
  60000: system.cpu.rename: [tid:0] Processing instruction [sn:60] with PC (0x401012=>0x401015).(0=>1).
  60000: system.cpu.rename: [tid:0] Looking up integer arch reg 9, got phys reg 9 (integer)
  60000: system.cpu.rename: [tid:0] Register 9 (flat: 9) (integer) is ready.
  60000: global: [sn:60] has 1 ready out of 7 sources. RTI 0)
  60000: system.cpu.rename: [tid:0] Looking up integer arch reg 9, got phys reg 9 (integer)
  60000: system.cpu.rename: [tid:0] Register 9 (flat: 9) (integer) is ready.
  60000: global: [sn:60] has 2 ready out of 7 sources. RTI 0)
  60000: system.cpu.rename: [tid:0] Looking up invalid arch reg 0, got phys reg 4294967295 (invalid)
  60000: system.cpu.rename: [tid:0] Register 4294967295 (flat: 4294967295) (invalid) is ready.
  60000: global: [sn:60] has 3 ready out of 7 sources. RTI 0)
  60000: system.cpu.rename: [tid:0] Looking up invalid arch reg 0, got phys reg 4294967295 (invalid)
  60000: system.cpu.rename: [tid:0] Register 4294967295 (flat: 4294967295) (invalid) is ready.
  60000: global: [sn:60] has 4 ready out of 7 sources. RTI 0)
  60000: system.cpu.rename: [tid:0] Looking up invalid arch reg 0, got phys reg 4294967295 (invalid)
  60000: system.cpu.rename: [tid:0] Register 4294967295 (flat: 4294967295) (invalid) is ready.
  60000: global: [sn:60] has 5 ready out of 7 sources. RTI 0)
  60000: system.cpu.rename: [tid:0] Looking up invalid arch reg 0, got phys reg 4294967295 (invalid)
  60000: system.cpu.rename: [tid:0] Register 4294967295 (flat: 4294967295) (invalid) is ready.
  60000: global: [sn:60] has 6 ready out of 7 sources. RTI 0)
  60000: system.cpu.rename: [tid:0] Looking up invalid arch reg 0, got phys reg 4294967295 (invalid)
  60000: system.cpu.rename: [tid:0] Register 4294967295 (flat: 4294967295) (invalid) is ready.
  60000: global: [sn:60] has 7 ready out of 7 sources. RTI 0)
  60000: global: Renamed reg r9 to physical reg 43 (43) old mapping was 9 (9)
  60000: system.cpu.rename: [tid:0] Renaming arch reg 9 (integer) to physical reg 43 (43).
  60000: system.cpu.rename: [tid:0] [sn:60] Adding instruction to history buffer (size=15).
  60000: global: Renamed reg condition_code[0] to physical reg 2641 (2641) old mapping was 2639 (2639)
  60000: system.cpu.rename: [tid:0] Renaming arch reg 0 (condition_code) to physical reg 9 (2641).
  60000: system.cpu.rename: [tid:0] [sn:60] Adding instruction to history buffer (size=16).
  60000: global: Renamed reg condition_code[1] to physical reg 2642 (2642) old mapping was 2640 (2640)
  60000: system.cpu.rename: [tid:0] Renaming arch reg 1 (condition_code) to physical reg 10 (2642).
  60000: system.cpu.rename: [tid:0] [sn:60] Adding instruction to history buffer (size=17).
  60000: system.cpu.rename: [tid:0] Renaming arch reg 0 (invalid) to physical reg 4294967295 (4294967295).
  60000: system.cpu.rename: [tid:0] [sn:60] Adding instruction to history buffer (size=18).
  60000: system.cpu.rename: [tid:0] Renaming arch reg 0 (invalid) to physical reg 4294967295 (4294967295).
  60000: system.cpu.rename: [tid:0] [sn:60] Adding instruction to history buffer (size=19).
  60000: system.cpu.rename: [tid:0] Renaming arch reg 0 (invalid) to physical reg 4294967295 (4294967295).
  60000: system.cpu.rename: [tid:0] [sn:60] Adding instruction to history buffer (size=20).
  60000: system.cpu.rename: Activity this cycle.
  60000: system.cpu.iew: Issue: Processing [tid:0]
  60000: system.cpu.iew: [tid:0] Not blocked, so attempting to run dispatch.
  60000: system.cpu.iq: Attempting to schedule ready instructions from the IQ.
  60000: system.cpu.iq: Not able to schedule any instructions.
  60000: system.cpu.iew: Processing [tid:0]
  60000: system.cpu.iew: [tid:0], Dispatch dispatched 0 instructions.
  60000: system.cpu.iew.lsq.thread0: SQ size: 114, #stores occupied: 0
  60000: system.cpu.iew.lsq.thread0: LQ size: 192, #loads occupied: 0
  60000: system.cpu.iew: IQ has 204 free entries (Can schedule: 0).  LQ has 192 free entries. SQ has 114 free entries.
  60000: system.cpu.commit: Getting instructions from Rename stage.
  60000: system.cpu.commit: Trying to commit instructions in the ROB.
  60000: system.cpu.commit: [tid:0] ROB has 0 insts & 512 free entries.
  60000: system.cpu: Scheduling next tick!
  61000: system.cpu: 

O3CPU: Ticking main, O3CPU.
  61000: system.cpu.fetch: Running stage.
  61000: system.cpu.fetch: Attempting to fetch from [tid:0]
  61000: system.cpu.fetch: [tid:0] Adding instructions to queue to decode.
  61000: system.cpu.decoder: Decode: Decoded add instruction: 
{
	leg = 0,
	rex = 0x49,
	vex/xop = 0,
	op = {
		type = one byte,
		op = 0x83,
		},
	modRM = 0xc1,
	sib = 0,
	immediate = 0x6,
	displacement = 0
	dispSize = 0}

  61000: global: DynInst: [sn:190] Instruction created. Instcount for system.cpu = 19
  61000: system.cpu.fetch: [tid:0] Instruction PC (0x40102f=>0x401033).(0=>1) created [sn:190].
  61000: system.cpu.fetch: [tid:0] Instruction is:   ADD_R_I : limm   t1, 0x6
  61000: system.cpu.fetch: [tid:0] Fetch queue entry created (1/128).
  61000: global: DynInst: [sn:200] Instruction created. Instcount for system.cpu = 20
  61000: system.cpu.fetch: [tid:0] Instruction PC (0x40102f=>0x401033).(1=>2) created [sn:200].
  61000: system.cpu.fetch: [tid:0] Instruction is:   ADD_R_I : add   r9, r9, t1
  61000: system.cpu.fetch: [tid:0] Fetch queue entry created (2/128).
  61000: system.cpu.decoder: Decode: Decoded add instruction: 
{
	leg = 0,
	rex = 0x49,
	vex/xop = 0,
	op = {
		type = one byte,
		op = 0x83,
		},
	modRM = 0xc2,
	sib = 0,
	immediate = 0x7,
	displacement = 0
	dispSize = 0}

  61000: global: DynInst: [sn:210] Instruction created. Instcount for system.cpu = 21
  61000: system.cpu.fetch: [tid:0] Instruction PC (0x401033=>0x401037).(0=>1) created [sn:210].
  61000: system.cpu.fetch: [tid:0] Instruction is:   ADD_R_I : limm   t1, 0x7
  61000: system.cpu.fetch: [tid:0] Fetch queue entry created (3/128).
  61000: global: DynInst: [sn:220] Instruction created. Instcount for system.cpu = 22
  61000: system.cpu.fetch: [tid:0] Instruction PC (0x401033=>0x401037).(1=>2) created [sn:220].
  61000: system.cpu.fetch: [tid:0] Instruction is:   ADD_R_I : add   r10, r10, t1
  61000: system.cpu.fetch: [tid:0] Fetch queue entry created (4/128).
  61000: system.cpu.decoder: Decode: Decoded add instruction: 
{
	leg = 0,
	rex = 0x49,
	vex/xop = 0,
	op = {
		type = one byte,
		op = 0x83,
		},
	modRM = 0xc3,
	sib = 0,
	immediate = 0x8,
	displacement = 0
	dispSize = 0}

  61000: global: DynInst: [sn:230] Instruction created. Instcount for system.cpu = 23
  61000: system.cpu.fetch: [tid:0] Instruction PC (0x401037=>0x40103b).(0=>1) created [sn:230].
  61000: system.cpu.fetch: [tid:0] Instruction is:   ADD_R_I : limm   t1, 0x8
  61000: system.cpu.fetch: [tid:0] Fetch queue entry created (5/128).
  61000: global: DynInst: [sn:240] Instruction created. Instcount for system.cpu = 24
  61000: system.cpu.fetch: [tid:0] Instruction PC (0x401037=>0x40103b).(1=>2) created [sn:240].
  61000: system.cpu.fetch: [tid:0] Instruction is:   ADD_R_I : add   r11, r11, t1
  61000: system.cpu.fetch: [tid:0] Fetch queue entry created (6/128).
  61000: system.cpu.fetch: [tid:0] Done fetching, reached fetch bandwidth for this cycle.
  61000: system.cpu.fetch: [tid:0] [sn:190] Sending instruction to decode from fetch queue. Fetch queue size: 6.
  61000: system.cpu.fetch: [tid:0] [sn:200] Sending instruction to decode from fetch queue. Fetch queue size: 5.
  61000: system.cpu.fetch: [tid:0] [sn:210] Sending instruction to decode from fetch queue. Fetch queue size: 4.
  61000: system.cpu.fetch: [tid:0] [sn:220] Sending instruction to decode from fetch queue. Fetch queue size: 3.
  61000: system.cpu.fetch: [tid:0] [sn:230] Sending instruction to decode from fetch queue. Fetch queue size: 2.
  61000: system.cpu.fetch: [tid:0] [sn:240] Sending instruction to decode from fetch queue. Fetch queue size: 1.
  61000: system.cpu.fetch: Activity this cycle.
  61000: system.cpu: Activity: 5
  61000: system.cpu.decode: Processing [tid:0]
  61000: system.cpu.decode: [tid:0] Bypass moves from Rename: 0
  61000: system.cpu.decode: [tid:0] Not blocked, so attempting to run stage.
  61000: system.cpu.decode: [tid:0] Sending instruction to rename.
  61000: system.cpu.decode: [tid:0] Processing instruction [sn:130] with PC (0x401023=>0x401027).(0=>1)
  61000: system.cpu.decode: [tid:0] Processing instruction [sn:140] with PC (0x401023=>0x401027).(1=>2)
  61000: system.cpu.decode: [tid:0] Processing instruction [sn:150] with PC (0x401027=>0x40102b).(0=>1)
  61000: system.cpu.decode: [tid:0] Processing instruction [sn:160] with PC (0x401027=>0x40102b).(1=>2)
  61000: system.cpu.decode: [tid:0] Processing instruction [sn:170] with PC (0x40102b=>0x40102f).(0=>1)
  61000: system.cpu.decode: [tid:0] Processing instruction [sn:180] with PC (0x40102b=>0x40102f).(1=>2)
  61000: system.cpu.decode: Activity this cycle.
  61000: system.cpu.rename: Processing [tid:0]
  61000: system.cpu.rename: [tid:0] Free IQ: 204, Free ROB: 512, Free LQ: 192, Free SQ: 114, FreeRM 63(468 464 511 1022 63 8 2549)
  61000: system.cpu.rename: [tid:0] 6 instructions not yet in ROB
  61000: system.cpu.rename: calcFreeLQEntries: free lqEntries: 192, loadsInProgress: 0, loads dispatchedToLQ: 0
  61000: system.cpu.rename: [tid:0] Not blocked, so attempting to run stage.
  61000: system.cpu.rename: [tid:0] 6 available instructions to send iew.
  61000: system.cpu.rename: [tid:0] 6 insts pipelining from Rename | 0 insts dispatched to IQ last cycle.
  61000: system.cpu.rename: [tid:0] Sending instructions to IEW.
  61000: system.cpu.rename: [tid:0] Processing instruction [sn:70] with PC (0x401015=>0x401018).(0=>1).
  61000: system.cpu.rename: [tid:0] Looking up integer arch reg 10, got phys reg 10 (integer)
  61000: system.cpu.rename: [tid:0] Register 10 (flat: 10) (integer) is ready.
  61000: global: [sn:70] has 1 ready out of 7 sources. RTI 0)
  61000: system.cpu.rename: [tid:0] Looking up integer arch reg 10, got phys reg 10 (integer)
  61000: system.cpu.rename: [tid:0] Register 10 (flat: 10) (integer) is ready.
  61000: global: [sn:70] has 2 ready out of 7 sources. RTI 0)
  61000: system.cpu.rename: [tid:0] Looking up invalid arch reg 0, got phys reg 4294967295 (invalid)
  61000: system.cpu.rename: [tid:0] Register 4294967295 (flat: 4294967295) (invalid) is ready.
  61000: global: [sn:70] has 3 ready out of 7 sources. RTI 0)
  61000: system.cpu.rename: [tid:0] Looking up invalid arch reg 0, got phys reg 4294967295 (invalid)
  61000: system.cpu.rename: [tid:0] Register 4294967295 (flat: 4294967295) (invalid) is ready.
  61000: global: [sn:70] has 4 ready out of 7 sources. RTI 0)
  61000: system.cpu.rename: [tid:0] Looking up invalid arch reg 0, got phys reg 4294967295 (invalid)
  61000: system.cpu.rename: [tid:0] Register 4294967295 (flat: 4294967295) (invalid) is ready.
  61000: global: [sn:70] has 5 ready out of 7 sources. RTI 0)
  61000: system.cpu.rename: [tid:0] Looking up invalid arch reg 0, got phys reg 4294967295 (invalid)
  61000: system.cpu.rename: [tid:0] Register 4294967295 (flat: 4294967295) (invalid) is ready.
  61000: global: [sn:70] has 6 ready out of 7 sources. RTI 0)
  61000: system.cpu.rename: [tid:0] Looking up invalid arch reg 0, got phys reg 4294967295 (invalid)
  61000: system.cpu.rename: [tid:0] Register 4294967295 (flat: 4294967295) (invalid) is ready.
  61000: global: [sn:70] has 7 ready out of 7 sources. RTI 0)
  61000: global: Renamed reg r10 to physical reg 44 (44) old mapping was 10 (10)
  61000: system.cpu.rename: [tid:0] Renaming arch reg 10 (integer) to physical reg 44 (44).
  61000: system.cpu.rename: [tid:0] [sn:70] Adding instruction to history buffer (size=21).
  61000: global: Renamed reg condition_code[0] to physical reg 2643 (2643) old mapping was 2641 (2641)
  61000: system.cpu.rename: [tid:0] Renaming arch reg 0 (condition_code) to physical reg 11 (2643).
  61000: system.cpu.rename: [tid:0] [sn:70] Adding instruction to history buffer (size=22).
  61000: global: Renamed reg condition_code[1] to physical reg 2644 (2644) old mapping was 2642 (2642)
  61000: system.cpu.rename: [tid:0] Renaming arch reg 1 (condition_code) to physical reg 12 (2644).
  61000: system.cpu.rename: [tid:0] [sn:70] Adding instruction to history buffer (size=23).
  61000: system.cpu.rename: [tid:0] Renaming arch reg 0 (invalid) to physical reg 4294967295 (4294967295).
  61000: system.cpu.rename: [tid:0] [sn:70] Adding instruction to history buffer (size=24).
  61000: system.cpu.rename: [tid:0] Renaming arch reg 0 (invalid) to physical reg 4294967295 (4294967295).
  61000: system.cpu.rename: [tid:0] [sn:70] Adding instruction to history buffer (size=25).
  61000: system.cpu.rename: [tid:0] Renaming arch reg 0 (invalid) to physical reg 4294967295 (4294967295).
  61000: system.cpu.rename: [tid:0] [sn:70] Adding instruction to history buffer (size=26).
  61000: system.cpu.rename: [tid:0] Processing instruction [sn:80] with PC (0x401018=>0x40101b).(0=>1).
  61000: system.cpu.rename: [tid:0] Looking up integer arch reg 11, got phys reg 11 (integer)
  61000: system.cpu.rename: [tid:0] Register 11 (flat: 11) (integer) is ready.
  61000: global: [sn:80] has 1 ready out of 7 sources. RTI 0)
  61000: system.cpu.rename: [tid:0] Looking up integer arch reg 11, got phys reg 11 (integer)
  61000: system.cpu.rename: [tid:0] Register 11 (flat: 11) (integer) is ready.
  61000: global: [sn:80] has 2 ready out of 7 sources. RTI 0)
  61000: system.cpu.rename: [tid:0] Looking up invalid arch reg 0, got phys reg 4294967295 (invalid)
  61000: system.cpu.rename: [tid:0] Register 4294967295 (flat: 4294967295) (invalid) is ready.
  61000: global: [sn:80] has 3 ready out of 7 sources. RTI 0)
  61000: system.cpu.rename: [tid:0] Looking up invalid arch reg 0, got phys reg 4294967295 (invalid)
  61000: system.cpu.rename: [tid:0] Register 4294967295 (flat: 4294967295) (invalid) is ready.
  61000: global: [sn:80] has 4 ready out of 7 sources. RTI 0)
  61000: system.cpu.rename: [tid:0] Looking up invalid arch reg 0, got phys reg 4294967295 (invalid)
  61000: system.cpu.rename: [tid:0] Register 4294967295 (flat: 4294967295) (invalid) is ready.
  61000: global: [sn:80] has 5 ready out of 7 sources. RTI 0)
  61000: system.cpu.rename: [tid:0] Looking up invalid arch reg 0, got phys reg 4294967295 (invalid)
  61000: system.cpu.rename: [tid:0] Register 4294967295 (flat: 4294967295) (invalid) is ready.
  61000: global: [sn:80] has 6 ready out of 7 sources. RTI 0)
  61000: system.cpu.rename: [tid:0] Looking up invalid arch reg 0, got phys reg 4294967295 (invalid)
  61000: system.cpu.rename: [tid:0] Register 4294967295 (flat: 4294967295) (invalid) is ready.
  61000: global: [sn:80] has 7 ready out of 7 sources. RTI 0)
  61000: global: Renamed reg r11 to physical reg 45 (45) old mapping was 11 (11)
  61000: system.cpu.rename: [tid:0] Renaming arch reg 11 (integer) to physical reg 45 (45).
  61000: system.cpu.rename: [tid:0] [sn:80] Adding instruction to history buffer (size=27).
  61000: global: Renamed reg condition_code[0] to physical reg 2645 (2645) old mapping was 2643 (2643)
  61000: system.cpu.rename: [tid:0] Renaming arch reg 0 (condition_code) to physical reg 13 (2645).
  61000: system.cpu.rename: [tid:0] [sn:80] Adding instruction to history buffer (size=28).
  61000: global: Renamed reg condition_code[1] to physical reg 2646 (2646) old mapping was 2644 (2644)
  61000: system.cpu.rename: [tid:0] Renaming arch reg 1 (condition_code) to physical reg 14 (2646).
  61000: system.cpu.rename: [tid:0] [sn:80] Adding instruction to history buffer (size=29).
  61000: system.cpu.rename: [tid:0] Renaming arch reg 0 (invalid) to physical reg 4294967295 (4294967295).
  61000: system.cpu.rename: [tid:0] [sn:80] Adding instruction to history buffer (size=30).
  61000: system.cpu.rename: [tid:0] Renaming arch reg 0 (invalid) to physical reg 4294967295 (4294967295).
  61000: system.cpu.rename: [tid:0] [sn:80] Adding instruction to history buffer (size=31).
  61000: system.cpu.rename: [tid:0] Renaming arch reg 0 (invalid) to physical reg 4294967295 (4294967295).
  61000: system.cpu.rename: [tid:0] [sn:80] Adding instruction to history buffer (size=32).
  61000: system.cpu.rename: [tid:0] Processing instruction [sn:90] with PC (0x40101b=>0x40101f).(0=>1).
  61000: global: Renamed reg t1 to physical reg 46 (46) old mapping was 39 (39)
  61000: system.cpu.rename: [tid:0] Renaming arch reg 17 (integer) to physical reg 46 (46).
  61000: system.cpu.rename: [tid:0] [sn:90] Adding instruction to history buffer (size=33).
  61000: system.cpu.rename: [tid:0] Processing instruction [sn:100] with PC (0x40101b=>0x40101f).(1=>2).
  61000: system.cpu.rename: [tid:0] Looking up integer arch reg 8, got phys reg 42 (integer)
  61000: system.cpu.rename: [tid:0] Register 42 (flat: 42) (integer) is not ready.
  61000: system.cpu.rename: [tid:0] Looking up integer arch reg 17, got phys reg 46 (integer)
  61000: system.cpu.rename: [tid:0] Register 46 (flat: 46) (integer) is not ready.
  61000: system.cpu.rename: [tid:0] Looking up invalid arch reg 0, got phys reg 4294967295 (invalid)
  61000: system.cpu.rename: [tid:0] Register 4294967295 (flat: 4294967295) (invalid) is ready.
  61000: global: [sn:100] has 1 ready out of 7 sources. RTI 0)
  61000: system.cpu.rename: [tid:0] Looking up invalid arch reg 0, got phys reg 4294967295 (invalid)
  61000: system.cpu.rename: [tid:0] Register 4294967295 (flat: 4294967295) (invalid) is ready.
  61000: global: [sn:100] has 2 ready out of 7 sources. RTI 0)
  61000: system.cpu.rename: [tid:0] Looking up invalid arch reg 0, got phys reg 4294967295 (invalid)
  61000: system.cpu.rename: [tid:0] Register 4294967295 (flat: 4294967295) (invalid) is ready.
  61000: global: [sn:100] has 3 ready out of 7 sources. RTI 0)
  61000: system.cpu.rename: [tid:0] Looking up invalid arch reg 0, got phys reg 4294967295 (invalid)
  61000: system.cpu.rename: [tid:0] Register 4294967295 (flat: 4294967295) (invalid) is ready.
  61000: global: [sn:100] has 4 ready out of 7 sources. RTI 0)
  61000: system.cpu.rename: [tid:0] Looking up invalid arch reg 0, got phys reg 4294967295 (invalid)
  61000: system.cpu.rename: [tid:0] Register 4294967295 (flat: 4294967295) (invalid) is ready.
  61000: global: [sn:100] has 5 ready out of 7 sources. RTI 0)
  61000: global: Renamed reg r8 to physical reg 47 (47) old mapping was 42 (42)
  61000: system.cpu.rename: [tid:0] Renaming arch reg 8 (integer) to physical reg 47 (47).
  61000: system.cpu.rename: [tid:0] [sn:100] Adding instruction to history buffer (size=34).
  61000: global: Renamed reg condition_code[0] to physical reg 2647 (2647) old mapping was 2645 (2645)
  61000: system.cpu.rename: [tid:0] Renaming arch reg 0 (condition_code) to physical reg 15 (2647).
  61000: system.cpu.rename: [tid:0] [sn:100] Adding instruction to history buffer (size=35).
  61000: global: Renamed reg condition_code[1] to physical reg 2648 (2648) old mapping was 2646 (2646)
  61000: system.cpu.rename: [tid:0] Renaming arch reg 1 (condition_code) to physical reg 16 (2648).
  61000: system.cpu.rename: [tid:0] [sn:100] Adding instruction to history buffer (size=36).
  61000: system.cpu.rename: [tid:0] Renaming arch reg 0 (invalid) to physical reg 4294967295 (4294967295).
  61000: system.cpu.rename: [tid:0] [sn:100] Adding instruction to history buffer (size=37).
  61000: system.cpu.rename: [tid:0] Renaming arch reg 0 (invalid) to physical reg 4294967295 (4294967295).
  61000: system.cpu.rename: [tid:0] [sn:100] Adding instruction to history buffer (size=38).
  61000: system.cpu.rename: [tid:0] Renaming arch reg 0 (invalid) to physical reg 4294967295 (4294967295).
  61000: system.cpu.rename: [tid:0] [sn:100] Adding instruction to history buffer (size=39).
  61000: system.cpu.rename: [tid:0] Processing instruction [sn:110] with PC (0x40101f=>0x401023).(0=>1).
  61000: global: Renamed reg t1 to physical reg 48 (48) old mapping was 46 (46)
  61000: system.cpu.rename: [tid:0] Renaming arch reg 17 (integer) to physical reg 48 (48).
  61000: system.cpu.rename: [tid:0] [sn:110] Adding instruction to history buffer (size=40).
  61000: system.cpu.rename: [tid:0] Processing instruction [sn:120] with PC (0x40101f=>0x401023).(1=>2).
  61000: system.cpu.rename: [tid:0] Looking up integer arch reg 9, got phys reg 43 (integer)
  61000: system.cpu.rename: [tid:0] Register 43 (flat: 43) (integer) is not ready.
  61000: system.cpu.rename: [tid:0] Looking up integer arch reg 17, got phys reg 48 (integer)
  61000: system.cpu.rename: [tid:0] Register 48 (flat: 48) (integer) is not ready.
  61000: system.cpu.rename: [tid:0] Looking up invalid arch reg 0, got phys reg 4294967295 (invalid)
  61000: system.cpu.rename: [tid:0] Register 4294967295 (flat: 4294967295) (invalid) is ready.
  61000: global: [sn:120] has 1 ready out of 7 sources. RTI 0)
  61000: system.cpu.rename: [tid:0] Looking up invalid arch reg 0, got phys reg 4294967295 (invalid)
  61000: system.cpu.rename: [tid:0] Register 4294967295 (flat: 4294967295) (invalid) is ready.
  61000: global: [sn:120] has 2 ready out of 7 sources. RTI 0)
  61000: system.cpu.rename: [tid:0] Looking up invalid arch reg 0, got phys reg 4294967295 (invalid)
  61000: system.cpu.rename: [tid:0] Register 4294967295 (flat: 4294967295) (invalid) is ready.
  61000: global: [sn:120] has 3 ready out of 7 sources. RTI 0)
  61000: system.cpu.rename: [tid:0] Looking up invalid arch reg 0, got phys reg 4294967295 (invalid)
  61000: system.cpu.rename: [tid:0] Register 4294967295 (flat: 4294967295) (invalid) is ready.
  61000: global: [sn:120] has 4 ready out of 7 sources. RTI 0)
  61000: system.cpu.rename: [tid:0] Looking up invalid arch reg 0, got phys reg 4294967295 (invalid)
  61000: system.cpu.rename: [tid:0] Register 4294967295 (flat: 4294967295) (invalid) is ready.
  61000: global: [sn:120] has 5 ready out of 7 sources. RTI 0)
  61000: global: Renamed reg r9 to physical reg 49 (49) old mapping was 43 (43)
  61000: system.cpu.rename: [tid:0] Renaming arch reg 9 (integer) to physical reg 49 (49).
  61000: system.cpu.rename: [tid:0] [sn:120] Adding instruction to history buffer (size=41).
  61000: global: Renamed reg condition_code[0] to physical reg 2649 (2649) old mapping was 2647 (2647)
  61000: system.cpu.rename: [tid:0] Renaming arch reg 0 (condition_code) to physical reg 17 (2649).
  61000: system.cpu.rename: [tid:0] [sn:120] Adding instruction to history buffer (size=42).
  61000: global: Renamed reg condition_code[1] to physical reg 2650 (2650) old mapping was 2648 (2648)
  61000: system.cpu.rename: [tid:0] Renaming arch reg 1 (condition_code) to physical reg 18 (2650).
  61000: system.cpu.rename: [tid:0] [sn:120] Adding instruction to history buffer (size=43).
  61000: system.cpu.rename: [tid:0] Renaming arch reg 0 (invalid) to physical reg 4294967295 (4294967295).
  61000: system.cpu.rename: [tid:0] [sn:120] Adding instruction to history buffer (size=44).
  61000: system.cpu.rename: [tid:0] Renaming arch reg 0 (invalid) to physical reg 4294967295 (4294967295).
  61000: system.cpu.rename: [tid:0] [sn:120] Adding instruction to history buffer (size=45).
  61000: system.cpu.rename: [tid:0] Renaming arch reg 0 (invalid) to physical reg 4294967295 (4294967295).
  61000: system.cpu.rename: [tid:0] [sn:120] Adding instruction to history buffer (size=46).
  61000: system.cpu.rename: Activity this cycle.
  61000: system.cpu.iew: Issue: Processing [tid:0]
  61000: system.cpu.iew: [tid:0] Not blocked, so attempting to run dispatch.
  61000: system.cpu.iq: Attempting to schedule ready instructions from the IQ.
  61000: system.cpu.iq: Not able to schedule any instructions.
  61000: system.cpu.iew: Processing [tid:0]
  61000: system.cpu.iew: [tid:0], Dispatch dispatched 0 instructions.
  61000: system.cpu.iew.lsq.thread0: SQ size: 114, #stores occupied: 0
  61000: system.cpu.iew.lsq.thread0: LQ size: 192, #loads occupied: 0
  61000: system.cpu.iew: IQ has 204 free entries (Can schedule: 0).  LQ has 192 free entries. SQ has 114 free entries.
  61000: system.cpu.commit: Getting instructions from Rename stage.
  61000: system.cpu.commit: [tid:0] [sn:10] Inserting PC (0x401000=>0x401004).(0=>1) into ROB.
  61000: system.cpu.rob: Adding inst PC (0x401000=>0x401004).(0=>1) to the ROB.
  61000: system.cpu.rob: [tid:0] Now has 1 instructions.
  61000: system.cpu.commit: [tid:0] [sn:20] Inserting PC (0x401000=>0x401004).(1=>2) into ROB.
  61000: system.cpu.rob: Adding inst PC (0x401000=>0x401004).(1=>2) to the ROB.
  61000: system.cpu.rob: [tid:0] Now has 2 instructions.
  61000: system.cpu.commit: [tid:0] [sn:30] Inserting PC (0x401004=>0x40100b).(0=>1) into ROB.
  61000: system.cpu.rob: Adding inst PC (0x401004=>0x40100b).(0=>1) to the ROB.
  61000: system.cpu.rob: [tid:0] Now has 3 instructions.
  61000: system.cpu.commit: [tid:0] [sn:40] Inserting PC (0x40100b=>0x40100f).(0=>1) into ROB.
  61000: system.cpu.rob: Adding inst PC (0x40100b=>0x40100f).(0=>1) to the ROB.
  61000: system.cpu.rob: [tid:0] Now has 4 instructions.
  61000: system.cpu.commit: [tid:0] [sn:50] Inserting PC (0x40100f=>0x401012).(0=>1) into ROB.
  61000: system.cpu.rob: Adding inst PC (0x40100f=>0x401012).(0=>1) to the ROB.
  61000: system.cpu.rob: [tid:0] Now has 5 instructions.
  61000: system.cpu.commit: [tid:0] [sn:60] Inserting PC (0x401012=>0x401015).(0=>1) into ROB.
  61000: system.cpu.rob: Adding inst PC (0x401012=>0x401015).(0=>1) to the ROB.
  61000: system.cpu.rob: [tid:0] Now has 6 instructions.
  61000: system.cpu.commit: Trying to commit instructions in the ROB.
  61000: system.cpu.commit: [tid:0] Can't commit, Instruction [sn:10] PC (0x401000=>0x401004).(0=>1) is head of ROB and not ready
  61000: system.cpu.commit: [tid:0] ROB has 6 insts & 506 free entries.
  61000: system.cpu.commit: Activity This Cycle.
  61000: system.cpu: Scheduling next tick!
  62000: system.cpu: 

O3CPU: Ticking main, O3CPU.
  62000: system.cpu.fetch: Running stage.
  62000: system.cpu.fetch: Attempting to fetch from [tid:0]
  62000: system.cpu.fetch: [tid:0] Adding instructions to queue to decode.
  62000: system.cpu.decoder: Decode: Decoded add instruction: 
{
	leg = 0,
	rex = 0x49,
	vex/xop = 0,
	op = {
		type = one byte,
		op = 0x83,
		},
	modRM = 0xc0,
	sib = 0,
	immediate = 0x9,
	displacement = 0
	dispSize = 0}

  62000: global: DynInst: [sn:250] Instruction created. Instcount for system.cpu = 25
  62000: system.cpu.fetch: [tid:0] Instruction PC (0x40103b=>0x40103f).(0=>1) created [sn:250].
  62000: system.cpu.fetch: [tid:0] Instruction is:   ADD_R_I : limm   t1, 0x9
  62000: system.cpu.fetch: [tid:0] Fetch queue entry created (1/128).
  62000: global: DynInst: [sn:260] Instruction created. Instcount for system.cpu = 26
  62000: system.cpu.fetch: [tid:0] Instruction PC (0x40103b=>0x40103f).(1=>2) created [sn:260].
  62000: system.cpu.fetch: [tid:0] Instruction is:   ADD_R_I : add   r8, r8, t1
  62000: system.cpu.fetch: [tid:0] Fetch queue entry created (2/128).
  62000: system.cpu.fetch: [tid:0] Issuing a pipelined I-cache access, starting at PC (0x40103f=>0x401047).(0=>1).
  62000: system.cpu.fetch: [tid:0] Fetching cache line 0x401040 for addr 0x401040
  62000: system.cpu: CPU already running.
  62000: system.cpu.fetch: Fetch: Doing instruction read.
  62000: system.cpu.fetch: [tid:0] Doing Icache access.
  62000: system.cpu.fetch: [tid:0] Activity: Waiting on I-cache response.
  62000: system.cpu.fetch: Deactivating stage.
  62000: system.cpu: Activity: 4
  62000: system.cpu.fetch: [tid:0] [sn:250] Sending instruction to decode from fetch queue. Fetch queue size: 2.
  62000: system.cpu.fetch: [tid:0] [sn:260] Sending instruction to decode from fetch queue. Fetch queue size: 1.
  62000: system.cpu.fetch: Activity this cycle.
  62000: system.cpu: Activity: 5
  62000: system.cpu.decode: Processing [tid:0]
  62000: system.cpu.decode: [tid:0] Bypass moves from Rename: 0
  62000: system.cpu.decode: [tid:0] Not blocked, so attempting to run stage.
  62000: system.cpu.decode: [tid:0] Sending instruction to rename.
  62000: system.cpu.decode: [tid:0] Processing instruction [sn:190] with PC (0x40102f=>0x401033).(0=>1)
  62000: system.cpu.decode: [tid:0] Processing instruction [sn:200] with PC (0x40102f=>0x401033).(1=>2)
  62000: system.cpu.decode: [tid:0] Processing instruction [sn:210] with PC (0x401033=>0x401037).(0=>1)
  62000: system.cpu.decode: [tid:0] Processing instruction [sn:220] with PC (0x401033=>0x401037).(1=>2)
  62000: system.cpu.decode: [tid:0] Processing instruction [sn:230] with PC (0x401037=>0x40103b).(0=>1)
  62000: system.cpu.decode: [tid:0] Processing instruction [sn:240] with PC (0x401037=>0x40103b).(1=>2)
  62000: system.cpu.decode: Activity this cycle.
  62000: system.cpu.rename: Processing [tid:0]
  62000: system.cpu.rename: [tid:0] Free IQ: 204, Free ROB: 506, Free LQ: 192, Free SQ: 114, FreeRM 63(462 464 511 1022 63 8 2541)
  62000: system.cpu.rename: [tid:0] 12 instructions not yet in ROB
  62000: system.cpu.rename: calcFreeLQEntries: free lqEntries: 192, loadsInProgress: 0, loads dispatchedToLQ: 0
  62000: system.cpu.rename: [tid:0] Not blocked, so attempting to run stage.
  62000: system.cpu.rename: [tid:0] 6 available instructions to send iew.
  62000: system.cpu.rename: [tid:0] 12 insts pipelining from Rename | 0 insts dispatched to IQ last cycle.
  62000: system.cpu.rename: [tid:0] Sending instructions to IEW.
  62000: system.cpu.rename: [tid:0] Processing instruction [sn:130] with PC (0x401023=>0x401027).(0=>1).
  62000: global: Renamed reg t1 to physical reg 50 (50) old mapping was 48 (48)
  62000: system.cpu.rename: [tid:0] Renaming arch reg 17 (integer) to physical reg 50 (50).
  62000: system.cpu.rename: [tid:0] [sn:130] Adding instruction to history buffer (size=47).
  62000: system.cpu.rename: [tid:0] Processing instruction [sn:140] with PC (0x401023=>0x401027).(1=>2).
  62000: system.cpu.rename: [tid:0] Looking up integer arch reg 10, got phys reg 44 (integer)
  62000: system.cpu.rename: [tid:0] Register 44 (flat: 44) (integer) is not ready.
  62000: system.cpu.rename: [tid:0] Looking up integer arch reg 17, got phys reg 50 (integer)
  62000: system.cpu.rename: [tid:0] Register 50 (flat: 50) (integer) is not ready.
  62000: system.cpu.rename: [tid:0] Looking up invalid arch reg 0, got phys reg 4294967295 (invalid)
  62000: system.cpu.rename: [tid:0] Register 4294967295 (flat: 4294967295) (invalid) is ready.
  62000: global: [sn:140] has 1 ready out of 7 sources. RTI 0)
  62000: system.cpu.rename: [tid:0] Looking up invalid arch reg 0, got phys reg 4294967295 (invalid)
  62000: system.cpu.rename: [tid:0] Register 4294967295 (flat: 4294967295) (invalid) is ready.
  62000: global: [sn:140] has 2 ready out of 7 sources. RTI 0)
  62000: system.cpu.rename: [tid:0] Looking up invalid arch reg 0, got phys reg 4294967295 (invalid)
  62000: system.cpu.rename: [tid:0] Register 4294967295 (flat: 4294967295) (invalid) is ready.
  62000: global: [sn:140] has 3 ready out of 7 sources. RTI 0)
  62000: system.cpu.rename: [tid:0] Looking up invalid arch reg 0, got phys reg 4294967295 (invalid)
  62000: system.cpu.rename: [tid:0] Register 4294967295 (flat: 4294967295) (invalid) is ready.
  62000: global: [sn:140] has 4 ready out of 7 sources. RTI 0)
  62000: system.cpu.rename: [tid:0] Looking up invalid arch reg 0, got phys reg 4294967295 (invalid)
  62000: system.cpu.rename: [tid:0] Register 4294967295 (flat: 4294967295) (invalid) is ready.
  62000: global: [sn:140] has 5 ready out of 7 sources. RTI 0)
  62000: global: Renamed reg r10 to physical reg 51 (51) old mapping was 44 (44)
  62000: system.cpu.rename: [tid:0] Renaming arch reg 10 (integer) to physical reg 51 (51).
  62000: system.cpu.rename: [tid:0] [sn:140] Adding instruction to history buffer (size=48).
  62000: global: Renamed reg condition_code[0] to physical reg 2651 (2651) old mapping was 2649 (2649)
  62000: system.cpu.rename: [tid:0] Renaming arch reg 0 (condition_code) to physical reg 19 (2651).
  62000: system.cpu.rename: [tid:0] [sn:140] Adding instruction to history buffer (size=49).
  62000: global: Renamed reg condition_code[1] to physical reg 2652 (2652) old mapping was 2650 (2650)
  62000: system.cpu.rename: [tid:0] Renaming arch reg 1 (condition_code) to physical reg 20 (2652).
  62000: system.cpu.rename: [tid:0] [sn:140] Adding instruction to history buffer (size=50).
  62000: system.cpu.rename: [tid:0] Renaming arch reg 0 (invalid) to physical reg 4294967295 (4294967295).
  62000: system.cpu.rename: [tid:0] [sn:140] Adding instruction to history buffer (size=51).
  62000: system.cpu.rename: [tid:0] Renaming arch reg 0 (invalid) to physical reg 4294967295 (4294967295).
  62000: system.cpu.rename: [tid:0] [sn:140] Adding instruction to history buffer (size=52).
  62000: system.cpu.rename: [tid:0] Renaming arch reg 0 (invalid) to physical reg 4294967295 (4294967295).
  62000: system.cpu.rename: [tid:0] [sn:140] Adding instruction to history buffer (size=53).
  62000: system.cpu.rename: [tid:0] Processing instruction [sn:150] with PC (0x401027=>0x40102b).(0=>1).
  62000: global: Renamed reg t1 to physical reg 52 (52) old mapping was 50 (50)
  62000: system.cpu.rename: [tid:0] Renaming arch reg 17 (integer) to physical reg 52 (52).
  62000: system.cpu.rename: [tid:0] [sn:150] Adding instruction to history buffer (size=54).
  62000: system.cpu.rename: [tid:0] Processing instruction [sn:160] with PC (0x401027=>0x40102b).(1=>2).
  62000: system.cpu.rename: [tid:0] Looking up integer arch reg 11, got phys reg 45 (integer)
  62000: system.cpu.rename: [tid:0] Register 45 (flat: 45) (integer) is not ready.
  62000: system.cpu.rename: [tid:0] Looking up integer arch reg 17, got phys reg 52 (integer)
  62000: system.cpu.rename: [tid:0] Register 52 (flat: 52) (integer) is not ready.
  62000: system.cpu.rename: [tid:0] Looking up invalid arch reg 0, got phys reg 4294967295 (invalid)
  62000: system.cpu.rename: [tid:0] Register 4294967295 (flat: 4294967295) (invalid) is ready.
  62000: global: [sn:160] has 1 ready out of 7 sources. RTI 0)
  62000: system.cpu.rename: [tid:0] Looking up invalid arch reg 0, got phys reg 4294967295 (invalid)
  62000: system.cpu.rename: [tid:0] Register 4294967295 (flat: 4294967295) (invalid) is ready.
  62000: global: [sn:160] has 2 ready out of 7 sources. RTI 0)
  62000: system.cpu.rename: [tid:0] Looking up invalid arch reg 0, got phys reg 4294967295 (invalid)
  62000: system.cpu.rename: [tid:0] Register 4294967295 (flat: 4294967295) (invalid) is ready.
  62000: global: [sn:160] has 3 ready out of 7 sources. RTI 0)
  62000: system.cpu.rename: [tid:0] Looking up invalid arch reg 0, got phys reg 4294967295 (invalid)
  62000: system.cpu.rename: [tid:0] Register 4294967295 (flat: 4294967295) (invalid) is ready.
  62000: global: [sn:160] has 4 ready out of 7 sources. RTI 0)
  62000: system.cpu.rename: [tid:0] Looking up invalid arch reg 0, got phys reg 4294967295 (invalid)
  62000: system.cpu.rename: [tid:0] Register 4294967295 (flat: 4294967295) (invalid) is ready.
  62000: global: [sn:160] has 5 ready out of 7 sources. RTI 0)
  62000: global: Renamed reg r11 to physical reg 53 (53) old mapping was 45 (45)
  62000: system.cpu.rename: [tid:0] Renaming arch reg 11 (integer) to physical reg 53 (53).
  62000: system.cpu.rename: [tid:0] [sn:160] Adding instruction to history buffer (size=55).
  62000: global: Renamed reg condition_code[0] to physical reg 2653 (2653) old mapping was 2651 (2651)
  62000: system.cpu.rename: [tid:0] Renaming arch reg 0 (condition_code) to physical reg 21 (2653).
  62000: system.cpu.rename: [tid:0] [sn:160] Adding instruction to history buffer (size=56).
  62000: global: Renamed reg condition_code[1] to physical reg 2654 (2654) old mapping was 2652 (2652)
  62000: system.cpu.rename: [tid:0] Renaming arch reg 1 (condition_code) to physical reg 22 (2654).
  62000: system.cpu.rename: [tid:0] [sn:160] Adding instruction to history buffer (size=57).
  62000: system.cpu.rename: [tid:0] Renaming arch reg 0 (invalid) to physical reg 4294967295 (4294967295).
  62000: system.cpu.rename: [tid:0] [sn:160] Adding instruction to history buffer (size=58).
  62000: system.cpu.rename: [tid:0] Renaming arch reg 0 (invalid) to physical reg 4294967295 (4294967295).
  62000: system.cpu.rename: [tid:0] [sn:160] Adding instruction to history buffer (size=59).
  62000: system.cpu.rename: [tid:0] Renaming arch reg 0 (invalid) to physical reg 4294967295 (4294967295).
  62000: system.cpu.rename: [tid:0] [sn:160] Adding instruction to history buffer (size=60).
  62000: system.cpu.rename: [tid:0] Processing instruction [sn:170] with PC (0x40102b=>0x40102f).(0=>1).
  62000: global: Renamed reg t1 to physical reg 54 (54) old mapping was 52 (52)
  62000: system.cpu.rename: [tid:0] Renaming arch reg 17 (integer) to physical reg 54 (54).
  62000: system.cpu.rename: [tid:0] [sn:170] Adding instruction to history buffer (size=61).
  62000: system.cpu.rename: [tid:0] Processing instruction [sn:180] with PC (0x40102b=>0x40102f).(1=>2).
  62000: system.cpu.rename: [tid:0] Looking up integer arch reg 8, got phys reg 47 (integer)
  62000: system.cpu.rename: [tid:0] Register 47 (flat: 47) (integer) is not ready.
  62000: system.cpu.rename: [tid:0] Looking up integer arch reg 17, got phys reg 54 (integer)
  62000: system.cpu.rename: [tid:0] Register 54 (flat: 54) (integer) is not ready.
  62000: system.cpu.rename: [tid:0] Looking up invalid arch reg 0, got phys reg 4294967295 (invalid)
  62000: system.cpu.rename: [tid:0] Register 4294967295 (flat: 4294967295) (invalid) is ready.
  62000: global: [sn:180] has 1 ready out of 7 sources. RTI 0)
  62000: system.cpu.rename: [tid:0] Looking up invalid arch reg 0, got phys reg 4294967295 (invalid)
  62000: system.cpu.rename: [tid:0] Register 4294967295 (flat: 4294967295) (invalid) is ready.
  62000: global: [sn:180] has 2 ready out of 7 sources. RTI 0)
  62000: system.cpu.rename: [tid:0] Looking up invalid arch reg 0, got phys reg 4294967295 (invalid)
  62000: system.cpu.rename: [tid:0] Register 4294967295 (flat: 4294967295) (invalid) is ready.
  62000: global: [sn:180] has 3 ready out of 7 sources. RTI 0)
  62000: system.cpu.rename: [tid:0] Looking up invalid arch reg 0, got phys reg 4294967295 (invalid)
  62000: system.cpu.rename: [tid:0] Register 4294967295 (flat: 4294967295) (invalid) is ready.
  62000: global: [sn:180] has 4 ready out of 7 sources. RTI 0)
  62000: system.cpu.rename: [tid:0] Looking up invalid arch reg 0, got phys reg 4294967295 (invalid)
  62000: system.cpu.rename: [tid:0] Register 4294967295 (flat: 4294967295) (invalid) is ready.
  62000: global: [sn:180] has 5 ready out of 7 sources. RTI 0)
  62000: global: Renamed reg r8 to physical reg 55 (55) old mapping was 47 (47)
  62000: system.cpu.rename: [tid:0] Renaming arch reg 8 (integer) to physical reg 55 (55).
  62000: system.cpu.rename: [tid:0] [sn:180] Adding instruction to history buffer (size=62).
  62000: global: Renamed reg condition_code[0] to physical reg 2655 (2655) old mapping was 2653 (2653)
  62000: system.cpu.rename: [tid:0] Renaming arch reg 0 (condition_code) to physical reg 23 (2655).
  62000: system.cpu.rename: [tid:0] [sn:180] Adding instruction to history buffer (size=63).
  62000: global: Renamed reg condition_code[1] to physical reg 2656 (2656) old mapping was 2654 (2654)
  62000: system.cpu.rename: [tid:0] Renaming arch reg 1 (condition_code) to physical reg 24 (2656).
  62000: system.cpu.rename: [tid:0] [sn:180] Adding instruction to history buffer (size=64).
  62000: system.cpu.rename: [tid:0] Renaming arch reg 0 (invalid) to physical reg 4294967295 (4294967295).
  62000: system.cpu.rename: [tid:0] [sn:180] Adding instruction to history buffer (size=65).
  62000: system.cpu.rename: [tid:0] Renaming arch reg 0 (invalid) to physical reg 4294967295 (4294967295).
  62000: system.cpu.rename: [tid:0] [sn:180] Adding instruction to history buffer (size=66).
  62000: system.cpu.rename: [tid:0] Renaming arch reg 0 (invalid) to physical reg 4294967295 (4294967295).
  62000: system.cpu.rename: [tid:0] [sn:180] Adding instruction to history buffer (size=67).
  62000: system.cpu.rename: Activity this cycle.
  62000: system.cpu.iew: Issue: Processing [tid:0]
  62000: system.cpu.iew: [tid:0] Not blocked, so attempting to run dispatch.
  62000: system.cpu.iew: [tid:0] Issue: Adding PC (0x401000=>0x401004).(0=>1) [sn:10] [tid:0] to IQ.
  62000: system.cpu.iq: Adding instruction [sn:10] PC (0x401000=>0x401004).(0=>1) to the IQ.
  62000: system.cpu.iq: Instruction is ready to issue, putting it onto the ready list, PC (0x401000=>0x401004).(0=>1) opclass:1 [sn:10].
  62000: system.cpu.iew: [tid:0] Issue: Adding PC (0x401000=>0x401004).(1=>2) [sn:20] [tid:0] to IQ.
  62000: system.cpu.iq: Adding instruction [sn:20] PC (0x401000=>0x401004).(1=>2) to the IQ.
  62000: system.cpu.iq: Instruction PC (0x401000=>0x401004).(1=>2) has src reg 39 (integer) that is being added to the dependency chain.
  62000: system.cpu.iew: [tid:0] Issue: Adding PC (0x401004=>0x40100b).(0=>1) [sn:30] [tid:0] to IQ.
  62000: system.cpu.iq: Adding instruction [sn:30] PC (0x401004=>0x40100b).(0=>1) to the IQ.
  62000: system.cpu.iq: Instruction is ready to issue, putting it onto the ready list, PC (0x401004=>0x40100b).(0=>1) opclass:1 [sn:30].
  62000: system.cpu.iew: [tid:0] Issue: Adding PC (0x40100b=>0x40100f).(0=>1) [sn:40] [tid:0] to IQ.
  62000: system.cpu.iew: [tid:0] Issue: Memory instruction encountered, adding to LSQ.
  62000: system.cpu.iew.lsq.thread0: Inserting store PC (0x40100b=>0x40100f).(0=>1), idx:0 [sn:40]
  62000: system.cpu.iq: Adding instruction [sn:40] PC (0x40100b=>0x40100f).(0=>1) to the IQ.
  62000: system.cpu.iq: Instruction PC (0x40100b=>0x40100f).(0=>1) has src reg 40 (integer) that is being added to the dependency chain.
  62000: system.cpu.iq: Instruction PC (0x40100b=>0x40100f).(0=>1) has src reg 41 (integer) that is being added to the dependency chain.
  62000: memdepentry: Memory dependency entry created. memdep_count=1 (0x40100b=>0x40100f).(0=>1)
  62000: system.cpu.memDep0: No dependency for inst PC (0x40100b=>0x40100f).(0=>1) [sn:40].
  62000: system.cpu.memDep0: Inserting store/atomic PC (0x40100b=>0x40100f).(0=>1) [sn:40].
  62000: system.cpu.iew: [tid:0] Issue: Adding PC (0x40100f=>0x401012).(0=>1) [sn:50] [tid:0] to IQ.
  62000: system.cpu.iq: Adding instruction [sn:50] PC (0x40100f=>0x401012).(0=>1) to the IQ.
  62000: system.cpu.iq: Instruction is ready to issue, putting it onto the ready list, PC (0x40100f=>0x401012).(0=>1) opclass:1 [sn:50].
  62000: system.cpu.iew: [tid:0] Issue: Adding PC (0x401012=>0x401015).(0=>1) [sn:60] [tid:0] to IQ.
  62000: system.cpu.iq: Adding instruction [sn:60] PC (0x401012=>0x401015).(0=>1) to the IQ.
  62000: system.cpu.iq: Instruction is ready to issue, putting it onto the ready list, PC (0x401012=>0x401015).(0=>1) opclass:1 [sn:60].
  62000: system.cpu.iq: Attempting to schedule ready instructions from the IQ.
  62000: system.cpu.iq: Thread 0: Issuing instruction PC (0x401000=>0x401004).(0=>1) [sn:10]
  62000: system.cpu.iq: Thread 0: Issuing instruction PC (0x401004=>0x40100b).(0=>1) [sn:30]
  62000: system.cpu.iq: Thread 0: Issuing instruction PC (0x40100f=>0x401012).(0=>1) [sn:50]
  62000: system.cpu.iq: Thread 0: Issuing instruction PC (0x401012=>0x401015).(0=>1) [sn:60]
  62000: system.cpu.iew: Processing [tid:0]
  62000: system.cpu.iew: [tid:0], Dispatch dispatched 6 instructions.
  62000: system.cpu.iew.lsq.thread0: SQ size: 114, #stores occupied: 1
  62000: system.cpu.iew.lsq.thread0: LQ size: 192, #loads occupied: 0
  62000: system.cpu.iew: IQ has 202 free entries (Can schedule: 0).  LQ has 192 free entries. SQ has 113 free entries.
  62000: system.cpu.commit: Getting instructions from Rename stage.
  62000: system.cpu.commit: [tid:0] [sn:70] Inserting PC (0x401015=>0x401018).(0=>1) into ROB.
  62000: system.cpu.rob: Adding inst PC (0x401015=>0x401018).(0=>1) to the ROB.
  62000: system.cpu.rob: [tid:0] Now has 7 instructions.
  62000: system.cpu.commit: [tid:0] [sn:80] Inserting PC (0x401018=>0x40101b).(0=>1) into ROB.
  62000: system.cpu.rob: Adding inst PC (0x401018=>0x40101b).(0=>1) to the ROB.
  62000: system.cpu.rob: [tid:0] Now has 8 instructions.
  62000: system.cpu.commit: [tid:0] [sn:90] Inserting PC (0x40101b=>0x40101f).(0=>1) into ROB.
  62000: system.cpu.rob: Adding inst PC (0x40101b=>0x40101f).(0=>1) to the ROB.
  62000: system.cpu.rob: [tid:0] Now has 9 instructions.
  62000: system.cpu.commit: [tid:0] [sn:100] Inserting PC (0x40101b=>0x40101f).(1=>2) into ROB.
  62000: system.cpu.rob: Adding inst PC (0x40101b=>0x40101f).(1=>2) to the ROB.
  62000: system.cpu.rob: [tid:0] Now has 10 instructions.
  62000: system.cpu.commit: [tid:0] [sn:110] Inserting PC (0x40101f=>0x401023).(0=>1) into ROB.
  62000: system.cpu.rob: Adding inst PC (0x40101f=>0x401023).(0=>1) to the ROB.
  62000: system.cpu.rob: [tid:0] Now has 11 instructions.
  62000: system.cpu.commit: [tid:0] [sn:120] Inserting PC (0x40101f=>0x401023).(1=>2) into ROB.
  62000: system.cpu.rob: Adding inst PC (0x40101f=>0x401023).(1=>2) to the ROB.
  62000: system.cpu.rob: [tid:0] Now has 12 instructions.
  62000: system.cpu.commit: Trying to commit instructions in the ROB.
  62000: system.cpu.commit: [tid:0] Can't commit, Instruction [sn:10] PC (0x401000=>0x401004).(0=>1) is head of ROB and not ready
  62000: system.cpu.commit: [tid:0] ROB has 12 insts & 500 free entries.
  62000: system.cpu.commit: Activity This Cycle.
  62000: system.cpu: Scheduling next tick!
  63000: system.cpu: 

O3CPU: Ticking main, O3CPU.
  63000: system.cpu.fetch: Running stage.
  63000: system.cpu.fetch: There are no more threads available to fetch from.
  63000: system.cpu.fetch: [tid:0] Fetch is waiting cache response!
  63000: system.cpu.decode: Processing [tid:0]
  63000: system.cpu.decode: [tid:0] Bypass moves from Rename: 0
  63000: system.cpu.decode: [tid:0] Not blocked, so attempting to run stage.
  63000: system.cpu.decode: [tid:0] Sending instruction to rename.
  63000: system.cpu.decode: [tid:0] Processing instruction [sn:250] with PC (0x40103b=>0x40103f).(0=>1)
  63000: system.cpu.decode: [tid:0] Processing instruction [sn:260] with PC (0x40103b=>0x40103f).(1=>2)
  63000: system.cpu.decode: Activity this cycle.
  63000: system.cpu: Activity: 6
  63000: system.cpu.rename: Processing [tid:0]
  63000: system.cpu.rename: [tid:0] Free IQ: 204, Free ROB: 500, Free LQ: 192, Free SQ: 114, FreeRM 63(456 464 511 1022 63 8 2535)
  63000: system.cpu.rename: [tid:0] 18 instructions not yet in ROB
  63000: system.cpu.rename: calcFreeLQEntries: free lqEntries: 192, loadsInProgress: 0, loads dispatchedToLQ: 0
  63000: system.cpu.rename: [tid:0] Not blocked, so attempting to run stage.
  63000: system.cpu.rename: [tid:0] 6 available instructions to send iew.
  63000: system.cpu.rename: [tid:0] 18 insts pipelining from Rename | 6 insts dispatched to IQ last cycle.
  63000: system.cpu.rename: [tid:0] Sending instructions to IEW.
  63000: system.cpu.rename: [tid:0] Processing instruction [sn:190] with PC (0x40102f=>0x401033).(0=>1).
  63000: global: Renamed reg t1 to physical reg 56 (56) old mapping was 54 (54)
  63000: system.cpu.rename: [tid:0] Renaming arch reg 17 (integer) to physical reg 56 (56).
  63000: system.cpu.rename: [tid:0] [sn:190] Adding instruction to history buffer (size=68).
  63000: system.cpu.rename: [tid:0] Processing instruction [sn:200] with PC (0x40102f=>0x401033).(1=>2).
  63000: system.cpu.rename: [tid:0] Looking up integer arch reg 9, got phys reg 49 (integer)
  63000: system.cpu.rename: [tid:0] Register 49 (flat: 49) (integer) is not ready.
  63000: system.cpu.rename: [tid:0] Looking up integer arch reg 17, got phys reg 56 (integer)
  63000: system.cpu.rename: [tid:0] Register 56 (flat: 56) (integer) is not ready.
  63000: system.cpu.rename: [tid:0] Looking up invalid arch reg 0, got phys reg 4294967295 (invalid)
  63000: system.cpu.rename: [tid:0] Register 4294967295 (flat: 4294967295) (invalid) is ready.
  63000: global: [sn:200] has 1 ready out of 7 sources. RTI 0)
  63000: system.cpu.rename: [tid:0] Looking up invalid arch reg 0, got phys reg 4294967295 (invalid)
  63000: system.cpu.rename: [tid:0] Register 4294967295 (flat: 4294967295) (invalid) is ready.
  63000: global: [sn:200] has 2 ready out of 7 sources. RTI 0)
  63000: system.cpu.rename: [tid:0] Looking up invalid arch reg 0, got phys reg 4294967295 (invalid)
  63000: system.cpu.rename: [tid:0] Register 4294967295 (flat: 4294967295) (invalid) is ready.
  63000: global: [sn:200] has 3 ready out of 7 sources. RTI 0)
  63000: system.cpu.rename: [tid:0] Looking up invalid arch reg 0, got phys reg 4294967295 (invalid)
  63000: system.cpu.rename: [tid:0] Register 4294967295 (flat: 4294967295) (invalid) is ready.
  63000: global: [sn:200] has 4 ready out of 7 sources. RTI 0)
  63000: system.cpu.rename: [tid:0] Looking up invalid arch reg 0, got phys reg 4294967295 (invalid)
  63000: system.cpu.rename: [tid:0] Register 4294967295 (flat: 4294967295) (invalid) is ready.
  63000: global: [sn:200] has 5 ready out of 7 sources. RTI 0)
  63000: global: Renamed reg r9 to physical reg 57 (57) old mapping was 49 (49)
  63000: system.cpu.rename: [tid:0] Renaming arch reg 9 (integer) to physical reg 57 (57).
  63000: system.cpu.rename: [tid:0] [sn:200] Adding instruction to history buffer (size=69).
  63000: global: Renamed reg condition_code[0] to physical reg 2657 (2657) old mapping was 2655 (2655)
  63000: system.cpu.rename: [tid:0] Renaming arch reg 0 (condition_code) to physical reg 25 (2657).
  63000: system.cpu.rename: [tid:0] [sn:200] Adding instruction to history buffer (size=70).
  63000: global: Renamed reg condition_code[1] to physical reg 2658 (2658) old mapping was 2656 (2656)
  63000: system.cpu.rename: [tid:0] Renaming arch reg 1 (condition_code) to physical reg 26 (2658).
  63000: system.cpu.rename: [tid:0] [sn:200] Adding instruction to history buffer (size=71).
  63000: system.cpu.rename: [tid:0] Renaming arch reg 0 (invalid) to physical reg 4294967295 (4294967295).
  63000: system.cpu.rename: [tid:0] [sn:200] Adding instruction to history buffer (size=72).
  63000: system.cpu.rename: [tid:0] Renaming arch reg 0 (invalid) to physical reg 4294967295 (4294967295).
  63000: system.cpu.rename: [tid:0] [sn:200] Adding instruction to history buffer (size=73).
  63000: system.cpu.rename: [tid:0] Renaming arch reg 0 (invalid) to physical reg 4294967295 (4294967295).
  63000: system.cpu.rename: [tid:0] [sn:200] Adding instruction to history buffer (size=74).
  63000: system.cpu.rename: [tid:0] Processing instruction [sn:210] with PC (0x401033=>0x401037).(0=>1).
  63000: global: Renamed reg t1 to physical reg 58 (58) old mapping was 56 (56)
  63000: system.cpu.rename: [tid:0] Renaming arch reg 17 (integer) to physical reg 58 (58).
  63000: system.cpu.rename: [tid:0] [sn:210] Adding instruction to history buffer (size=75).
  63000: system.cpu.rename: [tid:0] Processing instruction [sn:220] with PC (0x401033=>0x401037).(1=>2).
  63000: system.cpu.rename: [tid:0] Looking up integer arch reg 10, got phys reg 51 (integer)
  63000: system.cpu.rename: [tid:0] Register 51 (flat: 51) (integer) is not ready.
  63000: system.cpu.rename: [tid:0] Looking up integer arch reg 17, got phys reg 58 (integer)
  63000: system.cpu.rename: [tid:0] Register 58 (flat: 58) (integer) is not ready.
  63000: system.cpu.rename: [tid:0] Looking up invalid arch reg 0, got phys reg 4294967295 (invalid)
  63000: system.cpu.rename: [tid:0] Register 4294967295 (flat: 4294967295) (invalid) is ready.
  63000: global: [sn:220] has 1 ready out of 7 sources. RTI 0)
  63000: system.cpu.rename: [tid:0] Looking up invalid arch reg 0, got phys reg 4294967295 (invalid)
  63000: system.cpu.rename: [tid:0] Register 4294967295 (flat: 4294967295) (invalid) is ready.
  63000: global: [sn:220] has 2 ready out of 7 sources. RTI 0)
  63000: system.cpu.rename: [tid:0] Looking up invalid arch reg 0, got phys reg 4294967295 (invalid)
  63000: system.cpu.rename: [tid:0] Register 4294967295 (flat: 4294967295) (invalid) is ready.
  63000: global: [sn:220] has 3 ready out of 7 sources. RTI 0)
  63000: system.cpu.rename: [tid:0] Looking up invalid arch reg 0, got phys reg 4294967295 (invalid)
  63000: system.cpu.rename: [tid:0] Register 4294967295 (flat: 4294967295) (invalid) is ready.
  63000: global: [sn:220] has 4 ready out of 7 sources. RTI 0)
  63000: system.cpu.rename: [tid:0] Looking up invalid arch reg 0, got phys reg 4294967295 (invalid)
  63000: system.cpu.rename: [tid:0] Register 4294967295 (flat: 4294967295) (invalid) is ready.
  63000: global: [sn:220] has 5 ready out of 7 sources. RTI 0)
  63000: global: Renamed reg r10 to physical reg 59 (59) old mapping was 51 (51)
  63000: system.cpu.rename: [tid:0] Renaming arch reg 10 (integer) to physical reg 59 (59).
  63000: system.cpu.rename: [tid:0] [sn:220] Adding instruction to history buffer (size=76).
  63000: global: Renamed reg condition_code[0] to physical reg 2659 (2659) old mapping was 2657 (2657)
  63000: system.cpu.rename: [tid:0] Renaming arch reg 0 (condition_code) to physical reg 27 (2659).
  63000: system.cpu.rename: [tid:0] [sn:220] Adding instruction to history buffer (size=77).
  63000: global: Renamed reg condition_code[1] to physical reg 2660 (2660) old mapping was 2658 (2658)
  63000: system.cpu.rename: [tid:0] Renaming arch reg 1 (condition_code) to physical reg 28 (2660).
  63000: system.cpu.rename: [tid:0] [sn:220] Adding instruction to history buffer (size=78).
  63000: system.cpu.rename: [tid:0] Renaming arch reg 0 (invalid) to physical reg 4294967295 (4294967295).
  63000: system.cpu.rename: [tid:0] [sn:220] Adding instruction to history buffer (size=79).
  63000: system.cpu.rename: [tid:0] Renaming arch reg 0 (invalid) to physical reg 4294967295 (4294967295).
  63000: system.cpu.rename: [tid:0] [sn:220] Adding instruction to history buffer (size=80).
  63000: system.cpu.rename: [tid:0] Renaming arch reg 0 (invalid) to physical reg 4294967295 (4294967295).
  63000: system.cpu.rename: [tid:0] [sn:220] Adding instruction to history buffer (size=81).
  63000: system.cpu.rename: [tid:0] Processing instruction [sn:230] with PC (0x401037=>0x40103b).(0=>1).
  63000: global: Renamed reg t1 to physical reg 60 (60) old mapping was 58 (58)
  63000: system.cpu.rename: [tid:0] Renaming arch reg 17 (integer) to physical reg 60 (60).
  63000: system.cpu.rename: [tid:0] [sn:230] Adding instruction to history buffer (size=82).
  63000: system.cpu.rename: [tid:0] Processing instruction [sn:240] with PC (0x401037=>0x40103b).(1=>2).
  63000: system.cpu.rename: [tid:0] Looking up integer arch reg 11, got phys reg 53 (integer)
  63000: system.cpu.rename: [tid:0] Register 53 (flat: 53) (integer) is not ready.
  63000: system.cpu.rename: [tid:0] Looking up integer arch reg 17, got phys reg 60 (integer)
  63000: system.cpu.rename: [tid:0] Register 60 (flat: 60) (integer) is not ready.
  63000: system.cpu.rename: [tid:0] Looking up invalid arch reg 0, got phys reg 4294967295 (invalid)
  63000: system.cpu.rename: [tid:0] Register 4294967295 (flat: 4294967295) (invalid) is ready.
  63000: global: [sn:240] has 1 ready out of 7 sources. RTI 0)
  63000: system.cpu.rename: [tid:0] Looking up invalid arch reg 0, got phys reg 4294967295 (invalid)
  63000: system.cpu.rename: [tid:0] Register 4294967295 (flat: 4294967295) (invalid) is ready.
  63000: global: [sn:240] has 2 ready out of 7 sources. RTI 0)
  63000: system.cpu.rename: [tid:0] Looking up invalid arch reg 0, got phys reg 4294967295 (invalid)
  63000: system.cpu.rename: [tid:0] Register 4294967295 (flat: 4294967295) (invalid) is ready.
  63000: global: [sn:240] has 3 ready out of 7 sources. RTI 0)
  63000: system.cpu.rename: [tid:0] Looking up invalid arch reg 0, got phys reg 4294967295 (invalid)
  63000: system.cpu.rename: [tid:0] Register 4294967295 (flat: 4294967295) (invalid) is ready.
  63000: global: [sn:240] has 4 ready out of 7 sources. RTI 0)
  63000: system.cpu.rename: [tid:0] Looking up invalid arch reg 0, got phys reg 4294967295 (invalid)
  63000: system.cpu.rename: [tid:0] Register 4294967295 (flat: 4294967295) (invalid) is ready.
  63000: global: [sn:240] has 5 ready out of 7 sources. RTI 0)
  63000: global: Renamed reg r11 to physical reg 61 (61) old mapping was 53 (53)
  63000: system.cpu.rename: [tid:0] Renaming arch reg 11 (integer) to physical reg 61 (61).
  63000: system.cpu.rename: [tid:0] [sn:240] Adding instruction to history buffer (size=83).
  63000: global: Renamed reg condition_code[0] to physical reg 2661 (2661) old mapping was 2659 (2659)
  63000: system.cpu.rename: [tid:0] Renaming arch reg 0 (condition_code) to physical reg 29 (2661).
  63000: system.cpu.rename: [tid:0] [sn:240] Adding instruction to history buffer (size=84).
  63000: global: Renamed reg condition_code[1] to physical reg 2662 (2662) old mapping was 2660 (2660)
  63000: system.cpu.rename: [tid:0] Renaming arch reg 1 (condition_code) to physical reg 30 (2662).
  63000: system.cpu.rename: [tid:0] [sn:240] Adding instruction to history buffer (size=85).
  63000: system.cpu.rename: [tid:0] Renaming arch reg 0 (invalid) to physical reg 4294967295 (4294967295).
  63000: system.cpu.rename: [tid:0] [sn:240] Adding instruction to history buffer (size=86).
  63000: system.cpu.rename: [tid:0] Renaming arch reg 0 (invalid) to physical reg 4294967295 (4294967295).
  63000: system.cpu.rename: [tid:0] [sn:240] Adding instruction to history buffer (size=87).
  63000: system.cpu.rename: [tid:0] Renaming arch reg 0 (invalid) to physical reg 4294967295 (4294967295).
  63000: system.cpu.rename: [tid:0] [sn:240] Adding instruction to history buffer (size=88).
  63000: system.cpu.rename: Activity this cycle.
  63000: system.cpu.iew: Issue: Processing [tid:0]
  63000: system.cpu.iew: [tid:0] Not blocked, so attempting to run dispatch.
  63000: system.cpu.iew: [tid:0] Issue: Adding PC (0x401015=>0x401018).(0=>1) [sn:70] [tid:0] to IQ.
  63000: system.cpu.iq: Adding instruction [sn:70] PC (0x401015=>0x401018).(0=>1) to the IQ.
  63000: system.cpu.iq: Instruction is ready to issue, putting it onto the ready list, PC (0x401015=>0x401018).(0=>1) opclass:1 [sn:70].
  63000: system.cpu.iew: [tid:0] Issue: Adding PC (0x401018=>0x40101b).(0=>1) [sn:80] [tid:0] to IQ.
  63000: system.cpu.iq: Adding instruction [sn:80] PC (0x401018=>0x40101b).(0=>1) to the IQ.
  63000: system.cpu.iq: Instruction is ready to issue, putting it onto the ready list, PC (0x401018=>0x40101b).(0=>1) opclass:1 [sn:80].
  63000: system.cpu.iew: [tid:0] Issue: Adding PC (0x40101b=>0x40101f).(0=>1) [sn:90] [tid:0] to IQ.
  63000: system.cpu.iq: Adding instruction [sn:90] PC (0x40101b=>0x40101f).(0=>1) to the IQ.
  63000: system.cpu.iq: Instruction is ready to issue, putting it onto the ready list, PC (0x40101b=>0x40101f).(0=>1) opclass:1 [sn:90].
  63000: system.cpu.iew: [tid:0] Issue: Adding PC (0x40101b=>0x40101f).(1=>2) [sn:100] [tid:0] to IQ.
  63000: system.cpu.iq: Adding instruction [sn:100] PC (0x40101b=>0x40101f).(1=>2) to the IQ.
  63000: system.cpu.iq: Instruction PC (0x40101b=>0x40101f).(1=>2) has src reg 42 (integer) that is being added to the dependency chain.
  63000: system.cpu.iq: Instruction PC (0x40101b=>0x40101f).(1=>2) has src reg 46 (integer) that is being added to the dependency chain.
  63000: system.cpu.iew: [tid:0] Issue: Adding PC (0x40101f=>0x401023).(0=>1) [sn:110] [tid:0] to IQ.
  63000: system.cpu.iq: Adding instruction [sn:110] PC (0x40101f=>0x401023).(0=>1) to the IQ.
  63000: system.cpu.iq: Instruction is ready to issue, putting it onto the ready list, PC (0x40101f=>0x401023).(0=>1) opclass:1 [sn:110].
  63000: system.cpu.iew: [tid:0] Issue: Adding PC (0x40101f=>0x401023).(1=>2) [sn:120] [tid:0] to IQ.
  63000: system.cpu.iq: Adding instruction [sn:120] PC (0x40101f=>0x401023).(1=>2) to the IQ.
  63000: system.cpu.iq: Instruction PC (0x40101f=>0x401023).(1=>2) has src reg 43 (integer) that is being added to the dependency chain.
  63000: system.cpu.iq: Instruction PC (0x40101f=>0x401023).(1=>2) has src reg 48 (integer) that is being added to the dependency chain.
  63000: system.cpu.iew: Execute: Executing instructions from IQ.
  63000: system.cpu.iew: Execute: Processing PC (0x401000=>0x401004).(0=>1), [tid:0] [sn:10].
  63000: global: RegFile: Setting int register 39 to 0x8
  63000: system.cpu.iew: Current wb cycle: 0, width: 12, numInst: 0
wbActual:0
  63000: system.cpu.iew: Execute: Executing instructions from IQ.
  63000: system.cpu.iew: Execute: Processing PC (0x401004=>0x40100b).(0=>1), [tid:0] [sn:30].
  63000: global: RegFile: Setting int register 41 to 0xfeed
  63000: system.cpu.iew: Current wb cycle: 0, width: 12, numInst: 1
wbActual:1
  63000: system.cpu.iew: Execute: Executing instructions from IQ.
  63000: system.cpu.iew: Execute: Processing PC (0x40100f=>0x401012).(0=>1), [tid:0] [sn:50].
  63000: global: RegFile: Access to int register 8, has data 0
  63000: global: RegFile: Access to int register 8, has data 0
  63000: global: RegFile: Setting int register 42 to 0
  63000: global: RegFile: Setting cc register 7 to 0x44
  63000: global: RegFile: Setting cc register 8 to 0
  63000: system.cpu.iew: Current wb cycle: 0, width: 12, numInst: 2
wbActual:2
  63000: system.cpu.iew: Execute: Executing instructions from IQ.
  63000: system.cpu.iew: Execute: Processing PC (0x401012=>0x401015).(0=>1), [tid:0] [sn:60].
  63000: global: RegFile: Access to int register 9, has data 0
  63000: global: RegFile: Access to int register 9, has data 0
  63000: global: RegFile: Setting int register 43 to 0
  63000: global: RegFile: Setting cc register 9 to 0x44
  63000: global: RegFile: Setting cc register 10 to 0
  63000: system.cpu.iew: Current wb cycle: 0, width: 12, numInst: 3
wbActual:3
  63000: system.cpu.iew: Sending instructions to commit, [sn:10] PC (0x401000=>0x401004).(0=>1).
  63000: system.cpu.iq: Waking dependents of completed instruction.
  63000: system.cpu.iq: Waking any dependents on register 39 (integer).
  63000: system.cpu.iq: Waking up a dependent instruction, [sn:20] PC (0x401000=>0x401004).(1=>2).
  63000: global: [sn:20] has 7 ready out of 7 sources. RTI 0)
  63000: system.cpu.iq: Instruction is ready to issue, putting it onto the ready list, PC (0x401000=>0x401004).(1=>2) opclass:1 [sn:20].
  63000: system.cpu.iew: Setting Destination Register 39 (integer)
  63000: system.cpu.scoreboard: Setting reg 39 (integer) as ready
  63000: system.cpu.iew: Sending instructions to commit, [sn:30] PC (0x401004=>0x40100b).(0=>1).
  63000: system.cpu.iq: Waking dependents of completed instruction.
  63000: system.cpu.iq: Waking any dependents on register 41 (integer).
  63000: system.cpu.iq: Waking up a dependent instruction, [sn:40] PC (0x40100b=>0x40100f).(0=>1).
  63000: global: [sn:40] has 3 ready out of 4 sources. RTI 0)
  63000: system.cpu.iew: Setting Destination Register 41 (integer)
  63000: system.cpu.scoreboard: Setting reg 41 (integer) as ready
  63000: system.cpu.iew: Sending instructions to commit, [sn:50] PC (0x40100f=>0x401012).(0=>1).
  63000: system.cpu.iq: Waking dependents of completed instruction.
  63000: system.cpu.iq: Waking any dependents on register 42 (integer).
  63000: system.cpu.iq: Waking up a dependent instruction, [sn:100] PC (0x40101b=>0x40101f).(1=>2).
  63000: global: [sn:100] has 6 ready out of 7 sources. RTI 0)
  63000: system.cpu.iq: Waking any dependents on register 7 (condition_code).
  63000: system.cpu.iq: Waking any dependents on register 8 (condition_code).
  63000: system.cpu.iq: Reg 4294967295 [invalid] is part of a fix mapping, skipping
  63000: system.cpu.iq: Reg 4294967295 [invalid] is part of a fix mapping, skipping
  63000: system.cpu.iq: Reg 4294967295 [invalid] is part of a fix mapping, skipping
  63000: system.cpu.iew: Setting Destination Register 42 (integer)
  63000: system.cpu.scoreboard: Setting reg 42 (integer) as ready
  63000: system.cpu.iew: Setting Destination Register 7 (condition_code)
  63000: system.cpu.scoreboard: Setting reg 7 (condition_code) as ready
  63000: system.cpu.iew: Setting Destination Register 8 (condition_code)
  63000: system.cpu.scoreboard: Setting reg 8 (condition_code) as ready
  63000: system.cpu.iew: Setting Destination Register 4294967295 (invalid)
  63000: system.cpu.iew: Setting Destination Register 4294967295 (invalid)
  63000: system.cpu.iew: Setting Destination Register 4294967295 (invalid)
  63000: system.cpu.iew: Sending instructions to commit, [sn:60] PC (0x401012=>0x401015).(0=>1).
  63000: system.cpu.iq: Waking dependents of completed instruction.
  63000: system.cpu.iq: Waking any dependents on register 43 (integer).
  63000: system.cpu.iq: Waking up a dependent instruction, [sn:120] PC (0x40101f=>0x401023).(1=>2).
  63000: global: [sn:120] has 6 ready out of 7 sources. RTI 0)
  63000: system.cpu.iq: Waking any dependents on register 9 (condition_code).
  63000: system.cpu.iq: Waking any dependents on register 10 (condition_code).
  63000: system.cpu.iq: Reg 4294967295 [invalid] is part of a fix mapping, skipping
  63000: system.cpu.iq: Reg 4294967295 [invalid] is part of a fix mapping, skipping
  63000: system.cpu.iq: Reg 4294967295 [invalid] is part of a fix mapping, skipping
  63000: system.cpu.iew: Setting Destination Register 43 (integer)
  63000: system.cpu.scoreboard: Setting reg 43 (integer) as ready
  63000: system.cpu.iew: Setting Destination Register 9 (condition_code)
  63000: system.cpu.scoreboard: Setting reg 9 (condition_code) as ready
  63000: system.cpu.iew: Setting Destination Register 10 (condition_code)
  63000: system.cpu.scoreboard: Setting reg 10 (condition_code) as ready
  63000: system.cpu.iew: Setting Destination Register 4294967295 (invalid)
  63000: system.cpu.iew: Setting Destination Register 4294967295 (invalid)
  63000: system.cpu.iew: Setting Destination Register 4294967295 (invalid)
  63000: system.cpu.iq: Attempting to schedule ready instructions from the IQ.
  63000: system.cpu.iq: Thread 0: Issuing instruction PC (0x401000=>0x401004).(1=>2) [sn:20]
  63000: system.cpu.iq: Thread 0: Issuing instruction PC (0x401015=>0x401018).(0=>1) [sn:70]
  63000: system.cpu.iq: Thread 0: Issuing instruction PC (0x401018=>0x40101b).(0=>1) [sn:80]
  63000: system.cpu.iq: Thread 0: Issuing instruction PC (0x40101b=>0x40101f).(0=>1) [sn:90]
  63000: system.cpu.iq: Thread 0: Issuing instruction PC (0x40101f=>0x401023).(0=>1) [sn:110]
  63000: system.cpu.iew: Processing [tid:0]
  63000: system.cpu.iew.lsq.thread0: LQ size: 192, #loads occupied: 0
  63000: system.cpu.iew.lsq.thread0: SQ size: 114, #stores occupied: 1
  63000: system.cpu.iew: [tid:0], Dispatch dispatched 6 instructions.
  63000: system.cpu.iew.lsq.thread0: SQ size: 114, #stores occupied: 1
  63000: system.cpu.iew.lsq.thread0: LQ size: 192, #loads occupied: 0
  63000: system.cpu.iew: IQ has 201 free entries (Can schedule: 0).  LQ has 192 free entries. SQ has 113 free entries.
  63000: system.cpu.iew: Activity this cycle.
  63000: system.cpu.commit: Getting instructions from Rename stage.
  63000: system.cpu.commit: [tid:0] [sn:130] Inserting PC (0x401023=>0x401027).(0=>1) into ROB.
  63000: system.cpu.rob: Adding inst PC (0x401023=>0x401027).(0=>1) to the ROB.
  63000: system.cpu.rob: [tid:0] Now has 13 instructions.
  63000: system.cpu.commit: [tid:0] [sn:140] Inserting PC (0x401023=>0x401027).(1=>2) into ROB.
  63000: system.cpu.rob: Adding inst PC (0x401023=>0x401027).(1=>2) to the ROB.
  63000: system.cpu.rob: [tid:0] Now has 14 instructions.
  63000: system.cpu.commit: [tid:0] [sn:150] Inserting PC (0x401027=>0x40102b).(0=>1) into ROB.
  63000: system.cpu.rob: Adding inst PC (0x401027=>0x40102b).(0=>1) to the ROB.
  63000: system.cpu.rob: [tid:0] Now has 15 instructions.
  63000: system.cpu.commit: [tid:0] [sn:160] Inserting PC (0x401027=>0x40102b).(1=>2) into ROB.
  63000: system.cpu.rob: Adding inst PC (0x401027=>0x40102b).(1=>2) to the ROB.
  63000: system.cpu.rob: [tid:0] Now has 16 instructions.
  63000: system.cpu.commit: [tid:0] [sn:170] Inserting PC (0x40102b=>0x40102f).(0=>1) into ROB.
  63000: system.cpu.rob: Adding inst PC (0x40102b=>0x40102f).(0=>1) to the ROB.
  63000: system.cpu.rob: [tid:0] Now has 17 instructions.
  63000: system.cpu.commit: [tid:0] [sn:180] Inserting PC (0x40102b=>0x40102f).(1=>2) into ROB.
  63000: system.cpu.rob: Adding inst PC (0x40102b=>0x40102f).(1=>2) to the ROB.
  63000: system.cpu.rob: [tid:0] Now has 18 instructions.
  63000: system.cpu.commit: Trying to commit instructions in the ROB.
  63000: system.cpu.commit: [tid:0] Can't commit, Instruction [sn:10] PC (0x401000=>0x401004).(0=>1) is head of ROB and not ready
  63000: system.cpu.commit: [tid:0] ROB has 18 insts & 494 free entries.
  63000: system.cpu.commit: Activity This Cycle.
  63000: system.cpu: Scheduling next tick!
  64000: system.cpu: 

O3CPU: Ticking main, O3CPU.
  64000: system.cpu.fetch: Running stage.
  64000: system.cpu.fetch: There are no more threads available to fetch from.
  64000: system.cpu.fetch: [tid:0] Fetch is waiting cache response!
  64000: system.cpu.decode: Processing [tid:0]
  64000: system.cpu.decode: [tid:0] Bypass moves from Rename: 0
  64000: system.cpu.decode: [tid:0] Not blocked, so attempting to run stage.
  64000: system.cpu.decode: [tid:0] Nothing to do, breaking out early.
  64000: system.cpu.rename: Processing [tid:0]
  64000: system.cpu.rename: [tid:0] Free IQ: 201, Free ROB: 494, Free LQ: 192, Free SQ: 113, FreeRM 63(450 464 511 1022 63 8 2529)
  64000: system.cpu.rename: [tid:0] 18 instructions not yet in ROB
  64000: system.cpu.rename: calcFreeLQEntries: free lqEntries: 192, loadsInProgress: 0, loads dispatchedToLQ: 0
  64000: system.cpu.rename: [tid:0] Not blocked, so attempting to run stage.
  64000: system.cpu.rename: [tid:0] 2 available instructions to send iew.
  64000: system.cpu.rename: [tid:0] 18 insts pipelining from Rename | 6 insts dispatched to IQ last cycle.
  64000: system.cpu.rename: [tid:0] Sending instructions to IEW.
  64000: system.cpu.rename: [tid:0] Processing instruction [sn:250] with PC (0x40103b=>0x40103f).(0=>1).
  64000: global: Renamed reg t1 to physical reg 62 (62) old mapping was 60 (60)
  64000: system.cpu.rename: [tid:0] Renaming arch reg 17 (integer) to physical reg 62 (62).
  64000: system.cpu.rename: [tid:0] [sn:250] Adding instruction to history buffer (size=89).
  64000: system.cpu.rename: [tid:0] Processing instruction [sn:260] with PC (0x40103b=>0x40103f).(1=>2).
  64000: system.cpu.rename: [tid:0] Looking up integer arch reg 8, got phys reg 55 (integer)
  64000: system.cpu.rename: [tid:0] Register 55 (flat: 55) (integer) is not ready.
  64000: system.cpu.rename: [tid:0] Looking up integer arch reg 17, got phys reg 62 (integer)
  64000: system.cpu.rename: [tid:0] Register 62 (flat: 62) (integer) is not ready.
  64000: system.cpu.rename: [tid:0] Looking up invalid arch reg 0, got phys reg 4294967295 (invalid)
  64000: system.cpu.rename: [tid:0] Register 4294967295 (flat: 4294967295) (invalid) is ready.
  64000: global: [sn:260] has 1 ready out of 7 sources. RTI 0)
  64000: system.cpu.rename: [tid:0] Looking up invalid arch reg 0, got phys reg 4294967295 (invalid)
  64000: system.cpu.rename: [tid:0] Register 4294967295 (flat: 4294967295) (invalid) is ready.
  64000: global: [sn:260] has 2 ready out of 7 sources. RTI 0)
  64000: system.cpu.rename: [tid:0] Looking up invalid arch reg 0, got phys reg 4294967295 (invalid)
  64000: system.cpu.rename: [tid:0] Register 4294967295 (flat: 4294967295) (invalid) is ready.
  64000: global: [sn:260] has 3 ready out of 7 sources. RTI 0)
  64000: system.cpu.rename: [tid:0] Looking up invalid arch reg 0, got phys reg 4294967295 (invalid)
  64000: system.cpu.rename: [tid:0] Register 4294967295 (flat: 4294967295) (invalid) is ready.
  64000: global: [sn:260] has 4 ready out of 7 sources. RTI 0)
  64000: system.cpu.rename: [tid:0] Looking up invalid arch reg 0, got phys reg 4294967295 (invalid)
  64000: system.cpu.rename: [tid:0] Register 4294967295 (flat: 4294967295) (invalid) is ready.
  64000: global: [sn:260] has 5 ready out of 7 sources. RTI 0)
  64000: global: Renamed reg r8 to physical reg 63 (63) old mapping was 55 (55)
  64000: system.cpu.rename: [tid:0] Renaming arch reg 8 (integer) to physical reg 63 (63).
  64000: system.cpu.rename: [tid:0] [sn:260] Adding instruction to history buffer (size=90).
  64000: global: Renamed reg condition_code[0] to physical reg 2663 (2663) old mapping was 2661 (2661)
  64000: system.cpu.rename: [tid:0] Renaming arch reg 0 (condition_code) to physical reg 31 (2663).
  64000: system.cpu.rename: [tid:0] [sn:260] Adding instruction to history buffer (size=91).
  64000: global: Renamed reg condition_code[1] to physical reg 2664 (2664) old mapping was 2662 (2662)
  64000: system.cpu.rename: [tid:0] Renaming arch reg 1 (condition_code) to physical reg 32 (2664).
  64000: system.cpu.rename: [tid:0] [sn:260] Adding instruction to history buffer (size=92).
  64000: system.cpu.rename: [tid:0] Renaming arch reg 0 (invalid) to physical reg 4294967295 (4294967295).
  64000: system.cpu.rename: [tid:0] [sn:260] Adding instruction to history buffer (size=93).
  64000: system.cpu.rename: [tid:0] Renaming arch reg 0 (invalid) to physical reg 4294967295 (4294967295).
  64000: system.cpu.rename: [tid:0] [sn:260] Adding instruction to history buffer (size=94).
  64000: system.cpu.rename: [tid:0] Renaming arch reg 0 (invalid) to physical reg 4294967295 (4294967295).
  64000: system.cpu.rename: [tid:0] [sn:260] Adding instruction to history buffer (size=95).
  64000: system.cpu.rename: Activity this cycle.
  64000: system.cpu: Activity: 7
  64000: system.cpu.iew: Issue: Processing [tid:0]
  64000: system.cpu.iew: [tid:0] Not blocked, so attempting to run dispatch.
  64000: system.cpu.iew: [tid:0] Issue: Adding PC (0x401023=>0x401027).(0=>1) [sn:130] [tid:0] to IQ.
  64000: system.cpu.iq: Adding instruction [sn:130] PC (0x401023=>0x401027).(0=>1) to the IQ.
  64000: system.cpu.iq: Instruction is ready to issue, putting it onto the ready list, PC (0x401023=>0x401027).(0=>1) opclass:1 [sn:130].
  64000: system.cpu.iew: [tid:0] Issue: Adding PC (0x401023=>0x401027).(1=>2) [sn:140] [tid:0] to IQ.
  64000: system.cpu.iq: Adding instruction [sn:140] PC (0x401023=>0x401027).(1=>2) to the IQ.
  64000: system.cpu.iq: Instruction PC (0x401023=>0x401027).(1=>2) has src reg 44 (integer) that is being added to the dependency chain.
  64000: system.cpu.iq: Instruction PC (0x401023=>0x401027).(1=>2) has src reg 50 (integer) that is being added to the dependency chain.
  64000: system.cpu.iew: [tid:0] Issue: Adding PC (0x401027=>0x40102b).(0=>1) [sn:150] [tid:0] to IQ.
  64000: system.cpu.iq: Adding instruction [sn:150] PC (0x401027=>0x40102b).(0=>1) to the IQ.
  64000: system.cpu.iq: Instruction is ready to issue, putting it onto the ready list, PC (0x401027=>0x40102b).(0=>1) opclass:1 [sn:150].
  64000: system.cpu.iew: [tid:0] Issue: Adding PC (0x401027=>0x40102b).(1=>2) [sn:160] [tid:0] to IQ.
  64000: system.cpu.iq: Adding instruction [sn:160] PC (0x401027=>0x40102b).(1=>2) to the IQ.
  64000: system.cpu.iq: Instruction PC (0x401027=>0x40102b).(1=>2) has src reg 45 (integer) that is being added to the dependency chain.
  64000: system.cpu.iq: Instruction PC (0x401027=>0x40102b).(1=>2) has src reg 52 (integer) that is being added to the dependency chain.
  64000: system.cpu.iew: [tid:0] Issue: Adding PC (0x40102b=>0x40102f).(0=>1) [sn:170] [tid:0] to IQ.
  64000: system.cpu.iq: Adding instruction [sn:170] PC (0x40102b=>0x40102f).(0=>1) to the IQ.
  64000: system.cpu.iq: Instruction is ready to issue, putting it onto the ready list, PC (0x40102b=>0x40102f).(0=>1) opclass:1 [sn:170].
  64000: system.cpu.iew: [tid:0] Issue: Adding PC (0x40102b=>0x40102f).(1=>2) [sn:180] [tid:0] to IQ.
  64000: system.cpu.iq: Adding instruction [sn:180] PC (0x40102b=>0x40102f).(1=>2) to the IQ.
  64000: system.cpu.iq: Instruction PC (0x40102b=>0x40102f).(1=>2) has src reg 47 (integer) that is being added to the dependency chain.
  64000: system.cpu.iq: Instruction PC (0x40102b=>0x40102f).(1=>2) has src reg 54 (integer) that is being added to the dependency chain.
  64000: system.cpu.iew: Execute: Executing instructions from IQ.
  64000: system.cpu.iew: Execute: Processing PC (0x401000=>0x401004).(1=>2), [tid:0] [sn:20].
  64000: global: RegFile: Access to int register 4, has data 0x7fffffffee30
  64000: global: RegFile: Access to int register 39, has data 0x8
  64000: global: RegFile: Setting int register 40 to 0x7fffffffee28
  64000: global: RegFile: Setting cc register 5 to 0x14
  64000: global: RegFile: Setting cc register 6 to 0
  64000: system.cpu.iew: Current wb cycle: 0, width: 12, numInst: 0
wbActual:0
  64000: system.cpu.iew: Execute: Executing instructions from IQ.
  64000: system.cpu.iew: Execute: Processing PC (0x401015=>0x401018).(0=>1), [tid:0] [sn:70].
  64000: global: RegFile: Access to int register 10, has data 0
  64000: global: RegFile: Access to int register 10, has data 0
  64000: global: RegFile: Setting int register 44 to 0
  64000: global: RegFile: Setting cc register 11 to 0x44
  64000: global: RegFile: Setting cc register 12 to 0
  64000: system.cpu.iew: Current wb cycle: 0, width: 12, numInst: 1
wbActual:1
  64000: system.cpu.iew: Execute: Executing instructions from IQ.
  64000: system.cpu.iew: Execute: Processing PC (0x401018=>0x40101b).(0=>1), [tid:0] [sn:80].
  64000: global: RegFile: Access to int register 11, has data 0
  64000: global: RegFile: Access to int register 11, has data 0
  64000: global: RegFile: Setting int register 45 to 0
  64000: global: RegFile: Setting cc register 13 to 0x44
  64000: global: RegFile: Setting cc register 14 to 0
  64000: system.cpu.iew: Current wb cycle: 0, width: 12, numInst: 2
wbActual:2
  64000: system.cpu.iew: Execute: Executing instructions from IQ.
  64000: system.cpu.iew: Execute: Processing PC (0x40101b=>0x40101f).(0=>1), [tid:0] [sn:90].
  64000: global: RegFile: Setting int register 46 to 0x1
  64000: system.cpu.iew: Current wb cycle: 0, width: 12, numInst: 3
wbActual:3
  64000: system.cpu.iew: Execute: Executing instructions from IQ.
  64000: system.cpu.iew: Execute: Processing PC (0x40101f=>0x401023).(0=>1), [tid:0] [sn:110].
  64000: global: RegFile: Setting int register 48 to 0x2
  64000: system.cpu.iew: Current wb cycle: 0, width: 12, numInst: 4
wbActual:4
  64000: system.cpu.iew: Sending instructions to commit, [sn:20] PC (0x401000=>0x401004).(1=>2).
  64000: system.cpu.iq: Waking dependents of completed instruction.
  64000: system.cpu.iq: Waking any dependents on register 40 (integer).
  64000: system.cpu.iq: Waking up a dependent instruction, [sn:40] PC (0x40100b=>0x40100f).(0=>1).
  64000: global: [sn:40] has 4 ready out of 4 sources. RTI 0)
  64000: system.cpu.iq: Checking if memory instruction can issue.
  64000: system.cpu.memDep0: Marking registers as ready for instruction PC (0x40100b=>0x40100f).(0=>1) [sn:40].
  64000: system.cpu.memDep0: Instruction has its memory dependencies resolved, adding it to the ready list.
  64000: system.cpu.memDep0: Adding instruction [sn:40] to the ready list.
  64000: system.cpu.iq: Instruction is ready to issue, putting it onto the ready list, PC (0x40100b=>0x40100f).(0=>1) opclass:53 [sn:40].
  64000: system.cpu.iq: Waking any dependents on register 5 (condition_code).
  64000: system.cpu.iq: Waking any dependents on register 6 (condition_code).
  64000: system.cpu.iq: Reg 4294967295 [invalid] is part of a fix mapping, skipping
  64000: system.cpu.iq: Reg 4294967295 [invalid] is part of a fix mapping, skipping
  64000: system.cpu.iq: Reg 4294967295 [invalid] is part of a fix mapping, skipping
  64000: system.cpu.iew: Setting Destination Register 40 (integer)
  64000: system.cpu.scoreboard: Setting reg 40 (integer) as ready
  64000: system.cpu.iew: Setting Destination Register 5 (condition_code)
  64000: system.cpu.scoreboard: Setting reg 5 (condition_code) as ready
  64000: system.cpu.iew: Setting Destination Register 6 (condition_code)
  64000: system.cpu.scoreboard: Setting reg 6 (condition_code) as ready
  64000: system.cpu.iew: Setting Destination Register 4294967295 (invalid)
  64000: system.cpu.iew: Setting Destination Register 4294967295 (invalid)
  64000: system.cpu.iew: Setting Destination Register 4294967295 (invalid)
  64000: system.cpu.iew: Sending instructions to commit, [sn:70] PC (0x401015=>0x401018).(0=>1).
  64000: system.cpu.iq: Waking dependents of completed instruction.
  64000: system.cpu.iq: Waking any dependents on register 44 (integer).
  64000: system.cpu.iq: Waking up a dependent instruction, [sn:140] PC (0x401023=>0x401027).(1=>2).
  64000: global: [sn:140] has 6 ready out of 7 sources. RTI 0)
  64000: system.cpu.iq: Waking any dependents on register 11 (condition_code).
  64000: system.cpu.iq: Waking any dependents on register 12 (condition_code).
  64000: system.cpu.iq: Reg 4294967295 [invalid] is part of a fix mapping, skipping
  64000: system.cpu.iq: Reg 4294967295 [invalid] is part of a fix mapping, skipping
  64000: system.cpu.iq: Reg 4294967295 [invalid] is part of a fix mapping, skipping
  64000: system.cpu.iew: Setting Destination Register 44 (integer)
  64000: system.cpu.scoreboard: Setting reg 44 (integer) as ready
  64000: system.cpu.iew: Setting Destination Register 11 (condition_code)
  64000: system.cpu.scoreboard: Setting reg 11 (condition_code) as ready
  64000: system.cpu.iew: Setting Destination Register 12 (condition_code)
  64000: system.cpu.scoreboard: Setting reg 12 (condition_code) as ready
  64000: system.cpu.iew: Setting Destination Register 4294967295 (invalid)
  64000: system.cpu.iew: Setting Destination Register 4294967295 (invalid)
  64000: system.cpu.iew: Setting Destination Register 4294967295 (invalid)
  64000: system.cpu.iew: Sending instructions to commit, [sn:80] PC (0x401018=>0x40101b).(0=>1).
  64000: system.cpu.iq: Waking dependents of completed instruction.
  64000: system.cpu.iq: Waking any dependents on register 45 (integer).
  64000: system.cpu.iq: Waking up a dependent instruction, [sn:160] PC (0x401027=>0x40102b).(1=>2).
  64000: global: [sn:160] has 6 ready out of 7 sources. RTI 0)
  64000: system.cpu.iq: Waking any dependents on register 13 (condition_code).
  64000: system.cpu.iq: Waking any dependents on register 14 (condition_code).
  64000: system.cpu.iq: Reg 4294967295 [invalid] is part of a fix mapping, skipping
  64000: system.cpu.iq: Reg 4294967295 [invalid] is part of a fix mapping, skipping
  64000: system.cpu.iq: Reg 4294967295 [invalid] is part of a fix mapping, skipping
  64000: system.cpu.iew: Setting Destination Register 45 (integer)
  64000: system.cpu.scoreboard: Setting reg 45 (integer) as ready
  64000: system.cpu.iew: Setting Destination Register 13 (condition_code)
  64000: system.cpu.scoreboard: Setting reg 13 (condition_code) as ready
  64000: system.cpu.iew: Setting Destination Register 14 (condition_code)
  64000: system.cpu.scoreboard: Setting reg 14 (condition_code) as ready
  64000: system.cpu.iew: Setting Destination Register 4294967295 (invalid)
  64000: system.cpu.iew: Setting Destination Register 4294967295 (invalid)
  64000: system.cpu.iew: Setting Destination Register 4294967295 (invalid)
  64000: system.cpu.iew: Sending instructions to commit, [sn:90] PC (0x40101b=>0x40101f).(0=>1).
  64000: system.cpu.iq: Waking dependents of completed instruction.
  64000: system.cpu.iq: Waking any dependents on register 46 (integer).
  64000: system.cpu.iq: Waking up a dependent instruction, [sn:100] PC (0x40101b=>0x40101f).(1=>2).
  64000: global: [sn:100] has 7 ready out of 7 sources. RTI 0)
  64000: system.cpu.iq: Instruction is ready to issue, putting it onto the ready list, PC (0x40101b=>0x40101f).(1=>2) opclass:1 [sn:100].
  64000: system.cpu.iew: Setting Destination Register 46 (integer)
  64000: system.cpu.scoreboard: Setting reg 46 (integer) as ready
  64000: system.cpu.iew: Sending instructions to commit, [sn:110] PC (0x40101f=>0x401023).(0=>1).
  64000: system.cpu.iq: Waking dependents of completed instruction.
  64000: system.cpu.iq: Waking any dependents on register 48 (integer).
  64000: system.cpu.iq: Waking up a dependent instruction, [sn:120] PC (0x40101f=>0x401023).(1=>2).
  64000: global: [sn:120] has 7 ready out of 7 sources. RTI 0)
  64000: system.cpu.iq: Instruction is ready to issue, putting it onto the ready list, PC (0x40101f=>0x401023).(1=>2) opclass:1 [sn:120].
  64000: system.cpu.iew: Setting Destination Register 48 (integer)
  64000: system.cpu.scoreboard: Setting reg 48 (integer) as ready
  64000: system.cpu.iq: Attempting to schedule ready instructions from the IQ.
  64000: system.cpu.iq: Thread 0: Issuing instruction PC (0x40100b=>0x40100f).(0=>1) [sn:40]
  64000: system.cpu.memDep0: Issuing instruction PC 0x40100b [sn:40].
  64000: system.cpu.iq: Thread 0: Issuing instruction PC (0x40101b=>0x40101f).(1=>2) [sn:100]
  64000: system.cpu.iq: Thread 0: Issuing instruction PC (0x40101f=>0x401023).(1=>2) [sn:120]
  64000: system.cpu.iq: Thread 0: Issuing instruction PC (0x401023=>0x401027).(0=>1) [sn:130]
  64000: system.cpu.iq: Thread 0: Issuing instruction PC (0x401027=>0x40102b).(0=>1) [sn:150]
  64000: system.cpu.iq: Thread 0: Issuing instruction PC (0x40102b=>0x40102f).(0=>1) [sn:170]
  64000: system.cpu.iew: Processing [tid:0]
  64000: system.cpu.iew.lsq.thread0: LQ size: 192, #loads occupied: 0
  64000: system.cpu.iew.lsq.thread0: SQ size: 114, #stores occupied: 1
  64000: system.cpu.iew: [tid:0], Dispatch dispatched 6 instructions.
  64000: system.cpu.iew.lsq.thread0: SQ size: 114, #stores occupied: 1
  64000: system.cpu.iew.lsq.thread0: LQ size: 192, #loads occupied: 0
  64000: system.cpu.iew: IQ has 200 free entries (Can schedule: 0).  LQ has 192 free entries. SQ has 113 free entries.
  64000: system.cpu.iew: Activity this cycle.
  64000: system.cpu.commit: Getting instructions from Rename stage.
  64000: system.cpu.commit: [tid:0] [sn:190] Inserting PC (0x40102f=>0x401033).(0=>1) into ROB.
  64000: system.cpu.rob: Adding inst PC (0x40102f=>0x401033).(0=>1) to the ROB.
  64000: system.cpu.rob: [tid:0] Now has 19 instructions.
  64000: system.cpu.commit: [tid:0] [sn:200] Inserting PC (0x40102f=>0x401033).(1=>2) into ROB.
  64000: system.cpu.rob: Adding inst PC (0x40102f=>0x401033).(1=>2) to the ROB.
  64000: system.cpu.rob: [tid:0] Now has 20 instructions.
  64000: system.cpu.commit: [tid:0] [sn:210] Inserting PC (0x401033=>0x401037).(0=>1) into ROB.
  64000: system.cpu.rob: Adding inst PC (0x401033=>0x401037).(0=>1) to the ROB.
  64000: system.cpu.rob: [tid:0] Now has 21 instructions.
  64000: system.cpu.commit: [tid:0] [sn:220] Inserting PC (0x401033=>0x401037).(1=>2) into ROB.
  64000: system.cpu.rob: Adding inst PC (0x401033=>0x401037).(1=>2) to the ROB.
  64000: system.cpu.rob: [tid:0] Now has 22 instructions.
  64000: system.cpu.commit: [tid:0] [sn:230] Inserting PC (0x401037=>0x40103b).(0=>1) into ROB.
  64000: system.cpu.rob: Adding inst PC (0x401037=>0x40103b).(0=>1) to the ROB.
  64000: system.cpu.rob: [tid:0] Now has 23 instructions.
  64000: system.cpu.commit: [tid:0] [sn:240] Inserting PC (0x401037=>0x40103b).(1=>2) into ROB.
  64000: system.cpu.rob: Adding inst PC (0x401037=>0x40103b).(1=>2) to the ROB.
  64000: system.cpu.rob: [tid:0] Now has 24 instructions.
  64000: system.cpu.commit: Trying to commit instructions in the ROB.
  64000: system.cpu.commit: [tid:0] Marking PC (0x401000=>0x401004).(0=>1), [sn:10] ready within ROB.
  64000: system.cpu.commit: [tid:0] Marking PC (0x401004=>0x40100b).(0=>1), [sn:30] ready within ROB.
  64000: system.cpu.commit: [tid:0] Marking PC (0x40100f=>0x401012).(0=>1), [sn:50] ready within ROB.
  64000: system.cpu.commit: [tid:0] Marking PC (0x401012=>0x401015).(0=>1), [sn:60] ready within ROB.
  64000: system.cpu.commit: [tid:0] Instruction [sn:10] PC (0x401000=>0x401004).(0=>1) is head of ROB and ready to commit
  64000: system.cpu.commit: [tid:0] ROB has 24 insts & 488 free entries.
  64000: system.cpu.commit: Activity This Cycle.
  64000: system.cpu.commit: Activating stage.
  64000: system.cpu: Activity: 8
  64000: system.cpu: Scheduling next tick!
  65000: system.cpu: 

O3CPU: Ticking main, O3CPU.
  65000: system.cpu.fetch: Running stage.
  65000: system.cpu.fetch: There are no more threads available to fetch from.
  65000: system.cpu.fetch: [tid:0] Fetch is waiting cache response!
  65000: system.cpu.decode: Processing [tid:0]
  65000: system.cpu.decode: [tid:0] Bypass moves from Rename: 0
  65000: system.cpu.decode: [tid:0] Not blocked, so attempting to run stage.
  65000: system.cpu.decode: [tid:0] Nothing to do, breaking out early.
  65000: system.cpu.rename: Processing [tid:0]
  65000: system.cpu.rename: [tid:0] Free IQ: 200, Free ROB: 488, Free LQ: 192, Free SQ: 113, FreeRM 63(448 464 511 1022 63 8 2527)
  65000: system.cpu.rename: [tid:0] 14 instructions not yet in ROB
  65000: system.cpu.rename: calcFreeLQEntries: free lqEntries: 192, loadsInProgress: 0, loads dispatchedToLQ: 0
  65000: system.cpu.rename: [tid:0] Not blocked, so attempting to run stage.
  65000: system.cpu.rename: [tid:0] Nothing to do, breaking out early.
  65000: system.cpu.iew: Issue: Processing [tid:0]
  65000: system.cpu.iew: [tid:0] Not blocked, so attempting to run dispatch.
  65000: system.cpu.iew: [tid:0] Issue: Adding PC (0x40102f=>0x401033).(0=>1) [sn:190] [tid:0] to IQ.
  65000: system.cpu.iq: Adding instruction [sn:190] PC (0x40102f=>0x401033).(0=>1) to the IQ.
  65000: system.cpu.iq: Instruction is ready to issue, putting it onto the ready list, PC (0x40102f=>0x401033).(0=>1) opclass:1 [sn:190].
  65000: system.cpu.iew: [tid:0] Issue: Adding PC (0x40102f=>0x401033).(1=>2) [sn:200] [tid:0] to IQ.
  65000: system.cpu.iq: Adding instruction [sn:200] PC (0x40102f=>0x401033).(1=>2) to the IQ.
  65000: system.cpu.iq: Instruction PC (0x40102f=>0x401033).(1=>2) has src reg 49 (integer) that is being added to the dependency chain.
  65000: system.cpu.iq: Instruction PC (0x40102f=>0x401033).(1=>2) has src reg 56 (integer) that is being added to the dependency chain.
  65000: system.cpu.iew: [tid:0] Issue: Adding PC (0x401033=>0x401037).(0=>1) [sn:210] [tid:0] to IQ.
  65000: system.cpu.iq: Adding instruction [sn:210] PC (0x401033=>0x401037).(0=>1) to the IQ.
  65000: system.cpu.iq: Instruction is ready to issue, putting it onto the ready list, PC (0x401033=>0x401037).(0=>1) opclass:1 [sn:210].
  65000: system.cpu.iew: [tid:0] Issue: Adding PC (0x401033=>0x401037).(1=>2) [sn:220] [tid:0] to IQ.
  65000: system.cpu.iq: Adding instruction [sn:220] PC (0x401033=>0x401037).(1=>2) to the IQ.
  65000: system.cpu.iq: Instruction PC (0x401033=>0x401037).(1=>2) has src reg 51 (integer) that is being added to the dependency chain.
  65000: system.cpu.iq: Instruction PC (0x401033=>0x401037).(1=>2) has src reg 58 (integer) that is being added to the dependency chain.
  65000: system.cpu.iew: [tid:0] Issue: Adding PC (0x401037=>0x40103b).(0=>1) [sn:230] [tid:0] to IQ.
  65000: system.cpu.iq: Adding instruction [sn:230] PC (0x401037=>0x40103b).(0=>1) to the IQ.
  65000: system.cpu.iq: Instruction is ready to issue, putting it onto the ready list, PC (0x401037=>0x40103b).(0=>1) opclass:1 [sn:230].
  65000: system.cpu.iew: [tid:0] Issue: Adding PC (0x401037=>0x40103b).(1=>2) [sn:240] [tid:0] to IQ.
  65000: system.cpu.iq: Adding instruction [sn:240] PC (0x401037=>0x40103b).(1=>2) to the IQ.
  65000: system.cpu.iq: Instruction PC (0x401037=>0x40103b).(1=>2) has src reg 53 (integer) that is being added to the dependency chain.
  65000: system.cpu.iq: Instruction PC (0x401037=>0x40103b).(1=>2) has src reg 60 (integer) that is being added to the dependency chain.
  65000: system.cpu.iew: Execute: Executing instructions from IQ.
  65000: system.cpu.iew: Execute: Processing PC (0x40100b=>0x40100f).(0=>1), [tid:0] [sn:40].
  65000: system.cpu.iew: Execute: Calculating address for memory reference.
  65000: system.cpu.iew.lsq.thread0: Executing store PC (0x40100b=>0x40100f).(0=>1) [sn:40]
  65000: global: RegFile: Access to int register 40, has data 0x7fffffffee28
  65000: global: RegFile: Access to int register 41, has data 0xfeed
  65000: system.cpu.iew.lsq.thread0: Doing write to store idx 0, addr 0x2e28 | storeHead:0 [sn:40]
  65000: system.cpu.iew: Current wb cycle: 0, width: 12, numInst: 0
wbActual:0
  65000: system.cpu.iew: Activity this cycle.
  65000: system.cpu: Activity: 9
  65000: system.cpu.iew: Execute: Executing instructions from IQ.
  65000: system.cpu.iew: Execute: Processing PC (0x40101b=>0x40101f).(1=>2), [tid:0] [sn:100].
  65000: global: RegFile: Access to int register 42, has data 0
  65000: global: RegFile: Access to int register 46, has data 0x1
  65000: global: RegFile: Setting int register 47 to 0x1
  65000: global: RegFile: Setting cc register 15 to 0
  65000: global: RegFile: Setting cc register 16 to 0
  65000: system.cpu.iew: Current wb cycle: 0, width: 12, numInst: 1
wbActual:1
  65000: system.cpu.iew: Execute: Executing instructions from IQ.
  65000: system.cpu.iew: Execute: Processing PC (0x40101f=>0x401023).(1=>2), [tid:0] [sn:120].
  65000: global: RegFile: Access to int register 43, has data 0
  65000: global: RegFile: Access to int register 48, has data 0x2
  65000: global: RegFile: Setting int register 49 to 0x2
  65000: global: RegFile: Setting cc register 17 to 0
  65000: global: RegFile: Setting cc register 18 to 0
  65000: system.cpu.iew: Current wb cycle: 0, width: 12, numInst: 2
wbActual:2
  65000: system.cpu.iew: Execute: Executing instructions from IQ.
  65000: system.cpu.iew: Execute: Processing PC (0x401023=>0x401027).(0=>1), [tid:0] [sn:130].
  65000: global: RegFile: Setting int register 50 to 0x3
  65000: system.cpu.iew: Current wb cycle: 0, width: 12, numInst: 3
wbActual:3
  65000: system.cpu.iew: Execute: Executing instructions from IQ.
  65000: system.cpu.iew: Execute: Processing PC (0x401027=>0x40102b).(0=>1), [tid:0] [sn:150].
  65000: global: RegFile: Setting int register 52 to 0x4
  65000: system.cpu.iew: Current wb cycle: 0, width: 12, numInst: 4
wbActual:4
  65000: system.cpu.iew: Execute: Executing instructions from IQ.
  65000: system.cpu.iew: Execute: Processing PC (0x40102b=>0x40102f).(0=>1), [tid:0] [sn:170].
  65000: global: RegFile: Setting int register 54 to 0x5
  65000: system.cpu.iew: Current wb cycle: 0, width: 12, numInst: 5
wbActual:5
  65000: system.cpu.iew: Sending instructions to commit, [sn:40] PC (0x40100b=>0x40100f).(0=>1).
  65000: system.cpu.iq: Waking dependents of completed instruction.
  65000: system.cpu.memDep0: Completed mem instruction PC (0x40100b=>0x40100f).(0=>1) [sn:40].
  65000: memdepentry: Memory dependency entry deleted. memdep_count=0 (0x40100b=>0x40100f).(0=>1)
  65000: system.cpu.iq: Completing mem instruction PC: (0x40100b=>0x40100f).(0=>1) [sn:40]
  65000: system.cpu.iew: Sending instructions to commit, [sn:100] PC (0x40101b=>0x40101f).(1=>2).
  65000: system.cpu.iq: Waking dependents of completed instruction.
  65000: system.cpu.iq: Waking any dependents on register 47 (integer).
  65000: system.cpu.iq: Waking up a dependent instruction, [sn:180] PC (0x40102b=>0x40102f).(1=>2).
  65000: global: [sn:180] has 6 ready out of 7 sources. RTI 0)
  65000: system.cpu.iq: Waking any dependents on register 15 (condition_code).
  65000: system.cpu.iq: Waking any dependents on register 16 (condition_code).
  65000: system.cpu.iq: Reg 4294967295 [invalid] is part of a fix mapping, skipping
  65000: system.cpu.iq: Reg 4294967295 [invalid] is part of a fix mapping, skipping
  65000: system.cpu.iq: Reg 4294967295 [invalid] is part of a fix mapping, skipping
  65000: system.cpu.iew: Setting Destination Register 47 (integer)
  65000: system.cpu.scoreboard: Setting reg 47 (integer) as ready
  65000: system.cpu.iew: Setting Destination Register 15 (condition_code)
  65000: system.cpu.scoreboard: Setting reg 15 (condition_code) as ready
  65000: system.cpu.iew: Setting Destination Register 16 (condition_code)
  65000: system.cpu.scoreboard: Setting reg 16 (condition_code) as ready
  65000: system.cpu.iew: Setting Destination Register 4294967295 (invalid)
  65000: system.cpu.iew: Setting Destination Register 4294967295 (invalid)
  65000: system.cpu.iew: Setting Destination Register 4294967295 (invalid)
  65000: system.cpu.iew: Sending instructions to commit, [sn:120] PC (0x40101f=>0x401023).(1=>2).
  65000: system.cpu.iq: Waking dependents of completed instruction.
  65000: system.cpu.iq: Waking any dependents on register 49 (integer).
  65000: system.cpu.iq: Waking up a dependent instruction, [sn:200] PC (0x40102f=>0x401033).(1=>2).
  65000: global: [sn:200] has 6 ready out of 7 sources. RTI 0)
  65000: system.cpu.iq: Waking any dependents on register 17 (condition_code).
  65000: system.cpu.iq: Waking any dependents on register 18 (condition_code).
  65000: system.cpu.iq: Reg 4294967295 [invalid] is part of a fix mapping, skipping
  65000: system.cpu.iq: Reg 4294967295 [invalid] is part of a fix mapping, skipping
  65000: system.cpu.iq: Reg 4294967295 [invalid] is part of a fix mapping, skipping
  65000: system.cpu.iew: Setting Destination Register 49 (integer)
  65000: system.cpu.scoreboard: Setting reg 49 (integer) as ready
  65000: system.cpu.iew: Setting Destination Register 17 (condition_code)
  65000: system.cpu.scoreboard: Setting reg 17 (condition_code) as ready
  65000: system.cpu.iew: Setting Destination Register 18 (condition_code)
  65000: system.cpu.scoreboard: Setting reg 18 (condition_code) as ready
  65000: system.cpu.iew: Setting Destination Register 4294967295 (invalid)
  65000: system.cpu.iew: Setting Destination Register 4294967295 (invalid)
  65000: system.cpu.iew: Setting Destination Register 4294967295 (invalid)
  65000: system.cpu.iew: Sending instructions to commit, [sn:130] PC (0x401023=>0x401027).(0=>1).
  65000: system.cpu.iq: Waking dependents of completed instruction.
  65000: system.cpu.iq: Waking any dependents on register 50 (integer).
  65000: system.cpu.iq: Waking up a dependent instruction, [sn:140] PC (0x401023=>0x401027).(1=>2).
  65000: global: [sn:140] has 7 ready out of 7 sources. RTI 0)
  65000: system.cpu.iq: Instruction is ready to issue, putting it onto the ready list, PC (0x401023=>0x401027).(1=>2) opclass:1 [sn:140].
  65000: system.cpu.iew: Setting Destination Register 50 (integer)
  65000: system.cpu.scoreboard: Setting reg 50 (integer) as ready
  65000: system.cpu.iew: Sending instructions to commit, [sn:150] PC (0x401027=>0x40102b).(0=>1).
  65000: system.cpu.iq: Waking dependents of completed instruction.
  65000: system.cpu.iq: Waking any dependents on register 52 (integer).
  65000: system.cpu.iq: Waking up a dependent instruction, [sn:160] PC (0x401027=>0x40102b).(1=>2).
  65000: global: [sn:160] has 7 ready out of 7 sources. RTI 0)
  65000: system.cpu.iq: Instruction is ready to issue, putting it onto the ready list, PC (0x401027=>0x40102b).(1=>2) opclass:1 [sn:160].
  65000: system.cpu.iew: Setting Destination Register 52 (integer)
  65000: system.cpu.scoreboard: Setting reg 52 (integer) as ready
  65000: system.cpu.iew: Sending instructions to commit, [sn:170] PC (0x40102b=>0x40102f).(0=>1).
  65000: system.cpu.iq: Waking dependents of completed instruction.
  65000: system.cpu.iq: Waking any dependents on register 54 (integer).
  65000: system.cpu.iq: Waking up a dependent instruction, [sn:180] PC (0x40102b=>0x40102f).(1=>2).
  65000: global: [sn:180] has 7 ready out of 7 sources. RTI 0)
  65000: system.cpu.iq: Instruction is ready to issue, putting it onto the ready list, PC (0x40102b=>0x40102f).(1=>2) opclass:1 [sn:180].
  65000: system.cpu.iew: Setting Destination Register 54 (integer)
  65000: system.cpu.scoreboard: Setting reg 54 (integer) as ready
  65000: system.cpu.iq: Attempting to schedule ready instructions from the IQ.
  65000: system.cpu.iq: Thread 0: Issuing instruction PC (0x401023=>0x401027).(1=>2) [sn:140]
  65000: system.cpu.iq: Thread 0: Issuing instruction PC (0x401027=>0x40102b).(1=>2) [sn:160]
  65000: system.cpu.iq: Thread 0: Issuing instruction PC (0x40102b=>0x40102f).(1=>2) [sn:180]
  65000: system.cpu.iq: Thread 0: Issuing instruction PC (0x40102f=>0x401033).(0=>1) [sn:190]
  65000: system.cpu.iq: Thread 0: Issuing instruction PC (0x401033=>0x401037).(0=>1) [sn:210]
  65000: system.cpu.iq: Thread 0: Issuing instruction PC (0x401037=>0x40103b).(0=>1) [sn:230]
  65000: system.cpu.iew: Processing [tid:0]
  65000: system.cpu.iew.lsq.thread0: LQ size: 192, #loads occupied: 0
  65000: system.cpu.iew.lsq.thread0: SQ size: 114, #stores occupied: 1
  65000: system.cpu.iew: [tid:0], Dispatch dispatched 6 instructions.
  65000: system.cpu.iew.lsq.thread0: SQ size: 114, #stores occupied: 1
  65000: system.cpu.iew.lsq.thread0: LQ size: 192, #loads occupied: 0
  65000: system.cpu.iew: IQ has 201 free entries (Can schedule: 0).  LQ has 192 free entries. SQ has 113 free entries.
  65000: system.cpu.iew: Activity this cycle.
  65000: system.cpu.commit: Getting instructions from Rename stage.
  65000: system.cpu.commit: [tid:0] [sn:250] Inserting PC (0x40103b=>0x40103f).(0=>1) into ROB.
  65000: system.cpu.rob: Adding inst PC (0x40103b=>0x40103f).(0=>1) to the ROB.
  65000: system.cpu.rob: [tid:0] Now has 25 instructions.
  65000: system.cpu.commit: [tid:0] [sn:260] Inserting PC (0x40103b=>0x40103f).(1=>2) into ROB.
  65000: system.cpu.rob: Adding inst PC (0x40103b=>0x40103f).(1=>2) to the ROB.
  65000: system.cpu.rob: [tid:0] Now has 26 instructions.
  65000: system.cpu.commit: Trying to commit instructions in the ROB.
  65000: system.cpu.commit: Trying to commit head instruction, [tid:0] [sn:10]
  65000: system.cpu.commit: [tid:0] [sn:10] Committing instruction with PC (0x401000=>0x401004).(0=>1)
  65000: system.cpu.rob: [tid:0] Retiring head instruction, instruction PC (0x401000=>0x401004).(0=>1), [sn:10]
  65000: system.cpu: Removing committed instruction [tid:0] PC (0x401000=>0x401004).(0=>1) [sn:10]
  65000: system.cpu.commit: [tid:0] Marking PC (0x401000=>0x401004).(1=>2), [sn:20] ready within ROB.
  65000: system.cpu.commit: [tid:0] Marking PC (0x401015=>0x401018).(0=>1), [sn:70] ready within ROB.
  65000: system.cpu.commit: [tid:0] Marking PC (0x401018=>0x40101b).(0=>1), [sn:80] ready within ROB.
  65000: system.cpu.commit: [tid:0] Marking PC (0x40101b=>0x40101f).(0=>1), [sn:90] ready within ROB.
  65000: system.cpu.commit: [tid:0] Marking PC (0x40101f=>0x401023).(0=>1), [sn:110] ready within ROB.
  65000: system.cpu.commit: [tid:0] Instruction [sn:20] PC (0x401000=>0x401004).(1=>2) is head of ROB and ready to commit
  65000: system.cpu.commit: [tid:0] ROB has 25 insts & 487 free entries.
  65000: system.cpu.commit: Activity This Cycle.
  65000: system.cpu: Removing instruction, [tid:0] [sn:10] PC (0x401000=>0x401004).(0=>1)
  65000: system.cpu: Scheduling next tick!
  66000: system.cpu: 

O3CPU: Ticking main, O3CPU.
  66000: system.cpu.fetch: Running stage.
  66000: system.cpu.fetch: There are no more threads available to fetch from.
  66000: system.cpu.fetch: [tid:0] Fetch is waiting cache response!
  66000: system.cpu.decode: Processing [tid:0]
  66000: system.cpu.decode: [tid:0] Bypass moves from Rename: 0
  66000: system.cpu.decode: [tid:0] Not blocked, so attempting to run stage.
  66000: system.cpu.decode: [tid:0] Nothing to do, breaking out early.
  66000: system.cpu.rename: Processing [tid:0]
  66000: system.cpu.rename: [tid:0] Free IQ: 201, Free ROB: 487, Free LQ: 192, Free SQ: 113, FreeRM 63(448 464 511 1022 63 8 2527)
  66000: system.cpu.rename: [tid:0] 8 instructions not yet in ROB
  66000: system.cpu.rename: calcFreeLQEntries: free lqEntries: 192, loadsInProgress: 0, loads dispatchedToLQ: 0
  66000: system.cpu.rename: [tid:0] Not blocked, so attempting to run stage.
  66000: system.cpu.rename: [tid:0] Nothing to do, breaking out early.
  66000: system.cpu.rename: [tid:0] Removing a committed instruction from the history buffer 0 (size=95), until [sn:10].
  66000: system.cpu.rename: [tid:0] Freeing up older rename of reg 17 (integer), [sn:10].
  66000: system.cpu.iew: Issue: Processing [tid:0]
  66000: system.cpu.iew: [tid:0] Not blocked, so attempting to run dispatch.
  66000: system.cpu.iew: [tid:0] Issue: Adding PC (0x40103b=>0x40103f).(0=>1) [sn:250] [tid:0] to IQ.
  66000: system.cpu.iq: Adding instruction [sn:250] PC (0x40103b=>0x40103f).(0=>1) to the IQ.
  66000: system.cpu.iq: Instruction is ready to issue, putting it onto the ready list, PC (0x40103b=>0x40103f).(0=>1) opclass:1 [sn:250].
  66000: system.cpu.iew: [tid:0] Issue: Adding PC (0x40103b=>0x40103f).(1=>2) [sn:260] [tid:0] to IQ.
  66000: system.cpu.iq: Adding instruction [sn:260] PC (0x40103b=>0x40103f).(1=>2) to the IQ.
  66000: system.cpu.iq: Instruction PC (0x40103b=>0x40103f).(1=>2) has src reg 55 (integer) that is being added to the dependency chain.
  66000: system.cpu.iq: Instruction PC (0x40103b=>0x40103f).(1=>2) has src reg 62 (integer) that is being added to the dependency chain.
  66000: system.cpu.iew: Execute: Executing instructions from IQ.
  66000: system.cpu.iew: Execute: Processing PC (0x401023=>0x401027).(1=>2), [tid:0] [sn:140].
  66000: global: RegFile: Access to int register 44, has data 0
  66000: global: RegFile: Access to int register 50, has data 0x3
  66000: global: RegFile: Setting int register 51 to 0x3
  66000: global: RegFile: Setting cc register 19 to 0x4
  66000: global: RegFile: Setting cc register 20 to 0
  66000: system.cpu.iew: Current wb cycle: 0, width: 12, numInst: 0
wbActual:0
  66000: system.cpu.iew: Execute: Executing instructions from IQ.
  66000: system.cpu.iew: Execute: Processing PC (0x401027=>0x40102b).(1=>2), [tid:0] [sn:160].
  66000: global: RegFile: Access to int register 45, has data 0
  66000: global: RegFile: Access to int register 52, has data 0x4
  66000: global: RegFile: Setting int register 53 to 0x4
  66000: global: RegFile: Setting cc register 21 to 0
  66000: global: RegFile: Setting cc register 22 to 0
  66000: system.cpu.iew: Current wb cycle: 0, width: 12, numInst: 1
wbActual:1
  66000: system.cpu.iew: Execute: Executing instructions from IQ.
  66000: system.cpu.iew: Execute: Processing PC (0x40102b=>0x40102f).(1=>2), [tid:0] [sn:180].
  66000: global: RegFile: Access to int register 47, has data 0x1
  66000: global: RegFile: Access to int register 54, has data 0x5
  66000: global: RegFile: Setting int register 55 to 0x6
  66000: global: RegFile: Setting cc register 23 to 0x4
  66000: global: RegFile: Setting cc register 24 to 0
  66000: system.cpu.iew: Current wb cycle: 0, width: 12, numInst: 2
wbActual:2
  66000: system.cpu.iew: Execute: Executing instructions from IQ.
  66000: system.cpu.iew: Execute: Processing PC (0x40102f=>0x401033).(0=>1), [tid:0] [sn:190].
  66000: global: RegFile: Setting int register 56 to 0x6
  66000: system.cpu.iew: Current wb cycle: 0, width: 12, numInst: 3
wbActual:3
  66000: system.cpu.iew: Execute: Executing instructions from IQ.
  66000: system.cpu.iew: Execute: Processing PC (0x401033=>0x401037).(0=>1), [tid:0] [sn:210].
  66000: global: RegFile: Setting int register 58 to 0x7
  66000: system.cpu.iew: Current wb cycle: 0, width: 12, numInst: 4
wbActual:4
  66000: system.cpu.iew: Execute: Executing instructions from IQ.
  66000: system.cpu.iew: Execute: Processing PC (0x401037=>0x40103b).(0=>1), [tid:0] [sn:230].
  66000: global: RegFile: Setting int register 60 to 0x8
  66000: system.cpu.iew: Current wb cycle: 0, width: 12, numInst: 5
wbActual:5
  66000: system.cpu: Activity: 10
  66000: system.cpu.iew: Sending instructions to commit, [sn:140] PC (0x401023=>0x401027).(1=>2).
  66000: system.cpu.iq: Waking dependents of completed instruction.
  66000: system.cpu.iq: Waking any dependents on register 51 (integer).
  66000: system.cpu.iq: Waking up a dependent instruction, [sn:220] PC (0x401033=>0x401037).(1=>2).
  66000: global: [sn:220] has 6 ready out of 7 sources. RTI 0)
  66000: system.cpu.iq: Waking any dependents on register 19 (condition_code).
  66000: system.cpu.iq: Waking any dependents on register 20 (condition_code).
  66000: system.cpu.iq: Reg 4294967295 [invalid] is part of a fix mapping, skipping
  66000: system.cpu.iq: Reg 4294967295 [invalid] is part of a fix mapping, skipping
  66000: system.cpu.iq: Reg 4294967295 [invalid] is part of a fix mapping, skipping
  66000: system.cpu.iew: Setting Destination Register 51 (integer)
  66000: system.cpu.scoreboard: Setting reg 51 (integer) as ready
  66000: system.cpu.iew: Setting Destination Register 19 (condition_code)
  66000: system.cpu.scoreboard: Setting reg 19 (condition_code) as ready
  66000: system.cpu.iew: Setting Destination Register 20 (condition_code)
  66000: system.cpu.scoreboard: Setting reg 20 (condition_code) as ready
  66000: system.cpu.iew: Setting Destination Register 4294967295 (invalid)
  66000: system.cpu.iew: Setting Destination Register 4294967295 (invalid)
  66000: system.cpu.iew: Setting Destination Register 4294967295 (invalid)
  66000: system.cpu.iew: Sending instructions to commit, [sn:160] PC (0x401027=>0x40102b).(1=>2).
  66000: system.cpu.iq: Waking dependents of completed instruction.
  66000: system.cpu.iq: Waking any dependents on register 53 (integer).
  66000: system.cpu.iq: Waking up a dependent instruction, [sn:240] PC (0x401037=>0x40103b).(1=>2).
  66000: global: [sn:240] has 6 ready out of 7 sources. RTI 0)
  66000: system.cpu.iq: Waking any dependents on register 21 (condition_code).
  66000: system.cpu.iq: Waking any dependents on register 22 (condition_code).
  66000: system.cpu.iq: Reg 4294967295 [invalid] is part of a fix mapping, skipping
  66000: system.cpu.iq: Reg 4294967295 [invalid] is part of a fix mapping, skipping
  66000: system.cpu.iq: Reg 4294967295 [invalid] is part of a fix mapping, skipping
  66000: system.cpu.iew: Setting Destination Register 53 (integer)
  66000: system.cpu.scoreboard: Setting reg 53 (integer) as ready
  66000: system.cpu.iew: Setting Destination Register 21 (condition_code)
  66000: system.cpu.scoreboard: Setting reg 21 (condition_code) as ready
  66000: system.cpu.iew: Setting Destination Register 22 (condition_code)
  66000: system.cpu.scoreboard: Setting reg 22 (condition_code) as ready
  66000: system.cpu.iew: Setting Destination Register 4294967295 (invalid)
  66000: system.cpu.iew: Setting Destination Register 4294967295 (invalid)
  66000: system.cpu.iew: Setting Destination Register 4294967295 (invalid)
  66000: system.cpu.iew: Sending instructions to commit, [sn:180] PC (0x40102b=>0x40102f).(1=>2).
  66000: system.cpu.iq: Waking dependents of completed instruction.
  66000: system.cpu.iq: Waking any dependents on register 55 (integer).
  66000: system.cpu.iq: Waking up a dependent instruction, [sn:260] PC (0x40103b=>0x40103f).(1=>2).
  66000: global: [sn:260] has 6 ready out of 7 sources. RTI 0)
  66000: system.cpu.iq: Waking any dependents on register 23 (condition_code).
  66000: system.cpu.iq: Waking any dependents on register 24 (condition_code).
  66000: system.cpu.iq: Reg 4294967295 [invalid] is part of a fix mapping, skipping
  66000: system.cpu.iq: Reg 4294967295 [invalid] is part of a fix mapping, skipping
  66000: system.cpu.iq: Reg 4294967295 [invalid] is part of a fix mapping, skipping
  66000: system.cpu.iew: Setting Destination Register 55 (integer)
  66000: system.cpu.scoreboard: Setting reg 55 (integer) as ready
  66000: system.cpu.iew: Setting Destination Register 23 (condition_code)
  66000: system.cpu.scoreboard: Setting reg 23 (condition_code) as ready
  66000: system.cpu.iew: Setting Destination Register 24 (condition_code)
  66000: system.cpu.scoreboard: Setting reg 24 (condition_code) as ready
  66000: system.cpu.iew: Setting Destination Register 4294967295 (invalid)
  66000: system.cpu.iew: Setting Destination Register 4294967295 (invalid)
  66000: system.cpu.iew: Setting Destination Register 4294967295 (invalid)
  66000: system.cpu.iew: Sending instructions to commit, [sn:190] PC (0x40102f=>0x401033).(0=>1).
  66000: system.cpu.iq: Waking dependents of completed instruction.
  66000: system.cpu.iq: Waking any dependents on register 56 (integer).
  66000: system.cpu.iq: Waking up a dependent instruction, [sn:200] PC (0x40102f=>0x401033).(1=>2).
  66000: global: [sn:200] has 7 ready out of 7 sources. RTI 0)
  66000: system.cpu.iq: Instruction is ready to issue, putting it onto the ready list, PC (0x40102f=>0x401033).(1=>2) opclass:1 [sn:200].
  66000: system.cpu.iew: Setting Destination Register 56 (integer)
  66000: system.cpu.scoreboard: Setting reg 56 (integer) as ready
  66000: system.cpu.iew: Sending instructions to commit, [sn:210] PC (0x401033=>0x401037).(0=>1).
  66000: system.cpu.iq: Waking dependents of completed instruction.
  66000: system.cpu.iq: Waking any dependents on register 58 (integer).
  66000: system.cpu.iq: Waking up a dependent instruction, [sn:220] PC (0x401033=>0x401037).(1=>2).
  66000: global: [sn:220] has 7 ready out of 7 sources. RTI 0)
  66000: system.cpu.iq: Instruction is ready to issue, putting it onto the ready list, PC (0x401033=>0x401037).(1=>2) opclass:1 [sn:220].
  66000: system.cpu.iew: Setting Destination Register 58 (integer)
  66000: system.cpu.scoreboard: Setting reg 58 (integer) as ready
  66000: system.cpu.iew: Sending instructions to commit, [sn:230] PC (0x401037=>0x40103b).(0=>1).
  66000: system.cpu.iq: Waking dependents of completed instruction.
  66000: system.cpu.iq: Waking any dependents on register 60 (integer).
  66000: system.cpu.iq: Waking up a dependent instruction, [sn:240] PC (0x401037=>0x40103b).(1=>2).
  66000: global: [sn:240] has 7 ready out of 7 sources. RTI 0)
  66000: system.cpu.iq: Instruction is ready to issue, putting it onto the ready list, PC (0x401037=>0x40103b).(1=>2) opclass:1 [sn:240].
  66000: system.cpu.iew: Setting Destination Register 60 (integer)
  66000: system.cpu.scoreboard: Setting reg 60 (integer) as ready
  66000: system.cpu.iq: Attempting to schedule ready instructions from the IQ.
  66000: system.cpu.iq: Thread 0: Issuing instruction PC (0x40102f=>0x401033).(1=>2) [sn:200]
  66000: system.cpu.iq: Thread 0: Issuing instruction PC (0x401033=>0x401037).(1=>2) [sn:220]
  66000: system.cpu.iq: Thread 0: Issuing instruction PC (0x401037=>0x40103b).(1=>2) [sn:240]
  66000: system.cpu.iq: Thread 0: Issuing instruction PC (0x40103b=>0x40103f).(0=>1) [sn:250]
  66000: system.cpu.iew: Processing [tid:0]
  66000: system.cpu.iq: [tid:0] Committing instructions older than [sn:10]
  66000: system.cpu.iew.lsq.thread0: LQ size: 192, #loads occupied: 0
  66000: system.cpu.iew.lsq.thread0: SQ size: 114, #stores occupied: 1
  66000: system.cpu.iew: [tid:0], Dispatch dispatched 2 instructions.
  66000: system.cpu.iew.lsq.thread0: SQ size: 114, #stores occupied: 1
  66000: system.cpu.iew.lsq.thread0: LQ size: 192, #loads occupied: 0
  66000: system.cpu.iew: IQ has 203 free entries (Can schedule: 0).  LQ has 192 free entries. SQ has 113 free entries.
  66000: system.cpu.iew: Activity this cycle.
  66000: system.cpu.commit: Getting instructions from Rename stage.
  66000: system.cpu.commit: Trying to commit instructions in the ROB.
  66000: system.cpu.commit: Trying to commit head instruction, [tid:0] [sn:20]
  66000: system.cpu.commit: [tid:0] [sn:20] Committing instruction with PC (0x401000=>0x401004).(1=>2)
  66000: system.cpu.rob: [tid:0] Retiring head instruction, instruction PC (0x401000=>0x401004).(1=>2), [sn:20]
  66000: system.cpu: Removing committed instruction [tid:0] PC (0x401000=>0x401004).(1=>2) [sn:20]
  66000: system.cpu.commit: Trying to commit head instruction, [tid:0] [sn:30]
  66000: system.cpu.commit: [tid:0] [sn:30] Committing instruction with PC (0x401004=>0x40100b).(0=>1)
  66000: system.cpu.rob: [tid:0] Retiring head instruction, instruction PC (0x401004=>0x40100b).(0=>1), [sn:30]
  66000: system.cpu: Removing committed instruction [tid:0] PC (0x401004=>0x40100b).(0=>1) [sn:30]
  66000: system.cpu.commit: [tid:0] Marking PC (0x40100b=>0x40100f).(0=>1), [sn:40] ready within ROB.
  66000: system.cpu.commit: [tid:0] Marking PC (0x40101b=>0x40101f).(1=>2), [sn:100] ready within ROB.
  66000: system.cpu.commit: [tid:0] Marking PC (0x40101f=>0x401023).(1=>2), [sn:120] ready within ROB.
  66000: system.cpu.commit: [tid:0] Marking PC (0x401023=>0x401027).(0=>1), [sn:130] ready within ROB.
  66000: system.cpu.commit: [tid:0] Marking PC (0x401027=>0x40102b).(0=>1), [sn:150] ready within ROB.
  66000: system.cpu.commit: [tid:0] Marking PC (0x40102b=>0x40102f).(0=>1), [sn:170] ready within ROB.
  66000: system.cpu.commit: [tid:0] Instruction [sn:40] PC (0x40100b=>0x40100f).(0=>1) is head of ROB and ready to commit
  66000: system.cpu.commit: [tid:0] ROB has 23 insts & 489 free entries.
  66000: system.cpu.commit: Activity This Cycle.
  66000: system.cpu: Removing instruction, [tid:0] [sn:20] PC (0x401000=>0x401004).(1=>2)
  66000: system.cpu: Removing instruction, [tid:0] [sn:30] PC (0x401004=>0x40100b).(0=>1)
  66000: system.cpu: Scheduling next tick!
  67000: system.cpu: 

O3CPU: Ticking main, O3CPU.
  67000: system.cpu.fetch: Running stage.
  67000: system.cpu.fetch: There are no more threads available to fetch from.
  67000: system.cpu.fetch: [tid:0] Fetch is waiting cache response!
  67000: system.cpu.decode: Processing [tid:0]
  67000: system.cpu.decode: [tid:0] Bypass moves from Rename: 0
  67000: system.cpu.decode: [tid:0] Not blocked, so attempting to run stage.
  67000: system.cpu.decode: [tid:0] Nothing to do, breaking out early.
  67000: system.cpu.rename: Processing [tid:0]
  67000: system.cpu.rename: [tid:0] Free IQ: 203, Free ROB: 489, Free LQ: 192, Free SQ: 113, FreeRM 63(449 464 511 1022 63 8 2527)
  67000: system.cpu.rename: [tid:0] 2 instructions not yet in ROB
  67000: system.cpu.rename: calcFreeLQEntries: free lqEntries: 192, loadsInProgress: 0, loads dispatchedToLQ: 0
  67000: system.cpu.rename: [tid:0] Not blocked, so attempting to run stage.
  67000: system.cpu.rename: [tid:0] Nothing to do, breaking out early.
  67000: system.cpu.rename: [tid:0] Removing a committed instruction from the history buffer 0 (size=94), until [sn:30].
  67000: system.cpu.rename: [tid:0] Freeing up older rename of reg 4 (integer), [sn:20].
  67000: system.cpu.rename: [tid:0] Freeing up older rename of reg 0 (condition_code), [sn:20].
  67000: system.cpu.rename: [tid:0] Freeing up older rename of reg 1 (condition_code), [sn:20].
  67000: system.cpu.rename: [tid:0] Freeing up older rename of reg 4294967295 (invalid), [sn:20].
  67000: system.cpu.rename: [tid:0] Freeing up older rename of reg 4294967295 (invalid), [sn:20].
  67000: system.cpu.rename: [tid:0] Freeing up older rename of reg 4294967295 (invalid), [sn:20].
  67000: system.cpu.rename: [tid:0] Freeing up older rename of reg 0 (integer), [sn:30].
  67000: system.cpu.iew: Issue: Processing [tid:0]
  67000: system.cpu.iew: [tid:0] Not blocked, so attempting to run dispatch.
  67000: system.cpu.iew: Execute: Executing instructions from IQ.
  67000: system.cpu.iew: Execute: Processing PC (0x40102f=>0x401033).(1=>2), [tid:0] [sn:200].
  67000: global: RegFile: Access to int register 49, has data 0x2
  67000: global: RegFile: Access to int register 56, has data 0x6
  67000: global: RegFile: Setting int register 57 to 0x8
  67000: global: RegFile: Setting cc register 25 to 0
  67000: global: RegFile: Setting cc register 26 to 0
  67000: system.cpu.iew: Current wb cycle: 0, width: 12, numInst: 0
wbActual:0
  67000: system.cpu.iew: Execute: Executing instructions from IQ.
  67000: system.cpu.iew: Execute: Processing PC (0x401033=>0x401037).(1=>2), [tid:0] [sn:220].
  67000: global: RegFile: Access to int register 51, has data 0x3
  67000: global: RegFile: Access to int register 58, has data 0x7
  67000: global: RegFile: Setting int register 59 to 0xa
  67000: global: RegFile: Setting cc register 27 to 0x4
  67000: global: RegFile: Setting cc register 28 to 0
  67000: system.cpu.iew: Current wb cycle: 0, width: 12, numInst: 1
wbActual:1
  67000: system.cpu.iew: Execute: Executing instructions from IQ.
  67000: system.cpu.iew: Execute: Processing PC (0x401037=>0x40103b).(1=>2), [tid:0] [sn:240].
  67000: global: RegFile: Access to int register 53, has data 0x4
  67000: global: RegFile: Access to int register 60, has data 0x8
  67000: global: RegFile: Setting int register 61 to 0xc
  67000: global: RegFile: Setting cc register 29 to 0x4
  67000: global: RegFile: Setting cc register 30 to 0
  67000: system.cpu.iew: Current wb cycle: 0, width: 12, numInst: 2
wbActual:2
  67000: system.cpu.iew: Execute: Executing instructions from IQ.
  67000: system.cpu.iew: Execute: Processing PC (0x40103b=>0x40103f).(0=>1), [tid:0] [sn:250].
  67000: global: RegFile: Setting int register 62 to 0x9
  67000: system.cpu.iew: Current wb cycle: 0, width: 12, numInst: 3
wbActual:3
  67000: system.cpu: Activity: 11
  67000: system.cpu.iew: Sending instructions to commit, [sn:200] PC (0x40102f=>0x401033).(1=>2).
  67000: system.cpu.iq: Waking dependents of completed instruction.
  67000: system.cpu.iq: Waking any dependents on register 57 (integer).
  67000: system.cpu.iq: Waking any dependents on register 25 (condition_code).
  67000: system.cpu.iq: Waking any dependents on register 26 (condition_code).
  67000: system.cpu.iq: Reg 4294967295 [invalid] is part of a fix mapping, skipping
  67000: system.cpu.iq: Reg 4294967295 [invalid] is part of a fix mapping, skipping
  67000: system.cpu.iq: Reg 4294967295 [invalid] is part of a fix mapping, skipping
  67000: system.cpu.iew: Setting Destination Register 57 (integer)
  67000: system.cpu.scoreboard: Setting reg 57 (integer) as ready
  67000: system.cpu.iew: Setting Destination Register 25 (condition_code)
  67000: system.cpu.scoreboard: Setting reg 25 (condition_code) as ready
  67000: system.cpu.iew: Setting Destination Register 26 (condition_code)
  67000: system.cpu.scoreboard: Setting reg 26 (condition_code) as ready
  67000: system.cpu.iew: Setting Destination Register 4294967295 (invalid)
  67000: system.cpu.iew: Setting Destination Register 4294967295 (invalid)
  67000: system.cpu.iew: Setting Destination Register 4294967295 (invalid)
  67000: system.cpu.iew: Sending instructions to commit, [sn:220] PC (0x401033=>0x401037).(1=>2).
  67000: system.cpu.iq: Waking dependents of completed instruction.
  67000: system.cpu.iq: Waking any dependents on register 59 (integer).
  67000: system.cpu.iq: Waking any dependents on register 27 (condition_code).
  67000: system.cpu.iq: Waking any dependents on register 28 (condition_code).
  67000: system.cpu.iq: Reg 4294967295 [invalid] is part of a fix mapping, skipping
  67000: system.cpu.iq: Reg 4294967295 [invalid] is part of a fix mapping, skipping
  67000: system.cpu.iq: Reg 4294967295 [invalid] is part of a fix mapping, skipping
  67000: system.cpu.iew: Setting Destination Register 59 (integer)
  67000: system.cpu.scoreboard: Setting reg 59 (integer) as ready
  67000: system.cpu.iew: Setting Destination Register 27 (condition_code)
  67000: system.cpu.scoreboard: Setting reg 27 (condition_code) as ready
  67000: system.cpu.iew: Setting Destination Register 28 (condition_code)
  67000: system.cpu.scoreboard: Setting reg 28 (condition_code) as ready
  67000: system.cpu.iew: Setting Destination Register 4294967295 (invalid)
  67000: system.cpu.iew: Setting Destination Register 4294967295 (invalid)
  67000: system.cpu.iew: Setting Destination Register 4294967295 (invalid)
  67000: system.cpu.iew: Sending instructions to commit, [sn:240] PC (0x401037=>0x40103b).(1=>2).
  67000: system.cpu.iq: Waking dependents of completed instruction.
  67000: system.cpu.iq: Waking any dependents on register 61 (integer).
  67000: system.cpu.iq: Waking any dependents on register 29 (condition_code).
  67000: system.cpu.iq: Waking any dependents on register 30 (condition_code).
  67000: system.cpu.iq: Reg 4294967295 [invalid] is part of a fix mapping, skipping
  67000: system.cpu.iq: Reg 4294967295 [invalid] is part of a fix mapping, skipping
  67000: system.cpu.iq: Reg 4294967295 [invalid] is part of a fix mapping, skipping
  67000: system.cpu.iew: Setting Destination Register 61 (integer)
  67000: system.cpu.scoreboard: Setting reg 61 (integer) as ready
  67000: system.cpu.iew: Setting Destination Register 29 (condition_code)
  67000: system.cpu.scoreboard: Setting reg 29 (condition_code) as ready
  67000: system.cpu.iew: Setting Destination Register 30 (condition_code)
  67000: system.cpu.scoreboard: Setting reg 30 (condition_code) as ready
  67000: system.cpu.iew: Setting Destination Register 4294967295 (invalid)
  67000: system.cpu.iew: Setting Destination Register 4294967295 (invalid)
  67000: system.cpu.iew: Setting Destination Register 4294967295 (invalid)
  67000: system.cpu.iew: Sending instructions to commit, [sn:250] PC (0x40103b=>0x40103f).(0=>1).
  67000: system.cpu.iq: Waking dependents of completed instruction.
  67000: system.cpu.iq: Waking any dependents on register 62 (integer).
  67000: system.cpu.iq: Waking up a dependent instruction, [sn:260] PC (0x40103b=>0x40103f).(1=>2).
  67000: global: [sn:260] has 7 ready out of 7 sources. RTI 0)
  67000: system.cpu.iq: Instruction is ready to issue, putting it onto the ready list, PC (0x40103b=>0x40103f).(1=>2) opclass:1 [sn:260].
  67000: system.cpu.iew: Setting Destination Register 62 (integer)
  67000: system.cpu.scoreboard: Setting reg 62 (integer) as ready
  67000: system.cpu.iq: Attempting to schedule ready instructions from the IQ.
  67000: system.cpu.iq: Thread 0: Issuing instruction PC (0x40103b=>0x40103f).(1=>2) [sn:260]
  67000: system.cpu.iew: Processing [tid:0]
  67000: system.cpu.iq: [tid:0] Committing instructions older than [sn:30]
  67000: system.cpu.iew.lsq.thread0: LQ size: 192, #loads occupied: 0
  67000: system.cpu.iew.lsq.thread0: SQ size: 114, #stores occupied: 1
  67000: system.cpu.iew: [tid:0], Dispatch dispatched 0 instructions.
  67000: system.cpu.iew.lsq.thread0: SQ size: 114, #stores occupied: 1
  67000: system.cpu.iew.lsq.thread0: LQ size: 192, #loads occupied: 0
  67000: system.cpu.iew: IQ has 204 free entries (Can schedule: 0).  LQ has 192 free entries. SQ has 113 free entries.
  67000: system.cpu.iew: Activity this cycle.
  67000: system.cpu.commit: Getting instructions from Rename stage.
  67000: system.cpu.commit: Trying to commit instructions in the ROB.
  67000: system.cpu.commit: Trying to commit head instruction, [tid:0] [sn:40]
  67000: system.cpu.commit: [tid:0] [sn:40] Committing instruction with PC (0x40100b=>0x40100f).(0=>1)
  67000: system.cpu.rob: [tid:0] Retiring head instruction, instruction PC (0x40100b=>0x40100f).(0=>1), [sn:40]
  67000: system.cpu: Removing committed instruction [tid:0] PC (0x40100b=>0x40100f).(0=>1) [sn:40]
  67000: system.cpu.commit: Trying to commit head instruction, [tid:0] [sn:50]
  67000: system.cpu.commit: [tid:0] [sn:50] Committing instruction with PC (0x40100f=>0x401012).(0=>1)
  67000: system.cpu.rob: [tid:0] Retiring head instruction, instruction PC (0x40100f=>0x401012).(0=>1), [sn:50]
  67000: system.cpu: Removing committed instruction [tid:0] PC (0x40100f=>0x401012).(0=>1) [sn:50]
  67000: system.cpu.commit: Trying to commit head instruction, [tid:0] [sn:60]
  67000: system.cpu.commit: [tid:0] [sn:60] Committing instruction with PC (0x401012=>0x401015).(0=>1)
  67000: system.cpu.rob: [tid:0] Retiring head instruction, instruction PC (0x401012=>0x401015).(0=>1), [sn:60]
  67000: system.cpu: Removing committed instruction [tid:0] PC (0x401012=>0x401015).(0=>1) [sn:60]
  67000: system.cpu.commit: Trying to commit head instruction, [tid:0] [sn:70]
  67000: system.cpu.commit: [tid:0] [sn:70] Committing instruction with PC (0x401015=>0x401018).(0=>1)
  67000: system.cpu.rob: [tid:0] Retiring head instruction, instruction PC (0x401015=>0x401018).(0=>1), [sn:70]
  67000: system.cpu: Removing committed instruction [tid:0] PC (0x401015=>0x401018).(0=>1) [sn:70]
  67000: system.cpu.commit: Trying to commit head instruction, [tid:0] [sn:80]
  67000: system.cpu.commit: [tid:0] [sn:80] Committing instruction with PC (0x401018=>0x40101b).(0=>1)
  67000: system.cpu.rob: [tid:0] Retiring head instruction, instruction PC (0x401018=>0x40101b).(0=>1), [sn:80]
  67000: system.cpu: Removing committed instruction [tid:0] PC (0x401018=>0x40101b).(0=>1) [sn:80]
  67000: system.cpu.commit: Trying to commit head instruction, [tid:0] [sn:90]
  67000: system.cpu.commit: [tid:0] [sn:90] Committing instruction with PC (0x40101b=>0x40101f).(0=>1)
  67000: system.cpu.rob: [tid:0] Retiring head instruction, instruction PC (0x40101b=>0x40101f).(0=>1), [sn:90]
  67000: system.cpu: Removing committed instruction [tid:0] PC (0x40101b=>0x40101f).(0=>1) [sn:90]
  67000: system.cpu.commit: [tid:0] Marking PC (0x401023=>0x401027).(1=>2), [sn:140] ready within ROB.
  67000: system.cpu.commit: [tid:0] Marking PC (0x401027=>0x40102b).(1=>2), [sn:160] ready within ROB.
  67000: system.cpu.commit: [tid:0] Marking PC (0x40102b=>0x40102f).(1=>2), [sn:180] ready within ROB.
  67000: system.cpu.commit: [tid:0] Marking PC (0x40102f=>0x401033).(0=>1), [sn:190] ready within ROB.
  67000: system.cpu.commit: [tid:0] Marking PC (0x401033=>0x401037).(0=>1), [sn:210] ready within ROB.
  67000: system.cpu.commit: [tid:0] Marking PC (0x401037=>0x40103b).(0=>1), [sn:230] ready within ROB.
  67000: system.cpu.commit: [tid:0] Instruction [sn:100] PC (0x40101b=>0x40101f).(1=>2) is head of ROB and ready to commit
  67000: system.cpu.commit: [tid:0] ROB has 17 insts & 495 free entries.
  67000: system.cpu.commit: Activity This Cycle.
  67000: system.cpu: Removing instruction, [tid:0] [sn:40] PC (0x40100b=>0x40100f).(0=>1)
  67000: system.cpu: Removing instruction, [tid:0] [sn:50] PC (0x40100f=>0x401012).(0=>1)
  67000: system.cpu: Removing instruction, [tid:0] [sn:60] PC (0x401012=>0x401015).(0=>1)
  67000: system.cpu: Removing instruction, [tid:0] [sn:70] PC (0x401015=>0x401018).(0=>1)
  67000: system.cpu: Removing instruction, [tid:0] [sn:80] PC (0x401018=>0x40101b).(0=>1)
  67000: system.cpu: Removing instruction, [tid:0] [sn:90] PC (0x40101b=>0x40101f).(0=>1)
  67000: system.cpu: Scheduling next tick!
  68000: system.cpu: 

O3CPU: Ticking main, O3CPU.
  68000: system.cpu.fetch: Running stage.
  68000: system.cpu.fetch: There are no more threads available to fetch from.
  68000: system.cpu.fetch: [tid:0] Fetch is waiting cache response!
  68000: system.cpu.decode: Processing [tid:0]
  68000: system.cpu.decode: [tid:0] Bypass moves from Rename: 0
  68000: system.cpu.decode: [tid:0] Not blocked, so attempting to run stage.
  68000: system.cpu.decode: [tid:0] Nothing to do, breaking out early.
  68000: system.cpu.rename: Processing [tid:0]
  68000: system.cpu.rename: [tid:0] Free IQ: 204, Free ROB: 495, Free LQ: 192, Free SQ: 113, FreeRM 63(451 464 511 1022 63 8 2529)
  68000: system.cpu.rename: [tid:0] 0 instructions not yet in ROB
  68000: system.cpu.rename: calcFreeLQEntries: free lqEntries: 192, loadsInProgress: 0, loads dispatchedToLQ: 0
  68000: system.cpu.rename: [tid:0] Not blocked, so attempting to run stage.
  68000: system.cpu.rename: [tid:0] Nothing to do, breaking out early.
  68000: system.cpu.rename: [tid:0] Removing a committed instruction from the history buffer 0 (size=87), until [sn:90].
  68000: system.cpu.rename: [tid:0] Freeing up older rename of reg 8 (integer), [sn:50].
  68000: system.cpu.rename: [tid:0] Freeing up older rename of reg 5 (condition_code), [sn:50].
  68000: system.cpu.rename: [tid:0] Freeing up older rename of reg 6 (condition_code), [sn:50].
  68000: system.cpu.rename: [tid:0] Freeing up older rename of reg 4294967295 (invalid), [sn:50].
  68000: system.cpu.rename: [tid:0] Freeing up older rename of reg 4294967295 (invalid), [sn:50].
  68000: system.cpu.rename: [tid:0] Freeing up older rename of reg 4294967295 (invalid), [sn:50].
  68000: system.cpu.rename: [tid:0] Freeing up older rename of reg 9 (integer), [sn:60].
  68000: system.cpu.rename: [tid:0] Freeing up older rename of reg 7 (condition_code), [sn:60].
  68000: system.cpu.rename: [tid:0] Freeing up older rename of reg 8 (condition_code), [sn:60].
  68000: system.cpu.rename: [tid:0] Freeing up older rename of reg 4294967295 (invalid), [sn:60].
  68000: system.cpu.rename: [tid:0] Freeing up older rename of reg 4294967295 (invalid), [sn:60].
  68000: system.cpu.rename: [tid:0] Freeing up older rename of reg 4294967295 (invalid), [sn:60].
  68000: system.cpu.rename: [tid:0] Freeing up older rename of reg 10 (integer), [sn:70].
  68000: system.cpu.rename: [tid:0] Freeing up older rename of reg 9 (condition_code), [sn:70].
  68000: system.cpu.rename: [tid:0] Freeing up older rename of reg 10 (condition_code), [sn:70].
  68000: system.cpu.rename: [tid:0] Freeing up older rename of reg 4294967295 (invalid), [sn:70].
  68000: system.cpu.rename: [tid:0] Freeing up older rename of reg 4294967295 (invalid), [sn:70].
  68000: system.cpu.rename: [tid:0] Freeing up older rename of reg 4294967295 (invalid), [sn:70].
  68000: system.cpu.rename: [tid:0] Freeing up older rename of reg 11 (integer), [sn:80].
  68000: system.cpu.rename: [tid:0] Freeing up older rename of reg 11 (condition_code), [sn:80].
  68000: system.cpu.rename: [tid:0] Freeing up older rename of reg 12 (condition_code), [sn:80].
  68000: system.cpu.rename: [tid:0] Freeing up older rename of reg 4294967295 (invalid), [sn:80].
  68000: system.cpu.rename: [tid:0] Freeing up older rename of reg 4294967295 (invalid), [sn:80].
  68000: system.cpu.rename: [tid:0] Freeing up older rename of reg 4294967295 (invalid), [sn:80].
  68000: system.cpu.rename: [tid:0] Freeing up older rename of reg 39 (integer), [sn:90].
  68000: system.cpu.iew: Issue: Processing [tid:0]
  68000: system.cpu.iew: [tid:0] Not blocked, so attempting to run dispatch.
  68000: system.cpu.iew: Execute: Executing instructions from IQ.
  68000: system.cpu.iew: Execute: Processing PC (0x40103b=>0x40103f).(1=>2), [tid:0] [sn:260].
  68000: global: RegFile: Access to int register 55, has data 0x6
  68000: global: RegFile: Access to int register 62, has data 0x9
  68000: global: RegFile: Setting int register 63 to 0xf
  68000: global: RegFile: Setting cc register 31 to 0x4
  68000: global: RegFile: Setting cc register 32 to 0
  68000: system.cpu.iew: Current wb cycle: 0, width: 12, numInst: 0
wbActual:0
  68000: system.cpu: Activity: 12
  68000: system.cpu.iew: Sending instructions to commit, [sn:260] PC (0x40103b=>0x40103f).(1=>2).
  68000: system.cpu.iq: Waking dependents of completed instruction.
  68000: system.cpu.iq: Waking any dependents on register 63 (integer).
  68000: system.cpu.iq: Waking any dependents on register 31 (condition_code).
  68000: system.cpu.iq: Waking any dependents on register 32 (condition_code).
  68000: system.cpu.iq: Reg 4294967295 [invalid] is part of a fix mapping, skipping
  68000: system.cpu.iq: Reg 4294967295 [invalid] is part of a fix mapping, skipping
  68000: system.cpu.iq: Reg 4294967295 [invalid] is part of a fix mapping, skipping
  68000: system.cpu.iew: Setting Destination Register 63 (integer)
  68000: system.cpu.scoreboard: Setting reg 63 (integer) as ready
  68000: system.cpu.iew: Setting Destination Register 31 (condition_code)
  68000: system.cpu.scoreboard: Setting reg 31 (condition_code) as ready
  68000: system.cpu.iew: Setting Destination Register 32 (condition_code)
  68000: system.cpu.scoreboard: Setting reg 32 (condition_code) as ready
  68000: system.cpu.iew: Setting Destination Register 4294967295 (invalid)
  68000: system.cpu.iew: Setting Destination Register 4294967295 (invalid)
  68000: system.cpu.iew: Setting Destination Register 4294967295 (invalid)
  68000: system.cpu.iq: Attempting to schedule ready instructions from the IQ.
  68000: system.cpu.iq: Not able to schedule any instructions.
  68000: system.cpu.iew: Processing [tid:0]
  68000: system.cpu.iew.lsq.thread0: Marking store as able to write back, PC (0x40100b=>0x40100f).(0=>1) [sn:40]
  68000: system.cpu.iq: [tid:0] Committing instructions older than [sn:90]
  68000: system.cpu.iew.lsq.thread0: LQ size: 192, #loads occupied: 0
  68000: system.cpu.iew.lsq.thread0: SQ size: 114, #stores occupied: 1
  68000: system.cpu.iew: [tid:0], Dispatch dispatched 0 instructions.
  68000: system.cpu.iew.lsq.thread0: SQ size: 114, #stores occupied: 1
  68000: system.cpu.iew.lsq.thread0: LQ size: 192, #loads occupied: 0
  68000: system.cpu.iew: IQ has 204 free entries (Can schedule: 0).  LQ has 192 free entries. SQ has 113 free entries.
  68000: system.cpu.iew: IEW switching to active
  68000: system.cpu.iew: Activating stage.
  68000: system.cpu: Activity: 13
  68000: system.cpu.iew: Activity this cycle.
  68000: system.cpu.commit: Getting instructions from Rename stage.
  68000: system.cpu.commit: Trying to commit instructions in the ROB.
  68000: system.cpu.commit: Trying to commit head instruction, [tid:0] [sn:100]
  68000: system.cpu.commit: [tid:0] [sn:100] Committing instruction with PC (0x40101b=>0x40101f).(1=>2)
  68000: system.cpu.rob: [tid:0] Retiring head instruction, instruction PC (0x40101b=>0x40101f).(1=>2), [sn:100]
  68000: system.cpu: Removing committed instruction [tid:0] PC (0x40101b=>0x40101f).(1=>2) [sn:100]
  68000: system.cpu.commit: Trying to commit head instruction, [tid:0] [sn:110]
  68000: system.cpu.commit: [tid:0] [sn:110] Committing instruction with PC (0x40101f=>0x401023).(0=>1)
  68000: system.cpu.rob: [tid:0] Retiring head instruction, instruction PC (0x40101f=>0x401023).(0=>1), [sn:110]
  68000: system.cpu: Removing committed instruction [tid:0] PC (0x40101f=>0x401023).(0=>1) [sn:110]
  68000: system.cpu.commit: Trying to commit head instruction, [tid:0] [sn:120]
  68000: system.cpu.commit: [tid:0] [sn:120] Committing instruction with PC (0x40101f=>0x401023).(1=>2)
  68000: system.cpu.rob: [tid:0] Retiring head instruction, instruction PC (0x40101f=>0x401023).(1=>2), [sn:120]
  68000: system.cpu: Removing committed instruction [tid:0] PC (0x40101f=>0x401023).(1=>2) [sn:120]
  68000: system.cpu.commit: Trying to commit head instruction, [tid:0] [sn:130]
  68000: system.cpu.commit: [tid:0] [sn:130] Committing instruction with PC (0x401023=>0x401027).(0=>1)
  68000: system.cpu.rob: [tid:0] Retiring head instruction, instruction PC (0x401023=>0x401027).(0=>1), [sn:130]
  68000: system.cpu: Removing committed instruction [tid:0] PC (0x401023=>0x401027).(0=>1) [sn:130]
  68000: system.cpu.commit: Trying to commit head instruction, [tid:0] [sn:140]
  68000: system.cpu.commit: [tid:0] [sn:140] Committing instruction with PC (0x401023=>0x401027).(1=>2)
  68000: system.cpu.rob: [tid:0] Retiring head instruction, instruction PC (0x401023=>0x401027).(1=>2), [sn:140]
  68000: system.cpu: Removing committed instruction [tid:0] PC (0x401023=>0x401027).(1=>2) [sn:140]
  68000: system.cpu.commit: Trying to commit head instruction, [tid:0] [sn:150]
  68000: system.cpu.commit: [tid:0] [sn:150] Committing instruction with PC (0x401027=>0x40102b).(0=>1)
  68000: system.cpu.rob: [tid:0] Retiring head instruction, instruction PC (0x401027=>0x40102b).(0=>1), [sn:150]
  68000: system.cpu: Removing committed instruction [tid:0] PC (0x401027=>0x40102b).(0=>1) [sn:150]
  68000: system.cpu.commit: [tid:0] Marking PC (0x40102f=>0x401033).(1=>2), [sn:200] ready within ROB.
  68000: system.cpu.commit: [tid:0] Marking PC (0x401033=>0x401037).(1=>2), [sn:220] ready within ROB.
  68000: system.cpu.commit: [tid:0] Marking PC (0x401037=>0x40103b).(1=>2), [sn:240] ready within ROB.
  68000: system.cpu.commit: [tid:0] Marking PC (0x40103b=>0x40103f).(0=>1), [sn:250] ready within ROB.
  68000: system.cpu.commit: [tid:0] Instruction [sn:160] PC (0x401027=>0x40102b).(1=>2) is head of ROB and ready to commit
  68000: system.cpu.commit: [tid:0] ROB has 11 insts & 501 free entries.
  68000: system.cpu.commit: Activity This Cycle.
  68000: system.cpu: Removing instruction, [tid:0] [sn:100] PC (0x40101b=>0x40101f).(1=>2)
  68000: system.cpu: Removing instruction, [tid:0] [sn:110] PC (0x40101f=>0x401023).(0=>1)
  68000: system.cpu: Removing instruction, [tid:0] [sn:120] PC (0x40101f=>0x401023).(1=>2)
  68000: system.cpu: Removing instruction, [tid:0] [sn:130] PC (0x401023=>0x401027).(0=>1)
  68000: system.cpu: Removing instruction, [tid:0] [sn:140] PC (0x401023=>0x401027).(1=>2)
  68000: system.cpu: Removing instruction, [tid:0] [sn:150] PC (0x401027=>0x40102b).(0=>1)
  68000: system.cpu: Scheduling next tick!
  69000: system.cpu: 

O3CPU: Ticking main, O3CPU.
  69000: system.cpu.fetch: Running stage.
  69000: system.cpu.fetch: There are no more threads available to fetch from.
  69000: system.cpu.fetch: [tid:0] Fetch is waiting cache response!
  69000: system.cpu.decode: Processing [tid:0]
  69000: system.cpu.decode: [tid:0] Bypass moves from Rename: 0
  69000: system.cpu.decode: [tid:0] Not blocked, so attempting to run stage.
  69000: system.cpu.decode: [tid:0] Nothing to do, breaking out early.
  69000: system.cpu.rename: Processing [tid:0]
  69000: system.cpu.rename: [tid:0] Free IQ: 204, Free ROB: 501, Free LQ: 192, Free SQ: 113, FreeRM 63(456 464 511 1022 63 8 2537)
  69000: system.cpu.rename: [tid:0] 0 instructions not yet in ROB
  69000: system.cpu.rename: calcFreeLQEntries: free lqEntries: 192, loadsInProgress: 0, loads dispatchedToLQ: 0
  69000: system.cpu.rename: [tid:0] Not blocked, so attempting to run stage.
  69000: system.cpu.rename: [tid:0] Nothing to do, breaking out early.
  69000: system.cpu.rename: [tid:0] Removing a committed instruction from the history buffer 0 (size=62), until [sn:150].
  69000: system.cpu.rename: [tid:0] Freeing up older rename of reg 42 (integer), [sn:100].
  69000: system.cpu.rename: [tid:0] Freeing up older rename of reg 13 (condition_code), [sn:100].
  69000: system.cpu.rename: [tid:0] Freeing up older rename of reg 14 (condition_code), [sn:100].
  69000: system.cpu.rename: [tid:0] Freeing up older rename of reg 4294967295 (invalid), [sn:100].
  69000: system.cpu.rename: [tid:0] Freeing up older rename of reg 4294967295 (invalid), [sn:100].
  69000: system.cpu.rename: [tid:0] Freeing up older rename of reg 4294967295 (invalid), [sn:100].
  69000: system.cpu.rename: [tid:0] Freeing up older rename of reg 46 (integer), [sn:110].
  69000: system.cpu.rename: [tid:0] Freeing up older rename of reg 43 (integer), [sn:120].
  69000: system.cpu.rename: [tid:0] Freeing up older rename of reg 15 (condition_code), [sn:120].
  69000: system.cpu.rename: [tid:0] Freeing up older rename of reg 16 (condition_code), [sn:120].
  69000: system.cpu.rename: [tid:0] Freeing up older rename of reg 4294967295 (invalid), [sn:120].
  69000: system.cpu.rename: [tid:0] Freeing up older rename of reg 4294967295 (invalid), [sn:120].
  69000: system.cpu.rename: [tid:0] Freeing up older rename of reg 4294967295 (invalid), [sn:120].
  69000: system.cpu.rename: [tid:0] Freeing up older rename of reg 48 (integer), [sn:130].
  69000: system.cpu.rename: [tid:0] Freeing up older rename of reg 44 (integer), [sn:140].
  69000: system.cpu.rename: [tid:0] Freeing up older rename of reg 17 (condition_code), [sn:140].
  69000: system.cpu.rename: [tid:0] Freeing up older rename of reg 18 (condition_code), [sn:140].
  69000: system.cpu.rename: [tid:0] Freeing up older rename of reg 4294967295 (invalid), [sn:140].
  69000: system.cpu.rename: [tid:0] Freeing up older rename of reg 4294967295 (invalid), [sn:140].
  69000: system.cpu.rename: [tid:0] Freeing up older rename of reg 4294967295 (invalid), [sn:140].
  69000: system.cpu.rename: [tid:0] Freeing up older rename of reg 50 (integer), [sn:150].
  69000: system.cpu.iew: Issue: Processing [tid:0]
  69000: system.cpu.iew: [tid:0] Not blocked, so attempting to run dispatch.
  69000: system.cpu.iq: Attempting to schedule ready instructions from the IQ.
  69000: system.cpu.iq: Not able to schedule any instructions.
  69000: system.cpu.iew.lsq: [tid:0] Writing back stores. 1 stores available for Writeback.
  69000: system.cpu.iew.lsq.thread0: D-Cache: Writing back store idx:1 PC:(0x40100b=>0x40100f).(0=>1) to Addr:0x2e28, data:0xed [sn:40]
  69000: system.cpu.iew.lsq.thread0: Memory request (pkt: WriteReq [2e28:2e2f]) from inst [sn:40] was sent (cache is blocked: 0, cache_got_blocked: 0)
  69000: system.cpu.iew: Processing [tid:0]
  69000: system.cpu.iq: [tid:0] Committing instructions older than [sn:150]
  69000: system.cpu.iew.lsq.thread0: LQ size: 192, #loads occupied: 0
  69000: system.cpu.iew.lsq.thread0: SQ size: 114, #stores occupied: 1
  69000: system.cpu.iew: [tid:0], Dispatch dispatched 0 instructions.
  69000: system.cpu.iew.lsq.thread0: SQ size: 114, #stores occupied: 1
  69000: system.cpu.iew.lsq.thread0: LQ size: 192, #loads occupied: 0
  69000: system.cpu.iew: IQ has 204 free entries (Can schedule: 0).  LQ has 192 free entries. SQ has 113 free entries.
  69000: system.cpu.iew: IEW switching to idle
  69000: system.cpu.iew: Deactivating stage.
  69000: system.cpu: Activity: 12
  69000: system.cpu.iew: Activity this cycle.
  69000: system.cpu: Activity: 13
  69000: system.cpu.commit: Getting instructions from Rename stage.
  69000: system.cpu.commit: Trying to commit instructions in the ROB.
  69000: system.cpu.commit: Trying to commit head instruction, [tid:0] [sn:160]
  69000: system.cpu.commit: [tid:0] [sn:160] Committing instruction with PC (0x401027=>0x40102b).(1=>2)
  69000: system.cpu.rob: [tid:0] Retiring head instruction, instruction PC (0x401027=>0x40102b).(1=>2), [sn:160]
  69000: system.cpu: Removing committed instruction [tid:0] PC (0x401027=>0x40102b).(1=>2) [sn:160]
  69000: system.cpu.commit: Trying to commit head instruction, [tid:0] [sn:170]
  69000: system.cpu.commit: [tid:0] [sn:170] Committing instruction with PC (0x40102b=>0x40102f).(0=>1)
  69000: system.cpu.rob: [tid:0] Retiring head instruction, instruction PC (0x40102b=>0x40102f).(0=>1), [sn:170]
  69000: system.cpu: Removing committed instruction [tid:0] PC (0x40102b=>0x40102f).(0=>1) [sn:170]
  69000: system.cpu.commit: Trying to commit head instruction, [tid:0] [sn:180]
  69000: system.cpu.commit: [tid:0] [sn:180] Committing instruction with PC (0x40102b=>0x40102f).(1=>2)
  69000: system.cpu.rob: [tid:0] Retiring head instruction, instruction PC (0x40102b=>0x40102f).(1=>2), [sn:180]
  69000: system.cpu: Removing committed instruction [tid:0] PC (0x40102b=>0x40102f).(1=>2) [sn:180]
  69000: system.cpu.commit: Trying to commit head instruction, [tid:0] [sn:190]
  69000: system.cpu.commit: [tid:0] [sn:190] Committing instruction with PC (0x40102f=>0x401033).(0=>1)
  69000: system.cpu.rob: [tid:0] Retiring head instruction, instruction PC (0x40102f=>0x401033).(0=>1), [sn:190]
  69000: system.cpu: Removing committed instruction [tid:0] PC (0x40102f=>0x401033).(0=>1) [sn:190]
  69000: system.cpu.commit: Trying to commit head instruction, [tid:0] [sn:200]
  69000: system.cpu.commit: [tid:0] [sn:200] Committing instruction with PC (0x40102f=>0x401033).(1=>2)
  69000: system.cpu.rob: [tid:0] Retiring head instruction, instruction PC (0x40102f=>0x401033).(1=>2), [sn:200]
  69000: system.cpu: Removing committed instruction [tid:0] PC (0x40102f=>0x401033).(1=>2) [sn:200]
  69000: system.cpu.commit: Trying to commit head instruction, [tid:0] [sn:210]
  69000: system.cpu.commit: [tid:0] [sn:210] Committing instruction with PC (0x401033=>0x401037).(0=>1)
  69000: system.cpu.rob: [tid:0] Retiring head instruction, instruction PC (0x401033=>0x401037).(0=>1), [sn:210]
  69000: system.cpu: Removing committed instruction [tid:0] PC (0x401033=>0x401037).(0=>1) [sn:210]
  69000: system.cpu.commit: [tid:0] Marking PC (0x40103b=>0x40103f).(1=>2), [sn:260] ready within ROB.
  69000: system.cpu.commit: [tid:0] Instruction [sn:220] PC (0x401033=>0x401037).(1=>2) is head of ROB and ready to commit
  69000: system.cpu.commit: [tid:0] ROB has 5 insts & 507 free entries.
  69000: system.cpu.commit: Activity This Cycle.
  69000: system.cpu: Removing instruction, [tid:0] [sn:160] PC (0x401027=>0x40102b).(1=>2)
  69000: system.cpu: Removing instruction, [tid:0] [sn:170] PC (0x40102b=>0x40102f).(0=>1)
  69000: system.cpu: Removing instruction, [tid:0] [sn:180] PC (0x40102b=>0x40102f).(1=>2)
  69000: system.cpu: Removing instruction, [tid:0] [sn:190] PC (0x40102f=>0x401033).(0=>1)
  69000: system.cpu: Removing instruction, [tid:0] [sn:200] PC (0x40102f=>0x401033).(1=>2)
  69000: system.cpu: Removing instruction, [tid:0] [sn:210] PC (0x401033=>0x401037).(0=>1)
  69000: system.cpu: Scheduling next tick!
  70000: system.cpu: 

O3CPU: Ticking main, O3CPU.
  70000: system.cpu.fetch: Running stage.
  70000: system.cpu.fetch: There are no more threads available to fetch from.
  70000: system.cpu.fetch: [tid:0] Fetch is waiting cache response!
  70000: system.cpu.decode: Processing [tid:0]
  70000: system.cpu.decode: [tid:0] Bypass moves from Rename: 0
  70000: system.cpu.decode: [tid:0] Not blocked, so attempting to run stage.
  70000: system.cpu.decode: [tid:0] Nothing to do, breaking out early.
  70000: system.cpu.rename: Processing [tid:0]
  70000: system.cpu.rename: [tid:0] Free IQ: 204, Free ROB: 507, Free LQ: 192, Free SQ: 113, FreeRM 63(462 464 511 1022 63 8 2543)
  70000: system.cpu.rename: [tid:0] 0 instructions not yet in ROB
  70000: system.cpu.rename: calcFreeLQEntries: free lqEntries: 192, loadsInProgress: 0, loads dispatchedToLQ: 0
  70000: system.cpu.rename: [tid:0] Not blocked, so attempting to run stage.
  70000: system.cpu.rename: [tid:0] Nothing to do, breaking out early.
  70000: system.cpu.rename: [tid:0] Removing a committed instruction from the history buffer 0 (size=41), until [sn:210].
  70000: system.cpu.rename: [tid:0] Freeing up older rename of reg 45 (integer), [sn:160].
  70000: system.cpu.rename: [tid:0] Freeing up older rename of reg 19 (condition_code), [sn:160].
  70000: system.cpu.rename: [tid:0] Freeing up older rename of reg 20 (condition_code), [sn:160].
  70000: system.cpu.rename: [tid:0] Freeing up older rename of reg 4294967295 (invalid), [sn:160].
  70000: system.cpu.rename: [tid:0] Freeing up older rename of reg 4294967295 (invalid), [sn:160].
  70000: system.cpu.rename: [tid:0] Freeing up older rename of reg 4294967295 (invalid), [sn:160].
  70000: system.cpu.rename: [tid:0] Freeing up older rename of reg 52 (integer), [sn:170].
  70000: system.cpu.rename: [tid:0] Freeing up older rename of reg 47 (integer), [sn:180].
  70000: system.cpu.rename: [tid:0] Freeing up older rename of reg 21 (condition_code), [sn:180].
  70000: system.cpu.rename: [tid:0] Freeing up older rename of reg 22 (condition_code), [sn:180].
  70000: system.cpu.rename: [tid:0] Freeing up older rename of reg 4294967295 (invalid), [sn:180].
  70000: system.cpu.rename: [tid:0] Freeing up older rename of reg 4294967295 (invalid), [sn:180].
  70000: system.cpu.rename: [tid:0] Freeing up older rename of reg 4294967295 (invalid), [sn:180].
  70000: system.cpu.rename: [tid:0] Freeing up older rename of reg 54 (integer), [sn:190].
  70000: system.cpu.rename: [tid:0] Freeing up older rename of reg 49 (integer), [sn:200].
  70000: system.cpu.rename: [tid:0] Freeing up older rename of reg 23 (condition_code), [sn:200].
  70000: system.cpu.rename: [tid:0] Freeing up older rename of reg 24 (condition_code), [sn:200].
  70000: system.cpu.rename: [tid:0] Freeing up older rename of reg 4294967295 (invalid), [sn:200].
  70000: system.cpu.rename: [tid:0] Freeing up older rename of reg 4294967295 (invalid), [sn:200].
  70000: system.cpu.rename: [tid:0] Freeing up older rename of reg 4294967295 (invalid), [sn:200].
  70000: system.cpu.rename: [tid:0] Freeing up older rename of reg 56 (integer), [sn:210].
  70000: system.cpu.iew: Issue: Processing [tid:0]
  70000: system.cpu.iew: [tid:0] Not blocked, so attempting to run dispatch.
  70000: system.cpu.iq: Attempting to schedule ready instructions from the IQ.
  70000: system.cpu.iq: Not able to schedule any instructions.
  70000: system.cpu.iew.lsq: [tid:0] Writing back stores. 1 stores available for Writeback.
  70000: system.cpu.iew: Processing [tid:0]
  70000: system.cpu.iq: [tid:0] Committing instructions older than [sn:210]
  70000: system.cpu.iew.lsq.thread0: LQ size: 192, #loads occupied: 0
  70000: system.cpu.iew.lsq.thread0: SQ size: 114, #stores occupied: 1
  70000: system.cpu.iew: [tid:0], Dispatch dispatched 0 instructions.
  70000: system.cpu.iew.lsq.thread0: SQ size: 114, #stores occupied: 1
  70000: system.cpu.iew.lsq.thread0: LQ size: 192, #loads occupied: 0
  70000: system.cpu.iew: IQ has 204 free entries (Can schedule: 0).  LQ has 192 free entries. SQ has 113 free entries.
  70000: system.cpu.iew: Activity this cycle.
  70000: system.cpu: Activity: 14
  70000: system.cpu.commit: Getting instructions from Rename stage.
  70000: system.cpu.commit: Trying to commit instructions in the ROB.
  70000: system.cpu.commit: Trying to commit head instruction, [tid:0] [sn:220]
  70000: system.cpu.commit: [tid:0] [sn:220] Committing instruction with PC (0x401033=>0x401037).(1=>2)
  70000: system.cpu.rob: [tid:0] Retiring head instruction, instruction PC (0x401033=>0x401037).(1=>2), [sn:220]
  70000: system.cpu: Removing committed instruction [tid:0] PC (0x401033=>0x401037).(1=>2) [sn:220]
  70000: system.cpu.commit: Trying to commit head instruction, [tid:0] [sn:230]
  70000: system.cpu.commit: [tid:0] [sn:230] Committing instruction with PC (0x401037=>0x40103b).(0=>1)
  70000: system.cpu.rob: [tid:0] Retiring head instruction, instruction PC (0x401037=>0x40103b).(0=>1), [sn:230]
  70000: system.cpu: Removing committed instruction [tid:0] PC (0x401037=>0x40103b).(0=>1) [sn:230]
  70000: system.cpu.commit: Trying to commit head instruction, [tid:0] [sn:240]
  70000: system.cpu.commit: [tid:0] [sn:240] Committing instruction with PC (0x401037=>0x40103b).(1=>2)
  70000: system.cpu.rob: [tid:0] Retiring head instruction, instruction PC (0x401037=>0x40103b).(1=>2), [sn:240]
  70000: system.cpu: Removing committed instruction [tid:0] PC (0x401037=>0x40103b).(1=>2) [sn:240]
  70000: system.cpu.commit: Trying to commit head instruction, [tid:0] [sn:250]
  70000: system.cpu.commit: [tid:0] [sn:250] Committing instruction with PC (0x40103b=>0x40103f).(0=>1)
  70000: system.cpu.rob: [tid:0] Retiring head instruction, instruction PC (0x40103b=>0x40103f).(0=>1), [sn:250]
  70000: system.cpu: Removing committed instruction [tid:0] PC (0x40103b=>0x40103f).(0=>1) [sn:250]
  70000: system.cpu.commit: Trying to commit head instruction, [tid:0] [sn:260]
  70000: system.cpu.commit: [tid:0] [sn:260] Committing instruction with PC (0x40103b=>0x40103f).(1=>2)
  70000: system.cpu.rob: [tid:0] Retiring head instruction, instruction PC (0x40103b=>0x40103f).(1=>2), [sn:260]
  70000: system.cpu: Removing committed instruction [tid:0] PC (0x40103b=>0x40103f).(1=>2) [sn:260]
  70000: system.cpu.commit: [tid:0] ROB has 0 insts & 512 free entries.
  70000: system.cpu.commit: Activity This Cycle.
  70000: system.cpu.commit: Deactivating stage.
  70000: system.cpu: Activity: 13
  70000: system.cpu: Removing instruction, [tid:0] [sn:220] PC (0x401033=>0x401037).(1=>2)
  70000: system.cpu: Removing instruction, [tid:0] [sn:230] PC (0x401037=>0x40103b).(0=>1)
  70000: system.cpu: Removing instruction, [tid:0] [sn:240] PC (0x401037=>0x40103b).(1=>2)
  70000: system.cpu: Removing instruction, [tid:0] [sn:250] PC (0x40103b=>0x40103f).(0=>1)
  70000: system.cpu: Removing instruction, [tid:0] [sn:260] PC (0x40103b=>0x40103f).(1=>2)
  70000: system.cpu: Scheduling next tick!
  71000: system.cpu: 

O3CPU: Ticking main, O3CPU.
  71000: system.cpu.fetch: Running stage.
  71000: system.cpu.fetch: There are no more threads available to fetch from.
  71000: system.cpu.fetch: [tid:0] Fetch is waiting cache response!
  71000: system.cpu.decode: Processing [tid:0]
  71000: system.cpu.decode: [tid:0] Bypass moves from Rename: 0
  71000: system.cpu.decode: [tid:0] Not blocked, so attempting to run stage.
  71000: system.cpu.decode: [tid:0] Nothing to do, breaking out early.
  71000: system.cpu.rename: Processing [tid:0]
  71000: system.cpu.rename: [tid:0] Free IQ: 204, Free ROB: 512, Free LQ: 192, Free SQ: 113, FreeRM 63(468 464 511 1022 63 8 2549)
  71000: system.cpu.rename: [tid:0] 0 instructions not yet in ROB
  71000: system.cpu.rename: calcFreeLQEntries: free lqEntries: 192, loadsInProgress: 0, loads dispatchedToLQ: 0
  71000: system.cpu.rename: [tid:0] Not blocked, so attempting to run stage.
  71000: system.cpu.rename: [tid:0] Nothing to do, breaking out early.
  71000: system.cpu.rename: [tid:0] Removing a committed instruction from the history buffer 0 (size=20), until [sn:260].
  71000: system.cpu.rename: [tid:0] Freeing up older rename of reg 51 (integer), [sn:220].
  71000: system.cpu.rename: [tid:0] Freeing up older rename of reg 25 (condition_code), [sn:220].
  71000: system.cpu.rename: [tid:0] Freeing up older rename of reg 26 (condition_code), [sn:220].
  71000: system.cpu.rename: [tid:0] Freeing up older rename of reg 4294967295 (invalid), [sn:220].
  71000: system.cpu.rename: [tid:0] Freeing up older rename of reg 4294967295 (invalid), [sn:220].
  71000: system.cpu.rename: [tid:0] Freeing up older rename of reg 4294967295 (invalid), [sn:220].
  71000: system.cpu.rename: [tid:0] Freeing up older rename of reg 58 (integer), [sn:230].
  71000: system.cpu.rename: [tid:0] Freeing up older rename of reg 53 (integer), [sn:240].
  71000: system.cpu.rename: [tid:0] Freeing up older rename of reg 27 (condition_code), [sn:240].
  71000: system.cpu.rename: [tid:0] Freeing up older rename of reg 28 (condition_code), [sn:240].
  71000: system.cpu.rename: [tid:0] Freeing up older rename of reg 4294967295 (invalid), [sn:240].
  71000: system.cpu.rename: [tid:0] Freeing up older rename of reg 4294967295 (invalid), [sn:240].
  71000: system.cpu.rename: [tid:0] Freeing up older rename of reg 4294967295 (invalid), [sn:240].
  71000: system.cpu.rename: [tid:0] Freeing up older rename of reg 60 (integer), [sn:250].
  71000: system.cpu.rename: [tid:0] Freeing up older rename of reg 55 (integer), [sn:260].
  71000: system.cpu.rename: [tid:0] Freeing up older rename of reg 29 (condition_code), [sn:260].
  71000: system.cpu.rename: [tid:0] Freeing up older rename of reg 30 (condition_code), [sn:260].
  71000: system.cpu.rename: [tid:0] Freeing up older rename of reg 4294967295 (invalid), [sn:260].
  71000: system.cpu.rename: [tid:0] Freeing up older rename of reg 4294967295 (invalid), [sn:260].
  71000: system.cpu.rename: [tid:0] Freeing up older rename of reg 4294967295 (invalid), [sn:260].
  71000: system.cpu.iew: Issue: Processing [tid:0]
  71000: system.cpu.iew: [tid:0] Not blocked, so attempting to run dispatch.
  71000: system.cpu.iq: Attempting to schedule ready instructions from the IQ.
  71000: system.cpu.iq: Not able to schedule any instructions.
  71000: system.cpu.iew.lsq: [tid:0] Writing back stores. 1 stores available for Writeback.
  71000: system.cpu.iew: Processing [tid:0]
  71000: system.cpu.iq: [tid:0] Committing instructions older than [sn:260]
  71000: system.cpu.iew.lsq.thread0: LQ size: 192, #loads occupied: 0
  71000: system.cpu.iew.lsq.thread0: SQ size: 114, #stores occupied: 1
  71000: system.cpu.iew: [tid:0], Dispatch dispatched 0 instructions.
  71000: system.cpu.iew.lsq.thread0: SQ size: 114, #stores occupied: 1
  71000: system.cpu.iew.lsq.thread0: LQ size: 192, #loads occupied: 0
  71000: system.cpu.iew: IQ has 204 free entries (Can schedule: 0).  LQ has 192 free entries. SQ has 113 free entries.
  71000: system.cpu.iew: Activity this cycle.
  71000: system.cpu: Activity: 14
  71000: system.cpu.commit: Getting instructions from Rename stage.
  71000: system.cpu.commit: Trying to commit instructions in the ROB.
  71000: system.cpu.commit: [tid:0] ROB has 0 insts & 512 free entries.
  71000: system.cpu: Scheduling next tick!
  72000: system.cpu: 

O3CPU: Ticking main, O3CPU.
  72000: system.cpu.fetch: Running stage.
  72000: system.cpu.fetch: There are no more threads available to fetch from.
  72000: system.cpu.fetch: [tid:0] Fetch is waiting cache response!
  72000: system.cpu.decode: Processing [tid:0]
  72000: system.cpu.decode: [tid:0] Bypass moves from Rename: 0
  72000: system.cpu.decode: [tid:0] Not blocked, so attempting to run stage.
  72000: system.cpu.decode: [tid:0] Nothing to do, breaking out early.
  72000: system.cpu.rename: Processing [tid:0]
  72000: system.cpu.rename: [tid:0] Free IQ: 204, Free ROB: 512, Free LQ: 192, Free SQ: 113, FreeRM 63(473 464 511 1022 63 8 2555)
  72000: system.cpu.rename: [tid:0] 0 instructions not yet in ROB
  72000: system.cpu.rename: calcFreeLQEntries: free lqEntries: 192, loadsInProgress: 0, loads dispatchedToLQ: 0
  72000: system.cpu.rename: [tid:0] Not blocked, so attempting to run stage.
  72000: system.cpu.rename: [tid:0] Nothing to do, breaking out early.
  72000: system.cpu.iew: Issue: Processing [tid:0]
  72000: system.cpu.iew: [tid:0] Not blocked, so attempting to run dispatch.
  72000: system.cpu.iq: Attempting to schedule ready instructions from the IQ.
  72000: system.cpu.iq: Not able to schedule any instructions.
  72000: system.cpu.iew.lsq: [tid:0] Writing back stores. 1 stores available for Writeback.
  72000: system.cpu.iew: Processing [tid:0]
  72000: system.cpu.iew.lsq.thread0: LQ size: 192, #loads occupied: 0
  72000: system.cpu.iew.lsq.thread0: SQ size: 114, #stores occupied: 1
  72000: system.cpu.iew: [tid:0], Dispatch dispatched 0 instructions.
  72000: system.cpu.iew.lsq.thread0: SQ size: 114, #stores occupied: 1
  72000: system.cpu.iew.lsq.thread0: LQ size: 192, #loads occupied: 0
  72000: system.cpu.iew: IQ has 204 free entries (Can schedule: 0).  LQ has 192 free entries. SQ has 113 free entries.
  72000: system.cpu.iew: Activity this cycle.
  72000: system.cpu: Activity: 15
  72000: system.cpu.commit: Getting instructions from Rename stage.
  72000: system.cpu.commit: Trying to commit instructions in the ROB.
  72000: system.cpu.commit: [tid:0] ROB has 0 insts & 512 free entries.
  72000: system.cpu: Scheduling next tick!
  73000: system.cpu: 

O3CPU: Ticking main, O3CPU.
  73000: system.cpu.fetch: Running stage.
  73000: system.cpu.fetch: There are no more threads available to fetch from.
  73000: system.cpu.fetch: [tid:0] Fetch is waiting cache response!
  73000: system.cpu.decode: Processing [tid:0]
  73000: system.cpu.decode: [tid:0] Bypass moves from Rename: 0
  73000: system.cpu.decode: [tid:0] Not blocked, so attempting to run stage.
  73000: system.cpu.decode: [tid:0] Nothing to do, breaking out early.
  73000: system.cpu.rename: Processing [tid:0]
  73000: system.cpu.rename: [tid:0] Free IQ: 204, Free ROB: 512, Free LQ: 192, Free SQ: 113, FreeRM 63(473 464 511 1022 63 8 2555)
  73000: system.cpu.rename: [tid:0] 0 instructions not yet in ROB
  73000: system.cpu.rename: calcFreeLQEntries: free lqEntries: 192, loadsInProgress: 0, loads dispatchedToLQ: 0
  73000: system.cpu.rename: [tid:0] Not blocked, so attempting to run stage.
  73000: system.cpu.rename: [tid:0] Nothing to do, breaking out early.
  73000: system.cpu.iew: Issue: Processing [tid:0]
  73000: system.cpu.iew: [tid:0] Not blocked, so attempting to run dispatch.
  73000: system.cpu.iq: Attempting to schedule ready instructions from the IQ.
  73000: system.cpu.iq: Not able to schedule any instructions.
  73000: system.cpu.iew.lsq: [tid:0] Writing back stores. 1 stores available for Writeback.
  73000: system.cpu.iew: Processing [tid:0]
  73000: system.cpu.iew: [tid:0], Dispatch dispatched 0 instructions.
  73000: system.cpu.iew.lsq.thread0: SQ size: 114, #stores occupied: 1
  73000: system.cpu.iew.lsq.thread0: LQ size: 192, #loads occupied: 0
  73000: system.cpu.iew: IQ has 204 free entries (Can schedule: 0).  LQ has 192 free entries. SQ has 113 free entries.
  73000: system.cpu.commit: Getting instructions from Rename stage.
  73000: system.cpu.commit: Trying to commit instructions in the ROB.
  73000: system.cpu.commit: [tid:0] ROB has 0 insts & 512 free entries.
  73000: system.cpu: Scheduling next tick!
  74000: system.cpu: 

O3CPU: Ticking main, O3CPU.
  74000: system.cpu.fetch: Running stage.
  74000: system.cpu.fetch: There are no more threads available to fetch from.
  74000: system.cpu.fetch: [tid:0] Fetch is waiting cache response!
  74000: system.cpu.decode: Processing [tid:0]
  74000: system.cpu.decode: [tid:0] Bypass moves from Rename: 0
  74000: system.cpu.decode: [tid:0] Not blocked, so attempting to run stage.
  74000: system.cpu.decode: [tid:0] Nothing to do, breaking out early.
  74000: system.cpu.rename: Processing [tid:0]
  74000: system.cpu.rename: [tid:0] Free IQ: 204, Free ROB: 512, Free LQ: 192, Free SQ: 113, FreeRM 63(473 464 511 1022 63 8 2555)
  74000: system.cpu.rename: [tid:0] 0 instructions not yet in ROB
  74000: system.cpu.rename: calcFreeLQEntries: free lqEntries: 192, loadsInProgress: 0, loads dispatchedToLQ: 0
  74000: system.cpu.rename: [tid:0] Not blocked, so attempting to run stage.
  74000: system.cpu.rename: [tid:0] Nothing to do, breaking out early.
  74000: system.cpu.iew: Issue: Processing [tid:0]
  74000: system.cpu.iew: [tid:0] Not blocked, so attempting to run dispatch.
  74000: system.cpu.iq: Attempting to schedule ready instructions from the IQ.
  74000: system.cpu.iq: Not able to schedule any instructions.
  74000: system.cpu.iew.lsq: [tid:0] Writing back stores. 1 stores available for Writeback.
  74000: system.cpu.iew: Processing [tid:0]
  74000: system.cpu.iew: [tid:0], Dispatch dispatched 0 instructions.
  74000: system.cpu.iew.lsq.thread0: SQ size: 114, #stores occupied: 1
  74000: system.cpu.iew.lsq.thread0: LQ size: 192, #loads occupied: 0
  74000: system.cpu.iew: IQ has 204 free entries (Can schedule: 0).  LQ has 192 free entries. SQ has 113 free entries.
  74000: system.cpu.commit: Getting instructions from Rename stage.
  74000: system.cpu.commit: Trying to commit instructions in the ROB.
  74000: system.cpu.commit: [tid:0] ROB has 0 insts & 512 free entries.
  74000: system.cpu: Scheduling next tick!
  75000: system.cpu: 

O3CPU: Ticking main, O3CPU.
  75000: system.cpu.fetch: Running stage.
  75000: system.cpu.fetch: There are no more threads available to fetch from.
  75000: system.cpu.fetch: [tid:0] Fetch is waiting cache response!
  75000: system.cpu.decode: Processing [tid:0]
  75000: system.cpu.decode: [tid:0] Bypass moves from Rename: 0
  75000: system.cpu.decode: [tid:0] Not blocked, so attempting to run stage.
  75000: system.cpu.decode: [tid:0] Nothing to do, breaking out early.
  75000: system.cpu.rename: Processing [tid:0]
  75000: system.cpu.rename: [tid:0] Free IQ: 204, Free ROB: 512, Free LQ: 192, Free SQ: 113, FreeRM 63(473 464 511 1022 63 8 2555)
  75000: system.cpu.rename: [tid:0] 0 instructions not yet in ROB
  75000: system.cpu.rename: calcFreeLQEntries: free lqEntries: 192, loadsInProgress: 0, loads dispatchedToLQ: 0
  75000: system.cpu.rename: [tid:0] Not blocked, so attempting to run stage.
  75000: system.cpu.rename: [tid:0] Nothing to do, breaking out early.
  75000: system.cpu.iew: Issue: Processing [tid:0]
  75000: system.cpu.iew: [tid:0] Not blocked, so attempting to run dispatch.
  75000: system.cpu.iq: Attempting to schedule ready instructions from the IQ.
  75000: system.cpu.iq: Not able to schedule any instructions.
  75000: system.cpu.iew.lsq: [tid:0] Writing back stores. 1 stores available for Writeback.
  75000: system.cpu.iew: Processing [tid:0]
  75000: system.cpu.iew: [tid:0], Dispatch dispatched 0 instructions.
  75000: system.cpu.iew.lsq.thread0: SQ size: 114, #stores occupied: 1
  75000: system.cpu.iew.lsq.thread0: LQ size: 192, #loads occupied: 0
  75000: system.cpu.iew: IQ has 204 free entries (Can schedule: 0).  LQ has 192 free entries. SQ has 113 free entries.
  75000: system.cpu.commit: Getting instructions from Rename stage.
  75000: system.cpu.commit: Trying to commit instructions in the ROB.
  75000: system.cpu.commit: [tid:0] ROB has 0 insts & 512 free entries.
O3PipeView:fetch:58000:0x00401012:0:60:  XOR_R_R : xor   r9, r9, r9
O3PipeView:decode:59000
O3PipeView:rename:60000
O3PipeView:dispatch:62000
O3PipeView:issue:62000
O3PipeView:complete:63000
O3PipeView:retire:67000:store:0
  75000: global: DynInst: [sn:60] Instruction destroyed. Instcount for system.cpu = 25
O3PipeView:fetch:58000:0x0040100f:0:50:  XOR_R_R : xor   r8, r8, r8
O3PipeView:decode:59000
O3PipeView:rename:60000
O3PipeView:dispatch:62000
O3PipeView:issue:62000
O3PipeView:complete:63000
O3PipeView:retire:67000:store:0
  75000: global: DynInst: [sn:50] Instruction destroyed. Instcount for system.cpu = 24
O3PipeView:fetch:58000:0x00401004:0:30:  MOV_R_I : limm   rax, 0xfeed
O3PipeView:decode:59000
O3PipeView:rename:60000
O3PipeView:dispatch:62000
O3PipeView:issue:62000
O3PipeView:complete:63000
O3PipeView:retire:66000:store:0
  75000: global: DynInst: [sn:30] Instruction destroyed. Instcount for system.cpu = 23
O3PipeView:fetch:58000:0x00401000:0:10:  SUB_R_I : limm   t1, 0x8
O3PipeView:decode:59000
O3PipeView:rename:60000
O3PipeView:dispatch:62000
O3PipeView:issue:62000
O3PipeView:complete:63000
O3PipeView:retire:65000:store:0
  75000: global: DynInst: [sn:10] Instruction destroyed. Instcount for system.cpu = 22
  75000: system.cpu: Scheduling next tick!
  76000: system.cpu: 

O3CPU: Ticking main, O3CPU.
  76000: system.cpu.fetch: Running stage.
  76000: system.cpu.fetch: There are no more threads available to fetch from.
  76000: system.cpu.fetch: [tid:0] Fetch is waiting cache response!
  76000: system.cpu.decode: Processing [tid:0]
  76000: system.cpu.decode: [tid:0] Bypass moves from Rename: 0
  76000: system.cpu.decode: [tid:0] Not blocked, so attempting to run stage.
  76000: system.cpu.decode: [tid:0] Nothing to do, breaking out early.
  76000: system.cpu.rename: Processing [tid:0]
  76000: system.cpu.rename: [tid:0] Free IQ: 204, Free ROB: 512, Free LQ: 192, Free SQ: 113, FreeRM 63(473 464 511 1022 63 8 2555)
  76000: system.cpu.rename: [tid:0] 0 instructions not yet in ROB
  76000: system.cpu.rename: calcFreeLQEntries: free lqEntries: 192, loadsInProgress: 0, loads dispatchedToLQ: 0
  76000: system.cpu.rename: [tid:0] Not blocked, so attempting to run stage.
  76000: system.cpu.rename: [tid:0] Nothing to do, breaking out early.
  76000: system.cpu.iew: Issue: Processing [tid:0]
  76000: system.cpu.iew: [tid:0] Not blocked, so attempting to run dispatch.
  76000: system.cpu.iq: Attempting to schedule ready instructions from the IQ.
  76000: system.cpu.iq: Not able to schedule any instructions.
  76000: system.cpu.iew.lsq: [tid:0] Writing back stores. 1 stores available for Writeback.
  76000: system.cpu.iew: Processing [tid:0]
  76000: system.cpu.iew: [tid:0], Dispatch dispatched 0 instructions.
  76000: system.cpu.iew.lsq.thread0: SQ size: 114, #stores occupied: 1
  76000: system.cpu.iew.lsq.thread0: LQ size: 192, #loads occupied: 0
  76000: system.cpu.iew: IQ has 204 free entries (Can schedule: 0).  LQ has 192 free entries. SQ has 113 free entries.
  76000: system.cpu.commit: Getting instructions from Rename stage.
  76000: system.cpu.commit: Trying to commit instructions in the ROB.
  76000: system.cpu.commit: [tid:0] ROB has 0 insts & 512 free entries.
O3PipeView:fetch:59000:0x0040101f:0:110:  ADD_R_I : limm   t1, 0x2
O3PipeView:decode:60000
O3PipeView:rename:61000
O3PipeView:dispatch:63000
O3PipeView:issue:63000
O3PipeView:complete:64000
O3PipeView:retire:68000:store:0
  76000: global: DynInst: [sn:110] Instruction destroyed. Instcount for system.cpu = 21
O3PipeView:fetch:59000:0x0040101b:0:90:  ADD_R_I : limm   t1, 0x1
O3PipeView:decode:60000
O3PipeView:rename:61000
O3PipeView:dispatch:63000
O3PipeView:issue:63000
O3PipeView:complete:64000
O3PipeView:retire:67000:store:0
  76000: global: DynInst: [sn:90] Instruction destroyed. Instcount for system.cpu = 20
O3PipeView:fetch:59000:0x00401018:0:80:  XOR_R_R : xor   r11, r11, r11
O3PipeView:decode:60000
O3PipeView:rename:61000
O3PipeView:dispatch:63000
O3PipeView:issue:63000
O3PipeView:complete:64000
O3PipeView:retire:67000:store:0
  76000: global: DynInst: [sn:80] Instruction destroyed. Instcount for system.cpu = 19
O3PipeView:fetch:59000:0x00401015:0:70:  XOR_R_R : xor   r10, r10, r10
O3PipeView:decode:60000
O3PipeView:rename:61000
O3PipeView:dispatch:63000
O3PipeView:issue:63000
O3PipeView:complete:64000
O3PipeView:retire:67000:store:0
  76000: global: DynInst: [sn:70] Instruction destroyed. Instcount for system.cpu = 18
O3PipeView:fetch:58000:0x00401000:1:20:  SUB_R_I : sub   rsp, rsp, t1
O3PipeView:decode:59000
O3PipeView:rename:60000
O3PipeView:dispatch:62000
O3PipeView:issue:63000
O3PipeView:complete:64000
O3PipeView:retire:66000:store:0
  76000: global: DynInst: [sn:20] Instruction destroyed. Instcount for system.cpu = 17
  76000: system.cpu: Scheduling next tick!
  77000: system.cpu: 

O3CPU: Ticking main, O3CPU.
  77000: system.cpu.fetch: Running stage.
  77000: system.cpu.fetch: There are no more threads available to fetch from.
  77000: system.cpu.fetch: [tid:0] Fetch is waiting cache response!
  77000: system.cpu.decode: Processing [tid:0]
  77000: system.cpu.decode: [tid:0] Bypass moves from Rename: 0
  77000: system.cpu.decode: [tid:0] Not blocked, so attempting to run stage.
  77000: system.cpu.decode: [tid:0] Nothing to do, breaking out early.
  77000: system.cpu.rename: Processing [tid:0]
  77000: system.cpu.rename: [tid:0] Free IQ: 204, Free ROB: 512, Free LQ: 192, Free SQ: 113, FreeRM 63(473 464 511 1022 63 8 2555)
  77000: system.cpu.rename: [tid:0] 0 instructions not yet in ROB
  77000: system.cpu.rename: calcFreeLQEntries: free lqEntries: 192, loadsInProgress: 0, loads dispatchedToLQ: 0
  77000: system.cpu.rename: [tid:0] Not blocked, so attempting to run stage.
  77000: system.cpu.rename: [tid:0] Nothing to do, breaking out early.
  77000: system.cpu.iew: Issue: Processing [tid:0]
  77000: system.cpu.iew: [tid:0] Not blocked, so attempting to run dispatch.
  77000: system.cpu.iq: Attempting to schedule ready instructions from the IQ.
  77000: system.cpu.iq: Not able to schedule any instructions.
  77000: system.cpu.iew.lsq: [tid:0] Writing back stores. 1 stores available for Writeback.
  77000: system.cpu.iew: Processing [tid:0]
  77000: system.cpu.iew: [tid:0], Dispatch dispatched 0 instructions.
  77000: system.cpu.iew.lsq.thread0: SQ size: 114, #stores occupied: 1
  77000: system.cpu.iew.lsq.thread0: LQ size: 192, #loads occupied: 0
  77000: system.cpu.iew: IQ has 204 free entries (Can schedule: 0).  LQ has 192 free entries. SQ has 113 free entries.
  77000: system.cpu.commit: Getting instructions from Rename stage.
  77000: system.cpu.commit: Trying to commit instructions in the ROB.
  77000: system.cpu.commit: [tid:0] ROB has 0 insts & 512 free entries.
O3PipeView:fetch:60000:0x0040102b:0:170:  ADD_R_I : limm   t1, 0x5
O3PipeView:decode:61000
O3PipeView:rename:62000
O3PipeView:dispatch:64000
O3PipeView:issue:64000
O3PipeView:complete:65000
O3PipeView:retire:69000:store:0
  77000: global: DynInst: [sn:170] Instruction destroyed. Instcount for system.cpu = 16
O3PipeView:fetch:60000:0x00401027:0:150:  ADD_R_I : limm   t1, 0x4
O3PipeView:decode:61000
O3PipeView:rename:62000
O3PipeView:dispatch:64000
O3PipeView:issue:64000
O3PipeView:complete:65000
O3PipeView:retire:68000:store:0
  77000: global: DynInst: [sn:150] Instruction destroyed. Instcount for system.cpu = 15
O3PipeView:fetch:60000:0x00401023:0:130:  ADD_R_I : limm   t1, 0x3
O3PipeView:decode:61000
O3PipeView:rename:62000
O3PipeView:dispatch:64000
O3PipeView:issue:64000
O3PipeView:complete:65000
O3PipeView:retire:68000:store:0
  77000: global: DynInst: [sn:130] Instruction destroyed. Instcount for system.cpu = 14
O3PipeView:fetch:59000:0x0040101f:1:120:  ADD_R_I : add   r9, r9, t1
O3PipeView:decode:60000
O3PipeView:rename:61000
O3PipeView:dispatch:63000
O3PipeView:issue:64000
O3PipeView:complete:65000
O3PipeView:retire:68000:store:0
  77000: global: DynInst: [sn:120] Instruction destroyed. Instcount for system.cpu = 13
O3PipeView:fetch:59000:0x0040101b:1:100:  ADD_R_I : add   r8, r8, t1
O3PipeView:decode:60000
O3PipeView:rename:61000
O3PipeView:dispatch:63000
O3PipeView:issue:64000
O3PipeView:complete:65000
O3PipeView:retire:68000:store:0
  77000: global: DynInst: [sn:100] Instruction destroyed. Instcount for system.cpu = 12
  77000: system.cpu: Scheduling next tick!
  78000: system.cpu: 

O3CPU: Ticking main, O3CPU.
  78000: system.cpu.fetch: Running stage.
  78000: system.cpu.fetch: There are no more threads available to fetch from.
  78000: system.cpu.fetch: [tid:0] Fetch is waiting cache response!
  78000: system.cpu.decode: Processing [tid:0]
  78000: system.cpu.decode: [tid:0] Bypass moves from Rename: 0
  78000: system.cpu.decode: [tid:0] Not blocked, so attempting to run stage.
  78000: system.cpu.decode: [tid:0] Nothing to do, breaking out early.
  78000: system.cpu.rename: Processing [tid:0]
  78000: system.cpu.rename: [tid:0] Free IQ: 204, Free ROB: 512, Free LQ: 192, Free SQ: 113, FreeRM 63(473 464 511 1022 63 8 2555)
  78000: system.cpu.rename: [tid:0] 0 instructions not yet in ROB
  78000: system.cpu.rename: calcFreeLQEntries: free lqEntries: 192, loadsInProgress: 0, loads dispatchedToLQ: 0
  78000: system.cpu.rename: [tid:0] Not blocked, so attempting to run stage.
  78000: system.cpu.rename: [tid:0] Nothing to do, breaking out early.
  78000: system.cpu.iew: Issue: Processing [tid:0]
  78000: system.cpu.iew: [tid:0] Not blocked, so attempting to run dispatch.
  78000: system.cpu.iq: Attempting to schedule ready instructions from the IQ.
  78000: system.cpu.iq: Not able to schedule any instructions.
  78000: system.cpu.iew.lsq: [tid:0] Writing back stores. 1 stores available for Writeback.
  78000: system.cpu.iew: Processing [tid:0]
  78000: system.cpu.iew: [tid:0], Dispatch dispatched 0 instructions.
  78000: system.cpu.iew.lsq.thread0: SQ size: 114, #stores occupied: 1
  78000: system.cpu.iew.lsq.thread0: LQ size: 192, #loads occupied: 0
  78000: system.cpu.iew: IQ has 204 free entries (Can schedule: 0).  LQ has 192 free entries. SQ has 113 free entries.
  78000: system.cpu.commit: Getting instructions from Rename stage.
  78000: system.cpu.commit: Trying to commit instructions in the ROB.
  78000: system.cpu.commit: [tid:0] ROB has 0 insts & 512 free entries.
O3PipeView:fetch:61000:0x00401037:0:230:  ADD_R_I : limm   t1, 0x8
O3PipeView:decode:62000
O3PipeView:rename:63000
O3PipeView:dispatch:65000
O3PipeView:issue:65000
O3PipeView:complete:66000
O3PipeView:retire:70000:store:0
  78000: global: DynInst: [sn:230] Instruction destroyed. Instcount for system.cpu = 11
O3PipeView:fetch:61000:0x00401033:0:210:  ADD_R_I : limm   t1, 0x7
O3PipeView:decode:62000
O3PipeView:rename:63000
O3PipeView:dispatch:65000
O3PipeView:issue:65000
O3PipeView:complete:66000
O3PipeView:retire:69000:store:0
  78000: global: DynInst: [sn:210] Instruction destroyed. Instcount for system.cpu = 10
O3PipeView:fetch:61000:0x0040102f:0:190:  ADD_R_I : limm   t1, 0x6
O3PipeView:decode:62000
O3PipeView:rename:63000
O3PipeView:dispatch:65000
O3PipeView:issue:65000
O3PipeView:complete:66000
O3PipeView:retire:69000:store:0
  78000: global: DynInst: [sn:190] Instruction destroyed. Instcount for system.cpu = 9
O3PipeView:fetch:60000:0x0040102b:1:180:  ADD_R_I : add   r8, r8, t1
O3PipeView:decode:61000
O3PipeView:rename:62000
O3PipeView:dispatch:64000
O3PipeView:issue:65000
O3PipeView:complete:66000
O3PipeView:retire:69000:store:0
  78000: global: DynInst: [sn:180] Instruction destroyed. Instcount for system.cpu = 8
O3PipeView:fetch:60000:0x00401027:1:160:  ADD_R_I : add   r11, r11, t1
O3PipeView:decode:61000
O3PipeView:rename:62000
O3PipeView:dispatch:64000
O3PipeView:issue:65000
O3PipeView:complete:66000
O3PipeView:retire:69000:store:0
  78000: global: DynInst: [sn:160] Instruction destroyed. Instcount for system.cpu = 7
O3PipeView:fetch:60000:0x00401023:1:140:  ADD_R_I : add   r10, r10, t1
O3PipeView:decode:61000
O3PipeView:rename:62000
O3PipeView:dispatch:64000
O3PipeView:issue:65000
O3PipeView:complete:66000
O3PipeView:retire:68000:store:0
  78000: global: DynInst: [sn:140] Instruction destroyed. Instcount for system.cpu = 6
  78000: system.cpu: Scheduling next tick!
  79000: system.cpu: 

O3CPU: Ticking main, O3CPU.
  79000: system.cpu.fetch: Running stage.
  79000: system.cpu.fetch: There are no more threads available to fetch from.
  79000: system.cpu.fetch: [tid:0] Fetch is waiting cache response!
  79000: system.cpu.decode: Processing [tid:0]
  79000: system.cpu.decode: [tid:0] Bypass moves from Rename: 0
  79000: system.cpu.decode: [tid:0] Not blocked, so attempting to run stage.
  79000: system.cpu.decode: [tid:0] Nothing to do, breaking out early.
  79000: system.cpu.rename: Processing [tid:0]
  79000: system.cpu.rename: [tid:0] Free IQ: 204, Free ROB: 512, Free LQ: 192, Free SQ: 113, FreeRM 63(473 464 511 1022 63 8 2555)
  79000: system.cpu.rename: [tid:0] 0 instructions not yet in ROB
  79000: system.cpu.rename: calcFreeLQEntries: free lqEntries: 192, loadsInProgress: 0, loads dispatchedToLQ: 0
  79000: system.cpu.rename: [tid:0] Not blocked, so attempting to run stage.
  79000: system.cpu.rename: [tid:0] Nothing to do, breaking out early.
  79000: system.cpu.iew: Issue: Processing [tid:0]
  79000: system.cpu.iew: [tid:0] Not blocked, so attempting to run dispatch.
  79000: system.cpu.iq: Attempting to schedule ready instructions from the IQ.
  79000: system.cpu.iq: Not able to schedule any instructions.
  79000: system.cpu.iew.lsq: [tid:0] Writing back stores. 1 stores available for Writeback.
  79000: system.cpu.iew: Processing [tid:0]
  79000: system.cpu.iew: [tid:0], Dispatch dispatched 0 instructions.
  79000: system.cpu.iew.lsq.thread0: SQ size: 114, #stores occupied: 1
  79000: system.cpu.iew.lsq.thread0: LQ size: 192, #loads occupied: 0
  79000: system.cpu.iew: IQ has 204 free entries (Can schedule: 0).  LQ has 192 free entries. SQ has 113 free entries.
  79000: system.cpu.commit: Getting instructions from Rename stage.
  79000: system.cpu.commit: Trying to commit instructions in the ROB.
  79000: system.cpu.commit: [tid:0] ROB has 0 insts & 512 free entries.
O3PipeView:fetch:62000:0x0040103b:0:250:  ADD_R_I : limm   t1, 0x9
O3PipeView:decode:63000
O3PipeView:rename:64000
O3PipeView:dispatch:66000
O3PipeView:issue:66000
O3PipeView:complete:67000
O3PipeView:retire:70000:store:0
  79000: global: DynInst: [sn:250] Instruction destroyed. Instcount for system.cpu = 5
O3PipeView:fetch:61000:0x00401037:1:240:  ADD_R_I : add   r11, r11, t1
O3PipeView:decode:62000
O3PipeView:rename:63000
O3PipeView:dispatch:65000
O3PipeView:issue:66000
O3PipeView:complete:67000
O3PipeView:retire:70000:store:0
  79000: global: DynInst: [sn:240] Instruction destroyed. Instcount for system.cpu = 4
O3PipeView:fetch:61000:0x00401033:1:220:  ADD_R_I : add   r10, r10, t1
O3PipeView:decode:62000
O3PipeView:rename:63000
O3PipeView:dispatch:65000
O3PipeView:issue:66000
O3PipeView:complete:67000
O3PipeView:retire:70000:store:0
  79000: global: DynInst: [sn:220] Instruction destroyed. Instcount for system.cpu = 3
O3PipeView:fetch:61000:0x0040102f:1:200:  ADD_R_I : add   r9, r9, t1
O3PipeView:decode:62000
O3PipeView:rename:63000
O3PipeView:dispatch:65000
O3PipeView:issue:66000
O3PipeView:complete:67000
O3PipeView:retire:69000:store:0
  79000: global: DynInst: [sn:200] Instruction destroyed. Instcount for system.cpu = 2
  79000: system.cpu: Scheduling next tick!
  80000: system.cpu: 

O3CPU: Ticking main, O3CPU.
  80000: system.cpu.fetch: Running stage.
  80000: system.cpu.fetch: There are no more threads available to fetch from.
  80000: system.cpu.fetch: [tid:0] Fetch is waiting cache response!
  80000: system.cpu.decode: Processing [tid:0]
  80000: system.cpu.decode: [tid:0] Bypass moves from Rename: 0
  80000: system.cpu.decode: [tid:0] Not blocked, so attempting to run stage.
  80000: system.cpu.decode: [tid:0] Nothing to do, breaking out early.
  80000: system.cpu.rename: Processing [tid:0]
  80000: system.cpu.rename: [tid:0] Free IQ: 204, Free ROB: 512, Free LQ: 192, Free SQ: 113, FreeRM 63(473 464 511 1022 63 8 2555)
  80000: system.cpu.rename: [tid:0] 0 instructions not yet in ROB
  80000: system.cpu.rename: calcFreeLQEntries: free lqEntries: 192, loadsInProgress: 0, loads dispatchedToLQ: 0
  80000: system.cpu.rename: [tid:0] Not blocked, so attempting to run stage.
  80000: system.cpu.rename: [tid:0] Nothing to do, breaking out early.
  80000: system.cpu.iew: Issue: Processing [tid:0]
  80000: system.cpu.iew: [tid:0] Not blocked, so attempting to run dispatch.
  80000: system.cpu.iq: Attempting to schedule ready instructions from the IQ.
  80000: system.cpu.iq: Not able to schedule any instructions.
  80000: system.cpu.iew.lsq: [tid:0] Writing back stores. 1 stores available for Writeback.
  80000: system.cpu.iew: Processing [tid:0]
  80000: system.cpu.iew: [tid:0], Dispatch dispatched 0 instructions.
  80000: system.cpu.iew.lsq.thread0: SQ size: 114, #stores occupied: 1
  80000: system.cpu.iew.lsq.thread0: LQ size: 192, #loads occupied: 0
  80000: system.cpu.iew: IQ has 204 free entries (Can schedule: 0).  LQ has 192 free entries. SQ has 113 free entries.
  80000: system.cpu.commit: Getting instructions from Rename stage.
  80000: system.cpu.commit: Trying to commit instructions in the ROB.
  80000: system.cpu.commit: [tid:0] ROB has 0 insts & 512 free entries.
O3PipeView:fetch:62000:0x0040103b:1:260:  ADD_R_I : add   r8, r8, t1
O3PipeView:decode:63000
O3PipeView:rename:64000
O3PipeView:dispatch:66000
O3PipeView:issue:67000
O3PipeView:complete:68000
O3PipeView:retire:70000:store:0
  80000: global: DynInst: [sn:260] Instruction destroyed. Instcount for system.cpu = 1
  80000: system.cpu: Scheduling next tick!
  81000: system.cpu: 

O3CPU: Ticking main, O3CPU.
  81000: system.cpu.fetch: Running stage.
  81000: system.cpu.fetch: There are no more threads available to fetch from.
  81000: system.cpu.fetch: [tid:0] Fetch is waiting cache response!
  81000: system.cpu.decode: Processing [tid:0]
  81000: system.cpu.decode: [tid:0] Bypass moves from Rename: 0
  81000: system.cpu.decode: [tid:0] Not blocked, so attempting to run stage.
  81000: system.cpu.decode: [tid:0] Nothing to do, breaking out early.
  81000: system.cpu.rename: Processing [tid:0]
  81000: system.cpu.rename: [tid:0] Free IQ: 204, Free ROB: 512, Free LQ: 192, Free SQ: 113, FreeRM 63(473 464 511 1022 63 8 2555)
  81000: system.cpu.rename: [tid:0] 0 instructions not yet in ROB
  81000: system.cpu.rename: calcFreeLQEntries: free lqEntries: 192, loadsInProgress: 0, loads dispatchedToLQ: 0
  81000: system.cpu.rename: [tid:0] Not blocked, so attempting to run stage.
  81000: system.cpu.rename: [tid:0] Nothing to do, breaking out early.
  81000: system.cpu.iew: Issue: Processing [tid:0]
  81000: system.cpu.iew: [tid:0] Not blocked, so attempting to run dispatch.
  81000: system.cpu.iq: Attempting to schedule ready instructions from the IQ.
  81000: system.cpu.iq: Not able to schedule any instructions.
  81000: system.cpu.iew.lsq: [tid:0] Writing back stores. 1 stores available for Writeback.
  81000: system.cpu.iew: Processing [tid:0]
  81000: system.cpu.iew: [tid:0], Dispatch dispatched 0 instructions.
  81000: system.cpu.iew.lsq.thread0: SQ size: 114, #stores occupied: 1
  81000: system.cpu.iew.lsq.thread0: LQ size: 192, #loads occupied: 0
  81000: system.cpu.iew: IQ has 204 free entries (Can schedule: 0).  LQ has 192 free entries. SQ has 113 free entries.
  81000: system.cpu.commit: Getting instructions from Rename stage.
  81000: system.cpu.commit: Trying to commit instructions in the ROB.
  81000: system.cpu.commit: [tid:0] ROB has 0 insts & 512 free entries.
  81000: system.cpu: Scheduling next tick!
  82000: system.cpu: 

O3CPU: Ticking main, O3CPU.
  82000: system.cpu.fetch: Running stage.
  82000: system.cpu.fetch: There are no more threads available to fetch from.
  82000: system.cpu.fetch: [tid:0] Fetch is waiting cache response!
  82000: system.cpu.decode: Processing [tid:0]
  82000: system.cpu.decode: [tid:0] Bypass moves from Rename: 0
  82000: system.cpu.decode: [tid:0] Not blocked, so attempting to run stage.
  82000: system.cpu.decode: [tid:0] Nothing to do, breaking out early.
  82000: system.cpu.rename: Processing [tid:0]
  82000: system.cpu.rename: [tid:0] Free IQ: 204, Free ROB: 512, Free LQ: 192, Free SQ: 113, FreeRM 63(473 464 511 1022 63 8 2555)
  82000: system.cpu.rename: [tid:0] 0 instructions not yet in ROB
  82000: system.cpu.rename: calcFreeLQEntries: free lqEntries: 192, loadsInProgress: 0, loads dispatchedToLQ: 0
  82000: system.cpu.rename: [tid:0] Not blocked, so attempting to run stage.
  82000: system.cpu.rename: [tid:0] Nothing to do, breaking out early.
  82000: system.cpu.iew: Issue: Processing [tid:0]
  82000: system.cpu.iew: [tid:0] Not blocked, so attempting to run dispatch.
  82000: system.cpu.iq: Attempting to schedule ready instructions from the IQ.
  82000: system.cpu.iq: Not able to schedule any instructions.
  82000: system.cpu.iew.lsq: [tid:0] Writing back stores. 1 stores available for Writeback.
  82000: system.cpu.iew: Processing [tid:0]
  82000: system.cpu.iew: [tid:0], Dispatch dispatched 0 instructions.
  82000: system.cpu.iew.lsq.thread0: SQ size: 114, #stores occupied: 1
  82000: system.cpu.iew.lsq.thread0: LQ size: 192, #loads occupied: 0
  82000: system.cpu.iew: IQ has 204 free entries (Can schedule: 0).  LQ has 192 free entries. SQ has 113 free entries.
  82000: system.cpu.commit: Getting instructions from Rename stage.
  82000: system.cpu.commit: Trying to commit instructions in the ROB.
  82000: system.cpu.commit: [tid:0] ROB has 0 insts & 512 free entries.
  82000: system.cpu: Activity: 14
  82000: system.cpu: Scheduling next tick!
  83000: system.cpu: 

O3CPU: Ticking main, O3CPU.
  83000: system.cpu.fetch: Running stage.
  83000: system.cpu.fetch: There are no more threads available to fetch from.
  83000: system.cpu.fetch: [tid:0] Fetch is waiting cache response!
  83000: system.cpu.decode: Processing [tid:0]
  83000: system.cpu.decode: [tid:0] Bypass moves from Rename: 0
  83000: system.cpu.decode: [tid:0] Not blocked, so attempting to run stage.
  83000: system.cpu.decode: [tid:0] Nothing to do, breaking out early.
  83000: system.cpu.rename: Processing [tid:0]
  83000: system.cpu.rename: [tid:0] Free IQ: 204, Free ROB: 512, Free LQ: 192, Free SQ: 113, FreeRM 63(473 464 511 1022 63 8 2555)
  83000: system.cpu.rename: [tid:0] 0 instructions not yet in ROB
  83000: system.cpu.rename: calcFreeLQEntries: free lqEntries: 192, loadsInProgress: 0, loads dispatchedToLQ: 0
  83000: system.cpu.rename: [tid:0] Not blocked, so attempting to run stage.
  83000: system.cpu.rename: [tid:0] Nothing to do, breaking out early.
  83000: system.cpu.iew: Issue: Processing [tid:0]
  83000: system.cpu.iew: [tid:0] Not blocked, so attempting to run dispatch.
  83000: system.cpu.iq: Attempting to schedule ready instructions from the IQ.
  83000: system.cpu.iq: Not able to schedule any instructions.
  83000: system.cpu.iew.lsq: [tid:0] Writing back stores. 1 stores available for Writeback.
  83000: system.cpu.iew: Processing [tid:0]
  83000: system.cpu.iew: [tid:0], Dispatch dispatched 0 instructions.
  83000: system.cpu.iew.lsq.thread0: SQ size: 114, #stores occupied: 1
  83000: system.cpu.iew.lsq.thread0: LQ size: 192, #loads occupied: 0
  83000: system.cpu.iew: IQ has 204 free entries (Can schedule: 0).  LQ has 192 free entries. SQ has 113 free entries.
  83000: system.cpu.commit: Getting instructions from Rename stage.
  83000: system.cpu.commit: Trying to commit instructions in the ROB.
  83000: system.cpu.commit: [tid:0] ROB has 0 insts & 512 free entries.
  83000: system.cpu: Activity: 13
  83000: system.cpu: Scheduling next tick!
  84000: system.cpu: 

O3CPU: Ticking main, O3CPU.
  84000: system.cpu.fetch: Running stage.
  84000: system.cpu.fetch: There are no more threads available to fetch from.
  84000: system.cpu.fetch: [tid:0] Fetch is waiting cache response!
  84000: system.cpu.decode: Processing [tid:0]
  84000: system.cpu.decode: [tid:0] Bypass moves from Rename: 0
  84000: system.cpu.decode: [tid:0] Not blocked, so attempting to run stage.
  84000: system.cpu.decode: [tid:0] Nothing to do, breaking out early.
  84000: system.cpu.rename: Processing [tid:0]
  84000: system.cpu.rename: [tid:0] Free IQ: 204, Free ROB: 512, Free LQ: 192, Free SQ: 113, FreeRM 63(473 464 511 1022 63 8 2555)
  84000: system.cpu.rename: [tid:0] 0 instructions not yet in ROB
  84000: system.cpu.rename: calcFreeLQEntries: free lqEntries: 192, loadsInProgress: 0, loads dispatchedToLQ: 0
  84000: system.cpu.rename: [tid:0] Not blocked, so attempting to run stage.
  84000: system.cpu.rename: [tid:0] Nothing to do, breaking out early.
  84000: system.cpu.iew: Issue: Processing [tid:0]
  84000: system.cpu.iew: [tid:0] Not blocked, so attempting to run dispatch.
  84000: system.cpu.iq: Attempting to schedule ready instructions from the IQ.
  84000: system.cpu.iq: Not able to schedule any instructions.
  84000: system.cpu.iew.lsq: [tid:0] Writing back stores. 1 stores available for Writeback.
  84000: system.cpu.iew: Processing [tid:0]
  84000: system.cpu.iew: [tid:0], Dispatch dispatched 0 instructions.
  84000: system.cpu.iew.lsq.thread0: SQ size: 114, #stores occupied: 1
  84000: system.cpu.iew.lsq.thread0: LQ size: 192, #loads occupied: 0
  84000: system.cpu.iew: IQ has 204 free entries (Can schedule: 0).  LQ has 192 free entries. SQ has 113 free entries.
  84000: system.cpu.commit: Getting instructions from Rename stage.
  84000: system.cpu.commit: Trying to commit instructions in the ROB.
  84000: system.cpu.commit: [tid:0] ROB has 0 insts & 512 free entries.
  84000: system.cpu: Activity: 12
  84000: system.cpu: Scheduling next tick!
  85000: system.cpu: 

O3CPU: Ticking main, O3CPU.
  85000: system.cpu.fetch: Running stage.
  85000: system.cpu.fetch: There are no more threads available to fetch from.
  85000: system.cpu.fetch: [tid:0] Fetch is waiting cache response!
  85000: system.cpu.decode: Processing [tid:0]
  85000: system.cpu.decode: [tid:0] Bypass moves from Rename: 0
  85000: system.cpu.decode: [tid:0] Not blocked, so attempting to run stage.
  85000: system.cpu.decode: [tid:0] Nothing to do, breaking out early.
  85000: system.cpu.rename: Processing [tid:0]
  85000: system.cpu.rename: [tid:0] Free IQ: 204, Free ROB: 512, Free LQ: 192, Free SQ: 113, FreeRM 63(473 464 511 1022 63 8 2555)
  85000: system.cpu.rename: [tid:0] 0 instructions not yet in ROB
  85000: system.cpu.rename: calcFreeLQEntries: free lqEntries: 192, loadsInProgress: 0, loads dispatchedToLQ: 0
  85000: system.cpu.rename: [tid:0] Not blocked, so attempting to run stage.
  85000: system.cpu.rename: [tid:0] Nothing to do, breaking out early.
  85000: system.cpu.iew: Issue: Processing [tid:0]
  85000: system.cpu.iew: [tid:0] Not blocked, so attempting to run dispatch.
  85000: system.cpu.iq: Attempting to schedule ready instructions from the IQ.
  85000: system.cpu.iq: Not able to schedule any instructions.
  85000: system.cpu.iew.lsq: [tid:0] Writing back stores. 1 stores available for Writeback.
  85000: system.cpu.iew: Processing [tid:0]
  85000: system.cpu.iew: [tid:0], Dispatch dispatched 0 instructions.
  85000: system.cpu.iew.lsq.thread0: SQ size: 114, #stores occupied: 1
  85000: system.cpu.iew.lsq.thread0: LQ size: 192, #loads occupied: 0
  85000: system.cpu.iew: IQ has 204 free entries (Can schedule: 0).  LQ has 192 free entries. SQ has 113 free entries.
  85000: system.cpu.commit: Getting instructions from Rename stage.
  85000: system.cpu.commit: Trying to commit instructions in the ROB.
  85000: system.cpu.commit: [tid:0] ROB has 0 insts & 512 free entries.
  85000: system.cpu: Activity: 11
  85000: system.cpu: Scheduling next tick!
  86000: system.cpu: 

O3CPU: Ticking main, O3CPU.
  86000: system.cpu.fetch: Running stage.
  86000: system.cpu.fetch: There are no more threads available to fetch from.
  86000: system.cpu.fetch: [tid:0] Fetch is waiting cache response!
  86000: system.cpu.decode: Processing [tid:0]
  86000: system.cpu.decode: [tid:0] Bypass moves from Rename: 0
  86000: system.cpu.decode: [tid:0] Not blocked, so attempting to run stage.
  86000: system.cpu.decode: [tid:0] Nothing to do, breaking out early.
  86000: system.cpu.rename: Processing [tid:0]
  86000: system.cpu.rename: [tid:0] Free IQ: 204, Free ROB: 512, Free LQ: 192, Free SQ: 113, FreeRM 63(473 464 511 1022 63 8 2555)
  86000: system.cpu.rename: [tid:0] 0 instructions not yet in ROB
  86000: system.cpu.rename: calcFreeLQEntries: free lqEntries: 192, loadsInProgress: 0, loads dispatchedToLQ: 0
  86000: system.cpu.rename: [tid:0] Not blocked, so attempting to run stage.
  86000: system.cpu.rename: [tid:0] Nothing to do, breaking out early.
  86000: system.cpu.iew: Issue: Processing [tid:0]
  86000: system.cpu.iew: [tid:0] Not blocked, so attempting to run dispatch.
  86000: system.cpu.iq: Attempting to schedule ready instructions from the IQ.
  86000: system.cpu.iq: Not able to schedule any instructions.
  86000: system.cpu.iew.lsq: [tid:0] Writing back stores. 1 stores available for Writeback.
  86000: system.cpu.iew: Processing [tid:0]
  86000: system.cpu.iew: [tid:0], Dispatch dispatched 0 instructions.
  86000: system.cpu.iew.lsq.thread0: SQ size: 114, #stores occupied: 1
  86000: system.cpu.iew.lsq.thread0: LQ size: 192, #loads occupied: 0
  86000: system.cpu.iew: IQ has 204 free entries (Can schedule: 0).  LQ has 192 free entries. SQ has 113 free entries.
  86000: system.cpu.commit: Getting instructions from Rename stage.
  86000: system.cpu.commit: Trying to commit instructions in the ROB.
  86000: system.cpu.commit: [tid:0] ROB has 0 insts & 512 free entries.
  86000: system.cpu: Activity: 10
  86000: system.cpu: Scheduling next tick!
  87000: system.cpu: 

O3CPU: Ticking main, O3CPU.
  87000: system.cpu.fetch: Running stage.
  87000: system.cpu.fetch: There are no more threads available to fetch from.
  87000: system.cpu.fetch: [tid:0] Fetch is waiting cache response!
  87000: system.cpu.decode: Processing [tid:0]
  87000: system.cpu.decode: [tid:0] Bypass moves from Rename: 0
  87000: system.cpu.decode: [tid:0] Not blocked, so attempting to run stage.
  87000: system.cpu.decode: [tid:0] Nothing to do, breaking out early.
  87000: system.cpu.rename: Processing [tid:0]
  87000: system.cpu.rename: [tid:0] Free IQ: 204, Free ROB: 512, Free LQ: 192, Free SQ: 113, FreeRM 63(473 464 511 1022 63 8 2555)
  87000: system.cpu.rename: [tid:0] 0 instructions not yet in ROB
  87000: system.cpu.rename: calcFreeLQEntries: free lqEntries: 192, loadsInProgress: 0, loads dispatchedToLQ: 0
  87000: system.cpu.rename: [tid:0] Not blocked, so attempting to run stage.
  87000: system.cpu.rename: [tid:0] Nothing to do, breaking out early.
  87000: system.cpu.iew: Issue: Processing [tid:0]
  87000: system.cpu.iew: [tid:0] Not blocked, so attempting to run dispatch.
  87000: system.cpu.iq: Attempting to schedule ready instructions from the IQ.
  87000: system.cpu.iq: Not able to schedule any instructions.
  87000: system.cpu.iew.lsq: [tid:0] Writing back stores. 1 stores available for Writeback.
  87000: system.cpu.iew: Processing [tid:0]
  87000: system.cpu.iew: [tid:0], Dispatch dispatched 0 instructions.
  87000: system.cpu.iew.lsq.thread0: SQ size: 114, #stores occupied: 1
  87000: system.cpu.iew.lsq.thread0: LQ size: 192, #loads occupied: 0
  87000: system.cpu.iew: IQ has 204 free entries (Can schedule: 0).  LQ has 192 free entries. SQ has 113 free entries.
  87000: system.cpu.commit: Getting instructions from Rename stage.
  87000: system.cpu.commit: Trying to commit instructions in the ROB.
  87000: system.cpu.commit: [tid:0] ROB has 0 insts & 512 free entries.
  87000: system.cpu: Activity: 9
  87000: system.cpu: Scheduling next tick!
  88000: system.cpu: 

O3CPU: Ticking main, O3CPU.
  88000: system.cpu.fetch: Running stage.
  88000: system.cpu.fetch: There are no more threads available to fetch from.
  88000: system.cpu.fetch: [tid:0] Fetch is waiting cache response!
  88000: system.cpu.decode: Processing [tid:0]
  88000: system.cpu.decode: [tid:0] Bypass moves from Rename: 0
  88000: system.cpu.decode: [tid:0] Not blocked, so attempting to run stage.
  88000: system.cpu.decode: [tid:0] Nothing to do, breaking out early.
  88000: system.cpu.rename: Processing [tid:0]
  88000: system.cpu.rename: [tid:0] Free IQ: 204, Free ROB: 512, Free LQ: 192, Free SQ: 113, FreeRM 63(473 464 511 1022 63 8 2555)
  88000: system.cpu.rename: [tid:0] 0 instructions not yet in ROB
  88000: system.cpu.rename: calcFreeLQEntries: free lqEntries: 192, loadsInProgress: 0, loads dispatchedToLQ: 0
  88000: system.cpu.rename: [tid:0] Not blocked, so attempting to run stage.
  88000: system.cpu.rename: [tid:0] Nothing to do, breaking out early.
  88000: system.cpu.iew: Issue: Processing [tid:0]
  88000: system.cpu.iew: [tid:0] Not blocked, so attempting to run dispatch.
  88000: system.cpu.iq: Attempting to schedule ready instructions from the IQ.
  88000: system.cpu.iq: Not able to schedule any instructions.
  88000: system.cpu.iew.lsq: [tid:0] Writing back stores. 1 stores available for Writeback.
  88000: system.cpu.iew: Processing [tid:0]
  88000: system.cpu.iew: [tid:0], Dispatch dispatched 0 instructions.
  88000: system.cpu.iew.lsq.thread0: SQ size: 114, #stores occupied: 1
  88000: system.cpu.iew.lsq.thread0: LQ size: 192, #loads occupied: 0
  88000: system.cpu.iew: IQ has 204 free entries (Can schedule: 0).  LQ has 192 free entries. SQ has 113 free entries.
  88000: system.cpu.commit: Getting instructions from Rename stage.
  88000: system.cpu.commit: Trying to commit instructions in the ROB.
  88000: system.cpu.commit: [tid:0] ROB has 0 insts & 512 free entries.
  88000: system.cpu: Activity: 8
  88000: system.cpu: Scheduling next tick!
  89000: system.cpu: 

O3CPU: Ticking main, O3CPU.
  89000: system.cpu.fetch: Running stage.
  89000: system.cpu.fetch: There are no more threads available to fetch from.
  89000: system.cpu.fetch: [tid:0] Fetch is waiting cache response!
  89000: system.cpu.decode: Processing [tid:0]
  89000: system.cpu.decode: [tid:0] Bypass moves from Rename: 0
  89000: system.cpu.decode: [tid:0] Not blocked, so attempting to run stage.
  89000: system.cpu.decode: [tid:0] Nothing to do, breaking out early.
  89000: system.cpu.rename: Processing [tid:0]
  89000: system.cpu.rename: [tid:0] Free IQ: 204, Free ROB: 512, Free LQ: 192, Free SQ: 113, FreeRM 63(473 464 511 1022 63 8 2555)
  89000: system.cpu.rename: [tid:0] 0 instructions not yet in ROB
  89000: system.cpu.rename: calcFreeLQEntries: free lqEntries: 192, loadsInProgress: 0, loads dispatchedToLQ: 0
  89000: system.cpu.rename: [tid:0] Not blocked, so attempting to run stage.
  89000: system.cpu.rename: [tid:0] Nothing to do, breaking out early.
  89000: system.cpu.iew: Issue: Processing [tid:0]
  89000: system.cpu.iew: [tid:0] Not blocked, so attempting to run dispatch.
  89000: system.cpu.iq: Attempting to schedule ready instructions from the IQ.
  89000: system.cpu.iq: Not able to schedule any instructions.
  89000: system.cpu.iew.lsq: [tid:0] Writing back stores. 1 stores available for Writeback.
  89000: system.cpu.iew: Processing [tid:0]
  89000: system.cpu.iew: [tid:0], Dispatch dispatched 0 instructions.
  89000: system.cpu.iew.lsq.thread0: SQ size: 114, #stores occupied: 1
  89000: system.cpu.iew.lsq.thread0: LQ size: 192, #loads occupied: 0
  89000: system.cpu.iew: IQ has 204 free entries (Can schedule: 0).  LQ has 192 free entries. SQ has 113 free entries.
  89000: system.cpu.commit: Getting instructions from Rename stage.
  89000: system.cpu.commit: Trying to commit instructions in the ROB.
  89000: system.cpu.commit: [tid:0] ROB has 0 insts & 512 free entries.
  89000: system.cpu: Activity: 7
  89000: system.cpu: Scheduling next tick!
  90000: system.cpu: 

O3CPU: Ticking main, O3CPU.
  90000: system.cpu.fetch: Running stage.
  90000: system.cpu.fetch: There are no more threads available to fetch from.
  90000: system.cpu.fetch: [tid:0] Fetch is waiting cache response!
  90000: system.cpu.decode: Processing [tid:0]
  90000: system.cpu.decode: [tid:0] Bypass moves from Rename: 0
  90000: system.cpu.decode: [tid:0] Not blocked, so attempting to run stage.
  90000: system.cpu.decode: [tid:0] Nothing to do, breaking out early.
  90000: system.cpu.rename: Processing [tid:0]
  90000: system.cpu.rename: [tid:0] Free IQ: 204, Free ROB: 512, Free LQ: 192, Free SQ: 113, FreeRM 63(473 464 511 1022 63 8 2555)
  90000: system.cpu.rename: [tid:0] 0 instructions not yet in ROB
  90000: system.cpu.rename: calcFreeLQEntries: free lqEntries: 192, loadsInProgress: 0, loads dispatchedToLQ: 0
  90000: system.cpu.rename: [tid:0] Not blocked, so attempting to run stage.
  90000: system.cpu.rename: [tid:0] Nothing to do, breaking out early.
  90000: system.cpu.iew: Issue: Processing [tid:0]
  90000: system.cpu.iew: [tid:0] Not blocked, so attempting to run dispatch.
  90000: system.cpu.iq: Attempting to schedule ready instructions from the IQ.
  90000: system.cpu.iq: Not able to schedule any instructions.
  90000: system.cpu.iew.lsq: [tid:0] Writing back stores. 1 stores available for Writeback.
  90000: system.cpu.iew: Processing [tid:0]
  90000: system.cpu.iew: [tid:0], Dispatch dispatched 0 instructions.
  90000: system.cpu.iew.lsq.thread0: SQ size: 114, #stores occupied: 1
  90000: system.cpu.iew.lsq.thread0: LQ size: 192, #loads occupied: 0
  90000: system.cpu.iew: IQ has 204 free entries (Can schedule: 0).  LQ has 192 free entries. SQ has 113 free entries.
  90000: system.cpu.commit: Getting instructions from Rename stage.
  90000: system.cpu.commit: Trying to commit instructions in the ROB.
  90000: system.cpu.commit: [tid:0] ROB has 0 insts & 512 free entries.
  90000: system.cpu: Activity: 6
  90000: system.cpu: Scheduling next tick!
  91000: system.cpu: 

O3CPU: Ticking main, O3CPU.
  91000: system.cpu.fetch: Running stage.
  91000: system.cpu.fetch: There are no more threads available to fetch from.
  91000: system.cpu.fetch: [tid:0] Fetch is waiting cache response!
  91000: system.cpu.decode: Processing [tid:0]
  91000: system.cpu.decode: [tid:0] Bypass moves from Rename: 0
  91000: system.cpu.decode: [tid:0] Not blocked, so attempting to run stage.
  91000: system.cpu.decode: [tid:0] Nothing to do, breaking out early.
  91000: system.cpu.rename: Processing [tid:0]
  91000: system.cpu.rename: [tid:0] Free IQ: 204, Free ROB: 512, Free LQ: 192, Free SQ: 113, FreeRM 63(473 464 511 1022 63 8 2555)
  91000: system.cpu.rename: [tid:0] 0 instructions not yet in ROB
  91000: system.cpu.rename: calcFreeLQEntries: free lqEntries: 192, loadsInProgress: 0, loads dispatchedToLQ: 0
  91000: system.cpu.rename: [tid:0] Not blocked, so attempting to run stage.
  91000: system.cpu.rename: [tid:0] Nothing to do, breaking out early.
  91000: system.cpu.iew: Issue: Processing [tid:0]
  91000: system.cpu.iew: [tid:0] Not blocked, so attempting to run dispatch.
  91000: system.cpu.iq: Attempting to schedule ready instructions from the IQ.
  91000: system.cpu.iq: Not able to schedule any instructions.
  91000: system.cpu.iew.lsq: [tid:0] Writing back stores. 1 stores available for Writeback.
  91000: system.cpu.iew: Processing [tid:0]
  91000: system.cpu.iew: [tid:0], Dispatch dispatched 0 instructions.
  91000: system.cpu.iew.lsq.thread0: SQ size: 114, #stores occupied: 1
  91000: system.cpu.iew.lsq.thread0: LQ size: 192, #loads occupied: 0
  91000: system.cpu.iew: IQ has 204 free entries (Can schedule: 0).  LQ has 192 free entries. SQ has 113 free entries.
  91000: system.cpu.commit: Getting instructions from Rename stage.
  91000: system.cpu.commit: Trying to commit instructions in the ROB.
  91000: system.cpu.commit: [tid:0] ROB has 0 insts & 512 free entries.
  91000: system.cpu: Activity: 5
  91000: system.cpu: Scheduling next tick!
  92000: system.cpu: 

O3CPU: Ticking main, O3CPU.
  92000: system.cpu.fetch: Running stage.
  92000: system.cpu.fetch: There are no more threads available to fetch from.
  92000: system.cpu.fetch: [tid:0] Fetch is waiting cache response!
  92000: system.cpu.decode: Processing [tid:0]
  92000: system.cpu.decode: [tid:0] Bypass moves from Rename: 0
  92000: system.cpu.decode: [tid:0] Not blocked, so attempting to run stage.
  92000: system.cpu.decode: [tid:0] Nothing to do, breaking out early.
  92000: system.cpu.rename: Processing [tid:0]
  92000: system.cpu.rename: [tid:0] Free IQ: 204, Free ROB: 512, Free LQ: 192, Free SQ: 113, FreeRM 63(473 464 511 1022 63 8 2555)
  92000: system.cpu.rename: [tid:0] 0 instructions not yet in ROB
  92000: system.cpu.rename: calcFreeLQEntries: free lqEntries: 192, loadsInProgress: 0, loads dispatchedToLQ: 0
  92000: system.cpu.rename: [tid:0] Not blocked, so attempting to run stage.
  92000: system.cpu.rename: [tid:0] Nothing to do, breaking out early.
  92000: system.cpu.iew: Issue: Processing [tid:0]
  92000: system.cpu.iew: [tid:0] Not blocked, so attempting to run dispatch.
  92000: system.cpu.iq: Attempting to schedule ready instructions from the IQ.
  92000: system.cpu.iq: Not able to schedule any instructions.
  92000: system.cpu.iew.lsq: [tid:0] Writing back stores. 1 stores available for Writeback.
  92000: system.cpu.iew: Processing [tid:0]
  92000: system.cpu.iew: [tid:0], Dispatch dispatched 0 instructions.
  92000: system.cpu.iew.lsq.thread0: SQ size: 114, #stores occupied: 1
  92000: system.cpu.iew.lsq.thread0: LQ size: 192, #loads occupied: 0
  92000: system.cpu.iew: IQ has 204 free entries (Can schedule: 0).  LQ has 192 free entries. SQ has 113 free entries.
  92000: system.cpu.commit: Getting instructions from Rename stage.
  92000: system.cpu.commit: Trying to commit instructions in the ROB.
  92000: system.cpu.commit: [tid:0] ROB has 0 insts & 512 free entries.
  92000: system.cpu: Activity: 4
  92000: system.cpu: Scheduling next tick!
  93000: system.cpu: 

O3CPU: Ticking main, O3CPU.
  93000: system.cpu.fetch: Running stage.
  93000: system.cpu.fetch: There are no more threads available to fetch from.
  93000: system.cpu.fetch: [tid:0] Fetch is waiting cache response!
  93000: system.cpu.decode: Processing [tid:0]
  93000: system.cpu.decode: [tid:0] Bypass moves from Rename: 0
  93000: system.cpu.decode: [tid:0] Not blocked, so attempting to run stage.
  93000: system.cpu.decode: [tid:0] Nothing to do, breaking out early.
  93000: system.cpu.rename: Processing [tid:0]
  93000: system.cpu.rename: [tid:0] Free IQ: 204, Free ROB: 512, Free LQ: 192, Free SQ: 113, FreeRM 63(473 464 511 1022 63 8 2555)
  93000: system.cpu.rename: [tid:0] 0 instructions not yet in ROB
  93000: system.cpu.rename: calcFreeLQEntries: free lqEntries: 192, loadsInProgress: 0, loads dispatchedToLQ: 0
  93000: system.cpu.rename: [tid:0] Not blocked, so attempting to run stage.
  93000: system.cpu.rename: [tid:0] Nothing to do, breaking out early.
  93000: system.cpu.iew: Issue: Processing [tid:0]
  93000: system.cpu.iew: [tid:0] Not blocked, so attempting to run dispatch.
  93000: system.cpu.iq: Attempting to schedule ready instructions from the IQ.
  93000: system.cpu.iq: Not able to schedule any instructions.
  93000: system.cpu.iew.lsq: [tid:0] Writing back stores. 1 stores available for Writeback.
  93000: system.cpu.iew: Processing [tid:0]
  93000: system.cpu.iew: [tid:0], Dispatch dispatched 0 instructions.
  93000: system.cpu.iew.lsq.thread0: SQ size: 114, #stores occupied: 1
  93000: system.cpu.iew.lsq.thread0: LQ size: 192, #loads occupied: 0
  93000: system.cpu.iew: IQ has 204 free entries (Can schedule: 0).  LQ has 192 free entries. SQ has 113 free entries.
  93000: system.cpu.commit: Getting instructions from Rename stage.
  93000: system.cpu.commit: Trying to commit instructions in the ROB.
  93000: system.cpu.commit: [tid:0] ROB has 0 insts & 512 free entries.
  93000: system.cpu: Activity: 3
  93000: system.cpu: Scheduling next tick!
  94000: system.cpu: 

O3CPU: Ticking main, O3CPU.
  94000: system.cpu.fetch: Running stage.
  94000: system.cpu.fetch: There are no more threads available to fetch from.
  94000: system.cpu.fetch: [tid:0] Fetch is waiting cache response!
  94000: system.cpu.decode: Processing [tid:0]
  94000: system.cpu.decode: [tid:0] Bypass moves from Rename: 0
  94000: system.cpu.decode: [tid:0] Not blocked, so attempting to run stage.
  94000: system.cpu.decode: [tid:0] Nothing to do, breaking out early.
  94000: system.cpu.rename: Processing [tid:0]
  94000: system.cpu.rename: [tid:0] Free IQ: 204, Free ROB: 512, Free LQ: 192, Free SQ: 113, FreeRM 63(473 464 511 1022 63 8 2555)
  94000: system.cpu.rename: [tid:0] 0 instructions not yet in ROB
  94000: system.cpu.rename: calcFreeLQEntries: free lqEntries: 192, loadsInProgress: 0, loads dispatchedToLQ: 0
  94000: system.cpu.rename: [tid:0] Not blocked, so attempting to run stage.
  94000: system.cpu.rename: [tid:0] Nothing to do, breaking out early.
  94000: system.cpu.iew: Issue: Processing [tid:0]
  94000: system.cpu.iew: [tid:0] Not blocked, so attempting to run dispatch.
  94000: system.cpu.iq: Attempting to schedule ready instructions from the IQ.
  94000: system.cpu.iq: Not able to schedule any instructions.
  94000: system.cpu.iew.lsq: [tid:0] Writing back stores. 1 stores available for Writeback.
  94000: system.cpu.iew: Processing [tid:0]
  94000: system.cpu.iew: [tid:0], Dispatch dispatched 0 instructions.
  94000: system.cpu.iew.lsq.thread0: SQ size: 114, #stores occupied: 1
  94000: system.cpu.iew.lsq.thread0: LQ size: 192, #loads occupied: 0
  94000: system.cpu.iew: IQ has 204 free entries (Can schedule: 0).  LQ has 192 free entries. SQ has 113 free entries.
  94000: system.cpu.commit: Getting instructions from Rename stage.
  94000: system.cpu.commit: Trying to commit instructions in the ROB.
  94000: system.cpu.commit: [tid:0] ROB has 0 insts & 512 free entries.
  94000: system.cpu: Activity: 2
  94000: system.cpu: Scheduling next tick!
  95000: system.cpu: 

O3CPU: Ticking main, O3CPU.
  95000: system.cpu.fetch: Running stage.
  95000: system.cpu.fetch: There are no more threads available to fetch from.
  95000: system.cpu.fetch: [tid:0] Fetch is waiting cache response!
  95000: system.cpu.decode: Processing [tid:0]
  95000: system.cpu.decode: [tid:0] Bypass moves from Rename: 0
  95000: system.cpu.decode: [tid:0] Not blocked, so attempting to run stage.
  95000: system.cpu.decode: [tid:0] Nothing to do, breaking out early.
  95000: system.cpu.rename: Processing [tid:0]
  95000: system.cpu.rename: [tid:0] Free IQ: 204, Free ROB: 512, Free LQ: 192, Free SQ: 113, FreeRM 63(473 464 511 1022 63 8 2555)
  95000: system.cpu.rename: [tid:0] 0 instructions not yet in ROB
  95000: system.cpu.rename: calcFreeLQEntries: free lqEntries: 192, loadsInProgress: 0, loads dispatchedToLQ: 0
  95000: system.cpu.rename: [tid:0] Not blocked, so attempting to run stage.
  95000: system.cpu.rename: [tid:0] Nothing to do, breaking out early.
  95000: system.cpu.iew: Issue: Processing [tid:0]
  95000: system.cpu.iew: [tid:0] Not blocked, so attempting to run dispatch.
  95000: system.cpu.iq: Attempting to schedule ready instructions from the IQ.
  95000: system.cpu.iq: Not able to schedule any instructions.
  95000: system.cpu.iew.lsq: [tid:0] Writing back stores. 1 stores available for Writeback.
  95000: system.cpu.iew: Processing [tid:0]
  95000: system.cpu.iew: [tid:0], Dispatch dispatched 0 instructions.
  95000: system.cpu.iew.lsq.thread0: SQ size: 114, #stores occupied: 1
  95000: system.cpu.iew.lsq.thread0: LQ size: 192, #loads occupied: 0
  95000: system.cpu.iew: IQ has 204 free entries (Can schedule: 0).  LQ has 192 free entries. SQ has 113 free entries.
  95000: system.cpu.commit: Getting instructions from Rename stage.
  95000: system.cpu.commit: Trying to commit instructions in the ROB.
  95000: system.cpu.commit: [tid:0] ROB has 0 insts & 512 free entries.
  95000: system.cpu: Activity: 1
  95000: system.cpu: Scheduling next tick!
  96000: system.cpu: 

O3CPU: Ticking main, O3CPU.
  96000: system.cpu.fetch: Running stage.
  96000: system.cpu.fetch: There are no more threads available to fetch from.
  96000: system.cpu.fetch: [tid:0] Fetch is waiting cache response!
  96000: system.cpu.decode: Processing [tid:0]
  96000: system.cpu.decode: [tid:0] Bypass moves from Rename: 0
  96000: system.cpu.decode: [tid:0] Not blocked, so attempting to run stage.
  96000: system.cpu.decode: [tid:0] Nothing to do, breaking out early.
  96000: system.cpu.rename: Processing [tid:0]
  96000: system.cpu.rename: [tid:0] Free IQ: 204, Free ROB: 512, Free LQ: 192, Free SQ: 113, FreeRM 63(473 464 511 1022 63 8 2555)
  96000: system.cpu.rename: [tid:0] 0 instructions not yet in ROB
  96000: system.cpu.rename: calcFreeLQEntries: free lqEntries: 192, loadsInProgress: 0, loads dispatchedToLQ: 0
  96000: system.cpu.rename: [tid:0] Not blocked, so attempting to run stage.
  96000: system.cpu.rename: [tid:0] Nothing to do, breaking out early.
  96000: system.cpu.iew: Issue: Processing [tid:0]
  96000: system.cpu.iew: [tid:0] Not blocked, so attempting to run dispatch.
  96000: system.cpu.iq: Attempting to schedule ready instructions from the IQ.
  96000: system.cpu.iq: Not able to schedule any instructions.
  96000: system.cpu.iew.lsq: [tid:0] Writing back stores. 1 stores available for Writeback.
  96000: system.cpu.iew: Processing [tid:0]
  96000: system.cpu.iew: [tid:0], Dispatch dispatched 0 instructions.
  96000: system.cpu.iew.lsq.thread0: SQ size: 114, #stores occupied: 1
  96000: system.cpu.iew.lsq.thread0: LQ size: 192, #loads occupied: 0
  96000: system.cpu.iew: IQ has 204 free entries (Can schedule: 0).  LQ has 192 free entries. SQ has 113 free entries.
  96000: system.cpu.commit: Getting instructions from Rename stage.
  96000: system.cpu.commit: Trying to commit instructions in the ROB.
  96000: system.cpu.commit: [tid:0] ROB has 0 insts & 512 free entries.
  96000: system.cpu: Activity: 0
  96000: system.cpu: No activity left!
  96000: system.cpu: Idle!
 119001: system.cpu.icache_port: Fetch unit received timing
 119001: system.cpu.fetch: [tid:0] Waking up from cache miss.
 119001: system.cpu: Waking up CPU
 119001: system.cpu.fetch: [tid:0] Activating fetch due to cache completion
 119001: system.cpu.fetch: Activating stage.
 119001: system.cpu: Activity: 1
 120000: system.cpu: 

O3CPU: Ticking main, O3CPU.
 120000: system.cpu.fetch: Running stage.
 120000: system.cpu.fetch: Attempting to fetch from [tid:0]
 120000: system.cpu.fetch: [tid:0] Icache miss is complete.
 120000: system.cpu.fetch: [tid:0] Adding instructions to queue to decode.
 120000: system.cpu.decoder: Decode: Decoded add instruction: 
{
	leg = 0,
	rex = 0x49,
	vex/xop = 0,
	op = {
		type = one byte,
		op = 0x83,
		},
	modRM = 0xc1,
	sib = 0,
	immediate = 0xa,
	displacement = 0
	dispSize = 0}

 120000: global: DynInst: [sn:270] Instruction created. Instcount for system.cpu = 2
 120000: system.cpu.fetch: [tid:0] Instruction PC (0x40103f=>0x401043).(0=>1) created [sn:270].
 120000: system.cpu.fetch: [tid:0] Instruction is:   ADD_R_I : limm   t1, 0xa
 120000: system.cpu.fetch: [tid:0] Fetch queue entry created (1/128).
 120000: global: DynInst: [sn:280] Instruction created. Instcount for system.cpu = 3
 120000: system.cpu.fetch: [tid:0] Instruction PC (0x40103f=>0x401043).(1=>2) created [sn:280].
 120000: system.cpu.fetch: [tid:0] Instruction is:   ADD_R_I : add   r9, r9, t1
 120000: system.cpu.fetch: [tid:0] Fetch queue entry created (2/128).
 120000: system.cpu.decoder: Decode: Decoded add instruction: 
{
	leg = 0,
	rex = 0x49,
	vex/xop = 0,
	op = {
		type = one byte,
		op = 0x83,
		},
	modRM = 0xc2,
	sib = 0,
	immediate = 0xb,
	displacement = 0
	dispSize = 0}

 120000: global: DynInst: [sn:290] Instruction created. Instcount for system.cpu = 4
 120000: system.cpu.fetch: [tid:0] Instruction PC (0x401043=>0x401047).(0=>1) created [sn:290].
 120000: system.cpu.fetch: [tid:0] Instruction is:   ADD_R_I : limm   t1, 0xb
 120000: system.cpu.fetch: [tid:0] Fetch queue entry created (3/128).
 120000: global: DynInst: [sn:300] Instruction created. Instcount for system.cpu = 5
 120000: system.cpu.fetch: [tid:0] Instruction PC (0x401043=>0x401047).(1=>2) created [sn:300].
 120000: system.cpu.fetch: [tid:0] Instruction is:   ADD_R_I : add   r10, r10, t1
 120000: system.cpu.fetch: [tid:0] Fetch queue entry created (4/128).
 120000: system.cpu.decoder: Decode: Decoded add instruction: 
{
	leg = 0,
	rex = 0x49,
	vex/xop = 0,
	op = {
		type = one byte,
		op = 0x83,
		},
	modRM = 0xc3,
	sib = 0,
	immediate = 0xc,
	displacement = 0
	dispSize = 0}

 120000: global: DynInst: [sn:310] Instruction created. Instcount for system.cpu = 6
 120000: system.cpu.fetch: [tid:0] Instruction PC (0x401047=>0x40104b).(0=>1) created [sn:310].
 120000: system.cpu.fetch: [tid:0] Instruction is:   ADD_R_I : limm   t1, 0xc
 120000: system.cpu.fetch: [tid:0] Fetch queue entry created (5/128).
 120000: global: DynInst: [sn:320] Instruction created. Instcount for system.cpu = 7
 120000: system.cpu.fetch: [tid:0] Instruction PC (0x401047=>0x40104b).(1=>2) created [sn:320].
 120000: system.cpu.fetch: [tid:0] Instruction is:   ADD_R_I : add   r11, r11, t1
 120000: system.cpu.fetch: [tid:0] Fetch queue entry created (6/128).
 120000: system.cpu.fetch: [tid:0] Done fetching, reached fetch bandwidth for this cycle.
 120000: system.cpu.fetch: [tid:0] [sn:270] Sending instruction to decode from fetch queue. Fetch queue size: 6.
 120000: system.cpu.fetch: [tid:0] [sn:280] Sending instruction to decode from fetch queue. Fetch queue size: 5.
 120000: system.cpu.fetch: [tid:0] [sn:290] Sending instruction to decode from fetch queue. Fetch queue size: 4.
 120000: system.cpu.fetch: [tid:0] [sn:300] Sending instruction to decode from fetch queue. Fetch queue size: 3.
 120000: system.cpu.fetch: [tid:0] [sn:310] Sending instruction to decode from fetch queue. Fetch queue size: 2.
 120000: system.cpu.fetch: [tid:0] [sn:320] Sending instruction to decode from fetch queue. Fetch queue size: 1.
 120000: system.cpu.fetch: Activity this cycle.
 120000: system.cpu: Activity: 2
 120000: system.cpu.decode: Processing [tid:0]
 120000: system.cpu.decode: [tid:0] Bypass moves from Rename: 0
 120000: system.cpu.decode: [tid:0] Not blocked, so attempting to run stage.
 120000: system.cpu.decode: [tid:0] Nothing to do, breaking out early.
 120000: system.cpu.rename: Processing [tid:0]
 120000: system.cpu.rename: [tid:0] Free IQ: 204, Free ROB: 512, Free LQ: 192, Free SQ: 113, FreeRM 63(473 464 511 1022 63 8 2555)
 120000: system.cpu.rename: [tid:0] 0 instructions not yet in ROB
 120000: system.cpu.rename: calcFreeLQEntries: free lqEntries: 192, loadsInProgress: 0, loads dispatchedToLQ: 0
 120000: system.cpu.rename: [tid:0] Not blocked, so attempting to run stage.
 120000: system.cpu.rename: [tid:0] Nothing to do, breaking out early.
 120000: system.cpu.iew: Issue: Processing [tid:0]
 120000: system.cpu.iew: [tid:0] Not blocked, so attempting to run dispatch.
 120000: system.cpu.iq: Attempting to schedule ready instructions from the IQ.
 120000: system.cpu.iq: Not able to schedule any instructions.
 120000: system.cpu.iew.lsq: [tid:0] Writing back stores. 1 stores available for Writeback.
 120000: system.cpu.iew: Processing [tid:0]
 120000: system.cpu.iew: [tid:0], Dispatch dispatched 0 instructions.
 120000: system.cpu.iew.lsq.thread0: SQ size: 114, #stores occupied: 1
 120000: system.cpu.iew.lsq.thread0: LQ size: 192, #loads occupied: 0
 120000: system.cpu.iew: IQ has 204 free entries (Can schedule: 0).  LQ has 192 free entries. SQ has 113 free entries.
 120000: system.cpu.commit: Getting instructions from Rename stage.
 120000: system.cpu.commit: Trying to commit instructions in the ROB.
 120000: system.cpu.commit: [tid:0] ROB has 0 insts & 512 free entries.
 120000: system.cpu: Scheduling next tick!
 121000: system.cpu: 

O3CPU: Ticking main, O3CPU.
 121000: system.cpu.fetch: Running stage.
 121000: system.cpu.fetch: Attempting to fetch from [tid:0]
 121000: system.cpu.fetch: [tid:0] Adding instructions to queue to decode.
 121000: system.cpu.decoder: Decode: Decoded imul instruction: 
{
	leg = 0,
	rex = 0x4d,
	vex/xop = 0,
	op = {
		type = two byte,
		op = 0xaf,
		},
	modRM = 0xc8,
	sib = 0,
	immediate = 0,
	displacement = 0
	dispSize = 0}

 121000: global: DynInst: [sn:330] Instruction created. Instcount for system.cpu = 8
 121000: system.cpu.fetch: [tid:0] Instruction PC (0x40104b=>0x40104f).(0=>1) created [sn:330].
 121000: system.cpu.fetch: [tid:0] Instruction is:   IMUL_R_R : mul1s   r9, r8
 121000: system.cpu.fetch: [tid:0] Fetch queue entry created (1/128).
 121000: global: DynInst: [sn:340] Instruction created. Instcount for system.cpu = 9
 121000: system.cpu.fetch: [tid:0] Instruction PC (0x40104b=>0x40104f).(1=>2) created [sn:340].
 121000: system.cpu.fetch: [tid:0] Instruction is:   IMUL_R_R : mulel   r9, r9
 121000: system.cpu.fetch: [tid:0] Fetch queue entry created (2/128).
 121000: global: DynInst: [sn:350] Instruction created. Instcount for system.cpu = 10
 121000: system.cpu.fetch: [tid:0] Instruction PC (0x40104b=>0x40104f).(2=>3) created [sn:350].
 121000: system.cpu.fetch: [tid:0] Instruction is:   IMUL_R_R : muleh   t0, t0
 121000: system.cpu.fetch: [tid:0] Fetch queue entry created (3/128).
 121000: system.cpu.decoder: Decode: Decoded imul instruction: 
{
	leg = 0,
	rex = 0x4d,
	vex/xop = 0,
	op = {
		type = two byte,
		op = 0xaf,
		},
	modRM = 0xda,
	sib = 0,
	immediate = 0,
	displacement = 0
	dispSize = 0}

 121000: global: DynInst: [sn:360] Instruction created. Instcount for system.cpu = 11
 121000: system.cpu.fetch: [tid:0] Instruction PC (0x40104f=>0x401053).(0=>1) created [sn:360].
 121000: system.cpu.fetch: [tid:0] Instruction is:   IMUL_R_R : mul1s   r11, r10
 121000: system.cpu.fetch: [tid:0] Fetch queue entry created (4/128).
 121000: global: DynInst: [sn:370] Instruction created. Instcount for system.cpu = 12
 121000: system.cpu.fetch: [tid:0] Instruction PC (0x40104f=>0x401053).(1=>2) created [sn:370].
 121000: system.cpu.fetch: [tid:0] Instruction is:   IMUL_R_R : mulel   r11, r11
 121000: system.cpu.fetch: [tid:0] Fetch queue entry created (5/128).
 121000: global: DynInst: [sn:380] Instruction created. Instcount for system.cpu = 13
 121000: system.cpu.fetch: [tid:0] Instruction PC (0x40104f=>0x401053).(2=>3) created [sn:380].
 121000: system.cpu.fetch: [tid:0] Instruction is:   IMUL_R_R : muleh   t0, t0
 121000: system.cpu.fetch: [tid:0] Fetch queue entry created (6/128).
 121000: system.cpu.fetch: [tid:0] Done fetching, reached fetch bandwidth for this cycle.
 121000: system.cpu.fetch: [tid:0] [sn:330] Sending instruction to decode from fetch queue. Fetch queue size: 6.
 121000: system.cpu.fetch: [tid:0] [sn:340] Sending instruction to decode from fetch queue. Fetch queue size: 5.
 121000: system.cpu.fetch: [tid:0] [sn:350] Sending instruction to decode from fetch queue. Fetch queue size: 4.
 121000: system.cpu.fetch: [tid:0] [sn:360] Sending instruction to decode from fetch queue. Fetch queue size: 3.
 121000: system.cpu.fetch: [tid:0] [sn:370] Sending instruction to decode from fetch queue. Fetch queue size: 2.
 121000: system.cpu.fetch: [tid:0] [sn:380] Sending instruction to decode from fetch queue. Fetch queue size: 1.
 121000: system.cpu.fetch: Activity this cycle.
 121000: system.cpu: Activity: 3
 121000: system.cpu.decode: Processing [tid:0]
 121000: system.cpu.decode: [tid:0] Bypass moves from Rename: 0
 121000: system.cpu.decode: [tid:0] Not blocked, so attempting to run stage.
 121000: system.cpu.decode: [tid:0] Sending instruction to rename.
 121000: system.cpu.decode: [tid:0] Processing instruction [sn:270] with PC (0x40103f=>0x401043).(0=>1)
 121000: system.cpu.decode: [tid:0] Processing instruction [sn:280] with PC (0x40103f=>0x401043).(1=>2)
 121000: system.cpu.decode: [tid:0] Processing instruction [sn:290] with PC (0x401043=>0x401047).(0=>1)
 121000: system.cpu.decode: [tid:0] Processing instruction [sn:300] with PC (0x401043=>0x401047).(1=>2)
 121000: system.cpu.decode: [tid:0] Processing instruction [sn:310] with PC (0x401047=>0x40104b).(0=>1)
 121000: system.cpu.decode: [tid:0] Processing instruction [sn:320] with PC (0x401047=>0x40104b).(1=>2)
 121000: system.cpu.decode: Activity this cycle.
 121000: system.cpu.rename: Processing [tid:0]
 121000: system.cpu.rename: [tid:0] Free IQ: 204, Free ROB: 512, Free LQ: 192, Free SQ: 113, FreeRM 63(473 464 511 1022 63 8 2555)
 121000: system.cpu.rename: [tid:0] 0 instructions not yet in ROB
 121000: system.cpu.rename: calcFreeLQEntries: free lqEntries: 192, loadsInProgress: 0, loads dispatchedToLQ: 0
 121000: system.cpu.rename: [tid:0] Not blocked, so attempting to run stage.
 121000: system.cpu.rename: [tid:0] Nothing to do, breaking out early.
 121000: system.cpu.iew: Issue: Processing [tid:0]
 121000: system.cpu.iew: [tid:0] Not blocked, so attempting to run dispatch.
 121000: system.cpu.iq: Attempting to schedule ready instructions from the IQ.
 121000: system.cpu.iq: Not able to schedule any instructions.
 121000: system.cpu.iew.lsq: [tid:0] Writing back stores. 1 stores available for Writeback.
 121000: system.cpu.iew: Processing [tid:0]
 121000: system.cpu.iew: [tid:0], Dispatch dispatched 0 instructions.
 121000: system.cpu.iew.lsq.thread0: SQ size: 114, #stores occupied: 1
 121000: system.cpu.iew.lsq.thread0: LQ size: 192, #loads occupied: 0
 121000: system.cpu.iew: IQ has 204 free entries (Can schedule: 0).  LQ has 192 free entries. SQ has 113 free entries.
 121000: system.cpu.commit: Getting instructions from Rename stage.
 121000: system.cpu.commit: Trying to commit instructions in the ROB.
 121000: system.cpu.commit: [tid:0] ROB has 0 insts & 512 free entries.
 121000: system.cpu: Scheduling next tick!
 122000: system.cpu: 

O3CPU: Ticking main, O3CPU.
 122000: system.cpu.fetch: Running stage.
 122000: system.cpu.fetch: Attempting to fetch from [tid:0]
 122000: system.cpu.fetch: [tid:0] Adding instructions to queue to decode.
 122000: system.cpu.decoder: Decode: Decoded imul instruction: 
{
	leg = 0,
	rex = 0x4d,
	vex/xop = 0,
	op = {
		type = two byte,
		op = 0xaf,
		},
	modRM = 0xd8,
	sib = 0,
	immediate = 0,
	displacement = 0
	dispSize = 0}

 122000: global: DynInst: [sn:390] Instruction created. Instcount for system.cpu = 14
 122000: system.cpu.fetch: [tid:0] Instruction PC (0x401053=>0x401057).(0=>1) created [sn:390].
 122000: system.cpu.fetch: [tid:0] Instruction is:   IMUL_R_R : mul1s   r11, r8
 122000: system.cpu.fetch: [tid:0] Fetch queue entry created (1/128).
 122000: global: DynInst: [sn:400] Instruction created. Instcount for system.cpu = 15
 122000: system.cpu.fetch: [tid:0] Instruction PC (0x401053=>0x401057).(1=>2) created [sn:400].
 122000: system.cpu.fetch: [tid:0] Instruction is:   IMUL_R_R : mulel   r11, r11
 122000: system.cpu.fetch: [tid:0] Fetch queue entry created (2/128).
 122000: global: DynInst: [sn:410] Instruction created. Instcount for system.cpu = 16
 122000: system.cpu.fetch: [tid:0] Instruction PC (0x401053=>0x401057).(2=>3) created [sn:410].
 122000: system.cpu.fetch: [tid:0] Instruction is:   IMUL_R_R : muleh   t0, t0
 122000: system.cpu.fetch: [tid:0] Fetch queue entry created (3/128).
 122000: system.cpu.decoder: Decode: Decoded imul instruction: 
{
	leg = 0,
	rex = 0x4d,
	vex/xop = 0,
	op = {
		type = two byte,
		op = 0xaf,
		},
	modRM = 0xd1,
	sib = 0,
	immediate = 0,
	displacement = 0
	dispSize = 0}

 122000: global: DynInst: [sn:420] Instruction created. Instcount for system.cpu = 17
 122000: system.cpu.fetch: [tid:0] Instruction PC (0x401057=>0x40105b).(0=>1) created [sn:420].
 122000: system.cpu.fetch: [tid:0] Instruction is:   IMUL_R_R : mul1s   r10, r9
 122000: system.cpu.fetch: [tid:0] Fetch queue entry created (4/128).
 122000: global: DynInst: [sn:430] Instruction created. Instcount for system.cpu = 18
 122000: system.cpu.fetch: [tid:0] Instruction PC (0x401057=>0x40105b).(1=>2) created [sn:430].
 122000: system.cpu.fetch: [tid:0] Instruction is:   IMUL_R_R : mulel   r10, r10
 122000: system.cpu.fetch: [tid:0] Fetch queue entry created (5/128).
 122000: global: DynInst: [sn:440] Instruction created. Instcount for system.cpu = 19
 122000: system.cpu.fetch: [tid:0] Instruction PC (0x401057=>0x40105b).(2=>3) created [sn:440].
 122000: system.cpu.fetch: [tid:0] Instruction is:   IMUL_R_R : muleh   t0, t0
 122000: system.cpu.fetch: [tid:0] Fetch queue entry created (6/128).
 122000: system.cpu.fetch: [tid:0] Done fetching, reached fetch bandwidth for this cycle.
 122000: system.cpu.fetch: [tid:0] [sn:390] Sending instruction to decode from fetch queue. Fetch queue size: 6.
 122000: system.cpu.fetch: [tid:0] [sn:400] Sending instruction to decode from fetch queue. Fetch queue size: 5.
 122000: system.cpu.fetch: [tid:0] [sn:410] Sending instruction to decode from fetch queue. Fetch queue size: 4.
 122000: system.cpu.fetch: [tid:0] [sn:420] Sending instruction to decode from fetch queue. Fetch queue size: 3.
 122000: system.cpu.fetch: [tid:0] [sn:430] Sending instruction to decode from fetch queue. Fetch queue size: 2.
 122000: system.cpu.fetch: [tid:0] [sn:440] Sending instruction to decode from fetch queue. Fetch queue size: 1.
 122000: system.cpu.fetch: Activity this cycle.
 122000: system.cpu: Activity: 4
 122000: system.cpu.decode: Processing [tid:0]
 122000: system.cpu.decode: [tid:0] Bypass moves from Rename: 0
 122000: system.cpu.decode: [tid:0] Not blocked, so attempting to run stage.
 122000: system.cpu.decode: [tid:0] Sending instruction to rename.
 122000: system.cpu.decode: [tid:0] Processing instruction [sn:330] with PC (0x40104b=>0x40104f).(0=>1)
 122000: system.cpu.decode: [tid:0] Processing instruction [sn:340] with PC (0x40104b=>0x40104f).(1=>2)
 122000: system.cpu.decode: [tid:0] Processing instruction [sn:350] with PC (0x40104b=>0x40104f).(2=>3)
 122000: system.cpu.decode: [tid:0] Processing instruction [sn:360] with PC (0x40104f=>0x401053).(0=>1)
 122000: system.cpu.decode: [tid:0] Processing instruction [sn:370] with PC (0x40104f=>0x401053).(1=>2)
 122000: system.cpu.decode: [tid:0] Processing instruction [sn:380] with PC (0x40104f=>0x401053).(2=>3)
 122000: system.cpu.decode: Activity this cycle.
 122000: system.cpu.rename: Processing [tid:0]
 122000: system.cpu.rename: [tid:0] Free IQ: 204, Free ROB: 512, Free LQ: 192, Free SQ: 113, FreeRM 63(473 464 511 1022 63 8 2555)
 122000: system.cpu.rename: [tid:0] 0 instructions not yet in ROB
 122000: system.cpu.rename: calcFreeLQEntries: free lqEntries: 192, loadsInProgress: 0, loads dispatchedToLQ: 0
 122000: system.cpu.rename: [tid:0] Not blocked, so attempting to run stage.
 122000: system.cpu.rename: [tid:0] 6 available instructions to send iew.
 122000: system.cpu.rename: [tid:0] 0 insts pipelining from Rename | 0 insts dispatched to IQ last cycle.
 122000: system.cpu.rename: [tid:0] Sending instructions to IEW.
 122000: system.cpu.rename: [tid:0] Processing instruction [sn:270] with PC (0x40103f=>0x401043).(0=>1).
 122000: global: Renamed reg t1 to physical reg 64 (64) old mapping was 62 (62)
 122000: system.cpu.rename: [tid:0] Renaming arch reg 17 (integer) to physical reg 64 (64).
 122000: system.cpu.rename: [tid:0] [sn:270] Adding instruction to history buffer (size=1).
 122000: system.cpu.rename: [tid:0] Processing instruction [sn:280] with PC (0x40103f=>0x401043).(1=>2).
 122000: system.cpu.rename: [tid:0] Looking up integer arch reg 9, got phys reg 57 (integer)
 122000: system.cpu.rename: [tid:0] Register 57 (flat: 57) (integer) is ready.
 122000: global: [sn:280] has 1 ready out of 7 sources. RTI 0)
 122000: system.cpu.rename: [tid:0] Looking up integer arch reg 17, got phys reg 64 (integer)
 122000: system.cpu.rename: [tid:0] Register 64 (flat: 64) (integer) is not ready.
 122000: system.cpu.rename: [tid:0] Looking up invalid arch reg 0, got phys reg 4294967295 (invalid)
 122000: system.cpu.rename: [tid:0] Register 4294967295 (flat: 4294967295) (invalid) is ready.
 122000: global: [sn:280] has 2 ready out of 7 sources. RTI 0)
 122000: system.cpu.rename: [tid:0] Looking up invalid arch reg 0, got phys reg 4294967295 (invalid)
 122000: system.cpu.rename: [tid:0] Register 4294967295 (flat: 4294967295) (invalid) is ready.
 122000: global: [sn:280] has 3 ready out of 7 sources. RTI 0)
 122000: system.cpu.rename: [tid:0] Looking up invalid arch reg 0, got phys reg 4294967295 (invalid)
 122000: system.cpu.rename: [tid:0] Register 4294967295 (flat: 4294967295) (invalid) is ready.
 122000: global: [sn:280] has 4 ready out of 7 sources. RTI 0)
 122000: system.cpu.rename: [tid:0] Looking up invalid arch reg 0, got phys reg 4294967295 (invalid)
 122000: system.cpu.rename: [tid:0] Register 4294967295 (flat: 4294967295) (invalid) is ready.
 122000: global: [sn:280] has 5 ready out of 7 sources. RTI 0)
 122000: system.cpu.rename: [tid:0] Looking up invalid arch reg 0, got phys reg 4294967295 (invalid)
 122000: system.cpu.rename: [tid:0] Register 4294967295 (flat: 4294967295) (invalid) is ready.
 122000: global: [sn:280] has 6 ready out of 7 sources. RTI 0)
 122000: global: Renamed reg r9 to physical reg 65 (65) old mapping was 57 (57)
 122000: system.cpu.rename: [tid:0] Renaming arch reg 9 (integer) to physical reg 65 (65).
 122000: system.cpu.rename: [tid:0] [sn:280] Adding instruction to history buffer (size=2).
 122000: global: Renamed reg condition_code[0] to physical reg 2665 (2665) old mapping was 2663 (2663)
 122000: system.cpu.rename: [tid:0] Renaming arch reg 0 (condition_code) to physical reg 33 (2665).
 122000: system.cpu.rename: [tid:0] [sn:280] Adding instruction to history buffer (size=3).
 122000: global: Renamed reg condition_code[1] to physical reg 2666 (2666) old mapping was 2664 (2664)
 122000: system.cpu.rename: [tid:0] Renaming arch reg 1 (condition_code) to physical reg 34 (2666).
 122000: system.cpu.rename: [tid:0] [sn:280] Adding instruction to history buffer (size=4).
 122000: system.cpu.rename: [tid:0] Renaming arch reg 0 (invalid) to physical reg 4294967295 (4294967295).
 122000: system.cpu.rename: [tid:0] [sn:280] Adding instruction to history buffer (size=5).
 122000: system.cpu.rename: [tid:0] Renaming arch reg 0 (invalid) to physical reg 4294967295 (4294967295).
 122000: system.cpu.rename: [tid:0] [sn:280] Adding instruction to history buffer (size=6).
 122000: system.cpu.rename: [tid:0] Renaming arch reg 0 (invalid) to physical reg 4294967295 (4294967295).
 122000: system.cpu.rename: [tid:0] [sn:280] Adding instruction to history buffer (size=7).
 122000: system.cpu.rename: [tid:0] Processing instruction [sn:290] with PC (0x401043=>0x401047).(0=>1).
 122000: global: Renamed reg t1 to physical reg 66 (66) old mapping was 64 (64)
 122000: system.cpu.rename: [tid:0] Renaming arch reg 17 (integer) to physical reg 66 (66).
 122000: system.cpu.rename: [tid:0] [sn:290] Adding instruction to history buffer (size=8).
 122000: system.cpu.rename: [tid:0] Processing instruction [sn:300] with PC (0x401043=>0x401047).(1=>2).
 122000: system.cpu.rename: [tid:0] Looking up integer arch reg 10, got phys reg 59 (integer)
 122000: system.cpu.rename: [tid:0] Register 59 (flat: 59) (integer) is ready.
 122000: global: [sn:300] has 1 ready out of 7 sources. RTI 0)
 122000: system.cpu.rename: [tid:0] Looking up integer arch reg 17, got phys reg 66 (integer)
 122000: system.cpu.rename: [tid:0] Register 66 (flat: 66) (integer) is not ready.
 122000: system.cpu.rename: [tid:0] Looking up invalid arch reg 0, got phys reg 4294967295 (invalid)
 122000: system.cpu.rename: [tid:0] Register 4294967295 (flat: 4294967295) (invalid) is ready.
 122000: global: [sn:300] has 2 ready out of 7 sources. RTI 0)
 122000: system.cpu.rename: [tid:0] Looking up invalid arch reg 0, got phys reg 4294967295 (invalid)
 122000: system.cpu.rename: [tid:0] Register 4294967295 (flat: 4294967295) (invalid) is ready.
 122000: global: [sn:300] has 3 ready out of 7 sources. RTI 0)
 122000: system.cpu.rename: [tid:0] Looking up invalid arch reg 0, got phys reg 4294967295 (invalid)
 122000: system.cpu.rename: [tid:0] Register 4294967295 (flat: 4294967295) (invalid) is ready.
 122000: global: [sn:300] has 4 ready out of 7 sources. RTI 0)
 122000: system.cpu.rename: [tid:0] Looking up invalid arch reg 0, got phys reg 4294967295 (invalid)
 122000: system.cpu.rename: [tid:0] Register 4294967295 (flat: 4294967295) (invalid) is ready.
 122000: global: [sn:300] has 5 ready out of 7 sources. RTI 0)
 122000: system.cpu.rename: [tid:0] Looking up invalid arch reg 0, got phys reg 4294967295 (invalid)
 122000: system.cpu.rename: [tid:0] Register 4294967295 (flat: 4294967295) (invalid) is ready.
 122000: global: [sn:300] has 6 ready out of 7 sources. RTI 0)
 122000: global: Renamed reg r10 to physical reg 67 (67) old mapping was 59 (59)
 122000: system.cpu.rename: [tid:0] Renaming arch reg 10 (integer) to physical reg 67 (67).
 122000: system.cpu.rename: [tid:0] [sn:300] Adding instruction to history buffer (size=9).
 122000: global: Renamed reg condition_code[0] to physical reg 2667 (2667) old mapping was 2665 (2665)
 122000: system.cpu.rename: [tid:0] Renaming arch reg 0 (condition_code) to physical reg 35 (2667).
 122000: system.cpu.rename: [tid:0] [sn:300] Adding instruction to history buffer (size=10).
 122000: global: Renamed reg condition_code[1] to physical reg 2668 (2668) old mapping was 2666 (2666)
 122000: system.cpu.rename: [tid:0] Renaming arch reg 1 (condition_code) to physical reg 36 (2668).
 122000: system.cpu.rename: [tid:0] [sn:300] Adding instruction to history buffer (size=11).
 122000: system.cpu.rename: [tid:0] Renaming arch reg 0 (invalid) to physical reg 4294967295 (4294967295).
 122000: system.cpu.rename: [tid:0] [sn:300] Adding instruction to history buffer (size=12).
 122000: system.cpu.rename: [tid:0] Renaming arch reg 0 (invalid) to physical reg 4294967295 (4294967295).
 122000: system.cpu.rename: [tid:0] [sn:300] Adding instruction to history buffer (size=13).
 122000: system.cpu.rename: [tid:0] Renaming arch reg 0 (invalid) to physical reg 4294967295 (4294967295).
 122000: system.cpu.rename: [tid:0] [sn:300] Adding instruction to history buffer (size=14).
 122000: system.cpu.rename: [tid:0] Processing instruction [sn:310] with PC (0x401047=>0x40104b).(0=>1).
 122000: global: Renamed reg t1 to physical reg 68 (68) old mapping was 66 (66)
 122000: system.cpu.rename: [tid:0] Renaming arch reg 17 (integer) to physical reg 68 (68).
 122000: system.cpu.rename: [tid:0] [sn:310] Adding instruction to history buffer (size=15).
 122000: system.cpu.rename: [tid:0] Processing instruction [sn:320] with PC (0x401047=>0x40104b).(1=>2).
 122000: system.cpu.rename: [tid:0] Looking up integer arch reg 11, got phys reg 61 (integer)
 122000: system.cpu.rename: [tid:0] Register 61 (flat: 61) (integer) is ready.
 122000: global: [sn:320] has 1 ready out of 7 sources. RTI 0)
 122000: system.cpu.rename: [tid:0] Looking up integer arch reg 17, got phys reg 68 (integer)
 122000: system.cpu.rename: [tid:0] Register 68 (flat: 68) (integer) is not ready.
 122000: system.cpu.rename: [tid:0] Looking up invalid arch reg 0, got phys reg 4294967295 (invalid)
 122000: system.cpu.rename: [tid:0] Register 4294967295 (flat: 4294967295) (invalid) is ready.
 122000: global: [sn:320] has 2 ready out of 7 sources. RTI 0)
 122000: system.cpu.rename: [tid:0] Looking up invalid arch reg 0, got phys reg 4294967295 (invalid)
 122000: system.cpu.rename: [tid:0] Register 4294967295 (flat: 4294967295) (invalid) is ready.
 122000: global: [sn:320] has 3 ready out of 7 sources. RTI 0)
 122000: system.cpu.rename: [tid:0] Looking up invalid arch reg 0, got phys reg 4294967295 (invalid)
 122000: system.cpu.rename: [tid:0] Register 4294967295 (flat: 4294967295) (invalid) is ready.
 122000: global: [sn:320] has 4 ready out of 7 sources. RTI 0)
 122000: system.cpu.rename: [tid:0] Looking up invalid arch reg 0, got phys reg 4294967295 (invalid)
 122000: system.cpu.rename: [tid:0] Register 4294967295 (flat: 4294967295) (invalid) is ready.
 122000: global: [sn:320] has 5 ready out of 7 sources. RTI 0)
 122000: system.cpu.rename: [tid:0] Looking up invalid arch reg 0, got phys reg 4294967295 (invalid)
 122000: system.cpu.rename: [tid:0] Register 4294967295 (flat: 4294967295) (invalid) is ready.
 122000: global: [sn:320] has 6 ready out of 7 sources. RTI 0)
 122000: global: Renamed reg r11 to physical reg 69 (69) old mapping was 61 (61)
 122000: system.cpu.rename: [tid:0] Renaming arch reg 11 (integer) to physical reg 69 (69).
 122000: system.cpu.rename: [tid:0] [sn:320] Adding instruction to history buffer (size=16).
 122000: global: Renamed reg condition_code[0] to physical reg 2669 (2669) old mapping was 2667 (2667)
 122000: system.cpu.rename: [tid:0] Renaming arch reg 0 (condition_code) to physical reg 37 (2669).
 122000: system.cpu.rename: [tid:0] [sn:320] Adding instruction to history buffer (size=17).
 122000: global: Renamed reg condition_code[1] to physical reg 2670 (2670) old mapping was 2668 (2668)
 122000: system.cpu.rename: [tid:0] Renaming arch reg 1 (condition_code) to physical reg 38 (2670).
 122000: system.cpu.rename: [tid:0] [sn:320] Adding instruction to history buffer (size=18).
 122000: system.cpu.rename: [tid:0] Renaming arch reg 0 (invalid) to physical reg 4294967295 (4294967295).
 122000: system.cpu.rename: [tid:0] [sn:320] Adding instruction to history buffer (size=19).
 122000: system.cpu.rename: [tid:0] Renaming arch reg 0 (invalid) to physical reg 4294967295 (4294967295).
 122000: system.cpu.rename: [tid:0] [sn:320] Adding instruction to history buffer (size=20).
 122000: system.cpu.rename: [tid:0] Renaming arch reg 0 (invalid) to physical reg 4294967295 (4294967295).
 122000: system.cpu.rename: [tid:0] [sn:320] Adding instruction to history buffer (size=21).
 122000: system.cpu.rename: Activity this cycle.
 122000: system.cpu.iew: Issue: Processing [tid:0]
 122000: system.cpu.iew: [tid:0] Not blocked, so attempting to run dispatch.
 122000: system.cpu.iq: Attempting to schedule ready instructions from the IQ.
 122000: system.cpu.iq: Not able to schedule any instructions.
 122000: system.cpu.iew.lsq: [tid:0] Writing back stores. 1 stores available for Writeback.
 122000: system.cpu.iew: Processing [tid:0]
 122000: system.cpu.iew: [tid:0], Dispatch dispatched 0 instructions.
 122000: system.cpu.iew.lsq.thread0: SQ size: 114, #stores occupied: 1
 122000: system.cpu.iew.lsq.thread0: LQ size: 192, #loads occupied: 0
 122000: system.cpu.iew: IQ has 204 free entries (Can schedule: 0).  LQ has 192 free entries. SQ has 113 free entries.
 122000: system.cpu.commit: Getting instructions from Rename stage.
 122000: system.cpu.commit: Trying to commit instructions in the ROB.
 122000: system.cpu.commit: [tid:0] ROB has 0 insts & 512 free entries.
 122000: system.cpu: Scheduling next tick!
 123000: system.cpu: 

O3CPU: Ticking main, O3CPU.
 123000: system.cpu.fetch: Running stage.
 123000: system.cpu.fetch: Attempting to fetch from [tid:0]
 123000: system.cpu.fetch: [tid:0] Adding instructions to queue to decode.
 123000: system.cpu.decoder: Decode: Decoded mov instruction: 
{
	leg = 0,
	rex = 0x48,
	vex/xop = 0,
	op = {
		type = one byte,
		op = 0x8b,
		},
	modRM = 0x1c,
	sib = 0x24,
	immediate = 0,
	displacement = 0
	dispSize = 0}

 123000: global: DynInst: [sn:450] Instruction created. Instcount for system.cpu = 20
 123000: system.cpu.fetch: [tid:0] Instruction PC (0x40105b=>0x40105f).(0=>1) created [sn:450].
 123000: system.cpu.fetch: [tid:0] Instruction is:   MOV_R_M : ld   rbx, SS:[t0 + rsp]
 123000: system.cpu.fetch: [tid:0] Fetch queue entry created (1/128).
 123000: system.cpu.decoder: Decode: Decoded add instruction: 
{
	leg = 0,
	rex = 0x48,
	vex/xop = 0,
	op = {
		type = one byte,
		op = 0x83,
		},
	modRM = 0xc4,
	sib = 0,
	immediate = 0x8,
	displacement = 0
	dispSize = 0}

 123000: global: DynInst: [sn:460] Instruction created. Instcount for system.cpu = 21
 123000: system.cpu.fetch: [tid:0] Instruction PC (0x40105f=>0x401063).(0=>1) created [sn:460].
 123000: system.cpu.fetch: [tid:0] Instruction is:   ADD_R_I : limm   t1, 0x8
 123000: system.cpu.fetch: [tid:0] Fetch queue entry created (2/128).
 123000: global: DynInst: [sn:470] Instruction created. Instcount for system.cpu = 22
 123000: system.cpu.fetch: [tid:0] Instruction PC (0x40105f=>0x401063).(1=>2) created [sn:470].
 123000: system.cpu.fetch: [tid:0] Instruction is:   ADD_R_I : add   rsp, rsp, t1
 123000: system.cpu.fetch: [tid:0] Fetch queue entry created (3/128).
 123000: system.cpu.decoder: Decode: Decoded mov instruction: 
{
	leg = 0,
	rex = 0x48,
	vex/xop = 0,
	op = {
		type = one byte,
		op = 0xc7,
		},
	modRM = 0xc0,
	sib = 0,
	immediate = 0x3c,
	displacement = 0
	dispSize = 0}

 123000: global: DynInst: [sn:480] Instruction created. Instcount for system.cpu = 23
 123000: system.cpu.fetch: [tid:0] Instruction PC (0x401063=>0x40106a).(0=>1) created [sn:480].
 123000: system.cpu.fetch: [tid:0] Instruction is:   MOV_R_I : limm   rax, 0x3c
 123000: system.cpu.fetch: [tid:0] Fetch queue entry created (4/128).
 123000: system.cpu.decoder: Decode: Decoded xor instruction: 
{
	leg = 0,
	rex = 0x48,
	vex/xop = 0,
	op = {
		type = one byte,
		op = 0x31,
		},
	modRM = 0xff,
	sib = 0,
	immediate = 0,
	displacement = 0
	dispSize = 0}

 123000: global: DynInst: [sn:490] Instruction created. Instcount for system.cpu = 24
 123000: system.cpu.fetch: [tid:0] Instruction PC (0x40106a=>0x40106d).(0=>1) created [sn:490].
 123000: system.cpu.fetch: [tid:0] Instruction is:   XOR_R_R : xor   rdi, rdi, rdi
 123000: system.cpu.fetch: [tid:0] Fetch queue entry created (5/128).
 123000: system.cpu.decoder: Decode: Decoded syscall instruction: 
{
	leg = 0,
	rex = 0,
	vex/xop = 0,
	op = {
		type = two byte,
		op = 0x5,
		},
	modRM = 0,
	sib = 0,
	immediate = 0,
	displacement = 0
	dispSize = 0}

 123000: global: DynInst: [sn:500] Instruction created. Instcount for system.cpu = 25
 123000: system.cpu.fetch: [tid:0] Instruction PC (0x40106d=>0x40106f).(0=>1) created [sn:500].
 123000: system.cpu.fetch: [tid:0] Instruction is:   syscall   
 123000: system.cpu.fetch: [tid:0] Fetch queue entry created (6/128).
 123000: system.cpu.fetch: [tid:0] Done fetching, reached fetch bandwidth for this cycle.
 123000: system.cpu.fetch: [tid:0] [sn:450] Sending instruction to decode from fetch queue. Fetch queue size: 6.
 123000: system.cpu.fetch: [tid:0] [sn:460] Sending instruction to decode from fetch queue. Fetch queue size: 5.
 123000: system.cpu.fetch: [tid:0] [sn:470] Sending instruction to decode from fetch queue. Fetch queue size: 4.
 123000: system.cpu.fetch: [tid:0] [sn:480] Sending instruction to decode from fetch queue. Fetch queue size: 3.
 123000: system.cpu.fetch: [tid:0] [sn:490] Sending instruction to decode from fetch queue. Fetch queue size: 2.
 123000: system.cpu.fetch: [tid:0] [sn:500] Sending instruction to decode from fetch queue. Fetch queue size: 1.
 123000: system.cpu.fetch: Activity this cycle.
 123000: system.cpu: Activity: 5
 123000: system.cpu.decode: Processing [tid:0]
 123000: system.cpu.decode: [tid:0] Bypass moves from Rename: 0
 123000: system.cpu.decode: [tid:0] Not blocked, so attempting to run stage.
 123000: system.cpu.decode: [tid:0] Sending instruction to rename.
 123000: system.cpu.decode: [tid:0] Processing instruction [sn:390] with PC (0x401053=>0x401057).(0=>1)
 123000: system.cpu.decode: [tid:0] Processing instruction [sn:400] with PC (0x401053=>0x401057).(1=>2)
 123000: system.cpu.decode: [tid:0] Processing instruction [sn:410] with PC (0x401053=>0x401057).(2=>3)
 123000: system.cpu.decode: [tid:0] Processing instruction [sn:420] with PC (0x401057=>0x40105b).(0=>1)
 123000: system.cpu.decode: [tid:0] Processing instruction [sn:430] with PC (0x401057=>0x40105b).(1=>2)
 123000: system.cpu.decode: [tid:0] Processing instruction [sn:440] with PC (0x401057=>0x40105b).(2=>3)
 123000: system.cpu.decode: Activity this cycle.
 123000: system.cpu.rename: Processing [tid:0]
 123000: system.cpu.rename: [tid:0] Free IQ: 204, Free ROB: 512, Free LQ: 192, Free SQ: 113, FreeRM 63(467 464 511 1022 63 8 2549)
 123000: system.cpu.rename: [tid:0] 6 instructions not yet in ROB
 123000: system.cpu.rename: calcFreeLQEntries: free lqEntries: 192, loadsInProgress: 0, loads dispatchedToLQ: 0
 123000: system.cpu.rename: [tid:0] Not blocked, so attempting to run stage.
 123000: system.cpu.rename: [tid:0] 6 available instructions to send iew.
 123000: system.cpu.rename: [tid:0] 6 insts pipelining from Rename | 0 insts dispatched to IQ last cycle.
 123000: system.cpu.rename: [tid:0] Sending instructions to IEW.
 123000: system.cpu.rename: [tid:0] Processing instruction [sn:330] with PC (0x40104b=>0x40104f).(0=>1).
 123000: system.cpu.rename: [tid:0] Looking up integer arch reg 9, got phys reg 65 (integer)
 123000: system.cpu.rename: [tid:0] Register 65 (flat: 65) (integer) is not ready.
 123000: system.cpu.rename: [tid:0] Looking up integer arch reg 8, got phys reg 63 (integer)
 123000: system.cpu.rename: [tid:0] Register 63 (flat: 63) (integer) is ready.
 123000: global: [sn:330] has 1 ready out of 6 sources. RTI 0)
 123000: system.cpu.rename: [tid:0] Looking up integer arch reg 33, got phys reg 33 (integer)
 123000: system.cpu.rename: [tid:0] Register 33 (flat: 33) (integer) is ready.
 123000: global: [sn:330] has 2 ready out of 6 sources. RTI 0)
 123000: system.cpu.rename: [tid:0] Looking up integer arch reg 34, got phys reg 34 (integer)
 123000: system.cpu.rename: [tid:0] Register 34 (flat: 34) (integer) is ready.
 123000: global: [sn:330] has 3 ready out of 6 sources. RTI 0)
 123000: system.cpu.rename: [tid:0] Looking up invalid arch reg 0, got phys reg 4294967295 (invalid)
 123000: system.cpu.rename: [tid:0] Register 4294967295 (flat: 4294967295) (invalid) is ready.
 123000: global: [sn:330] has 4 ready out of 6 sources. RTI 0)
 123000: system.cpu.rename: [tid:0] Looking up invalid arch reg 0, got phys reg 4294967295 (invalid)
 123000: system.cpu.rename: [tid:0] Register 4294967295 (flat: 4294967295) (invalid) is ready.
 123000: global: [sn:330] has 5 ready out of 6 sources. RTI 0)
 123000: global: Renamed reg t17 to physical reg 70 (70) old mapping was 33 (33)
 123000: system.cpu.rename: [tid:0] Renaming arch reg 33 (integer) to physical reg 70 (70).
 123000: system.cpu.rename: [tid:0] [sn:330] Adding instruction to history buffer (size=22).
 123000: global: Renamed reg t18 to physical reg 71 (71) old mapping was 34 (34)
 123000: system.cpu.rename: [tid:0] Renaming arch reg 34 (integer) to physical reg 71 (71).
 123000: system.cpu.rename: [tid:0] [sn:330] Adding instruction to history buffer (size=23).
 123000: global: Renamed reg condition_code[1] to physical reg 2671 (2671) old mapping was 2670 (2670)
 123000: system.cpu.rename: [tid:0] Renaming arch reg 1 (condition_code) to physical reg 39 (2671).
 123000: system.cpu.rename: [tid:0] [sn:330] Adding instruction to history buffer (size=24).
 123000: system.cpu.rename: [tid:0] Renaming arch reg 0 (invalid) to physical reg 4294967295 (4294967295).
 123000: system.cpu.rename: [tid:0] [sn:330] Adding instruction to history buffer (size=25).
 123000: system.cpu.rename: [tid:0] Processing instruction [sn:340] with PC (0x40104b=>0x40104f).(1=>2).
 123000: system.cpu.rename: [tid:0] Looking up integer arch reg 33, got phys reg 70 (integer)
 123000: system.cpu.rename: [tid:0] Register 70 (flat: 70) (integer) is not ready.
 123000: global: Renamed reg r9 to physical reg 72 (72) old mapping was 65 (65)
 123000: system.cpu.rename: [tid:0] Renaming arch reg 9 (integer) to physical reg 72 (72).
 123000: system.cpu.rename: [tid:0] [sn:340] Adding instruction to history buffer (size=26).
 123000: system.cpu.rename: [tid:0] Processing instruction [sn:350] with PC (0x40104b=>0x40104f).(2=>3).
 123000: system.cpu.rename: [tid:0] Looking up integer arch reg 34, got phys reg 71 (integer)
 123000: system.cpu.rename: [tid:0] Register 71 (flat: 71) (integer) is not ready.
 123000: system.cpu.rename: [tid:0] Renaming arch reg 0 (invalid) to physical reg 4294967295 (4294967295).
 123000: system.cpu.rename: [tid:0] [sn:350] Adding instruction to history buffer (size=27).
 123000: system.cpu.rename: [tid:0] Processing instruction [sn:360] with PC (0x40104f=>0x401053).(0=>1).
 123000: system.cpu.rename: [tid:0] Looking up integer arch reg 11, got phys reg 69 (integer)
 123000: system.cpu.rename: [tid:0] Register 69 (flat: 69) (integer) is not ready.
 123000: system.cpu.rename: [tid:0] Looking up integer arch reg 10, got phys reg 67 (integer)
 123000: system.cpu.rename: [tid:0] Register 67 (flat: 67) (integer) is not ready.
 123000: system.cpu.rename: [tid:0] Looking up integer arch reg 33, got phys reg 70 (integer)
 123000: system.cpu.rename: [tid:0] Register 70 (flat: 70) (integer) is not ready.
 123000: system.cpu.rename: [tid:0] Looking up integer arch reg 34, got phys reg 71 (integer)
 123000: system.cpu.rename: [tid:0] Register 71 (flat: 71) (integer) is not ready.
 123000: system.cpu.rename: [tid:0] Looking up invalid arch reg 0, got phys reg 4294967295 (invalid)
 123000: system.cpu.rename: [tid:0] Register 4294967295 (flat: 4294967295) (invalid) is ready.
 123000: global: [sn:360] has 1 ready out of 6 sources. RTI 0)
 123000: system.cpu.rename: [tid:0] Looking up invalid arch reg 0, got phys reg 4294967295 (invalid)
 123000: system.cpu.rename: [tid:0] Register 4294967295 (flat: 4294967295) (invalid) is ready.
 123000: global: [sn:360] has 2 ready out of 6 sources. RTI 0)
 123000: global: Renamed reg t17 to physical reg 73 (73) old mapping was 70 (70)
 123000: system.cpu.rename: [tid:0] Renaming arch reg 33 (integer) to physical reg 73 (73).
 123000: system.cpu.rename: [tid:0] [sn:360] Adding instruction to history buffer (size=28).
 123000: global: Renamed reg t18 to physical reg 74 (74) old mapping was 71 (71)
 123000: system.cpu.rename: [tid:0] Renaming arch reg 34 (integer) to physical reg 74 (74).
 123000: system.cpu.rename: [tid:0] [sn:360] Adding instruction to history buffer (size=29).
 123000: global: Renamed reg condition_code[1] to physical reg 2672 (2672) old mapping was 2671 (2671)
 123000: system.cpu.rename: [tid:0] Renaming arch reg 1 (condition_code) to physical reg 40 (2672).
 123000: system.cpu.rename: [tid:0] [sn:360] Adding instruction to history buffer (size=30).
 123000: system.cpu.rename: [tid:0] Renaming arch reg 0 (invalid) to physical reg 4294967295 (4294967295).
 123000: system.cpu.rename: [tid:0] [sn:360] Adding instruction to history buffer (size=31).
 123000: system.cpu.rename: [tid:0] Processing instruction [sn:370] with PC (0x40104f=>0x401053).(1=>2).
 123000: system.cpu.rename: [tid:0] Looking up integer arch reg 33, got phys reg 73 (integer)
 123000: system.cpu.rename: [tid:0] Register 73 (flat: 73) (integer) is not ready.
 123000: global: Renamed reg r11 to physical reg 75 (75) old mapping was 69 (69)
 123000: system.cpu.rename: [tid:0] Renaming arch reg 11 (integer) to physical reg 75 (75).
 123000: system.cpu.rename: [tid:0] [sn:370] Adding instruction to history buffer (size=32).
 123000: system.cpu.rename: [tid:0] Processing instruction [sn:380] with PC (0x40104f=>0x401053).(2=>3).
 123000: system.cpu.rename: [tid:0] Looking up integer arch reg 34, got phys reg 74 (integer)
 123000: system.cpu.rename: [tid:0] Register 74 (flat: 74) (integer) is not ready.
 123000: system.cpu.rename: [tid:0] Renaming arch reg 0 (invalid) to physical reg 4294967295 (4294967295).
 123000: system.cpu.rename: [tid:0] [sn:380] Adding instruction to history buffer (size=33).
 123000: system.cpu.rename: Activity this cycle.
 123000: system.cpu.iew: Issue: Processing [tid:0]
 123000: system.cpu.iew: [tid:0] Not blocked, so attempting to run dispatch.
 123000: system.cpu.iq: Attempting to schedule ready instructions from the IQ.
 123000: system.cpu.iq: Not able to schedule any instructions.
 123000: system.cpu.iew.lsq: [tid:0] Writing back stores. 1 stores available for Writeback.
 123000: system.cpu.iew: Processing [tid:0]
 123000: system.cpu.iew: [tid:0], Dispatch dispatched 0 instructions.
 123000: system.cpu.iew.lsq.thread0: SQ size: 114, #stores occupied: 1
 123000: system.cpu.iew.lsq.thread0: LQ size: 192, #loads occupied: 0
 123000: system.cpu.iew: IQ has 204 free entries (Can schedule: 0).  LQ has 192 free entries. SQ has 113 free entries.
 123000: system.cpu.commit: Getting instructions from Rename stage.
 123000: system.cpu.commit: [tid:0] [sn:270] Inserting PC (0x40103f=>0x401043).(0=>1) into ROB.
 123000: system.cpu.rob: Adding inst PC (0x40103f=>0x401043).(0=>1) to the ROB.
 123000: system.cpu.rob: [tid:0] Now has 1 instructions.
 123000: system.cpu.commit: [tid:0] [sn:280] Inserting PC (0x40103f=>0x401043).(1=>2) into ROB.
 123000: system.cpu.rob: Adding inst PC (0x40103f=>0x401043).(1=>2) to the ROB.
 123000: system.cpu.rob: [tid:0] Now has 2 instructions.
 123000: system.cpu.commit: [tid:0] [sn:290] Inserting PC (0x401043=>0x401047).(0=>1) into ROB.
 123000: system.cpu.rob: Adding inst PC (0x401043=>0x401047).(0=>1) to the ROB.
 123000: system.cpu.rob: [tid:0] Now has 3 instructions.
 123000: system.cpu.commit: [tid:0] [sn:300] Inserting PC (0x401043=>0x401047).(1=>2) into ROB.
 123000: system.cpu.rob: Adding inst PC (0x401043=>0x401047).(1=>2) to the ROB.
 123000: system.cpu.rob: [tid:0] Now has 4 instructions.
 123000: system.cpu.commit: [tid:0] [sn:310] Inserting PC (0x401047=>0x40104b).(0=>1) into ROB.
 123000: system.cpu.rob: Adding inst PC (0x401047=>0x40104b).(0=>1) to the ROB.
 123000: system.cpu.rob: [tid:0] Now has 5 instructions.
 123000: system.cpu.commit: [tid:0] [sn:320] Inserting PC (0x401047=>0x40104b).(1=>2) into ROB.
 123000: system.cpu.rob: Adding inst PC (0x401047=>0x40104b).(1=>2) to the ROB.
 123000: system.cpu.rob: [tid:0] Now has 6 instructions.
 123000: system.cpu.commit: Trying to commit instructions in the ROB.
 123000: system.cpu.commit: [tid:0] Can't commit, Instruction [sn:270] PC (0x40103f=>0x401043).(0=>1) is head of ROB and not ready
 123000: system.cpu.commit: [tid:0] ROB has 6 insts & 506 free entries.
 123000: system.cpu.commit: Activity This Cycle.
 123000: system.cpu: Scheduling next tick!
 124000: system.cpu: 

O3CPU: Ticking main, O3CPU.
 124000: system.cpu.fetch: Running stage.
 124000: system.cpu.fetch: Attempting to fetch from [tid:0]
 124000: system.cpu.fetch: [tid:0] Adding instructions to queue to decode.
 124000: system.cpu.decoder: Decode: Decoded add instruction: 
{
	leg = 0,
	rex = 0,
	vex/xop = 0,
	op = {
		type = one byte,
		op = 0,
		},
	modRM = 0,
	sib = 0,
	immediate = 0,
	displacement = 0
	dispSize = 0}

 124000: global: DynInst: [sn:510] Instruction created. Instcount for system.cpu = 26
 124000: system.cpu.fetch: [tid:0] Instruction PC (0x40106f=>0x401071).(0=>1) created [sn:510].
 124000: system.cpu.fetch: [tid:0] Instruction is:   ADD_M_R : ldst   t1b, DS:[rax]
 124000: system.cpu.fetch: [tid:0] Fetch queue entry created (1/128).
 124000: global: DynInst: [sn:520] Instruction created. Instcount for system.cpu = 27
 124000: system.cpu.fetch: [tid:0] Instruction PC (0x40106f=>0x401071).(1=>2) created [sn:520].
 124000: system.cpu.fetch: [tid:0] Instruction is:   ADD_M_R : add   t1b, t1b, al
 124000: system.cpu.fetch: [tid:0] Fetch queue entry created (2/128).
 124000: global: DynInst: [sn:530] Instruction created. Instcount for system.cpu = 28
 124000: system.cpu.fetch: [tid:0] Instruction PC (0x40106f=>0x401071).(2=>3) created [sn:530].
 124000: system.cpu.fetch: [tid:0] Instruction is:   ADD_M_R : st   t1b, DS:[rax]
 124000: system.cpu.fetch: [tid:0] Fetch queue entry created (3/128).
 124000: system.cpu.decoder: Decode: Decoded add instruction: 
{
	leg = 0,
	rex = 0,
	vex/xop = 0,
	op = {
		type = one byte,
		op = 0,
		},
	modRM = 0,
	sib = 0,
	immediate = 0,
	displacement = 0
	dispSize = 0}

 124000: global: DynInst: [sn:540] Instruction created. Instcount for system.cpu = 29
 124000: system.cpu.fetch: [tid:0] Instruction PC (0x401071=>0x401073).(0=>1) created [sn:540].
 124000: system.cpu.fetch: [tid:0] Instruction is:   ADD_M_R : ldst   t1b, DS:[rax]
 124000: system.cpu.fetch: [tid:0] Fetch queue entry created (4/128).
 124000: global: DynInst: [sn:550] Instruction created. Instcount for system.cpu = 30
 124000: system.cpu.fetch: [tid:0] Instruction PC (0x401071=>0x401073).(1=>2) created [sn:550].
 124000: system.cpu.fetch: [tid:0] Instruction is:   ADD_M_R : add   t1b, t1b, al
 124000: system.cpu.fetch: [tid:0] Fetch queue entry created (5/128).
 124000: global: DynInst: [sn:560] Instruction created. Instcount for system.cpu = 31
 124000: system.cpu.fetch: [tid:0] Instruction PC (0x401071=>0x401073).(2=>3) created [sn:560].
 124000: system.cpu.fetch: [tid:0] Instruction is:   ADD_M_R : st   t1b, DS:[rax]
 124000: system.cpu.fetch: [tid:0] Fetch queue entry created (6/128).
 124000: system.cpu.fetch: [tid:0] Done fetching, reached fetch bandwidth for this cycle.
 124000: system.cpu.fetch: [tid:0] [sn:510] Sending instruction to decode from fetch queue. Fetch queue size: 6.
 124000: system.cpu.fetch: [tid:0] [sn:520] Sending instruction to decode from fetch queue. Fetch queue size: 5.
 124000: system.cpu.fetch: [tid:0] [sn:530] Sending instruction to decode from fetch queue. Fetch queue size: 4.
 124000: system.cpu.fetch: [tid:0] [sn:540] Sending instruction to decode from fetch queue. Fetch queue size: 3.
 124000: system.cpu.fetch: [tid:0] [sn:550] Sending instruction to decode from fetch queue. Fetch queue size: 2.
 124000: system.cpu.fetch: [tid:0] [sn:560] Sending instruction to decode from fetch queue. Fetch queue size: 1.
 124000: system.cpu.fetch: Activity this cycle.
 124000: system.cpu: Activity: 6
 124000: system.cpu.decode: Processing [tid:0]
 124000: system.cpu.decode: [tid:0] Bypass moves from Rename: 0
 124000: system.cpu.decode: [tid:0] Not blocked, so attempting to run stage.
 124000: system.cpu.decode: [tid:0] Sending instruction to rename.
 124000: system.cpu.decode: [tid:0] Processing instruction [sn:450] with PC (0x40105b=>0x40105f).(0=>1)
 124000: system.cpu.decode: [tid:0] Processing instruction [sn:460] with PC (0x40105f=>0x401063).(0=>1)
 124000: system.cpu.decode: [tid:0] Processing instruction [sn:470] with PC (0x40105f=>0x401063).(1=>2)
 124000: system.cpu.decode: [tid:0] Processing instruction [sn:480] with PC (0x401063=>0x40106a).(0=>1)
 124000: system.cpu.decode: [tid:0] Processing instruction [sn:490] with PC (0x40106a=>0x40106d).(0=>1)
 124000: system.cpu.decode: [tid:0] Processing instruction [sn:500] with PC (0x40106d=>0x40106f).(0=>1)
 124000: system.cpu.decode: Activity this cycle.
 124000: system.cpu.rename: Processing [tid:0]
 124000: system.cpu.rename: [tid:0] Free IQ: 204, Free ROB: 506, Free LQ: 192, Free SQ: 113, FreeRM 63(461 464 511 1022 63 8 2547)
 124000: system.cpu.rename: [tid:0] 12 instructions not yet in ROB
 124000: system.cpu.rename: calcFreeLQEntries: free lqEntries: 192, loadsInProgress: 0, loads dispatchedToLQ: 0
 124000: system.cpu.rename: [tid:0] Not blocked, so attempting to run stage.
 124000: system.cpu.rename: [tid:0] 6 available instructions to send iew.
 124000: system.cpu.rename: [tid:0] 12 insts pipelining from Rename | 0 insts dispatched to IQ last cycle.
 124000: system.cpu.rename: [tid:0] Sending instructions to IEW.
 124000: system.cpu.rename: [tid:0] Processing instruction [sn:390] with PC (0x401053=>0x401057).(0=>1).
 124000: system.cpu.rename: [tid:0] Looking up integer arch reg 11, got phys reg 75 (integer)
 124000: system.cpu.rename: [tid:0] Register 75 (flat: 75) (integer) is not ready.
 124000: system.cpu.rename: [tid:0] Looking up integer arch reg 8, got phys reg 63 (integer)
 124000: system.cpu.rename: [tid:0] Register 63 (flat: 63) (integer) is ready.
 124000: global: [sn:390] has 1 ready out of 6 sources. RTI 0)
 124000: system.cpu.rename: [tid:0] Looking up integer arch reg 33, got phys reg 73 (integer)
 124000: system.cpu.rename: [tid:0] Register 73 (flat: 73) (integer) is not ready.
 124000: system.cpu.rename: [tid:0] Looking up integer arch reg 34, got phys reg 74 (integer)
 124000: system.cpu.rename: [tid:0] Register 74 (flat: 74) (integer) is not ready.
 124000: system.cpu.rename: [tid:0] Looking up invalid arch reg 0, got phys reg 4294967295 (invalid)
 124000: system.cpu.rename: [tid:0] Register 4294967295 (flat: 4294967295) (invalid) is ready.
 124000: global: [sn:390] has 2 ready out of 6 sources. RTI 0)
 124000: system.cpu.rename: [tid:0] Looking up invalid arch reg 0, got phys reg 4294967295 (invalid)
 124000: system.cpu.rename: [tid:0] Register 4294967295 (flat: 4294967295) (invalid) is ready.
 124000: global: [sn:390] has 3 ready out of 6 sources. RTI 0)
 124000: global: Renamed reg t17 to physical reg 76 (76) old mapping was 73 (73)
 124000: system.cpu.rename: [tid:0] Renaming arch reg 33 (integer) to physical reg 76 (76).
 124000: system.cpu.rename: [tid:0] [sn:390] Adding instruction to history buffer (size=34).
 124000: global: Renamed reg t18 to physical reg 77 (77) old mapping was 74 (74)
 124000: system.cpu.rename: [tid:0] Renaming arch reg 34 (integer) to physical reg 77 (77).
 124000: system.cpu.rename: [tid:0] [sn:390] Adding instruction to history buffer (size=35).
 124000: global: Renamed reg condition_code[1] to physical reg 2673 (2673) old mapping was 2672 (2672)
 124000: system.cpu.rename: [tid:0] Renaming arch reg 1 (condition_code) to physical reg 41 (2673).
 124000: system.cpu.rename: [tid:0] [sn:390] Adding instruction to history buffer (size=36).
 124000: system.cpu.rename: [tid:0] Renaming arch reg 0 (invalid) to physical reg 4294967295 (4294967295).
 124000: system.cpu.rename: [tid:0] [sn:390] Adding instruction to history buffer (size=37).
 124000: system.cpu.rename: [tid:0] Processing instruction [sn:400] with PC (0x401053=>0x401057).(1=>2).
 124000: system.cpu.rename: [tid:0] Looking up integer arch reg 33, got phys reg 76 (integer)
 124000: system.cpu.rename: [tid:0] Register 76 (flat: 76) (integer) is not ready.
 124000: global: Renamed reg r11 to physical reg 78 (78) old mapping was 75 (75)
 124000: system.cpu.rename: [tid:0] Renaming arch reg 11 (integer) to physical reg 78 (78).
 124000: system.cpu.rename: [tid:0] [sn:400] Adding instruction to history buffer (size=38).
 124000: system.cpu.rename: [tid:0] Processing instruction [sn:410] with PC (0x401053=>0x401057).(2=>3).
 124000: system.cpu.rename: [tid:0] Looking up integer arch reg 34, got phys reg 77 (integer)
 124000: system.cpu.rename: [tid:0] Register 77 (flat: 77) (integer) is not ready.
 124000: system.cpu.rename: [tid:0] Renaming arch reg 0 (invalid) to physical reg 4294967295 (4294967295).
 124000: system.cpu.rename: [tid:0] [sn:410] Adding instruction to history buffer (size=39).
 124000: system.cpu.rename: [tid:0] Processing instruction [sn:420] with PC (0x401057=>0x40105b).(0=>1).
 124000: system.cpu.rename: [tid:0] Looking up integer arch reg 10, got phys reg 67 (integer)
 124000: system.cpu.rename: [tid:0] Register 67 (flat: 67) (integer) is not ready.
 124000: system.cpu.rename: [tid:0] Looking up integer arch reg 9, got phys reg 72 (integer)
 124000: system.cpu.rename: [tid:0] Register 72 (flat: 72) (integer) is not ready.
 124000: system.cpu.rename: [tid:0] Looking up integer arch reg 33, got phys reg 76 (integer)
 124000: system.cpu.rename: [tid:0] Register 76 (flat: 76) (integer) is not ready.
 124000: system.cpu.rename: [tid:0] Looking up integer arch reg 34, got phys reg 77 (integer)
 124000: system.cpu.rename: [tid:0] Register 77 (flat: 77) (integer) is not ready.
 124000: system.cpu.rename: [tid:0] Looking up invalid arch reg 0, got phys reg 4294967295 (invalid)
 124000: system.cpu.rename: [tid:0] Register 4294967295 (flat: 4294967295) (invalid) is ready.
 124000: global: [sn:420] has 1 ready out of 6 sources. RTI 0)
 124000: system.cpu.rename: [tid:0] Looking up invalid arch reg 0, got phys reg 4294967295 (invalid)
 124000: system.cpu.rename: [tid:0] Register 4294967295 (flat: 4294967295) (invalid) is ready.
 124000: global: [sn:420] has 2 ready out of 6 sources. RTI 0)
 124000: global: Renamed reg t17 to physical reg 79 (79) old mapping was 76 (76)
 124000: system.cpu.rename: [tid:0] Renaming arch reg 33 (integer) to physical reg 79 (79).
 124000: system.cpu.rename: [tid:0] [sn:420] Adding instruction to history buffer (size=40).
 124000: global: Renamed reg t18 to physical reg 80 (80) old mapping was 77 (77)
 124000: system.cpu.rename: [tid:0] Renaming arch reg 34 (integer) to physical reg 80 (80).
 124000: system.cpu.rename: [tid:0] [sn:420] Adding instruction to history buffer (size=41).
 124000: global: Renamed reg condition_code[1] to physical reg 2674 (2674) old mapping was 2673 (2673)
 124000: system.cpu.rename: [tid:0] Renaming arch reg 1 (condition_code) to physical reg 42 (2674).
 124000: system.cpu.rename: [tid:0] [sn:420] Adding instruction to history buffer (size=42).
 124000: system.cpu.rename: [tid:0] Renaming arch reg 0 (invalid) to physical reg 4294967295 (4294967295).
 124000: system.cpu.rename: [tid:0] [sn:420] Adding instruction to history buffer (size=43).
 124000: system.cpu.rename: [tid:0] Processing instruction [sn:430] with PC (0x401057=>0x40105b).(1=>2).
 124000: system.cpu.rename: [tid:0] Looking up integer arch reg 33, got phys reg 79 (integer)
 124000: system.cpu.rename: [tid:0] Register 79 (flat: 79) (integer) is not ready.
 124000: global: Renamed reg r10 to physical reg 81 (81) old mapping was 67 (67)
 124000: system.cpu.rename: [tid:0] Renaming arch reg 10 (integer) to physical reg 81 (81).
 124000: system.cpu.rename: [tid:0] [sn:430] Adding instruction to history buffer (size=44).
 124000: system.cpu.rename: [tid:0] Processing instruction [sn:440] with PC (0x401057=>0x40105b).(2=>3).
 124000: system.cpu.rename: [tid:0] Looking up integer arch reg 34, got phys reg 80 (integer)
 124000: system.cpu.rename: [tid:0] Register 80 (flat: 80) (integer) is not ready.
 124000: system.cpu.rename: [tid:0] Renaming arch reg 0 (invalid) to physical reg 4294967295 (4294967295).
 124000: system.cpu.rename: [tid:0] [sn:440] Adding instruction to history buffer (size=45).
 124000: system.cpu.rename: Activity this cycle.
 124000: system.cpu.iew: Issue: Processing [tid:0]
 124000: system.cpu.iew: [tid:0] Not blocked, so attempting to run dispatch.
 124000: system.cpu.iew: [tid:0] Issue: Adding PC (0x40103f=>0x401043).(0=>1) [sn:270] [tid:0] to IQ.
 124000: system.cpu.iq: Adding instruction [sn:270] PC (0x40103f=>0x401043).(0=>1) to the IQ.
 124000: system.cpu.iq: Instruction is ready to issue, putting it onto the ready list, PC (0x40103f=>0x401043).(0=>1) opclass:1 [sn:270].
 124000: system.cpu.iew: [tid:0] Issue: Adding PC (0x40103f=>0x401043).(1=>2) [sn:280] [tid:0] to IQ.
 124000: system.cpu.iq: Adding instruction [sn:280] PC (0x40103f=>0x401043).(1=>2) to the IQ.
 124000: system.cpu.iq: Instruction PC (0x40103f=>0x401043).(1=>2) has src reg 64 (integer) that is being added to the dependency chain.
 124000: system.cpu.iew: [tid:0] Issue: Adding PC (0x401043=>0x401047).(0=>1) [sn:290] [tid:0] to IQ.
 124000: system.cpu.iq: Adding instruction [sn:290] PC (0x401043=>0x401047).(0=>1) to the IQ.
 124000: system.cpu.iq: Instruction is ready to issue, putting it onto the ready list, PC (0x401043=>0x401047).(0=>1) opclass:1 [sn:290].
 124000: system.cpu.iew: [tid:0] Issue: Adding PC (0x401043=>0x401047).(1=>2) [sn:300] [tid:0] to IQ.
 124000: system.cpu.iq: Adding instruction [sn:300] PC (0x401043=>0x401047).(1=>2) to the IQ.
 124000: system.cpu.iq: Instruction PC (0x401043=>0x401047).(1=>2) has src reg 66 (integer) that is being added to the dependency chain.
 124000: system.cpu.iew: [tid:0] Issue: Adding PC (0x401047=>0x40104b).(0=>1) [sn:310] [tid:0] to IQ.
 124000: system.cpu.iq: Adding instruction [sn:310] PC (0x401047=>0x40104b).(0=>1) to the IQ.
 124000: system.cpu.iq: Instruction is ready to issue, putting it onto the ready list, PC (0x401047=>0x40104b).(0=>1) opclass:1 [sn:310].
 124000: system.cpu.iew: [tid:0] Issue: Adding PC (0x401047=>0x40104b).(1=>2) [sn:320] [tid:0] to IQ.
 124000: system.cpu.iq: Adding instruction [sn:320] PC (0x401047=>0x40104b).(1=>2) to the IQ.
 124000: system.cpu.iq: Instruction PC (0x401047=>0x40104b).(1=>2) has src reg 68 (integer) that is being added to the dependency chain.
 124000: system.cpu.iq: Attempting to schedule ready instructions from the IQ.
 124000: system.cpu.iq: Thread 0: Issuing instruction PC (0x40103f=>0x401043).(0=>1) [sn:270]
 124000: system.cpu.iq: Thread 0: Issuing instruction PC (0x401043=>0x401047).(0=>1) [sn:290]
 124000: system.cpu.iq: Thread 0: Issuing instruction PC (0x401047=>0x40104b).(0=>1) [sn:310]
 124000: system.cpu.iew.lsq: [tid:0] Writing back stores. 1 stores available for Writeback.
 124000: system.cpu.iew: Processing [tid:0]
 124000: system.cpu.iew: [tid:0], Dispatch dispatched 6 instructions.
 124000: system.cpu.iew.lsq.thread0: SQ size: 114, #stores occupied: 1
 124000: system.cpu.iew.lsq.thread0: LQ size: 192, #loads occupied: 0
 124000: system.cpu.iew: IQ has 201 free entries (Can schedule: 0).  LQ has 192 free entries. SQ has 113 free entries.
 124000: system.cpu.commit: Getting instructions from Rename stage.
 124000: system.cpu.commit: [tid:0] [sn:330] Inserting PC (0x40104b=>0x40104f).(0=>1) into ROB.
 124000: system.cpu.rob: Adding inst PC (0x40104b=>0x40104f).(0=>1) to the ROB.
 124000: system.cpu.rob: [tid:0] Now has 7 instructions.
 124000: system.cpu.commit: [tid:0] [sn:340] Inserting PC (0x40104b=>0x40104f).(1=>2) into ROB.
 124000: system.cpu.rob: Adding inst PC (0x40104b=>0x40104f).(1=>2) to the ROB.
 124000: system.cpu.rob: [tid:0] Now has 8 instructions.
 124000: system.cpu.commit: [tid:0] [sn:350] Inserting PC (0x40104b=>0x40104f).(2=>3) into ROB.
 124000: system.cpu.rob: Adding inst PC (0x40104b=>0x40104f).(2=>3) to the ROB.
 124000: system.cpu.rob: [tid:0] Now has 9 instructions.
 124000: system.cpu.commit: [tid:0] [sn:360] Inserting PC (0x40104f=>0x401053).(0=>1) into ROB.
 124000: system.cpu.rob: Adding inst PC (0x40104f=>0x401053).(0=>1) to the ROB.
 124000: system.cpu.rob: [tid:0] Now has 10 instructions.
 124000: system.cpu.commit: [tid:0] [sn:370] Inserting PC (0x40104f=>0x401053).(1=>2) into ROB.
 124000: system.cpu.rob: Adding inst PC (0x40104f=>0x401053).(1=>2) to the ROB.
 124000: system.cpu.rob: [tid:0] Now has 11 instructions.
 124000: system.cpu.commit: [tid:0] [sn:380] Inserting PC (0x40104f=>0x401053).(2=>3) into ROB.
 124000: system.cpu.rob: Adding inst PC (0x40104f=>0x401053).(2=>3) to the ROB.
 124000: system.cpu.rob: [tid:0] Now has 12 instructions.
 124000: system.cpu.commit: Trying to commit instructions in the ROB.
 124000: system.cpu.commit: [tid:0] Can't commit, Instruction [sn:270] PC (0x40103f=>0x401043).(0=>1) is head of ROB and not ready
 124000: system.cpu.commit: [tid:0] ROB has 12 insts & 500 free entries.
 124000: system.cpu.commit: Activity This Cycle.
 124000: system.cpu: Scheduling next tick!
 125000: system.cpu: 

O3CPU: Ticking main, O3CPU.
 125000: system.cpu.fetch: Running stage.
 125000: system.cpu.fetch: Attempting to fetch from [tid:0]
 125000: system.cpu.fetch: [tid:0] Adding instructions to queue to decode.
 125000: system.cpu.decoder: Decode: Decoded add instruction: 
{
	leg = 0,
	rex = 0,
	vex/xop = 0,
	op = {
		type = one byte,
		op = 0,
		},
	modRM = 0,
	sib = 0,
	immediate = 0,
	displacement = 0
	dispSize = 0}

 125000: global: DynInst: [sn:570] Instruction created. Instcount for system.cpu = 32
 125000: system.cpu.fetch: [tid:0] Instruction PC (0x401073=>0x401075).(0=>1) created [sn:570].
 125000: system.cpu.fetch: [tid:0] Instruction is:   ADD_M_R : ldst   t1b, DS:[rax]
 125000: system.cpu.fetch: [tid:0] Fetch queue entry created (1/128).
 125000: global: DynInst: [sn:580] Instruction created. Instcount for system.cpu = 33
 125000: system.cpu.fetch: [tid:0] Instruction PC (0x401073=>0x401075).(1=>2) created [sn:580].
 125000: system.cpu.fetch: [tid:0] Instruction is:   ADD_M_R : add   t1b, t1b, al
 125000: system.cpu.fetch: [tid:0] Fetch queue entry created (2/128).
 125000: global: DynInst: [sn:590] Instruction created. Instcount for system.cpu = 34
 125000: system.cpu.fetch: [tid:0] Instruction PC (0x401073=>0x401075).(2=>3) created [sn:590].
 125000: system.cpu.fetch: [tid:0] Instruction is:   ADD_M_R : st   t1b, DS:[rax]
 125000: system.cpu.fetch: [tid:0] Fetch queue entry created (3/128).
 125000: system.cpu.decoder: Decode: Decoded add instruction: 
{
	leg = 0,
	rex = 0,
	vex/xop = 0,
	op = {
		type = one byte,
		op = 0,
		},
	modRM = 0,
	sib = 0,
	immediate = 0,
	displacement = 0
	dispSize = 0}

 125000: global: DynInst: [sn:600] Instruction created. Instcount for system.cpu = 35
 125000: system.cpu.fetch: [tid:0] Instruction PC (0x401075=>0x401077).(0=>1) created [sn:600].
 125000: system.cpu.fetch: [tid:0] Instruction is:   ADD_M_R : ldst   t1b, DS:[rax]
 125000: system.cpu.fetch: [tid:0] Fetch queue entry created (4/128).
 125000: global: DynInst: [sn:610] Instruction created. Instcount for system.cpu = 36
 125000: system.cpu.fetch: [tid:0] Instruction PC (0x401075=>0x401077).(1=>2) created [sn:610].
 125000: system.cpu.fetch: [tid:0] Instruction is:   ADD_M_R : add   t1b, t1b, al
 125000: system.cpu.fetch: [tid:0] Fetch queue entry created (5/128).
 125000: global: DynInst: [sn:620] Instruction created. Instcount for system.cpu = 37
 125000: system.cpu.fetch: [tid:0] Instruction PC (0x401075=>0x401077).(2=>3) created [sn:620].
 125000: system.cpu.fetch: [tid:0] Instruction is:   ADD_M_R : st   t1b, DS:[rax]
 125000: system.cpu.fetch: [tid:0] Fetch queue entry created (6/128).
 125000: system.cpu.fetch: [tid:0] Done fetching, reached fetch bandwidth for this cycle.
 125000: system.cpu.fetch: [tid:0] [sn:570] Sending instruction to decode from fetch queue. Fetch queue size: 6.
 125000: system.cpu.fetch: [tid:0] [sn:580] Sending instruction to decode from fetch queue. Fetch queue size: 5.
 125000: system.cpu.fetch: [tid:0] [sn:590] Sending instruction to decode from fetch queue. Fetch queue size: 4.
 125000: system.cpu.fetch: [tid:0] [sn:600] Sending instruction to decode from fetch queue. Fetch queue size: 3.
 125000: system.cpu.fetch: [tid:0] [sn:610] Sending instruction to decode from fetch queue. Fetch queue size: 2.
 125000: system.cpu.fetch: [tid:0] [sn:620] Sending instruction to decode from fetch queue. Fetch queue size: 1.
 125000: system.cpu.fetch: Activity this cycle.
 125000: system.cpu: Activity: 7
 125000: system.cpu.decode: Processing [tid:0]
 125000: system.cpu.decode: [tid:0] Bypass moves from Rename: 0
 125000: system.cpu.decode: [tid:0] Not blocked, so attempting to run stage.
 125000: system.cpu.decode: [tid:0] Sending instruction to rename.
 125000: system.cpu.decode: [tid:0] Processing instruction [sn:510] with PC (0x40106f=>0x401071).(0=>1)
 125000: system.cpu.decode: [tid:0] Processing instruction [sn:520] with PC (0x40106f=>0x401071).(1=>2)
 125000: system.cpu.decode: [tid:0] Processing instruction [sn:530] with PC (0x40106f=>0x401071).(2=>3)
 125000: system.cpu.decode: [tid:0] Processing instruction [sn:540] with PC (0x401071=>0x401073).(0=>1)
 125000: system.cpu.decode: [tid:0] Processing instruction [sn:550] with PC (0x401071=>0x401073).(1=>2)
 125000: system.cpu.decode: [tid:0] Processing instruction [sn:560] with PC (0x401071=>0x401073).(2=>3)
 125000: system.cpu.decode: Activity this cycle.
 125000: system.cpu.rename: Processing [tid:0]
 125000: system.cpu.rename: [tid:0] Free IQ: 204, Free ROB: 500, Free LQ: 192, Free SQ: 113, FreeRM 63(455 464 511 1022 63 8 2545)
 125000: system.cpu.rename: [tid:0] 18 instructions not yet in ROB
 125000: system.cpu.rename: calcFreeLQEntries: free lqEntries: 192, loadsInProgress: 0, loads dispatchedToLQ: 0
 125000: system.cpu.rename: [tid:0] Not blocked, so attempting to run stage.
 125000: system.cpu.rename: [tid:0] 6 available instructions to send iew.
 125000: system.cpu.rename: [tid:0] 18 insts pipelining from Rename | 6 insts dispatched to IQ last cycle.
 125000: system.cpu.rename: [tid:0] Sending instructions to IEW.
 125000: system.cpu.rename: calcFreeLQEntries: free lqEntries: 192, loadsInProgress: 0, loads dispatchedToLQ: 0
 125000: system.cpu.rename: [tid:0] Processing instruction [sn:450] with PC (0x40105b=>0x40105f).(0=>1).
 125000: system.cpu.rename: [tid:0] Mascot prediction for load [sn:450] type: 0; distance1: 0; distance2: 0
 125000: system.cpu.rename: [tid:0] Looking up invalid arch reg 0, got phys reg 4294967295 (invalid)
 125000: system.cpu.rename: [tid:0] Register 4294967295 (flat: 4294967295) (invalid) is ready.
 125000: global: [sn:450] has 1 ready out of 3 sources. RTI 0)
 125000: system.cpu.rename: [tid:0] Looking up integer arch reg 4, got phys reg 40 (integer)
 125000: system.cpu.rename: [tid:0] Register 40 (flat: 40) (integer) is ready.
 125000: global: [sn:450] has 2 ready out of 3 sources. RTI 0)
 125000: system.cpu.rename: [tid:0] Looking up miscellaneous arch reg 154, got phys reg 154 (miscellaneous)
 125000: system.cpu.rename: [tid:0] Register 154 (flat: 0) (miscellaneous) is ready.
 125000: global: [sn:450] has 3 ready out of 3 sources. RTI 0)
 125000: global: Renamed reg rbx to physical reg 82 (82) old mapping was 3 (3)
 125000: system.cpu.rename: [tid:0] Renaming arch reg 3 (integer) to physical reg 82 (82).
 125000: system.cpu.rename: [tid:0] [sn:450] Adding instruction to history buffer (size=46).
 125000: system.cpu.rename: [tid:0] Processing instruction [sn:460] with PC (0x40105f=>0x401063).(0=>1).
 125000: global: Renamed reg t1 to physical reg 83 (83) old mapping was 68 (68)
 125000: system.cpu.rename: [tid:0] Renaming arch reg 17 (integer) to physical reg 83 (83).
 125000: system.cpu.rename: [tid:0] [sn:460] Adding instruction to history buffer (size=47).
 125000: system.cpu.rename: [tid:0] Processing instruction [sn:470] with PC (0x40105f=>0x401063).(1=>2).
 125000: system.cpu.rename: [tid:0] Looking up integer arch reg 4, got phys reg 40 (integer)
 125000: system.cpu.rename: [tid:0] Register 40 (flat: 40) (integer) is ready.
 125000: global: [sn:470] has 1 ready out of 7 sources. RTI 0)
 125000: system.cpu.rename: [tid:0] Looking up integer arch reg 17, got phys reg 83 (integer)
 125000: system.cpu.rename: [tid:0] Register 83 (flat: 83) (integer) is not ready.
 125000: system.cpu.rename: [tid:0] Looking up invalid arch reg 0, got phys reg 4294967295 (invalid)
 125000: system.cpu.rename: [tid:0] Register 4294967295 (flat: 4294967295) (invalid) is ready.
 125000: global: [sn:470] has 2 ready out of 7 sources. RTI 0)
 125000: system.cpu.rename: [tid:0] Looking up invalid arch reg 0, got phys reg 4294967295 (invalid)
 125000: system.cpu.rename: [tid:0] Register 4294967295 (flat: 4294967295) (invalid) is ready.
 125000: global: [sn:470] has 3 ready out of 7 sources. RTI 0)
 125000: system.cpu.rename: [tid:0] Looking up invalid arch reg 0, got phys reg 4294967295 (invalid)
 125000: system.cpu.rename: [tid:0] Register 4294967295 (flat: 4294967295) (invalid) is ready.
 125000: global: [sn:470] has 4 ready out of 7 sources. RTI 0)
 125000: system.cpu.rename: [tid:0] Looking up invalid arch reg 0, got phys reg 4294967295 (invalid)
 125000: system.cpu.rename: [tid:0] Register 4294967295 (flat: 4294967295) (invalid) is ready.
 125000: global: [sn:470] has 5 ready out of 7 sources. RTI 0)
 125000: system.cpu.rename: [tid:0] Looking up invalid arch reg 0, got phys reg 4294967295 (invalid)
 125000: system.cpu.rename: [tid:0] Register 4294967295 (flat: 4294967295) (invalid) is ready.
 125000: global: [sn:470] has 6 ready out of 7 sources. RTI 0)
 125000: global: Renamed reg rsp to physical reg 84 (84) old mapping was 40 (40)
 125000: system.cpu.rename: [tid:0] Renaming arch reg 4 (integer) to physical reg 84 (84).
 125000: system.cpu.rename: [tid:0] [sn:470] Adding instruction to history buffer (size=48).
 125000: global: Renamed reg condition_code[0] to physical reg 2675 (2675) old mapping was 2669 (2669)
 125000: system.cpu.rename: [tid:0] Renaming arch reg 0 (condition_code) to physical reg 43 (2675).
 125000: system.cpu.rename: [tid:0] [sn:470] Adding instruction to history buffer (size=49).
 125000: global: Renamed reg condition_code[1] to physical reg 2676 (2676) old mapping was 2674 (2674)
 125000: system.cpu.rename: [tid:0] Renaming arch reg 1 (condition_code) to physical reg 44 (2676).
 125000: system.cpu.rename: [tid:0] [sn:470] Adding instruction to history buffer (size=50).
 125000: system.cpu.rename: [tid:0] Renaming arch reg 0 (invalid) to physical reg 4294967295 (4294967295).
 125000: system.cpu.rename: [tid:0] [sn:470] Adding instruction to history buffer (size=51).
 125000: system.cpu.rename: [tid:0] Renaming arch reg 0 (invalid) to physical reg 4294967295 (4294967295).
 125000: system.cpu.rename: [tid:0] [sn:470] Adding instruction to history buffer (size=52).
 125000: system.cpu.rename: [tid:0] Renaming arch reg 0 (invalid) to physical reg 4294967295 (4294967295).
 125000: system.cpu.rename: [tid:0] [sn:470] Adding instruction to history buffer (size=53).
 125000: system.cpu.rename: [tid:0] Processing instruction [sn:480] with PC (0x401063=>0x40106a).(0=>1).
 125000: global: Renamed reg rax to physical reg 85 (85) old mapping was 41 (41)
 125000: system.cpu.rename: [tid:0] Renaming arch reg 0 (integer) to physical reg 85 (85).
 125000: system.cpu.rename: [tid:0] [sn:480] Adding instruction to history buffer (size=54).
 125000: system.cpu.rename: [tid:0] Processing instruction [sn:490] with PC (0x40106a=>0x40106d).(0=>1).
 125000: system.cpu.rename: [tid:0] Looking up integer arch reg 7, got phys reg 7 (integer)
 125000: system.cpu.rename: [tid:0] Register 7 (flat: 7) (integer) is ready.
 125000: global: [sn:490] has 1 ready out of 7 sources. RTI 0)
 125000: system.cpu.rename: [tid:0] Looking up integer arch reg 7, got phys reg 7 (integer)
 125000: system.cpu.rename: [tid:0] Register 7 (flat: 7) (integer) is ready.
 125000: global: [sn:490] has 2 ready out of 7 sources. RTI 0)
 125000: system.cpu.rename: [tid:0] Looking up invalid arch reg 0, got phys reg 4294967295 (invalid)
 125000: system.cpu.rename: [tid:0] Register 4294967295 (flat: 4294967295) (invalid) is ready.
 125000: global: [sn:490] has 3 ready out of 7 sources. RTI 0)
 125000: system.cpu.rename: [tid:0] Looking up invalid arch reg 0, got phys reg 4294967295 (invalid)
 125000: system.cpu.rename: [tid:0] Register 4294967295 (flat: 4294967295) (invalid) is ready.
 125000: global: [sn:490] has 4 ready out of 7 sources. RTI 0)
 125000: system.cpu.rename: [tid:0] Looking up invalid arch reg 0, got phys reg 4294967295 (invalid)
 125000: system.cpu.rename: [tid:0] Register 4294967295 (flat: 4294967295) (invalid) is ready.
 125000: global: [sn:490] has 5 ready out of 7 sources. RTI 0)
 125000: system.cpu.rename: [tid:0] Looking up invalid arch reg 0, got phys reg 4294967295 (invalid)
 125000: system.cpu.rename: [tid:0] Register 4294967295 (flat: 4294967295) (invalid) is ready.
 125000: global: [sn:490] has 6 ready out of 7 sources. RTI 0)
 125000: system.cpu.rename: [tid:0] Looking up invalid arch reg 0, got phys reg 4294967295 (invalid)
 125000: system.cpu.rename: [tid:0] Register 4294967295 (flat: 4294967295) (invalid) is ready.
 125000: global: [sn:490] has 7 ready out of 7 sources. RTI 0)
 125000: global: Renamed reg rdi to physical reg 86 (86) old mapping was 7 (7)
 125000: system.cpu.rename: [tid:0] Renaming arch reg 7 (integer) to physical reg 86 (86).
 125000: system.cpu.rename: [tid:0] [sn:490] Adding instruction to history buffer (size=55).
 125000: global: Renamed reg condition_code[0] to physical reg 2677 (2677) old mapping was 2675 (2675)
 125000: system.cpu.rename: [tid:0] Renaming arch reg 0 (condition_code) to physical reg 45 (2677).
 125000: system.cpu.rename: [tid:0] [sn:490] Adding instruction to history buffer (size=56).
 125000: global: Renamed reg condition_code[1] to physical reg 2678 (2678) old mapping was 2676 (2676)
 125000: system.cpu.rename: [tid:0] Renaming arch reg 1 (condition_code) to physical reg 46 (2678).
 125000: system.cpu.rename: [tid:0] [sn:490] Adding instruction to history buffer (size=57).
 125000: system.cpu.rename: [tid:0] Renaming arch reg 0 (invalid) to physical reg 4294967295 (4294967295).
 125000: system.cpu.rename: [tid:0] [sn:490] Adding instruction to history buffer (size=58).
 125000: system.cpu.rename: [tid:0] Renaming arch reg 0 (invalid) to physical reg 4294967295 (4294967295).
 125000: system.cpu.rename: [tid:0] [sn:490] Adding instruction to history buffer (size=59).
 125000: system.cpu.rename: [tid:0] Renaming arch reg 0 (invalid) to physical reg 4294967295 (4294967295).
 125000: system.cpu.rename: [tid:0] [sn:490] Adding instruction to history buffer (size=60).
 125000: system.cpu.rename: [tid:0] Processing instruction [sn:500] with PC (0x40106d=>0x40106f).(0=>1).
 125000: system.cpu.rename: Activity this cycle.
 125000: system.cpu.iew: Issue: Processing [tid:0]
 125000: system.cpu.iew: [tid:0] Not blocked, so attempting to run dispatch.
 125000: system.cpu.iew: [tid:0] Issue: Adding PC (0x40104b=>0x40104f).(0=>1) [sn:330] [tid:0] to IQ.
 125000: system.cpu.iq: Adding instruction [sn:330] PC (0x40104b=>0x40104f).(0=>1) to the IQ.
 125000: system.cpu.iq: Instruction PC (0x40104b=>0x40104f).(0=>1) has src reg 65 (integer) that is being added to the dependency chain.
 125000: system.cpu.iew: [tid:0] Issue: Adding PC (0x40104b=>0x40104f).(1=>2) [sn:340] [tid:0] to IQ.
 125000: system.cpu.iq: Adding instruction [sn:340] PC (0x40104b=>0x40104f).(1=>2) to the IQ.
 125000: system.cpu.iq: Instruction PC (0x40104b=>0x40104f).(1=>2) has src reg 70 (integer) that is being added to the dependency chain.
 125000: system.cpu.iew: [tid:0] Issue: Adding PC (0x40104b=>0x40104f).(2=>3) [sn:350] [tid:0] to IQ.
 125000: system.cpu.iq: Adding instruction [sn:350] PC (0x40104b=>0x40104f).(2=>3) to the IQ.
 125000: system.cpu.iq: Instruction PC (0x40104b=>0x40104f).(2=>3) has src reg 71 (integer) that is being added to the dependency chain.
 125000: system.cpu.iew: [tid:0] Issue: Adding PC (0x40104f=>0x401053).(0=>1) [sn:360] [tid:0] to IQ.
 125000: system.cpu.iq: Adding instruction [sn:360] PC (0x40104f=>0x401053).(0=>1) to the IQ.
 125000: system.cpu.iq: Instruction PC (0x40104f=>0x401053).(0=>1) has src reg 69 (integer) that is being added to the dependency chain.
 125000: system.cpu.iq: Instruction PC (0x40104f=>0x401053).(0=>1) has src reg 67 (integer) that is being added to the dependency chain.
 125000: system.cpu.iq: Instruction PC (0x40104f=>0x401053).(0=>1) has src reg 70 (integer) that is being added to the dependency chain.
 125000: system.cpu.iq: Instruction PC (0x40104f=>0x401053).(0=>1) has src reg 71 (integer) that is being added to the dependency chain.
 125000: system.cpu.iew: [tid:0] Issue: Adding PC (0x40104f=>0x401053).(1=>2) [sn:370] [tid:0] to IQ.
 125000: system.cpu.iq: Adding instruction [sn:370] PC (0x40104f=>0x401053).(1=>2) to the IQ.
 125000: system.cpu.iq: Instruction PC (0x40104f=>0x401053).(1=>2) has src reg 73 (integer) that is being added to the dependency chain.
 125000: system.cpu.iew: [tid:0] Issue: Adding PC (0x40104f=>0x401053).(2=>3) [sn:380] [tid:0] to IQ.
 125000: system.cpu.iq: Adding instruction [sn:380] PC (0x40104f=>0x401053).(2=>3) to the IQ.
 125000: system.cpu.iq: Instruction PC (0x40104f=>0x401053).(2=>3) has src reg 74 (integer) that is being added to the dependency chain.
 125000: system.cpu.iew: Execute: Executing instructions from IQ.
 125000: system.cpu.iew: Execute: Processing PC (0x40103f=>0x401043).(0=>1), [tid:0] [sn:270].
 125000: global: RegFile: Setting int register 64 to 0xa
 125000: system.cpu.iew: Current wb cycle: 0, width: 12, numInst: 0
wbActual:0
 125000: system.cpu.iew: Execute: Executing instructions from IQ.
 125000: system.cpu.iew: Execute: Processing PC (0x401043=>0x401047).(0=>1), [tid:0] [sn:290].
 125000: global: RegFile: Setting int register 66 to 0xb
 125000: system.cpu.iew: Current wb cycle: 0, width: 12, numInst: 1
wbActual:1
 125000: system.cpu.iew: Execute: Executing instructions from IQ.
 125000: system.cpu.iew: Execute: Processing PC (0x401047=>0x40104b).(0=>1), [tid:0] [sn:310].
 125000: global: RegFile: Setting int register 68 to 0xc
 125000: system.cpu.iew: Current wb cycle: 0, width: 12, numInst: 2
wbActual:2
 125000: system.cpu.iew: Sending instructions to commit, [sn:270] PC (0x40103f=>0x401043).(0=>1).
 125000: system.cpu.iq: Waking dependents of completed instruction.
 125000: system.cpu.iq: Waking any dependents on register 64 (integer).
 125000: system.cpu.iq: Waking up a dependent instruction, [sn:280] PC (0x40103f=>0x401043).(1=>2).
 125000: global: [sn:280] has 7 ready out of 7 sources. RTI 0)
 125000: system.cpu.iq: Instruction is ready to issue, putting it onto the ready list, PC (0x40103f=>0x401043).(1=>2) opclass:1 [sn:280].
 125000: system.cpu.iew: Setting Destination Register 64 (integer)
 125000: system.cpu.scoreboard: Setting reg 64 (integer) as ready
 125000: system.cpu.iew: Sending instructions to commit, [sn:290] PC (0x401043=>0x401047).(0=>1).
 125000: system.cpu.iq: Waking dependents of completed instruction.
 125000: system.cpu.iq: Waking any dependents on register 66 (integer).
 125000: system.cpu.iq: Waking up a dependent instruction, [sn:300] PC (0x401043=>0x401047).(1=>2).
 125000: global: [sn:300] has 7 ready out of 7 sources. RTI 0)
 125000: system.cpu.iq: Instruction is ready to issue, putting it onto the ready list, PC (0x401043=>0x401047).(1=>2) opclass:1 [sn:300].
 125000: system.cpu.iew: Setting Destination Register 66 (integer)
 125000: system.cpu.scoreboard: Setting reg 66 (integer) as ready
 125000: system.cpu.iew: Sending instructions to commit, [sn:310] PC (0x401047=>0x40104b).(0=>1).
 125000: system.cpu.iq: Waking dependents of completed instruction.
 125000: system.cpu.iq: Waking any dependents on register 68 (integer).
 125000: system.cpu.iq: Waking up a dependent instruction, [sn:320] PC (0x401047=>0x40104b).(1=>2).
 125000: global: [sn:320] has 7 ready out of 7 sources. RTI 0)
 125000: system.cpu.iq: Instruction is ready to issue, putting it onto the ready list, PC (0x401047=>0x40104b).(1=>2) opclass:1 [sn:320].
 125000: system.cpu.iew: Setting Destination Register 68 (integer)
 125000: system.cpu.scoreboard: Setting reg 68 (integer) as ready
 125000: system.cpu.iq: Attempting to schedule ready instructions from the IQ.
 125000: system.cpu.iq: Thread 0: Issuing instruction PC (0x40103f=>0x401043).(1=>2) [sn:280]
 125000: system.cpu.iq: Thread 0: Issuing instruction PC (0x401043=>0x401047).(1=>2) [sn:300]
 125000: system.cpu.iq: Thread 0: Issuing instruction PC (0x401047=>0x40104b).(1=>2) [sn:320]
 125000: system.cpu.iew.lsq: [tid:0] Writing back stores. 1 stores available for Writeback.
 125000: system.cpu.iew: Processing [tid:0]
 125000: system.cpu.iew.lsq.thread0: LQ size: 192, #loads occupied: 0
 125000: system.cpu.iew.lsq.thread0: SQ size: 114, #stores occupied: 1
 125000: system.cpu.iew: [tid:0], Dispatch dispatched 6 instructions.
 125000: system.cpu.iew.lsq.thread0: SQ size: 114, #stores occupied: 1
 125000: system.cpu.iew.lsq.thread0: LQ size: 192, #loads occupied: 0
 125000: system.cpu.iew: IQ has 198 free entries (Can schedule: 0).  LQ has 192 free entries. SQ has 113 free entries.
 125000: system.cpu.iew: Activity this cycle.
 125000: system.cpu.commit: Getting instructions from Rename stage.
 125000: system.cpu.commit: [tid:0] [sn:390] Inserting PC (0x401053=>0x401057).(0=>1) into ROB.
 125000: system.cpu.rob: Adding inst PC (0x401053=>0x401057).(0=>1) to the ROB.
 125000: system.cpu.rob: [tid:0] Now has 13 instructions.
 125000: system.cpu.commit: [tid:0] [sn:400] Inserting PC (0x401053=>0x401057).(1=>2) into ROB.
 125000: system.cpu.rob: Adding inst PC (0x401053=>0x401057).(1=>2) to the ROB.
 125000: system.cpu.rob: [tid:0] Now has 14 instructions.
 125000: system.cpu.commit: [tid:0] [sn:410] Inserting PC (0x401053=>0x401057).(2=>3) into ROB.
 125000: system.cpu.rob: Adding inst PC (0x401053=>0x401057).(2=>3) to the ROB.
 125000: system.cpu.rob: [tid:0] Now has 15 instructions.
 125000: system.cpu.commit: [tid:0] [sn:420] Inserting PC (0x401057=>0x40105b).(0=>1) into ROB.
 125000: system.cpu.rob: Adding inst PC (0x401057=>0x40105b).(0=>1) to the ROB.
 125000: system.cpu.rob: [tid:0] Now has 16 instructions.
 125000: system.cpu.commit: [tid:0] [sn:430] Inserting PC (0x401057=>0x40105b).(1=>2) into ROB.
 125000: system.cpu.rob: Adding inst PC (0x401057=>0x40105b).(1=>2) to the ROB.
 125000: system.cpu.rob: [tid:0] Now has 17 instructions.
 125000: system.cpu.commit: [tid:0] [sn:440] Inserting PC (0x401057=>0x40105b).(2=>3) into ROB.
 125000: system.cpu.rob: Adding inst PC (0x401057=>0x40105b).(2=>3) to the ROB.
 125000: system.cpu.rob: [tid:0] Now has 18 instructions.
 125000: system.cpu.commit: Trying to commit instructions in the ROB.
 125000: system.cpu.commit: [tid:0] Can't commit, Instruction [sn:270] PC (0x40103f=>0x401043).(0=>1) is head of ROB and not ready
 125000: system.cpu.commit: [tid:0] ROB has 18 insts & 494 free entries.
 125000: system.cpu.commit: Activity This Cycle.
 125000: system.cpu: Scheduling next tick!
 126000: system.cpu: 

O3CPU: Ticking main, O3CPU.
 126000: system.cpu.fetch: Running stage.
 126000: system.cpu.fetch: Attempting to fetch from [tid:0]
 126000: system.cpu.fetch: [tid:0] Adding instructions to queue to decode.
 126000: system.cpu.decoder: Decode: Decoded add instruction: 
{
	leg = 0,
	rex = 0,
	vex/xop = 0,
	op = {
		type = one byte,
		op = 0,
		},
	modRM = 0,
	sib = 0,
	immediate = 0,
	displacement = 0
	dispSize = 0}

 126000: global: DynInst: [sn:630] Instruction created. Instcount for system.cpu = 38
 126000: system.cpu.fetch: [tid:0] Instruction PC (0x401077=>0x401079).(0=>1) created [sn:630].
 126000: system.cpu.fetch: [tid:0] Instruction is:   ADD_M_R : ldst   t1b, DS:[rax]
 126000: system.cpu.fetch: [tid:0] Fetch queue entry created (1/128).
 126000: global: DynInst: [sn:640] Instruction created. Instcount for system.cpu = 39
 126000: system.cpu.fetch: [tid:0] Instruction PC (0x401077=>0x401079).(1=>2) created [sn:640].
 126000: system.cpu.fetch: [tid:0] Instruction is:   ADD_M_R : add   t1b, t1b, al
 126000: system.cpu.fetch: [tid:0] Fetch queue entry created (2/128).
 126000: global: DynInst: [sn:650] Instruction created. Instcount for system.cpu = 40
 126000: system.cpu.fetch: [tid:0] Instruction PC (0x401077=>0x401079).(2=>3) created [sn:650].
 126000: system.cpu.fetch: [tid:0] Instruction is:   ADD_M_R : st   t1b, DS:[rax]
 126000: system.cpu.fetch: [tid:0] Fetch queue entry created (3/128).
 126000: system.cpu.decoder: Decode: Decoded add instruction: 
{
	leg = 0,
	rex = 0,
	vex/xop = 0,
	op = {
		type = one byte,
		op = 0,
		},
	modRM = 0,
	sib = 0,
	immediate = 0,
	displacement = 0
	dispSize = 0}

 126000: global: DynInst: [sn:660] Instruction created. Instcount for system.cpu = 41
 126000: system.cpu.fetch: [tid:0] Instruction PC (0x401079=>0x40107b).(0=>1) created [sn:660].
 126000: system.cpu.fetch: [tid:0] Instruction is:   ADD_M_R : ldst   t1b, DS:[rax]
 126000: system.cpu.fetch: [tid:0] Fetch queue entry created (4/128).
 126000: global: DynInst: [sn:670] Instruction created. Instcount for system.cpu = 42
 126000: system.cpu.fetch: [tid:0] Instruction PC (0x401079=>0x40107b).(1=>2) created [sn:670].
 126000: system.cpu.fetch: [tid:0] Instruction is:   ADD_M_R : add   t1b, t1b, al
 126000: system.cpu.fetch: [tid:0] Fetch queue entry created (5/128).
 126000: global: DynInst: [sn:680] Instruction created. Instcount for system.cpu = 43
 126000: system.cpu.fetch: [tid:0] Instruction PC (0x401079=>0x40107b).(2=>3) created [sn:680].
 126000: system.cpu.fetch: [tid:0] Instruction is:   ADD_M_R : st   t1b, DS:[rax]
 126000: system.cpu.fetch: [tid:0] Fetch queue entry created (6/128).
 126000: system.cpu.fetch: [tid:0] Done fetching, reached fetch bandwidth for this cycle.
 126000: system.cpu.fetch: [tid:0] [sn:630] Sending instruction to decode from fetch queue. Fetch queue size: 6.
 126000: system.cpu.fetch: [tid:0] [sn:640] Sending instruction to decode from fetch queue. Fetch queue size: 5.
 126000: system.cpu.fetch: [tid:0] [sn:650] Sending instruction to decode from fetch queue. Fetch queue size: 4.
 126000: system.cpu.fetch: [tid:0] [sn:660] Sending instruction to decode from fetch queue. Fetch queue size: 3.
 126000: system.cpu.fetch: [tid:0] [sn:670] Sending instruction to decode from fetch queue. Fetch queue size: 2.
 126000: system.cpu.fetch: [tid:0] [sn:680] Sending instruction to decode from fetch queue. Fetch queue size: 1.
 126000: system.cpu.fetch: Activity this cycle.
 126000: system.cpu: Activity: 8
 126000: system.cpu.decode: Processing [tid:0]
 126000: system.cpu.decode: [tid:0] Bypass moves from Rename: 0
 126000: system.cpu.decode: [tid:0] Not blocked, so attempting to run stage.
 126000: system.cpu.decode: [tid:0] Sending instruction to rename.
 126000: system.cpu.decode: [tid:0] Processing instruction [sn:570] with PC (0x401073=>0x401075).(0=>1)
 126000: system.cpu.decode: [tid:0] Processing instruction [sn:580] with PC (0x401073=>0x401075).(1=>2)
 126000: system.cpu.decode: [tid:0] Processing instruction [sn:590] with PC (0x401073=>0x401075).(2=>3)
 126000: system.cpu.decode: [tid:0] Processing instruction [sn:600] with PC (0x401075=>0x401077).(0=>1)
 126000: system.cpu.decode: [tid:0] Processing instruction [sn:610] with PC (0x401075=>0x401077).(1=>2)
 126000: system.cpu.decode: [tid:0] Processing instruction [sn:620] with PC (0x401075=>0x401077).(2=>3)
 126000: system.cpu.decode: Activity this cycle.
 126000: system.cpu.rename: Processing [tid:0]
 126000: system.cpu.rename: [tid:0] Free IQ: 198, Free ROB: 494, Free LQ: 192, Free SQ: 113, FreeRM 63(450 464 511 1022 63 8 2541)
 126000: system.cpu.rename: [tid:0] 18 instructions not yet in ROB
 126000: system.cpu.rename: calcFreeLQEntries: free lqEntries: 192, loadsInProgress: 1, loads dispatchedToLQ: 0
 126000: system.cpu.rename: [tid:0] Not blocked, so attempting to run stage.
 126000: system.cpu.rename: [tid:0] 6 available instructions to send iew.
 126000: system.cpu.rename: [tid:0] 18 insts pipelining from Rename | 6 insts dispatched to IQ last cycle.
 126000: system.cpu.rename: [tid:0] Sending instructions to IEW.
 126000: system.cpu.rename: calcFreeLQEntries: free lqEntries: 192, loadsInProgress: 1, loads dispatchedToLQ: 0
 126000: system.cpu.rename: [tid:0] Processing instruction [sn:510] with PC (0x40106f=>0x401071).(0=>1).
 126000: system.cpu.rename: [tid:0] Mascot prediction for load [sn:510] type: 0; distance1: 0; distance2: 0
 126000: system.cpu.rename: [tid:0] Looking up invalid arch reg 0, got phys reg 4294967295 (invalid)
 126000: system.cpu.rename: [tid:0] Register 4294967295 (flat: 4294967295) (invalid) is ready.
 126000: global: [sn:510] has 1 ready out of 4 sources. RTI 0)
 126000: system.cpu.rename: [tid:0] Looking up integer arch reg 0, got phys reg 85 (integer)
 126000: system.cpu.rename: [tid:0] Register 85 (flat: 85) (integer) is not ready.
 126000: system.cpu.rename: [tid:0] Looking up integer arch reg 17, got phys reg 83 (integer)
 126000: system.cpu.rename: [tid:0] Register 83 (flat: 83) (integer) is not ready.
 126000: system.cpu.rename: [tid:0] Looking up miscellaneous arch reg 155, got phys reg 155 (miscellaneous)
 126000: system.cpu.rename: [tid:0] Register 155 (flat: 0) (miscellaneous) is ready.
 126000: global: [sn:510] has 2 ready out of 4 sources. RTI 0)
 126000: global: Renamed reg t1 to physical reg 87 (87) old mapping was 83 (83)
 126000: system.cpu.rename: [tid:0] Renaming arch reg 17 (integer) to physical reg 87 (87).
 126000: system.cpu.rename: [tid:0] [sn:510] Adding instruction to history buffer (size=61).
 126000: system.cpu.rename: [tid:0] Processing instruction [sn:520] with PC (0x40106f=>0x401071).(1=>2).
 126000: system.cpu.rename: [tid:0] Looking up integer arch reg 17, got phys reg 87 (integer)
 126000: system.cpu.rename: [tid:0] Register 87 (flat: 87) (integer) is not ready.
 126000: system.cpu.rename: [tid:0] Looking up integer arch reg 0, got phys reg 85 (integer)
 126000: system.cpu.rename: [tid:0] Register 85 (flat: 85) (integer) is not ready.
 126000: system.cpu.rename: [tid:0] Looking up integer arch reg 17, got phys reg 87 (integer)
 126000: system.cpu.rename: [tid:0] Register 87 (flat: 87) (integer) is not ready.
 126000: system.cpu.rename: [tid:0] Looking up invalid arch reg 0, got phys reg 4294967295 (invalid)
 126000: system.cpu.rename: [tid:0] Register 4294967295 (flat: 4294967295) (invalid) is ready.
 126000: global: [sn:520] has 1 ready out of 8 sources. RTI 0)
 126000: system.cpu.rename: [tid:0] Looking up invalid arch reg 0, got phys reg 4294967295 (invalid)
 126000: system.cpu.rename: [tid:0] Register 4294967295 (flat: 4294967295) (invalid) is ready.
 126000: global: [sn:520] has 2 ready out of 8 sources. RTI 0)
 126000: system.cpu.rename: [tid:0] Looking up invalid arch reg 0, got phys reg 4294967295 (invalid)
 126000: system.cpu.rename: [tid:0] Register 4294967295 (flat: 4294967295) (invalid) is ready.
 126000: global: [sn:520] has 3 ready out of 8 sources. RTI 0)
 126000: system.cpu.rename: [tid:0] Looking up invalid arch reg 0, got phys reg 4294967295 (invalid)
 126000: system.cpu.rename: [tid:0] Register 4294967295 (flat: 4294967295) (invalid) is ready.
 126000: global: [sn:520] has 4 ready out of 8 sources. RTI 0)
 126000: system.cpu.rename: [tid:0] Looking up invalid arch reg 0, got phys reg 4294967295 (invalid)
 126000: system.cpu.rename: [tid:0] Register 4294967295 (flat: 4294967295) (invalid) is ready.
 126000: global: [sn:520] has 5 ready out of 8 sources. RTI 0)
 126000: global: Renamed reg t1 to physical reg 88 (88) old mapping was 87 (87)
 126000: system.cpu.rename: [tid:0] Renaming arch reg 17 (integer) to physical reg 88 (88).
 126000: system.cpu.rename: [tid:0] [sn:520] Adding instruction to history buffer (size=62).
 126000: global: Renamed reg condition_code[0] to physical reg 2679 (2679) old mapping was 2677 (2677)
 126000: system.cpu.rename: [tid:0] Renaming arch reg 0 (condition_code) to physical reg 47 (2679).
 126000: system.cpu.rename: [tid:0] [sn:520] Adding instruction to history buffer (size=63).
 126000: global: Renamed reg condition_code[1] to physical reg 2680 (2680) old mapping was 2678 (2678)
 126000: system.cpu.rename: [tid:0] Renaming arch reg 1 (condition_code) to physical reg 48 (2680).
 126000: system.cpu.rename: [tid:0] [sn:520] Adding instruction to history buffer (size=64).
 126000: system.cpu.rename: [tid:0] Renaming arch reg 0 (invalid) to physical reg 4294967295 (4294967295).
 126000: system.cpu.rename: [tid:0] [sn:520] Adding instruction to history buffer (size=65).
 126000: system.cpu.rename: [tid:0] Renaming arch reg 0 (invalid) to physical reg 4294967295 (4294967295).
 126000: system.cpu.rename: [tid:0] [sn:520] Adding instruction to history buffer (size=66).
 126000: system.cpu.rename: [tid:0] Renaming arch reg 0 (invalid) to physical reg 4294967295 (4294967295).
 126000: system.cpu.rename: [tid:0] [sn:520] Adding instruction to history buffer (size=67).
 126000: system.cpu.rename: calcFreeSQEntries: free sqEntries: 113, storesInProgress: 0, stores dispatchedToSQ: 0
 126000: system.cpu.rename: [tid:0] Processing instruction [sn:530] with PC (0x40106f=>0x401071).(2=>3).
 126000: system.cpu.rename: [tid:0] Looking up invalid arch reg 0, got phys reg 4294967295 (invalid)
 126000: system.cpu.rename: [tid:0] Register 4294967295 (flat: 4294967295) (invalid) is ready.
 126000: global: [sn:530] has 1 ready out of 4 sources. RTI 0)
 126000: system.cpu.rename: [tid:0] Looking up integer arch reg 0, got phys reg 85 (integer)
 126000: system.cpu.rename: [tid:0] Register 85 (flat: 85) (integer) is not ready.
 126000: system.cpu.rename: [tid:0] Looking up integer arch reg 17, got phys reg 88 (integer)
 126000: system.cpu.rename: [tid:0] Register 88 (flat: 88) (integer) is not ready.
 126000: system.cpu.rename: [tid:0] Looking up miscellaneous arch reg 155, got phys reg 155 (miscellaneous)
 126000: system.cpu.rename: [tid:0] Register 155 (flat: 0) (miscellaneous) is ready.
 126000: global: [sn:530] has 2 ready out of 4 sources. RTI 0)
 126000: system.cpu.rename: calcFreeLQEntries: free lqEntries: 192, loadsInProgress: 2, loads dispatchedToLQ: 0
 126000: system.cpu.rename: [tid:0] Processing instruction [sn:540] with PC (0x401071=>0x401073).(0=>1).
 126000: system.cpu.rename: [tid:0] Mascot prediction for load [sn:540] type: 0; distance1: 0; distance2: 0
 126000: system.cpu.rename: [tid:0] Looking up invalid arch reg 0, got phys reg 4294967295 (invalid)
 126000: system.cpu.rename: [tid:0] Register 4294967295 (flat: 4294967295) (invalid) is ready.
 126000: global: [sn:540] has 1 ready out of 4 sources. RTI 0)
 126000: system.cpu.rename: [tid:0] Looking up integer arch reg 0, got phys reg 85 (integer)
 126000: system.cpu.rename: [tid:0] Register 85 (flat: 85) (integer) is not ready.
 126000: system.cpu.rename: [tid:0] Looking up integer arch reg 17, got phys reg 88 (integer)
 126000: system.cpu.rename: [tid:0] Register 88 (flat: 88) (integer) is not ready.
 126000: system.cpu.rename: [tid:0] Looking up miscellaneous arch reg 155, got phys reg 155 (miscellaneous)
 126000: system.cpu.rename: [tid:0] Register 155 (flat: 0) (miscellaneous) is ready.
 126000: global: [sn:540] has 2 ready out of 4 sources. RTI 0)
 126000: global: Renamed reg t1 to physical reg 89 (89) old mapping was 88 (88)
 126000: system.cpu.rename: [tid:0] Renaming arch reg 17 (integer) to physical reg 89 (89).
 126000: system.cpu.rename: [tid:0] [sn:540] Adding instruction to history buffer (size=68).
 126000: system.cpu.rename: [tid:0] Processing instruction [sn:550] with PC (0x401071=>0x401073).(1=>2).
 126000: system.cpu.rename: [tid:0] Looking up integer arch reg 17, got phys reg 89 (integer)
 126000: system.cpu.rename: [tid:0] Register 89 (flat: 89) (integer) is not ready.
 126000: system.cpu.rename: [tid:0] Looking up integer arch reg 0, got phys reg 85 (integer)
 126000: system.cpu.rename: [tid:0] Register 85 (flat: 85) (integer) is not ready.
 126000: system.cpu.rename: [tid:0] Looking up integer arch reg 17, got phys reg 89 (integer)
 126000: system.cpu.rename: [tid:0] Register 89 (flat: 89) (integer) is not ready.
 126000: system.cpu.rename: [tid:0] Looking up invalid arch reg 0, got phys reg 4294967295 (invalid)
 126000: system.cpu.rename: [tid:0] Register 4294967295 (flat: 4294967295) (invalid) is ready.
 126000: global: [sn:550] has 1 ready out of 8 sources. RTI 0)
 126000: system.cpu.rename: [tid:0] Looking up invalid arch reg 0, got phys reg 4294967295 (invalid)
 126000: system.cpu.rename: [tid:0] Register 4294967295 (flat: 4294967295) (invalid) is ready.
 126000: global: [sn:550] has 2 ready out of 8 sources. RTI 0)
 126000: system.cpu.rename: [tid:0] Looking up invalid arch reg 0, got phys reg 4294967295 (invalid)
 126000: system.cpu.rename: [tid:0] Register 4294967295 (flat: 4294967295) (invalid) is ready.
 126000: global: [sn:550] has 3 ready out of 8 sources. RTI 0)
 126000: system.cpu.rename: [tid:0] Looking up invalid arch reg 0, got phys reg 4294967295 (invalid)
 126000: system.cpu.rename: [tid:0] Register 4294967295 (flat: 4294967295) (invalid) is ready.
 126000: global: [sn:550] has 4 ready out of 8 sources. RTI 0)
 126000: system.cpu.rename: [tid:0] Looking up invalid arch reg 0, got phys reg 4294967295 (invalid)
 126000: system.cpu.rename: [tid:0] Register 4294967295 (flat: 4294967295) (invalid) is ready.
 126000: global: [sn:550] has 5 ready out of 8 sources. RTI 0)
 126000: global: Renamed reg t1 to physical reg 90 (90) old mapping was 89 (89)
 126000: system.cpu.rename: [tid:0] Renaming arch reg 17 (integer) to physical reg 90 (90).
 126000: system.cpu.rename: [tid:0] [sn:550] Adding instruction to history buffer (size=69).
 126000: global: Renamed reg condition_code[0] to physical reg 2681 (2681) old mapping was 2679 (2679)
 126000: system.cpu.rename: [tid:0] Renaming arch reg 0 (condition_code) to physical reg 49 (2681).
 126000: system.cpu.rename: [tid:0] [sn:550] Adding instruction to history buffer (size=70).
 126000: global: Renamed reg condition_code[1] to physical reg 2682 (2682) old mapping was 2680 (2680)
 126000: system.cpu.rename: [tid:0] Renaming arch reg 1 (condition_code) to physical reg 50 (2682).
 126000: system.cpu.rename: [tid:0] [sn:550] Adding instruction to history buffer (size=71).
 126000: system.cpu.rename: [tid:0] Renaming arch reg 0 (invalid) to physical reg 4294967295 (4294967295).
 126000: system.cpu.rename: [tid:0] [sn:550] Adding instruction to history buffer (size=72).
 126000: system.cpu.rename: [tid:0] Renaming arch reg 0 (invalid) to physical reg 4294967295 (4294967295).
 126000: system.cpu.rename: [tid:0] [sn:550] Adding instruction to history buffer (size=73).
 126000: system.cpu.rename: [tid:0] Renaming arch reg 0 (invalid) to physical reg 4294967295 (4294967295).
 126000: system.cpu.rename: [tid:0] [sn:550] Adding instruction to history buffer (size=74).
 126000: system.cpu.rename: calcFreeSQEntries: free sqEntries: 113, storesInProgress: 1, stores dispatchedToSQ: 0
 126000: system.cpu.rename: [tid:0] Processing instruction [sn:560] with PC (0x401071=>0x401073).(2=>3).
 126000: system.cpu.rename: [tid:0] Looking up invalid arch reg 0, got phys reg 4294967295 (invalid)
 126000: system.cpu.rename: [tid:0] Register 4294967295 (flat: 4294967295) (invalid) is ready.
 126000: global: [sn:560] has 1 ready out of 4 sources. RTI 0)
 126000: system.cpu.rename: [tid:0] Looking up integer arch reg 0, got phys reg 85 (integer)
 126000: system.cpu.rename: [tid:0] Register 85 (flat: 85) (integer) is not ready.
 126000: system.cpu.rename: [tid:0] Looking up integer arch reg 17, got phys reg 90 (integer)
 126000: system.cpu.rename: [tid:0] Register 90 (flat: 90) (integer) is not ready.
 126000: system.cpu.rename: [tid:0] Looking up miscellaneous arch reg 155, got phys reg 155 (miscellaneous)
 126000: system.cpu.rename: [tid:0] Register 155 (flat: 0) (miscellaneous) is ready.
 126000: global: [sn:560] has 2 ready out of 4 sources. RTI 0)
 126000: system.cpu.rename: Activity this cycle.
 126000: system.cpu.iew: Issue: Processing [tid:0]
 126000: system.cpu.iew: [tid:0] Not blocked, so attempting to run dispatch.
 126000: system.cpu.iew: [tid:0] Issue: Adding PC (0x401053=>0x401057).(0=>1) [sn:390] [tid:0] to IQ.
 126000: system.cpu.iq: Adding instruction [sn:390] PC (0x401053=>0x401057).(0=>1) to the IQ.
 126000: system.cpu.iq: Instruction PC (0x401053=>0x401057).(0=>1) has src reg 75 (integer) that is being added to the dependency chain.
 126000: system.cpu.iq: Instruction PC (0x401053=>0x401057).(0=>1) has src reg 73 (integer) that is being added to the dependency chain.
 126000: system.cpu.iq: Instruction PC (0x401053=>0x401057).(0=>1) has src reg 74 (integer) that is being added to the dependency chain.
 126000: system.cpu.iew: [tid:0] Issue: Adding PC (0x401053=>0x401057).(1=>2) [sn:400] [tid:0] to IQ.
 126000: system.cpu.iq: Adding instruction [sn:400] PC (0x401053=>0x401057).(1=>2) to the IQ.
 126000: system.cpu.iq: Instruction PC (0x401053=>0x401057).(1=>2) has src reg 76 (integer) that is being added to the dependency chain.
 126000: system.cpu.iew: [tid:0] Issue: Adding PC (0x401053=>0x401057).(2=>3) [sn:410] [tid:0] to IQ.
 126000: system.cpu.iq: Adding instruction [sn:410] PC (0x401053=>0x401057).(2=>3) to the IQ.
 126000: system.cpu.iq: Instruction PC (0x401053=>0x401057).(2=>3) has src reg 77 (integer) that is being added to the dependency chain.
 126000: system.cpu.iew: [tid:0] Issue: Adding PC (0x401057=>0x40105b).(0=>1) [sn:420] [tid:0] to IQ.
 126000: system.cpu.iq: Adding instruction [sn:420] PC (0x401057=>0x40105b).(0=>1) to the IQ.
 126000: system.cpu.iq: Instruction PC (0x401057=>0x40105b).(0=>1) has src reg 67 (integer) that is being added to the dependency chain.
 126000: system.cpu.iq: Instruction PC (0x401057=>0x40105b).(0=>1) has src reg 72 (integer) that is being added to the dependency chain.
 126000: system.cpu.iq: Instruction PC (0x401057=>0x40105b).(0=>1) has src reg 76 (integer) that is being added to the dependency chain.
 126000: system.cpu.iq: Instruction PC (0x401057=>0x40105b).(0=>1) has src reg 77 (integer) that is being added to the dependency chain.
 126000: system.cpu.iew: [tid:0] Issue: Adding PC (0x401057=>0x40105b).(1=>2) [sn:430] [tid:0] to IQ.
 126000: system.cpu.iq: Adding instruction [sn:430] PC (0x401057=>0x40105b).(1=>2) to the IQ.
 126000: system.cpu.iq: Instruction PC (0x401057=>0x40105b).(1=>2) has src reg 79 (integer) that is being added to the dependency chain.
 126000: system.cpu.iew: [tid:0] Issue: Adding PC (0x401057=>0x40105b).(2=>3) [sn:440] [tid:0] to IQ.
 126000: system.cpu.iq: Adding instruction [sn:440] PC (0x401057=>0x40105b).(2=>3) to the IQ.
 126000: system.cpu.iq: Instruction PC (0x401057=>0x40105b).(2=>3) has src reg 80 (integer) that is being added to the dependency chain.
 126000: system.cpu.iew: Execute: Executing instructions from IQ.
 126000: system.cpu.iew: Execute: Processing PC (0x40103f=>0x401043).(1=>2), [tid:0] [sn:280].
 126000: global: RegFile: Access to int register 57, has data 0x8
 126000: global: RegFile: Access to int register 64, has data 0xa
 126000: global: RegFile: Setting int register 65 to 0x12
 126000: global: RegFile: Setting cc register 33 to 0x14
 126000: global: RegFile: Setting cc register 34 to 0
 126000: system.cpu.iew: Current wb cycle: 0, width: 12, numInst: 0
wbActual:0
 126000: system.cpu.iew: Execute: Executing instructions from IQ.
 126000: system.cpu.iew: Execute: Processing PC (0x401043=>0x401047).(1=>2), [tid:0] [sn:300].
 126000: global: RegFile: Access to int register 59, has data 0xa
 126000: global: RegFile: Access to int register 66, has data 0xb
 126000: global: RegFile: Setting int register 67 to 0x15
 126000: global: RegFile: Setting cc register 35 to 0x10
 126000: global: RegFile: Setting cc register 36 to 0
 126000: system.cpu.iew: Current wb cycle: 0, width: 12, numInst: 1
wbActual:1
 126000: system.cpu.iew: Execute: Executing instructions from IQ.
 126000: system.cpu.iew: Execute: Processing PC (0x401047=>0x40104b).(1=>2), [tid:0] [sn:320].
 126000: global: RegFile: Access to int register 61, has data 0xc
 126000: global: RegFile: Access to int register 68, has data 0xc
 126000: global: RegFile: Setting int register 69 to 0x18
 126000: global: RegFile: Setting cc register 37 to 0x14
 126000: global: RegFile: Setting cc register 38 to 0
 126000: system.cpu.iew: Current wb cycle: 0, width: 12, numInst: 2
wbActual:2
 126000: system.cpu.iew: Sending instructions to commit, [sn:280] PC (0x40103f=>0x401043).(1=>2).
 126000: system.cpu.iq: Waking dependents of completed instruction.
 126000: system.cpu.iq: Waking any dependents on register 65 (integer).
 126000: system.cpu.iq: Waking up a dependent instruction, [sn:330] PC (0x40104b=>0x40104f).(0=>1).
 126000: global: [sn:330] has 6 ready out of 6 sources. RTI 0)
 126000: system.cpu.iq: Instruction is ready to issue, putting it onto the ready list, PC (0x40104b=>0x40104f).(0=>1) opclass:2 [sn:330].
 126000: system.cpu.iq: Waking any dependents on register 33 (condition_code).
 126000: system.cpu.iq: Waking any dependents on register 34 (condition_code).
 126000: system.cpu.iq: Reg 4294967295 [invalid] is part of a fix mapping, skipping
 126000: system.cpu.iq: Reg 4294967295 [invalid] is part of a fix mapping, skipping
 126000: system.cpu.iq: Reg 4294967295 [invalid] is part of a fix mapping, skipping
 126000: system.cpu.iew: Setting Destination Register 65 (integer)
 126000: system.cpu.scoreboard: Setting reg 65 (integer) as ready
 126000: system.cpu.iew: Setting Destination Register 33 (condition_code)
 126000: system.cpu.scoreboard: Setting reg 33 (condition_code) as ready
 126000: system.cpu.iew: Setting Destination Register 34 (condition_code)
 126000: system.cpu.scoreboard: Setting reg 34 (condition_code) as ready
 126000: system.cpu.iew: Setting Destination Register 4294967295 (invalid)
 126000: system.cpu.iew: Setting Destination Register 4294967295 (invalid)
 126000: system.cpu.iew: Setting Destination Register 4294967295 (invalid)
 126000: system.cpu.iew: Sending instructions to commit, [sn:300] PC (0x401043=>0x401047).(1=>2).
 126000: system.cpu.iq: Waking dependents of completed instruction.
 126000: system.cpu.iq: Waking any dependents on register 67 (integer).
 126000: system.cpu.iq: Waking up a dependent instruction, [sn:420] PC (0x401057=>0x40105b).(0=>1).
 126000: global: [sn:420] has 3 ready out of 6 sources. RTI 0)
 126000: system.cpu.iq: Waking up a dependent instruction, [sn:360] PC (0x40104f=>0x401053).(0=>1).
 126000: global: [sn:360] has 3 ready out of 6 sources. RTI 0)
 126000: system.cpu.iq: Waking any dependents on register 35 (condition_code).
 126000: system.cpu.iq: Waking any dependents on register 36 (condition_code).
 126000: system.cpu.iq: Reg 4294967295 [invalid] is part of a fix mapping, skipping
 126000: system.cpu.iq: Reg 4294967295 [invalid] is part of a fix mapping, skipping
 126000: system.cpu.iq: Reg 4294967295 [invalid] is part of a fix mapping, skipping
 126000: system.cpu.iew: Setting Destination Register 67 (integer)
 126000: system.cpu.scoreboard: Setting reg 67 (integer) as ready
 126000: system.cpu.iew: Setting Destination Register 35 (condition_code)
 126000: system.cpu.scoreboard: Setting reg 35 (condition_code) as ready
 126000: system.cpu.iew: Setting Destination Register 36 (condition_code)
 126000: system.cpu.scoreboard: Setting reg 36 (condition_code) as ready
 126000: system.cpu.iew: Setting Destination Register 4294967295 (invalid)
 126000: system.cpu.iew: Setting Destination Register 4294967295 (invalid)
 126000: system.cpu.iew: Setting Destination Register 4294967295 (invalid)
 126000: system.cpu.iew: Sending instructions to commit, [sn:320] PC (0x401047=>0x40104b).(1=>2).
 126000: system.cpu.iq: Waking dependents of completed instruction.
 126000: system.cpu.iq: Waking any dependents on register 69 (integer).
 126000: system.cpu.iq: Waking up a dependent instruction, [sn:360] PC (0x40104f=>0x401053).(0=>1).
 126000: global: [sn:360] has 4 ready out of 6 sources. RTI 0)
 126000: system.cpu.iq: Waking any dependents on register 37 (condition_code).
 126000: system.cpu.iq: Waking any dependents on register 38 (condition_code).
 126000: system.cpu.iq: Reg 4294967295 [invalid] is part of a fix mapping, skipping
 126000: system.cpu.iq: Reg 4294967295 [invalid] is part of a fix mapping, skipping
 126000: system.cpu.iq: Reg 4294967295 [invalid] is part of a fix mapping, skipping
 126000: system.cpu.iew: Setting Destination Register 69 (integer)
 126000: system.cpu.scoreboard: Setting reg 69 (integer) as ready
 126000: system.cpu.iew: Setting Destination Register 37 (condition_code)
 126000: system.cpu.scoreboard: Setting reg 37 (condition_code) as ready
 126000: system.cpu.iew: Setting Destination Register 38 (condition_code)
 126000: system.cpu.scoreboard: Setting reg 38 (condition_code) as ready
 126000: system.cpu.iew: Setting Destination Register 4294967295 (invalid)
 126000: system.cpu.iew: Setting Destination Register 4294967295 (invalid)
 126000: system.cpu.iew: Setting Destination Register 4294967295 (invalid)
 126000: system.cpu.iq: Attempting to schedule ready instructions from the IQ.
 126000: system.cpu.iq: Thread 0: Issuing instruction PC (0x40104b=>0x40104f).(0=>1) [sn:330]
 126000: system.cpu.iew.lsq: [tid:0] Writing back stores. 1 stores available for Writeback.
 126000: system.cpu.iew: Processing [tid:0]
 126000: system.cpu.iew.lsq.thread0: LQ size: 192, #loads occupied: 0
 126000: system.cpu.iew.lsq.thread0: SQ size: 114, #stores occupied: 1
 126000: system.cpu.iew: [tid:0], Dispatch dispatched 6 instructions.
 126000: system.cpu.iew.lsq.thread0: SQ size: 114, #stores occupied: 1
 126000: system.cpu.iew.lsq.thread0: LQ size: 192, #loads occupied: 0
 126000: system.cpu.iew: IQ has 193 free entries (Can schedule: 0).  LQ has 192 free entries. SQ has 113 free entries.
 126000: system.cpu.iew: Activity this cycle.
 126000: system.cpu.commit: Getting instructions from Rename stage.
 126000: system.cpu.commit: [tid:0] [sn:450] Inserting PC (0x40105b=>0x40105f).(0=>1) into ROB.
 126000: system.cpu.rob: Adding inst PC (0x40105b=>0x40105f).(0=>1) to the ROB.
 126000: system.cpu.rob: [tid:0] Now has 19 instructions.
 126000: system.cpu.commit: [tid:0] [sn:460] Inserting PC (0x40105f=>0x401063).(0=>1) into ROB.
 126000: system.cpu.rob: Adding inst PC (0x40105f=>0x401063).(0=>1) to the ROB.
 126000: system.cpu.rob: [tid:0] Now has 20 instructions.
 126000: system.cpu.commit: [tid:0] [sn:470] Inserting PC (0x40105f=>0x401063).(1=>2) into ROB.
 126000: system.cpu.rob: Adding inst PC (0x40105f=>0x401063).(1=>2) to the ROB.
 126000: system.cpu.rob: [tid:0] Now has 21 instructions.
 126000: system.cpu.commit: [tid:0] [sn:480] Inserting PC (0x401063=>0x40106a).(0=>1) into ROB.
 126000: system.cpu.rob: Adding inst PC (0x401063=>0x40106a).(0=>1) to the ROB.
 126000: system.cpu.rob: [tid:0] Now has 22 instructions.
 126000: system.cpu.commit: [tid:0] [sn:490] Inserting PC (0x40106a=>0x40106d).(0=>1) into ROB.
 126000: system.cpu.rob: Adding inst PC (0x40106a=>0x40106d).(0=>1) to the ROB.
 126000: system.cpu.rob: [tid:0] Now has 23 instructions.
 126000: system.cpu.commit: [tid:0] [sn:500] Inserting PC (0x40106d=>0x40106f).(0=>1) into ROB.
 126000: system.cpu.rob: Adding inst PC (0x40106d=>0x40106f).(0=>1) to the ROB.
 126000: system.cpu.rob: [tid:0] Now has 24 instructions.
 126000: system.cpu.commit: Trying to commit instructions in the ROB.
 126000: system.cpu.commit: [tid:0] Marking PC (0x40103f=>0x401043).(0=>1), [sn:270] ready within ROB.
 126000: system.cpu.commit: [tid:0] Marking PC (0x401043=>0x401047).(0=>1), [sn:290] ready within ROB.
 126000: system.cpu.commit: [tid:0] Marking PC (0x401047=>0x40104b).(0=>1), [sn:310] ready within ROB.
 126000: system.cpu.commit: [tid:0] Instruction [sn:270] PC (0x40103f=>0x401043).(0=>1) is head of ROB and ready to commit
 126000: system.cpu.commit: [tid:0] ROB has 24 insts & 488 free entries.
 126000: system.cpu.commit: Activity This Cycle.
 126000: system.cpu.commit: Activating stage.
 126000: system.cpu: Activity: 9
 126000: system.cpu: Scheduling next tick!
 127000: system.cpu: 

O3CPU: Ticking main, O3CPU.
 127000: system.cpu.fetch: Running stage.
 127000: system.cpu.fetch: Attempting to fetch from [tid:0]
 127000: system.cpu.fetch: [tid:0] Adding instructions to queue to decode.
 127000: system.cpu.decoder: Decode: Decoded add instruction: 
{
	leg = 0,
	rex = 0,
	vex/xop = 0,
	op = {
		type = one byte,
		op = 0,
		},
	modRM = 0,
	sib = 0,
	immediate = 0,
	displacement = 0
	dispSize = 0}

 127000: global: DynInst: [sn:690] Instruction created. Instcount for system.cpu = 44
 127000: system.cpu.fetch: [tid:0] Instruction PC (0x40107b=>0x40107d).(0=>1) created [sn:690].
 127000: system.cpu.fetch: [tid:0] Instruction is:   ADD_M_R : ldst   t1b, DS:[rax]
 127000: system.cpu.fetch: [tid:0] Fetch queue entry created (1/128).
 127000: global: DynInst: [sn:700] Instruction created. Instcount for system.cpu = 45
 127000: system.cpu.fetch: [tid:0] Instruction PC (0x40107b=>0x40107d).(1=>2) created [sn:700].
 127000: system.cpu.fetch: [tid:0] Instruction is:   ADD_M_R : add   t1b, t1b, al
 127000: system.cpu.fetch: [tid:0] Fetch queue entry created (2/128).
 127000: global: DynInst: [sn:710] Instruction created. Instcount for system.cpu = 46
 127000: system.cpu.fetch: [tid:0] Instruction PC (0x40107b=>0x40107d).(2=>3) created [sn:710].
 127000: system.cpu.fetch: [tid:0] Instruction is:   ADD_M_R : st   t1b, DS:[rax]
 127000: system.cpu.fetch: [tid:0] Fetch queue entry created (3/128).
 127000: system.cpu.decoder: Decode: Decoded add instruction: 
{
	leg = 0,
	rex = 0,
	vex/xop = 0,
	op = {
		type = one byte,
		op = 0,
		},
	modRM = 0,
	sib = 0,
	immediate = 0,
	displacement = 0
	dispSize = 0}

 127000: global: DynInst: [sn:720] Instruction created. Instcount for system.cpu = 47
 127000: system.cpu.fetch: [tid:0] Instruction PC (0x40107d=>0x40107f).(0=>1) created [sn:720].
 127000: system.cpu.fetch: [tid:0] Instruction is:   ADD_M_R : ldst   t1b, DS:[rax]
 127000: system.cpu.fetch: [tid:0] Fetch queue entry created (4/128).
 127000: global: DynInst: [sn:730] Instruction created. Instcount for system.cpu = 48
 127000: system.cpu.fetch: [tid:0] Instruction PC (0x40107d=>0x40107f).(1=>2) created [sn:730].
 127000: system.cpu.fetch: [tid:0] Instruction is:   ADD_M_R : add   t1b, t1b, al
 127000: system.cpu.fetch: [tid:0] Fetch queue entry created (5/128).
 127000: global: DynInst: [sn:740] Instruction created. Instcount for system.cpu = 49
 127000: system.cpu.fetch: [tid:0] Instruction PC (0x40107d=>0x40107f).(2=>3) created [sn:740].
 127000: system.cpu.fetch: [tid:0] Instruction is:   ADD_M_R : st   t1b, DS:[rax]
 127000: system.cpu.fetch: [tid:0] Fetch queue entry created (6/128).
 127000: system.cpu.fetch: [tid:0] Done fetching, reached fetch bandwidth for this cycle.
 127000: system.cpu.fetch: [tid:0] [sn:690] Sending instruction to decode from fetch queue. Fetch queue size: 6.
 127000: system.cpu.fetch: [tid:0] [sn:700] Sending instruction to decode from fetch queue. Fetch queue size: 5.
 127000: system.cpu.fetch: [tid:0] [sn:710] Sending instruction to decode from fetch queue. Fetch queue size: 4.
 127000: system.cpu.fetch: [tid:0] [sn:720] Sending instruction to decode from fetch queue. Fetch queue size: 3.
 127000: system.cpu.fetch: [tid:0] [sn:730] Sending instruction to decode from fetch queue. Fetch queue size: 2.
 127000: system.cpu.fetch: [tid:0] [sn:740] Sending instruction to decode from fetch queue. Fetch queue size: 1.
 127000: system.cpu.fetch: Activity this cycle.
 127000: system.cpu: Activity: 10
 127000: system.cpu.decode: Processing [tid:0]
 127000: system.cpu.decode: [tid:0] Bypass moves from Rename: 0
 127000: system.cpu.decode: [tid:0] Not blocked, so attempting to run stage.
 127000: system.cpu.decode: [tid:0] Sending instruction to rename.
 127000: system.cpu.decode: [tid:0] Processing instruction [sn:630] with PC (0x401077=>0x401079).(0=>1)
 127000: system.cpu.decode: [tid:0] Processing instruction [sn:640] with PC (0x401077=>0x401079).(1=>2)
 127000: system.cpu.decode: [tid:0] Processing instruction [sn:650] with PC (0x401077=>0x401079).(2=>3)
 127000: system.cpu.decode: [tid:0] Processing instruction [sn:660] with PC (0x401079=>0x40107b).(0=>1)
 127000: system.cpu.decode: [tid:0] Processing instruction [sn:670] with PC (0x401079=>0x40107b).(1=>2)
 127000: system.cpu.decode: [tid:0] Processing instruction [sn:680] with PC (0x401079=>0x40107b).(2=>3)
 127000: system.cpu.decode: Activity this cycle.
 127000: system.cpu.rename: Processing [tid:0]
 127000: system.cpu.rename: [tid:0] Free IQ: 193, Free ROB: 488, Free LQ: 192, Free SQ: 113, FreeRM 63(446 464 511 1022 63 8 2537)
 127000: system.cpu.rename: [tid:0] 18 instructions not yet in ROB
 127000: system.cpu.rename: calcFreeLQEntries: free lqEntries: 192, loadsInProgress: 3, loads dispatchedToLQ: 0
 127000: system.cpu.rename: [tid:0] Not blocked, so attempting to run stage.
 127000: system.cpu.rename: [tid:0] 6 available instructions to send iew.
 127000: system.cpu.rename: [tid:0] 18 insts pipelining from Rename | 6 insts dispatched to IQ last cycle.
 127000: system.cpu.rename: [tid:0] Sending instructions to IEW.
 127000: system.cpu.rename: calcFreeLQEntries: free lqEntries: 192, loadsInProgress: 3, loads dispatchedToLQ: 0
 127000: system.cpu.rename: [tid:0] Processing instruction [sn:570] with PC (0x401073=>0x401075).(0=>1).
 127000: system.cpu.rename: [tid:0] Mascot prediction for load [sn:570] type: 0; distance1: 0; distance2: 0
 127000: system.cpu.rename: [tid:0] Looking up invalid arch reg 0, got phys reg 4294967295 (invalid)
 127000: system.cpu.rename: [tid:0] Register 4294967295 (flat: 4294967295) (invalid) is ready.
 127000: global: [sn:570] has 1 ready out of 4 sources. RTI 0)
 127000: system.cpu.rename: [tid:0] Looking up integer arch reg 0, got phys reg 85 (integer)
 127000: system.cpu.rename: [tid:0] Register 85 (flat: 85) (integer) is not ready.
 127000: system.cpu.rename: [tid:0] Looking up integer arch reg 17, got phys reg 90 (integer)
 127000: system.cpu.rename: [tid:0] Register 90 (flat: 90) (integer) is not ready.
 127000: system.cpu.rename: [tid:0] Looking up miscellaneous arch reg 155, got phys reg 155 (miscellaneous)
 127000: system.cpu.rename: [tid:0] Register 155 (flat: 0) (miscellaneous) is ready.
 127000: global: [sn:570] has 2 ready out of 4 sources. RTI 0)
 127000: global: Renamed reg t1 to physical reg 91 (91) old mapping was 90 (90)
 127000: system.cpu.rename: [tid:0] Renaming arch reg 17 (integer) to physical reg 91 (91).
 127000: system.cpu.rename: [tid:0] [sn:570] Adding instruction to history buffer (size=75).
 127000: system.cpu.rename: [tid:0] Processing instruction [sn:580] with PC (0x401073=>0x401075).(1=>2).
 127000: system.cpu.rename: [tid:0] Looking up integer arch reg 17, got phys reg 91 (integer)
 127000: system.cpu.rename: [tid:0] Register 91 (flat: 91) (integer) is not ready.
 127000: system.cpu.rename: [tid:0] Looking up integer arch reg 0, got phys reg 85 (integer)
 127000: system.cpu.rename: [tid:0] Register 85 (flat: 85) (integer) is not ready.
 127000: system.cpu.rename: [tid:0] Looking up integer arch reg 17, got phys reg 91 (integer)
 127000: system.cpu.rename: [tid:0] Register 91 (flat: 91) (integer) is not ready.
 127000: system.cpu.rename: [tid:0] Looking up invalid arch reg 0, got phys reg 4294967295 (invalid)
 127000: system.cpu.rename: [tid:0] Register 4294967295 (flat: 4294967295) (invalid) is ready.
 127000: global: [sn:580] has 1 ready out of 8 sources. RTI 0)
 127000: system.cpu.rename: [tid:0] Looking up invalid arch reg 0, got phys reg 4294967295 (invalid)
 127000: system.cpu.rename: [tid:0] Register 4294967295 (flat: 4294967295) (invalid) is ready.
 127000: global: [sn:580] has 2 ready out of 8 sources. RTI 0)
 127000: system.cpu.rename: [tid:0] Looking up invalid arch reg 0, got phys reg 4294967295 (invalid)
 127000: system.cpu.rename: [tid:0] Register 4294967295 (flat: 4294967295) (invalid) is ready.
 127000: global: [sn:580] has 3 ready out of 8 sources. RTI 0)
 127000: system.cpu.rename: [tid:0] Looking up invalid arch reg 0, got phys reg 4294967295 (invalid)
 127000: system.cpu.rename: [tid:0] Register 4294967295 (flat: 4294967295) (invalid) is ready.
 127000: global: [sn:580] has 4 ready out of 8 sources. RTI 0)
 127000: system.cpu.rename: [tid:0] Looking up invalid arch reg 0, got phys reg 4294967295 (invalid)
 127000: system.cpu.rename: [tid:0] Register 4294967295 (flat: 4294967295) (invalid) is ready.
 127000: global: [sn:580] has 5 ready out of 8 sources. RTI 0)
 127000: global: Renamed reg t1 to physical reg 92 (92) old mapping was 91 (91)
 127000: system.cpu.rename: [tid:0] Renaming arch reg 17 (integer) to physical reg 92 (92).
 127000: system.cpu.rename: [tid:0] [sn:580] Adding instruction to history buffer (size=76).
 127000: global: Renamed reg condition_code[0] to physical reg 2683 (2683) old mapping was 2681 (2681)
 127000: system.cpu.rename: [tid:0] Renaming arch reg 0 (condition_code) to physical reg 51 (2683).
 127000: system.cpu.rename: [tid:0] [sn:580] Adding instruction to history buffer (size=77).
 127000: global: Renamed reg condition_code[1] to physical reg 2684 (2684) old mapping was 2682 (2682)
 127000: system.cpu.rename: [tid:0] Renaming arch reg 1 (condition_code) to physical reg 52 (2684).
 127000: system.cpu.rename: [tid:0] [sn:580] Adding instruction to history buffer (size=78).
 127000: system.cpu.rename: [tid:0] Renaming arch reg 0 (invalid) to physical reg 4294967295 (4294967295).
 127000: system.cpu.rename: [tid:0] [sn:580] Adding instruction to history buffer (size=79).
 127000: system.cpu.rename: [tid:0] Renaming arch reg 0 (invalid) to physical reg 4294967295 (4294967295).
 127000: system.cpu.rename: [tid:0] [sn:580] Adding instruction to history buffer (size=80).
 127000: system.cpu.rename: [tid:0] Renaming arch reg 0 (invalid) to physical reg 4294967295 (4294967295).
 127000: system.cpu.rename: [tid:0] [sn:580] Adding instruction to history buffer (size=81).
 127000: system.cpu.rename: calcFreeSQEntries: free sqEntries: 113, storesInProgress: 2, stores dispatchedToSQ: 0
 127000: system.cpu.rename: [tid:0] Processing instruction [sn:590] with PC (0x401073=>0x401075).(2=>3).
 127000: system.cpu.rename: [tid:0] Looking up invalid arch reg 0, got phys reg 4294967295 (invalid)
 127000: system.cpu.rename: [tid:0] Register 4294967295 (flat: 4294967295) (invalid) is ready.
 127000: global: [sn:590] has 1 ready out of 4 sources. RTI 0)
 127000: system.cpu.rename: [tid:0] Looking up integer arch reg 0, got phys reg 85 (integer)
 127000: system.cpu.rename: [tid:0] Register 85 (flat: 85) (integer) is not ready.
 127000: system.cpu.rename: [tid:0] Looking up integer arch reg 17, got phys reg 92 (integer)
 127000: system.cpu.rename: [tid:0] Register 92 (flat: 92) (integer) is not ready.
 127000: system.cpu.rename: [tid:0] Looking up miscellaneous arch reg 155, got phys reg 155 (miscellaneous)
 127000: system.cpu.rename: [tid:0] Register 155 (flat: 0) (miscellaneous) is ready.
 127000: global: [sn:590] has 2 ready out of 4 sources. RTI 0)
 127000: system.cpu.rename: calcFreeLQEntries: free lqEntries: 192, loadsInProgress: 4, loads dispatchedToLQ: 0
 127000: system.cpu.rename: [tid:0] Processing instruction [sn:600] with PC (0x401075=>0x401077).(0=>1).
 127000: system.cpu.rename: [tid:0] Mascot prediction for load [sn:600] type: 0; distance1: 0; distance2: 0
 127000: system.cpu.rename: [tid:0] Looking up invalid arch reg 0, got phys reg 4294967295 (invalid)
 127000: system.cpu.rename: [tid:0] Register 4294967295 (flat: 4294967295) (invalid) is ready.
 127000: global: [sn:600] has 1 ready out of 4 sources. RTI 0)
 127000: system.cpu.rename: [tid:0] Looking up integer arch reg 0, got phys reg 85 (integer)
 127000: system.cpu.rename: [tid:0] Register 85 (flat: 85) (integer) is not ready.
 127000: system.cpu.rename: [tid:0] Looking up integer arch reg 17, got phys reg 92 (integer)
 127000: system.cpu.rename: [tid:0] Register 92 (flat: 92) (integer) is not ready.
 127000: system.cpu.rename: [tid:0] Looking up miscellaneous arch reg 155, got phys reg 155 (miscellaneous)
 127000: system.cpu.rename: [tid:0] Register 155 (flat: 0) (miscellaneous) is ready.
 127000: global: [sn:600] has 2 ready out of 4 sources. RTI 0)
 127000: global: Renamed reg t1 to physical reg 93 (93) old mapping was 92 (92)
 127000: system.cpu.rename: [tid:0] Renaming arch reg 17 (integer) to physical reg 93 (93).
 127000: system.cpu.rename: [tid:0] [sn:600] Adding instruction to history buffer (size=82).
 127000: system.cpu.rename: [tid:0] Processing instruction [sn:610] with PC (0x401075=>0x401077).(1=>2).
 127000: system.cpu.rename: [tid:0] Looking up integer arch reg 17, got phys reg 93 (integer)
 127000: system.cpu.rename: [tid:0] Register 93 (flat: 93) (integer) is not ready.
 127000: system.cpu.rename: [tid:0] Looking up integer arch reg 0, got phys reg 85 (integer)
 127000: system.cpu.rename: [tid:0] Register 85 (flat: 85) (integer) is not ready.
 127000: system.cpu.rename: [tid:0] Looking up integer arch reg 17, got phys reg 93 (integer)
 127000: system.cpu.rename: [tid:0] Register 93 (flat: 93) (integer) is not ready.
 127000: system.cpu.rename: [tid:0] Looking up invalid arch reg 0, got phys reg 4294967295 (invalid)
 127000: system.cpu.rename: [tid:0] Register 4294967295 (flat: 4294967295) (invalid) is ready.
 127000: global: [sn:610] has 1 ready out of 8 sources. RTI 0)
 127000: system.cpu.rename: [tid:0] Looking up invalid arch reg 0, got phys reg 4294967295 (invalid)
 127000: system.cpu.rename: [tid:0] Register 4294967295 (flat: 4294967295) (invalid) is ready.
 127000: global: [sn:610] has 2 ready out of 8 sources. RTI 0)
 127000: system.cpu.rename: [tid:0] Looking up invalid arch reg 0, got phys reg 4294967295 (invalid)
 127000: system.cpu.rename: [tid:0] Register 4294967295 (flat: 4294967295) (invalid) is ready.
 127000: global: [sn:610] has 3 ready out of 8 sources. RTI 0)
 127000: system.cpu.rename: [tid:0] Looking up invalid arch reg 0, got phys reg 4294967295 (invalid)
 127000: system.cpu.rename: [tid:0] Register 4294967295 (flat: 4294967295) (invalid) is ready.
 127000: global: [sn:610] has 4 ready out of 8 sources. RTI 0)
 127000: system.cpu.rename: [tid:0] Looking up invalid arch reg 0, got phys reg 4294967295 (invalid)
 127000: system.cpu.rename: [tid:0] Register 4294967295 (flat: 4294967295) (invalid) is ready.
 127000: global: [sn:610] has 5 ready out of 8 sources. RTI 0)
 127000: global: Renamed reg t1 to physical reg 94 (94) old mapping was 93 (93)
 127000: system.cpu.rename: [tid:0] Renaming arch reg 17 (integer) to physical reg 94 (94).
 127000: system.cpu.rename: [tid:0] [sn:610] Adding instruction to history buffer (size=83).
 127000: global: Renamed reg condition_code[0] to physical reg 2685 (2685) old mapping was 2683 (2683)
 127000: system.cpu.rename: [tid:0] Renaming arch reg 0 (condition_code) to physical reg 53 (2685).
 127000: system.cpu.rename: [tid:0] [sn:610] Adding instruction to history buffer (size=84).
 127000: global: Renamed reg condition_code[1] to physical reg 2686 (2686) old mapping was 2684 (2684)
 127000: system.cpu.rename: [tid:0] Renaming arch reg 1 (condition_code) to physical reg 54 (2686).
 127000: system.cpu.rename: [tid:0] [sn:610] Adding instruction to history buffer (size=85).
 127000: system.cpu.rename: [tid:0] Renaming arch reg 0 (invalid) to physical reg 4294967295 (4294967295).
 127000: system.cpu.rename: [tid:0] [sn:610] Adding instruction to history buffer (size=86).
 127000: system.cpu.rename: [tid:0] Renaming arch reg 0 (invalid) to physical reg 4294967295 (4294967295).
 127000: system.cpu.rename: [tid:0] [sn:610] Adding instruction to history buffer (size=87).
 127000: system.cpu.rename: [tid:0] Renaming arch reg 0 (invalid) to physical reg 4294967295 (4294967295).
 127000: system.cpu.rename: [tid:0] [sn:610] Adding instruction to history buffer (size=88).
 127000: system.cpu.rename: calcFreeSQEntries: free sqEntries: 113, storesInProgress: 3, stores dispatchedToSQ: 0
 127000: system.cpu.rename: [tid:0] Processing instruction [sn:620] with PC (0x401075=>0x401077).(2=>3).
 127000: system.cpu.rename: [tid:0] Looking up invalid arch reg 0, got phys reg 4294967295 (invalid)
 127000: system.cpu.rename: [tid:0] Register 4294967295 (flat: 4294967295) (invalid) is ready.
 127000: global: [sn:620] has 1 ready out of 4 sources. RTI 0)
 127000: system.cpu.rename: [tid:0] Looking up integer arch reg 0, got phys reg 85 (integer)
 127000: system.cpu.rename: [tid:0] Register 85 (flat: 85) (integer) is not ready.
 127000: system.cpu.rename: [tid:0] Looking up integer arch reg 17, got phys reg 94 (integer)
 127000: system.cpu.rename: [tid:0] Register 94 (flat: 94) (integer) is not ready.
 127000: system.cpu.rename: [tid:0] Looking up miscellaneous arch reg 155, got phys reg 155 (miscellaneous)
 127000: system.cpu.rename: [tid:0] Register 155 (flat: 0) (miscellaneous) is ready.
 127000: global: [sn:620] has 2 ready out of 4 sources. RTI 0)
 127000: system.cpu.rename: Activity this cycle.
 127000: system.cpu.iew: Issue: Processing [tid:0]
 127000: system.cpu.iew: [tid:0] Not blocked, so attempting to run dispatch.
 127000: system.cpu.iew: [tid:0] Issue: Adding PC (0x40105b=>0x40105f).(0=>1) [sn:450] [tid:0] to IQ.
 127000: system.cpu.iew: [tid:0] Issue: Memory instruction encountered, adding to LSQ.
 127000: system.cpu.iew.lsq.thread0: Inserting load PC (0x40105b=>0x40105f).(0=>1), idx:0 [sn:450]
 127000: system.cpu.iq: Adding instruction [sn:450] PC (0x40105b=>0x40105f).(0=>1) to the IQ.
 127000: memdepentry: Memory dependency entry created. memdep_count=1 (0x40105b=>0x40105f).(0=>1)
 127000: system.cpu.memDep0: No dependency for inst PC (0x40105b=>0x40105f).(0=>1) [sn:450].
 127000: system.cpu.memDep0: Adding instruction [sn:450] to the ready list.
 127000: system.cpu.iq: Instruction is ready to issue, putting it onto the ready list, PC (0x40105b=>0x40105f).(0=>1) opclass:52 [sn:450].
 127000: system.cpu.memDep0: Also the Inst is ready to issue.
 127000: system.cpu.iew: [tid:0] Issue: Adding PC (0x40105f=>0x401063).(0=>1) [sn:460] [tid:0] to IQ.
 127000: system.cpu.iq: Adding instruction [sn:460] PC (0x40105f=>0x401063).(0=>1) to the IQ.
 127000: system.cpu.iq: Instruction is ready to issue, putting it onto the ready list, PC (0x40105f=>0x401063).(0=>1) opclass:1 [sn:460].
 127000: system.cpu.iew: [tid:0] Issue: Adding PC (0x40105f=>0x401063).(1=>2) [sn:470] [tid:0] to IQ.
 127000: system.cpu.iq: Adding instruction [sn:470] PC (0x40105f=>0x401063).(1=>2) to the IQ.
 127000: system.cpu.iq: Instruction PC (0x40105f=>0x401063).(1=>2) has src reg 83 (integer) that is being added to the dependency chain.
 127000: system.cpu.iew: [tid:0] Issue: Adding PC (0x401063=>0x40106a).(0=>1) [sn:480] [tid:0] to IQ.
 127000: system.cpu.iq: Adding instruction [sn:480] PC (0x401063=>0x40106a).(0=>1) to the IQ.
 127000: system.cpu.iq: Instruction is ready to issue, putting it onto the ready list, PC (0x401063=>0x40106a).(0=>1) opclass:1 [sn:480].
 127000: system.cpu.iew: [tid:0] Issue: Adding PC (0x40106a=>0x40106d).(0=>1) [sn:490] [tid:0] to IQ.
 127000: system.cpu.iq: Adding instruction [sn:490] PC (0x40106a=>0x40106d).(0=>1) to the IQ.
 127000: system.cpu.iq: Instruction is ready to issue, putting it onto the ready list, PC (0x40106a=>0x40106d).(0=>1) opclass:1 [sn:490].
 127000: system.cpu.iew: [tid:0] Issue: Adding PC (0x40106d=>0x40106f).(0=>1) [sn:500] [tid:0] to IQ.
 127000: system.cpu.iq: Adding instruction [sn:500] PC (0x40106d=>0x40106f).(0=>1) to the IQ.
 127000: system.cpu.iq: Instruction is ready to issue, putting it onto the ready list, PC (0x40106d=>0x40106f).(0=>1) opclass:1 [sn:500].
 127000: system.cpu.iq: Attempting to schedule ready instructions from the IQ.
 127000: system.cpu.iq: Thread 0: Issuing instruction PC (0x40105b=>0x40105f).(0=>1) [sn:450]
 127000: system.cpu.memDep0: Issuing instruction PC 0x40105b [sn:450].
 127000: system.cpu.iq: Thread 0: Issuing instruction PC (0x40105f=>0x401063).(0=>1) [sn:460]
 127000: system.cpu.iq: Thread 0: Issuing instruction PC (0x401063=>0x40106a).(0=>1) [sn:480]
 127000: system.cpu.iq: Thread 0: Issuing instruction PC (0x40106a=>0x40106d).(0=>1) [sn:490]
 127000: system.cpu.iq: Thread 0: Issuing instruction PC (0x40106d=>0x40106f).(0=>1) [sn:500]
 127000: system.cpu.iew.lsq: [tid:0] Writing back stores. 1 stores available for Writeback.
 127000: system.cpu.iew: Processing [tid:0]
 127000: system.cpu.iew: [tid:0], Dispatch dispatched 6 instructions.
 127000: system.cpu.iew.lsq.thread0: SQ size: 114, #stores occupied: 1
 127000: system.cpu.iew.lsq.thread0: LQ size: 192, #loads occupied: 1
 127000: system.cpu.iew: IQ has 191 free entries (Can schedule: 0).  LQ has 191 free entries. SQ has 113 free entries.
 127000: system.cpu.commit: Getting instructions from Rename stage.
 127000: system.cpu.commit: [tid:0] [sn:510] Inserting PC (0x40106f=>0x401071).(0=>1) into ROB.
 127000: system.cpu.rob: Adding inst PC (0x40106f=>0x401071).(0=>1) to the ROB.
 127000: system.cpu.rob: [tid:0] Now has 25 instructions.
 127000: system.cpu.commit: [tid:0] [sn:520] Inserting PC (0x40106f=>0x401071).(1=>2) into ROB.
 127000: system.cpu.rob: Adding inst PC (0x40106f=>0x401071).(1=>2) to the ROB.
 127000: system.cpu.rob: [tid:0] Now has 26 instructions.
 127000: system.cpu.commit: [tid:0] [sn:530] Inserting PC (0x40106f=>0x401071).(2=>3) into ROB.
 127000: system.cpu.rob: Adding inst PC (0x40106f=>0x401071).(2=>3) to the ROB.
 127000: system.cpu.rob: [tid:0] Now has 27 instructions.
 127000: system.cpu.commit: [tid:0] [sn:540] Inserting PC (0x401071=>0x401073).(0=>1) into ROB.
 127000: system.cpu.rob: Adding inst PC (0x401071=>0x401073).(0=>1) to the ROB.
 127000: system.cpu.rob: [tid:0] Now has 28 instructions.
 127000: system.cpu.commit: [tid:0] [sn:550] Inserting PC (0x401071=>0x401073).(1=>2) into ROB.
 127000: system.cpu.rob: Adding inst PC (0x401071=>0x401073).(1=>2) to the ROB.
 127000: system.cpu.rob: [tid:0] Now has 29 instructions.
 127000: system.cpu.commit: [tid:0] [sn:560] Inserting PC (0x401071=>0x401073).(2=>3) into ROB.
 127000: system.cpu.rob: Adding inst PC (0x401071=>0x401073).(2=>3) to the ROB.
 127000: system.cpu.rob: [tid:0] Now has 30 instructions.
 127000: system.cpu.commit: Trying to commit instructions in the ROB.
 127000: system.cpu.commit: Trying to commit head instruction, [tid:0] [sn:270]
 127000: system.cpu.commit: [tid:0] [sn:270] Committing instruction with PC (0x40103f=>0x401043).(0=>1)
 127000: system.cpu.rob: [tid:0] Retiring head instruction, instruction PC (0x40103f=>0x401043).(0=>1), [sn:270]
 127000: system.cpu: Removing committed instruction [tid:0] PC (0x40103f=>0x401043).(0=>1) [sn:270]
 127000: system.cpu.commit: [tid:0] Marking PC (0x40103f=>0x401043).(1=>2), [sn:280] ready within ROB.
 127000: system.cpu.commit: [tid:0] Marking PC (0x401043=>0x401047).(1=>2), [sn:300] ready within ROB.
 127000: system.cpu.commit: [tid:0] Marking PC (0x401047=>0x40104b).(1=>2), [sn:320] ready within ROB.
 127000: system.cpu.commit: [tid:0] Instruction [sn:280] PC (0x40103f=>0x401043).(1=>2) is head of ROB and ready to commit
 127000: system.cpu.commit: [tid:0] ROB has 29 insts & 483 free entries.
 127000: system.cpu.commit: Activity This Cycle.
 127000: system.cpu: Removing instruction, [tid:0] [sn:270] PC (0x40103f=>0x401043).(0=>1)
 127000: system.cpu: Scheduling next tick!
 128000: system.cpu: 

O3CPU: Ticking main, O3CPU.
 128000: system.cpu.fetch: Running stage.
 128000: system.cpu.fetch: Attempting to fetch from [tid:0]
 128000: system.cpu.fetch: [tid:0] Adding instructions to queue to decode.
 128000: system.cpu.fetch: [tid:0] Issuing a pipelined I-cache access, starting at PC (0x40107f=>0x401087).(0=>1).
 128000: system.cpu.fetch: [tid:0] Fetching cache line 0x401080 for addr 0x401080
 128000: system.cpu: CPU already running.
 128000: system.cpu.fetch: Fetch: Doing instruction read.
 128000: system.cpu.fetch: [tid:0] Doing Icache access.
 128000: system.cpu.fetch: [tid:0] Activity: Waiting on I-cache response.
 128000: system.cpu.fetch: Deactivating stage.
 128000: system.cpu: Activity: 9
 128000: system.cpu.decode: Processing [tid:0]
 128000: system.cpu.decode: [tid:0] Bypass moves from Rename: 0
 128000: system.cpu.decode: [tid:0] Not blocked, so attempting to run stage.
 128000: system.cpu.decode: [tid:0] Sending instruction to rename.
 128000: system.cpu.decode: [tid:0] Processing instruction [sn:690] with PC (0x40107b=>0x40107d).(0=>1)
 128000: system.cpu.decode: [tid:0] Processing instruction [sn:700] with PC (0x40107b=>0x40107d).(1=>2)
 128000: system.cpu.decode: [tid:0] Processing instruction [sn:710] with PC (0x40107b=>0x40107d).(2=>3)
 128000: system.cpu.decode: [tid:0] Processing instruction [sn:720] with PC (0x40107d=>0x40107f).(0=>1)
 128000: system.cpu.decode: [tid:0] Processing instruction [sn:730] with PC (0x40107d=>0x40107f).(1=>2)
 128000: system.cpu.decode: [tid:0] Processing instruction [sn:740] with PC (0x40107d=>0x40107f).(2=>3)
 128000: system.cpu.decode: Activity this cycle.
 128000: system.cpu: Activity: 10
 128000: system.cpu.rename: Processing [tid:0]
 128000: system.cpu.rename: [tid:0] Free IQ: 193, Free ROB: 483, Free LQ: 192, Free SQ: 113, FreeRM 63(442 464 511 1022 63 8 2533)
 128000: system.cpu.rename: [tid:0] 18 instructions not yet in ROB
 128000: system.cpu.rename: calcFreeLQEntries: free lqEntries: 192, loadsInProgress: 5, loads dispatchedToLQ: 1
 128000: system.cpu.rename: [tid:0] Not blocked, so attempting to run stage.
 128000: system.cpu.rename: [tid:0] 6 available instructions to send iew.
 128000: system.cpu.rename: [tid:0] 18 insts pipelining from Rename | 6 insts dispatched to IQ last cycle.
 128000: system.cpu.rename: [tid:0] Sending instructions to IEW.
 128000: system.cpu.rename: calcFreeLQEntries: free lqEntries: 192, loadsInProgress: 5, loads dispatchedToLQ: 1
 128000: system.cpu.rename: [tid:0] Processing instruction [sn:630] with PC (0x401077=>0x401079).(0=>1).
 128000: system.cpu.rename: [tid:0] Mascot prediction for load [sn:630] type: 0; distance1: 0; distance2: 0
 128000: system.cpu.rename: [tid:0] Looking up invalid arch reg 0, got phys reg 4294967295 (invalid)
 128000: system.cpu.rename: [tid:0] Register 4294967295 (flat: 4294967295) (invalid) is ready.
 128000: global: [sn:630] has 1 ready out of 4 sources. RTI 0)
 128000: system.cpu.rename: [tid:0] Looking up integer arch reg 0, got phys reg 85 (integer)
 128000: system.cpu.rename: [tid:0] Register 85 (flat: 85) (integer) is not ready.
 128000: system.cpu.rename: [tid:0] Looking up integer arch reg 17, got phys reg 94 (integer)
 128000: system.cpu.rename: [tid:0] Register 94 (flat: 94) (integer) is not ready.
 128000: system.cpu.rename: [tid:0] Looking up miscellaneous arch reg 155, got phys reg 155 (miscellaneous)
 128000: system.cpu.rename: [tid:0] Register 155 (flat: 0) (miscellaneous) is ready.
 128000: global: [sn:630] has 2 ready out of 4 sources. RTI 0)
 128000: global: Renamed reg t1 to physical reg 95 (95) old mapping was 94 (94)
 128000: system.cpu.rename: [tid:0] Renaming arch reg 17 (integer) to physical reg 95 (95).
 128000: system.cpu.rename: [tid:0] [sn:630] Adding instruction to history buffer (size=89).
 128000: system.cpu.rename: [tid:0] Processing instruction [sn:640] with PC (0x401077=>0x401079).(1=>2).
 128000: system.cpu.rename: [tid:0] Looking up integer arch reg 17, got phys reg 95 (integer)
 128000: system.cpu.rename: [tid:0] Register 95 (flat: 95) (integer) is not ready.
 128000: system.cpu.rename: [tid:0] Looking up integer arch reg 0, got phys reg 85 (integer)
 128000: system.cpu.rename: [tid:0] Register 85 (flat: 85) (integer) is not ready.
 128000: system.cpu.rename: [tid:0] Looking up integer arch reg 17, got phys reg 95 (integer)
 128000: system.cpu.rename: [tid:0] Register 95 (flat: 95) (integer) is not ready.
 128000: system.cpu.rename: [tid:0] Looking up invalid arch reg 0, got phys reg 4294967295 (invalid)
 128000: system.cpu.rename: [tid:0] Register 4294967295 (flat: 4294967295) (invalid) is ready.
 128000: global: [sn:640] has 1 ready out of 8 sources. RTI 0)
 128000: system.cpu.rename: [tid:0] Looking up invalid arch reg 0, got phys reg 4294967295 (invalid)
 128000: system.cpu.rename: [tid:0] Register 4294967295 (flat: 4294967295) (invalid) is ready.
 128000: global: [sn:640] has 2 ready out of 8 sources. RTI 0)
 128000: system.cpu.rename: [tid:0] Looking up invalid arch reg 0, got phys reg 4294967295 (invalid)
 128000: system.cpu.rename: [tid:0] Register 4294967295 (flat: 4294967295) (invalid) is ready.
 128000: global: [sn:640] has 3 ready out of 8 sources. RTI 0)
 128000: system.cpu.rename: [tid:0] Looking up invalid arch reg 0, got phys reg 4294967295 (invalid)
 128000: system.cpu.rename: [tid:0] Register 4294967295 (flat: 4294967295) (invalid) is ready.
 128000: global: [sn:640] has 4 ready out of 8 sources. RTI 0)
 128000: system.cpu.rename: [tid:0] Looking up invalid arch reg 0, got phys reg 4294967295 (invalid)
 128000: system.cpu.rename: [tid:0] Register 4294967295 (flat: 4294967295) (invalid) is ready.
 128000: global: [sn:640] has 5 ready out of 8 sources. RTI 0)
 128000: global: Renamed reg t1 to physical reg 96 (96) old mapping was 95 (95)
 128000: system.cpu.rename: [tid:0] Renaming arch reg 17 (integer) to physical reg 96 (96).
 128000: system.cpu.rename: [tid:0] [sn:640] Adding instruction to history buffer (size=90).
 128000: global: Renamed reg condition_code[0] to physical reg 2687 (2687) old mapping was 2685 (2685)
 128000: system.cpu.rename: [tid:0] Renaming arch reg 0 (condition_code) to physical reg 55 (2687).
 128000: system.cpu.rename: [tid:0] [sn:640] Adding instruction to history buffer (size=91).
 128000: global: Renamed reg condition_code[1] to physical reg 2688 (2688) old mapping was 2686 (2686)
 128000: system.cpu.rename: [tid:0] Renaming arch reg 1 (condition_code) to physical reg 56 (2688).
 128000: system.cpu.rename: [tid:0] [sn:640] Adding instruction to history buffer (size=92).
 128000: system.cpu.rename: [tid:0] Renaming arch reg 0 (invalid) to physical reg 4294967295 (4294967295).
 128000: system.cpu.rename: [tid:0] [sn:640] Adding instruction to history buffer (size=93).
 128000: system.cpu.rename: [tid:0] Renaming arch reg 0 (invalid) to physical reg 4294967295 (4294967295).
 128000: system.cpu.rename: [tid:0] [sn:640] Adding instruction to history buffer (size=94).
 128000: system.cpu.rename: [tid:0] Renaming arch reg 0 (invalid) to physical reg 4294967295 (4294967295).
 128000: system.cpu.rename: [tid:0] [sn:640] Adding instruction to history buffer (size=95).
 128000: system.cpu.rename: calcFreeSQEntries: free sqEntries: 113, storesInProgress: 4, stores dispatchedToSQ: 0
 128000: system.cpu.rename: [tid:0] Processing instruction [sn:650] with PC (0x401077=>0x401079).(2=>3).
 128000: system.cpu.rename: [tid:0] Looking up invalid arch reg 0, got phys reg 4294967295 (invalid)
 128000: system.cpu.rename: [tid:0] Register 4294967295 (flat: 4294967295) (invalid) is ready.
 128000: global: [sn:650] has 1 ready out of 4 sources. RTI 0)
 128000: system.cpu.rename: [tid:0] Looking up integer arch reg 0, got phys reg 85 (integer)
 128000: system.cpu.rename: [tid:0] Register 85 (flat: 85) (integer) is not ready.
 128000: system.cpu.rename: [tid:0] Looking up integer arch reg 17, got phys reg 96 (integer)
 128000: system.cpu.rename: [tid:0] Register 96 (flat: 96) (integer) is not ready.
 128000: system.cpu.rename: [tid:0] Looking up miscellaneous arch reg 155, got phys reg 155 (miscellaneous)
 128000: system.cpu.rename: [tid:0] Register 155 (flat: 0) (miscellaneous) is ready.
 128000: global: [sn:650] has 2 ready out of 4 sources. RTI 0)
 128000: system.cpu.rename: calcFreeLQEntries: free lqEntries: 192, loadsInProgress: 6, loads dispatchedToLQ: 1
 128000: system.cpu.rename: [tid:0] Processing instruction [sn:660] with PC (0x401079=>0x40107b).(0=>1).
 128000: system.cpu.rename: [tid:0] Mascot prediction for load [sn:660] type: 0; distance1: 0; distance2: 0
 128000: system.cpu.rename: [tid:0] Looking up invalid arch reg 0, got phys reg 4294967295 (invalid)
 128000: system.cpu.rename: [tid:0] Register 4294967295 (flat: 4294967295) (invalid) is ready.
 128000: global: [sn:660] has 1 ready out of 4 sources. RTI 0)
 128000: system.cpu.rename: [tid:0] Looking up integer arch reg 0, got phys reg 85 (integer)
 128000: system.cpu.rename: [tid:0] Register 85 (flat: 85) (integer) is not ready.
 128000: system.cpu.rename: [tid:0] Looking up integer arch reg 17, got phys reg 96 (integer)
 128000: system.cpu.rename: [tid:0] Register 96 (flat: 96) (integer) is not ready.
 128000: system.cpu.rename: [tid:0] Looking up miscellaneous arch reg 155, got phys reg 155 (miscellaneous)
 128000: system.cpu.rename: [tid:0] Register 155 (flat: 0) (miscellaneous) is ready.
 128000: global: [sn:660] has 2 ready out of 4 sources. RTI 0)
 128000: global: Renamed reg t1 to physical reg 97 (97) old mapping was 96 (96)
 128000: system.cpu.rename: [tid:0] Renaming arch reg 17 (integer) to physical reg 97 (97).
 128000: system.cpu.rename: [tid:0] [sn:660] Adding instruction to history buffer (size=96).
 128000: system.cpu.rename: [tid:0] Processing instruction [sn:670] with PC (0x401079=>0x40107b).(1=>2).
 128000: system.cpu.rename: [tid:0] Looking up integer arch reg 17, got phys reg 97 (integer)
 128000: system.cpu.rename: [tid:0] Register 97 (flat: 97) (integer) is not ready.
 128000: system.cpu.rename: [tid:0] Looking up integer arch reg 0, got phys reg 85 (integer)
 128000: system.cpu.rename: [tid:0] Register 85 (flat: 85) (integer) is not ready.
 128000: system.cpu.rename: [tid:0] Looking up integer arch reg 17, got phys reg 97 (integer)
 128000: system.cpu.rename: [tid:0] Register 97 (flat: 97) (integer) is not ready.
 128000: system.cpu.rename: [tid:0] Looking up invalid arch reg 0, got phys reg 4294967295 (invalid)
 128000: system.cpu.rename: [tid:0] Register 4294967295 (flat: 4294967295) (invalid) is ready.
 128000: global: [sn:670] has 1 ready out of 8 sources. RTI 0)
 128000: system.cpu.rename: [tid:0] Looking up invalid arch reg 0, got phys reg 4294967295 (invalid)
 128000: system.cpu.rename: [tid:0] Register 4294967295 (flat: 4294967295) (invalid) is ready.
 128000: global: [sn:670] has 2 ready out of 8 sources. RTI 0)
 128000: system.cpu.rename: [tid:0] Looking up invalid arch reg 0, got phys reg 4294967295 (invalid)
 128000: system.cpu.rename: [tid:0] Register 4294967295 (flat: 4294967295) (invalid) is ready.
 128000: global: [sn:670] has 3 ready out of 8 sources. RTI 0)
 128000: system.cpu.rename: [tid:0] Looking up invalid arch reg 0, got phys reg 4294967295 (invalid)
 128000: system.cpu.rename: [tid:0] Register 4294967295 (flat: 4294967295) (invalid) is ready.
 128000: global: [sn:670] has 4 ready out of 8 sources. RTI 0)
 128000: system.cpu.rename: [tid:0] Looking up invalid arch reg 0, got phys reg 4294967295 (invalid)
 128000: system.cpu.rename: [tid:0] Register 4294967295 (flat: 4294967295) (invalid) is ready.
 128000: global: [sn:670] has 5 ready out of 8 sources. RTI 0)
 128000: global: Renamed reg t1 to physical reg 98 (98) old mapping was 97 (97)
 128000: system.cpu.rename: [tid:0] Renaming arch reg 17 (integer) to physical reg 98 (98).
 128000: system.cpu.rename: [tid:0] [sn:670] Adding instruction to history buffer (size=97).
 128000: global: Renamed reg condition_code[0] to physical reg 2689 (2689) old mapping was 2687 (2687)
 128000: system.cpu.rename: [tid:0] Renaming arch reg 0 (condition_code) to physical reg 57 (2689).
 128000: system.cpu.rename: [tid:0] [sn:670] Adding instruction to history buffer (size=98).
 128000: global: Renamed reg condition_code[1] to physical reg 2690 (2690) old mapping was 2688 (2688)
 128000: system.cpu.rename: [tid:0] Renaming arch reg 1 (condition_code) to physical reg 58 (2690).
 128000: system.cpu.rename: [tid:0] [sn:670] Adding instruction to history buffer (size=99).
 128000: system.cpu.rename: [tid:0] Renaming arch reg 0 (invalid) to physical reg 4294967295 (4294967295).
 128000: system.cpu.rename: [tid:0] [sn:670] Adding instruction to history buffer (size=100).
 128000: system.cpu.rename: [tid:0] Renaming arch reg 0 (invalid) to physical reg 4294967295 (4294967295).
 128000: system.cpu.rename: [tid:0] [sn:670] Adding instruction to history buffer (size=101).
 128000: system.cpu.rename: [tid:0] Renaming arch reg 0 (invalid) to physical reg 4294967295 (4294967295).
 128000: system.cpu.rename: [tid:0] [sn:670] Adding instruction to history buffer (size=102).
 128000: system.cpu.rename: calcFreeSQEntries: free sqEntries: 113, storesInProgress: 5, stores dispatchedToSQ: 0
 128000: system.cpu.rename: [tid:0] Processing instruction [sn:680] with PC (0x401079=>0x40107b).(2=>3).
 128000: system.cpu.rename: [tid:0] Looking up invalid arch reg 0, got phys reg 4294967295 (invalid)
 128000: system.cpu.rename: [tid:0] Register 4294967295 (flat: 4294967295) (invalid) is ready.
 128000: global: [sn:680] has 1 ready out of 4 sources. RTI 0)
 128000: system.cpu.rename: [tid:0] Looking up integer arch reg 0, got phys reg 85 (integer)
 128000: system.cpu.rename: [tid:0] Register 85 (flat: 85) (integer) is not ready.
 128000: system.cpu.rename: [tid:0] Looking up integer arch reg 17, got phys reg 98 (integer)
 128000: system.cpu.rename: [tid:0] Register 98 (flat: 98) (integer) is not ready.
 128000: system.cpu.rename: [tid:0] Looking up miscellaneous arch reg 155, got phys reg 155 (miscellaneous)
 128000: system.cpu.rename: [tid:0] Register 155 (flat: 0) (miscellaneous) is ready.
 128000: global: [sn:680] has 2 ready out of 4 sources. RTI 0)
 128000: system.cpu.rename: Activity this cycle.
 128000: system.cpu.rename: [tid:0] Removing a committed instruction from the history buffer 0 (size=102), until [sn:270].
 128000: system.cpu.rename: [tid:0] Freeing up older rename of reg 62 (integer), [sn:270].
 128000: system.cpu.iew: Issue: Processing [tid:0]
 128000: system.cpu.iew: [tid:0] Not blocked, so attempting to run dispatch.
 128000: system.cpu.iew: [tid:0] Issue: Adding PC (0x40106f=>0x401071).(0=>1) [sn:510] [tid:0] to IQ.
 128000: system.cpu.iew: [tid:0] Issue: Memory instruction encountered, adding to LSQ.
 128000: system.cpu.iew.lsq.thread0: Inserting load PC (0x40106f=>0x401071).(0=>1), idx:1 [sn:510]
 128000: system.cpu.iq: Adding instruction [sn:510] PC (0x40106f=>0x401071).(0=>1) to the IQ.
 128000: system.cpu.iq: Instruction PC (0x40106f=>0x401071).(0=>1) has src reg 85 (integer) that is being added to the dependency chain.
 128000: system.cpu.iq: Instruction PC (0x40106f=>0x401071).(0=>1) has src reg 83 (integer) that is being added to the dependency chain.
 128000: memdepentry: Memory dependency entry created. memdep_count=2 (0x40106f=>0x401071).(0=>1)
 128000: system.cpu.memDep0: No dependency for inst PC (0x40106f=>0x401071).(0=>1) [sn:510].
 128000: system.cpu.iew: [tid:0] Issue: Adding PC (0x40106f=>0x401071).(1=>2) [sn:520] [tid:0] to IQ.
 128000: system.cpu.iq: Adding instruction [sn:520] PC (0x40106f=>0x401071).(1=>2) to the IQ.
 128000: system.cpu.iq: Instruction PC (0x40106f=>0x401071).(1=>2) has src reg 87 (integer) that is being added to the dependency chain.
 128000: system.cpu.iq: Instruction PC (0x40106f=>0x401071).(1=>2) has src reg 85 (integer) that is being added to the dependency chain.
 128000: system.cpu.iq: Instruction PC (0x40106f=>0x401071).(1=>2) has src reg 87 (integer) that is being added to the dependency chain.
 128000: system.cpu.iew: [tid:0] Issue: Adding PC (0x40106f=>0x401071).(2=>3) [sn:530] [tid:0] to IQ.
 128000: system.cpu.iew: [tid:0] Issue: Memory instruction encountered, adding to LSQ.
 128000: system.cpu.iew.lsq.thread0: Inserting store PC (0x40106f=>0x401071).(2=>3), idx:1 [sn:530]
 128000: system.cpu.iq: Adding instruction [sn:530] PC (0x40106f=>0x401071).(2=>3) to the IQ.
 128000: system.cpu.iq: Instruction PC (0x40106f=>0x401071).(2=>3) has src reg 85 (integer) that is being added to the dependency chain.
 128000: system.cpu.iq: Instruction PC (0x40106f=>0x401071).(2=>3) has src reg 88 (integer) that is being added to the dependency chain.
 128000: memdepentry: Memory dependency entry created. memdep_count=3 (0x40106f=>0x401071).(2=>3)
 128000: system.cpu.memDep0: No dependency for inst PC (0x40106f=>0x401071).(2=>3) [sn:530].
 128000: system.cpu.memDep0: Inserting store/atomic PC (0x40106f=>0x401071).(2=>3) [sn:530].
 128000: system.cpu.iew: [tid:0] Issue: Adding PC (0x401071=>0x401073).(0=>1) [sn:540] [tid:0] to IQ.
 128000: system.cpu.iew: [tid:0] Issue: Memory instruction encountered, adding to LSQ.
 128000: system.cpu.iew.lsq.thread0: Inserting load PC (0x401071=>0x401073).(0=>1), idx:2 [sn:540]
 128000: system.cpu.iq: Adding instruction [sn:540] PC (0x401071=>0x401073).(0=>1) to the IQ.
 128000: system.cpu.iq: Instruction PC (0x401071=>0x401073).(0=>1) has src reg 85 (integer) that is being added to the dependency chain.
 128000: system.cpu.iq: Instruction PC (0x401071=>0x401073).(0=>1) has src reg 88 (integer) that is being added to the dependency chain.
 128000: memdepentry: Memory dependency entry created. memdep_count=4 (0x401071=>0x401073).(0=>1)
 128000: system.cpu.memDep0: No dependency for inst PC (0x401071=>0x401073).(0=>1) [sn:540].
 128000: system.cpu.iew: [tid:0] Issue: Adding PC (0x401071=>0x401073).(1=>2) [sn:550] [tid:0] to IQ.
 128000: system.cpu.iq: Adding instruction [sn:550] PC (0x401071=>0x401073).(1=>2) to the IQ.
 128000: system.cpu.iq: Instruction PC (0x401071=>0x401073).(1=>2) has src reg 89 (integer) that is being added to the dependency chain.
 128000: system.cpu.iq: Instruction PC (0x401071=>0x401073).(1=>2) has src reg 85 (integer) that is being added to the dependency chain.
 128000: system.cpu.iq: Instruction PC (0x401071=>0x401073).(1=>2) has src reg 89 (integer) that is being added to the dependency chain.
 128000: system.cpu.iew: [tid:0] Issue: Adding PC (0x401071=>0x401073).(2=>3) [sn:560] [tid:0] to IQ.
 128000: system.cpu.iew: [tid:0] Issue: Memory instruction encountered, adding to LSQ.
 128000: system.cpu.iew.lsq.thread0: Inserting store PC (0x401071=>0x401073).(2=>3), idx:2 [sn:560]
 128000: system.cpu.iq: Adding instruction [sn:560] PC (0x401071=>0x401073).(2=>3) to the IQ.
 128000: system.cpu.iq: Instruction PC (0x401071=>0x401073).(2=>3) has src reg 85 (integer) that is being added to the dependency chain.
 128000: system.cpu.iq: Instruction PC (0x401071=>0x401073).(2=>3) has src reg 90 (integer) that is being added to the dependency chain.
 128000: memdepentry: Memory dependency entry created. memdep_count=5 (0x401071=>0x401073).(2=>3)
 128000: system.cpu.memDep0: No dependency for inst PC (0x401071=>0x401073).(2=>3) [sn:560].
 128000: system.cpu.memDep0: Inserting store/atomic PC (0x401071=>0x401073).(2=>3) [sn:560].
 128000: system.cpu.iew: Execute: Executing instructions from IQ.
 128000: system.cpu.iew: Execute: Processing PC (0x40105b=>0x40105f).(0=>1), [tid:0] [sn:450].
 128000: system.cpu.iew: Execute: Calculating address for memory reference.
 128000: system.cpu.iew.lsq.thread0: Executing load PC (0x40105b=>0x40105f).(0=>1), [sn:450]
 128000: global: RegFile: Access to int register 40, has data 0x7fffffffee28
 128000: system.cpu.iew.lsq.thread0: Read called, load idx: 0, store idx: 2, storeHead: 0 addr: 0x2e28
 128000: system.cpu.iew.lsq.thread0: Doing memory access for inst [sn:450] PC (0x40105b=>0x40105f).(0=>1)
 128000: system.cpu.iew.lsq.thread0: Memory request (pkt: ReadResp [2e28:2e2f]) from inst [sn:450] was sent (cache is blocked: 0, cache_got_blocked: 0)
 128000: system.cpu.iew: Execute: Executing instructions from IQ.
 128000: system.cpu.iew: Execute: Processing PC (0x40105f=>0x401063).(0=>1), [tid:0] [sn:460].
 128000: global: RegFile: Setting int register 83 to 0x8
 128000: system.cpu.iew: Current wb cycle: 0, width: 12, numInst: 0
wbActual:0
 128000: system.cpu.iew: Execute: Executing instructions from IQ.
 128000: system.cpu.iew: Execute: Processing PC (0x401063=>0x40106a).(0=>1), [tid:0] [sn:480].
 128000: global: RegFile: Setting int register 85 to 0x3c
 128000: system.cpu.iew: Current wb cycle: 0, width: 12, numInst: 1
wbActual:1
 128000: system.cpu.iew: Execute: Executing instructions from IQ.
 128000: system.cpu.iew: Execute: Processing PC (0x40106a=>0x40106d).(0=>1), [tid:0] [sn:490].
 128000: global: RegFile: Access to int register 7, has data 0
 128000: global: RegFile: Access to int register 7, has data 0
 128000: global: RegFile: Setting int register 86 to 0
 128000: global: RegFile: Setting cc register 45 to 0x44
 128000: global: RegFile: Setting cc register 46 to 0
 128000: system.cpu.iew: Current wb cycle: 0, width: 12, numInst: 2
wbActual:2
 128000: system.cpu.iew: Execute: Executing instructions from IQ.
 128000: system.cpu.iew: Execute: Processing PC (0x40106d=>0x40106f).(0=>1), [tid:0] [sn:500].
 128000: system.cpu.iew: Current wb cycle: 0, width: 12, numInst: 3
wbActual:3
 128000: system.cpu.iew: Sending instructions to commit, [sn:460] PC (0x40105f=>0x401063).(0=>1).
 128000: system.cpu.iq: Waking dependents of completed instruction.
 128000: system.cpu.iq: Waking any dependents on register 83 (integer).
 128000: system.cpu.iq: Waking up a dependent instruction, [sn:510] PC (0x40106f=>0x401071).(0=>1).
 128000: global: [sn:510] has 3 ready out of 4 sources. RTI 0)
 128000: system.cpu.iq: Waking up a dependent instruction, [sn:470] PC (0x40105f=>0x401063).(1=>2).
 128000: global: [sn:470] has 7 ready out of 7 sources. RTI 0)
 128000: system.cpu.iq: Instruction is ready to issue, putting it onto the ready list, PC (0x40105f=>0x401063).(1=>2) opclass:1 [sn:470].
 128000: system.cpu.iew: Setting Destination Register 83 (integer)
 128000: system.cpu.scoreboard: Setting reg 83 (integer) as ready
 128000: system.cpu.iew: Sending instructions to commit, [sn:480] PC (0x401063=>0x40106a).(0=>1).
 128000: system.cpu.iq: Waking dependents of completed instruction.
 128000: system.cpu.iq: Waking any dependents on register 85 (integer).
 128000: system.cpu.iq: Waking up a dependent instruction, [sn:560] PC (0x401071=>0x401073).(2=>3).
 128000: global: [sn:560] has 3 ready out of 4 sources. RTI 0)
 128000: system.cpu.iq: Waking up a dependent instruction, [sn:550] PC (0x401071=>0x401073).(1=>2).
 128000: global: [sn:550] has 6 ready out of 8 sources. RTI 0)
 128000: system.cpu.iq: Waking up a dependent instruction, [sn:540] PC (0x401071=>0x401073).(0=>1).
 128000: global: [sn:540] has 3 ready out of 4 sources. RTI 0)
 128000: system.cpu.iq: Waking up a dependent instruction, [sn:530] PC (0x40106f=>0x401071).(2=>3).
 128000: global: [sn:530] has 3 ready out of 4 sources. RTI 0)
 128000: system.cpu.iq: Waking up a dependent instruction, [sn:520] PC (0x40106f=>0x401071).(1=>2).
 128000: global: [sn:520] has 6 ready out of 8 sources. RTI 0)
 128000: system.cpu.iq: Waking up a dependent instruction, [sn:510] PC (0x40106f=>0x401071).(0=>1).
 128000: global: [sn:510] has 4 ready out of 4 sources. RTI 0)
 128000: system.cpu.iq: Checking if memory instruction can issue.
 128000: system.cpu.memDep0: Marking registers as ready for instruction PC (0x40106f=>0x401071).(0=>1) [sn:510].
 128000: system.cpu.memDep0: Instruction has its memory dependencies resolved, adding it to the ready list.
 128000: system.cpu.memDep0: Adding instruction [sn:510] to the ready list.
 128000: system.cpu.iq: Instruction is ready to issue, putting it onto the ready list, PC (0x40106f=>0x401071).(0=>1) opclass:52 [sn:510].
 128000: system.cpu.iew: Setting Destination Register 85 (integer)
 128000: system.cpu.scoreboard: Setting reg 85 (integer) as ready
 128000: system.cpu.iew: Sending instructions to commit, [sn:490] PC (0x40106a=>0x40106d).(0=>1).
 128000: system.cpu.iq: Waking dependents of completed instruction.
 128000: system.cpu.iq: Waking any dependents on register 86 (integer).
 128000: system.cpu.iq: Waking any dependents on register 45 (condition_code).
 128000: system.cpu.iq: Waking any dependents on register 46 (condition_code).
 128000: system.cpu.iq: Reg 4294967295 [invalid] is part of a fix mapping, skipping
 128000: system.cpu.iq: Reg 4294967295 [invalid] is part of a fix mapping, skipping
 128000: system.cpu.iq: Reg 4294967295 [invalid] is part of a fix mapping, skipping
 128000: system.cpu.iew: Setting Destination Register 86 (integer)
 128000: system.cpu.scoreboard: Setting reg 86 (integer) as ready
 128000: system.cpu.iew: Setting Destination Register 45 (condition_code)
 128000: system.cpu.scoreboard: Setting reg 45 (condition_code) as ready
 128000: system.cpu.iew: Setting Destination Register 46 (condition_code)
 128000: system.cpu.scoreboard: Setting reg 46 (condition_code) as ready
 128000: system.cpu.iew: Setting Destination Register 4294967295 (invalid)
 128000: system.cpu.iew: Setting Destination Register 4294967295 (invalid)
 128000: system.cpu.iew: Setting Destination Register 4294967295 (invalid)
 128000: system.cpu.iew: Sending instructions to commit, [sn:500] PC (0x40106d=>0x40106f).(0=>1).
 128000: system.cpu.iq: Attempting to schedule ready instructions from the IQ.
 128000: system.cpu.iq: Thread 0: Issuing instruction PC (0x40105f=>0x401063).(1=>2) [sn:470]
 128000: system.cpu.iq: Thread 0: Issuing instruction PC (0x40106f=>0x401071).(0=>1) [sn:510]
 128000: system.cpu.memDep0: Issuing instruction PC 0x40106f [sn:510].
 128000: system.cpu.iew.lsq: [tid:0] Writing back stores. 1 stores available for Writeback.
 128000: system.cpu.iew: Processing [tid:0]
 128000: system.cpu.iq: [tid:0] Committing instructions older than [sn:270]
 128000: system.cpu.iew.lsq.thread0: LQ size: 192, #loads occupied: 3
 128000: system.cpu.iew.lsq.thread0: SQ size: 114, #stores occupied: 3
 128000: system.cpu.iew: [tid:0], Dispatch dispatched 6 instructions.
 128000: system.cpu.iew.lsq.thread0: SQ size: 114, #stores occupied: 3
 128000: system.cpu.iew.lsq.thread0: LQ size: 192, #loads occupied: 3
 128000: system.cpu.iew: IQ has 186 free entries (Can schedule: 0).  LQ has 189 free entries. SQ has 111 free entries.
 128000: system.cpu.iew: Activity this cycle.
 128000: system.cpu.commit: Getting instructions from Rename stage.
 128000: system.cpu.commit: [tid:0] [sn:570] Inserting PC (0x401073=>0x401075).(0=>1) into ROB.
 128000: system.cpu.rob: Adding inst PC (0x401073=>0x401075).(0=>1) to the ROB.
 128000: system.cpu.rob: [tid:0] Now has 30 instructions.
 128000: system.cpu.commit: [tid:0] [sn:580] Inserting PC (0x401073=>0x401075).(1=>2) into ROB.
 128000: system.cpu.rob: Adding inst PC (0x401073=>0x401075).(1=>2) to the ROB.
 128000: system.cpu.rob: [tid:0] Now has 31 instructions.
 128000: system.cpu.commit: [tid:0] [sn:590] Inserting PC (0x401073=>0x401075).(2=>3) into ROB.
 128000: system.cpu.rob: Adding inst PC (0x401073=>0x401075).(2=>3) to the ROB.
 128000: system.cpu.rob: [tid:0] Now has 32 instructions.
 128000: system.cpu.commit: [tid:0] [sn:600] Inserting PC (0x401075=>0x401077).(0=>1) into ROB.
 128000: system.cpu.rob: Adding inst PC (0x401075=>0x401077).(0=>1) to the ROB.
 128000: system.cpu.rob: [tid:0] Now has 33 instructions.
 128000: system.cpu.commit: [tid:0] [sn:610] Inserting PC (0x401075=>0x401077).(1=>2) into ROB.
 128000: system.cpu.rob: Adding inst PC (0x401075=>0x401077).(1=>2) to the ROB.
 128000: system.cpu.rob: [tid:0] Now has 34 instructions.
 128000: system.cpu.commit: [tid:0] [sn:620] Inserting PC (0x401075=>0x401077).(2=>3) into ROB.
 128000: system.cpu.rob: Adding inst PC (0x401075=>0x401077).(2=>3) to the ROB.
 128000: system.cpu.rob: [tid:0] Now has 35 instructions.
 128000: system.cpu.commit: Trying to commit instructions in the ROB.
 128000: system.cpu.commit: Trying to commit head instruction, [tid:0] [sn:280]
 128000: system.cpu.commit: [tid:0] [sn:280] Committing instruction with PC (0x40103f=>0x401043).(1=>2)
 128000: system.cpu.rob: [tid:0] Retiring head instruction, instruction PC (0x40103f=>0x401043).(1=>2), [sn:280]
 128000: system.cpu: Removing committed instruction [tid:0] PC (0x40103f=>0x401043).(1=>2) [sn:280]
 128000: system.cpu.commit: Trying to commit head instruction, [tid:0] [sn:290]
 128000: system.cpu.commit: [tid:0] [sn:290] Committing instruction with PC (0x401043=>0x401047).(0=>1)
 128000: system.cpu.rob: [tid:0] Retiring head instruction, instruction PC (0x401043=>0x401047).(0=>1), [sn:290]
 128000: system.cpu: Removing committed instruction [tid:0] PC (0x401043=>0x401047).(0=>1) [sn:290]
 128000: system.cpu.commit: Trying to commit head instruction, [tid:0] [sn:300]
 128000: system.cpu.commit: [tid:0] [sn:300] Committing instruction with PC (0x401043=>0x401047).(1=>2)
 128000: system.cpu.rob: [tid:0] Retiring head instruction, instruction PC (0x401043=>0x401047).(1=>2), [sn:300]
 128000: system.cpu: Removing committed instruction [tid:0] PC (0x401043=>0x401047).(1=>2) [sn:300]
 128000: system.cpu.commit: Trying to commit head instruction, [tid:0] [sn:310]
 128000: system.cpu.commit: [tid:0] [sn:310] Committing instruction with PC (0x401047=>0x40104b).(0=>1)
 128000: system.cpu.rob: [tid:0] Retiring head instruction, instruction PC (0x401047=>0x40104b).(0=>1), [sn:310]
 128000: system.cpu: Removing committed instruction [tid:0] PC (0x401047=>0x40104b).(0=>1) [sn:310]
 128000: system.cpu.commit: Trying to commit head instruction, [tid:0] [sn:320]
 128000: system.cpu.commit: [tid:0] [sn:320] Committing instruction with PC (0x401047=>0x40104b).(1=>2)
 128000: system.cpu.rob: [tid:0] Retiring head instruction, instruction PC (0x401047=>0x40104b).(1=>2), [sn:320]
 128000: system.cpu: Removing committed instruction [tid:0] PC (0x401047=>0x40104b).(1=>2) [sn:320]
 128000: system.cpu.commit: [tid:0] Can't commit, Instruction [sn:330] PC (0x40104b=>0x40104f).(0=>1) is head of ROB and not ready
 128000: system.cpu.commit: [tid:0] ROB has 30 insts & 482 free entries.
 128000: system.cpu.commit: Activity This Cycle.
 128000: system.cpu.commit: Deactivating stage.
 128000: system.cpu: Activity: 9
 128000: system.cpu: Removing instruction, [tid:0] [sn:280] PC (0x40103f=>0x401043).(1=>2)
 128000: system.cpu: Removing instruction, [tid:0] [sn:290] PC (0x401043=>0x401047).(0=>1)
 128000: system.cpu: Removing instruction, [tid:0] [sn:300] PC (0x401043=>0x401047).(1=>2)
 128000: system.cpu: Removing instruction, [tid:0] [sn:310] PC (0x401047=>0x40104b).(0=>1)
 128000: system.cpu: Removing instruction, [tid:0] [sn:320] PC (0x401047=>0x40104b).(1=>2)
 128000: system.cpu: Scheduling next tick!
 128000: system.cpu.iq: Processing FU completion [sn:330]
 128000: system.cpu: CPU already running.
 129000: system.cpu: CPU already running.
 129000: system.cpu: Activity: 10
 129000: system.cpu.iew.lsq.thread0: Completing store [sn:40], idx:0, store head idx:1
O3PipeView:fetch:58000:0x0040100b:0:40:  MOV_M_R : st   rax, SS:[t0 + rsp]
O3PipeView:decode:59000
O3PipeView:rename:60000
O3PipeView:dispatch:62000
O3PipeView:issue:64000
O3PipeView:complete:65000
O3PipeView:retire:67000:store:129000
 129000: global: DynInst: [sn:40] Instruction destroyed. Instcount for system.cpu = 48
 129000: system.cpu: 

O3CPU: Ticking main, O3CPU.
 129000: system.cpu.fetch: Running stage.
 129000: system.cpu.fetch: There are no more threads available to fetch from.
 129000: system.cpu.fetch: [tid:0] Fetch is waiting cache response!
 129000: system.cpu.decode: Processing [tid:0]
 129000: system.cpu.decode: [tid:0] Bypass moves from Rename: 0
 129000: system.cpu.decode: [tid:0] Not blocked, so attempting to run stage.
 129000: system.cpu.decode: [tid:0] Nothing to do, breaking out early.
 129000: system.cpu.rename: Processing [tid:0]
 129000: system.cpu.rename: [tid:0] Free IQ: 186, Free ROB: 482, Free LQ: 189, Free SQ: 111, FreeRM 63(439 464 511 1022 63 8 2529)
 129000: system.cpu.rename: [tid:0] 18 instructions not yet in ROB
 129000: system.cpu.rename: calcFreeLQEntries: free lqEntries: 189, loadsInProgress: 6, loads dispatchedToLQ: 2
 129000: system.cpu.rename: [tid:0] Not blocked, so attempting to run stage.
 129000: system.cpu.rename: [tid:0] 6 available instructions to send iew.
 129000: system.cpu.rename: [tid:0] 18 insts pipelining from Rename | 6 insts dispatched to IQ last cycle.
 129000: system.cpu.rename: [tid:0] Sending instructions to IEW.
 129000: system.cpu.rename: calcFreeLQEntries: free lqEntries: 189, loadsInProgress: 6, loads dispatchedToLQ: 2
 129000: system.cpu.rename: [tid:0] Processing instruction [sn:690] with PC (0x40107b=>0x40107d).(0=>1).
 129000: system.cpu.rename: [tid:0] Mascot prediction for load [sn:690] type: 0; distance1: 0; distance2: 0
 129000: system.cpu.rename: [tid:0] Looking up invalid arch reg 0, got phys reg 4294967295 (invalid)
 129000: system.cpu.rename: [tid:0] Register 4294967295 (flat: 4294967295) (invalid) is ready.
 129000: global: [sn:690] has 1 ready out of 4 sources. RTI 0)
 129000: system.cpu.rename: [tid:0] Looking up integer arch reg 0, got phys reg 85 (integer)
 129000: system.cpu.rename: [tid:0] Register 85 (flat: 85) (integer) is ready.
 129000: global: [sn:690] has 2 ready out of 4 sources. RTI 0)
 129000: system.cpu.rename: [tid:0] Looking up integer arch reg 17, got phys reg 98 (integer)
 129000: system.cpu.rename: [tid:0] Register 98 (flat: 98) (integer) is not ready.
 129000: system.cpu.rename: [tid:0] Looking up miscellaneous arch reg 155, got phys reg 155 (miscellaneous)
 129000: system.cpu.rename: [tid:0] Register 155 (flat: 0) (miscellaneous) is ready.
 129000: global: [sn:690] has 3 ready out of 4 sources. RTI 0)
 129000: global: Renamed reg t1 to physical reg 99 (99) old mapping was 98 (98)
 129000: system.cpu.rename: [tid:0] Renaming arch reg 17 (integer) to physical reg 99 (99).
 129000: system.cpu.rename: [tid:0] [sn:690] Adding instruction to history buffer (size=102).
 129000: system.cpu.rename: [tid:0] Processing instruction [sn:700] with PC (0x40107b=>0x40107d).(1=>2).
 129000: system.cpu.rename: [tid:0] Looking up integer arch reg 17, got phys reg 99 (integer)
 129000: system.cpu.rename: [tid:0] Register 99 (flat: 99) (integer) is not ready.
 129000: system.cpu.rename: [tid:0] Looking up integer arch reg 0, got phys reg 85 (integer)
 129000: system.cpu.rename: [tid:0] Register 85 (flat: 85) (integer) is ready.
 129000: global: [sn:700] has 1 ready out of 8 sources. RTI 0)
 129000: system.cpu.rename: [tid:0] Looking up integer arch reg 17, got phys reg 99 (integer)
 129000: system.cpu.rename: [tid:0] Register 99 (flat: 99) (integer) is not ready.
 129000: system.cpu.rename: [tid:0] Looking up invalid arch reg 0, got phys reg 4294967295 (invalid)
 129000: system.cpu.rename: [tid:0] Register 4294967295 (flat: 4294967295) (invalid) is ready.
 129000: global: [sn:700] has 2 ready out of 8 sources. RTI 0)
 129000: system.cpu.rename: [tid:0] Looking up invalid arch reg 0, got phys reg 4294967295 (invalid)
 129000: system.cpu.rename: [tid:0] Register 4294967295 (flat: 4294967295) (invalid) is ready.
 129000: global: [sn:700] has 3 ready out of 8 sources. RTI 0)
 129000: system.cpu.rename: [tid:0] Looking up invalid arch reg 0, got phys reg 4294967295 (invalid)
 129000: system.cpu.rename: [tid:0] Register 4294967295 (flat: 4294967295) (invalid) is ready.
 129000: global: [sn:700] has 4 ready out of 8 sources. RTI 0)
 129000: system.cpu.rename: [tid:0] Looking up invalid arch reg 0, got phys reg 4294967295 (invalid)
 129000: system.cpu.rename: [tid:0] Register 4294967295 (flat: 4294967295) (invalid) is ready.
 129000: global: [sn:700] has 5 ready out of 8 sources. RTI 0)
 129000: system.cpu.rename: [tid:0] Looking up invalid arch reg 0, got phys reg 4294967295 (invalid)
 129000: system.cpu.rename: [tid:0] Register 4294967295 (flat: 4294967295) (invalid) is ready.
 129000: global: [sn:700] has 6 ready out of 8 sources. RTI 0)
 129000: global: Renamed reg t1 to physical reg 100 (100) old mapping was 99 (99)
 129000: system.cpu.rename: [tid:0] Renaming arch reg 17 (integer) to physical reg 100 (100).
 129000: system.cpu.rename: [tid:0] [sn:700] Adding instruction to history buffer (size=103).
 129000: global: Renamed reg condition_code[0] to physical reg 2691 (2691) old mapping was 2689 (2689)
 129000: system.cpu.rename: [tid:0] Renaming arch reg 0 (condition_code) to physical reg 59 (2691).
 129000: system.cpu.rename: [tid:0] [sn:700] Adding instruction to history buffer (size=104).
 129000: global: Renamed reg condition_code[1] to physical reg 2692 (2692) old mapping was 2690 (2690)
 129000: system.cpu.rename: [tid:0] Renaming arch reg 1 (condition_code) to physical reg 60 (2692).
 129000: system.cpu.rename: [tid:0] [sn:700] Adding instruction to history buffer (size=105).
 129000: system.cpu.rename: [tid:0] Renaming arch reg 0 (invalid) to physical reg 4294967295 (4294967295).
 129000: system.cpu.rename: [tid:0] [sn:700] Adding instruction to history buffer (size=106).
 129000: system.cpu.rename: [tid:0] Renaming arch reg 0 (invalid) to physical reg 4294967295 (4294967295).
 129000: system.cpu.rename: [tid:0] [sn:700] Adding instruction to history buffer (size=107).
 129000: system.cpu.rename: [tid:0] Renaming arch reg 0 (invalid) to physical reg 4294967295 (4294967295).
 129000: system.cpu.rename: [tid:0] [sn:700] Adding instruction to history buffer (size=108).
 129000: system.cpu.rename: calcFreeSQEntries: free sqEntries: 111, storesInProgress: 6, stores dispatchedToSQ: 2
 129000: system.cpu.rename: [tid:0] Processing instruction [sn:710] with PC (0x40107b=>0x40107d).(2=>3).
 129000: system.cpu.rename: [tid:0] Looking up invalid arch reg 0, got phys reg 4294967295 (invalid)
 129000: system.cpu.rename: [tid:0] Register 4294967295 (flat: 4294967295) (invalid) is ready.
 129000: global: [sn:710] has 1 ready out of 4 sources. RTI 0)
 129000: system.cpu.rename: [tid:0] Looking up integer arch reg 0, got phys reg 85 (integer)
 129000: system.cpu.rename: [tid:0] Register 85 (flat: 85) (integer) is ready.
 129000: global: [sn:710] has 2 ready out of 4 sources. RTI 0)
 129000: system.cpu.rename: [tid:0] Looking up integer arch reg 17, got phys reg 100 (integer)
 129000: system.cpu.rename: [tid:0] Register 100 (flat: 100) (integer) is not ready.
 129000: system.cpu.rename: [tid:0] Looking up miscellaneous arch reg 155, got phys reg 155 (miscellaneous)
 129000: system.cpu.rename: [tid:0] Register 155 (flat: 0) (miscellaneous) is ready.
 129000: global: [sn:710] has 3 ready out of 4 sources. RTI 0)
 129000: system.cpu.rename: calcFreeLQEntries: free lqEntries: 189, loadsInProgress: 7, loads dispatchedToLQ: 2
 129000: system.cpu.rename: [tid:0] Processing instruction [sn:720] with PC (0x40107d=>0x40107f).(0=>1).
 129000: system.cpu.rename: [tid:0] Mascot prediction for load [sn:720] type: 0; distance1: 0; distance2: 0
 129000: system.cpu.rename: [tid:0] Looking up invalid arch reg 0, got phys reg 4294967295 (invalid)
 129000: system.cpu.rename: [tid:0] Register 4294967295 (flat: 4294967295) (invalid) is ready.
 129000: global: [sn:720] has 1 ready out of 4 sources. RTI 0)
 129000: system.cpu.rename: [tid:0] Looking up integer arch reg 0, got phys reg 85 (integer)
 129000: system.cpu.rename: [tid:0] Register 85 (flat: 85) (integer) is ready.
 129000: global: [sn:720] has 2 ready out of 4 sources. RTI 0)
 129000: system.cpu.rename: [tid:0] Looking up integer arch reg 17, got phys reg 100 (integer)
 129000: system.cpu.rename: [tid:0] Register 100 (flat: 100) (integer) is not ready.
 129000: system.cpu.rename: [tid:0] Looking up miscellaneous arch reg 155, got phys reg 155 (miscellaneous)
 129000: system.cpu.rename: [tid:0] Register 155 (flat: 0) (miscellaneous) is ready.
 129000: global: [sn:720] has 3 ready out of 4 sources. RTI 0)
 129000: global: Renamed reg t1 to physical reg 101 (101) old mapping was 100 (100)
 129000: system.cpu.rename: [tid:0] Renaming arch reg 17 (integer) to physical reg 101 (101).
 129000: system.cpu.rename: [tid:0] [sn:720] Adding instruction to history buffer (size=109).
 129000: system.cpu.rename: [tid:0] Processing instruction [sn:730] with PC (0x40107d=>0x40107f).(1=>2).
 129000: system.cpu.rename: [tid:0] Looking up integer arch reg 17, got phys reg 101 (integer)
 129000: system.cpu.rename: [tid:0] Register 101 (flat: 101) (integer) is not ready.
 129000: system.cpu.rename: [tid:0] Looking up integer arch reg 0, got phys reg 85 (integer)
 129000: system.cpu.rename: [tid:0] Register 85 (flat: 85) (integer) is ready.
 129000: global: [sn:730] has 1 ready out of 8 sources. RTI 0)
 129000: system.cpu.rename: [tid:0] Looking up integer arch reg 17, got phys reg 101 (integer)
 129000: system.cpu.rename: [tid:0] Register 101 (flat: 101) (integer) is not ready.
 129000: system.cpu.rename: [tid:0] Looking up invalid arch reg 0, got phys reg 4294967295 (invalid)
 129000: system.cpu.rename: [tid:0] Register 4294967295 (flat: 4294967295) (invalid) is ready.
 129000: global: [sn:730] has 2 ready out of 8 sources. RTI 0)
 129000: system.cpu.rename: [tid:0] Looking up invalid arch reg 0, got phys reg 4294967295 (invalid)
 129000: system.cpu.rename: [tid:0] Register 4294967295 (flat: 4294967295) (invalid) is ready.
 129000: global: [sn:730] has 3 ready out of 8 sources. RTI 0)
 129000: system.cpu.rename: [tid:0] Looking up invalid arch reg 0, got phys reg 4294967295 (invalid)
 129000: system.cpu.rename: [tid:0] Register 4294967295 (flat: 4294967295) (invalid) is ready.
 129000: global: [sn:730] has 4 ready out of 8 sources. RTI 0)
 129000: system.cpu.rename: [tid:0] Looking up invalid arch reg 0, got phys reg 4294967295 (invalid)
 129000: system.cpu.rename: [tid:0] Register 4294967295 (flat: 4294967295) (invalid) is ready.
 129000: global: [sn:730] has 5 ready out of 8 sources. RTI 0)
 129000: system.cpu.rename: [tid:0] Looking up invalid arch reg 0, got phys reg 4294967295 (invalid)
 129000: system.cpu.rename: [tid:0] Register 4294967295 (flat: 4294967295) (invalid) is ready.
 129000: global: [sn:730] has 6 ready out of 8 sources. RTI 0)
 129000: global: Renamed reg t1 to physical reg 102 (102) old mapping was 101 (101)
 129000: system.cpu.rename: [tid:0] Renaming arch reg 17 (integer) to physical reg 102 (102).
 129000: system.cpu.rename: [tid:0] [sn:730] Adding instruction to history buffer (size=110).
 129000: global: Renamed reg condition_code[0] to physical reg 2693 (2693) old mapping was 2691 (2691)
 129000: system.cpu.rename: [tid:0] Renaming arch reg 0 (condition_code) to physical reg 61 (2693).
 129000: system.cpu.rename: [tid:0] [sn:730] Adding instruction to history buffer (size=111).
 129000: global: Renamed reg condition_code[1] to physical reg 2694 (2694) old mapping was 2692 (2692)
 129000: system.cpu.rename: [tid:0] Renaming arch reg 1 (condition_code) to physical reg 62 (2694).
 129000: system.cpu.rename: [tid:0] [sn:730] Adding instruction to history buffer (size=112).
 129000: system.cpu.rename: [tid:0] Renaming arch reg 0 (invalid) to physical reg 4294967295 (4294967295).
 129000: system.cpu.rename: [tid:0] [sn:730] Adding instruction to history buffer (size=113).
 129000: system.cpu.rename: [tid:0] Renaming arch reg 0 (invalid) to physical reg 4294967295 (4294967295).
 129000: system.cpu.rename: [tid:0] [sn:730] Adding instruction to history buffer (size=114).
 129000: system.cpu.rename: [tid:0] Renaming arch reg 0 (invalid) to physical reg 4294967295 (4294967295).
 129000: system.cpu.rename: [tid:0] [sn:730] Adding instruction to history buffer (size=115).
 129000: system.cpu.rename: calcFreeSQEntries: free sqEntries: 111, storesInProgress: 7, stores dispatchedToSQ: 2
 129000: system.cpu.rename: [tid:0] Processing instruction [sn:740] with PC (0x40107d=>0x40107f).(2=>3).
 129000: system.cpu.rename: [tid:0] Looking up invalid arch reg 0, got phys reg 4294967295 (invalid)
 129000: system.cpu.rename: [tid:0] Register 4294967295 (flat: 4294967295) (invalid) is ready.
 129000: global: [sn:740] has 1 ready out of 4 sources. RTI 0)
 129000: system.cpu.rename: [tid:0] Looking up integer arch reg 0, got phys reg 85 (integer)
 129000: system.cpu.rename: [tid:0] Register 85 (flat: 85) (integer) is ready.
 129000: global: [sn:740] has 2 ready out of 4 sources. RTI 0)
 129000: system.cpu.rename: [tid:0] Looking up integer arch reg 17, got phys reg 102 (integer)
 129000: system.cpu.rename: [tid:0] Register 102 (flat: 102) (integer) is not ready.
 129000: system.cpu.rename: [tid:0] Looking up miscellaneous arch reg 155, got phys reg 155 (miscellaneous)
 129000: system.cpu.rename: [tid:0] Register 155 (flat: 0) (miscellaneous) is ready.
 129000: global: [sn:740] has 3 ready out of 4 sources. RTI 0)
 129000: system.cpu.rename: Activity this cycle.
 129000: system.cpu.rename: [tid:0] Removing a committed instruction from the history buffer 0 (size=115), until [sn:320].
 129000: system.cpu.rename: [tid:0] Freeing up older rename of reg 57 (integer), [sn:280].
 129000: system.cpu.rename: [tid:0] Freeing up older rename of reg 31 (condition_code), [sn:280].
 129000: system.cpu.rename: [tid:0] Freeing up older rename of reg 32 (condition_code), [sn:280].
 129000: system.cpu.rename: [tid:0] Freeing up older rename of reg 4294967295 (invalid), [sn:280].
 129000: system.cpu.rename: [tid:0] Freeing up older rename of reg 4294967295 (invalid), [sn:280].
 129000: system.cpu.rename: [tid:0] Freeing up older rename of reg 4294967295 (invalid), [sn:280].
 129000: system.cpu.rename: [tid:0] Freeing up older rename of reg 64 (integer), [sn:290].
 129000: system.cpu.rename: [tid:0] Freeing up older rename of reg 59 (integer), [sn:300].
 129000: system.cpu.rename: [tid:0] Freeing up older rename of reg 33 (condition_code), [sn:300].
 129000: system.cpu.rename: [tid:0] Freeing up older rename of reg 34 (condition_code), [sn:300].
 129000: system.cpu.rename: [tid:0] Freeing up older rename of reg 4294967295 (invalid), [sn:300].
 129000: system.cpu.rename: [tid:0] Freeing up older rename of reg 4294967295 (invalid), [sn:300].
 129000: system.cpu.rename: [tid:0] Freeing up older rename of reg 4294967295 (invalid), [sn:300].
 129000: system.cpu.rename: [tid:0] Freeing up older rename of reg 66 (integer), [sn:310].
 129000: system.cpu.rename: [tid:0] Freeing up older rename of reg 61 (integer), [sn:320].
 129000: system.cpu.rename: [tid:0] Freeing up older rename of reg 35 (condition_code), [sn:320].
 129000: system.cpu.rename: [tid:0] Freeing up older rename of reg 36 (condition_code), [sn:320].
 129000: system.cpu.rename: [tid:0] Freeing up older rename of reg 4294967295 (invalid), [sn:320].
 129000: system.cpu.rename: [tid:0] Freeing up older rename of reg 4294967295 (invalid), [sn:320].
 129000: system.cpu.rename: [tid:0] Freeing up older rename of reg 4294967295 (invalid), [sn:320].
 129000: system.cpu.iew: Issue: Processing [tid:0]
 129000: system.cpu.iew: [tid:0] Not blocked, so attempting to run dispatch.
 129000: system.cpu.iew: [tid:0] Issue: Adding PC (0x401073=>0x401075).(0=>1) [sn:570] [tid:0] to IQ.
 129000: system.cpu.iew: [tid:0] Issue: Memory instruction encountered, adding to LSQ.
 129000: system.cpu.iew.lsq.thread0: Inserting load PC (0x401073=>0x401075).(0=>1), idx:3 [sn:570]
 129000: system.cpu.iq: Adding instruction [sn:570] PC (0x401073=>0x401075).(0=>1) to the IQ.
 129000: system.cpu.iq: Instruction PC (0x401073=>0x401075).(0=>1) has src reg 85 (integer) that became ready before it reached the IQ.
 129000: global: [sn:570] has 3 ready out of 4 sources. RTI 0)
 129000: system.cpu.iq: Instruction PC (0x401073=>0x401075).(0=>1) has src reg 90 (integer) that is being added to the dependency chain.
 129000: memdepentry: Memory dependency entry created. memdep_count=6 (0x401073=>0x401075).(0=>1)
 129000: system.cpu.memDep0: No dependency for inst PC (0x401073=>0x401075).(0=>1) [sn:570].
 129000: system.cpu.iew: [tid:0] Issue: Adding PC (0x401073=>0x401075).(1=>2) [sn:580] [tid:0] to IQ.
 129000: system.cpu.iq: Adding instruction [sn:580] PC (0x401073=>0x401075).(1=>2) to the IQ.
 129000: system.cpu.iq: Instruction PC (0x401073=>0x401075).(1=>2) has src reg 91 (integer) that is being added to the dependency chain.
 129000: system.cpu.iq: Instruction PC (0x401073=>0x401075).(1=>2) has src reg 85 (integer) that became ready before it reached the IQ.
 129000: global: [sn:580] has 6 ready out of 8 sources. RTI 0)
 129000: system.cpu.iq: Instruction PC (0x401073=>0x401075).(1=>2) has src reg 91 (integer) that is being added to the dependency chain.
 129000: system.cpu.iew: [tid:0] Issue: Adding PC (0x401073=>0x401075).(2=>3) [sn:590] [tid:0] to IQ.
 129000: system.cpu.iew: [tid:0] Issue: Memory instruction encountered, adding to LSQ.
 129000: system.cpu.iew.lsq.thread0: Inserting store PC (0x401073=>0x401075).(2=>3), idx:3 [sn:590]
 129000: system.cpu.iq: Adding instruction [sn:590] PC (0x401073=>0x401075).(2=>3) to the IQ.
 129000: system.cpu.iq: Instruction PC (0x401073=>0x401075).(2=>3) has src reg 85 (integer) that became ready before it reached the IQ.
 129000: global: [sn:590] has 3 ready out of 4 sources. RTI 0)
 129000: system.cpu.iq: Instruction PC (0x401073=>0x401075).(2=>3) has src reg 92 (integer) that is being added to the dependency chain.
 129000: memdepentry: Memory dependency entry created. memdep_count=7 (0x401073=>0x401075).(2=>3)
 129000: system.cpu.memDep0: No dependency for inst PC (0x401073=>0x401075).(2=>3) [sn:590].
 129000: system.cpu.memDep0: Inserting store/atomic PC (0x401073=>0x401075).(2=>3) [sn:590].
 129000: system.cpu.iew: [tid:0] Issue: Adding PC (0x401075=>0x401077).(0=>1) [sn:600] [tid:0] to IQ.
 129000: system.cpu.iew: [tid:0] Issue: Memory instruction encountered, adding to LSQ.
 129000: system.cpu.iew.lsq.thread0: Inserting load PC (0x401075=>0x401077).(0=>1), idx:4 [sn:600]
 129000: system.cpu.iq: Adding instruction [sn:600] PC (0x401075=>0x401077).(0=>1) to the IQ.
 129000: system.cpu.iq: Instruction PC (0x401075=>0x401077).(0=>1) has src reg 85 (integer) that became ready before it reached the IQ.
 129000: global: [sn:600] has 3 ready out of 4 sources. RTI 0)
 129000: system.cpu.iq: Instruction PC (0x401075=>0x401077).(0=>1) has src reg 92 (integer) that is being added to the dependency chain.
 129000: memdepentry: Memory dependency entry created. memdep_count=8 (0x401075=>0x401077).(0=>1)
 129000: system.cpu.memDep0: No dependency for inst PC (0x401075=>0x401077).(0=>1) [sn:600].
 129000: system.cpu.iew: [tid:0] Issue: Adding PC (0x401075=>0x401077).(1=>2) [sn:610] [tid:0] to IQ.
 129000: system.cpu.iq: Adding instruction [sn:610] PC (0x401075=>0x401077).(1=>2) to the IQ.
 129000: system.cpu.iq: Instruction PC (0x401075=>0x401077).(1=>2) has src reg 93 (integer) that is being added to the dependency chain.
 129000: system.cpu.iq: Instruction PC (0x401075=>0x401077).(1=>2) has src reg 85 (integer) that became ready before it reached the IQ.
 129000: global: [sn:610] has 6 ready out of 8 sources. RTI 0)
 129000: system.cpu.iq: Instruction PC (0x401075=>0x401077).(1=>2) has src reg 93 (integer) that is being added to the dependency chain.
 129000: system.cpu.iew: [tid:0] Issue: Adding PC (0x401075=>0x401077).(2=>3) [sn:620] [tid:0] to IQ.
 129000: system.cpu.iew: [tid:0] Issue: Memory instruction encountered, adding to LSQ.
 129000: system.cpu.iew.lsq.thread0: Inserting store PC (0x401075=>0x401077).(2=>3), idx:4 [sn:620]
 129000: system.cpu.iq: Adding instruction [sn:620] PC (0x401075=>0x401077).(2=>3) to the IQ.
 129000: system.cpu.iq: Instruction PC (0x401075=>0x401077).(2=>3) has src reg 85 (integer) that became ready before it reached the IQ.
 129000: global: [sn:620] has 3 ready out of 4 sources. RTI 0)
 129000: system.cpu.iq: Instruction PC (0x401075=>0x401077).(2=>3) has src reg 94 (integer) that is being added to the dependency chain.
 129000: memdepentry: Memory dependency entry created. memdep_count=9 (0x401075=>0x401077).(2=>3)
 129000: system.cpu.memDep0: No dependency for inst PC (0x401075=>0x401077).(2=>3) [sn:620].
 129000: system.cpu.memDep0: Inserting store/atomic PC (0x401075=>0x401077).(2=>3) [sn:620].
 129000: system.cpu.iew: Execute: Executing instructions from IQ.
 129000: system.cpu.iew: Execute: Processing PC (0x40105f=>0x401063).(1=>2), [tid:0] [sn:470].
 129000: global: RegFile: Access to int register 40, has data 0x7fffffffee28
 129000: global: RegFile: Access to int register 83, has data 0x8
 129000: global: RegFile: Setting int register 84 to 0x7fffffffee30
 129000: global: RegFile: Setting cc register 43 to 0x14
 129000: global: RegFile: Setting cc register 44 to 0
 129000: system.cpu.iew: Current wb cycle: 0, width: 12, numInst: 0
wbActual:0
 129000: system.cpu.iew: Execute: Executing instructions from IQ.
 129000: system.cpu.iew: Execute: Processing PC (0x40106f=>0x401071).(0=>1), [tid:0] [sn:510].
 129000: system.cpu.iew: Execute: Calculating address for memory reference.
 129000: system.cpu.iew.lsq.thread0: Executing load PC (0x40106f=>0x401071).(0=>1), [sn:510]
 129000: global: RegFile: Access to int register 85, has data 0x3c
 129000: system.cpu.iew.lsq.thread0: Load [sn:510] not executed from fault
 129000: system.cpu.iew: Current wb cycle: 0, width: 12, numInst: 1
wbActual:1
 129000: system.cpu.iew: Activity this cycle.
 129000: system.cpu.iew: Execute: Executing instructions from IQ.
 129000: system.cpu.iew: Execute: Processing PC (0x40104b=>0x40104f).(0=>1), [tid:0] [sn:330].
 129000: global: RegFile: Access to int register 65, has data 0x12
 129000: global: RegFile: Access to int register 63, has data 0xf
 129000: global: RegFile: Access to int register 33, has data 0
 129000: global: RegFile: Access to int register 34, has data 0
 129000: global: RegFile: Setting int register 70 to 0x10e
 129000: global: RegFile: Setting int register 71 to 0
 129000: global: RegFile: Setting cc register 39 to 0
 129000: system.cpu.iew: Current wb cycle: 0, width: 12, numInst: 2
wbActual:2
 129000: system.cpu.iew: Sending instructions to commit, [sn:470] PC (0x40105f=>0x401063).(1=>2).
 129000: system.cpu.iq: Waking dependents of completed instruction.
 129000: system.cpu.iq: Waking any dependents on register 84 (integer).
 129000: system.cpu.iq: Waking any dependents on register 43 (condition_code).
 129000: system.cpu.iq: Waking any dependents on register 44 (condition_code).
 129000: system.cpu.iq: Reg 4294967295 [invalid] is part of a fix mapping, skipping
 129000: system.cpu.iq: Reg 4294967295 [invalid] is part of a fix mapping, skipping
 129000: system.cpu.iq: Reg 4294967295 [invalid] is part of a fix mapping, skipping
 129000: system.cpu.iew: Setting Destination Register 84 (integer)
 129000: system.cpu.scoreboard: Setting reg 84 (integer) as ready
 129000: system.cpu.iew: Setting Destination Register 43 (condition_code)
 129000: system.cpu.scoreboard: Setting reg 43 (condition_code) as ready
 129000: system.cpu.iew: Setting Destination Register 44 (condition_code)
 129000: system.cpu.scoreboard: Setting reg 44 (condition_code) as ready
 129000: system.cpu.iew: Setting Destination Register 4294967295 (invalid)
 129000: system.cpu.iew: Setting Destination Register 4294967295 (invalid)
 129000: system.cpu.iew: Setting Destination Register 4294967295 (invalid)
 129000: system.cpu.iew: Sending instructions to commit, [sn:510] PC (0x40106f=>0x401071).(0=>1).
 129000: system.cpu.iew: Sending instructions to commit, [sn:330] PC (0x40104b=>0x40104f).(0=>1).
 129000: system.cpu.iq: Waking dependents of completed instruction.
 129000: system.cpu.iq: Waking any dependents on register 70 (integer).
 129000: system.cpu.iq: Waking up a dependent instruction, [sn:360] PC (0x40104f=>0x401053).(0=>1).
 129000: global: [sn:360] has 5 ready out of 6 sources. RTI 0)
 129000: system.cpu.iq: Waking up a dependent instruction, [sn:340] PC (0x40104b=>0x40104f).(1=>2).
 129000: global: [sn:340] has 1 ready out of 1 sources. RTI 0)
 129000: system.cpu.iq: Instruction is ready to issue, putting it onto the ready list, PC (0x40104b=>0x40104f).(1=>2) opclass:1 [sn:340].
 129000: system.cpu.iq: Waking any dependents on register 71 (integer).
 129000: system.cpu.iq: Waking up a dependent instruction, [sn:360] PC (0x40104f=>0x401053).(0=>1).
 129000: global: [sn:360] has 6 ready out of 6 sources. RTI 0)
 129000: system.cpu.iq: Instruction is ready to issue, putting it onto the ready list, PC (0x40104f=>0x401053).(0=>1) opclass:2 [sn:360].
 129000: system.cpu.iq: Waking up a dependent instruction, [sn:350] PC (0x40104b=>0x40104f).(2=>3).
 129000: global: [sn:350] has 1 ready out of 1 sources. RTI 0)
 129000: system.cpu.iq: Instruction is ready to issue, putting it onto the ready list, PC (0x40104b=>0x40104f).(2=>3) opclass:1 [sn:350].
 129000: system.cpu.iq: Waking any dependents on register 39 (condition_code).
 129000: system.cpu.iq: Reg 4294967295 [invalid] is part of a fix mapping, skipping
 129000: system.cpu.iew: Setting Destination Register 70 (integer)
 129000: system.cpu.scoreboard: Setting reg 70 (integer) as ready
 129000: system.cpu.iew: Setting Destination Register 71 (integer)
 129000: system.cpu.scoreboard: Setting reg 71 (integer) as ready
 129000: system.cpu.iew: Setting Destination Register 39 (condition_code)
 129000: system.cpu.scoreboard: Setting reg 39 (condition_code) as ready
 129000: system.cpu.iew: Setting Destination Register 4294967295 (invalid)
 129000: system.cpu.iq: Attempting to schedule ready instructions from the IQ.
 129000: system.cpu.iq: Thread 0: Issuing instruction PC (0x40104b=>0x40104f).(1=>2) [sn:340]
 129000: system.cpu.iq: Thread 0: Issuing instruction PC (0x40104b=>0x40104f).(2=>3) [sn:350]
 129000: system.cpu.iq: Thread 0: Issuing instruction PC (0x40104f=>0x401053).(0=>1) [sn:360]
 129000: system.cpu.iew: Processing [tid:0]
 129000: system.cpu.iq: [tid:0] Committing instructions older than [sn:320]
 129000: system.cpu.iew.lsq.thread0: LQ size: 192, #loads occupied: 5
 129000: system.cpu.iew.lsq.thread0: SQ size: 114, #stores occupied: 4
 129000: system.cpu.iew: [tid:0], Dispatch dispatched 6 instructions.
 129000: system.cpu.iew.lsq.thread0: SQ size: 114, #stores occupied: 4
 129000: system.cpu.iew.lsq.thread0: LQ size: 192, #loads occupied: 5
 129000: system.cpu.iew: IQ has 183 free entries (Can schedule: 0).  LQ has 187 free entries. SQ has 110 free entries.
 129000: system.cpu.iew: Activity this cycle.
 129000: system.cpu.commit: Getting instructions from Rename stage.
 129000: system.cpu.commit: [tid:0] [sn:630] Inserting PC (0x401077=>0x401079).(0=>1) into ROB.
 129000: system.cpu.rob: Adding inst PC (0x401077=>0x401079).(0=>1) to the ROB.
 129000: system.cpu.rob: [tid:0] Now has 31 instructions.
 129000: system.cpu.commit: [tid:0] [sn:640] Inserting PC (0x401077=>0x401079).(1=>2) into ROB.
 129000: system.cpu.rob: Adding inst PC (0x401077=>0x401079).(1=>2) to the ROB.
 129000: system.cpu.rob: [tid:0] Now has 32 instructions.
 129000: system.cpu.commit: [tid:0] [sn:650] Inserting PC (0x401077=>0x401079).(2=>3) into ROB.
 129000: system.cpu.rob: Adding inst PC (0x401077=>0x401079).(2=>3) to the ROB.
 129000: system.cpu.rob: [tid:0] Now has 33 instructions.
 129000: system.cpu.commit: [tid:0] [sn:660] Inserting PC (0x401079=>0x40107b).(0=>1) into ROB.
 129000: system.cpu.rob: Adding inst PC (0x401079=>0x40107b).(0=>1) to the ROB.
 129000: system.cpu.rob: [tid:0] Now has 34 instructions.
 129000: system.cpu.commit: [tid:0] [sn:670] Inserting PC (0x401079=>0x40107b).(1=>2) into ROB.
 129000: system.cpu.rob: Adding inst PC (0x401079=>0x40107b).(1=>2) to the ROB.
 129000: system.cpu.rob: [tid:0] Now has 35 instructions.
 129000: system.cpu.commit: [tid:0] [sn:680] Inserting PC (0x401079=>0x40107b).(2=>3) into ROB.
 129000: system.cpu.rob: Adding inst PC (0x401079=>0x40107b).(2=>3) to the ROB.
 129000: system.cpu.rob: [tid:0] Now has 36 instructions.
 129000: system.cpu.commit: Trying to commit instructions in the ROB.
 129000: system.cpu.commit: [tid:0] Marking PC (0x40105f=>0x401063).(0=>1), [sn:460] ready within ROB.
 129000: system.cpu.commit: [tid:0] Marking PC (0x401063=>0x40106a).(0=>1), [sn:480] ready within ROB.
 129000: system.cpu.commit: [tid:0] Marking PC (0x40106a=>0x40106d).(0=>1), [sn:490] ready within ROB.
 129000: system.cpu.commit: [tid:0] Marking PC (0x40106d=>0x40106f).(0=>1), [sn:500] ready within ROB.
 129000: system.cpu.commit: [tid:0] Can't commit, Instruction [sn:330] PC (0x40104b=>0x40104f).(0=>1) is head of ROB and not ready
 129000: system.cpu.commit: [tid:0] ROB has 36 insts & 476 free entries.
 129000: system.cpu.commit: Activity This Cycle.
 129000: system.cpu: Scheduling next tick!
 130000: system.cpu: 

O3CPU: Ticking main, O3CPU.
 130000: system.cpu.fetch: Running stage.
 130000: system.cpu.fetch: There are no more threads available to fetch from.
 130000: system.cpu.fetch: [tid:0] Fetch is waiting cache response!
 130000: system.cpu.decode: Processing [tid:0]
 130000: system.cpu.decode: [tid:0] Bypass moves from Rename: 0
 130000: system.cpu.decode: [tid:0] Not blocked, so attempting to run stage.
 130000: system.cpu.decode: [tid:0] Nothing to do, breaking out early.
 130000: system.cpu.rename: Processing [tid:0]
 130000: system.cpu.rename: [tid:0] Free IQ: 183, Free ROB: 476, Free LQ: 187, Free SQ: 110, FreeRM 63(440 464 511 1022 63 8 2531)
 130000: system.cpu.rename: [tid:0] 18 instructions not yet in ROB
 130000: system.cpu.rename: calcFreeLQEntries: free lqEntries: 187, loadsInProgress: 6, loads dispatchedToLQ: 2
 130000: system.cpu.rename: [tid:0] Not blocked, so attempting to run stage.
 130000: system.cpu.rename: [tid:0] Nothing to do, breaking out early.
 130000: system.cpu.iew: Issue: Processing [tid:0]
 130000: system.cpu.iew: [tid:0] Not blocked, so attempting to run dispatch.
 130000: system.cpu.iew: [tid:0] Issue: Adding PC (0x401077=>0x401079).(0=>1) [sn:630] [tid:0] to IQ.
 130000: system.cpu.iew: [tid:0] Issue: Memory instruction encountered, adding to LSQ.
 130000: system.cpu.iew.lsq.thread0: Inserting load PC (0x401077=>0x401079).(0=>1), idx:5 [sn:630]
 130000: system.cpu.iq: Adding instruction [sn:630] PC (0x401077=>0x401079).(0=>1) to the IQ.
 130000: system.cpu.iq: Instruction PC (0x401077=>0x401079).(0=>1) has src reg 85 (integer) that became ready before it reached the IQ.
 130000: global: [sn:630] has 3 ready out of 4 sources. RTI 0)
 130000: system.cpu.iq: Instruction PC (0x401077=>0x401079).(0=>1) has src reg 94 (integer) that is being added to the dependency chain.
 130000: memdepentry: Memory dependency entry created. memdep_count=10 (0x401077=>0x401079).(0=>1)
 130000: system.cpu.memDep0: No dependency for inst PC (0x401077=>0x401079).(0=>1) [sn:630].
 130000: system.cpu.iew: [tid:0] Issue: Adding PC (0x401077=>0x401079).(1=>2) [sn:640] [tid:0] to IQ.
 130000: system.cpu.iq: Adding instruction [sn:640] PC (0x401077=>0x401079).(1=>2) to the IQ.
 130000: system.cpu.iq: Instruction PC (0x401077=>0x401079).(1=>2) has src reg 95 (integer) that is being added to the dependency chain.
 130000: system.cpu.iq: Instruction PC (0x401077=>0x401079).(1=>2) has src reg 85 (integer) that became ready before it reached the IQ.
 130000: global: [sn:640] has 6 ready out of 8 sources. RTI 0)
 130000: system.cpu.iq: Instruction PC (0x401077=>0x401079).(1=>2) has src reg 95 (integer) that is being added to the dependency chain.
 130000: system.cpu.iew: [tid:0] Issue: Adding PC (0x401077=>0x401079).(2=>3) [sn:650] [tid:0] to IQ.
 130000: system.cpu.iew: [tid:0] Issue: Memory instruction encountered, adding to LSQ.
 130000: system.cpu.iew.lsq.thread0: Inserting store PC (0x401077=>0x401079).(2=>3), idx:5 [sn:650]
 130000: system.cpu.iq: Adding instruction [sn:650] PC (0x401077=>0x401079).(2=>3) to the IQ.
 130000: system.cpu.iq: Instruction PC (0x401077=>0x401079).(2=>3) has src reg 85 (integer) that became ready before it reached the IQ.
 130000: global: [sn:650] has 3 ready out of 4 sources. RTI 0)
 130000: system.cpu.iq: Instruction PC (0x401077=>0x401079).(2=>3) has src reg 96 (integer) that is being added to the dependency chain.
 130000: memdepentry: Memory dependency entry created. memdep_count=11 (0x401077=>0x401079).(2=>3)
 130000: system.cpu.memDep0: No dependency for inst PC (0x401077=>0x401079).(2=>3) [sn:650].
 130000: system.cpu.memDep0: Inserting store/atomic PC (0x401077=>0x401079).(2=>3) [sn:650].
 130000: system.cpu.iew: [tid:0] Issue: Adding PC (0x401079=>0x40107b).(0=>1) [sn:660] [tid:0] to IQ.
 130000: system.cpu.iew: [tid:0] Issue: Memory instruction encountered, adding to LSQ.
 130000: system.cpu.iew.lsq.thread0: Inserting load PC (0x401079=>0x40107b).(0=>1), idx:6 [sn:660]
 130000: system.cpu.iq: Adding instruction [sn:660] PC (0x401079=>0x40107b).(0=>1) to the IQ.
 130000: system.cpu.iq: Instruction PC (0x401079=>0x40107b).(0=>1) has src reg 85 (integer) that became ready before it reached the IQ.
 130000: global: [sn:660] has 3 ready out of 4 sources. RTI 0)
 130000: system.cpu.iq: Instruction PC (0x401079=>0x40107b).(0=>1) has src reg 96 (integer) that is being added to the dependency chain.
 130000: memdepentry: Memory dependency entry created. memdep_count=12 (0x401079=>0x40107b).(0=>1)
 130000: system.cpu.memDep0: No dependency for inst PC (0x401079=>0x40107b).(0=>1) [sn:660].
 130000: system.cpu.iew: [tid:0] Issue: Adding PC (0x401079=>0x40107b).(1=>2) [sn:670] [tid:0] to IQ.
 130000: system.cpu.iq: Adding instruction [sn:670] PC (0x401079=>0x40107b).(1=>2) to the IQ.
 130000: system.cpu.iq: Instruction PC (0x401079=>0x40107b).(1=>2) has src reg 97 (integer) that is being added to the dependency chain.
 130000: system.cpu.iq: Instruction PC (0x401079=>0x40107b).(1=>2) has src reg 85 (integer) that became ready before it reached the IQ.
 130000: global: [sn:670] has 6 ready out of 8 sources. RTI 0)
 130000: system.cpu.iq: Instruction PC (0x401079=>0x40107b).(1=>2) has src reg 97 (integer) that is being added to the dependency chain.
 130000: system.cpu.iew: [tid:0] Issue: Adding PC (0x401079=>0x40107b).(2=>3) [sn:680] [tid:0] to IQ.
 130000: system.cpu.iew: [tid:0] Issue: Memory instruction encountered, adding to LSQ.
 130000: system.cpu.iew.lsq.thread0: Inserting store PC (0x401079=>0x40107b).(2=>3), idx:6 [sn:680]
 130000: system.cpu.iq: Adding instruction [sn:680] PC (0x401079=>0x40107b).(2=>3) to the IQ.
 130000: system.cpu.iq: Instruction PC (0x401079=>0x40107b).(2=>3) has src reg 85 (integer) that became ready before it reached the IQ.
 130000: global: [sn:680] has 3 ready out of 4 sources. RTI 0)
 130000: system.cpu.iq: Instruction PC (0x401079=>0x40107b).(2=>3) has src reg 98 (integer) that is being added to the dependency chain.
 130000: memdepentry: Memory dependency entry created. memdep_count=13 (0x401079=>0x40107b).(2=>3)
 130000: system.cpu.memDep0: No dependency for inst PC (0x401079=>0x40107b).(2=>3) [sn:680].
 130000: system.cpu.memDep0: Inserting store/atomic PC (0x401079=>0x40107b).(2=>3) [sn:680].
 130000: system.cpu.iew: Execute: Executing instructions from IQ.
 130000: system.cpu.iew: Execute: Processing PC (0x40104b=>0x40104f).(1=>2), [tid:0] [sn:340].
 130000: global: RegFile: Access to int register 70, has data 0x10e
 130000: global: RegFile: Setting int register 72 to 0x10e
 130000: system.cpu.iew: Current wb cycle: 0, width: 12, numInst: 0
wbActual:0
 130000: system.cpu.iew: Execute: Executing instructions from IQ.
 130000: system.cpu.iew: Execute: Processing PC (0x40104b=>0x40104f).(2=>3), [tid:0] [sn:350].
 130000: global: RegFile: Access to int register 71, has data 0
 130000: system.cpu.iew: Current wb cycle: 0, width: 12, numInst: 1
wbActual:1
 130000: system.cpu: Activity: 11
 130000: system.cpu.iew: Sending instructions to commit, [sn:340] PC (0x40104b=>0x40104f).(1=>2).
 130000: system.cpu.iq: Waking dependents of completed instruction.
 130000: system.cpu.iq: Waking any dependents on register 72 (integer).
 130000: system.cpu.iq: Waking up a dependent instruction, [sn:420] PC (0x401057=>0x40105b).(0=>1).
 130000: global: [sn:420] has 4 ready out of 6 sources. RTI 0)
 130000: system.cpu.iew: Setting Destination Register 72 (integer)
 130000: system.cpu.scoreboard: Setting reg 72 (integer) as ready
 130000: system.cpu.iew: Sending instructions to commit, [sn:350] PC (0x40104b=>0x40104f).(2=>3).
 130000: system.cpu.iq: Waking dependents of completed instruction.
 130000: system.cpu.iq: Reg 4294967295 [invalid] is part of a fix mapping, skipping
 130000: system.cpu.iew: Setting Destination Register 4294967295 (invalid)
 130000: system.cpu.iq: Attempting to schedule ready instructions from the IQ.
 130000: system.cpu.iq: Not able to schedule any instructions.
 130000: system.cpu.iew: Processing [tid:0]
 130000: system.cpu.iew.lsq.thread0: LQ size: 192, #loads occupied: 7
 130000: system.cpu.iew.lsq.thread0: SQ size: 114, #stores occupied: 6
 130000: system.cpu.iew: [tid:0], Dispatch dispatched 6 instructions.
 130000: system.cpu.iew.lsq.thread0: SQ size: 114, #stores occupied: 6
 130000: system.cpu.iew.lsq.thread0: LQ size: 192, #loads occupied: 7
 130000: system.cpu.iew: IQ has 177 free entries (Can schedule: 0).  LQ has 185 free entries. SQ has 108 free entries.
 130000: system.cpu.iew: Activity this cycle.
 130000: system.cpu.commit: Getting instructions from Rename stage.
 130000: system.cpu.commit: [tid:0] [sn:690] Inserting PC (0x40107b=>0x40107d).(0=>1) into ROB.
 130000: system.cpu.rob: Adding inst PC (0x40107b=>0x40107d).(0=>1) to the ROB.
 130000: system.cpu.rob: [tid:0] Now has 37 instructions.
 130000: system.cpu.commit: [tid:0] [sn:700] Inserting PC (0x40107b=>0x40107d).(1=>2) into ROB.
 130000: system.cpu.rob: Adding inst PC (0x40107b=>0x40107d).(1=>2) to the ROB.
 130000: system.cpu.rob: [tid:0] Now has 38 instructions.
 130000: system.cpu.commit: [tid:0] [sn:710] Inserting PC (0x40107b=>0x40107d).(2=>3) into ROB.
 130000: system.cpu.rob: Adding inst PC (0x40107b=>0x40107d).(2=>3) to the ROB.
 130000: system.cpu.rob: [tid:0] Now has 39 instructions.
 130000: system.cpu.commit: [tid:0] [sn:720] Inserting PC (0x40107d=>0x40107f).(0=>1) into ROB.
 130000: system.cpu.rob: Adding inst PC (0x40107d=>0x40107f).(0=>1) to the ROB.
 130000: system.cpu.rob: [tid:0] Now has 40 instructions.
 130000: system.cpu.commit: [tid:0] [sn:730] Inserting PC (0x40107d=>0x40107f).(1=>2) into ROB.
 130000: system.cpu.rob: Adding inst PC (0x40107d=>0x40107f).(1=>2) to the ROB.
 130000: system.cpu.rob: [tid:0] Now has 41 instructions.
 130000: system.cpu.commit: [tid:0] [sn:740] Inserting PC (0x40107d=>0x40107f).(2=>3) into ROB.
 130000: system.cpu.rob: Adding inst PC (0x40107d=>0x40107f).(2=>3) to the ROB.
 130000: system.cpu.rob: [tid:0] Now has 42 instructions.
 130000: system.cpu.commit: Trying to commit instructions in the ROB.
 130000: system.cpu.commit: [tid:0] Marking PC (0x40105f=>0x401063).(1=>2), [sn:470] ready within ROB.
 130000: system.cpu.commit: [tid:0] Marking PC (0x40106f=>0x401071).(0=>1), [sn:510] ready within ROB.
 130000: system.cpu.commit: [tid:0] Marking PC (0x40104b=>0x40104f).(0=>1), [sn:330] ready within ROB.
 130000: system.cpu.commit: [tid:0] Instruction [sn:330] PC (0x40104b=>0x40104f).(0=>1) is head of ROB and ready to commit
 130000: system.cpu.commit: [tid:0] ROB has 42 insts & 470 free entries.
 130000: system.cpu.commit: Activity This Cycle.
 130000: system.cpu.commit: Activating stage.
 130000: system.cpu: Activity: 12
 130000: system.cpu: Scheduling next tick!
 131000: system.cpu: 

O3CPU: Ticking main, O3CPU.
 131000: system.cpu.fetch: Running stage.
 131000: system.cpu.fetch: There are no more threads available to fetch from.
 131000: system.cpu.fetch: [tid:0] Fetch is waiting cache response!
 131000: system.cpu.decode: Processing [tid:0]
 131000: system.cpu.decode: [tid:0] Bypass moves from Rename: 0
 131000: system.cpu.decode: [tid:0] Not blocked, so attempting to run stage.
 131000: system.cpu.decode: [tid:0] Nothing to do, breaking out early.
 131000: system.cpu.rename: Processing [tid:0]
 131000: system.cpu.rename: [tid:0] Free IQ: 177, Free ROB: 470, Free LQ: 185, Free SQ: 108, FreeRM 63(440 464 511 1022 63 8 2531)
 131000: system.cpu.rename: [tid:0] 12 instructions not yet in ROB
 131000: system.cpu.rename: calcFreeLQEntries: free lqEntries: 185, loadsInProgress: 4, loads dispatchedToLQ: 2
 131000: system.cpu.rename: [tid:0] Not blocked, so attempting to run stage.
 131000: system.cpu.rename: [tid:0] Nothing to do, breaking out early.
 131000: system.cpu.iew: Issue: Processing [tid:0]
 131000: system.cpu.iew: [tid:0] Not blocked, so attempting to run dispatch.
 131000: system.cpu.iew: [tid:0] Issue: Adding PC (0x40107b=>0x40107d).(0=>1) [sn:690] [tid:0] to IQ.
 131000: system.cpu.iew: [tid:0] Issue: Memory instruction encountered, adding to LSQ.
 131000: system.cpu.iew.lsq.thread0: Inserting load PC (0x40107b=>0x40107d).(0=>1), idx:7 [sn:690]
 131000: system.cpu.iq: Adding instruction [sn:690] PC (0x40107b=>0x40107d).(0=>1) to the IQ.
 131000: system.cpu.iq: Instruction PC (0x40107b=>0x40107d).(0=>1) has src reg 98 (integer) that is being added to the dependency chain.
 131000: memdepentry: Memory dependency entry created. memdep_count=14 (0x40107b=>0x40107d).(0=>1)
 131000: system.cpu.memDep0: No dependency for inst PC (0x40107b=>0x40107d).(0=>1) [sn:690].
 131000: system.cpu.iew: [tid:0] Issue: Adding PC (0x40107b=>0x40107d).(1=>2) [sn:700] [tid:0] to IQ.
 131000: system.cpu.iq: Adding instruction [sn:700] PC (0x40107b=>0x40107d).(1=>2) to the IQ.
 131000: system.cpu.iq: Instruction PC (0x40107b=>0x40107d).(1=>2) has src reg 99 (integer) that is being added to the dependency chain.
 131000: system.cpu.iq: Instruction PC (0x40107b=>0x40107d).(1=>2) has src reg 99 (integer) that is being added to the dependency chain.
 131000: system.cpu.iew: [tid:0] Issue: Adding PC (0x40107b=>0x40107d).(2=>3) [sn:710] [tid:0] to IQ.
 131000: system.cpu.iew: [tid:0] Issue: Memory instruction encountered, adding to LSQ.
 131000: system.cpu.iew.lsq.thread0: Inserting store PC (0x40107b=>0x40107d).(2=>3), idx:7 [sn:710]
 131000: system.cpu.iq: Adding instruction [sn:710] PC (0x40107b=>0x40107d).(2=>3) to the IQ.
 131000: system.cpu.iq: Instruction PC (0x40107b=>0x40107d).(2=>3) has src reg 100 (integer) that is being added to the dependency chain.
 131000: memdepentry: Memory dependency entry created. memdep_count=15 (0x40107b=>0x40107d).(2=>3)
 131000: system.cpu.memDep0: No dependency for inst PC (0x40107b=>0x40107d).(2=>3) [sn:710].
 131000: system.cpu.memDep0: Inserting store/atomic PC (0x40107b=>0x40107d).(2=>3) [sn:710].
 131000: system.cpu.iew: [tid:0] Issue: Adding PC (0x40107d=>0x40107f).(0=>1) [sn:720] [tid:0] to IQ.
 131000: system.cpu.iew: [tid:0] Issue: Memory instruction encountered, adding to LSQ.
 131000: system.cpu.iew.lsq.thread0: Inserting load PC (0x40107d=>0x40107f).(0=>1), idx:8 [sn:720]
 131000: system.cpu.iq: Adding instruction [sn:720] PC (0x40107d=>0x40107f).(0=>1) to the IQ.
 131000: system.cpu.iq: Instruction PC (0x40107d=>0x40107f).(0=>1) has src reg 100 (integer) that is being added to the dependency chain.
 131000: memdepentry: Memory dependency entry created. memdep_count=16 (0x40107d=>0x40107f).(0=>1)
 131000: system.cpu.memDep0: No dependency for inst PC (0x40107d=>0x40107f).(0=>1) [sn:720].
 131000: system.cpu.iew: [tid:0] Issue: Adding PC (0x40107d=>0x40107f).(1=>2) [sn:730] [tid:0] to IQ.
 131000: system.cpu.iq: Adding instruction [sn:730] PC (0x40107d=>0x40107f).(1=>2) to the IQ.
 131000: system.cpu.iq: Instruction PC (0x40107d=>0x40107f).(1=>2) has src reg 101 (integer) that is being added to the dependency chain.
 131000: system.cpu.iq: Instruction PC (0x40107d=>0x40107f).(1=>2) has src reg 101 (integer) that is being added to the dependency chain.
 131000: system.cpu.iew: [tid:0] Issue: Adding PC (0x40107d=>0x40107f).(2=>3) [sn:740] [tid:0] to IQ.
 131000: system.cpu.iew: [tid:0] Issue: Memory instruction encountered, adding to LSQ.
 131000: system.cpu.iew.lsq.thread0: Inserting store PC (0x40107d=>0x40107f).(2=>3), idx:8 [sn:740]
 131000: system.cpu.iq: Adding instruction [sn:740] PC (0x40107d=>0x40107f).(2=>3) to the IQ.
 131000: system.cpu.iq: Instruction PC (0x40107d=>0x40107f).(2=>3) has src reg 102 (integer) that is being added to the dependency chain.
 131000: memdepentry: Memory dependency entry created. memdep_count=17 (0x40107d=>0x40107f).(2=>3)
 131000: system.cpu.memDep0: No dependency for inst PC (0x40107d=>0x40107f).(2=>3) [sn:740].
 131000: system.cpu.memDep0: Inserting store/atomic PC (0x40107d=>0x40107f).(2=>3) [sn:740].
 131000: system.cpu.iq: Attempting to schedule ready instructions from the IQ.
 131000: system.cpu.iq: Not able to schedule any instructions.
 131000: system.cpu.iew: Processing [tid:0]
 131000: system.cpu.iew: [tid:0], Dispatch dispatched 6 instructions.
 131000: system.cpu.iew.lsq.thread0: SQ size: 114, #stores occupied: 8
 131000: system.cpu.iew.lsq.thread0: LQ size: 192, #loads occupied: 9
 131000: system.cpu.iew: IQ has 171 free entries (Can schedule: 0).  LQ has 183 free entries. SQ has 106 free entries.
 131000: system.cpu.commit: Getting instructions from Rename stage.
 131000: system.cpu.commit: Trying to commit instructions in the ROB.
 131000: system.cpu.commit: Trying to commit head instruction, [tid:0] [sn:330]
 131000: system.cpu.commit: [tid:0] [sn:330] Committing instruction with PC (0x40104b=>0x40104f).(0=>1)
 131000: system.cpu.rob: [tid:0] Retiring head instruction, instruction PC (0x40104b=>0x40104f).(0=>1), [sn:330]
 131000: system.cpu: Removing committed instruction [tid:0] PC (0x40104b=>0x40104f).(0=>1) [sn:330]
 131000: system.cpu.commit: [tid:0] Marking PC (0x40104b=>0x40104f).(1=>2), [sn:340] ready within ROB.
 131000: system.cpu.commit: [tid:0] Marking PC (0x40104b=>0x40104f).(2=>3), [sn:350] ready within ROB.
 131000: system.cpu.commit: [tid:0] Instruction [sn:340] PC (0x40104b=>0x40104f).(1=>2) is head of ROB and ready to commit
 131000: system.cpu.commit: [tid:0] ROB has 41 insts & 471 free entries.
 131000: system.cpu.commit: Activity This Cycle.
 131000: system.cpu: Activity: 13
 131000: system.cpu: Removing instruction, [tid:0] [sn:330] PC (0x40104b=>0x40104f).(0=>1)
 131000: system.cpu: Scheduling next tick!
 131000: system.cpu.iq: Processing FU completion [sn:360]
 131000: system.cpu: CPU already running.
 132000: system.cpu: 

O3CPU: Ticking main, O3CPU.
 132000: system.cpu.fetch: Running stage.
 132000: system.cpu.fetch: There are no more threads available to fetch from.
 132000: system.cpu.fetch: [tid:0] Fetch is waiting cache response!
 132000: system.cpu.decode: Processing [tid:0]
 132000: system.cpu.decode: [tid:0] Bypass moves from Rename: 0
 132000: system.cpu.decode: [tid:0] Not blocked, so attempting to run stage.
 132000: system.cpu.decode: [tid:0] Nothing to do, breaking out early.
 132000: system.cpu.rename: Processing [tid:0]
 132000: system.cpu.rename: [tid:0] Free IQ: 177, Free ROB: 471, Free LQ: 185, Free SQ: 108, FreeRM 63(440 464 511 1022 63 8 2531)
 132000: system.cpu.rename: [tid:0] 6 instructions not yet in ROB
 132000: system.cpu.rename: calcFreeLQEntries: free lqEntries: 185, loadsInProgress: 2, loads dispatchedToLQ: 2
 132000: system.cpu.rename: [tid:0] Not blocked, so attempting to run stage.
 132000: system.cpu.rename: [tid:0] Nothing to do, breaking out early.
 132000: system.cpu.rename: [tid:0] Removing a committed instruction from the history buffer 0 (size=95), until [sn:330].
 132000: system.cpu.rename: [tid:0] Freeing up older rename of reg 33 (integer), [sn:330].
 132000: system.cpu.rename: [tid:0] Freeing up older rename of reg 34 (integer), [sn:330].
 132000: system.cpu.rename: [tid:0] Freeing up older rename of reg 38 (condition_code), [sn:330].
 132000: system.cpu.rename: [tid:0] Freeing up older rename of reg 4294967295 (invalid), [sn:330].
 132000: system.cpu.iew: Issue: Processing [tid:0]
 132000: system.cpu.iew: [tid:0] Not blocked, so attempting to run dispatch.
 132000: system.cpu.iew: Execute: Executing instructions from IQ.
 132000: system.cpu.iew: Execute: Processing PC (0x40104f=>0x401053).(0=>1), [tid:0] [sn:360].
 132000: global: RegFile: Access to int register 69, has data 0x18
 132000: global: RegFile: Access to int register 67, has data 0x15
 132000: global: RegFile: Access to int register 70, has data 0x10e
 132000: global: RegFile: Access to int register 71, has data 0
 132000: global: RegFile: Setting int register 73 to 0x1f8
 132000: global: RegFile: Setting int register 74 to 0
 132000: global: RegFile: Setting cc register 40 to 0
 132000: system.cpu.iew: Current wb cycle: 0, width: 12, numInst: 0
wbActual:0
 132000: system.cpu: Activity: 14
 132000: system.cpu.iew: Sending instructions to commit, [sn:360] PC (0x40104f=>0x401053).(0=>1).
 132000: system.cpu.iq: Waking dependents of completed instruction.
 132000: system.cpu.iq: Waking any dependents on register 73 (integer).
 132000: system.cpu.iq: Waking up a dependent instruction, [sn:390] PC (0x401053=>0x401057).(0=>1).
 132000: global: [sn:390] has 4 ready out of 6 sources. RTI 0)
 132000: system.cpu.iq: Waking up a dependent instruction, [sn:370] PC (0x40104f=>0x401053).(1=>2).
 132000: global: [sn:370] has 1 ready out of 1 sources. RTI 0)
 132000: system.cpu.iq: Instruction is ready to issue, putting it onto the ready list, PC (0x40104f=>0x401053).(1=>2) opclass:1 [sn:370].
 132000: system.cpu.iq: Waking any dependents on register 74 (integer).
 132000: system.cpu.iq: Waking up a dependent instruction, [sn:390] PC (0x401053=>0x401057).(0=>1).
 132000: global: [sn:390] has 5 ready out of 6 sources. RTI 0)
 132000: system.cpu.iq: Waking up a dependent instruction, [sn:380] PC (0x40104f=>0x401053).(2=>3).
 132000: global: [sn:380] has 1 ready out of 1 sources. RTI 0)
 132000: system.cpu.iq: Instruction is ready to issue, putting it onto the ready list, PC (0x40104f=>0x401053).(2=>3) opclass:1 [sn:380].
 132000: system.cpu.iq: Waking any dependents on register 40 (condition_code).
 132000: system.cpu.iq: Reg 4294967295 [invalid] is part of a fix mapping, skipping
 132000: system.cpu.iew: Setting Destination Register 73 (integer)
 132000: system.cpu.scoreboard: Setting reg 73 (integer) as ready
 132000: system.cpu.iew: Setting Destination Register 74 (integer)
 132000: system.cpu.scoreboard: Setting reg 74 (integer) as ready
 132000: system.cpu.iew: Setting Destination Register 40 (condition_code)
 132000: system.cpu.scoreboard: Setting reg 40 (condition_code) as ready
 132000: system.cpu.iew: Setting Destination Register 4294967295 (invalid)
 132000: system.cpu.iq: Attempting to schedule ready instructions from the IQ.
 132000: system.cpu.iq: Thread 0: Issuing instruction PC (0x40104f=>0x401053).(1=>2) [sn:370]
 132000: system.cpu.iq: Thread 0: Issuing instruction PC (0x40104f=>0x401053).(2=>3) [sn:380]
 132000: system.cpu.iew: Processing [tid:0]
 132000: system.cpu.iq: [tid:0] Committing instructions older than [sn:330]
 132000: system.cpu.iew.lsq.thread0: LQ size: 192, #loads occupied: 9
 132000: system.cpu.iew.lsq.thread0: SQ size: 114, #stores occupied: 8
 132000: system.cpu.iew: [tid:0], Dispatch dispatched 0 instructions.
 132000: system.cpu.iew.lsq.thread0: SQ size: 114, #stores occupied: 8
 132000: system.cpu.iew.lsq.thread0: LQ size: 192, #loads occupied: 9
 132000: system.cpu.iew: IQ has 173 free entries (Can schedule: 0).  LQ has 183 free entries. SQ has 106 free entries.
 132000: system.cpu.iew: Activity this cycle.
 132000: system.cpu.commit: Getting instructions from Rename stage.
 132000: system.cpu.commit: Trying to commit instructions in the ROB.
 132000: system.cpu.commit: Trying to commit head instruction, [tid:0] [sn:340]
 132000: system.cpu.commit: [tid:0] [sn:340] Committing instruction with PC (0x40104b=>0x40104f).(1=>2)
 132000: system.cpu.rob: [tid:0] Retiring head instruction, instruction PC (0x40104b=>0x40104f).(1=>2), [sn:340]
 132000: system.cpu: Removing committed instruction [tid:0] PC (0x40104b=>0x40104f).(1=>2) [sn:340]
 132000: system.cpu.commit: Trying to commit head instruction, [tid:0] [sn:350]
 132000: system.cpu.commit: [tid:0] [sn:350] Committing instruction with PC (0x40104b=>0x40104f).(2=>3)
 132000: system.cpu.rob: [tid:0] Retiring head instruction, instruction PC (0x40104b=>0x40104f).(2=>3), [sn:350]
 132000: system.cpu: Removing committed instruction [tid:0] PC (0x40104b=>0x40104f).(2=>3) [sn:350]
 132000: system.cpu.commit: [tid:0] Can't commit, Instruction [sn:360] PC (0x40104f=>0x401053).(0=>1) is head of ROB and not ready
 132000: system.cpu.commit: [tid:0] ROB has 39 insts & 473 free entries.
 132000: system.cpu.commit: Activity This Cycle.
 132000: system.cpu.commit: Deactivating stage.
 132000: system.cpu: Activity: 13
 132000: system.cpu: Removing instruction, [tid:0] [sn:340] PC (0x40104b=>0x40104f).(1=>2)
 132000: system.cpu: Removing instruction, [tid:0] [sn:350] PC (0x40104b=>0x40104f).(2=>3)
 132000: system.cpu: Scheduling next tick!
 133000: system.cpu: CPU already running.
 133000: global: RegFile: Setting int register 82 to 0xfeed
 133000: system.cpu.iew: Current wb cycle: 0, width: 12, numInst: 0
wbActual:0
 133000: system.cpu.iew: Activity this cycle.
 133000: system.cpu: Activity: 14
 133000: system.cpu: 

O3CPU: Ticking main, O3CPU.
 133000: system.cpu.fetch: Running stage.
 133000: system.cpu.fetch: There are no more threads available to fetch from.
 133000: system.cpu.fetch: [tid:0] Fetch is waiting cache response!
 133000: system.cpu.decode: Processing [tid:0]
 133000: system.cpu.decode: [tid:0] Bypass moves from Rename: 0
 133000: system.cpu.decode: [tid:0] Not blocked, so attempting to run stage.
 133000: system.cpu.decode: [tid:0] Nothing to do, breaking out early.
 133000: system.cpu.rename: Processing [tid:0]
 133000: system.cpu.rename: [tid:0] Free IQ: 173, Free ROB: 473, Free LQ: 183, Free SQ: 106, FreeRM 63(442 464 511 1022 63 8 2532)
 133000: system.cpu.rename: [tid:0] 0 instructions not yet in ROB
 133000: system.cpu.rename: calcFreeLQEntries: free lqEntries: 183, loadsInProgress: 0, loads dispatchedToLQ: 0
 133000: system.cpu.rename: [tid:0] Not blocked, so attempting to run stage.
 133000: system.cpu.rename: [tid:0] Nothing to do, breaking out early.
 133000: system.cpu.rename: [tid:0] Removing a committed instruction from the history buffer 0 (size=91), until [sn:350].
 133000: system.cpu.rename: [tid:0] Freeing up older rename of reg 65 (integer), [sn:340].
 133000: system.cpu.rename: [tid:0] Freeing up older rename of reg 4294967295 (invalid), [sn:350].
 133000: system.cpu.iew: Issue: Processing [tid:0]
 133000: system.cpu.iew: [tid:0] Not blocked, so attempting to run dispatch.
 133000: system.cpu.iew: Execute: Executing instructions from IQ.
 133000: system.cpu.iew: Execute: Processing PC (0x40104f=>0x401053).(1=>2), [tid:0] [sn:370].
 133000: global: RegFile: Access to int register 73, has data 0x1f8
 133000: global: RegFile: Setting int register 75 to 0x1f8
 133000: system.cpu.iew: Current wb cycle: 0, width: 12, numInst: 1
wbActual:1
 133000: system.cpu.iew: Execute: Executing instructions from IQ.
 133000: system.cpu.iew: Execute: Processing PC (0x40104f=>0x401053).(2=>3), [tid:0] [sn:380].
 133000: global: RegFile: Access to int register 74, has data 0
 133000: system.cpu.iew: Current wb cycle: 0, width: 12, numInst: 2
wbActual:2
 133000: system.cpu.iew: Sending instructions to commit, [sn:450] PC (0x40105b=>0x40105f).(0=>1).
 133000: system.cpu.iq: Waking dependents of completed instruction.
 133000: system.cpu.memDep0: Completed mem instruction PC (0x40105b=>0x40105f).(0=>1) [sn:450].
 133000: memdepentry: Memory dependency entry deleted. memdep_count=16 (0x40105b=>0x40105f).(0=>1)
 133000: system.cpu.iq: Completing mem instruction PC: (0x40105b=>0x40105f).(0=>1) [sn:450]
 133000: system.cpu.iq: Waking any dependents on register 82 (integer).
 133000: system.cpu.iew: Setting Destination Register 82 (integer)
 133000: system.cpu.scoreboard: Setting reg 82 (integer) as ready
 133000: system.cpu.iew: Sending instructions to commit, [sn:370] PC (0x40104f=>0x401053).(1=>2).
 133000: system.cpu.iq: Waking dependents of completed instruction.
 133000: system.cpu.iq: Waking any dependents on register 75 (integer).
 133000: system.cpu.iq: Waking up a dependent instruction, [sn:390] PC (0x401053=>0x401057).(0=>1).
 133000: global: [sn:390] has 6 ready out of 6 sources. RTI 0)
 133000: system.cpu.iq: Instruction is ready to issue, putting it onto the ready list, PC (0x401053=>0x401057).(0=>1) opclass:2 [sn:390].
 133000: system.cpu.iew: Setting Destination Register 75 (integer)
 133000: system.cpu.scoreboard: Setting reg 75 (integer) as ready
 133000: system.cpu.iew: Sending instructions to commit, [sn:380] PC (0x40104f=>0x401053).(2=>3).
 133000: system.cpu.iq: Waking dependents of completed instruction.
 133000: system.cpu.iq: Reg 4294967295 [invalid] is part of a fix mapping, skipping
 133000: system.cpu.iew: Setting Destination Register 4294967295 (invalid)
 133000: system.cpu.iq: Attempting to schedule ready instructions from the IQ.
 133000: system.cpu.iq: Thread 0: Issuing instruction PC (0x401053=>0x401057).(0=>1) [sn:390]
 133000: system.cpu.iew: Processing [tid:0]
 133000: system.cpu.iq: [tid:0] Committing instructions older than [sn:350]
 133000: system.cpu.iew.lsq.thread0: LQ size: 192, #loads occupied: 9
 133000: system.cpu.iew.lsq.thread0: SQ size: 114, #stores occupied: 8
 133000: system.cpu.iew: [tid:0], Dispatch dispatched 0 instructions.
 133000: system.cpu.iew.lsq.thread0: SQ size: 114, #stores occupied: 8
 133000: system.cpu.iew.lsq.thread0: LQ size: 192, #loads occupied: 9
 133000: system.cpu.iew: IQ has 175 free entries (Can schedule: 0).  LQ has 183 free entries. SQ has 106 free entries.
 133000: system.cpu.iew: Activity this cycle.
 133000: system.cpu.commit: Getting instructions from Rename stage.
 133000: system.cpu.commit: Trying to commit instructions in the ROB.
 133000: system.cpu.commit: [tid:0] Marking PC (0x40104f=>0x401053).(0=>1), [sn:360] ready within ROB.
 133000: system.cpu.commit: [tid:0] Instruction [sn:360] PC (0x40104f=>0x401053).(0=>1) is head of ROB and ready to commit
 133000: system.cpu.commit: [tid:0] ROB has 39 insts & 473 free entries.
 133000: system.cpu.commit: Activating stage.
 133000: system.cpu: Activity: 15
 133000: system.cpu: Scheduling next tick!
 134000: system.cpu: 

O3CPU: Ticking main, O3CPU.
 134000: system.cpu.fetch: Running stage.
 134000: system.cpu.fetch: There are no more threads available to fetch from.
 134000: system.cpu.fetch: [tid:0] Fetch is waiting cache response!
 134000: system.cpu.decode: Processing [tid:0]
 134000: system.cpu.decode: [tid:0] Bypass moves from Rename: 0
 134000: system.cpu.decode: [tid:0] Not blocked, so attempting to run stage.
 134000: system.cpu.decode: [tid:0] Nothing to do, breaking out early.
 134000: system.cpu.rename: Processing [tid:0]
 134000: system.cpu.rename: [tid:0] Free IQ: 175, Free ROB: 473, Free LQ: 183, Free SQ: 106, FreeRM 63(443 464 511 1022 63 8 2532)
 134000: system.cpu.rename: [tid:0] 0 instructions not yet in ROB
 134000: system.cpu.rename: calcFreeLQEntries: free lqEntries: 183, loadsInProgress: 0, loads dispatchedToLQ: 0
 134000: system.cpu.rename: [tid:0] Not blocked, so attempting to run stage.
 134000: system.cpu.rename: [tid:0] Nothing to do, breaking out early.
 134000: system.cpu.iew: Issue: Processing [tid:0]
 134000: system.cpu.iew: [tid:0] Not blocked, so attempting to run dispatch.
 134000: system.cpu.iq: Attempting to schedule ready instructions from the IQ.
 134000: system.cpu.iq: Not able to schedule any instructions.
 134000: system.cpu.iew: Processing [tid:0]
 134000: system.cpu.iew.lsq.thread0: LQ size: 192, #loads occupied: 9
 134000: system.cpu.iew.lsq.thread0: SQ size: 114, #stores occupied: 8
 134000: system.cpu.iew: [tid:0], Dispatch dispatched 0 instructions.
 134000: system.cpu.iew.lsq.thread0: SQ size: 114, #stores occupied: 8
 134000: system.cpu.iew.lsq.thread0: LQ size: 192, #loads occupied: 9
 134000: system.cpu.iew: IQ has 175 free entries (Can schedule: 0).  LQ has 183 free entries. SQ has 106 free entries.
 134000: system.cpu.iew: Activity this cycle.
 134000: system.cpu: Activity: 16
 134000: system.cpu.commit: Getting instructions from Rename stage.
 134000: system.cpu.commit: Trying to commit instructions in the ROB.
 134000: system.cpu.commit: Trying to commit head instruction, [tid:0] [sn:360]
 134000: system.cpu.commit: [tid:0] [sn:360] Committing instruction with PC (0x40104f=>0x401053).(0=>1)
 134000: system.cpu.rob: [tid:0] Retiring head instruction, instruction PC (0x40104f=>0x401053).(0=>1), [sn:360]
 134000: system.cpu: Removing committed instruction [tid:0] PC (0x40104f=>0x401053).(0=>1) [sn:360]
 134000: system.cpu.commit: [tid:0] Marking PC (0x40105b=>0x40105f).(0=>1), [sn:450] ready within ROB.
 134000: system.cpu.commit: [tid:0] Marking PC (0x40104f=>0x401053).(1=>2), [sn:370] ready within ROB.
 134000: system.cpu.commit: [tid:0] Marking PC (0x40104f=>0x401053).(2=>3), [sn:380] ready within ROB.
 134000: system.cpu.commit: [tid:0] Instruction [sn:370] PC (0x40104f=>0x401053).(1=>2) is head of ROB and ready to commit
 134000: system.cpu.commit: [tid:0] ROB has 38 insts & 474 free entries.
 134000: system.cpu.commit: Activity This Cycle.
 134000: system.cpu: Removing instruction, [tid:0] [sn:360] PC (0x40104f=>0x401053).(0=>1)
 134000: system.cpu: Scheduling next tick!
 135000: system.cpu: 

O3CPU: Ticking main, O3CPU.
 135000: system.cpu.fetch: Running stage.
 135000: system.cpu.fetch: There are no more threads available to fetch from.
 135000: system.cpu.fetch: [tid:0] Fetch is waiting cache response!
 135000: system.cpu.decode: Processing [tid:0]
 135000: system.cpu.decode: [tid:0] Bypass moves from Rename: 0
 135000: system.cpu.decode: [tid:0] Not blocked, so attempting to run stage.
 135000: system.cpu.decode: [tid:0] Nothing to do, breaking out early.
 135000: system.cpu.rename: Processing [tid:0]
 135000: system.cpu.rename: [tid:0] Free IQ: 175, Free ROB: 474, Free LQ: 183, Free SQ: 106, FreeRM 63(443 464 511 1022 63 8 2532)
 135000: system.cpu.rename: [tid:0] 0 instructions not yet in ROB
 135000: system.cpu.rename: calcFreeLQEntries: free lqEntries: 183, loadsInProgress: 0, loads dispatchedToLQ: 0
 135000: system.cpu.rename: [tid:0] Not blocked, so attempting to run stage.
 135000: system.cpu.rename: [tid:0] Nothing to do, breaking out early.
 135000: system.cpu.rename: [tid:0] Removing a committed instruction from the history buffer 0 (size=89), until [sn:360].
 135000: system.cpu.rename: [tid:0] Freeing up older rename of reg 70 (integer), [sn:360].
 135000: system.cpu.rename: [tid:0] Freeing up older rename of reg 71 (integer), [sn:360].
 135000: system.cpu.rename: [tid:0] Freeing up older rename of reg 39 (condition_code), [sn:360].
 135000: system.cpu.rename: [tid:0] Freeing up older rename of reg 4294967295 (invalid), [sn:360].
 135000: system.cpu.iew: Issue: Processing [tid:0]
 135000: system.cpu.iew: [tid:0] Not blocked, so attempting to run dispatch.
 135000: system.cpu.iq: Attempting to schedule ready instructions from the IQ.
 135000: system.cpu.iq: Not able to schedule any instructions.
 135000: system.cpu.iew: Processing [tid:0]
 135000: system.cpu.iq: [tid:0] Committing instructions older than [sn:360]
 135000: system.cpu.iew: [tid:0], Dispatch dispatched 0 instructions.
 135000: system.cpu.iew.lsq.thread0: SQ size: 114, #stores occupied: 8
 135000: system.cpu.iew.lsq.thread0: LQ size: 192, #loads occupied: 9
 135000: system.cpu.iew: IQ has 175 free entries (Can schedule: 0).  LQ has 183 free entries. SQ has 106 free entries.
 135000: system.cpu.commit: Getting instructions from Rename stage.
 135000: system.cpu.commit: Trying to commit instructions in the ROB.
 135000: system.cpu.commit: Trying to commit head instruction, [tid:0] [sn:370]
 135000: system.cpu.commit: [tid:0] [sn:370] Committing instruction with PC (0x40104f=>0x401053).(1=>2)
 135000: system.cpu.rob: [tid:0] Retiring head instruction, instruction PC (0x40104f=>0x401053).(1=>2), [sn:370]
 135000: system.cpu: Removing committed instruction [tid:0] PC (0x40104f=>0x401053).(1=>2) [sn:370]
 135000: system.cpu.commit: Trying to commit head instruction, [tid:0] [sn:380]
 135000: system.cpu.commit: [tid:0] [sn:380] Committing instruction with PC (0x40104f=>0x401053).(2=>3)
 135000: system.cpu.rob: [tid:0] Retiring head instruction, instruction PC (0x40104f=>0x401053).(2=>3), [sn:380]
 135000: system.cpu: Removing committed instruction [tid:0] PC (0x40104f=>0x401053).(2=>3) [sn:380]
 135000: system.cpu.commit: [tid:0] Can't commit, Instruction [sn:390] PC (0x401053=>0x401057).(0=>1) is head of ROB and not ready
 135000: system.cpu.commit: [tid:0] ROB has 36 insts & 476 free entries.
 135000: system.cpu.commit: Activity This Cycle.
 135000: system.cpu: Activity: 17
 135000: system.cpu.commit: Deactivating stage.
 135000: system.cpu: Activity: 16
 135000: system.cpu: Removing instruction, [tid:0] [sn:370] PC (0x40104f=>0x401053).(1=>2)
 135000: system.cpu: Removing instruction, [tid:0] [sn:380] PC (0x40104f=>0x401053).(2=>3)
 135000: system.cpu: Scheduling next tick!
 135000: system.cpu.iq: Processing FU completion [sn:390]
 135000: system.cpu: CPU already running.
 136000: system.cpu: 

O3CPU: Ticking main, O3CPU.
 136000: system.cpu.fetch: Running stage.
 136000: system.cpu.fetch: There are no more threads available to fetch from.
 136000: system.cpu.fetch: [tid:0] Fetch is waiting cache response!
 136000: system.cpu.decode: Processing [tid:0]
 136000: system.cpu.decode: [tid:0] Bypass moves from Rename: 0
 136000: system.cpu.decode: [tid:0] Not blocked, so attempting to run stage.
 136000: system.cpu.decode: [tid:0] Nothing to do, breaking out early.
 136000: system.cpu.rename: Processing [tid:0]
 136000: system.cpu.rename: [tid:0] Free IQ: 175, Free ROB: 476, Free LQ: 183, Free SQ: 106, FreeRM 63(445 464 511 1022 63 8 2533)
 136000: system.cpu.rename: [tid:0] 0 instructions not yet in ROB
 136000: system.cpu.rename: calcFreeLQEntries: free lqEntries: 183, loadsInProgress: 0, loads dispatchedToLQ: 0
 136000: system.cpu.rename: [tid:0] Not blocked, so attempting to run stage.
 136000: system.cpu.rename: [tid:0] Nothing to do, breaking out early.
 136000: system.cpu.rename: [tid:0] Removing a committed instruction from the history buffer 0 (size=85), until [sn:380].
 136000: system.cpu.rename: [tid:0] Freeing up older rename of reg 69 (integer), [sn:370].
 136000: system.cpu.rename: [tid:0] Freeing up older rename of reg 4294967295 (invalid), [sn:380].
 136000: system.cpu.iew: Issue: Processing [tid:0]
 136000: system.cpu.iew: [tid:0] Not blocked, so attempting to run dispatch.
 136000: system.cpu.iew: Execute: Executing instructions from IQ.
 136000: system.cpu.iew: Execute: Processing PC (0x401053=>0x401057).(0=>1), [tid:0] [sn:390].
 136000: global: RegFile: Access to int register 75, has data 0x1f8
 136000: global: RegFile: Access to int register 63, has data 0xf
 136000: global: RegFile: Access to int register 73, has data 0x1f8
 136000: global: RegFile: Access to int register 74, has data 0
 136000: global: RegFile: Setting int register 76 to 0x1d88
 136000: global: RegFile: Setting int register 77 to 0
 136000: global: RegFile: Setting cc register 41 to 0
 136000: system.cpu.iew: Current wb cycle: 0, width: 12, numInst: 0
wbActual:0
 136000: system.cpu: Activity: 17
 136000: system.cpu.iew: Sending instructions to commit, [sn:390] PC (0x401053=>0x401057).(0=>1).
 136000: system.cpu.iq: Waking dependents of completed instruction.
 136000: system.cpu.iq: Waking any dependents on register 76 (integer).
 136000: system.cpu.iq: Waking up a dependent instruction, [sn:420] PC (0x401057=>0x40105b).(0=>1).
 136000: global: [sn:420] has 5 ready out of 6 sources. RTI 0)
 136000: system.cpu.iq: Waking up a dependent instruction, [sn:400] PC (0x401053=>0x401057).(1=>2).
 136000: global: [sn:400] has 1 ready out of 1 sources. RTI 0)
 136000: system.cpu.iq: Instruction is ready to issue, putting it onto the ready list, PC (0x401053=>0x401057).(1=>2) opclass:1 [sn:400].
 136000: system.cpu.iq: Waking any dependents on register 77 (integer).
 136000: system.cpu.iq: Waking up a dependent instruction, [sn:420] PC (0x401057=>0x40105b).(0=>1).
 136000: global: [sn:420] has 6 ready out of 6 sources. RTI 0)
 136000: system.cpu.iq: Instruction is ready to issue, putting it onto the ready list, PC (0x401057=>0x40105b).(0=>1) opclass:2 [sn:420].
 136000: system.cpu.iq: Waking up a dependent instruction, [sn:410] PC (0x401053=>0x401057).(2=>3).
 136000: global: [sn:410] has 1 ready out of 1 sources. RTI 0)
 136000: system.cpu.iq: Instruction is ready to issue, putting it onto the ready list, PC (0x401053=>0x401057).(2=>3) opclass:1 [sn:410].
 136000: system.cpu.iq: Waking any dependents on register 41 (condition_code).
 136000: system.cpu.iq: Reg 4294967295 [invalid] is part of a fix mapping, skipping
 136000: system.cpu.iew: Setting Destination Register 76 (integer)
 136000: system.cpu.scoreboard: Setting reg 76 (integer) as ready
 136000: system.cpu.iew: Setting Destination Register 77 (integer)
 136000: system.cpu.scoreboard: Setting reg 77 (integer) as ready
 136000: system.cpu.iew: Setting Destination Register 41 (condition_code)
 136000: system.cpu.scoreboard: Setting reg 41 (condition_code) as ready
 136000: system.cpu.iew: Setting Destination Register 4294967295 (invalid)
 136000: system.cpu.iq: Attempting to schedule ready instructions from the IQ.
 136000: system.cpu.iq: Thread 0: Issuing instruction PC (0x401053=>0x401057).(1=>2) [sn:400]
 136000: system.cpu.iq: Thread 0: Issuing instruction PC (0x401053=>0x401057).(2=>3) [sn:410]
 136000: system.cpu.iq: Thread 0: Issuing instruction PC (0x401057=>0x40105b).(0=>1) [sn:420]
 136000: system.cpu.iew: Processing [tid:0]
 136000: system.cpu.iq: [tid:0] Committing instructions older than [sn:380]
 136000: system.cpu.iew.lsq.thread0: LQ size: 192, #loads occupied: 9
 136000: system.cpu.iew.lsq.thread0: SQ size: 114, #stores occupied: 8
 136000: system.cpu.iew: [tid:0], Dispatch dispatched 0 instructions.
 136000: system.cpu.iew.lsq.thread0: SQ size: 114, #stores occupied: 8
 136000: system.cpu.iew.lsq.thread0: LQ size: 192, #loads occupied: 9
 136000: system.cpu.iew: IQ has 178 free entries (Can schedule: 0).  LQ has 183 free entries. SQ has 106 free entries.
 136000: system.cpu.iew: Activity this cycle.
 136000: system.cpu.commit: Getting instructions from Rename stage.
 136000: system.cpu.commit: Trying to commit instructions in the ROB.
 136000: system.cpu.commit: [tid:0] Can't commit, Instruction [sn:390] PC (0x401053=>0x401057).(0=>1) is head of ROB and not ready
 136000: system.cpu.commit: [tid:0] ROB has 36 insts & 476 free entries.
 136000: system.cpu: Scheduling next tick!
 137000: system.cpu: 

O3CPU: Ticking main, O3CPU.
 137000: system.cpu.fetch: Running stage.
 137000: system.cpu.fetch: There are no more threads available to fetch from.
 137000: system.cpu.fetch: [tid:0] Fetch is waiting cache response!
 137000: system.cpu.decode: Processing [tid:0]
 137000: system.cpu.decode: [tid:0] Bypass moves from Rename: 0
 137000: system.cpu.decode: [tid:0] Not blocked, so attempting to run stage.
 137000: system.cpu.decode: [tid:0] Nothing to do, breaking out early.
 137000: system.cpu.rename: Processing [tid:0]
 137000: system.cpu.rename: [tid:0] Free IQ: 178, Free ROB: 476, Free LQ: 183, Free SQ: 106, FreeRM 63(446 464 511 1022 63 8 2533)
 137000: system.cpu.rename: [tid:0] 0 instructions not yet in ROB
 137000: system.cpu.rename: calcFreeLQEntries: free lqEntries: 183, loadsInProgress: 0, loads dispatchedToLQ: 0
 137000: system.cpu.rename: [tid:0] Not blocked, so attempting to run stage.
 137000: system.cpu.rename: [tid:0] Nothing to do, breaking out early.
 137000: system.cpu.iew: Issue: Processing [tid:0]
 137000: system.cpu.iew: [tid:0] Not blocked, so attempting to run dispatch.
 137000: system.cpu.iew: Execute: Executing instructions from IQ.
 137000: system.cpu.iew: Execute: Processing PC (0x401053=>0x401057).(1=>2), [tid:0] [sn:400].
 137000: global: RegFile: Access to int register 76, has data 0x1d88
 137000: global: RegFile: Setting int register 78 to 0x1d88
 137000: system.cpu.iew: Current wb cycle: 0, width: 12, numInst: 0
wbActual:0
 137000: system.cpu.iew: Execute: Executing instructions from IQ.
 137000: system.cpu.iew: Execute: Processing PC (0x401053=>0x401057).(2=>3), [tid:0] [sn:410].
 137000: global: RegFile: Access to int register 77, has data 0
 137000: system.cpu.iew: Current wb cycle: 0, width: 12, numInst: 1
wbActual:1
 137000: system.cpu: Activity: 18
 137000: system.cpu.iew: Sending instructions to commit, [sn:400] PC (0x401053=>0x401057).(1=>2).
 137000: system.cpu.iq: Waking dependents of completed instruction.
 137000: system.cpu.iq: Waking any dependents on register 78 (integer).
 137000: system.cpu.iew: Setting Destination Register 78 (integer)
 137000: system.cpu.scoreboard: Setting reg 78 (integer) as ready
 137000: system.cpu.iew: Sending instructions to commit, [sn:410] PC (0x401053=>0x401057).(2=>3).
 137000: system.cpu.iq: Waking dependents of completed instruction.
 137000: system.cpu.iq: Reg 4294967295 [invalid] is part of a fix mapping, skipping
 137000: system.cpu.iew: Setting Destination Register 4294967295 (invalid)
 137000: system.cpu.iq: Attempting to schedule ready instructions from the IQ.
 137000: system.cpu.iq: Not able to schedule any instructions.
 137000: system.cpu.iew: Processing [tid:0]
 137000: system.cpu.iew.lsq.thread0: LQ size: 192, #loads occupied: 9
 137000: system.cpu.iew.lsq.thread0: SQ size: 114, #stores occupied: 8
 137000: system.cpu.iew: [tid:0], Dispatch dispatched 0 instructions.
 137000: system.cpu.iew.lsq.thread0: SQ size: 114, #stores occupied: 8
 137000: system.cpu.iew.lsq.thread0: LQ size: 192, #loads occupied: 9
 137000: system.cpu.iew: IQ has 178 free entries (Can schedule: 0).  LQ has 183 free entries. SQ has 106 free entries.
 137000: system.cpu.iew: Activity this cycle.
 137000: system.cpu.commit: Getting instructions from Rename stage.
 137000: system.cpu.commit: Trying to commit instructions in the ROB.
 137000: system.cpu.commit: [tid:0] Marking PC (0x401053=>0x401057).(0=>1), [sn:390] ready within ROB.
 137000: system.cpu.commit: [tid:0] Instruction [sn:390] PC (0x401053=>0x401057).(0=>1) is head of ROB and ready to commit
 137000: system.cpu.commit: [tid:0] ROB has 36 insts & 476 free entries.
 137000: system.cpu.commit: Activating stage.
 137000: system.cpu: Activity: 19
O3PipeView:fetch:120000:0x00401047:0:310:  ADD_R_I : limm   t1, 0xc
O3PipeView:decode:121000
O3PipeView:rename:122000
O3PipeView:dispatch:124000
O3PipeView:issue:124000
O3PipeView:complete:125000
O3PipeView:retire:128000:store:0
 137000: global: DynInst: [sn:310] Instruction destroyed. Instcount for system.cpu = 47
O3PipeView:fetch:120000:0x00401043:0:290:  ADD_R_I : limm   t1, 0xb
O3PipeView:decode:121000
O3PipeView:rename:122000
O3PipeView:dispatch:124000
O3PipeView:issue:124000
O3PipeView:complete:125000
O3PipeView:retire:128000:store:0
 137000: global: DynInst: [sn:290] Instruction destroyed. Instcount for system.cpu = 46
O3PipeView:fetch:120000:0x0040103f:0:270:  ADD_R_I : limm   t1, 0xa
O3PipeView:decode:121000
O3PipeView:rename:122000
O3PipeView:dispatch:124000
O3PipeView:issue:124000
O3PipeView:complete:125000
O3PipeView:retire:127000:store:0
 137000: global: DynInst: [sn:270] Instruction destroyed. Instcount for system.cpu = 45
 137000: system.cpu: Scheduling next tick!
 138000: system.cpu: 

O3CPU: Ticking main, O3CPU.
 138000: system.cpu.fetch: Running stage.
 138000: system.cpu.fetch: There are no more threads available to fetch from.
 138000: system.cpu.fetch: [tid:0] Fetch is waiting cache response!
 138000: system.cpu.decode: Processing [tid:0]
 138000: system.cpu.decode: [tid:0] Bypass moves from Rename: 0
 138000: system.cpu.decode: [tid:0] Not blocked, so attempting to run stage.
 138000: system.cpu.decode: [tid:0] Nothing to do, breaking out early.
 138000: system.cpu.rename: Processing [tid:0]
 138000: system.cpu.rename: [tid:0] Free IQ: 178, Free ROB: 476, Free LQ: 183, Free SQ: 106, FreeRM 63(446 464 511 1022 63 8 2533)
 138000: system.cpu.rename: [tid:0] 0 instructions not yet in ROB
 138000: system.cpu.rename: calcFreeLQEntries: free lqEntries: 183, loadsInProgress: 0, loads dispatchedToLQ: 0
 138000: system.cpu.rename: [tid:0] Not blocked, so attempting to run stage.
 138000: system.cpu.rename: [tid:0] Nothing to do, breaking out early.
 138000: system.cpu.iew: Issue: Processing [tid:0]
 138000: system.cpu.iew: [tid:0] Not blocked, so attempting to run dispatch.
 138000: system.cpu.iq: Attempting to schedule ready instructions from the IQ.
 138000: system.cpu.iq: Not able to schedule any instructions.
 138000: system.cpu.iew: Processing [tid:0]
 138000: system.cpu.iew: [tid:0], Dispatch dispatched 0 instructions.
 138000: system.cpu.iew.lsq.thread0: SQ size: 114, #stores occupied: 8
 138000: system.cpu.iew.lsq.thread0: LQ size: 192, #loads occupied: 9
 138000: system.cpu.iew: IQ has 178 free entries (Can schedule: 0).  LQ has 183 free entries. SQ has 106 free entries.
 138000: system.cpu.commit: Getting instructions from Rename stage.
 138000: system.cpu.commit: Trying to commit instructions in the ROB.
 138000: system.cpu.commit: Trying to commit head instruction, [tid:0] [sn:390]
 138000: system.cpu.commit: [tid:0] [sn:390] Committing instruction with PC (0x401053=>0x401057).(0=>1)
 138000: system.cpu.rob: [tid:0] Retiring head instruction, instruction PC (0x401053=>0x401057).(0=>1), [sn:390]
 138000: system.cpu: Removing committed instruction [tid:0] PC (0x401053=>0x401057).(0=>1) [sn:390]
 138000: system.cpu.commit: [tid:0] Marking PC (0x401053=>0x401057).(1=>2), [sn:400] ready within ROB.
 138000: system.cpu.commit: [tid:0] Marking PC (0x401053=>0x401057).(2=>3), [sn:410] ready within ROB.
 138000: system.cpu.commit: [tid:0] Instruction [sn:400] PC (0x401053=>0x401057).(1=>2) is head of ROB and ready to commit
 138000: system.cpu.commit: [tid:0] ROB has 35 insts & 477 free entries.
 138000: system.cpu.commit: Activity This Cycle.
 138000: system.cpu: Activity: 20
O3PipeView:fetch:120000:0x00401047:1:320:  ADD_R_I : add   r11, r11, t1
O3PipeView:decode:121000
O3PipeView:rename:122000
O3PipeView:dispatch:124000
O3PipeView:issue:125000
O3PipeView:complete:126000
O3PipeView:retire:128000:store:0
 138000: global: DynInst: [sn:320] Instruction destroyed. Instcount for system.cpu = 44
O3PipeView:fetch:120000:0x00401043:1:300:  ADD_R_I : add   r10, r10, t1
O3PipeView:decode:121000
O3PipeView:rename:122000
O3PipeView:dispatch:124000
O3PipeView:issue:125000
O3PipeView:complete:126000
O3PipeView:retire:128000:store:0
 138000: global: DynInst: [sn:300] Instruction destroyed. Instcount for system.cpu = 43
O3PipeView:fetch:120000:0x0040103f:1:280:  ADD_R_I : add   r9, r9, t1
O3PipeView:decode:121000
O3PipeView:rename:122000
O3PipeView:dispatch:124000
O3PipeView:issue:125000
O3PipeView:complete:126000
O3PipeView:retire:128000:store:0
 138000: global: DynInst: [sn:280] Instruction destroyed. Instcount for system.cpu = 42
 138000: system.cpu: Removing instruction, [tid:0] [sn:390] PC (0x401053=>0x401057).(0=>1)
 138000: system.cpu: Scheduling next tick!
 138000: system.cpu.iq: Processing FU completion [sn:420]
 138000: system.cpu: CPU already running.
 139000: system.cpu: 

O3CPU: Ticking main, O3CPU.
 139000: system.cpu.fetch: Running stage.
 139000: system.cpu.fetch: There are no more threads available to fetch from.
 139000: system.cpu.fetch: [tid:0] Fetch is waiting cache response!
 139000: system.cpu.decode: Processing [tid:0]
 139000: system.cpu.decode: [tid:0] Bypass moves from Rename: 0
 139000: system.cpu.decode: [tid:0] Not blocked, so attempting to run stage.
 139000: system.cpu.decode: [tid:0] Nothing to do, breaking out early.
 139000: system.cpu.rename: Processing [tid:0]
 139000: system.cpu.rename: [tid:0] Free IQ: 178, Free ROB: 477, Free LQ: 183, Free SQ: 106, FreeRM 63(446 464 511 1022 63 8 2533)
 139000: system.cpu.rename: [tid:0] 0 instructions not yet in ROB
 139000: system.cpu.rename: calcFreeLQEntries: free lqEntries: 183, loadsInProgress: 0, loads dispatchedToLQ: 0
 139000: system.cpu.rename: [tid:0] Not blocked, so attempting to run stage.
 139000: system.cpu.rename: [tid:0] Nothing to do, breaking out early.
 139000: system.cpu.rename: [tid:0] Removing a committed instruction from the history buffer 0 (size=83), until [sn:390].
 139000: system.cpu.rename: [tid:0] Freeing up older rename of reg 73 (integer), [sn:390].
 139000: system.cpu.rename: [tid:0] Freeing up older rename of reg 74 (integer), [sn:390].
 139000: system.cpu.rename: [tid:0] Freeing up older rename of reg 40 (condition_code), [sn:390].
 139000: system.cpu.rename: [tid:0] Freeing up older rename of reg 4294967295 (invalid), [sn:390].
 139000: system.cpu.iew: Issue: Processing [tid:0]
 139000: system.cpu.iew: [tid:0] Not blocked, so attempting to run dispatch.
 139000: system.cpu.iew: Execute: Executing instructions from IQ.
 139000: system.cpu.iew: Execute: Processing PC (0x401057=>0x40105b).(0=>1), [tid:0] [sn:420].
 139000: global: RegFile: Access to int register 67, has data 0x15
 139000: global: RegFile: Access to int register 72, has data 0x10e
 139000: global: RegFile: Access to int register 76, has data 0x1d88
 139000: global: RegFile: Access to int register 77, has data 0
 139000: global: RegFile: Setting int register 79 to 0x1626
 139000: global: RegFile: Setting int register 80 to 0
 139000: global: RegFile: Setting cc register 42 to 0
 139000: system.cpu.iew: Current wb cycle: 0, width: 12, numInst: 0
wbActual:0
 139000: system.cpu: Activity: 21
 139000: system.cpu.iew: Sending instructions to commit, [sn:420] PC (0x401057=>0x40105b).(0=>1).
 139000: system.cpu.iq: Waking dependents of completed instruction.
 139000: system.cpu.iq: Waking any dependents on register 79 (integer).
 139000: system.cpu.iq: Waking up a dependent instruction, [sn:430] PC (0x401057=>0x40105b).(1=>2).
 139000: global: [sn:430] has 1 ready out of 1 sources. RTI 0)
 139000: system.cpu.iq: Instruction is ready to issue, putting it onto the ready list, PC (0x401057=>0x40105b).(1=>2) opclass:1 [sn:430].
 139000: system.cpu.iq: Waking any dependents on register 80 (integer).
 139000: system.cpu.iq: Waking up a dependent instruction, [sn:440] PC (0x401057=>0x40105b).(2=>3).
 139000: global: [sn:440] has 1 ready out of 1 sources. RTI 0)
 139000: system.cpu.iq: Instruction is ready to issue, putting it onto the ready list, PC (0x401057=>0x40105b).(2=>3) opclass:1 [sn:440].
 139000: system.cpu.iq: Waking any dependents on register 42 (condition_code).
 139000: system.cpu.iq: Reg 4294967295 [invalid] is part of a fix mapping, skipping
 139000: system.cpu.iew: Setting Destination Register 79 (integer)
 139000: system.cpu.scoreboard: Setting reg 79 (integer) as ready
 139000: system.cpu.iew: Setting Destination Register 80 (integer)
 139000: system.cpu.scoreboard: Setting reg 80 (integer) as ready
 139000: system.cpu.iew: Setting Destination Register 42 (condition_code)
 139000: system.cpu.scoreboard: Setting reg 42 (condition_code) as ready
 139000: system.cpu.iew: Setting Destination Register 4294967295 (invalid)
 139000: system.cpu.iq: Attempting to schedule ready instructions from the IQ.
 139000: system.cpu.iq: Thread 0: Issuing instruction PC (0x401057=>0x40105b).(1=>2) [sn:430]
 139000: system.cpu.iq: Thread 0: Issuing instruction PC (0x401057=>0x40105b).(2=>3) [sn:440]
 139000: system.cpu.iew: Processing [tid:0]
 139000: system.cpu.iq: [tid:0] Committing instructions older than [sn:390]
 139000: system.cpu.iew.lsq.thread0: LQ size: 192, #loads occupied: 9
 139000: system.cpu.iew.lsq.thread0: SQ size: 114, #stores occupied: 8
 139000: system.cpu.iew: [tid:0], Dispatch dispatched 0 instructions.
 139000: system.cpu.iew.lsq.thread0: SQ size: 114, #stores occupied: 8
 139000: system.cpu.iew.lsq.thread0: LQ size: 192, #loads occupied: 9
 139000: system.cpu.iew: IQ has 180 free entries (Can schedule: 0).  LQ has 183 free entries. SQ has 106 free entries.
 139000: system.cpu.iew: Activity this cycle.
 139000: system.cpu.commit: Getting instructions from Rename stage.
 139000: system.cpu.commit: Trying to commit instructions in the ROB.
 139000: system.cpu.commit: Trying to commit head instruction, [tid:0] [sn:400]
 139000: system.cpu.commit: [tid:0] [sn:400] Committing instruction with PC (0x401053=>0x401057).(1=>2)
 139000: system.cpu.rob: [tid:0] Retiring head instruction, instruction PC (0x401053=>0x401057).(1=>2), [sn:400]
 139000: system.cpu: Removing committed instruction [tid:0] PC (0x401053=>0x401057).(1=>2) [sn:400]
 139000: system.cpu.commit: Trying to commit head instruction, [tid:0] [sn:410]
 139000: system.cpu.commit: [tid:0] [sn:410] Committing instruction with PC (0x401053=>0x401057).(2=>3)
 139000: system.cpu.rob: [tid:0] Retiring head instruction, instruction PC (0x401053=>0x401057).(2=>3), [sn:410]
 139000: system.cpu: Removing committed instruction [tid:0] PC (0x401053=>0x401057).(2=>3) [sn:410]
 139000: system.cpu.commit: [tid:0] Can't commit, Instruction [sn:420] PC (0x401057=>0x40105b).(0=>1) is head of ROB and not ready
 139000: system.cpu.commit: [tid:0] ROB has 33 insts & 479 free entries.
 139000: system.cpu.commit: Activity This Cycle.
 139000: system.cpu.commit: Deactivating stage.
 139000: system.cpu: Activity: 20
 139000: system.cpu: Removing instruction, [tid:0] [sn:400] PC (0x401053=>0x401057).(1=>2)
 139000: system.cpu: Removing instruction, [tid:0] [sn:410] PC (0x401053=>0x401057).(2=>3)
 139000: system.cpu: Scheduling next tick!
 140000: system.cpu: 

O3CPU: Ticking main, O3CPU.
 140000: system.cpu.fetch: Running stage.
 140000: system.cpu.fetch: There are no more threads available to fetch from.
 140000: system.cpu.fetch: [tid:0] Fetch is waiting cache response!
 140000: system.cpu.decode: Processing [tid:0]
 140000: system.cpu.decode: [tid:0] Bypass moves from Rename: 0
 140000: system.cpu.decode: [tid:0] Not blocked, so attempting to run stage.
 140000: system.cpu.decode: [tid:0] Nothing to do, breaking out early.
 140000: system.cpu.rename: Processing [tid:0]
 140000: system.cpu.rename: [tid:0] Free IQ: 180, Free ROB: 479, Free LQ: 183, Free SQ: 106, FreeRM 63(448 464 511 1022 63 8 2534)
 140000: system.cpu.rename: [tid:0] 0 instructions not yet in ROB
 140000: system.cpu.rename: calcFreeLQEntries: free lqEntries: 183, loadsInProgress: 0, loads dispatchedToLQ: 0
 140000: system.cpu.rename: [tid:0] Not blocked, so attempting to run stage.
 140000: system.cpu.rename: [tid:0] Nothing to do, breaking out early.
 140000: system.cpu.rename: [tid:0] Removing a committed instruction from the history buffer 0 (size=79), until [sn:410].
 140000: system.cpu.rename: [tid:0] Freeing up older rename of reg 75 (integer), [sn:400].
 140000: system.cpu.rename: [tid:0] Freeing up older rename of reg 4294967295 (invalid), [sn:410].
 140000: system.cpu.iew: Issue: Processing [tid:0]
 140000: system.cpu.iew: [tid:0] Not blocked, so attempting to run dispatch.
 140000: system.cpu.iew: Execute: Executing instructions from IQ.
 140000: system.cpu.iew: Execute: Processing PC (0x401057=>0x40105b).(1=>2), [tid:0] [sn:430].
 140000: global: RegFile: Access to int register 79, has data 0x1626
 140000: global: RegFile: Setting int register 81 to 0x1626
 140000: system.cpu.iew: Current wb cycle: 0, width: 12, numInst: 0
wbActual:0
 140000: system.cpu.iew: Execute: Executing instructions from IQ.
 140000: system.cpu.iew: Execute: Processing PC (0x401057=>0x40105b).(2=>3), [tid:0] [sn:440].
 140000: global: RegFile: Access to int register 80, has data 0
 140000: system.cpu.iew: Current wb cycle: 0, width: 12, numInst: 1
wbActual:1
 140000: system.cpu: Activity: 21
 140000: system.cpu.iew: Sending instructions to commit, [sn:430] PC (0x401057=>0x40105b).(1=>2).
 140000: system.cpu.iq: Waking dependents of completed instruction.
 140000: system.cpu.iq: Waking any dependents on register 81 (integer).
 140000: system.cpu.iew: Setting Destination Register 81 (integer)
 140000: system.cpu.scoreboard: Setting reg 81 (integer) as ready
 140000: system.cpu.iew: Sending instructions to commit, [sn:440] PC (0x401057=>0x40105b).(2=>3).
 140000: system.cpu.iq: Waking dependents of completed instruction.
 140000: system.cpu.iq: Reg 4294967295 [invalid] is part of a fix mapping, skipping
 140000: system.cpu.iew: Setting Destination Register 4294967295 (invalid)
 140000: system.cpu.iq: Attempting to schedule ready instructions from the IQ.
 140000: system.cpu.iq: Not able to schedule any instructions.
 140000: system.cpu.iew: Processing [tid:0]
 140000: system.cpu.iq: [tid:0] Committing instructions older than [sn:410]
 140000: system.cpu.iew.lsq.thread0: LQ size: 192, #loads occupied: 9
 140000: system.cpu.iew.lsq.thread0: SQ size: 114, #stores occupied: 8
 140000: system.cpu.iew: [tid:0], Dispatch dispatched 0 instructions.
 140000: system.cpu.iew.lsq.thread0: SQ size: 114, #stores occupied: 8
 140000: system.cpu.iew.lsq.thread0: LQ size: 192, #loads occupied: 9
 140000: system.cpu.iew: IQ has 180 free entries (Can schedule: 0).  LQ has 183 free entries. SQ has 106 free entries.
 140000: system.cpu.iew: Activity this cycle.
 140000: system.cpu.commit: Getting instructions from Rename stage.
 140000: system.cpu.commit: Trying to commit instructions in the ROB.
 140000: system.cpu.commit: [tid:0] Marking PC (0x401057=>0x40105b).(0=>1), [sn:420] ready within ROB.
 140000: system.cpu.commit: [tid:0] Instruction [sn:420] PC (0x401057=>0x40105b).(0=>1) is head of ROB and ready to commit
 140000: system.cpu.commit: [tid:0] ROB has 33 insts & 479 free entries.
 140000: system.cpu.commit: Activating stage.
 140000: system.cpu: Activity: 22
 140000: system.cpu: Scheduling next tick!
 141000: system.cpu: 

O3CPU: Ticking main, O3CPU.
 141000: system.cpu.fetch: Running stage.
 141000: system.cpu.fetch: There are no more threads available to fetch from.
 141000: system.cpu.fetch: [tid:0] Fetch is waiting cache response!
 141000: system.cpu.decode: Processing [tid:0]
 141000: system.cpu.decode: [tid:0] Bypass moves from Rename: 0
 141000: system.cpu.decode: [tid:0] Not blocked, so attempting to run stage.
 141000: system.cpu.decode: [tid:0] Nothing to do, breaking out early.
 141000: system.cpu.rename: Processing [tid:0]
 141000: system.cpu.rename: [tid:0] Free IQ: 180, Free ROB: 479, Free LQ: 183, Free SQ: 106, FreeRM 63(449 464 511 1022 63 8 2534)
 141000: system.cpu.rename: [tid:0] 0 instructions not yet in ROB
 141000: system.cpu.rename: calcFreeLQEntries: free lqEntries: 183, loadsInProgress: 0, loads dispatchedToLQ: 0
 141000: system.cpu.rename: [tid:0] Not blocked, so attempting to run stage.
 141000: system.cpu.rename: [tid:0] Nothing to do, breaking out early.
 141000: system.cpu.iew: Issue: Processing [tid:0]
 141000: system.cpu.iew: [tid:0] Not blocked, so attempting to run dispatch.
 141000: system.cpu.iq: Attempting to schedule ready instructions from the IQ.
 141000: system.cpu.iq: Not able to schedule any instructions.
 141000: system.cpu.iew: Processing [tid:0]
 141000: system.cpu.iew.lsq.thread0: LQ size: 192, #loads occupied: 9
 141000: system.cpu.iew.lsq.thread0: SQ size: 114, #stores occupied: 8
 141000: system.cpu.iew: [tid:0], Dispatch dispatched 0 instructions.
 141000: system.cpu.iew.lsq.thread0: SQ size: 114, #stores occupied: 8
 141000: system.cpu.iew.lsq.thread0: LQ size: 192, #loads occupied: 9
 141000: system.cpu.iew: IQ has 180 free entries (Can schedule: 0).  LQ has 183 free entries. SQ has 106 free entries.
 141000: system.cpu.iew: Activity this cycle.
 141000: system.cpu: Activity: 23
 141000: system.cpu.commit: Getting instructions from Rename stage.
 141000: system.cpu.commit: Trying to commit instructions in the ROB.
 141000: system.cpu.commit: Trying to commit head instruction, [tid:0] [sn:420]
 141000: system.cpu.commit: [tid:0] [sn:420] Committing instruction with PC (0x401057=>0x40105b).(0=>1)
 141000: system.cpu.rob: [tid:0] Retiring head instruction, instruction PC (0x401057=>0x40105b).(0=>1), [sn:420]
 141000: system.cpu: Removing committed instruction [tid:0] PC (0x401057=>0x40105b).(0=>1) [sn:420]
 141000: system.cpu.commit: [tid:0] Marking PC (0x401057=>0x40105b).(1=>2), [sn:430] ready within ROB.
 141000: system.cpu.commit: [tid:0] Marking PC (0x401057=>0x40105b).(2=>3), [sn:440] ready within ROB.
 141000: system.cpu.commit: [tid:0] Instruction [sn:430] PC (0x401057=>0x40105b).(1=>2) is head of ROB and ready to commit
 141000: system.cpu.commit: [tid:0] ROB has 32 insts & 480 free entries.
 141000: system.cpu.commit: Activity This Cycle.
O3PipeView:fetch:121000:0x0040104b:0:330:  IMUL_R_R : mul1s   r9, r8
O3PipeView:decode:122000
O3PipeView:rename:123000
O3PipeView:dispatch:125000
O3PipeView:issue:126000
O3PipeView:complete:129000
O3PipeView:retire:131000:store:0
 141000: global: DynInst: [sn:330] Instruction destroyed. Instcount for system.cpu = 41
 141000: system.cpu: Removing instruction, [tid:0] [sn:420] PC (0x401057=>0x40105b).(0=>1)
 141000: system.cpu: Scheduling next tick!
 142000: system.cpu: 

O3CPU: Ticking main, O3CPU.
 142000: system.cpu.fetch: Running stage.
 142000: system.cpu.fetch: There are no more threads available to fetch from.
 142000: system.cpu.fetch: [tid:0] Fetch is waiting cache response!
 142000: system.cpu.decode: Processing [tid:0]
 142000: system.cpu.decode: [tid:0] Bypass moves from Rename: 0
 142000: system.cpu.decode: [tid:0] Not blocked, so attempting to run stage.
 142000: system.cpu.decode: [tid:0] Nothing to do, breaking out early.
 142000: system.cpu.rename: Processing [tid:0]
 142000: system.cpu.rename: [tid:0] Free IQ: 180, Free ROB: 480, Free LQ: 183, Free SQ: 106, FreeRM 63(449 464 511 1022 63 8 2534)
 142000: system.cpu.rename: [tid:0] 0 instructions not yet in ROB
 142000: system.cpu.rename: calcFreeLQEntries: free lqEntries: 183, loadsInProgress: 0, loads dispatchedToLQ: 0
 142000: system.cpu.rename: [tid:0] Not blocked, so attempting to run stage.
 142000: system.cpu.rename: [tid:0] Nothing to do, breaking out early.
 142000: system.cpu.rename: [tid:0] Removing a committed instruction from the history buffer 0 (size=77), until [sn:420].
 142000: system.cpu.rename: [tid:0] Freeing up older rename of reg 76 (integer), [sn:420].
 142000: system.cpu.rename: [tid:0] Freeing up older rename of reg 77 (integer), [sn:420].
 142000: system.cpu.rename: [tid:0] Freeing up older rename of reg 41 (condition_code), [sn:420].
 142000: system.cpu.rename: [tid:0] Freeing up older rename of reg 4294967295 (invalid), [sn:420].
 142000: system.cpu.iew: Issue: Processing [tid:0]
 142000: system.cpu.iew: [tid:0] Not blocked, so attempting to run dispatch.
 142000: system.cpu.iq: Attempting to schedule ready instructions from the IQ.
 142000: system.cpu.iq: Not able to schedule any instructions.
 142000: system.cpu.iew: Processing [tid:0]
 142000: system.cpu.iq: [tid:0] Committing instructions older than [sn:420]
 142000: system.cpu.iew: [tid:0], Dispatch dispatched 0 instructions.
 142000: system.cpu.iew.lsq.thread0: SQ size: 114, #stores occupied: 8
 142000: system.cpu.iew.lsq.thread0: LQ size: 192, #loads occupied: 9
 142000: system.cpu.iew: IQ has 180 free entries (Can schedule: 0).  LQ has 183 free entries. SQ has 106 free entries.
 142000: system.cpu.commit: Getting instructions from Rename stage.
 142000: system.cpu.commit: Trying to commit instructions in the ROB.
 142000: system.cpu.commit: Trying to commit head instruction, [tid:0] [sn:430]
 142000: system.cpu.commit: [tid:0] [sn:430] Committing instruction with PC (0x401057=>0x40105b).(1=>2)
 142000: system.cpu.rob: [tid:0] Retiring head instruction, instruction PC (0x401057=>0x40105b).(1=>2), [sn:430]
 142000: system.cpu: Removing committed instruction [tid:0] PC (0x401057=>0x40105b).(1=>2) [sn:430]
 142000: system.cpu.commit: Trying to commit head instruction, [tid:0] [sn:440]
 142000: system.cpu.commit: [tid:0] [sn:440] Committing instruction with PC (0x401057=>0x40105b).(2=>3)
 142000: system.cpu.rob: [tid:0] Retiring head instruction, instruction PC (0x401057=>0x40105b).(2=>3), [sn:440]
 142000: system.cpu: Removing committed instruction [tid:0] PC (0x401057=>0x40105b).(2=>3) [sn:440]
 142000: system.cpu.commit: Trying to commit head instruction, [tid:0] [sn:450]
 142000: system.cpu.commit: [tid:0] [sn:450] Committing instruction with PC (0x40105b=>0x40105f).(0=>1)
 142000: system.cpu.rob: [tid:0] Retiring head instruction, instruction PC (0x40105b=>0x40105f).(0=>1), [sn:450]
 142000: system.cpu: Removing committed instruction [tid:0] PC (0x40105b=>0x40105f).(0=>1) [sn:450]
 142000: system.cpu.memDep0: Committing instruction PC 0x40105b [sn:450].
 142000: system.cpu.commit: Trying to commit head instruction, [tid:0] [sn:460]
 142000: system.cpu.commit: [tid:0] [sn:460] Committing instruction with PC (0x40105f=>0x401063).(0=>1)
 142000: system.cpu.rob: [tid:0] Retiring head instruction, instruction PC (0x40105f=>0x401063).(0=>1), [sn:460]
 142000: system.cpu: Removing committed instruction [tid:0] PC (0x40105f=>0x401063).(0=>1) [sn:460]
 142000: system.cpu.commit: Trying to commit head instruction, [tid:0] [sn:470]
 142000: system.cpu.commit: [tid:0] [sn:470] Committing instruction with PC (0x40105f=>0x401063).(1=>2)
 142000: system.cpu.rob: [tid:0] Retiring head instruction, instruction PC (0x40105f=>0x401063).(1=>2), [sn:470]
 142000: system.cpu: Removing committed instruction [tid:0] PC (0x40105f=>0x401063).(1=>2) [sn:470]
 142000: system.cpu.commit: Trying to commit head instruction, [tid:0] [sn:480]
 142000: system.cpu.commit: [tid:0] [sn:480] Committing instruction with PC (0x401063=>0x40106a).(0=>1)
 142000: system.cpu.rob: [tid:0] Retiring head instruction, instruction PC (0x401063=>0x40106a).(0=>1), [sn:480]
 142000: system.cpu: Removing committed instruction [tid:0] PC (0x401063=>0x40106a).(0=>1) [sn:480]
 142000: system.cpu.commit: [tid:0] Instruction [sn:490] PC (0x40106a=>0x40106d).(0=>1) is head of ROB and ready to commit
 142000: system.cpu.commit: [tid:0] ROB has 26 insts & 486 free entries.
 142000: system.cpu.commit: Activity This Cycle.
 142000: system.cpu: Activity: 24
O3PipeView:fetch:121000:0x0040104b:2:350:  IMUL_R_R : muleh   t0, t0
O3PipeView:decode:122000
O3PipeView:rename:123000
O3PipeView:dispatch:125000
O3PipeView:issue:129000
O3PipeView:complete:130000
O3PipeView:retire:132000:store:0
 142000: global: DynInst: [sn:350] Instruction destroyed. Instcount for system.cpu = 40
O3PipeView:fetch:121000:0x0040104b:1:340:  IMUL_R_R : mulel   r9, r9
O3PipeView:decode:122000
O3PipeView:rename:123000
O3PipeView:dispatch:125000
O3PipeView:issue:129000
O3PipeView:complete:130000
O3PipeView:retire:132000:store:0
 142000: global: DynInst: [sn:340] Instruction destroyed. Instcount for system.cpu = 39
 142000: system.cpu: Removing instruction, [tid:0] [sn:430] PC (0x401057=>0x40105b).(1=>2)
 142000: system.cpu: Removing instruction, [tid:0] [sn:440] PC (0x401057=>0x40105b).(2=>3)
 142000: system.cpu: Removing instruction, [tid:0] [sn:450] PC (0x40105b=>0x40105f).(0=>1)
 142000: system.cpu: Removing instruction, [tid:0] [sn:460] PC (0x40105f=>0x401063).(0=>1)
 142000: system.cpu: Removing instruction, [tid:0] [sn:470] PC (0x40105f=>0x401063).(1=>2)
 142000: system.cpu: Removing instruction, [tid:0] [sn:480] PC (0x401063=>0x40106a).(0=>1)
 142000: system.cpu: Scheduling next tick!
 143000: system.cpu: 

O3CPU: Ticking main, O3CPU.
 143000: system.cpu.fetch: Running stage.
 143000: system.cpu.fetch: There are no more threads available to fetch from.
 143000: system.cpu.fetch: [tid:0] Fetch is waiting cache response!
 143000: system.cpu.decode: Processing [tid:0]
 143000: system.cpu.decode: [tid:0] Bypass moves from Rename: 0
 143000: system.cpu.decode: [tid:0] Not blocked, so attempting to run stage.
 143000: system.cpu.decode: [tid:0] Nothing to do, breaking out early.
 143000: system.cpu.rename: Processing [tid:0]
 143000: system.cpu.rename: [tid:0] Free IQ: 180, Free ROB: 486, Free LQ: 183, Free SQ: 106, FreeRM 63(451 464 511 1022 63 8 2535)
 143000: system.cpu.rename: [tid:0] 0 instructions not yet in ROB
 143000: system.cpu.rename: calcFreeLQEntries: free lqEntries: 183, loadsInProgress: 0, loads dispatchedToLQ: 0
 143000: system.cpu.rename: [tid:0] Not blocked, so attempting to run stage.
 143000: system.cpu.rename: [tid:0] Nothing to do, breaking out early.
 143000: system.cpu.rename: [tid:0] Removing a committed instruction from the history buffer 0 (size=73), until [sn:480].
 143000: system.cpu.rename: [tid:0] Freeing up older rename of reg 67 (integer), [sn:430].
 143000: system.cpu.rename: [tid:0] Freeing up older rename of reg 4294967295 (invalid), [sn:440].
 143000: system.cpu.rename: [tid:0] Freeing up older rename of reg 3 (integer), [sn:450].
 143000: system.cpu.rename: [tid:0] Freeing up older rename of reg 68 (integer), [sn:460].
 143000: system.cpu.rename: [tid:0] Freeing up older rename of reg 40 (integer), [sn:470].
 143000: system.cpu.rename: [tid:0] Freeing up older rename of reg 37 (condition_code), [sn:470].
 143000: system.cpu.rename: [tid:0] Freeing up older rename of reg 42 (condition_code), [sn:470].
 143000: system.cpu.rename: [tid:0] Freeing up older rename of reg 4294967295 (invalid), [sn:470].
 143000: system.cpu.rename: [tid:0] Freeing up older rename of reg 4294967295 (invalid), [sn:470].
 143000: system.cpu.rename: [tid:0] Freeing up older rename of reg 4294967295 (invalid), [sn:470].
 143000: system.cpu.rename: [tid:0] Freeing up older rename of reg 41 (integer), [sn:480].
 143000: system.cpu.iew: Issue: Processing [tid:0]
 143000: system.cpu.iew: [tid:0] Not blocked, so attempting to run dispatch.
 143000: system.cpu.iq: Attempting to schedule ready instructions from the IQ.
 143000: system.cpu.iq: Not able to schedule any instructions.
 143000: system.cpu.iew: Processing [tid:0]
 143000: system.cpu.iew.lsq.thread0: Committing head load instruction, PC (0x40105b=>0x40105f).(0=>1)
 143000: system.cpu.iq: [tid:0] Committing instructions older than [sn:480]
O3PipeView:fetch:123000:0x0040105f:0:460:  ADD_R_I : limm   t1, 0x8
O3PipeView:decode:124000
O3PipeView:rename:125000
O3PipeView:dispatch:127000
O3PipeView:issue:127000
O3PipeView:complete:128000
O3PipeView:retire:142000:store:0
 143000: global: DynInst: [sn:460] Instruction destroyed. Instcount for system.cpu = 38
O3PipeView:fetch:123000:0x0040105f:1:470:  ADD_R_I : add   rsp, rsp, t1
O3PipeView:decode:124000
O3PipeView:rename:125000
O3PipeView:dispatch:127000
O3PipeView:issue:128000
O3PipeView:complete:129000
O3PipeView:retire:142000:store:0
 143000: global: DynInst: [sn:470] Instruction destroyed. Instcount for system.cpu = 37
O3PipeView:fetch:123000:0x00401063:0:480:  MOV_R_I : limm   rax, 0x3c
O3PipeView:decode:124000
O3PipeView:rename:125000
O3PipeView:dispatch:127000
O3PipeView:issue:127000
O3PipeView:complete:128000
O3PipeView:retire:142000:store:0
 143000: global: DynInst: [sn:480] Instruction destroyed. Instcount for system.cpu = 36
 143000: system.cpu.iew.lsq.thread0: LQ size: 192, #loads occupied: 8
 143000: system.cpu.iew.lsq.thread0: SQ size: 114, #stores occupied: 8
 143000: system.cpu.iew: [tid:0], Dispatch dispatched 0 instructions.
 143000: system.cpu.iew.lsq.thread0: SQ size: 114, #stores occupied: 8
 143000: system.cpu.iew.lsq.thread0: LQ size: 192, #loads occupied: 8
 143000: system.cpu.iew: IQ has 180 free entries (Can schedule: 0).  LQ has 184 free entries. SQ has 106 free entries.
 143000: system.cpu.iew: Activity this cycle.
 143000: system.cpu: Activity: 25
 143000: system.cpu.commit: Getting instructions from Rename stage.
 143000: system.cpu.commit: Trying to commit instructions in the ROB.
 143000: system.cpu.commit: Trying to commit head instruction, [tid:0] [sn:490]
 143000: system.cpu.commit: [tid:0] [sn:490] Committing instruction with PC (0x40106a=>0x40106d).(0=>1)
 143000: system.cpu.rob: [tid:0] Retiring head instruction, instruction PC (0x40106a=>0x40106d).(0=>1), [sn:490]
 143000: system.cpu: Removing committed instruction [tid:0] PC (0x40106a=>0x40106d).(0=>1) [sn:490]
 143000: system.cpu.commit: Trying to commit head instruction, [tid:0] [sn:500]
 143000: system.cpu.commit: Inst [tid:0] [sn:500] PC (0x40106d=>0x40106f).(0=>1) has a fault
 143000: system.cpu.commit: [tid:0] [sn:500] Stores outstanding, fault must wait.
 143000: system.cpu.commit: Unable to commit head instruction PC:(0x40106d=>0x40106f).(0=>1) [tid:0] [sn:500].
 143000: system.cpu.commit: [tid:0] Instruction [sn:500] PC (0x40106d=>0x40106f).(0=>1) is head of ROB and ready to commit
 143000: system.cpu.commit: [tid:0] ROB has 25 insts & 487 free entries.
 143000: system.cpu.commit: Activity This Cycle.
 143000: system.cpu: Removing instruction, [tid:0] [sn:490] PC (0x40106a=>0x40106d).(0=>1)
 143000: system.cpu: Scheduling next tick!
 144000: system.cpu: 

O3CPU: Ticking main, O3CPU.
 144000: system.cpu.fetch: Running stage.
 144000: system.cpu.fetch: There are no more threads available to fetch from.
 144000: system.cpu.fetch: [tid:0] Fetch is waiting cache response!
 144000: system.cpu.decode: Processing [tid:0]
 144000: system.cpu.decode: [tid:0] Bypass moves from Rename: 0
 144000: system.cpu.decode: [tid:0] Not blocked, so attempting to run stage.
 144000: system.cpu.decode: [tid:0] Nothing to do, breaking out early.
 144000: system.cpu.rename: Processing [tid:0]
 144000: system.cpu.rename: [tid:0] Free IQ: 180, Free ROB: 487, Free LQ: 184, Free SQ: 106, FreeRM 63(456 464 511 1022 63 8 2537)
 144000: system.cpu.rename: [tid:0] 0 instructions not yet in ROB
 144000: system.cpu.rename: calcFreeLQEntries: free lqEntries: 184, loadsInProgress: 0, loads dispatchedToLQ: 0
 144000: system.cpu.rename: [tid:0] Not blocked, so attempting to run stage.
 144000: system.cpu.rename: [tid:0] Nothing to do, breaking out early.
 144000: system.cpu.rename: [tid:0] Removing a committed instruction from the history buffer 0 (size=62), until [sn:490].
 144000: system.cpu.rename: [tid:0] Freeing up older rename of reg 7 (integer), [sn:490].
 144000: system.cpu.rename: [tid:0] Freeing up older rename of reg 43 (condition_code), [sn:490].
 144000: system.cpu.rename: [tid:0] Freeing up older rename of reg 44 (condition_code), [sn:490].
 144000: system.cpu.rename: [tid:0] Freeing up older rename of reg 4294967295 (invalid), [sn:490].
 144000: system.cpu.rename: [tid:0] Freeing up older rename of reg 4294967295 (invalid), [sn:490].
 144000: system.cpu.rename: [tid:0] Freeing up older rename of reg 4294967295 (invalid), [sn:490].
 144000: system.cpu.iew: Issue: Processing [tid:0]
 144000: system.cpu.iew: [tid:0] Not blocked, so attempting to run dispatch.
 144000: system.cpu.iq: Attempting to schedule ready instructions from the IQ.
 144000: system.cpu.iq: Not able to schedule any instructions.
 144000: system.cpu.iew: Processing [tid:0]
 144000: system.cpu.iq: [tid:0] Committing instructions older than [sn:490]
O3PipeView:fetch:123000:0x0040106a:0:490:  XOR_R_R : xor   rdi, rdi, rdi
O3PipeView:decode:124000
O3PipeView:rename:125000
O3PipeView:dispatch:127000
O3PipeView:issue:127000
O3PipeView:complete:128000
O3PipeView:retire:143000:store:0
 144000: global: DynInst: [sn:490] Instruction destroyed. Instcount for system.cpu = 35
 144000: system.cpu.iew.lsq.thread0: LQ size: 192, #loads occupied: 8
 144000: system.cpu.iew.lsq.thread0: SQ size: 114, #stores occupied: 8
 144000: system.cpu.iew: [tid:0], Dispatch dispatched 0 instructions.
 144000: system.cpu.iew.lsq.thread0: SQ size: 114, #stores occupied: 8
 144000: system.cpu.iew.lsq.thread0: LQ size: 192, #loads occupied: 8
 144000: system.cpu.iew: IQ has 180 free entries (Can schedule: 0).  LQ has 184 free entries. SQ has 106 free entries.
 144000: system.cpu.iew: Activity this cycle.
 144000: system.cpu: Activity: 26
 144000: system.cpu.commit: Getting instructions from Rename stage.
 144000: system.cpu.commit: Trying to commit instructions in the ROB.
 144000: system.cpu.commit: Trying to commit head instruction, [tid:0] [sn:500]
 144000: system.cpu.commit: Inst [tid:0] [sn:500] PC (0x40106d=>0x40106f).(0=>1) has a fault
 144000: global: RegFile: Access to int register 85, has data 0x3c
 144000: global: RegFile: Access to int register 86, has data 0
 144000: global: Calling halt on Thread Context 0
 144000: system.cpu: Thread 0 is inserted to exitingThreads list
 144000: global: RegFile: Setting int register 85 to 0
 144000: system.cpu.commit: [tid:0] [sn:500] Committing instruction with fault
 144000: system.cpu.commit: Generating trap event for [tid:0]
 144000: system.cpu.commit: Unable to commit head instruction PC:(0x40106d=>0x40106f).(0=>1) [tid:0] [sn:500].
 144000: system.cpu.commit: [tid:0] Instruction [sn:500] PC (0x40106d=>0x40106f).(0=>1) is head of ROB and ready to commit
 144000: system.cpu.commit: [tid:0] ROB has 25 insts & 487 free entries.
O3PipeView:fetch:121000:0x0040104f:0:360:  IMUL_R_R : mul1s   r11, r10
O3PipeView:decode:122000
O3PipeView:rename:123000
O3PipeView:dispatch:125000
O3PipeView:issue:129000
O3PipeView:complete:132000
O3PipeView:retire:134000:store:0
 144000: global: DynInst: [sn:360] Instruction destroyed. Instcount for system.cpu = 34
 144000: system.cpu: Activity: 25
 144000: system.cpu: Scheduling next tick!
