      0: Creating MemDepUnit 0 object.
      0: Creating MemDepUnit 1 object.
      0: Creating MemDepUnit 2 object.
      0: Creating MemDepUnit 3 object.
      0: system.cpu.iq: IQ sharing policy set to Partitioned:559 entries per thread.
      0: system.cpu.iew.lsq: LSQ sharing policy set to Partitioned: 132 entries per LQ | 72 entries per SQ
      0: system.cpu.iew.lsq.thread0: Creating LSQUnit0 object.
      0: system.cpu.commit: MEM_TRACE_FILE environment variable not set. No predictions loaded.
      0: system.cpu.freelist: Creating new free list object.
      0: system.cpu.rob: ROB sharing policy set to Partitioned
      0: system.cpu: Creating O3CPU object.
      0: system.cpu: Workload[0] process is 0      0: global: Calling activate on Thread Context 0
      0: system.cpu: [tid:0] Calling activate thread.
      0: system.cpu: [tid:0] Adding to active threads list
      0: system.cpu: Activity: 1
      0: system.cpu.fetch: Waking up from quiesce
      0: global: RegFile: Setting int register 4 to 0x7fffffffee30
      0: system.cpu.commit: Generating TC squash event for [tid:0]
      0: system.cpu.fetch: Activating stage.
      0: system.cpu: Activity: 2
      0: system.cpu.iew.lsq.thread0: LQ size: 132, #loads occupied: 0
      0: system.cpu.iew.lsq.thread0: SQ size: 72, #stores occupied: 0
      0: system.cpu: Activity: 3
      0: system.cpu.iew.lsq.thread0: LQ size: 132, #loads occupied: 0
      0: system.cpu.iew.lsq.thread0: SQ size: 72, #stores occupied: 0
      0: system.cpu.rob: Setting active threads list pointer.
      0: system.cpu: Activity: 4
      0: system.cpu: 

O3CPU: Ticking main, O3CPU.
      0: system.cpu.fetch: Running stage.
      0: system.cpu.fetch: Attempting to fetch from [tid:0]
      0: system.cpu.fetch: [tid:0] Attempting to translate and read instruction, starting at PC (0x401000=>0x401008).(0=>1).
      0: system.cpu.fetch: [tid:0] Fetching cache line 0x401000 for addr 0x401000
      0: system.cpu: CPU already running.
      0: system.cpu.fetch: Fetch: Doing instruction read.
      0: system.cpu.fetch: [tid:0] Doing Icache access.
      0: system.cpu.fetch: [tid:0] Activity: Waiting on I-cache response.
      0: system.cpu.fetch: Deactivating stage.
      0: system.cpu: Activity: 3
      0: system.cpu.decode: Processing [tid:0]
      0: system.cpu.decode: [tid:0] Not blocked, so attempting to run stage.
      0: system.cpu.decode: [tid:0] Nothing to do, breaking out early.
      0: system.cpu.rename: Processing [tid:0]
      0: system.cpu.rename: [tid:0] Free IQ: 559, Free ROB: 918, Free LQ: 132, Free SQ: 72, FreeRM 127(879 870 917 1834 127 8 4585)
      0: system.cpu.rename: [tid:0] 0 instructions not yet in ROB
      0: system.cpu.rename: calcFreeLQEntries: free lqEntries: 132, loadsInProgress: 0, loads dispatchedToLQ: 0
      0: system.cpu.rename: [tid:0] Not blocked, so attempting to run stage.
      0: system.cpu.rename: [tid:0] Nothing to do, breaking out early.
      0: system.cpu.iew: Issue: Processing [tid:0]
      0: system.cpu.iew: [tid:0] Not blocked, so attempting to run dispatch.
      0: system.cpu.iq: Attempting to schedule ready instructions from the IQ.
      0: system.cpu.iq: Not able to schedule any instructions.
      0: system.cpu.iew: Processing [tid:0]
      0: system.cpu.iew.lsq.thread0: LQ size: 132, #loads occupied: 0
      0: system.cpu.iew.lsq.thread0: SQ size: 72, #stores occupied: 0
      0: system.cpu.iew: [tid:0], Dispatch dispatched 0 instructions.
      0: system.cpu.iew.lsq.thread0: SQ size: 72, #stores occupied: 0
      0: system.cpu.iew.lsq.thread0: LQ size: 132, #loads occupied: 0
      0: system.cpu.iew: IQ has 559 free entries (Can schedule: 0).  LQ has 132 free entries. SQ has 72 free entries.
      0: system.cpu.iew: IEW switching to idle
      0: system.cpu.iew: Deactivating stage.
      0: system.cpu: Activity: 2
      0: system.cpu.iew: Activity this cycle.
      0: system.cpu.rob: Does not need to squash due to being empty [sn:0]
      0: system.cpu.commit: Squashing from TC, restarting at PC (0x401000=>0x401008).(0=>1)
      0: system.cpu.commit: [tid:0] ROB has 0 insts & 918 free entries.
      0: system.cpu.commit: Activity This Cycle.
      0: system.cpu: Scheduling next tick!
   1000: system.cpu: 

O3CPU: Ticking main, O3CPU.
   1000: system.cpu.fetch: [tid:0] Squashing instructions due to squash from commit.
   1000: system.cpu.fetch: [tid:0] Squash from commit.
   1000: system.cpu.fetch: [tid:0] Squashing, setting PC to: (0x401000=>0x401008).(0=>1).
   1000: system.cpu.fetch: [tid:0] Squashing outstanding Icache miss.
   1000: system.cpu: Thread 0: Deleting instructions from instruction list.
   1000: system.cpu.fetch: Running stage.
   1000: system.cpu.fetch: There are no more threads available to fetch from.
   1000: system.cpu.fetch: [tid:0] Fetch is squashing!
   1000: system.cpu.fetch: [tid:0] Activating stage.
   1000: system.cpu: Activity: 3
   1000: system.cpu.decode: Processing [tid:0]
   1000: system.cpu.decode: [tid:0] Squashing instructions due to squash from commit.
   1000: system.cpu.decode: [tid:0] Squashing.
   1000: system.cpu.rename: Processing [tid:0]
   1000: system.cpu.rename: [tid:0] Free IQ: 559, Free ROB: 918, Free LQ: 132, Free SQ: 72, FreeRM 127(879 870 917 1834 127 8 4585)
   1000: system.cpu.rename: [tid:0] 0 instructions not yet in ROB
   1000: system.cpu.rename: [tid:0] Squashing instructions due to squash from commit.
   1000: system.cpu.rename: [tid:0] [squash sn:0] Squashing instructions.
   1000: system.cpu.iew: Issue: Processing [tid:0]
   1000: system.cpu.iew: [tid:0] Squashing all instructions.
   1000: system.cpu.iq: [tid:0] Starting to squash instructions in the IQ.
   1000: system.cpu.iq: [tid:0] Squashing until sequence number 0!
   1000: system.cpu.iew.lsq.thread0: Squashing until [sn:0]!(Loads:0 Stores:0)
   1000: system.cpu.iew: Removing skidbuffer instructions until [sn:0] [tid:0]
   1000: system.cpu.iew: [tid:0] Removing incoming rename instructions
   1000: system.cpu.iq: Attempting to schedule ready instructions from the IQ.
   1000: system.cpu.iq: Not able to schedule any instructions.
   1000: system.cpu.iew: Processing [tid:0]
   1000: system.cpu.iew.lsq.thread0: LQ size: 132, #loads occupied: 0
   1000: system.cpu.iew.lsq.thread0: SQ size: 72, #stores occupied: 0
   1000: system.cpu.iew: [tid:0], Dispatch dispatched 0 instructions.
   1000: system.cpu.iew.lsq.thread0: SQ size: 72, #stores occupied: 0
   1000: system.cpu.iew.lsq.thread0: LQ size: 132, #loads occupied: 0
   1000: system.cpu.iew: IQ has 559 free entries (Can schedule: 0).  LQ has 132 free entries. SQ has 72 free entries.
   1000: system.cpu.iew: Activity this cycle.
   1000: system.cpu: Activity: 4
   1000: system.cpu.commit: Getting instructions from Rename stage.
   1000: system.cpu.commit: Trying to commit instructions in the ROB.
   1000: system.cpu.commit: [tid:0] ROB has 0 insts & 918 free entries.
   1000: system.cpu.commit: Deactivating stage.
   1000: system.cpu: Activity: 3
   1000: system.cpu: Scheduling next tick!
   2000: system.cpu: 

O3CPU: Ticking main, O3CPU.
   2000: system.cpu.fetch: [tid:0] Done squashing, switching to running.
   2000: system.cpu.fetch: Running stage.
   2000: system.cpu.fetch: Attempting to fetch from [tid:0]
   2000: system.cpu.fetch: [tid:0] Attempting to translate and read instruction, starting at PC (0x401000=>0x401008).(0=>1).
   2000: system.cpu.fetch: [tid:0] Fetching cache line 0x401000 for addr 0x401000
   2000: system.cpu: CPU already running.
   2000: system.cpu.fetch: Fetch: Doing instruction read.
   2000: system.cpu.fetch: [tid:0] Doing Icache access.
   2000: system.cpu.fetch: [tid:0] Activity: Waiting on I-cache response.
   2000: system.cpu.fetch: Deactivating stage.
   2000: system.cpu: Activity: 2
   2000: system.cpu.decode: Processing [tid:0]
   2000: system.cpu.decode: [tid:0] Done squashing, switching to running.
   2000: system.cpu.decode: [tid:0] Not blocked, so attempting to run stage.
   2000: system.cpu.decode: [tid:0] Nothing to do, breaking out early.
   2000: system.cpu.rename: Processing [tid:0]
   2000: system.cpu.rename: [tid:0] Free IQ: 559, Free ROB: 918, Free LQ: 132, Free SQ: 72, FreeRM 127(879 870 917 1834 127 8 4585)
   2000: system.cpu.rename: [tid:0] 0 instructions not yet in ROB
   2000: system.cpu.rename: calcFreeLQEntries: free lqEntries: 132, loadsInProgress: 0, loads dispatchedToLQ: 0
   2000: system.cpu.rename: [tid:0] Done squashing, switching to running.
   2000: system.cpu.rename: [tid:0] Not blocked, so attempting to run stage.
   2000: system.cpu.rename: [tid:0] Nothing to do, breaking out early.
   2000: system.cpu.iew: Issue: Processing [tid:0]
   2000: system.cpu.iew: [tid:0] Done squashing, switching to running.
   2000: system.cpu.iew: [tid:0] Not blocked, so attempting to run dispatch.
   2000: system.cpu.iq: Attempting to schedule ready instructions from the IQ.
   2000: system.cpu.iq: Not able to schedule any instructions.
   2000: system.cpu.iew: Processing [tid:0]
   2000: system.cpu.iew: [tid:0], Dispatch dispatched 0 instructions.
   2000: system.cpu.iew.lsq.thread0: SQ size: 72, #stores occupied: 0
   2000: system.cpu.iew.lsq.thread0: LQ size: 132, #loads occupied: 0
   2000: system.cpu.iew: IQ has 559 free entries (Can schedule: 0).  LQ has 132 free entries. SQ has 72 free entries.
   2000: system.cpu.commit: Getting instructions from Rename stage.
   2000: system.cpu.commit: Trying to commit instructions in the ROB.
   2000: system.cpu.commit: [tid:0] ROB has 0 insts & 918 free entries.
   2000: system.cpu: Scheduling next tick!
   3000: system.cpu: 

O3CPU: Ticking main, O3CPU.
   3000: system.cpu.fetch: Running stage.
   3000: system.cpu.fetch: There are no more threads available to fetch from.
   3000: system.cpu.fetch: [tid:0] Fetch is waiting cache response!
   3000: system.cpu.decode: Processing [tid:0]
   3000: system.cpu.decode: [tid:0] Not blocked, so attempting to run stage.
   3000: system.cpu.decode: [tid:0] Nothing to do, breaking out early.
   3000: system.cpu.rename: Processing [tid:0]
   3000: system.cpu.rename: [tid:0] Free IQ: 559, Free ROB: 918, Free LQ: 132, Free SQ: 72, FreeRM 127(879 870 917 1834 127 8 4585)
   3000: system.cpu.rename: [tid:0] 0 instructions not yet in ROB
   3000: system.cpu.rename: calcFreeLQEntries: free lqEntries: 132, loadsInProgress: 0, loads dispatchedToLQ: 0
   3000: system.cpu.rename: [tid:0] Not blocked, so attempting to run stage.
   3000: system.cpu.rename: [tid:0] Nothing to do, breaking out early.
   3000: system.cpu.iew: Issue: Processing [tid:0]
   3000: system.cpu.iew: [tid:0] Not blocked, so attempting to run dispatch.
   3000: system.cpu.iq: Attempting to schedule ready instructions from the IQ.
   3000: system.cpu.iq: Not able to schedule any instructions.
   3000: system.cpu.iew: Processing [tid:0]
   3000: system.cpu.iew: [tid:0], Dispatch dispatched 0 instructions.
   3000: system.cpu.iew.lsq.thread0: SQ size: 72, #stores occupied: 0
   3000: system.cpu.iew.lsq.thread0: LQ size: 132, #loads occupied: 0
   3000: system.cpu.iew: IQ has 559 free entries (Can schedule: 0).  LQ has 132 free entries. SQ has 72 free entries.
   3000: system.cpu.commit: Getting instructions from Rename stage.
   3000: system.cpu.commit: Trying to commit instructions in the ROB.
   3000: system.cpu.commit: [tid:0] ROB has 0 insts & 918 free entries.
   3000: system.cpu: Scheduling next tick!
   4000: system.cpu: 

O3CPU: Ticking main, O3CPU.
   4000: system.cpu.fetch: Running stage.
   4000: system.cpu.fetch: There are no more threads available to fetch from.
   4000: system.cpu.fetch: [tid:0] Fetch is waiting cache response!
   4000: system.cpu.decode: Processing [tid:0]
   4000: system.cpu.decode: [tid:0] Not blocked, so attempting to run stage.
   4000: system.cpu.decode: [tid:0] Nothing to do, breaking out early.
   4000: system.cpu.rename: Processing [tid:0]
   4000: system.cpu.rename: [tid:0] Free IQ: 559, Free ROB: 918, Free LQ: 132, Free SQ: 72, FreeRM 127(879 870 917 1834 127 8 4585)
   4000: system.cpu.rename: [tid:0] 0 instructions not yet in ROB
   4000: system.cpu.rename: calcFreeLQEntries: free lqEntries: 132, loadsInProgress: 0, loads dispatchedToLQ: 0
   4000: system.cpu.rename: [tid:0] Not blocked, so attempting to run stage.
   4000: system.cpu.rename: [tid:0] Nothing to do, breaking out early.
   4000: system.cpu.iew: Issue: Processing [tid:0]
   4000: system.cpu.iew: [tid:0] Not blocked, so attempting to run dispatch.
   4000: system.cpu.iq: Attempting to schedule ready instructions from the IQ.
   4000: system.cpu.iq: Not able to schedule any instructions.
   4000: system.cpu.iew: Processing [tid:0]
   4000: system.cpu.iew: [tid:0], Dispatch dispatched 0 instructions.
   4000: system.cpu.iew.lsq.thread0: SQ size: 72, #stores occupied: 0
   4000: system.cpu.iew.lsq.thread0: LQ size: 132, #loads occupied: 0
   4000: system.cpu.iew: IQ has 559 free entries (Can schedule: 0).  LQ has 132 free entries. SQ has 72 free entries.
   4000: system.cpu.commit: Getting instructions from Rename stage.
   4000: system.cpu.commit: Trying to commit instructions in the ROB.
   4000: system.cpu.commit: [tid:0] ROB has 0 insts & 918 free entries.
   4000: system.cpu: Scheduling next tick!
   5000: system.cpu: 

O3CPU: Ticking main, O3CPU.
   5000: system.cpu.fetch: Running stage.
   5000: system.cpu.fetch: There are no more threads available to fetch from.
   5000: system.cpu.fetch: [tid:0] Fetch is waiting cache response!
   5000: system.cpu.decode: Processing [tid:0]
   5000: system.cpu.decode: [tid:0] Not blocked, so attempting to run stage.
   5000: system.cpu.decode: [tid:0] Nothing to do, breaking out early.
   5000: system.cpu.rename: Processing [tid:0]
   5000: system.cpu.rename: [tid:0] Free IQ: 559, Free ROB: 918, Free LQ: 132, Free SQ: 72, FreeRM 127(879 870 917 1834 127 8 4585)
   5000: system.cpu.rename: [tid:0] 0 instructions not yet in ROB
   5000: system.cpu.rename: calcFreeLQEntries: free lqEntries: 132, loadsInProgress: 0, loads dispatchedToLQ: 0
   5000: system.cpu.rename: [tid:0] Not blocked, so attempting to run stage.
   5000: system.cpu.rename: [tid:0] Nothing to do, breaking out early.
   5000: system.cpu.iew: Issue: Processing [tid:0]
   5000: system.cpu.iew: [tid:0] Not blocked, so attempting to run dispatch.
   5000: system.cpu.iq: Attempting to schedule ready instructions from the IQ.
   5000: system.cpu.iq: Not able to schedule any instructions.
   5000: system.cpu.iew: Processing [tid:0]
   5000: system.cpu.iew: [tid:0], Dispatch dispatched 0 instructions.
   5000: system.cpu.iew.lsq.thread0: SQ size: 72, #stores occupied: 0
   5000: system.cpu.iew.lsq.thread0: LQ size: 132, #loads occupied: 0
   5000: system.cpu.iew: IQ has 559 free entries (Can schedule: 0).  LQ has 132 free entries. SQ has 72 free entries.
   5000: system.cpu.commit: Getting instructions from Rename stage.
   5000: system.cpu.commit: Trying to commit instructions in the ROB.
   5000: system.cpu.commit: [tid:0] ROB has 0 insts & 918 free entries.
   5000: system.cpu: Scheduling next tick!
   6000: system.cpu: 

O3CPU: Ticking main, O3CPU.
   6000: system.cpu.fetch: Running stage.
   6000: system.cpu.fetch: There are no more threads available to fetch from.
   6000: system.cpu.fetch: [tid:0] Fetch is waiting cache response!
   6000: system.cpu.decode: Processing [tid:0]
   6000: system.cpu.decode: [tid:0] Not blocked, so attempting to run stage.
   6000: system.cpu.decode: [tid:0] Nothing to do, breaking out early.
   6000: system.cpu.rename: Processing [tid:0]
   6000: system.cpu.rename: [tid:0] Free IQ: 559, Free ROB: 918, Free LQ: 132, Free SQ: 72, FreeRM 127(879 870 917 1834 127 8 4585)
   6000: system.cpu.rename: [tid:0] 0 instructions not yet in ROB
   6000: system.cpu.rename: calcFreeLQEntries: free lqEntries: 132, loadsInProgress: 0, loads dispatchedToLQ: 0
   6000: system.cpu.rename: [tid:0] Not blocked, so attempting to run stage.
   6000: system.cpu.rename: [tid:0] Nothing to do, breaking out early.
   6000: system.cpu.iew: Issue: Processing [tid:0]
   6000: system.cpu.iew: [tid:0] Not blocked, so attempting to run dispatch.
   6000: system.cpu.iq: Attempting to schedule ready instructions from the IQ.
   6000: system.cpu.iq: Not able to schedule any instructions.
   6000: system.cpu.iew: Processing [tid:0]
   6000: system.cpu.iew: [tid:0], Dispatch dispatched 0 instructions.
   6000: system.cpu.iew.lsq.thread0: SQ size: 72, #stores occupied: 0
   6000: system.cpu.iew.lsq.thread0: LQ size: 132, #loads occupied: 0
   6000: system.cpu.iew: IQ has 559 free entries (Can schedule: 0).  LQ has 132 free entries. SQ has 72 free entries.
   6000: system.cpu.commit: Getting instructions from Rename stage.
   6000: system.cpu.commit: Trying to commit instructions in the ROB.
   6000: system.cpu.commit: [tid:0] ROB has 0 insts & 918 free entries.
   6000: system.cpu: Scheduling next tick!
   7000: system.cpu: 

O3CPU: Ticking main, O3CPU.
   7000: system.cpu.fetch: Running stage.
   7000: system.cpu.fetch: There are no more threads available to fetch from.
   7000: system.cpu.fetch: [tid:0] Fetch is waiting cache response!
   7000: system.cpu.decode: Processing [tid:0]
   7000: system.cpu.decode: [tid:0] Not blocked, so attempting to run stage.
   7000: system.cpu.decode: [tid:0] Nothing to do, breaking out early.
   7000: system.cpu.rename: Processing [tid:0]
   7000: system.cpu.rename: [tid:0] Free IQ: 559, Free ROB: 918, Free LQ: 132, Free SQ: 72, FreeRM 127(879 870 917 1834 127 8 4585)
   7000: system.cpu.rename: [tid:0] 0 instructions not yet in ROB
   7000: system.cpu.rename: calcFreeLQEntries: free lqEntries: 132, loadsInProgress: 0, loads dispatchedToLQ: 0
   7000: system.cpu.rename: [tid:0] Not blocked, so attempting to run stage.
   7000: system.cpu.rename: [tid:0] Nothing to do, breaking out early.
   7000: system.cpu.iew: Issue: Processing [tid:0]
   7000: system.cpu.iew: [tid:0] Not blocked, so attempting to run dispatch.
   7000: system.cpu.iq: Attempting to schedule ready instructions from the IQ.
   7000: system.cpu.iq: Not able to schedule any instructions.
   7000: system.cpu.iew: Processing [tid:0]
   7000: system.cpu.iew: [tid:0], Dispatch dispatched 0 instructions.
   7000: system.cpu.iew.lsq.thread0: SQ size: 72, #stores occupied: 0
   7000: system.cpu.iew.lsq.thread0: LQ size: 132, #loads occupied: 0
   7000: system.cpu.iew: IQ has 559 free entries (Can schedule: 0).  LQ has 132 free entries. SQ has 72 free entries.
   7000: system.cpu.commit: Getting instructions from Rename stage.
   7000: system.cpu.commit: Trying to commit instructions in the ROB.
   7000: system.cpu.commit: [tid:0] ROB has 0 insts & 918 free entries.
   7000: system.cpu: Scheduling next tick!
   8000: system.cpu: 

O3CPU: Ticking main, O3CPU.
   8000: system.cpu.fetch: Running stage.
   8000: system.cpu.fetch: There are no more threads available to fetch from.
   8000: system.cpu.fetch: [tid:0] Fetch is waiting cache response!
   8000: system.cpu.decode: Processing [tid:0]
   8000: system.cpu.decode: [tid:0] Not blocked, so attempting to run stage.
   8000: system.cpu.decode: [tid:0] Nothing to do, breaking out early.
   8000: system.cpu.rename: Processing [tid:0]
   8000: system.cpu.rename: [tid:0] Free IQ: 559, Free ROB: 918, Free LQ: 132, Free SQ: 72, FreeRM 127(879 870 917 1834 127 8 4585)
   8000: system.cpu.rename: [tid:0] 0 instructions not yet in ROB
   8000: system.cpu.rename: calcFreeLQEntries: free lqEntries: 132, loadsInProgress: 0, loads dispatchedToLQ: 0
   8000: system.cpu.rename: [tid:0] Not blocked, so attempting to run stage.
   8000: system.cpu.rename: [tid:0] Nothing to do, breaking out early.
   8000: system.cpu.iew: Issue: Processing [tid:0]
   8000: system.cpu.iew: [tid:0] Not blocked, so attempting to run dispatch.
   8000: system.cpu.iq: Attempting to schedule ready instructions from the IQ.
   8000: system.cpu.iq: Not able to schedule any instructions.
   8000: system.cpu.iew: Processing [tid:0]
   8000: system.cpu.iew: [tid:0], Dispatch dispatched 0 instructions.
   8000: system.cpu.iew.lsq.thread0: SQ size: 72, #stores occupied: 0
   8000: system.cpu.iew.lsq.thread0: LQ size: 132, #loads occupied: 0
   8000: system.cpu.iew: IQ has 559 free entries (Can schedule: 0).  LQ has 132 free entries. SQ has 72 free entries.
   8000: system.cpu.commit: Getting instructions from Rename stage.
   8000: system.cpu.commit: Trying to commit instructions in the ROB.
   8000: system.cpu.commit: [tid:0] ROB has 0 insts & 918 free entries.
   8000: system.cpu: Scheduling next tick!
   9000: system.cpu: 

O3CPU: Ticking main, O3CPU.
   9000: system.cpu.fetch: Running stage.
   9000: system.cpu.fetch: There are no more threads available to fetch from.
   9000: system.cpu.fetch: [tid:0] Fetch is waiting cache response!
   9000: system.cpu.decode: Processing [tid:0]
   9000: system.cpu.decode: [tid:0] Not blocked, so attempting to run stage.
   9000: system.cpu.decode: [tid:0] Nothing to do, breaking out early.
   9000: system.cpu.rename: Processing [tid:0]
   9000: system.cpu.rename: [tid:0] Free IQ: 559, Free ROB: 918, Free LQ: 132, Free SQ: 72, FreeRM 127(879 870 917 1834 127 8 4585)
   9000: system.cpu.rename: [tid:0] 0 instructions not yet in ROB
   9000: system.cpu.rename: calcFreeLQEntries: free lqEntries: 132, loadsInProgress: 0, loads dispatchedToLQ: 0
   9000: system.cpu.rename: [tid:0] Not blocked, so attempting to run stage.
   9000: system.cpu.rename: [tid:0] Nothing to do, breaking out early.
   9000: system.cpu.iew: Issue: Processing [tid:0]
   9000: system.cpu.iew: [tid:0] Not blocked, so attempting to run dispatch.
   9000: system.cpu.iq: Attempting to schedule ready instructions from the IQ.
   9000: system.cpu.iq: Not able to schedule any instructions.
   9000: system.cpu.iew: Processing [tid:0]
   9000: system.cpu.iew: [tid:0], Dispatch dispatched 0 instructions.
   9000: system.cpu.iew.lsq.thread0: SQ size: 72, #stores occupied: 0
   9000: system.cpu.iew.lsq.thread0: LQ size: 132, #loads occupied: 0
   9000: system.cpu.iew: IQ has 559 free entries (Can schedule: 0).  LQ has 132 free entries. SQ has 72 free entries.
   9000: system.cpu.commit: Getting instructions from Rename stage.
   9000: system.cpu.commit: Trying to commit instructions in the ROB.
   9000: system.cpu.commit: [tid:0] ROB has 0 insts & 918 free entries.
   9000: system.cpu: Scheduling next tick!
  10000: system.cpu: 

O3CPU: Ticking main, O3CPU.
  10000: system.cpu.fetch: Running stage.
  10000: system.cpu.fetch: There are no more threads available to fetch from.
  10000: system.cpu.fetch: [tid:0] Fetch is waiting cache response!
  10000: system.cpu.decode: Processing [tid:0]
  10000: system.cpu.decode: [tid:0] Not blocked, so attempting to run stage.
  10000: system.cpu.decode: [tid:0] Nothing to do, breaking out early.
  10000: system.cpu.rename: Processing [tid:0]
  10000: system.cpu.rename: [tid:0] Free IQ: 559, Free ROB: 918, Free LQ: 132, Free SQ: 72, FreeRM 127(879 870 917 1834 127 8 4585)
  10000: system.cpu.rename: [tid:0] 0 instructions not yet in ROB
  10000: system.cpu.rename: calcFreeLQEntries: free lqEntries: 132, loadsInProgress: 0, loads dispatchedToLQ: 0
  10000: system.cpu.rename: [tid:0] Not blocked, so attempting to run stage.
  10000: system.cpu.rename: [tid:0] Nothing to do, breaking out early.
  10000: system.cpu.iew: Issue: Processing [tid:0]
  10000: system.cpu.iew: [tid:0] Not blocked, so attempting to run dispatch.
  10000: system.cpu.iq: Attempting to schedule ready instructions from the IQ.
  10000: system.cpu.iq: Not able to schedule any instructions.
  10000: system.cpu.iew: Processing [tid:0]
  10000: system.cpu.iew: [tid:0], Dispatch dispatched 0 instructions.
  10000: system.cpu.iew.lsq.thread0: SQ size: 72, #stores occupied: 0
  10000: system.cpu.iew.lsq.thread0: LQ size: 132, #loads occupied: 0
  10000: system.cpu.iew: IQ has 559 free entries (Can schedule: 0).  LQ has 132 free entries. SQ has 72 free entries.
  10000: system.cpu.commit: Getting instructions from Rename stage.
  10000: system.cpu.commit: Trying to commit instructions in the ROB.
  10000: system.cpu.commit: [tid:0] ROB has 0 insts & 918 free entries.
  10000: system.cpu: Activity: 1
  10000: system.cpu: Scheduling next tick!
  11000: system.cpu: 

O3CPU: Ticking main, O3CPU.
  11000: system.cpu.fetch: Running stage.
  11000: system.cpu.fetch: There are no more threads available to fetch from.
  11000: system.cpu.fetch: [tid:0] Fetch is waiting cache response!
  11000: system.cpu.decode: Processing [tid:0]
  11000: system.cpu.decode: [tid:0] Not blocked, so attempting to run stage.
  11000: system.cpu.decode: [tid:0] Nothing to do, breaking out early.
  11000: system.cpu.rename: Processing [tid:0]
  11000: system.cpu.rename: [tid:0] Free IQ: 559, Free ROB: 918, Free LQ: 132, Free SQ: 72, FreeRM 127(879 870 917 1834 127 8 4585)
  11000: system.cpu.rename: [tid:0] 0 instructions not yet in ROB
  11000: system.cpu.rename: calcFreeLQEntries: free lqEntries: 132, loadsInProgress: 0, loads dispatchedToLQ: 0
  11000: system.cpu.rename: [tid:0] Not blocked, so attempting to run stage.
  11000: system.cpu.rename: [tid:0] Nothing to do, breaking out early.
  11000: system.cpu.iew: Issue: Processing [tid:0]
  11000: system.cpu.iew: [tid:0] Not blocked, so attempting to run dispatch.
  11000: system.cpu.iq: Attempting to schedule ready instructions from the IQ.
  11000: system.cpu.iq: Not able to schedule any instructions.
  11000: system.cpu.iew: Processing [tid:0]
  11000: system.cpu.iew: [tid:0], Dispatch dispatched 0 instructions.
  11000: system.cpu.iew.lsq.thread0: SQ size: 72, #stores occupied: 0
  11000: system.cpu.iew.lsq.thread0: LQ size: 132, #loads occupied: 0
  11000: system.cpu.iew: IQ has 559 free entries (Can schedule: 0).  LQ has 132 free entries. SQ has 72 free entries.
  11000: system.cpu.commit: Getting instructions from Rename stage.
  11000: system.cpu.commit: Trying to commit instructions in the ROB.
  11000: system.cpu.commit: [tid:0] ROB has 0 insts & 918 free entries.
  11000: system.cpu: Activity: 0
  11000: system.cpu: No activity left!
  11000: system.cpu: Idle!
  86000: system.cpu.icache_port: Fetch unit received timing
  86000: system.cpu.fetch: [tid:0] Waking up from cache miss.
  86001: system.cpu.icache_port: Fetch unit received timing
  86001: system.cpu.fetch: [tid:0] Waking up from cache miss.
  86001: system.cpu: Waking up CPU
  86001: system.cpu.fetch: [tid:0] Activating fetch due to cache completion
  86001: system.cpu.fetch: Activating stage.
  86001: system.cpu: Activity: 1
  87000: system.cpu: 

O3CPU: Ticking main, O3CPU.
  87000: system.cpu.fetch: Running stage.
  87000: system.cpu.fetch: Attempting to fetch from [tid:0]
  87000: system.cpu.fetch: [tid:0] Icache miss is complete.
  87000: system.cpu.fetch: [tid:0] Adding instructions to queue to decode.
  87000: system.cpu.decoder: Decode: Decoded sub instruction: 
{
	leg = 0,
	rex = 0x48,
	vex/xop = 0,
	op = {
		type = one byte,
		op = 0x83,
		},
	modRM = 0xec,
	sib = 0,
	immediate = 0x8,
	displacement = 0
	dispSize = 0}

  87000: global: DynInst: [sn:10] Instruction created. Instcount for system.cpu = 1
  87000: system.cpu.fetch: [tid:0] Instruction PC (0x401000=>0x401004).(0=>1) created [sn:10].
  87000: system.cpu.fetch: [tid:0] Instruction is:   SUB_R_I : limm   t1, 0x8
  87000: system.cpu.fetch: [tid:0] Fetch queue entry created (1/128).
  87000: global: DynInst: [sn:20] Instruction created. Instcount for system.cpu = 2
  87000: system.cpu.fetch: [tid:0] Instruction PC (0x401000=>0x401004).(1=>2) created [sn:20].
  87000: system.cpu.fetch: [tid:0] Instruction is:   SUB_R_I : sub   rsp, rsp, t1
  87000: system.cpu.fetch: [tid:0] Fetch queue entry created (2/128).
  87000: system.cpu.decoder: Decode: Decoded mov instruction: 
{
	leg = 0,
	rex = 0,
	vex/xop = 0,
	op = {
		type = one byte,
		op = 0xc7,
		},
	modRM = 0x4,
	sib = 0x24,
	immediate = 0xcafe,
	displacement = 0
	dispSize = 0}

  87000: global: DynInst: [sn:30] Instruction created. Instcount for system.cpu = 3
  87000: system.cpu.fetch: [tid:0] Instruction PC (0x401004=>0x40100b).(0=>1) created [sn:30].
  87000: system.cpu.fetch: [tid:0] Instruction is:   MOV_M_I : limm   t1d, 0xcafe
  87000: system.cpu.fetch: [tid:0] Fetch queue entry created (3/128).
  87000: global: DynInst: [sn:40] Instruction created. Instcount for system.cpu = 4
  87000: system.cpu.fetch: [tid:0] Instruction PC (0x401004=>0x40100b).(1=>2) created [sn:40].
  87000: system.cpu.fetch: [tid:0] Instruction is:   MOV_M_I : st   t1d, SS:[t0 + rsp]
  87000: system.cpu.fetch: [tid:0] Fetch queue entry created (4/128).
  87000: system.cpu.decoder: Decode: Decoded mov instruction: 
{
	leg = 0,
	rex = 0x48,
	vex/xop = 0,
	op = {
		type = one byte,
		op = 0x8b,
		},
	modRM = 0x1c,
	sib = 0x24,
	immediate = 0,
	displacement = 0
	dispSize = 0}

  87000: global: DynInst: [sn:50] Instruction created. Instcount for system.cpu = 5
  87000: system.cpu.fetch: [tid:0] Instruction PC (0x40100b=>0x40100f).(0=>1) created [sn:50].
  87000: system.cpu.fetch: [tid:0] Instruction is:   MOV_R_M : ld   rbx, SS:[t0 + rsp]
  87000: system.cpu.fetch: [tid:0] Fetch queue entry created (5/128).
  87000: system.cpu.decoder: Decode: Decoded add instruction: 
{
	leg = 0,
	rex = 0x48,
	vex/xop = 0,
	op = {
		type = one byte,
		op = 0x83,
		},
	modRM = 0xc4,
	sib = 0,
	immediate = 0x8,
	displacement = 0
	dispSize = 0}

  87000: global: DynInst: [sn:60] Instruction created. Instcount for system.cpu = 6
  87000: system.cpu.fetch: [tid:0] Instruction PC (0x40100f=>0x401013).(0=>1) created [sn:60].
  87000: system.cpu.fetch: [tid:0] Instruction is:   ADD_R_I : limm   t1, 0x8
  87000: system.cpu.fetch: [tid:0] Fetch queue entry created (6/128).
  87000: global: DynInst: [sn:70] Instruction created. Instcount for system.cpu = 7
  87000: system.cpu.fetch: [tid:0] Instruction PC (0x40100f=>0x401013).(1=>2) created [sn:70].
  87000: system.cpu.fetch: [tid:0] Instruction is:   ADD_R_I : add   rsp, rsp, t1
  87000: system.cpu.fetch: [tid:0] Fetch queue entry created (7/128).
  87000: system.cpu.decoder: Decode: Decoded mov instruction: 
{
	leg = 0,
	rex = 0x48,
	vex/xop = 0,
	op = {
		type = one byte,
		op = 0xc7,
		},
	modRM = 0xc0,
	sib = 0,
	immediate = 0x3c,
	displacement = 0
	dispSize = 0}

  87000: global: DynInst: [sn:80] Instruction created. Instcount for system.cpu = 8
  87000: system.cpu.fetch: [tid:0] Instruction PC (0x401013=>0x40101a).(0=>1) created [sn:80].
  87000: system.cpu.fetch: [tid:0] Instruction is:   MOV_R_I : limm   rax, 0x3c
  87000: system.cpu.fetch: [tid:0] Fetch queue entry created (8/128).
  87000: system.cpu.decoder: Decode: Decoded xor instruction: 
{
	leg = 0,
	rex = 0x48,
	vex/xop = 0,
	op = {
		type = one byte,
		op = 0x31,
		},
	modRM = 0xff,
	sib = 0,
	immediate = 0,
	displacement = 0
	dispSize = 0}

  87000: global: DynInst: [sn:90] Instruction created. Instcount for system.cpu = 9
  87000: system.cpu.fetch: [tid:0] Instruction PC (0x40101a=>0x40101d).(0=>1) created [sn:90].
  87000: system.cpu.fetch: [tid:0] Instruction is:   XOR_R_R : xor   rdi, rdi, rdi
  87000: system.cpu.fetch: [tid:0] Fetch queue entry created (9/128).
  87000: system.cpu.decoder: Decode: Decoded syscall instruction: 
{
	leg = 0,
	rex = 0,
	vex/xop = 0,
	op = {
		type = two byte,
		op = 0x5,
		},
	modRM = 0,
	sib = 0,
	immediate = 0,
	displacement = 0
	dispSize = 0}

  87000: global: DynInst: [sn:100] Instruction created. Instcount for system.cpu = 10
  87000: system.cpu.fetch: [tid:0] Instruction PC (0x40101d=>0x40101f).(0=>1) created [sn:100].
  87000: system.cpu.fetch: [tid:0] Instruction is:   syscall   
  87000: system.cpu.fetch: [tid:0] Fetch queue entry created (10/128).
  87000: system.cpu.fetch: [tid:0] Done fetching, reached fetch bandwidth for this cycle.
  87000: system.cpu.fetch: [tid:0] [sn:10] Sending instruction to decode from fetch queue. Fetch queue size: 10.
  87000: system.cpu.fetch: [tid:0] [sn:20] Sending instruction to decode from fetch queue. Fetch queue size: 9.
  87000: system.cpu.fetch: [tid:0] [sn:30] Sending instruction to decode from fetch queue. Fetch queue size: 8.
  87000: system.cpu.fetch: [tid:0] [sn:40] Sending instruction to decode from fetch queue. Fetch queue size: 7.
  87000: system.cpu.fetch: [tid:0] [sn:50] Sending instruction to decode from fetch queue. Fetch queue size: 6.
  87000: system.cpu.fetch: [tid:0] [sn:60] Sending instruction to decode from fetch queue. Fetch queue size: 5.
  87000: system.cpu.fetch: [tid:0] [sn:70] Sending instruction to decode from fetch queue. Fetch queue size: 4.
  87000: system.cpu.fetch: [tid:0] [sn:80] Sending instruction to decode from fetch queue. Fetch queue size: 3.
  87000: system.cpu.fetch: [tid:0] [sn:90] Sending instruction to decode from fetch queue. Fetch queue size: 2.
  87000: system.cpu.fetch: [tid:0] [sn:100] Sending instruction to decode from fetch queue. Fetch queue size: 1.
  87000: system.cpu.fetch: Activity this cycle.
  87000: system.cpu: Activity: 2
  87000: system.cpu.decode: Processing [tid:0]
  87000: system.cpu.decode: [tid:0] Not blocked, so attempting to run stage.
  87000: system.cpu.decode: [tid:0] Nothing to do, breaking out early.
  87000: system.cpu.rename: Processing [tid:0]
  87000: system.cpu.rename: [tid:0] Free IQ: 559, Free ROB: 918, Free LQ: 132, Free SQ: 72, FreeRM 127(879 870 917 1834 127 8 4585)
  87000: system.cpu.rename: [tid:0] 0 instructions not yet in ROB
  87000: system.cpu.rename: calcFreeLQEntries: free lqEntries: 132, loadsInProgress: 0, loads dispatchedToLQ: 0
  87000: system.cpu.rename: [tid:0] Not blocked, so attempting to run stage.
  87000: system.cpu.rename: [tid:0] Nothing to do, breaking out early.
  87000: system.cpu.iew: Issue: Processing [tid:0]
  87000: system.cpu.iew: [tid:0] Not blocked, so attempting to run dispatch.
  87000: system.cpu.iq: Attempting to schedule ready instructions from the IQ.
  87000: system.cpu.iq: Not able to schedule any instructions.
  87000: system.cpu.iew: Processing [tid:0]
  87000: system.cpu.iew: [tid:0], Dispatch dispatched 0 instructions.
  87000: system.cpu.iew.lsq.thread0: SQ size: 72, #stores occupied: 0
  87000: system.cpu.iew.lsq.thread0: LQ size: 132, #loads occupied: 0
  87000: system.cpu.iew: IQ has 559 free entries (Can schedule: 0).  LQ has 132 free entries. SQ has 72 free entries.
  87000: system.cpu.commit: Getting instructions from Rename stage.
  87000: system.cpu.commit: Trying to commit instructions in the ROB.
  87000: system.cpu.commit: [tid:0] ROB has 0 insts & 918 free entries.
  87000: system.cpu: Scheduling next tick!
  88000: system.cpu: 

O3CPU: Ticking main, O3CPU.
  88000: system.cpu.fetch: Running stage.
  88000: system.cpu.fetch: Attempting to fetch from [tid:0]
  88000: system.cpu.fetch: [tid:0] Adding instructions to queue to decode.
  88000: system.cpu.decoder: Decode: Decoded add instruction: 
{
	leg = 0,
	rex = 0,
	vex/xop = 0,
	op = {
		type = one byte,
		op = 0,
		},
	modRM = 0,
	sib = 0,
	immediate = 0,
	displacement = 0
	dispSize = 0}

  88000: global: DynInst: [sn:110] Instruction created. Instcount for system.cpu = 11
  88000: system.cpu.fetch: [tid:0] Instruction PC (0x40101f=>0x401021).(0=>1) created [sn:110].
  88000: system.cpu.fetch: [tid:0] Instruction is:   ADD_M_R : ldst   t1b, DS:[rax]
  88000: system.cpu.fetch: [tid:0] Fetch queue entry created (1/128).
  88000: global: DynInst: [sn:120] Instruction created. Instcount for system.cpu = 12
  88000: system.cpu.fetch: [tid:0] Instruction PC (0x40101f=>0x401021).(1=>2) created [sn:120].
  88000: system.cpu.fetch: [tid:0] Instruction is:   ADD_M_R : add   t1b, t1b, al
  88000: system.cpu.fetch: [tid:0] Fetch queue entry created (2/128).
  88000: global: DynInst: [sn:130] Instruction created. Instcount for system.cpu = 13
  88000: system.cpu.fetch: [tid:0] Instruction PC (0x40101f=>0x401021).(2=>3) created [sn:130].
  88000: system.cpu.fetch: [tid:0] Instruction is:   ADD_M_R : st   t1b, DS:[rax]
  88000: system.cpu.fetch: [tid:0] Fetch queue entry created (3/128).
  88000: system.cpu.decoder: Decode: Decoded add instruction: 
{
	leg = 0,
	rex = 0,
	vex/xop = 0,
	op = {
		type = one byte,
		op = 0,
		},
	modRM = 0,
	sib = 0,
	immediate = 0,
	displacement = 0
	dispSize = 0}

  88000: global: DynInst: [sn:140] Instruction created. Instcount for system.cpu = 14
  88000: system.cpu.fetch: [tid:0] Instruction PC (0x401021=>0x401023).(0=>1) created [sn:140].
  88000: system.cpu.fetch: [tid:0] Instruction is:   ADD_M_R : ldst   t1b, DS:[rax]
  88000: system.cpu.fetch: [tid:0] Fetch queue entry created (4/128).
  88000: global: DynInst: [sn:150] Instruction created. Instcount for system.cpu = 15
  88000: system.cpu.fetch: [tid:0] Instruction PC (0x401021=>0x401023).(1=>2) created [sn:150].
  88000: system.cpu.fetch: [tid:0] Instruction is:   ADD_M_R : add   t1b, t1b, al
  88000: system.cpu.fetch: [tid:0] Fetch queue entry created (5/128).
  88000: global: DynInst: [sn:160] Instruction created. Instcount for system.cpu = 16
  88000: system.cpu.fetch: [tid:0] Instruction PC (0x401021=>0x401023).(2=>3) created [sn:160].
  88000: system.cpu.fetch: [tid:0] Instruction is:   ADD_M_R : st   t1b, DS:[rax]
  88000: system.cpu.fetch: [tid:0] Fetch queue entry created (6/128).
  88000: system.cpu.decoder: Decode: Decoded add instruction: 
{
	leg = 0,
	rex = 0,
	vex/xop = 0,
	op = {
		type = one byte,
		op = 0,
		},
	modRM = 0,
	sib = 0,
	immediate = 0,
	displacement = 0
	dispSize = 0}

  88000: global: DynInst: [sn:170] Instruction created. Instcount for system.cpu = 17
  88000: system.cpu.fetch: [tid:0] Instruction PC (0x401023=>0x401025).(0=>1) created [sn:170].
  88000: system.cpu.fetch: [tid:0] Instruction is:   ADD_M_R : ldst   t1b, DS:[rax]
  88000: system.cpu.fetch: [tid:0] Fetch queue entry created (7/128).
  88000: global: DynInst: [sn:180] Instruction created. Instcount for system.cpu = 18
  88000: system.cpu.fetch: [tid:0] Instruction PC (0x401023=>0x401025).(1=>2) created [sn:180].
  88000: system.cpu.fetch: [tid:0] Instruction is:   ADD_M_R : add   t1b, t1b, al
  88000: system.cpu.fetch: [tid:0] Fetch queue entry created (8/128).
  88000: global: DynInst: [sn:190] Instruction created. Instcount for system.cpu = 19
  88000: system.cpu.fetch: [tid:0] Instruction PC (0x401023=>0x401025).(2=>3) created [sn:190].
  88000: system.cpu.fetch: [tid:0] Instruction is:   ADD_M_R : st   t1b, DS:[rax]
  88000: system.cpu.fetch: [tid:0] Fetch queue entry created (9/128).
  88000: system.cpu.decoder: Decode: Decoded add instruction: 
{
	leg = 0,
	rex = 0,
	vex/xop = 0,
	op = {
		type = one byte,
		op = 0,
		},
	modRM = 0,
	sib = 0,
	immediate = 0,
	displacement = 0
	dispSize = 0}

  88000: global: DynInst: [sn:200] Instruction created. Instcount for system.cpu = 20
  88000: system.cpu.fetch: [tid:0] Instruction PC (0x401025=>0x401027).(0=>1) created [sn:200].
  88000: system.cpu.fetch: [tid:0] Instruction is:   ADD_M_R : ldst   t1b, DS:[rax]
  88000: system.cpu.fetch: [tid:0] Fetch queue entry created (10/128).
  88000: system.cpu.fetch: [tid:0] Done fetching, reached fetch bandwidth for this cycle.
  88000: system.cpu.fetch: [tid:0] [sn:110] Sending instruction to decode from fetch queue. Fetch queue size: 10.
  88000: system.cpu.fetch: [tid:0] [sn:120] Sending instruction to decode from fetch queue. Fetch queue size: 9.
  88000: system.cpu.fetch: [tid:0] [sn:130] Sending instruction to decode from fetch queue. Fetch queue size: 8.
  88000: system.cpu.fetch: [tid:0] [sn:140] Sending instruction to decode from fetch queue. Fetch queue size: 7.
  88000: system.cpu.fetch: [tid:0] [sn:150] Sending instruction to decode from fetch queue. Fetch queue size: 6.
  88000: system.cpu.fetch: [tid:0] [sn:160] Sending instruction to decode from fetch queue. Fetch queue size: 5.
  88000: system.cpu.fetch: [tid:0] [sn:170] Sending instruction to decode from fetch queue. Fetch queue size: 4.
  88000: system.cpu.fetch: [tid:0] [sn:180] Sending instruction to decode from fetch queue. Fetch queue size: 3.
  88000: system.cpu.fetch: [tid:0] [sn:190] Sending instruction to decode from fetch queue. Fetch queue size: 2.
  88000: system.cpu.fetch: [tid:0] [sn:200] Sending instruction to decode from fetch queue. Fetch queue size: 1.
  88000: system.cpu.fetch: Activity this cycle.
  88000: system.cpu: Activity: 3
  88000: system.cpu.decode: Processing [tid:0]
  88000: system.cpu.decode: [tid:0] Not blocked, so attempting to run stage.
  88000: system.cpu.decode: [tid:0] Sending instruction to rename.
  88000: system.cpu.decode: [tid:0] Processing instruction [sn:10] with PC (0x401000=>0x401004).(0=>1)
  88000: system.cpu.decode: [tid:0] Processing instruction [sn:20] with PC (0x401000=>0x401004).(1=>2)
  88000: system.cpu.decode: [tid:0] Processing instruction [sn:30] with PC (0x401004=>0x40100b).(0=>1)
  88000: system.cpu.decode: [tid:0] Processing instruction [sn:40] with PC (0x401004=>0x40100b).(1=>2)
  88000: system.cpu.decode: [tid:0] Processing instruction [sn:50] with PC (0x40100b=>0x40100f).(0=>1)
  88000: system.cpu.decode: [tid:0] Processing instruction [sn:60] with PC (0x40100f=>0x401013).(0=>1)
  88000: system.cpu.decode: [tid:0] Processing instruction [sn:70] with PC (0x40100f=>0x401013).(1=>2)
  88000: system.cpu.decode: [tid:0] Processing instruction [sn:80] with PC (0x401013=>0x40101a).(0=>1)
  88000: system.cpu.decode: [tid:0] Processing instruction [sn:90] with PC (0x40101a=>0x40101d).(0=>1)
  88000: system.cpu.decode: [tid:0] Processing instruction [sn:100] with PC (0x40101d=>0x40101f).(0=>1)
  88000: system.cpu.decode: Activity this cycle.
  88000: system.cpu.rename: Processing [tid:0]
  88000: system.cpu.rename: [tid:0] Free IQ: 559, Free ROB: 918, Free LQ: 132, Free SQ: 72, FreeRM 127(879 870 917 1834 127 8 4585)
  88000: system.cpu.rename: [tid:0] 0 instructions not yet in ROB
  88000: system.cpu.rename: calcFreeLQEntries: free lqEntries: 132, loadsInProgress: 0, loads dispatchedToLQ: 0
  88000: system.cpu.rename: [tid:0] Not blocked, so attempting to run stage.
  88000: system.cpu.rename: [tid:0] Nothing to do, breaking out early.
  88000: system.cpu.iew: Issue: Processing [tid:0]
  88000: system.cpu.iew: [tid:0] Not blocked, so attempting to run dispatch.
  88000: system.cpu.iq: Attempting to schedule ready instructions from the IQ.
  88000: system.cpu.iq: Not able to schedule any instructions.
  88000: system.cpu.iew: Processing [tid:0]
  88000: system.cpu.iew: [tid:0], Dispatch dispatched 0 instructions.
  88000: system.cpu.iew.lsq.thread0: SQ size: 72, #stores occupied: 0
  88000: system.cpu.iew.lsq.thread0: LQ size: 132, #loads occupied: 0
  88000: system.cpu.iew: IQ has 559 free entries (Can schedule: 0).  LQ has 132 free entries. SQ has 72 free entries.
  88000: system.cpu.commit: Getting instructions from Rename stage.
  88000: system.cpu.commit: Trying to commit instructions in the ROB.
  88000: system.cpu.commit: [tid:0] ROB has 0 insts & 918 free entries.
  88000: system.cpu: Scheduling next tick!
  89000: system.cpu: 

O3CPU: Ticking main, O3CPU.
  89000: system.cpu.fetch: Running stage.
  89000: system.cpu.fetch: Attempting to fetch from [tid:0]
  89000: system.cpu.fetch: [tid:0] Adding instructions to queue to decode.
  89000: global: DynInst: [sn:210] Instruction created. Instcount for system.cpu = 21
  89000: system.cpu.fetch: [tid:0] Instruction PC (0x401025=>0x401027).(1=>2) created [sn:210].
  89000: system.cpu.fetch: [tid:0] Instruction is:   ADD_M_R : add   t1b, t1b, al
  89000: system.cpu.fetch: [tid:0] Fetch queue entry created (1/128).
  89000: global: DynInst: [sn:220] Instruction created. Instcount for system.cpu = 22
  89000: system.cpu.fetch: [tid:0] Instruction PC (0x401025=>0x401027).(2=>3) created [sn:220].
  89000: system.cpu.fetch: [tid:0] Instruction is:   ADD_M_R : st   t1b, DS:[rax]
  89000: system.cpu.fetch: [tid:0] Fetch queue entry created (2/128).
  89000: system.cpu.decoder: Decode: Decoded add instruction: 
{
	leg = 0,
	rex = 0,
	vex/xop = 0,
	op = {
		type = one byte,
		op = 0,
		},
	modRM = 0,
	sib = 0,
	immediate = 0,
	displacement = 0
	dispSize = 0}

  89000: global: DynInst: [sn:230] Instruction created. Instcount for system.cpu = 23
  89000: system.cpu.fetch: [tid:0] Instruction PC (0x401027=>0x401029).(0=>1) created [sn:230].
  89000: system.cpu.fetch: [tid:0] Instruction is:   ADD_M_R : ldst   t1b, DS:[rax]
  89000: system.cpu.fetch: [tid:0] Fetch queue entry created (3/128).
  89000: global: DynInst: [sn:240] Instruction created. Instcount for system.cpu = 24
  89000: system.cpu.fetch: [tid:0] Instruction PC (0x401027=>0x401029).(1=>2) created [sn:240].
  89000: system.cpu.fetch: [tid:0] Instruction is:   ADD_M_R : add   t1b, t1b, al
  89000: system.cpu.fetch: [tid:0] Fetch queue entry created (4/128).
  89000: global: DynInst: [sn:250] Instruction created. Instcount for system.cpu = 25
  89000: system.cpu.fetch: [tid:0] Instruction PC (0x401027=>0x401029).(2=>3) created [sn:250].
  89000: system.cpu.fetch: [tid:0] Instruction is:   ADD_M_R : st   t1b, DS:[rax]
  89000: system.cpu.fetch: [tid:0] Fetch queue entry created (5/128).
  89000: system.cpu.decoder: Decode: Decoded add instruction: 
{
	leg = 0,
	rex = 0,
	vex/xop = 0,
	op = {
		type = one byte,
		op = 0,
		},
	modRM = 0,
	sib = 0,
	immediate = 0,
	displacement = 0
	dispSize = 0}

  89000: global: DynInst: [sn:260] Instruction created. Instcount for system.cpu = 26
  89000: system.cpu.fetch: [tid:0] Instruction PC (0x401029=>0x40102b).(0=>1) created [sn:260].
  89000: system.cpu.fetch: [tid:0] Instruction is:   ADD_M_R : ldst   t1b, DS:[rax]
  89000: system.cpu.fetch: [tid:0] Fetch queue entry created (6/128).
  89000: global: DynInst: [sn:270] Instruction created. Instcount for system.cpu = 27
  89000: system.cpu.fetch: [tid:0] Instruction PC (0x401029=>0x40102b).(1=>2) created [sn:270].
  89000: system.cpu.fetch: [tid:0] Instruction is:   ADD_M_R : add   t1b, t1b, al
  89000: system.cpu.fetch: [tid:0] Fetch queue entry created (7/128).
  89000: global: DynInst: [sn:280] Instruction created. Instcount for system.cpu = 28
  89000: system.cpu.fetch: [tid:0] Instruction PC (0x401029=>0x40102b).(2=>3) created [sn:280].
  89000: system.cpu.fetch: [tid:0] Instruction is:   ADD_M_R : st   t1b, DS:[rax]
  89000: system.cpu.fetch: [tid:0] Fetch queue entry created (8/128).
  89000: system.cpu.decoder: Decode: Decoded add instruction: 
{
	leg = 0,
	rex = 0,
	vex/xop = 0,
	op = {
		type = one byte,
		op = 0,
		},
	modRM = 0,
	sib = 0,
	immediate = 0,
	displacement = 0
	dispSize = 0}

  89000: global: DynInst: [sn:290] Instruction created. Instcount for system.cpu = 29
  89000: system.cpu.fetch: [tid:0] Instruction PC (0x40102b=>0x40102d).(0=>1) created [sn:290].
  89000: system.cpu.fetch: [tid:0] Instruction is:   ADD_M_R : ldst   t1b, DS:[rax]
  89000: system.cpu.fetch: [tid:0] Fetch queue entry created (9/128).
  89000: global: DynInst: [sn:300] Instruction created. Instcount for system.cpu = 30
  89000: system.cpu.fetch: [tid:0] Instruction PC (0x40102b=>0x40102d).(1=>2) created [sn:300].
  89000: system.cpu.fetch: [tid:0] Instruction is:   ADD_M_R : add   t1b, t1b, al
  89000: system.cpu.fetch: [tid:0] Fetch queue entry created (10/128).
  89000: system.cpu.fetch: [tid:0] Done fetching, reached fetch bandwidth for this cycle.
  89000: system.cpu.fetch: [tid:0] [sn:210] Sending instruction to decode from fetch queue. Fetch queue size: 10.
  89000: system.cpu.fetch: [tid:0] [sn:220] Sending instruction to decode from fetch queue. Fetch queue size: 9.
  89000: system.cpu.fetch: [tid:0] [sn:230] Sending instruction to decode from fetch queue. Fetch queue size: 8.
  89000: system.cpu.fetch: [tid:0] [sn:240] Sending instruction to decode from fetch queue. Fetch queue size: 7.
  89000: system.cpu.fetch: [tid:0] [sn:250] Sending instruction to decode from fetch queue. Fetch queue size: 6.
  89000: system.cpu.fetch: [tid:0] [sn:260] Sending instruction to decode from fetch queue. Fetch queue size: 5.
  89000: system.cpu.fetch: [tid:0] [sn:270] Sending instruction to decode from fetch queue. Fetch queue size: 4.
  89000: system.cpu.fetch: [tid:0] [sn:280] Sending instruction to decode from fetch queue. Fetch queue size: 3.
  89000: system.cpu.fetch: [tid:0] [sn:290] Sending instruction to decode from fetch queue. Fetch queue size: 2.
  89000: system.cpu.fetch: [tid:0] [sn:300] Sending instruction to decode from fetch queue. Fetch queue size: 1.
  89000: system.cpu.fetch: Activity this cycle.
  89000: system.cpu: Activity: 4
  89000: system.cpu.decode: Processing [tid:0]
  89000: system.cpu.decode: [tid:0] Not blocked, so attempting to run stage.
  89000: system.cpu.decode: [tid:0] Sending instruction to rename.
  89000: system.cpu.decode: [tid:0] Processing instruction [sn:110] with PC (0x40101f=>0x401021).(0=>1)
  89000: system.cpu.decode: [tid:0] Processing instruction [sn:120] with PC (0x40101f=>0x401021).(1=>2)
  89000: system.cpu.decode: [tid:0] Processing instruction [sn:130] with PC (0x40101f=>0x401021).(2=>3)
  89000: system.cpu.decode: [tid:0] Processing instruction [sn:140] with PC (0x401021=>0x401023).(0=>1)
  89000: system.cpu.decode: [tid:0] Processing instruction [sn:150] with PC (0x401021=>0x401023).(1=>2)
  89000: system.cpu.decode: [tid:0] Processing instruction [sn:160] with PC (0x401021=>0x401023).(2=>3)
  89000: system.cpu.decode: [tid:0] Processing instruction [sn:170] with PC (0x401023=>0x401025).(0=>1)
  89000: system.cpu.decode: [tid:0] Processing instruction [sn:180] with PC (0x401023=>0x401025).(1=>2)
  89000: system.cpu.decode: [tid:0] Processing instruction [sn:190] with PC (0x401023=>0x401025).(2=>3)
  89000: system.cpu.decode: [tid:0] Processing instruction [sn:200] with PC (0x401025=>0x401027).(0=>1)
  89000: system.cpu.decode: Activity this cycle.
  89000: system.cpu.rename: Processing [tid:0]
  89000: system.cpu.rename: [tid:0] Free IQ: 559, Free ROB: 918, Free LQ: 132, Free SQ: 72, FreeRM 127(879 870 917 1834 127 8 4585)
  89000: system.cpu.rename: [tid:0] 0 instructions not yet in ROB
  89000: system.cpu.rename: calcFreeLQEntries: free lqEntries: 132, loadsInProgress: 0, loads dispatchedToLQ: 0
  89000: system.cpu.rename: [tid:0] Not blocked, so attempting to run stage.
  89000: system.cpu.rename: [tid:0] 10 available instructions to send iew.
  89000: system.cpu.rename: [tid:0] 0 insts pipelining from Rename | 0 insts dispatched to IQ last cycle.
  89000: system.cpu.rename: [tid:0] Sending instructions to IEW.
  89000: system.cpu.rename: [tid:0] Processing instruction [sn:10] with PC (0x401000=>0x401004).(0=>1).
  89000: global: Renamed reg t1 to physical reg 39 (39) old mapping was 17 (17)
  89000: system.cpu.rename: [tid:0] Renaming arch reg 17 (integer) to physical reg 39 (39).
  89000: system.cpu.rename: [tid:0] [sn:10] Adding instruction to history buffer (size=1).
  89000: system.cpu.rename: [tid:0] Processing instruction [sn:20] with PC (0x401000=>0x401004).(1=>2).
  89000: system.cpu.rename: [tid:0] Looking up integer arch reg 4, got phys reg 4 (integer)
  89000: system.cpu.rename: [tid:0] Register 4 (flat: 4) (integer) is ready.
  89000: global: [sn:20] has 1 ready out of 7 sources. RTI 0)
  89000: system.cpu.rename: [tid:0] Looking up integer arch reg 17, got phys reg 39 (integer)
  89000: system.cpu.rename: [tid:0] Register 39 (flat: 39) (integer) is not ready.
  89000: system.cpu.rename: [tid:0] Looking up invalid arch reg 0, got phys reg 4294967295 (invalid)
  89000: system.cpu.rename: [tid:0] Register 4294967295 (flat: 4294967295) (invalid) is ready.
  89000: global: [sn:20] has 2 ready out of 7 sources. RTI 0)
  89000: system.cpu.rename: [tid:0] Looking up invalid arch reg 0, got phys reg 4294967295 (invalid)
  89000: system.cpu.rename: [tid:0] Register 4294967295 (flat: 4294967295) (invalid) is ready.
  89000: global: [sn:20] has 3 ready out of 7 sources. RTI 0)
  89000: system.cpu.rename: [tid:0] Looking up invalid arch reg 0, got phys reg 4294967295 (invalid)
  89000: system.cpu.rename: [tid:0] Register 4294967295 (flat: 4294967295) (invalid) is ready.
  89000: global: [sn:20] has 4 ready out of 7 sources. RTI 0)
  89000: system.cpu.rename: [tid:0] Looking up invalid arch reg 0, got phys reg 4294967295 (invalid)
  89000: system.cpu.rename: [tid:0] Register 4294967295 (flat: 4294967295) (invalid) is ready.
  89000: global: [sn:20] has 5 ready out of 7 sources. RTI 0)
  89000: system.cpu.rename: [tid:0] Looking up invalid arch reg 0, got phys reg 4294967295 (invalid)
  89000: system.cpu.rename: [tid:0] Register 4294967295 (flat: 4294967295) (invalid) is ready.
  89000: global: [sn:20] has 6 ready out of 7 sources. RTI 0)
  89000: global: Renamed reg rsp to physical reg 40 (40) old mapping was 4 (4)
  89000: system.cpu.rename: [tid:0] Renaming arch reg 4 (integer) to physical reg 40 (40).
  89000: system.cpu.rename: [tid:0] [sn:20] Adding instruction to history buffer (size=2).
  89000: global: Renamed reg condition_code[0] to physical reg 4731 (4731) old mapping was 4726 (4726)
  89000: system.cpu.rename: [tid:0] Renaming arch reg 0 (condition_code) to physical reg 5 (4731).
  89000: system.cpu.rename: [tid:0] [sn:20] Adding instruction to history buffer (size=3).
  89000: global: Renamed reg condition_code[1] to physical reg 4732 (4732) old mapping was 4727 (4727)
  89000: system.cpu.rename: [tid:0] Renaming arch reg 1 (condition_code) to physical reg 6 (4732).
  89000: system.cpu.rename: [tid:0] [sn:20] Adding instruction to history buffer (size=4).
  89000: system.cpu.rename: [tid:0] Renaming arch reg 0 (invalid) to physical reg 4294967295 (4294967295).
  89000: system.cpu.rename: [tid:0] [sn:20] Adding instruction to history buffer (size=5).
  89000: system.cpu.rename: [tid:0] Renaming arch reg 0 (invalid) to physical reg 4294967295 (4294967295).
  89000: system.cpu.rename: [tid:0] [sn:20] Adding instruction to history buffer (size=6).
  89000: system.cpu.rename: [tid:0] Renaming arch reg 0 (invalid) to physical reg 4294967295 (4294967295).
  89000: system.cpu.rename: [tid:0] [sn:20] Adding instruction to history buffer (size=7).
  89000: system.cpu.rename: [tid:0] Processing instruction [sn:30] with PC (0x401004=>0x40100b).(0=>1).
  89000: global: Renamed reg t1 to physical reg 41 (41) old mapping was 39 (39)
  89000: system.cpu.rename: [tid:0] Renaming arch reg 17 (integer) to physical reg 41 (41).
  89000: system.cpu.rename: [tid:0] [sn:30] Adding instruction to history buffer (size=8).
  89000: system.cpu.rename: calcFreeSQEntries: free sqEntries: 72, storesInProgress: 0, stores dispatchedToSQ: 0
  89000: system.cpu.rename: [tid:0] Processing instruction [sn:40] with PC (0x401004=>0x40100b).(1=>2).
  89000: system.cpu.rename: [tid:0] Looking up invalid arch reg 0, got phys reg 4294967295 (invalid)
  89000: system.cpu.rename: [tid:0] Register 4294967295 (flat: 4294967295) (invalid) is ready.
  89000: global: [sn:40] has 1 ready out of 4 sources. RTI 0)
  89000: system.cpu.rename: [tid:0] Looking up integer arch reg 4, got phys reg 40 (integer)
  89000: system.cpu.rename: [tid:0] Register 40 (flat: 40) (integer) is not ready.
  89000: system.cpu.rename: [tid:0] Looking up integer arch reg 17, got phys reg 41 (integer)
  89000: system.cpu.rename: [tid:0] Register 41 (flat: 41) (integer) is not ready.
  89000: system.cpu.rename: [tid:0] Looking up miscellaneous arch reg 154, got phys reg 154 (miscellaneous)
  89000: system.cpu.rename: [tid:0] Register 154 (flat: 0) (miscellaneous) is ready.
  89000: global: [sn:40] has 2 ready out of 4 sources. RTI 0)
  89000: system.cpu.rename: calcFreeLQEntries: free lqEntries: 132, loadsInProgress: 0, loads dispatchedToLQ: 0
  89000: system.cpu.rename: [tid:0] Processing instruction [sn:50] with PC (0x40100b=>0x40100f).(0=>1).
  89000: system.cpu.rename: [tid:0] Looking up invalid arch reg 0, got phys reg 4294967295 (invalid)
  89000: system.cpu.rename: [tid:0] Register 4294967295 (flat: 4294967295) (invalid) is ready.
  89000: global: [sn:50] has 1 ready out of 3 sources. RTI 0)
  89000: system.cpu.rename: [tid:0] Looking up integer arch reg 4, got phys reg 40 (integer)
  89000: system.cpu.rename: [tid:0] Register 40 (flat: 40) (integer) is not ready.
  89000: system.cpu.rename: [tid:0] Looking up miscellaneous arch reg 154, got phys reg 154 (miscellaneous)
  89000: system.cpu.rename: [tid:0] Register 154 (flat: 0) (miscellaneous) is ready.
  89000: global: [sn:50] has 2 ready out of 3 sources. RTI 0)
  89000: global: Renamed reg rbx to physical reg 42 (42) old mapping was 3 (3)
  89000: system.cpu.rename: [tid:0] Renaming arch reg 3 (integer) to physical reg 42 (42).
  89000: system.cpu.rename: [tid:0] [sn:50] Adding instruction to history buffer (size=9).
  89000: system.cpu.rename: [tid:0] Processing instruction [sn:60] with PC (0x40100f=>0x401013).(0=>1).
  89000: global: Renamed reg t1 to physical reg 43 (43) old mapping was 41 (41)
  89000: system.cpu.rename: [tid:0] Renaming arch reg 17 (integer) to physical reg 43 (43).
  89000: system.cpu.rename: [tid:0] [sn:60] Adding instruction to history buffer (size=10).
  89000: system.cpu.rename: [tid:0] Processing instruction [sn:70] with PC (0x40100f=>0x401013).(1=>2).
  89000: system.cpu.rename: [tid:0] Looking up integer arch reg 4, got phys reg 40 (integer)
  89000: system.cpu.rename: [tid:0] Register 40 (flat: 40) (integer) is not ready.
  89000: system.cpu.rename: [tid:0] Looking up integer arch reg 17, got phys reg 43 (integer)
  89000: system.cpu.rename: [tid:0] Register 43 (flat: 43) (integer) is not ready.
  89000: system.cpu.rename: [tid:0] Looking up invalid arch reg 0, got phys reg 4294967295 (invalid)
  89000: system.cpu.rename: [tid:0] Register 4294967295 (flat: 4294967295) (invalid) is ready.
  89000: global: [sn:70] has 1 ready out of 7 sources. RTI 0)
  89000: system.cpu.rename: [tid:0] Looking up invalid arch reg 0, got phys reg 4294967295 (invalid)
  89000: system.cpu.rename: [tid:0] Register 4294967295 (flat: 4294967295) (invalid) is ready.
  89000: global: [sn:70] has 2 ready out of 7 sources. RTI 0)
  89000: system.cpu.rename: [tid:0] Looking up invalid arch reg 0, got phys reg 4294967295 (invalid)
  89000: system.cpu.rename: [tid:0] Register 4294967295 (flat: 4294967295) (invalid) is ready.
  89000: global: [sn:70] has 3 ready out of 7 sources. RTI 0)
  89000: system.cpu.rename: [tid:0] Looking up invalid arch reg 0, got phys reg 4294967295 (invalid)
  89000: system.cpu.rename: [tid:0] Register 4294967295 (flat: 4294967295) (invalid) is ready.
  89000: global: [sn:70] has 4 ready out of 7 sources. RTI 0)
  89000: system.cpu.rename: [tid:0] Looking up invalid arch reg 0, got phys reg 4294967295 (invalid)
  89000: system.cpu.rename: [tid:0] Register 4294967295 (flat: 4294967295) (invalid) is ready.
  89000: global: [sn:70] has 5 ready out of 7 sources. RTI 0)
  89000: global: Renamed reg rsp to physical reg 44 (44) old mapping was 40 (40)
  89000: system.cpu.rename: [tid:0] Renaming arch reg 4 (integer) to physical reg 44 (44).
  89000: system.cpu.rename: [tid:0] [sn:70] Adding instruction to history buffer (size=11).
  89000: global: Renamed reg condition_code[0] to physical reg 4733 (4733) old mapping was 4731 (4731)
  89000: system.cpu.rename: [tid:0] Renaming arch reg 0 (condition_code) to physical reg 7 (4733).
  89000: system.cpu.rename: [tid:0] [sn:70] Adding instruction to history buffer (size=12).
  89000: global: Renamed reg condition_code[1] to physical reg 4734 (4734) old mapping was 4732 (4732)
  89000: system.cpu.rename: [tid:0] Renaming arch reg 1 (condition_code) to physical reg 8 (4734).
  89000: system.cpu.rename: [tid:0] [sn:70] Adding instruction to history buffer (size=13).
  89000: system.cpu.rename: [tid:0] Renaming arch reg 0 (invalid) to physical reg 4294967295 (4294967295).
  89000: system.cpu.rename: [tid:0] [sn:70] Adding instruction to history buffer (size=14).
  89000: system.cpu.rename: [tid:0] Renaming arch reg 0 (invalid) to physical reg 4294967295 (4294967295).
  89000: system.cpu.rename: [tid:0] [sn:70] Adding instruction to history buffer (size=15).
  89000: system.cpu.rename: [tid:0] Renaming arch reg 0 (invalid) to physical reg 4294967295 (4294967295).
  89000: system.cpu.rename: [tid:0] [sn:70] Adding instruction to history buffer (size=16).
  89000: system.cpu.rename: [tid:0] Processing instruction [sn:80] with PC (0x401013=>0x40101a).(0=>1).
  89000: global: Renamed reg rax to physical reg 45 (45) old mapping was 0 (0)
  89000: system.cpu.rename: [tid:0] Renaming arch reg 0 (integer) to physical reg 45 (45).
  89000: system.cpu.rename: [tid:0] [sn:80] Adding instruction to history buffer (size=17).
  89000: system.cpu.rename: [tid:0] Processing instruction [sn:90] with PC (0x40101a=>0x40101d).(0=>1).
  89000: system.cpu.rename: [tid:0] Looking up integer arch reg 7, got phys reg 7 (integer)
  89000: system.cpu.rename: [tid:0] Register 7 (flat: 7) (integer) is ready.
  89000: global: [sn:90] has 1 ready out of 7 sources. RTI 0)
  89000: system.cpu.rename: [tid:0] Looking up integer arch reg 7, got phys reg 7 (integer)
  89000: system.cpu.rename: [tid:0] Register 7 (flat: 7) (integer) is ready.
  89000: global: [sn:90] has 2 ready out of 7 sources. RTI 0)
  89000: system.cpu.rename: [tid:0] Looking up invalid arch reg 0, got phys reg 4294967295 (invalid)
  89000: system.cpu.rename: [tid:0] Register 4294967295 (flat: 4294967295) (invalid) is ready.
  89000: global: [sn:90] has 3 ready out of 7 sources. RTI 0)
  89000: system.cpu.rename: [tid:0] Looking up invalid arch reg 0, got phys reg 4294967295 (invalid)
  89000: system.cpu.rename: [tid:0] Register 4294967295 (flat: 4294967295) (invalid) is ready.
  89000: global: [sn:90] has 4 ready out of 7 sources. RTI 0)
  89000: system.cpu.rename: [tid:0] Looking up invalid arch reg 0, got phys reg 4294967295 (invalid)
  89000: system.cpu.rename: [tid:0] Register 4294967295 (flat: 4294967295) (invalid) is ready.
  89000: global: [sn:90] has 5 ready out of 7 sources. RTI 0)
  89000: system.cpu.rename: [tid:0] Looking up invalid arch reg 0, got phys reg 4294967295 (invalid)
  89000: system.cpu.rename: [tid:0] Register 4294967295 (flat: 4294967295) (invalid) is ready.
  89000: global: [sn:90] has 6 ready out of 7 sources. RTI 0)
  89000: system.cpu.rename: [tid:0] Looking up invalid arch reg 0, got phys reg 4294967295 (invalid)
  89000: system.cpu.rename: [tid:0] Register 4294967295 (flat: 4294967295) (invalid) is ready.
  89000: global: [sn:90] has 7 ready out of 7 sources. RTI 0)
  89000: global: Renamed reg rdi to physical reg 46 (46) old mapping was 7 (7)
  89000: system.cpu.rename: [tid:0] Renaming arch reg 7 (integer) to physical reg 46 (46).
  89000: system.cpu.rename: [tid:0] [sn:90] Adding instruction to history buffer (size=18).
  89000: global: Renamed reg condition_code[0] to physical reg 4735 (4735) old mapping was 4733 (4733)
  89000: system.cpu.rename: [tid:0] Renaming arch reg 0 (condition_code) to physical reg 9 (4735).
  89000: system.cpu.rename: [tid:0] [sn:90] Adding instruction to history buffer (size=19).
  89000: global: Renamed reg condition_code[1] to physical reg 4736 (4736) old mapping was 4734 (4734)
  89000: system.cpu.rename: [tid:0] Renaming arch reg 1 (condition_code) to physical reg 10 (4736).
  89000: system.cpu.rename: [tid:0] [sn:90] Adding instruction to history buffer (size=20).
  89000: system.cpu.rename: [tid:0] Renaming arch reg 0 (invalid) to physical reg 4294967295 (4294967295).
  89000: system.cpu.rename: [tid:0] [sn:90] Adding instruction to history buffer (size=21).
  89000: system.cpu.rename: [tid:0] Renaming arch reg 0 (invalid) to physical reg 4294967295 (4294967295).
  89000: system.cpu.rename: [tid:0] [sn:90] Adding instruction to history buffer (size=22).
  89000: system.cpu.rename: [tid:0] Renaming arch reg 0 (invalid) to physical reg 4294967295 (4294967295).
  89000: system.cpu.rename: [tid:0] [sn:90] Adding instruction to history buffer (size=23).
  89000: system.cpu.rename: [tid:0] Processing instruction [sn:100] with PC (0x40101d=>0x40101f).(0=>1).
  89000: system.cpu.rename: Activity this cycle.
  89000: system.cpu.iew: Issue: Processing [tid:0]
  89000: system.cpu.iew: [tid:0] Not blocked, so attempting to run dispatch.
  89000: system.cpu.iq: Attempting to schedule ready instructions from the IQ.
  89000: system.cpu.iq: Not able to schedule any instructions.
  89000: system.cpu.iew: Processing [tid:0]
  89000: system.cpu.iew: [tid:0], Dispatch dispatched 0 instructions.
  89000: system.cpu.iew.lsq.thread0: SQ size: 72, #stores occupied: 0
  89000: system.cpu.iew.lsq.thread0: LQ size: 132, #loads occupied: 0
  89000: system.cpu.iew: IQ has 559 free entries (Can schedule: 0).  LQ has 132 free entries. SQ has 72 free entries.
  89000: system.cpu.commit: Getting instructions from Rename stage.
  89000: system.cpu.commit: Trying to commit instructions in the ROB.
  89000: system.cpu.commit: [tid:0] ROB has 0 insts & 918 free entries.
  89000: system.cpu: Scheduling next tick!
  90000: system.cpu: 

O3CPU: Ticking main, O3CPU.
  90000: system.cpu.fetch: Running stage.
  90000: system.cpu.fetch: Attempting to fetch from [tid:0]
  90000: system.cpu.fetch: [tid:0] Adding instructions to queue to decode.
  90000: global: DynInst: [sn:310] Instruction created. Instcount for system.cpu = 31
  90000: system.cpu.fetch: [tid:0] Instruction PC (0x40102b=>0x40102d).(2=>3) created [sn:310].
  90000: system.cpu.fetch: [tid:0] Instruction is:   ADD_M_R : st   t1b, DS:[rax]
  90000: system.cpu.fetch: [tid:0] Fetch queue entry created (1/128).
  90000: system.cpu.decoder: Decode: Decoded add instruction: 
{
	leg = 0,
	rex = 0,
	vex/xop = 0,
	op = {
		type = one byte,
		op = 0,
		},
	modRM = 0,
	sib = 0,
	immediate = 0,
	displacement = 0
	dispSize = 0}

  90000: global: DynInst: [sn:320] Instruction created. Instcount for system.cpu = 32
  90000: system.cpu.fetch: [tid:0] Instruction PC (0x40102d=>0x40102f).(0=>1) created [sn:320].
  90000: system.cpu.fetch: [tid:0] Instruction is:   ADD_M_R : ldst   t1b, DS:[rax]
  90000: system.cpu.fetch: [tid:0] Fetch queue entry created (2/128).
  90000: global: DynInst: [sn:330] Instruction created. Instcount for system.cpu = 33
  90000: system.cpu.fetch: [tid:0] Instruction PC (0x40102d=>0x40102f).(1=>2) created [sn:330].
  90000: system.cpu.fetch: [tid:0] Instruction is:   ADD_M_R : add   t1b, t1b, al
  90000: system.cpu.fetch: [tid:0] Fetch queue entry created (3/128).
  90000: global: DynInst: [sn:340] Instruction created. Instcount for system.cpu = 34
  90000: system.cpu.fetch: [tid:0] Instruction PC (0x40102d=>0x40102f).(2=>3) created [sn:340].
  90000: system.cpu.fetch: [tid:0] Instruction is:   ADD_M_R : st   t1b, DS:[rax]
  90000: system.cpu.fetch: [tid:0] Fetch queue entry created (4/128).
  90000: system.cpu.decoder: Decode: Decoded add instruction: 
{
	leg = 0,
	rex = 0,
	vex/xop = 0,
	op = {
		type = one byte,
		op = 0,
		},
	modRM = 0,
	sib = 0,
	immediate = 0,
	displacement = 0
	dispSize = 0}

  90000: global: DynInst: [sn:350] Instruction created. Instcount for system.cpu = 35
  90000: system.cpu.fetch: [tid:0] Instruction PC (0x40102f=>0x401031).(0=>1) created [sn:350].
  90000: system.cpu.fetch: [tid:0] Instruction is:   ADD_M_R : ldst   t1b, DS:[rax]
  90000: system.cpu.fetch: [tid:0] Fetch queue entry created (5/128).
  90000: global: DynInst: [sn:360] Instruction created. Instcount for system.cpu = 36
  90000: system.cpu.fetch: [tid:0] Instruction PC (0x40102f=>0x401031).(1=>2) created [sn:360].
  90000: system.cpu.fetch: [tid:0] Instruction is:   ADD_M_R : add   t1b, t1b, al
  90000: system.cpu.fetch: [tid:0] Fetch queue entry created (6/128).
  90000: global: DynInst: [sn:370] Instruction created. Instcount for system.cpu = 37
  90000: system.cpu.fetch: [tid:0] Instruction PC (0x40102f=>0x401031).(2=>3) created [sn:370].
  90000: system.cpu.fetch: [tid:0] Instruction is:   ADD_M_R : st   t1b, DS:[rax]
  90000: system.cpu.fetch: [tid:0] Fetch queue entry created (7/128).
  90000: system.cpu.decoder: Decode: Decoded add instruction: 
{
	leg = 0,
	rex = 0,
	vex/xop = 0,
	op = {
		type = one byte,
		op = 0,
		},
	modRM = 0,
	sib = 0,
	immediate = 0,
	displacement = 0
	dispSize = 0}

  90000: global: DynInst: [sn:380] Instruction created. Instcount for system.cpu = 38
  90000: system.cpu.fetch: [tid:0] Instruction PC (0x401031=>0x401033).(0=>1) created [sn:380].
  90000: system.cpu.fetch: [tid:0] Instruction is:   ADD_M_R : ldst   t1b, DS:[rax]
  90000: system.cpu.fetch: [tid:0] Fetch queue entry created (8/128).
  90000: global: DynInst: [sn:390] Instruction created. Instcount for system.cpu = 39
  90000: system.cpu.fetch: [tid:0] Instruction PC (0x401031=>0x401033).(1=>2) created [sn:390].
  90000: system.cpu.fetch: [tid:0] Instruction is:   ADD_M_R : add   t1b, t1b, al
  90000: system.cpu.fetch: [tid:0] Fetch queue entry created (9/128).
  90000: global: DynInst: [sn:400] Instruction created. Instcount for system.cpu = 40
  90000: system.cpu.fetch: [tid:0] Instruction PC (0x401031=>0x401033).(2=>3) created [sn:400].
  90000: system.cpu.fetch: [tid:0] Instruction is:   ADD_M_R : st   t1b, DS:[rax]
  90000: system.cpu.fetch: [tid:0] Fetch queue entry created (10/128).
  90000: system.cpu.fetch: [tid:0] Done fetching, reached fetch bandwidth for this cycle.
  90000: system.cpu.fetch: [tid:0] [sn:310] Sending instruction to decode from fetch queue. Fetch queue size: 10.
  90000: system.cpu.fetch: [tid:0] [sn:320] Sending instruction to decode from fetch queue. Fetch queue size: 9.
  90000: system.cpu.fetch: [tid:0] [sn:330] Sending instruction to decode from fetch queue. Fetch queue size: 8.
  90000: system.cpu.fetch: [tid:0] [sn:340] Sending instruction to decode from fetch queue. Fetch queue size: 7.
  90000: system.cpu.fetch: [tid:0] [sn:350] Sending instruction to decode from fetch queue. Fetch queue size: 6.
  90000: system.cpu.fetch: [tid:0] [sn:360] Sending instruction to decode from fetch queue. Fetch queue size: 5.
  90000: system.cpu.fetch: [tid:0] [sn:370] Sending instruction to decode from fetch queue. Fetch queue size: 4.
  90000: system.cpu.fetch: [tid:0] [sn:380] Sending instruction to decode from fetch queue. Fetch queue size: 3.
  90000: system.cpu.fetch: [tid:0] [sn:390] Sending instruction to decode from fetch queue. Fetch queue size: 2.
  90000: system.cpu.fetch: [tid:0] [sn:400] Sending instruction to decode from fetch queue. Fetch queue size: 1.
  90000: system.cpu.fetch: Activity this cycle.
  90000: system.cpu: Activity: 5
  90000: system.cpu.decode: Processing [tid:0]
  90000: system.cpu.decode: [tid:0] Not blocked, so attempting to run stage.
  90000: system.cpu.decode: [tid:0] Sending instruction to rename.
  90000: system.cpu.decode: [tid:0] Processing instruction [sn:210] with PC (0x401025=>0x401027).(1=>2)
  90000: system.cpu.decode: [tid:0] Processing instruction [sn:220] with PC (0x401025=>0x401027).(2=>3)
  90000: system.cpu.decode: [tid:0] Processing instruction [sn:230] with PC (0x401027=>0x401029).(0=>1)
  90000: system.cpu.decode: [tid:0] Processing instruction [sn:240] with PC (0x401027=>0x401029).(1=>2)
  90000: system.cpu.decode: [tid:0] Processing instruction [sn:250] with PC (0x401027=>0x401029).(2=>3)
  90000: system.cpu.decode: [tid:0] Processing instruction [sn:260] with PC (0x401029=>0x40102b).(0=>1)
  90000: system.cpu.decode: [tid:0] Processing instruction [sn:270] with PC (0x401029=>0x40102b).(1=>2)
  90000: system.cpu.decode: [tid:0] Processing instruction [sn:280] with PC (0x401029=>0x40102b).(2=>3)
  90000: system.cpu.decode: [tid:0] Processing instruction [sn:290] with PC (0x40102b=>0x40102d).(0=>1)
  90000: system.cpu.decode: [tid:0] Processing instruction [sn:300] with PC (0x40102b=>0x40102d).(1=>2)
  90000: system.cpu.decode: Activity this cycle.
  90000: system.cpu.rename: Processing [tid:0]
  90000: system.cpu.rename: [tid:0] Free IQ: 559, Free ROB: 918, Free LQ: 132, Free SQ: 72, FreeRM 127(871 870 917 1834 127 8 4579)
  90000: system.cpu.rename: [tid:0] 10 instructions not yet in ROB
  90000: system.cpu.rename: calcFreeLQEntries: free lqEntries: 132, loadsInProgress: 1, loads dispatchedToLQ: 0
  90000: system.cpu.rename: [tid:0] Not blocked, so attempting to run stage.
  90000: system.cpu.rename: [tid:0] 10 available instructions to send iew.
  90000: system.cpu.rename: [tid:0] 10 insts pipelining from Rename | 0 insts dispatched to IQ last cycle.
  90000: system.cpu.rename: [tid:0] Sending instructions to IEW.
  90000: system.cpu.rename: calcFreeLQEntries: free lqEntries: 132, loadsInProgress: 1, loads dispatchedToLQ: 0
  90000: system.cpu.rename: [tid:0] Processing instruction [sn:110] with PC (0x40101f=>0x401021).(0=>1).
  90000: system.cpu.rename: [tid:0] Looking up invalid arch reg 0, got phys reg 4294967295 (invalid)
  90000: system.cpu.rename: [tid:0] Register 4294967295 (flat: 4294967295) (invalid) is ready.
  90000: global: [sn:110] has 1 ready out of 4 sources. RTI 0)
  90000: system.cpu.rename: [tid:0] Looking up integer arch reg 0, got phys reg 45 (integer)
  90000: system.cpu.rename: [tid:0] Register 45 (flat: 45) (integer) is not ready.
  90000: system.cpu.rename: [tid:0] Looking up integer arch reg 17, got phys reg 43 (integer)
  90000: system.cpu.rename: [tid:0] Register 43 (flat: 43) (integer) is not ready.
  90000: system.cpu.rename: [tid:0] Looking up miscellaneous arch reg 155, got phys reg 155 (miscellaneous)
  90000: system.cpu.rename: [tid:0] Register 155 (flat: 0) (miscellaneous) is ready.
  90000: global: [sn:110] has 2 ready out of 4 sources. RTI 0)
  90000: global: Renamed reg t1 to physical reg 47 (47) old mapping was 43 (43)
  90000: system.cpu.rename: [tid:0] Renaming arch reg 17 (integer) to physical reg 47 (47).
  90000: system.cpu.rename: [tid:0] [sn:110] Adding instruction to history buffer (size=24).
  90000: system.cpu.rename: [tid:0] Processing instruction [sn:120] with PC (0x40101f=>0x401021).(1=>2).
  90000: system.cpu.rename: [tid:0] Looking up integer arch reg 17, got phys reg 47 (integer)
  90000: system.cpu.rename: [tid:0] Register 47 (flat: 47) (integer) is not ready.
  90000: system.cpu.rename: [tid:0] Looking up integer arch reg 0, got phys reg 45 (integer)
  90000: system.cpu.rename: [tid:0] Register 45 (flat: 45) (integer) is not ready.
  90000: system.cpu.rename: [tid:0] Looking up integer arch reg 17, got phys reg 47 (integer)
  90000: system.cpu.rename: [tid:0] Register 47 (flat: 47) (integer) is not ready.
  90000: system.cpu.rename: [tid:0] Looking up invalid arch reg 0, got phys reg 4294967295 (invalid)
  90000: system.cpu.rename: [tid:0] Register 4294967295 (flat: 4294967295) (invalid) is ready.
  90000: global: [sn:120] has 1 ready out of 8 sources. RTI 0)
  90000: system.cpu.rename: [tid:0] Looking up invalid arch reg 0, got phys reg 4294967295 (invalid)
  90000: system.cpu.rename: [tid:0] Register 4294967295 (flat: 4294967295) (invalid) is ready.
  90000: global: [sn:120] has 2 ready out of 8 sources. RTI 0)
  90000: system.cpu.rename: [tid:0] Looking up invalid arch reg 0, got phys reg 4294967295 (invalid)
  90000: system.cpu.rename: [tid:0] Register 4294967295 (flat: 4294967295) (invalid) is ready.
  90000: global: [sn:120] has 3 ready out of 8 sources. RTI 0)
  90000: system.cpu.rename: [tid:0] Looking up invalid arch reg 0, got phys reg 4294967295 (invalid)
  90000: system.cpu.rename: [tid:0] Register 4294967295 (flat: 4294967295) (invalid) is ready.
  90000: global: [sn:120] has 4 ready out of 8 sources. RTI 0)
  90000: system.cpu.rename: [tid:0] Looking up invalid arch reg 0, got phys reg 4294967295 (invalid)
  90000: system.cpu.rename: [tid:0] Register 4294967295 (flat: 4294967295) (invalid) is ready.
  90000: global: [sn:120] has 5 ready out of 8 sources. RTI 0)
  90000: global: Renamed reg t1 to physical reg 48 (48) old mapping was 47 (47)
  90000: system.cpu.rename: [tid:0] Renaming arch reg 17 (integer) to physical reg 48 (48).
  90000: system.cpu.rename: [tid:0] [sn:120] Adding instruction to history buffer (size=25).
  90000: global: Renamed reg condition_code[0] to physical reg 4737 (4737) old mapping was 4735 (4735)
  90000: system.cpu.rename: [tid:0] Renaming arch reg 0 (condition_code) to physical reg 11 (4737).
  90000: system.cpu.rename: [tid:0] [sn:120] Adding instruction to history buffer (size=26).
  90000: global: Renamed reg condition_code[1] to physical reg 4738 (4738) old mapping was 4736 (4736)
  90000: system.cpu.rename: [tid:0] Renaming arch reg 1 (condition_code) to physical reg 12 (4738).
  90000: system.cpu.rename: [tid:0] [sn:120] Adding instruction to history buffer (size=27).
  90000: system.cpu.rename: [tid:0] Renaming arch reg 0 (invalid) to physical reg 4294967295 (4294967295).
  90000: system.cpu.rename: [tid:0] [sn:120] Adding instruction to history buffer (size=28).
  90000: system.cpu.rename: [tid:0] Renaming arch reg 0 (invalid) to physical reg 4294967295 (4294967295).
  90000: system.cpu.rename: [tid:0] [sn:120] Adding instruction to history buffer (size=29).
  90000: system.cpu.rename: [tid:0] Renaming arch reg 0 (invalid) to physical reg 4294967295 (4294967295).
  90000: system.cpu.rename: [tid:0] [sn:120] Adding instruction to history buffer (size=30).
  90000: system.cpu.rename: calcFreeSQEntries: free sqEntries: 72, storesInProgress: 1, stores dispatchedToSQ: 0
  90000: system.cpu.rename: [tid:0] Processing instruction [sn:130] with PC (0x40101f=>0x401021).(2=>3).
  90000: system.cpu.rename: [tid:0] Looking up invalid arch reg 0, got phys reg 4294967295 (invalid)
  90000: system.cpu.rename: [tid:0] Register 4294967295 (flat: 4294967295) (invalid) is ready.
  90000: global: [sn:130] has 1 ready out of 4 sources. RTI 0)
  90000: system.cpu.rename: [tid:0] Looking up integer arch reg 0, got phys reg 45 (integer)
  90000: system.cpu.rename: [tid:0] Register 45 (flat: 45) (integer) is not ready.
  90000: system.cpu.rename: [tid:0] Looking up integer arch reg 17, got phys reg 48 (integer)
  90000: system.cpu.rename: [tid:0] Register 48 (flat: 48) (integer) is not ready.
  90000: system.cpu.rename: [tid:0] Looking up miscellaneous arch reg 155, got phys reg 155 (miscellaneous)
  90000: system.cpu.rename: [tid:0] Register 155 (flat: 0) (miscellaneous) is ready.
  90000: global: [sn:130] has 2 ready out of 4 sources. RTI 0)
  90000: system.cpu.rename: calcFreeLQEntries: free lqEntries: 132, loadsInProgress: 2, loads dispatchedToLQ: 0
  90000: system.cpu.rename: [tid:0] Processing instruction [sn:140] with PC (0x401021=>0x401023).(0=>1).
  90000: system.cpu.rename: [tid:0] Looking up invalid arch reg 0, got phys reg 4294967295 (invalid)
  90000: system.cpu.rename: [tid:0] Register 4294967295 (flat: 4294967295) (invalid) is ready.
  90000: global: [sn:140] has 1 ready out of 4 sources. RTI 0)
  90000: system.cpu.rename: [tid:0] Looking up integer arch reg 0, got phys reg 45 (integer)
  90000: system.cpu.rename: [tid:0] Register 45 (flat: 45) (integer) is not ready.
  90000: system.cpu.rename: [tid:0] Looking up integer arch reg 17, got phys reg 48 (integer)
  90000: system.cpu.rename: [tid:0] Register 48 (flat: 48) (integer) is not ready.
  90000: system.cpu.rename: [tid:0] Looking up miscellaneous arch reg 155, got phys reg 155 (miscellaneous)
  90000: system.cpu.rename: [tid:0] Register 155 (flat: 0) (miscellaneous) is ready.
  90000: global: [sn:140] has 2 ready out of 4 sources. RTI 0)
  90000: global: Renamed reg t1 to physical reg 49 (49) old mapping was 48 (48)
  90000: system.cpu.rename: [tid:0] Renaming arch reg 17 (integer) to physical reg 49 (49).
  90000: system.cpu.rename: [tid:0] [sn:140] Adding instruction to history buffer (size=31).
  90000: system.cpu.rename: [tid:0] Processing instruction [sn:150] with PC (0x401021=>0x401023).(1=>2).
  90000: system.cpu.rename: [tid:0] Looking up integer arch reg 17, got phys reg 49 (integer)
  90000: system.cpu.rename: [tid:0] Register 49 (flat: 49) (integer) is not ready.
  90000: system.cpu.rename: [tid:0] Looking up integer arch reg 0, got phys reg 45 (integer)
  90000: system.cpu.rename: [tid:0] Register 45 (flat: 45) (integer) is not ready.
  90000: system.cpu.rename: [tid:0] Looking up integer arch reg 17, got phys reg 49 (integer)
  90000: system.cpu.rename: [tid:0] Register 49 (flat: 49) (integer) is not ready.
  90000: system.cpu.rename: [tid:0] Looking up invalid arch reg 0, got phys reg 4294967295 (invalid)
  90000: system.cpu.rename: [tid:0] Register 4294967295 (flat: 4294967295) (invalid) is ready.
  90000: global: [sn:150] has 1 ready out of 8 sources. RTI 0)
  90000: system.cpu.rename: [tid:0] Looking up invalid arch reg 0, got phys reg 4294967295 (invalid)
  90000: system.cpu.rename: [tid:0] Register 4294967295 (flat: 4294967295) (invalid) is ready.
  90000: global: [sn:150] has 2 ready out of 8 sources. RTI 0)
  90000: system.cpu.rename: [tid:0] Looking up invalid arch reg 0, got phys reg 4294967295 (invalid)
  90000: system.cpu.rename: [tid:0] Register 4294967295 (flat: 4294967295) (invalid) is ready.
  90000: global: [sn:150] has 3 ready out of 8 sources. RTI 0)
  90000: system.cpu.rename: [tid:0] Looking up invalid arch reg 0, got phys reg 4294967295 (invalid)
  90000: system.cpu.rename: [tid:0] Register 4294967295 (flat: 4294967295) (invalid) is ready.
  90000: global: [sn:150] has 4 ready out of 8 sources. RTI 0)
  90000: system.cpu.rename: [tid:0] Looking up invalid arch reg 0, got phys reg 4294967295 (invalid)
  90000: system.cpu.rename: [tid:0] Register 4294967295 (flat: 4294967295) (invalid) is ready.
  90000: global: [sn:150] has 5 ready out of 8 sources. RTI 0)
  90000: global: Renamed reg t1 to physical reg 50 (50) old mapping was 49 (49)
  90000: system.cpu.rename: [tid:0] Renaming arch reg 17 (integer) to physical reg 50 (50).
  90000: system.cpu.rename: [tid:0] [sn:150] Adding instruction to history buffer (size=32).
  90000: global: Renamed reg condition_code[0] to physical reg 4739 (4739) old mapping was 4737 (4737)
  90000: system.cpu.rename: [tid:0] Renaming arch reg 0 (condition_code) to physical reg 13 (4739).
  90000: system.cpu.rename: [tid:0] [sn:150] Adding instruction to history buffer (size=33).
  90000: global: Renamed reg condition_code[1] to physical reg 4740 (4740) old mapping was 4738 (4738)
  90000: system.cpu.rename: [tid:0] Renaming arch reg 1 (condition_code) to physical reg 14 (4740).
  90000: system.cpu.rename: [tid:0] [sn:150] Adding instruction to history buffer (size=34).
  90000: system.cpu.rename: [tid:0] Renaming arch reg 0 (invalid) to physical reg 4294967295 (4294967295).
  90000: system.cpu.rename: [tid:0] [sn:150] Adding instruction to history buffer (size=35).
  90000: system.cpu.rename: [tid:0] Renaming arch reg 0 (invalid) to physical reg 4294967295 (4294967295).
  90000: system.cpu.rename: [tid:0] [sn:150] Adding instruction to history buffer (size=36).
  90000: system.cpu.rename: [tid:0] Renaming arch reg 0 (invalid) to physical reg 4294967295 (4294967295).
  90000: system.cpu.rename: [tid:0] [sn:150] Adding instruction to history buffer (size=37).
  90000: system.cpu.rename: calcFreeSQEntries: free sqEntries: 72, storesInProgress: 2, stores dispatchedToSQ: 0
  90000: system.cpu.rename: [tid:0] Processing instruction [sn:160] with PC (0x401021=>0x401023).(2=>3).
  90000: system.cpu.rename: [tid:0] Looking up invalid arch reg 0, got phys reg 4294967295 (invalid)
  90000: system.cpu.rename: [tid:0] Register 4294967295 (flat: 4294967295) (invalid) is ready.
  90000: global: [sn:160] has 1 ready out of 4 sources. RTI 0)
  90000: system.cpu.rename: [tid:0] Looking up integer arch reg 0, got phys reg 45 (integer)
  90000: system.cpu.rename: [tid:0] Register 45 (flat: 45) (integer) is not ready.
  90000: system.cpu.rename: [tid:0] Looking up integer arch reg 17, got phys reg 50 (integer)
  90000: system.cpu.rename: [tid:0] Register 50 (flat: 50) (integer) is not ready.
  90000: system.cpu.rename: [tid:0] Looking up miscellaneous arch reg 155, got phys reg 155 (miscellaneous)
  90000: system.cpu.rename: [tid:0] Register 155 (flat: 0) (miscellaneous) is ready.
  90000: global: [sn:160] has 2 ready out of 4 sources. RTI 0)
  90000: system.cpu.rename: calcFreeLQEntries: free lqEntries: 132, loadsInProgress: 3, loads dispatchedToLQ: 0
  90000: system.cpu.rename: [tid:0] Processing instruction [sn:170] with PC (0x401023=>0x401025).(0=>1).
  90000: system.cpu.rename: [tid:0] Looking up invalid arch reg 0, got phys reg 4294967295 (invalid)
  90000: system.cpu.rename: [tid:0] Register 4294967295 (flat: 4294967295) (invalid) is ready.
  90000: global: [sn:170] has 1 ready out of 4 sources. RTI 0)
  90000: system.cpu.rename: [tid:0] Looking up integer arch reg 0, got phys reg 45 (integer)
  90000: system.cpu.rename: [tid:0] Register 45 (flat: 45) (integer) is not ready.
  90000: system.cpu.rename: [tid:0] Looking up integer arch reg 17, got phys reg 50 (integer)
  90000: system.cpu.rename: [tid:0] Register 50 (flat: 50) (integer) is not ready.
  90000: system.cpu.rename: [tid:0] Looking up miscellaneous arch reg 155, got phys reg 155 (miscellaneous)
  90000: system.cpu.rename: [tid:0] Register 155 (flat: 0) (miscellaneous) is ready.
  90000: global: [sn:170] has 2 ready out of 4 sources. RTI 0)
  90000: global: Renamed reg t1 to physical reg 51 (51) old mapping was 50 (50)
  90000: system.cpu.rename: [tid:0] Renaming arch reg 17 (integer) to physical reg 51 (51).
  90000: system.cpu.rename: [tid:0] [sn:170] Adding instruction to history buffer (size=38).
  90000: system.cpu.rename: [tid:0] Processing instruction [sn:180] with PC (0x401023=>0x401025).(1=>2).
  90000: system.cpu.rename: [tid:0] Looking up integer arch reg 17, got phys reg 51 (integer)
  90000: system.cpu.rename: [tid:0] Register 51 (flat: 51) (integer) is not ready.
  90000: system.cpu.rename: [tid:0] Looking up integer arch reg 0, got phys reg 45 (integer)
  90000: system.cpu.rename: [tid:0] Register 45 (flat: 45) (integer) is not ready.
  90000: system.cpu.rename: [tid:0] Looking up integer arch reg 17, got phys reg 51 (integer)
  90000: system.cpu.rename: [tid:0] Register 51 (flat: 51) (integer) is not ready.
  90000: system.cpu.rename: [tid:0] Looking up invalid arch reg 0, got phys reg 4294967295 (invalid)
  90000: system.cpu.rename: [tid:0] Register 4294967295 (flat: 4294967295) (invalid) is ready.
  90000: global: [sn:180] has 1 ready out of 8 sources. RTI 0)
  90000: system.cpu.rename: [tid:0] Looking up invalid arch reg 0, got phys reg 4294967295 (invalid)
  90000: system.cpu.rename: [tid:0] Register 4294967295 (flat: 4294967295) (invalid) is ready.
  90000: global: [sn:180] has 2 ready out of 8 sources. RTI 0)
  90000: system.cpu.rename: [tid:0] Looking up invalid arch reg 0, got phys reg 4294967295 (invalid)
  90000: system.cpu.rename: [tid:0] Register 4294967295 (flat: 4294967295) (invalid) is ready.
  90000: global: [sn:180] has 3 ready out of 8 sources. RTI 0)
  90000: system.cpu.rename: [tid:0] Looking up invalid arch reg 0, got phys reg 4294967295 (invalid)
  90000: system.cpu.rename: [tid:0] Register 4294967295 (flat: 4294967295) (invalid) is ready.
  90000: global: [sn:180] has 4 ready out of 8 sources. RTI 0)
  90000: system.cpu.rename: [tid:0] Looking up invalid arch reg 0, got phys reg 4294967295 (invalid)
  90000: system.cpu.rename: [tid:0] Register 4294967295 (flat: 4294967295) (invalid) is ready.
  90000: global: [sn:180] has 5 ready out of 8 sources. RTI 0)
  90000: global: Renamed reg t1 to physical reg 52 (52) old mapping was 51 (51)
  90000: system.cpu.rename: [tid:0] Renaming arch reg 17 (integer) to physical reg 52 (52).
  90000: system.cpu.rename: [tid:0] [sn:180] Adding instruction to history buffer (size=39).
  90000: global: Renamed reg condition_code[0] to physical reg 4741 (4741) old mapping was 4739 (4739)
  90000: system.cpu.rename: [tid:0] Renaming arch reg 0 (condition_code) to physical reg 15 (4741).
  90000: system.cpu.rename: [tid:0] [sn:180] Adding instruction to history buffer (size=40).
  90000: global: Renamed reg condition_code[1] to physical reg 4742 (4742) old mapping was 4740 (4740)
  90000: system.cpu.rename: [tid:0] Renaming arch reg 1 (condition_code) to physical reg 16 (4742).
  90000: system.cpu.rename: [tid:0] [sn:180] Adding instruction to history buffer (size=41).
  90000: system.cpu.rename: [tid:0] Renaming arch reg 0 (invalid) to physical reg 4294967295 (4294967295).
  90000: system.cpu.rename: [tid:0] [sn:180] Adding instruction to history buffer (size=42).
  90000: system.cpu.rename: [tid:0] Renaming arch reg 0 (invalid) to physical reg 4294967295 (4294967295).
  90000: system.cpu.rename: [tid:0] [sn:180] Adding instruction to history buffer (size=43).
  90000: system.cpu.rename: [tid:0] Renaming arch reg 0 (invalid) to physical reg 4294967295 (4294967295).
  90000: system.cpu.rename: [tid:0] [sn:180] Adding instruction to history buffer (size=44).
  90000: system.cpu.rename: calcFreeSQEntries: free sqEntries: 72, storesInProgress: 3, stores dispatchedToSQ: 0
  90000: system.cpu.rename: [tid:0] Processing instruction [sn:190] with PC (0x401023=>0x401025).(2=>3).
  90000: system.cpu.rename: [tid:0] Looking up invalid arch reg 0, got phys reg 4294967295 (invalid)
  90000: system.cpu.rename: [tid:0] Register 4294967295 (flat: 4294967295) (invalid) is ready.
  90000: global: [sn:190] has 1 ready out of 4 sources. RTI 0)
  90000: system.cpu.rename: [tid:0] Looking up integer arch reg 0, got phys reg 45 (integer)
  90000: system.cpu.rename: [tid:0] Register 45 (flat: 45) (integer) is not ready.
  90000: system.cpu.rename: [tid:0] Looking up integer arch reg 17, got phys reg 52 (integer)
  90000: system.cpu.rename: [tid:0] Register 52 (flat: 52) (integer) is not ready.
  90000: system.cpu.rename: [tid:0] Looking up miscellaneous arch reg 155, got phys reg 155 (miscellaneous)
  90000: system.cpu.rename: [tid:0] Register 155 (flat: 0) (miscellaneous) is ready.
  90000: global: [sn:190] has 2 ready out of 4 sources. RTI 0)
  90000: system.cpu.rename: calcFreeLQEntries: free lqEntries: 132, loadsInProgress: 4, loads dispatchedToLQ: 0
  90000: system.cpu.rename: [tid:0] Processing instruction [sn:200] with PC (0x401025=>0x401027).(0=>1).
  90000: system.cpu.rename: [tid:0] Looking up invalid arch reg 0, got phys reg 4294967295 (invalid)
  90000: system.cpu.rename: [tid:0] Register 4294967295 (flat: 4294967295) (invalid) is ready.
  90000: global: [sn:200] has 1 ready out of 4 sources. RTI 0)
  90000: system.cpu.rename: [tid:0] Looking up integer arch reg 0, got phys reg 45 (integer)
  90000: system.cpu.rename: [tid:0] Register 45 (flat: 45) (integer) is not ready.
  90000: system.cpu.rename: [tid:0] Looking up integer arch reg 17, got phys reg 52 (integer)
  90000: system.cpu.rename: [tid:0] Register 52 (flat: 52) (integer) is not ready.
  90000: system.cpu.rename: [tid:0] Looking up miscellaneous arch reg 155, got phys reg 155 (miscellaneous)
  90000: system.cpu.rename: [tid:0] Register 155 (flat: 0) (miscellaneous) is ready.
  90000: global: [sn:200] has 2 ready out of 4 sources. RTI 0)
  90000: global: Renamed reg t1 to physical reg 53 (53) old mapping was 52 (52)
  90000: system.cpu.rename: [tid:0] Renaming arch reg 17 (integer) to physical reg 53 (53).
  90000: system.cpu.rename: [tid:0] [sn:200] Adding instruction to history buffer (size=45).
  90000: system.cpu.rename: Activity this cycle.
  90000: system.cpu.iew: Issue: Processing [tid:0]
  90000: system.cpu.iew: [tid:0] Not blocked, so attempting to run dispatch.
  90000: system.cpu.iq: Attempting to schedule ready instructions from the IQ.
  90000: system.cpu.iq: Not able to schedule any instructions.
  90000: system.cpu.iew: Processing [tid:0]
  90000: system.cpu.iew: [tid:0], Dispatch dispatched 0 instructions.
  90000: system.cpu.iew.lsq.thread0: SQ size: 72, #stores occupied: 0
  90000: system.cpu.iew.lsq.thread0: LQ size: 132, #loads occupied: 0
  90000: system.cpu.iew: IQ has 559 free entries (Can schedule: 0).  LQ has 132 free entries. SQ has 72 free entries.
  90000: system.cpu.commit: Getting instructions from Rename stage.
  90000: system.cpu.commit: [tid:0] [sn:10] Inserting PC (0x401000=>0x401004).(0=>1) into ROB.
  90000: system.cpu.rob: Adding inst PC (0x401000=>0x401004).(0=>1) to the ROB.
  90000: system.cpu.rob: [tid:0] Now has 1 instructions.
  90000: system.cpu.commit: [tid:0] [sn:20] Inserting PC (0x401000=>0x401004).(1=>2) into ROB.
  90000: system.cpu.rob: Adding inst PC (0x401000=>0x401004).(1=>2) to the ROB.
  90000: system.cpu.rob: [tid:0] Now has 2 instructions.
  90000: system.cpu.commit: [tid:0] [sn:30] Inserting PC (0x401004=>0x40100b).(0=>1) into ROB.
  90000: system.cpu.rob: Adding inst PC (0x401004=>0x40100b).(0=>1) to the ROB.
  90000: system.cpu.rob: [tid:0] Now has 3 instructions.
  90000: system.cpu.commit: [tid:0] [sn:40] Inserting PC (0x401004=>0x40100b).(1=>2) into ROB.
  90000: system.cpu.rob: Adding inst PC (0x401004=>0x40100b).(1=>2) to the ROB.
  90000: system.cpu.rob: [tid:0] Now has 4 instructions.
  90000: system.cpu.commit: [tid:0] [sn:50] Inserting PC (0x40100b=>0x40100f).(0=>1) into ROB.
  90000: system.cpu.rob: Adding inst PC (0x40100b=>0x40100f).(0=>1) to the ROB.
  90000: system.cpu.rob: [tid:0] Now has 5 instructions.
  90000: system.cpu.commit: [tid:0] [sn:60] Inserting PC (0x40100f=>0x401013).(0=>1) into ROB.
  90000: system.cpu.rob: Adding inst PC (0x40100f=>0x401013).(0=>1) to the ROB.
  90000: system.cpu.rob: [tid:0] Now has 6 instructions.
  90000: system.cpu.commit: [tid:0] [sn:70] Inserting PC (0x40100f=>0x401013).(1=>2) into ROB.
  90000: system.cpu.rob: Adding inst PC (0x40100f=>0x401013).(1=>2) to the ROB.
  90000: system.cpu.rob: [tid:0] Now has 7 instructions.
  90000: system.cpu.commit: [tid:0] [sn:80] Inserting PC (0x401013=>0x40101a).(0=>1) into ROB.
  90000: system.cpu.rob: Adding inst PC (0x401013=>0x40101a).(0=>1) to the ROB.
  90000: system.cpu.rob: [tid:0] Now has 8 instructions.
  90000: system.cpu.commit: [tid:0] [sn:90] Inserting PC (0x40101a=>0x40101d).(0=>1) into ROB.
  90000: system.cpu.rob: Adding inst PC (0x40101a=>0x40101d).(0=>1) to the ROB.
  90000: system.cpu.rob: [tid:0] Now has 9 instructions.
  90000: system.cpu.commit: [tid:0] [sn:100] Inserting PC (0x40101d=>0x40101f).(0=>1) into ROB.
  90000: system.cpu.rob: Adding inst PC (0x40101d=>0x40101f).(0=>1) to the ROB.
  90000: system.cpu.rob: [tid:0] Now has 10 instructions.
  90000: system.cpu.commit: Trying to commit instructions in the ROB.
  90000: system.cpu.commit: [tid:0] Can't commit, Instruction [sn:10] PC (0x401000=>0x401004).(0=>1) is head of ROB and not ready
  90000: system.cpu.commit: [tid:0] ROB has 10 insts & 908 free entries.
  90000: system.cpu.commit: Activity This Cycle.
  90000: system.cpu: Scheduling next tick!
  91000: system.cpu: 

O3CPU: Ticking main, O3CPU.
  91000: system.cpu.fetch: Running stage.
  91000: system.cpu.fetch: Attempting to fetch from [tid:0]
  91000: system.cpu.fetch: [tid:0] Adding instructions to queue to decode.
  91000: system.cpu.decoder: Decode: Decoded add instruction: 
{
	leg = 0,
	rex = 0,
	vex/xop = 0,
	op = {
		type = one byte,
		op = 0,
		},
	modRM = 0,
	sib = 0,
	immediate = 0,
	displacement = 0
	dispSize = 0}

  91000: global: DynInst: [sn:410] Instruction created. Instcount for system.cpu = 41
  91000: system.cpu.fetch: [tid:0] Instruction PC (0x401033=>0x401035).(0=>1) created [sn:410].
  91000: system.cpu.fetch: [tid:0] Instruction is:   ADD_M_R : ldst   t1b, DS:[rax]
  91000: system.cpu.fetch: [tid:0] Fetch queue entry created (1/128).
  91000: global: DynInst: [sn:420] Instruction created. Instcount for system.cpu = 42
  91000: system.cpu.fetch: [tid:0] Instruction PC (0x401033=>0x401035).(1=>2) created [sn:420].
  91000: system.cpu.fetch: [tid:0] Instruction is:   ADD_M_R : add   t1b, t1b, al
  91000: system.cpu.fetch: [tid:0] Fetch queue entry created (2/128).
  91000: global: DynInst: [sn:430] Instruction created. Instcount for system.cpu = 43
  91000: system.cpu.fetch: [tid:0] Instruction PC (0x401033=>0x401035).(2=>3) created [sn:430].
  91000: system.cpu.fetch: [tid:0] Instruction is:   ADD_M_R : st   t1b, DS:[rax]
  91000: system.cpu.fetch: [tid:0] Fetch queue entry created (3/128).
  91000: system.cpu.decoder: Decode: Decoded add instruction: 
{
	leg = 0,
	rex = 0,
	vex/xop = 0,
	op = {
		type = one byte,
		op = 0,
		},
	modRM = 0,
	sib = 0,
	immediate = 0,
	displacement = 0
	dispSize = 0}

  91000: global: DynInst: [sn:440] Instruction created. Instcount for system.cpu = 44
  91000: system.cpu.fetch: [tid:0] Instruction PC (0x401035=>0x401037).(0=>1) created [sn:440].
  91000: system.cpu.fetch: [tid:0] Instruction is:   ADD_M_R : ldst   t1b, DS:[rax]
  91000: system.cpu.fetch: [tid:0] Fetch queue entry created (4/128).
  91000: global: DynInst: [sn:450] Instruction created. Instcount for system.cpu = 45
  91000: system.cpu.fetch: [tid:0] Instruction PC (0x401035=>0x401037).(1=>2) created [sn:450].
  91000: system.cpu.fetch: [tid:0] Instruction is:   ADD_M_R : add   t1b, t1b, al
  91000: system.cpu.fetch: [tid:0] Fetch queue entry created (5/128).
  91000: global: DynInst: [sn:460] Instruction created. Instcount for system.cpu = 46
  91000: system.cpu.fetch: [tid:0] Instruction PC (0x401035=>0x401037).(2=>3) created [sn:460].
  91000: system.cpu.fetch: [tid:0] Instruction is:   ADD_M_R : st   t1b, DS:[rax]
  91000: system.cpu.fetch: [tid:0] Fetch queue entry created (6/128).
  91000: system.cpu.decoder: Decode: Decoded add instruction: 
{
	leg = 0,
	rex = 0,
	vex/xop = 0,
	op = {
		type = one byte,
		op = 0,
		},
	modRM = 0,
	sib = 0,
	immediate = 0,
	displacement = 0
	dispSize = 0}

  91000: global: DynInst: [sn:470] Instruction created. Instcount for system.cpu = 47
  91000: system.cpu.fetch: [tid:0] Instruction PC (0x401037=>0x401039).(0=>1) created [sn:470].
  91000: system.cpu.fetch: [tid:0] Instruction is:   ADD_M_R : ldst   t1b, DS:[rax]
  91000: system.cpu.fetch: [tid:0] Fetch queue entry created (7/128).
  91000: global: DynInst: [sn:480] Instruction created. Instcount for system.cpu = 48
  91000: system.cpu.fetch: [tid:0] Instruction PC (0x401037=>0x401039).(1=>2) created [sn:480].
  91000: system.cpu.fetch: [tid:0] Instruction is:   ADD_M_R : add   t1b, t1b, al
  91000: system.cpu.fetch: [tid:0] Fetch queue entry created (8/128).
  91000: global: DynInst: [sn:490] Instruction created. Instcount for system.cpu = 49
  91000: system.cpu.fetch: [tid:0] Instruction PC (0x401037=>0x401039).(2=>3) created [sn:490].
  91000: system.cpu.fetch: [tid:0] Instruction is:   ADD_M_R : st   t1b, DS:[rax]
  91000: system.cpu.fetch: [tid:0] Fetch queue entry created (9/128).
  91000: system.cpu.decoder: Decode: Decoded add instruction: 
{
	leg = 0,
	rex = 0,
	vex/xop = 0,
	op = {
		type = one byte,
		op = 0,
		},
	modRM = 0,
	sib = 0,
	immediate = 0,
	displacement = 0
	dispSize = 0}

  91000: global: DynInst: [sn:500] Instruction created. Instcount for system.cpu = 50
  91000: system.cpu.fetch: [tid:0] Instruction PC (0x401039=>0x40103b).(0=>1) created [sn:500].
  91000: system.cpu.fetch: [tid:0] Instruction is:   ADD_M_R : ldst   t1b, DS:[rax]
  91000: system.cpu.fetch: [tid:0] Fetch queue entry created (10/128).
  91000: system.cpu.fetch: [tid:0] Done fetching, reached fetch bandwidth for this cycle.
  91000: system.cpu.fetch: [tid:0] [sn:410] Sending instruction to decode from fetch queue. Fetch queue size: 10.
  91000: system.cpu.fetch: [tid:0] [sn:420] Sending instruction to decode from fetch queue. Fetch queue size: 9.
  91000: system.cpu.fetch: [tid:0] [sn:430] Sending instruction to decode from fetch queue. Fetch queue size: 8.
  91000: system.cpu.fetch: [tid:0] [sn:440] Sending instruction to decode from fetch queue. Fetch queue size: 7.
  91000: system.cpu.fetch: [tid:0] [sn:450] Sending instruction to decode from fetch queue. Fetch queue size: 6.
  91000: system.cpu.fetch: [tid:0] [sn:460] Sending instruction to decode from fetch queue. Fetch queue size: 5.
  91000: system.cpu.fetch: [tid:0] [sn:470] Sending instruction to decode from fetch queue. Fetch queue size: 4.
  91000: system.cpu.fetch: [tid:0] [sn:480] Sending instruction to decode from fetch queue. Fetch queue size: 3.
  91000: system.cpu.fetch: [tid:0] [sn:490] Sending instruction to decode from fetch queue. Fetch queue size: 2.
  91000: system.cpu.fetch: [tid:0] [sn:500] Sending instruction to decode from fetch queue. Fetch queue size: 1.
  91000: system.cpu.fetch: Activity this cycle.
  91000: system.cpu: Activity: 6
  91000: system.cpu.decode: Processing [tid:0]
  91000: system.cpu.decode: [tid:0] Not blocked, so attempting to run stage.
  91000: system.cpu.decode: [tid:0] Sending instruction to rename.
  91000: system.cpu.decode: [tid:0] Processing instruction [sn:310] with PC (0x40102b=>0x40102d).(2=>3)
  91000: system.cpu.decode: [tid:0] Processing instruction [sn:320] with PC (0x40102d=>0x40102f).(0=>1)
  91000: system.cpu.decode: [tid:0] Processing instruction [sn:330] with PC (0x40102d=>0x40102f).(1=>2)
  91000: system.cpu.decode: [tid:0] Processing instruction [sn:340] with PC (0x40102d=>0x40102f).(2=>3)
  91000: system.cpu.decode: [tid:0] Processing instruction [sn:350] with PC (0x40102f=>0x401031).(0=>1)
  91000: system.cpu.decode: [tid:0] Processing instruction [sn:360] with PC (0x40102f=>0x401031).(1=>2)
  91000: system.cpu.decode: [tid:0] Processing instruction [sn:370] with PC (0x40102f=>0x401031).(2=>3)
  91000: system.cpu.decode: [tid:0] Processing instruction [sn:380] with PC (0x401031=>0x401033).(0=>1)
  91000: system.cpu.decode: [tid:0] Processing instruction [sn:390] with PC (0x401031=>0x401033).(1=>2)
  91000: system.cpu.decode: [tid:0] Processing instruction [sn:400] with PC (0x401031=>0x401033).(2=>3)
  91000: system.cpu.decode: Activity this cycle.
  91000: system.cpu.rename: Processing [tid:0]
  91000: system.cpu.rename: [tid:0] Free IQ: 559, Free ROB: 908, Free LQ: 132, Free SQ: 72, FreeRM 127(864 870 917 1834 127 8 4573)
  91000: system.cpu.rename: [tid:0] 20 instructions not yet in ROB
  91000: system.cpu.rename: calcFreeLQEntries: free lqEntries: 132, loadsInProgress: 5, loads dispatchedToLQ: 0
  91000: system.cpu.rename: [tid:0] Not blocked, so attempting to run stage.
  91000: system.cpu.rename: [tid:0] 10 available instructions to send iew.
  91000: system.cpu.rename: [tid:0] 20 insts pipelining from Rename | 0 insts dispatched to IQ last cycle.
  91000: system.cpu.rename: [tid:0] Sending instructions to IEW.
  91000: system.cpu.rename: [tid:0] Processing instruction [sn:210] with PC (0x401025=>0x401027).(1=>2).
  91000: system.cpu.rename: [tid:0] Looking up integer arch reg 17, got phys reg 53 (integer)
  91000: system.cpu.rename: [tid:0] Register 53 (flat: 53) (integer) is not ready.
  91000: system.cpu.rename: [tid:0] Looking up integer arch reg 0, got phys reg 45 (integer)
  91000: system.cpu.rename: [tid:0] Register 45 (flat: 45) (integer) is not ready.
  91000: system.cpu.rename: [tid:0] Looking up integer arch reg 17, got phys reg 53 (integer)
  91000: system.cpu.rename: [tid:0] Register 53 (flat: 53) (integer) is not ready.
  91000: system.cpu.rename: [tid:0] Looking up invalid arch reg 0, got phys reg 4294967295 (invalid)
  91000: system.cpu.rename: [tid:0] Register 4294967295 (flat: 4294967295) (invalid) is ready.
  91000: global: [sn:210] has 1 ready out of 8 sources. RTI 0)
  91000: system.cpu.rename: [tid:0] Looking up invalid arch reg 0, got phys reg 4294967295 (invalid)
  91000: system.cpu.rename: [tid:0] Register 4294967295 (flat: 4294967295) (invalid) is ready.
  91000: global: [sn:210] has 2 ready out of 8 sources. RTI 0)
  91000: system.cpu.rename: [tid:0] Looking up invalid arch reg 0, got phys reg 4294967295 (invalid)
  91000: system.cpu.rename: [tid:0] Register 4294967295 (flat: 4294967295) (invalid) is ready.
  91000: global: [sn:210] has 3 ready out of 8 sources. RTI 0)
  91000: system.cpu.rename: [tid:0] Looking up invalid arch reg 0, got phys reg 4294967295 (invalid)
  91000: system.cpu.rename: [tid:0] Register 4294967295 (flat: 4294967295) (invalid) is ready.
  91000: global: [sn:210] has 4 ready out of 8 sources. RTI 0)
  91000: system.cpu.rename: [tid:0] Looking up invalid arch reg 0, got phys reg 4294967295 (invalid)
  91000: system.cpu.rename: [tid:0] Register 4294967295 (flat: 4294967295) (invalid) is ready.
  91000: global: [sn:210] has 5 ready out of 8 sources. RTI 0)
  91000: global: Renamed reg t1 to physical reg 54 (54) old mapping was 53 (53)
  91000: system.cpu.rename: [tid:0] Renaming arch reg 17 (integer) to physical reg 54 (54).
  91000: system.cpu.rename: [tid:0] [sn:210] Adding instruction to history buffer (size=46).
  91000: global: Renamed reg condition_code[0] to physical reg 4743 (4743) old mapping was 4741 (4741)
  91000: system.cpu.rename: [tid:0] Renaming arch reg 0 (condition_code) to physical reg 17 (4743).
  91000: system.cpu.rename: [tid:0] [sn:210] Adding instruction to history buffer (size=47).
  91000: global: Renamed reg condition_code[1] to physical reg 4744 (4744) old mapping was 4742 (4742)
  91000: system.cpu.rename: [tid:0] Renaming arch reg 1 (condition_code) to physical reg 18 (4744).
  91000: system.cpu.rename: [tid:0] [sn:210] Adding instruction to history buffer (size=48).
  91000: system.cpu.rename: [tid:0] Renaming arch reg 0 (invalid) to physical reg 4294967295 (4294967295).
  91000: system.cpu.rename: [tid:0] [sn:210] Adding instruction to history buffer (size=49).
  91000: system.cpu.rename: [tid:0] Renaming arch reg 0 (invalid) to physical reg 4294967295 (4294967295).
  91000: system.cpu.rename: [tid:0] [sn:210] Adding instruction to history buffer (size=50).
  91000: system.cpu.rename: [tid:0] Renaming arch reg 0 (invalid) to physical reg 4294967295 (4294967295).
  91000: system.cpu.rename: [tid:0] [sn:210] Adding instruction to history buffer (size=51).
  91000: system.cpu.rename: calcFreeSQEntries: free sqEntries: 72, storesInProgress: 4, stores dispatchedToSQ: 0
  91000: system.cpu.rename: [tid:0] Processing instruction [sn:220] with PC (0x401025=>0x401027).(2=>3).
  91000: system.cpu.rename: [tid:0] Looking up invalid arch reg 0, got phys reg 4294967295 (invalid)
  91000: system.cpu.rename: [tid:0] Register 4294967295 (flat: 4294967295) (invalid) is ready.
  91000: global: [sn:220] has 1 ready out of 4 sources. RTI 0)
  91000: system.cpu.rename: [tid:0] Looking up integer arch reg 0, got phys reg 45 (integer)
  91000: system.cpu.rename: [tid:0] Register 45 (flat: 45) (integer) is not ready.
  91000: system.cpu.rename: [tid:0] Looking up integer arch reg 17, got phys reg 54 (integer)
  91000: system.cpu.rename: [tid:0] Register 54 (flat: 54) (integer) is not ready.
  91000: system.cpu.rename: [tid:0] Looking up miscellaneous arch reg 155, got phys reg 155 (miscellaneous)
  91000: system.cpu.rename: [tid:0] Register 155 (flat: 0) (miscellaneous) is ready.
  91000: global: [sn:220] has 2 ready out of 4 sources. RTI 0)
  91000: system.cpu.rename: calcFreeLQEntries: free lqEntries: 132, loadsInProgress: 5, loads dispatchedToLQ: 0
  91000: system.cpu.rename: [tid:0] Processing instruction [sn:230] with PC (0x401027=>0x401029).(0=>1).
  91000: system.cpu.rename: [tid:0] Looking up invalid arch reg 0, got phys reg 4294967295 (invalid)
  91000: system.cpu.rename: [tid:0] Register 4294967295 (flat: 4294967295) (invalid) is ready.
  91000: global: [sn:230] has 1 ready out of 4 sources. RTI 0)
  91000: system.cpu.rename: [tid:0] Looking up integer arch reg 0, got phys reg 45 (integer)
  91000: system.cpu.rename: [tid:0] Register 45 (flat: 45) (integer) is not ready.
  91000: system.cpu.rename: [tid:0] Looking up integer arch reg 17, got phys reg 54 (integer)
  91000: system.cpu.rename: [tid:0] Register 54 (flat: 54) (integer) is not ready.
  91000: system.cpu.rename: [tid:0] Looking up miscellaneous arch reg 155, got phys reg 155 (miscellaneous)
  91000: system.cpu.rename: [tid:0] Register 155 (flat: 0) (miscellaneous) is ready.
  91000: global: [sn:230] has 2 ready out of 4 sources. RTI 0)
  91000: global: Renamed reg t1 to physical reg 55 (55) old mapping was 54 (54)
  91000: system.cpu.rename: [tid:0] Renaming arch reg 17 (integer) to physical reg 55 (55).
  91000: system.cpu.rename: [tid:0] [sn:230] Adding instruction to history buffer (size=52).
  91000: system.cpu.rename: [tid:0] Processing instruction [sn:240] with PC (0x401027=>0x401029).(1=>2).
  91000: system.cpu.rename: [tid:0] Looking up integer arch reg 17, got phys reg 55 (integer)
  91000: system.cpu.rename: [tid:0] Register 55 (flat: 55) (integer) is not ready.
  91000: system.cpu.rename: [tid:0] Looking up integer arch reg 0, got phys reg 45 (integer)
  91000: system.cpu.rename: [tid:0] Register 45 (flat: 45) (integer) is not ready.
  91000: system.cpu.rename: [tid:0] Looking up integer arch reg 17, got phys reg 55 (integer)
  91000: system.cpu.rename: [tid:0] Register 55 (flat: 55) (integer) is not ready.
  91000: system.cpu.rename: [tid:0] Looking up invalid arch reg 0, got phys reg 4294967295 (invalid)
  91000: system.cpu.rename: [tid:0] Register 4294967295 (flat: 4294967295) (invalid) is ready.
  91000: global: [sn:240] has 1 ready out of 8 sources. RTI 0)
  91000: system.cpu.rename: [tid:0] Looking up invalid arch reg 0, got phys reg 4294967295 (invalid)
  91000: system.cpu.rename: [tid:0] Register 4294967295 (flat: 4294967295) (invalid) is ready.
  91000: global: [sn:240] has 2 ready out of 8 sources. RTI 0)
  91000: system.cpu.rename: [tid:0] Looking up invalid arch reg 0, got phys reg 4294967295 (invalid)
  91000: system.cpu.rename: [tid:0] Register 4294967295 (flat: 4294967295) (invalid) is ready.
  91000: global: [sn:240] has 3 ready out of 8 sources. RTI 0)
  91000: system.cpu.rename: [tid:0] Looking up invalid arch reg 0, got phys reg 4294967295 (invalid)
  91000: system.cpu.rename: [tid:0] Register 4294967295 (flat: 4294967295) (invalid) is ready.
  91000: global: [sn:240] has 4 ready out of 8 sources. RTI 0)
  91000: system.cpu.rename: [tid:0] Looking up invalid arch reg 0, got phys reg 4294967295 (invalid)
  91000: system.cpu.rename: [tid:0] Register 4294967295 (flat: 4294967295) (invalid) is ready.
  91000: global: [sn:240] has 5 ready out of 8 sources. RTI 0)
  91000: global: Renamed reg t1 to physical reg 56 (56) old mapping was 55 (55)
  91000: system.cpu.rename: [tid:0] Renaming arch reg 17 (integer) to physical reg 56 (56).
  91000: system.cpu.rename: [tid:0] [sn:240] Adding instruction to history buffer (size=53).
  91000: global: Renamed reg condition_code[0] to physical reg 4745 (4745) old mapping was 4743 (4743)
  91000: system.cpu.rename: [tid:0] Renaming arch reg 0 (condition_code) to physical reg 19 (4745).
  91000: system.cpu.rename: [tid:0] [sn:240] Adding instruction to history buffer (size=54).
  91000: global: Renamed reg condition_code[1] to physical reg 4746 (4746) old mapping was 4744 (4744)
  91000: system.cpu.rename: [tid:0] Renaming arch reg 1 (condition_code) to physical reg 20 (4746).
  91000: system.cpu.rename: [tid:0] [sn:240] Adding instruction to history buffer (size=55).
  91000: system.cpu.rename: [tid:0] Renaming arch reg 0 (invalid) to physical reg 4294967295 (4294967295).
  91000: system.cpu.rename: [tid:0] [sn:240] Adding instruction to history buffer (size=56).
  91000: system.cpu.rename: [tid:0] Renaming arch reg 0 (invalid) to physical reg 4294967295 (4294967295).
  91000: system.cpu.rename: [tid:0] [sn:240] Adding instruction to history buffer (size=57).
  91000: system.cpu.rename: [tid:0] Renaming arch reg 0 (invalid) to physical reg 4294967295 (4294967295).
  91000: system.cpu.rename: [tid:0] [sn:240] Adding instruction to history buffer (size=58).
  91000: system.cpu.rename: calcFreeSQEntries: free sqEntries: 72, storesInProgress: 5, stores dispatchedToSQ: 0
  91000: system.cpu.rename: [tid:0] Processing instruction [sn:250] with PC (0x401027=>0x401029).(2=>3).
  91000: system.cpu.rename: [tid:0] Looking up invalid arch reg 0, got phys reg 4294967295 (invalid)
  91000: system.cpu.rename: [tid:0] Register 4294967295 (flat: 4294967295) (invalid) is ready.
  91000: global: [sn:250] has 1 ready out of 4 sources. RTI 0)
  91000: system.cpu.rename: [tid:0] Looking up integer arch reg 0, got phys reg 45 (integer)
  91000: system.cpu.rename: [tid:0] Register 45 (flat: 45) (integer) is not ready.
  91000: system.cpu.rename: [tid:0] Looking up integer arch reg 17, got phys reg 56 (integer)
  91000: system.cpu.rename: [tid:0] Register 56 (flat: 56) (integer) is not ready.
  91000: system.cpu.rename: [tid:0] Looking up miscellaneous arch reg 155, got phys reg 155 (miscellaneous)
  91000: system.cpu.rename: [tid:0] Register 155 (flat: 0) (miscellaneous) is ready.
  91000: global: [sn:250] has 2 ready out of 4 sources. RTI 0)
  91000: system.cpu.rename: calcFreeLQEntries: free lqEntries: 132, loadsInProgress: 6, loads dispatchedToLQ: 0
  91000: system.cpu.rename: [tid:0] Processing instruction [sn:260] with PC (0x401029=>0x40102b).(0=>1).
  91000: system.cpu.rename: [tid:0] Looking up invalid arch reg 0, got phys reg 4294967295 (invalid)
  91000: system.cpu.rename: [tid:0] Register 4294967295 (flat: 4294967295) (invalid) is ready.
  91000: global: [sn:260] has 1 ready out of 4 sources. RTI 0)
  91000: system.cpu.rename: [tid:0] Looking up integer arch reg 0, got phys reg 45 (integer)
  91000: system.cpu.rename: [tid:0] Register 45 (flat: 45) (integer) is not ready.
  91000: system.cpu.rename: [tid:0] Looking up integer arch reg 17, got phys reg 56 (integer)
  91000: system.cpu.rename: [tid:0] Register 56 (flat: 56) (integer) is not ready.
  91000: system.cpu.rename: [tid:0] Looking up miscellaneous arch reg 155, got phys reg 155 (miscellaneous)
  91000: system.cpu.rename: [tid:0] Register 155 (flat: 0) (miscellaneous) is ready.
  91000: global: [sn:260] has 2 ready out of 4 sources. RTI 0)
  91000: global: Renamed reg t1 to physical reg 57 (57) old mapping was 56 (56)
  91000: system.cpu.rename: [tid:0] Renaming arch reg 17 (integer) to physical reg 57 (57).
  91000: system.cpu.rename: [tid:0] [sn:260] Adding instruction to history buffer (size=59).
  91000: system.cpu.rename: [tid:0] Processing instruction [sn:270] with PC (0x401029=>0x40102b).(1=>2).
  91000: system.cpu.rename: [tid:0] Looking up integer arch reg 17, got phys reg 57 (integer)
  91000: system.cpu.rename: [tid:0] Register 57 (flat: 57) (integer) is not ready.
  91000: system.cpu.rename: [tid:0] Looking up integer arch reg 0, got phys reg 45 (integer)
  91000: system.cpu.rename: [tid:0] Register 45 (flat: 45) (integer) is not ready.
  91000: system.cpu.rename: [tid:0] Looking up integer arch reg 17, got phys reg 57 (integer)
  91000: system.cpu.rename: [tid:0] Register 57 (flat: 57) (integer) is not ready.
  91000: system.cpu.rename: [tid:0] Looking up invalid arch reg 0, got phys reg 4294967295 (invalid)
  91000: system.cpu.rename: [tid:0] Register 4294967295 (flat: 4294967295) (invalid) is ready.
  91000: global: [sn:270] has 1 ready out of 8 sources. RTI 0)
  91000: system.cpu.rename: [tid:0] Looking up invalid arch reg 0, got phys reg 4294967295 (invalid)
  91000: system.cpu.rename: [tid:0] Register 4294967295 (flat: 4294967295) (invalid) is ready.
  91000: global: [sn:270] has 2 ready out of 8 sources. RTI 0)
  91000: system.cpu.rename: [tid:0] Looking up invalid arch reg 0, got phys reg 4294967295 (invalid)
  91000: system.cpu.rename: [tid:0] Register 4294967295 (flat: 4294967295) (invalid) is ready.
  91000: global: [sn:270] has 3 ready out of 8 sources. RTI 0)
  91000: system.cpu.rename: [tid:0] Looking up invalid arch reg 0, got phys reg 4294967295 (invalid)
  91000: system.cpu.rename: [tid:0] Register 4294967295 (flat: 4294967295) (invalid) is ready.
  91000: global: [sn:270] has 4 ready out of 8 sources. RTI 0)
  91000: system.cpu.rename: [tid:0] Looking up invalid arch reg 0, got phys reg 4294967295 (invalid)
  91000: system.cpu.rename: [tid:0] Register 4294967295 (flat: 4294967295) (invalid) is ready.
  91000: global: [sn:270] has 5 ready out of 8 sources. RTI 0)
  91000: global: Renamed reg t1 to physical reg 58 (58) old mapping was 57 (57)
  91000: system.cpu.rename: [tid:0] Renaming arch reg 17 (integer) to physical reg 58 (58).
  91000: system.cpu.rename: [tid:0] [sn:270] Adding instruction to history buffer (size=60).
  91000: global: Renamed reg condition_code[0] to physical reg 4747 (4747) old mapping was 4745 (4745)
  91000: system.cpu.rename: [tid:0] Renaming arch reg 0 (condition_code) to physical reg 21 (4747).
  91000: system.cpu.rename: [tid:0] [sn:270] Adding instruction to history buffer (size=61).
  91000: global: Renamed reg condition_code[1] to physical reg 4748 (4748) old mapping was 4746 (4746)
  91000: system.cpu.rename: [tid:0] Renaming arch reg 1 (condition_code) to physical reg 22 (4748).
  91000: system.cpu.rename: [tid:0] [sn:270] Adding instruction to history buffer (size=62).
  91000: system.cpu.rename: [tid:0] Renaming arch reg 0 (invalid) to physical reg 4294967295 (4294967295).
  91000: system.cpu.rename: [tid:0] [sn:270] Adding instruction to history buffer (size=63).
  91000: system.cpu.rename: [tid:0] Renaming arch reg 0 (invalid) to physical reg 4294967295 (4294967295).
  91000: system.cpu.rename: [tid:0] [sn:270] Adding instruction to history buffer (size=64).
  91000: system.cpu.rename: [tid:0] Renaming arch reg 0 (invalid) to physical reg 4294967295 (4294967295).
  91000: system.cpu.rename: [tid:0] [sn:270] Adding instruction to history buffer (size=65).
  91000: system.cpu.rename: calcFreeSQEntries: free sqEntries: 72, storesInProgress: 6, stores dispatchedToSQ: 0
  91000: system.cpu.rename: [tid:0] Processing instruction [sn:280] with PC (0x401029=>0x40102b).(2=>3).
  91000: system.cpu.rename: [tid:0] Looking up invalid arch reg 0, got phys reg 4294967295 (invalid)
  91000: system.cpu.rename: [tid:0] Register 4294967295 (flat: 4294967295) (invalid) is ready.
  91000: global: [sn:280] has 1 ready out of 4 sources. RTI 0)
  91000: system.cpu.rename: [tid:0] Looking up integer arch reg 0, got phys reg 45 (integer)
  91000: system.cpu.rename: [tid:0] Register 45 (flat: 45) (integer) is not ready.
  91000: system.cpu.rename: [tid:0] Looking up integer arch reg 17, got phys reg 58 (integer)
  91000: system.cpu.rename: [tid:0] Register 58 (flat: 58) (integer) is not ready.
  91000: system.cpu.rename: [tid:0] Looking up miscellaneous arch reg 155, got phys reg 155 (miscellaneous)
  91000: system.cpu.rename: [tid:0] Register 155 (flat: 0) (miscellaneous) is ready.
  91000: global: [sn:280] has 2 ready out of 4 sources. RTI 0)
  91000: system.cpu.rename: calcFreeLQEntries: free lqEntries: 132, loadsInProgress: 7, loads dispatchedToLQ: 0
  91000: system.cpu.rename: [tid:0] Processing instruction [sn:290] with PC (0x40102b=>0x40102d).(0=>1).
  91000: system.cpu.rename: [tid:0] Looking up invalid arch reg 0, got phys reg 4294967295 (invalid)
  91000: system.cpu.rename: [tid:0] Register 4294967295 (flat: 4294967295) (invalid) is ready.
  91000: global: [sn:290] has 1 ready out of 4 sources. RTI 0)
  91000: system.cpu.rename: [tid:0] Looking up integer arch reg 0, got phys reg 45 (integer)
  91000: system.cpu.rename: [tid:0] Register 45 (flat: 45) (integer) is not ready.
  91000: system.cpu.rename: [tid:0] Looking up integer arch reg 17, got phys reg 58 (integer)
  91000: system.cpu.rename: [tid:0] Register 58 (flat: 58) (integer) is not ready.
  91000: system.cpu.rename: [tid:0] Looking up miscellaneous arch reg 155, got phys reg 155 (miscellaneous)
  91000: system.cpu.rename: [tid:0] Register 155 (flat: 0) (miscellaneous) is ready.
  91000: global: [sn:290] has 2 ready out of 4 sources. RTI 0)
  91000: global: Renamed reg t1 to physical reg 59 (59) old mapping was 58 (58)
  91000: system.cpu.rename: [tid:0] Renaming arch reg 17 (integer) to physical reg 59 (59).
  91000: system.cpu.rename: [tid:0] [sn:290] Adding instruction to history buffer (size=66).
  91000: system.cpu.rename: [tid:0] Processing instruction [sn:300] with PC (0x40102b=>0x40102d).(1=>2).
  91000: system.cpu.rename: [tid:0] Looking up integer arch reg 17, got phys reg 59 (integer)
  91000: system.cpu.rename: [tid:0] Register 59 (flat: 59) (integer) is not ready.
  91000: system.cpu.rename: [tid:0] Looking up integer arch reg 0, got phys reg 45 (integer)
  91000: system.cpu.rename: [tid:0] Register 45 (flat: 45) (integer) is not ready.
  91000: system.cpu.rename: [tid:0] Looking up integer arch reg 17, got phys reg 59 (integer)
  91000: system.cpu.rename: [tid:0] Register 59 (flat: 59) (integer) is not ready.
  91000: system.cpu.rename: [tid:0] Looking up invalid arch reg 0, got phys reg 4294967295 (invalid)
  91000: system.cpu.rename: [tid:0] Register 4294967295 (flat: 4294967295) (invalid) is ready.
  91000: global: [sn:300] has 1 ready out of 8 sources. RTI 0)
  91000: system.cpu.rename: [tid:0] Looking up invalid arch reg 0, got phys reg 4294967295 (invalid)
  91000: system.cpu.rename: [tid:0] Register 4294967295 (flat: 4294967295) (invalid) is ready.
  91000: global: [sn:300] has 2 ready out of 8 sources. RTI 0)
  91000: system.cpu.rename: [tid:0] Looking up invalid arch reg 0, got phys reg 4294967295 (invalid)
  91000: system.cpu.rename: [tid:0] Register 4294967295 (flat: 4294967295) (invalid) is ready.
  91000: global: [sn:300] has 3 ready out of 8 sources. RTI 0)
  91000: system.cpu.rename: [tid:0] Looking up invalid arch reg 0, got phys reg 4294967295 (invalid)
  91000: system.cpu.rename: [tid:0] Register 4294967295 (flat: 4294967295) (invalid) is ready.
  91000: global: [sn:300] has 4 ready out of 8 sources. RTI 0)
  91000: system.cpu.rename: [tid:0] Looking up invalid arch reg 0, got phys reg 4294967295 (invalid)
  91000: system.cpu.rename: [tid:0] Register 4294967295 (flat: 4294967295) (invalid) is ready.
  91000: global: [sn:300] has 5 ready out of 8 sources. RTI 0)
  91000: global: Renamed reg t1 to physical reg 60 (60) old mapping was 59 (59)
  91000: system.cpu.rename: [tid:0] Renaming arch reg 17 (integer) to physical reg 60 (60).
  91000: system.cpu.rename: [tid:0] [sn:300] Adding instruction to history buffer (size=67).
  91000: global: Renamed reg condition_code[0] to physical reg 4749 (4749) old mapping was 4747 (4747)
  91000: system.cpu.rename: [tid:0] Renaming arch reg 0 (condition_code) to physical reg 23 (4749).
  91000: system.cpu.rename: [tid:0] [sn:300] Adding instruction to history buffer (size=68).
  91000: global: Renamed reg condition_code[1] to physical reg 4750 (4750) old mapping was 4748 (4748)
  91000: system.cpu.rename: [tid:0] Renaming arch reg 1 (condition_code) to physical reg 24 (4750).
  91000: system.cpu.rename: [tid:0] [sn:300] Adding instruction to history buffer (size=69).
  91000: system.cpu.rename: [tid:0] Renaming arch reg 0 (invalid) to physical reg 4294967295 (4294967295).
  91000: system.cpu.rename: [tid:0] [sn:300] Adding instruction to history buffer (size=70).
  91000: system.cpu.rename: [tid:0] Renaming arch reg 0 (invalid) to physical reg 4294967295 (4294967295).
  91000: system.cpu.rename: [tid:0] [sn:300] Adding instruction to history buffer (size=71).
  91000: system.cpu.rename: [tid:0] Renaming arch reg 0 (invalid) to physical reg 4294967295 (4294967295).
  91000: system.cpu.rename: [tid:0] [sn:300] Adding instruction to history buffer (size=72).
  91000: system.cpu.rename: Activity this cycle.
  91000: system.cpu.iew: Issue: Processing [tid:0]
  91000: system.cpu.iew: [tid:0] Not blocked, so attempting to run dispatch.
  91000: system.cpu.iew: [tid:0] Issue: Adding PC (0x401000=>0x401004).(0=>1) [sn:10] [tid:0] to IQ.
  91000: system.cpu.iq: Adding instruction [sn:10] PC (0x401000=>0x401004).(0=>1) to the IQ.
  91000: system.cpu.iq: Instruction is ready to issue, putting it onto the ready list, PC (0x401000=>0x401004).(0=>1) opclass:1 [sn:10].
  91000: system.cpu.iew: [tid:0] Issue: Adding PC (0x401000=>0x401004).(1=>2) [sn:20] [tid:0] to IQ.
  91000: system.cpu.iq: Adding instruction [sn:20] PC (0x401000=>0x401004).(1=>2) to the IQ.
  91000: system.cpu.iq: Instruction PC (0x401000=>0x401004).(1=>2) has src reg 39 (integer) that is being added to the dependency chain.
  91000: system.cpu.iew: [tid:0] Issue: Adding PC (0x401004=>0x40100b).(0=>1) [sn:30] [tid:0] to IQ.
  91000: system.cpu.iq: Adding instruction [sn:30] PC (0x401004=>0x40100b).(0=>1) to the IQ.
  91000: system.cpu.iq: Instruction is ready to issue, putting it onto the ready list, PC (0x401004=>0x40100b).(0=>1) opclass:1 [sn:30].
  91000: system.cpu.iew: [tid:0] Issue: Adding PC (0x401004=>0x40100b).(1=>2) [sn:40] [tid:0] to IQ.
  91000: system.cpu.iew: [tid:0] Issue: Memory instruction encountered, adding to LSQ.
  91000: system.cpu.iew.lsq.thread0: Inserting store PC (0x401004=>0x40100b).(1=>2), idx:0 [sn:40]
  91000: system.cpu.iq: Adding instruction [sn:40] PC (0x401004=>0x40100b).(1=>2) to the IQ.
  91000: system.cpu.iq: Instruction PC (0x401004=>0x40100b).(1=>2) has src reg 40 (integer) that is being added to the dependency chain.
  91000: system.cpu.iq: Instruction PC (0x401004=>0x40100b).(1=>2) has src reg 41 (integer) that is being added to the dependency chain.
  91000: memdepentry: Memory dependency entry created. memdep_count=1 (0x401004=>0x40100b).(1=>2)
  91000: system.cpu.memDep0: No dependency for inst PC (0x401004=>0x40100b).(1=>2) [sn:40].
  91000: system.cpu.memDep0: Inserting store/atomic PC (0x401004=>0x40100b).(1=>2) [sn:40].
  91000: system.cpu.iew: [tid:0] Issue: Adding PC (0x40100b=>0x40100f).(0=>1) [sn:50] [tid:0] to IQ.
  91000: system.cpu.iew: [tid:0] Issue: Memory instruction encountered, adding to LSQ.
  91000: system.cpu.iew.lsq.thread0: Inserting load PC (0x40100b=>0x40100f).(0=>1), idx:0 [sn:50]
  91000: system.cpu.iq: Adding instruction [sn:50] PC (0x40100b=>0x40100f).(0=>1) to the IQ.
  91000: system.cpu.iq: Instruction PC (0x40100b=>0x40100f).(0=>1) has src reg 40 (integer) that is being added to the dependency chain.
  91000: memdepentry: Memory dependency entry created. memdep_count=2 (0x40100b=>0x40100f).(0=>1)
  91000: system.cpu.memDep0: No dependency for inst PC (0x40100b=>0x40100f).(0=>1) [sn:50].
  91000: system.cpu.iew: [tid:0] Issue: Adding PC (0x40100f=>0x401013).(0=>1) [sn:60] [tid:0] to IQ.
  91000: system.cpu.iq: Adding instruction [sn:60] PC (0x40100f=>0x401013).(0=>1) to the IQ.
  91000: system.cpu.iq: Instruction is ready to issue, putting it onto the ready list, PC (0x40100f=>0x401013).(0=>1) opclass:1 [sn:60].
  91000: system.cpu.iew: [tid:0] Issue: Adding PC (0x40100f=>0x401013).(1=>2) [sn:70] [tid:0] to IQ.
  91000: system.cpu.iq: Adding instruction [sn:70] PC (0x40100f=>0x401013).(1=>2) to the IQ.
  91000: system.cpu.iq: Instruction PC (0x40100f=>0x401013).(1=>2) has src reg 40 (integer) that is being added to the dependency chain.
  91000: system.cpu.iq: Instruction PC (0x40100f=>0x401013).(1=>2) has src reg 43 (integer) that is being added to the dependency chain.
  91000: system.cpu.iew: [tid:0] Issue: Adding PC (0x401013=>0x40101a).(0=>1) [sn:80] [tid:0] to IQ.
  91000: system.cpu.iq: Adding instruction [sn:80] PC (0x401013=>0x40101a).(0=>1) to the IQ.
  91000: system.cpu.iq: Instruction is ready to issue, putting it onto the ready list, PC (0x401013=>0x40101a).(0=>1) opclass:1 [sn:80].
  91000: system.cpu.iew: [tid:0] Issue: Adding PC (0x40101a=>0x40101d).(0=>1) [sn:90] [tid:0] to IQ.
  91000: system.cpu.iq: Adding instruction [sn:90] PC (0x40101a=>0x40101d).(0=>1) to the IQ.
  91000: system.cpu.iq: Instruction is ready to issue, putting it onto the ready list, PC (0x40101a=>0x40101d).(0=>1) opclass:1 [sn:90].
  91000: system.cpu.iew: [tid:0] Issue: Adding PC (0x40101d=>0x40101f).(0=>1) [sn:100] [tid:0] to IQ.
  91000: system.cpu.iq: Adding instruction [sn:100] PC (0x40101d=>0x40101f).(0=>1) to the IQ.
  91000: system.cpu.iq: Instruction is ready to issue, putting it onto the ready list, PC (0x40101d=>0x40101f).(0=>1) opclass:1 [sn:100].
  91000: system.cpu.iq: Attempting to schedule ready instructions from the IQ.
  91000: system.cpu.iq: Thread 0: Issuing instruction PC (0x401000=>0x401004).(0=>1) [sn:10]
  91000: system.cpu.iq: Thread 0: Issuing instruction PC (0x401004=>0x40100b).(0=>1) [sn:30]
  91000: system.cpu.iq: Thread 0: Issuing instruction PC (0x40100f=>0x401013).(0=>1) [sn:60]
  91000: system.cpu.iq: Thread 0: Issuing instruction PC (0x401013=>0x40101a).(0=>1) [sn:80]
  91000: system.cpu.iq: Thread 0: Issuing instruction PC (0x40101a=>0x40101d).(0=>1) [sn:90]
  91000: system.cpu.iq: Thread 0: Issuing instruction PC (0x40101d=>0x40101f).(0=>1) [sn:100]
  91000: system.cpu.iew: Processing [tid:0]
  91000: system.cpu.iew: [tid:0], Dispatch dispatched 10 instructions.
  91000: system.cpu.iew.lsq.thread0: SQ size: 72, #stores occupied: 1
  91000: system.cpu.iew.lsq.thread0: LQ size: 132, #loads occupied: 1
  91000: system.cpu.iew: IQ has 555 free entries (Can schedule: 0).  LQ has 131 free entries. SQ has 71 free entries.
  91000: system.cpu.commit: Getting instructions from Rename stage.
  91000: system.cpu.commit: [tid:0] [sn:110] Inserting PC (0x40101f=>0x401021).(0=>1) into ROB.
  91000: system.cpu.rob: Adding inst PC (0x40101f=>0x401021).(0=>1) to the ROB.
  91000: system.cpu.rob: [tid:0] Now has 11 instructions.
  91000: system.cpu.commit: [tid:0] [sn:120] Inserting PC (0x40101f=>0x401021).(1=>2) into ROB.
  91000: system.cpu.rob: Adding inst PC (0x40101f=>0x401021).(1=>2) to the ROB.
  91000: system.cpu.rob: [tid:0] Now has 12 instructions.
  91000: system.cpu.commit: [tid:0] [sn:130] Inserting PC (0x40101f=>0x401021).(2=>3) into ROB.
  91000: system.cpu.rob: Adding inst PC (0x40101f=>0x401021).(2=>3) to the ROB.
  91000: system.cpu.rob: [tid:0] Now has 13 instructions.
  91000: system.cpu.commit: [tid:0] [sn:140] Inserting PC (0x401021=>0x401023).(0=>1) into ROB.
  91000: system.cpu.rob: Adding inst PC (0x401021=>0x401023).(0=>1) to the ROB.
  91000: system.cpu.rob: [tid:0] Now has 14 instructions.
  91000: system.cpu.commit: [tid:0] [sn:150] Inserting PC (0x401021=>0x401023).(1=>2) into ROB.
  91000: system.cpu.rob: Adding inst PC (0x401021=>0x401023).(1=>2) to the ROB.
  91000: system.cpu.rob: [tid:0] Now has 15 instructions.
  91000: system.cpu.commit: [tid:0] [sn:160] Inserting PC (0x401021=>0x401023).(2=>3) into ROB.
  91000: system.cpu.rob: Adding inst PC (0x401021=>0x401023).(2=>3) to the ROB.
  91000: system.cpu.rob: [tid:0] Now has 16 instructions.
  91000: system.cpu.commit: [tid:0] [sn:170] Inserting PC (0x401023=>0x401025).(0=>1) into ROB.
  91000: system.cpu.rob: Adding inst PC (0x401023=>0x401025).(0=>1) to the ROB.
  91000: system.cpu.rob: [tid:0] Now has 17 instructions.
  91000: system.cpu.commit: [tid:0] [sn:180] Inserting PC (0x401023=>0x401025).(1=>2) into ROB.
  91000: system.cpu.rob: Adding inst PC (0x401023=>0x401025).(1=>2) to the ROB.
  91000: system.cpu.rob: [tid:0] Now has 18 instructions.
  91000: system.cpu.commit: [tid:0] [sn:190] Inserting PC (0x401023=>0x401025).(2=>3) into ROB.
  91000: system.cpu.rob: Adding inst PC (0x401023=>0x401025).(2=>3) to the ROB.
  91000: system.cpu.rob: [tid:0] Now has 19 instructions.
  91000: system.cpu.commit: [tid:0] [sn:200] Inserting PC (0x401025=>0x401027).(0=>1) into ROB.
  91000: system.cpu.rob: Adding inst PC (0x401025=>0x401027).(0=>1) to the ROB.
  91000: system.cpu.rob: [tid:0] Now has 20 instructions.
  91000: system.cpu.commit: Trying to commit instructions in the ROB.
  91000: system.cpu.commit: [tid:0] Can't commit, Instruction [sn:10] PC (0x401000=>0x401004).(0=>1) is head of ROB and not ready
  91000: system.cpu.commit: [tid:0] ROB has 20 insts & 898 free entries.
  91000: system.cpu.commit: Activity This Cycle.
  91000: system.cpu: Scheduling next tick!
  92000: system.cpu: 

O3CPU: Ticking main, O3CPU.
  92000: system.cpu.fetch: Running stage.
  92000: system.cpu.fetch: Attempting to fetch from [tid:0]
  92000: system.cpu.fetch: [tid:0] Adding instructions to queue to decode.
  92000: global: DynInst: [sn:510] Instruction created. Instcount for system.cpu = 51
  92000: system.cpu.fetch: [tid:0] Instruction PC (0x401039=>0x40103b).(1=>2) created [sn:510].
  92000: system.cpu.fetch: [tid:0] Instruction is:   ADD_M_R : add   t1b, t1b, al
  92000: system.cpu.fetch: [tid:0] Fetch queue entry created (1/128).
  92000: global: DynInst: [sn:520] Instruction created. Instcount for system.cpu = 52
  92000: system.cpu.fetch: [tid:0] Instruction PC (0x401039=>0x40103b).(2=>3) created [sn:520].
  92000: system.cpu.fetch: [tid:0] Instruction is:   ADD_M_R : st   t1b, DS:[rax]
  92000: system.cpu.fetch: [tid:0] Fetch queue entry created (2/128).
  92000: system.cpu.decoder: Decode: Decoded add instruction: 
{
	leg = 0,
	rex = 0,
	vex/xop = 0,
	op = {
		type = one byte,
		op = 0,
		},
	modRM = 0,
	sib = 0,
	immediate = 0,
	displacement = 0
	dispSize = 0}

  92000: global: DynInst: [sn:530] Instruction created. Instcount for system.cpu = 53
  92000: system.cpu.fetch: [tid:0] Instruction PC (0x40103b=>0x40103d).(0=>1) created [sn:530].
  92000: system.cpu.fetch: [tid:0] Instruction is:   ADD_M_R : ldst   t1b, DS:[rax]
  92000: system.cpu.fetch: [tid:0] Fetch queue entry created (3/128).
  92000: global: DynInst: [sn:540] Instruction created. Instcount for system.cpu = 54
  92000: system.cpu.fetch: [tid:0] Instruction PC (0x40103b=>0x40103d).(1=>2) created [sn:540].
  92000: system.cpu.fetch: [tid:0] Instruction is:   ADD_M_R : add   t1b, t1b, al
  92000: system.cpu.fetch: [tid:0] Fetch queue entry created (4/128).
  92000: global: DynInst: [sn:550] Instruction created. Instcount for system.cpu = 55
  92000: system.cpu.fetch: [tid:0] Instruction PC (0x40103b=>0x40103d).(2=>3) created [sn:550].
  92000: system.cpu.fetch: [tid:0] Instruction is:   ADD_M_R : st   t1b, DS:[rax]
  92000: system.cpu.fetch: [tid:0] Fetch queue entry created (5/128).
  92000: system.cpu.decoder: Decode: Decoded add instruction: 
{
	leg = 0,
	rex = 0,
	vex/xop = 0,
	op = {
		type = one byte,
		op = 0,
		},
	modRM = 0,
	sib = 0,
	immediate = 0,
	displacement = 0
	dispSize = 0}

  92000: global: DynInst: [sn:560] Instruction created. Instcount for system.cpu = 56
  92000: system.cpu.fetch: [tid:0] Instruction PC (0x40103d=>0x40103f).(0=>1) created [sn:560].
  92000: system.cpu.fetch: [tid:0] Instruction is:   ADD_M_R : ldst   t1b, DS:[rax]
  92000: system.cpu.fetch: [tid:0] Fetch queue entry created (6/128).
  92000: global: DynInst: [sn:570] Instruction created. Instcount for system.cpu = 57
  92000: system.cpu.fetch: [tid:0] Instruction PC (0x40103d=>0x40103f).(1=>2) created [sn:570].
  92000: system.cpu.fetch: [tid:0] Instruction is:   ADD_M_R : add   t1b, t1b, al
  92000: system.cpu.fetch: [tid:0] Fetch queue entry created (7/128).
  92000: global: DynInst: [sn:580] Instruction created. Instcount for system.cpu = 58
  92000: system.cpu.fetch: [tid:0] Instruction PC (0x40103d=>0x40103f).(2=>3) created [sn:580].
  92000: system.cpu.fetch: [tid:0] Instruction is:   ADD_M_R : st   t1b, DS:[rax]
  92000: system.cpu.fetch: [tid:0] Fetch queue entry created (8/128).
  92000: system.cpu.fetch: [tid:0] Issuing a pipelined I-cache access, starting at PC (0x40103f=>0x401047).(0=>1).
  92000: system.cpu.fetch: [tid:0] Fetching cache line 0x401040 for addr 0x401040
  92000: system.cpu: CPU already running.
  92000: system.cpu.fetch: Fetch: Doing instruction read.
  92000: system.cpu.fetch: [tid:0] Doing Icache access.
  92000: system.cpu.fetch: [tid:0] Activity: Waiting on I-cache response.
  92000: system.cpu.fetch: Deactivating stage.
  92000: system.cpu: Activity: 5
  92000: system.cpu.fetch: [tid:0] [sn:510] Sending instruction to decode from fetch queue. Fetch queue size: 8.
  92000: system.cpu.fetch: [tid:0] [sn:520] Sending instruction to decode from fetch queue. Fetch queue size: 7.
  92000: system.cpu.fetch: [tid:0] [sn:530] Sending instruction to decode from fetch queue. Fetch queue size: 6.
  92000: system.cpu.fetch: [tid:0] [sn:540] Sending instruction to decode from fetch queue. Fetch queue size: 5.
  92000: system.cpu.fetch: [tid:0] [sn:550] Sending instruction to decode from fetch queue. Fetch queue size: 4.
  92000: system.cpu.fetch: [tid:0] [sn:560] Sending instruction to decode from fetch queue. Fetch queue size: 3.
  92000: system.cpu.fetch: [tid:0] [sn:570] Sending instruction to decode from fetch queue. Fetch queue size: 2.
  92000: system.cpu.fetch: [tid:0] [sn:580] Sending instruction to decode from fetch queue. Fetch queue size: 1.
  92000: system.cpu.fetch: Activity this cycle.
  92000: system.cpu: Activity: 6
  92000: system.cpu.decode: Processing [tid:0]
  92000: system.cpu.decode: [tid:0] Not blocked, so attempting to run stage.
  92000: system.cpu.decode: [tid:0] Sending instruction to rename.
  92000: system.cpu.decode: [tid:0] Processing instruction [sn:410] with PC (0x401033=>0x401035).(0=>1)
  92000: system.cpu.decode: [tid:0] Processing instruction [sn:420] with PC (0x401033=>0x401035).(1=>2)
  92000: system.cpu.decode: [tid:0] Processing instruction [sn:430] with PC (0x401033=>0x401035).(2=>3)
  92000: system.cpu.decode: [tid:0] Processing instruction [sn:440] with PC (0x401035=>0x401037).(0=>1)
  92000: system.cpu.decode: [tid:0] Processing instruction [sn:450] with PC (0x401035=>0x401037).(1=>2)
  92000: system.cpu.decode: [tid:0] Processing instruction [sn:460] with PC (0x401035=>0x401037).(2=>3)
  92000: system.cpu.decode: [tid:0] Processing instruction [sn:470] with PC (0x401037=>0x401039).(0=>1)
  92000: system.cpu.decode: [tid:0] Processing instruction [sn:480] with PC (0x401037=>0x401039).(1=>2)
  92000: system.cpu.decode: [tid:0] Processing instruction [sn:490] with PC (0x401037=>0x401039).(2=>3)
  92000: system.cpu.decode: [tid:0] Processing instruction [sn:500] with PC (0x401039=>0x40103b).(0=>1)
  92000: system.cpu.decode: Activity this cycle.
  92000: system.cpu.rename: Processing [tid:0]
  92000: system.cpu.rename: [tid:0] Free IQ: 559, Free ROB: 898, Free LQ: 132, Free SQ: 72, FreeRM 127(857 870 917 1834 127 8 4565)
  92000: system.cpu.rename: [tid:0] 30 instructions not yet in ROB
  92000: system.cpu.rename: calcFreeLQEntries: free lqEntries: 132, loadsInProgress: 8, loads dispatchedToLQ: 1
  92000: system.cpu.rename: [tid:0] Not blocked, so attempting to run stage.
  92000: system.cpu.rename: [tid:0] 10 available instructions to send iew.
  92000: system.cpu.rename: [tid:0] 30 insts pipelining from Rename | 10 insts dispatched to IQ last cycle.
  92000: system.cpu.rename: [tid:0] Sending instructions to IEW.
  92000: system.cpu.rename: calcFreeSQEntries: free sqEntries: 72, storesInProgress: 7, stores dispatchedToSQ: 1
  92000: system.cpu.rename: [tid:0] Processing instruction [sn:310] with PC (0x40102b=>0x40102d).(2=>3).
  92000: system.cpu.rename: [tid:0] Looking up invalid arch reg 0, got phys reg 4294967295 (invalid)
  92000: system.cpu.rename: [tid:0] Register 4294967295 (flat: 4294967295) (invalid) is ready.
  92000: global: [sn:310] has 1 ready out of 4 sources. RTI 0)
  92000: system.cpu.rename: [tid:0] Looking up integer arch reg 0, got phys reg 45 (integer)
  92000: system.cpu.rename: [tid:0] Register 45 (flat: 45) (integer) is not ready.
  92000: system.cpu.rename: [tid:0] Looking up integer arch reg 17, got phys reg 60 (integer)
  92000: system.cpu.rename: [tid:0] Register 60 (flat: 60) (integer) is not ready.
  92000: system.cpu.rename: [tid:0] Looking up miscellaneous arch reg 155, got phys reg 155 (miscellaneous)
  92000: system.cpu.rename: [tid:0] Register 155 (flat: 0) (miscellaneous) is ready.
  92000: global: [sn:310] has 2 ready out of 4 sources. RTI 0)
  92000: system.cpu.rename: calcFreeLQEntries: free lqEntries: 132, loadsInProgress: 8, loads dispatchedToLQ: 1
  92000: system.cpu.rename: [tid:0] Processing instruction [sn:320] with PC (0x40102d=>0x40102f).(0=>1).
  92000: system.cpu.rename: [tid:0] Looking up invalid arch reg 0, got phys reg 4294967295 (invalid)
  92000: system.cpu.rename: [tid:0] Register 4294967295 (flat: 4294967295) (invalid) is ready.
  92000: global: [sn:320] has 1 ready out of 4 sources. RTI 0)
  92000: system.cpu.rename: [tid:0] Looking up integer arch reg 0, got phys reg 45 (integer)
  92000: system.cpu.rename: [tid:0] Register 45 (flat: 45) (integer) is not ready.
  92000: system.cpu.rename: [tid:0] Looking up integer arch reg 17, got phys reg 60 (integer)
  92000: system.cpu.rename: [tid:0] Register 60 (flat: 60) (integer) is not ready.
  92000: system.cpu.rename: [tid:0] Looking up miscellaneous arch reg 155, got phys reg 155 (miscellaneous)
  92000: system.cpu.rename: [tid:0] Register 155 (flat: 0) (miscellaneous) is ready.
  92000: global: [sn:320] has 2 ready out of 4 sources. RTI 0)
  92000: global: Renamed reg t1 to physical reg 61 (61) old mapping was 60 (60)
  92000: system.cpu.rename: [tid:0] Renaming arch reg 17 (integer) to physical reg 61 (61).
  92000: system.cpu.rename: [tid:0] [sn:320] Adding instruction to history buffer (size=73).
  92000: system.cpu.rename: [tid:0] Processing instruction [sn:330] with PC (0x40102d=>0x40102f).(1=>2).
  92000: system.cpu.rename: [tid:0] Looking up integer arch reg 17, got phys reg 61 (integer)
  92000: system.cpu.rename: [tid:0] Register 61 (flat: 61) (integer) is not ready.
  92000: system.cpu.rename: [tid:0] Looking up integer arch reg 0, got phys reg 45 (integer)
  92000: system.cpu.rename: [tid:0] Register 45 (flat: 45) (integer) is not ready.
  92000: system.cpu.rename: [tid:0] Looking up integer arch reg 17, got phys reg 61 (integer)
  92000: system.cpu.rename: [tid:0] Register 61 (flat: 61) (integer) is not ready.
  92000: system.cpu.rename: [tid:0] Looking up invalid arch reg 0, got phys reg 4294967295 (invalid)
  92000: system.cpu.rename: [tid:0] Register 4294967295 (flat: 4294967295) (invalid) is ready.
  92000: global: [sn:330] has 1 ready out of 8 sources. RTI 0)
  92000: system.cpu.rename: [tid:0] Looking up invalid arch reg 0, got phys reg 4294967295 (invalid)
  92000: system.cpu.rename: [tid:0] Register 4294967295 (flat: 4294967295) (invalid) is ready.
  92000: global: [sn:330] has 2 ready out of 8 sources. RTI 0)
  92000: system.cpu.rename: [tid:0] Looking up invalid arch reg 0, got phys reg 4294967295 (invalid)
  92000: system.cpu.rename: [tid:0] Register 4294967295 (flat: 4294967295) (invalid) is ready.
  92000: global: [sn:330] has 3 ready out of 8 sources. RTI 0)
  92000: system.cpu.rename: [tid:0] Looking up invalid arch reg 0, got phys reg 4294967295 (invalid)
  92000: system.cpu.rename: [tid:0] Register 4294967295 (flat: 4294967295) (invalid) is ready.
  92000: global: [sn:330] has 4 ready out of 8 sources. RTI 0)
  92000: system.cpu.rename: [tid:0] Looking up invalid arch reg 0, got phys reg 4294967295 (invalid)
  92000: system.cpu.rename: [tid:0] Register 4294967295 (flat: 4294967295) (invalid) is ready.
  92000: global: [sn:330] has 5 ready out of 8 sources. RTI 0)
  92000: global: Renamed reg t1 to physical reg 62 (62) old mapping was 61 (61)
  92000: system.cpu.rename: [tid:0] Renaming arch reg 17 (integer) to physical reg 62 (62).
  92000: system.cpu.rename: [tid:0] [sn:330] Adding instruction to history buffer (size=74).
  92000: global: Renamed reg condition_code[0] to physical reg 4751 (4751) old mapping was 4749 (4749)
  92000: system.cpu.rename: [tid:0] Renaming arch reg 0 (condition_code) to physical reg 25 (4751).
  92000: system.cpu.rename: [tid:0] [sn:330] Adding instruction to history buffer (size=75).
  92000: global: Renamed reg condition_code[1] to physical reg 4752 (4752) old mapping was 4750 (4750)
  92000: system.cpu.rename: [tid:0] Renaming arch reg 1 (condition_code) to physical reg 26 (4752).
  92000: system.cpu.rename: [tid:0] [sn:330] Adding instruction to history buffer (size=76).
  92000: system.cpu.rename: [tid:0] Renaming arch reg 0 (invalid) to physical reg 4294967295 (4294967295).
  92000: system.cpu.rename: [tid:0] [sn:330] Adding instruction to history buffer (size=77).
  92000: system.cpu.rename: [tid:0] Renaming arch reg 0 (invalid) to physical reg 4294967295 (4294967295).
  92000: system.cpu.rename: [tid:0] [sn:330] Adding instruction to history buffer (size=78).
  92000: system.cpu.rename: [tid:0] Renaming arch reg 0 (invalid) to physical reg 4294967295 (4294967295).
  92000: system.cpu.rename: [tid:0] [sn:330] Adding instruction to history buffer (size=79).
  92000: system.cpu.rename: calcFreeSQEntries: free sqEntries: 72, storesInProgress: 8, stores dispatchedToSQ: 1
  92000: system.cpu.rename: [tid:0] Processing instruction [sn:340] with PC (0x40102d=>0x40102f).(2=>3).
  92000: system.cpu.rename: [tid:0] Looking up invalid arch reg 0, got phys reg 4294967295 (invalid)
  92000: system.cpu.rename: [tid:0] Register 4294967295 (flat: 4294967295) (invalid) is ready.
  92000: global: [sn:340] has 1 ready out of 4 sources. RTI 0)
  92000: system.cpu.rename: [tid:0] Looking up integer arch reg 0, got phys reg 45 (integer)
  92000: system.cpu.rename: [tid:0] Register 45 (flat: 45) (integer) is not ready.
  92000: system.cpu.rename: [tid:0] Looking up integer arch reg 17, got phys reg 62 (integer)
  92000: system.cpu.rename: [tid:0] Register 62 (flat: 62) (integer) is not ready.
  92000: system.cpu.rename: [tid:0] Looking up miscellaneous arch reg 155, got phys reg 155 (miscellaneous)
  92000: system.cpu.rename: [tid:0] Register 155 (flat: 0) (miscellaneous) is ready.
  92000: global: [sn:340] has 2 ready out of 4 sources. RTI 0)
  92000: system.cpu.rename: calcFreeLQEntries: free lqEntries: 132, loadsInProgress: 9, loads dispatchedToLQ: 1
  92000: system.cpu.rename: [tid:0] Processing instruction [sn:350] with PC (0x40102f=>0x401031).(0=>1).
  92000: system.cpu.rename: [tid:0] Looking up invalid arch reg 0, got phys reg 4294967295 (invalid)
  92000: system.cpu.rename: [tid:0] Register 4294967295 (flat: 4294967295) (invalid) is ready.
  92000: global: [sn:350] has 1 ready out of 4 sources. RTI 0)
  92000: system.cpu.rename: [tid:0] Looking up integer arch reg 0, got phys reg 45 (integer)
  92000: system.cpu.rename: [tid:0] Register 45 (flat: 45) (integer) is not ready.
  92000: system.cpu.rename: [tid:0] Looking up integer arch reg 17, got phys reg 62 (integer)
  92000: system.cpu.rename: [tid:0] Register 62 (flat: 62) (integer) is not ready.
  92000: system.cpu.rename: [tid:0] Looking up miscellaneous arch reg 155, got phys reg 155 (miscellaneous)
  92000: system.cpu.rename: [tid:0] Register 155 (flat: 0) (miscellaneous) is ready.
  92000: global: [sn:350] has 2 ready out of 4 sources. RTI 0)
  92000: global: Renamed reg t1 to physical reg 63 (63) old mapping was 62 (62)
  92000: system.cpu.rename: [tid:0] Renaming arch reg 17 (integer) to physical reg 63 (63).
  92000: system.cpu.rename: [tid:0] [sn:350] Adding instruction to history buffer (size=80).
  92000: system.cpu.rename: [tid:0] Processing instruction [sn:360] with PC (0x40102f=>0x401031).(1=>2).
  92000: system.cpu.rename: [tid:0] Looking up integer arch reg 17, got phys reg 63 (integer)
  92000: system.cpu.rename: [tid:0] Register 63 (flat: 63) (integer) is not ready.
  92000: system.cpu.rename: [tid:0] Looking up integer arch reg 0, got phys reg 45 (integer)
  92000: system.cpu.rename: [tid:0] Register 45 (flat: 45) (integer) is not ready.
  92000: system.cpu.rename: [tid:0] Looking up integer arch reg 17, got phys reg 63 (integer)
  92000: system.cpu.rename: [tid:0] Register 63 (flat: 63) (integer) is not ready.
  92000: system.cpu.rename: [tid:0] Looking up invalid arch reg 0, got phys reg 4294967295 (invalid)
  92000: system.cpu.rename: [tid:0] Register 4294967295 (flat: 4294967295) (invalid) is ready.
  92000: global: [sn:360] has 1 ready out of 8 sources. RTI 0)
  92000: system.cpu.rename: [tid:0] Looking up invalid arch reg 0, got phys reg 4294967295 (invalid)
  92000: system.cpu.rename: [tid:0] Register 4294967295 (flat: 4294967295) (invalid) is ready.
  92000: global: [sn:360] has 2 ready out of 8 sources. RTI 0)
  92000: system.cpu.rename: [tid:0] Looking up invalid arch reg 0, got phys reg 4294967295 (invalid)
  92000: system.cpu.rename: [tid:0] Register 4294967295 (flat: 4294967295) (invalid) is ready.
  92000: global: [sn:360] has 3 ready out of 8 sources. RTI 0)
  92000: system.cpu.rename: [tid:0] Looking up invalid arch reg 0, got phys reg 4294967295 (invalid)
  92000: system.cpu.rename: [tid:0] Register 4294967295 (flat: 4294967295) (invalid) is ready.
  92000: global: [sn:360] has 4 ready out of 8 sources. RTI 0)
  92000: system.cpu.rename: [tid:0] Looking up invalid arch reg 0, got phys reg 4294967295 (invalid)
  92000: system.cpu.rename: [tid:0] Register 4294967295 (flat: 4294967295) (invalid) is ready.
  92000: global: [sn:360] has 5 ready out of 8 sources. RTI 0)
  92000: global: Renamed reg t1 to physical reg 64 (64) old mapping was 63 (63)
  92000: system.cpu.rename: [tid:0] Renaming arch reg 17 (integer) to physical reg 64 (64).
  92000: system.cpu.rename: [tid:0] [sn:360] Adding instruction to history buffer (size=81).
  92000: global: Renamed reg condition_code[0] to physical reg 4753 (4753) old mapping was 4751 (4751)
  92000: system.cpu.rename: [tid:0] Renaming arch reg 0 (condition_code) to physical reg 27 (4753).
  92000: system.cpu.rename: [tid:0] [sn:360] Adding instruction to history buffer (size=82).
  92000: global: Renamed reg condition_code[1] to physical reg 4754 (4754) old mapping was 4752 (4752)
  92000: system.cpu.rename: [tid:0] Renaming arch reg 1 (condition_code) to physical reg 28 (4754).
  92000: system.cpu.rename: [tid:0] [sn:360] Adding instruction to history buffer (size=83).
  92000: system.cpu.rename: [tid:0] Renaming arch reg 0 (invalid) to physical reg 4294967295 (4294967295).
  92000: system.cpu.rename: [tid:0] [sn:360] Adding instruction to history buffer (size=84).
  92000: system.cpu.rename: [tid:0] Renaming arch reg 0 (invalid) to physical reg 4294967295 (4294967295).
  92000: system.cpu.rename: [tid:0] [sn:360] Adding instruction to history buffer (size=85).
  92000: system.cpu.rename: [tid:0] Renaming arch reg 0 (invalid) to physical reg 4294967295 (4294967295).
  92000: system.cpu.rename: [tid:0] [sn:360] Adding instruction to history buffer (size=86).
  92000: system.cpu.rename: calcFreeSQEntries: free sqEntries: 72, storesInProgress: 9, stores dispatchedToSQ: 1
  92000: system.cpu.rename: [tid:0] Processing instruction [sn:370] with PC (0x40102f=>0x401031).(2=>3).
  92000: system.cpu.rename: [tid:0] Looking up invalid arch reg 0, got phys reg 4294967295 (invalid)
  92000: system.cpu.rename: [tid:0] Register 4294967295 (flat: 4294967295) (invalid) is ready.
  92000: global: [sn:370] has 1 ready out of 4 sources. RTI 0)
  92000: system.cpu.rename: [tid:0] Looking up integer arch reg 0, got phys reg 45 (integer)
  92000: system.cpu.rename: [tid:0] Register 45 (flat: 45) (integer) is not ready.
  92000: system.cpu.rename: [tid:0] Looking up integer arch reg 17, got phys reg 64 (integer)
  92000: system.cpu.rename: [tid:0] Register 64 (flat: 64) (integer) is not ready.
  92000: system.cpu.rename: [tid:0] Looking up miscellaneous arch reg 155, got phys reg 155 (miscellaneous)
  92000: system.cpu.rename: [tid:0] Register 155 (flat: 0) (miscellaneous) is ready.
  92000: global: [sn:370] has 2 ready out of 4 sources. RTI 0)
  92000: system.cpu.rename: calcFreeLQEntries: free lqEntries: 132, loadsInProgress: 10, loads dispatchedToLQ: 1
  92000: system.cpu.rename: [tid:0] Processing instruction [sn:380] with PC (0x401031=>0x401033).(0=>1).
  92000: system.cpu.rename: [tid:0] Looking up invalid arch reg 0, got phys reg 4294967295 (invalid)
  92000: system.cpu.rename: [tid:0] Register 4294967295 (flat: 4294967295) (invalid) is ready.
  92000: global: [sn:380] has 1 ready out of 4 sources. RTI 0)
  92000: system.cpu.rename: [tid:0] Looking up integer arch reg 0, got phys reg 45 (integer)
  92000: system.cpu.rename: [tid:0] Register 45 (flat: 45) (integer) is not ready.
  92000: system.cpu.rename: [tid:0] Looking up integer arch reg 17, got phys reg 64 (integer)
  92000: system.cpu.rename: [tid:0] Register 64 (flat: 64) (integer) is not ready.
  92000: system.cpu.rename: [tid:0] Looking up miscellaneous arch reg 155, got phys reg 155 (miscellaneous)
  92000: system.cpu.rename: [tid:0] Register 155 (flat: 0) (miscellaneous) is ready.
  92000: global: [sn:380] has 2 ready out of 4 sources. RTI 0)
  92000: global: Renamed reg t1 to physical reg 65 (65) old mapping was 64 (64)
  92000: system.cpu.rename: [tid:0] Renaming arch reg 17 (integer) to physical reg 65 (65).
  92000: system.cpu.rename: [tid:0] [sn:380] Adding instruction to history buffer (size=87).
  92000: system.cpu.rename: [tid:0] Processing instruction [sn:390] with PC (0x401031=>0x401033).(1=>2).
  92000: system.cpu.rename: [tid:0] Looking up integer arch reg 17, got phys reg 65 (integer)
  92000: system.cpu.rename: [tid:0] Register 65 (flat: 65) (integer) is not ready.
  92000: system.cpu.rename: [tid:0] Looking up integer arch reg 0, got phys reg 45 (integer)
  92000: system.cpu.rename: [tid:0] Register 45 (flat: 45) (integer) is not ready.
  92000: system.cpu.rename: [tid:0] Looking up integer arch reg 17, got phys reg 65 (integer)
  92000: system.cpu.rename: [tid:0] Register 65 (flat: 65) (integer) is not ready.
  92000: system.cpu.rename: [tid:0] Looking up invalid arch reg 0, got phys reg 4294967295 (invalid)
  92000: system.cpu.rename: [tid:0] Register 4294967295 (flat: 4294967295) (invalid) is ready.
  92000: global: [sn:390] has 1 ready out of 8 sources. RTI 0)
  92000: system.cpu.rename: [tid:0] Looking up invalid arch reg 0, got phys reg 4294967295 (invalid)
  92000: system.cpu.rename: [tid:0] Register 4294967295 (flat: 4294967295) (invalid) is ready.
  92000: global: [sn:390] has 2 ready out of 8 sources. RTI 0)
  92000: system.cpu.rename: [tid:0] Looking up invalid arch reg 0, got phys reg 4294967295 (invalid)
  92000: system.cpu.rename: [tid:0] Register 4294967295 (flat: 4294967295) (invalid) is ready.
  92000: global: [sn:390] has 3 ready out of 8 sources. RTI 0)
  92000: system.cpu.rename: [tid:0] Looking up invalid arch reg 0, got phys reg 4294967295 (invalid)
  92000: system.cpu.rename: [tid:0] Register 4294967295 (flat: 4294967295) (invalid) is ready.
  92000: global: [sn:390] has 4 ready out of 8 sources. RTI 0)
  92000: system.cpu.rename: [tid:0] Looking up invalid arch reg 0, got phys reg 4294967295 (invalid)
  92000: system.cpu.rename: [tid:0] Register 4294967295 (flat: 4294967295) (invalid) is ready.
  92000: global: [sn:390] has 5 ready out of 8 sources. RTI 0)
  92000: global: Renamed reg t1 to physical reg 66 (66) old mapping was 65 (65)
  92000: system.cpu.rename: [tid:0] Renaming arch reg 17 (integer) to physical reg 66 (66).
  92000: system.cpu.rename: [tid:0] [sn:390] Adding instruction to history buffer (size=88).
  92000: global: Renamed reg condition_code[0] to physical reg 4755 (4755) old mapping was 4753 (4753)
  92000: system.cpu.rename: [tid:0] Renaming arch reg 0 (condition_code) to physical reg 29 (4755).
  92000: system.cpu.rename: [tid:0] [sn:390] Adding instruction to history buffer (size=89).
  92000: global: Renamed reg condition_code[1] to physical reg 4756 (4756) old mapping was 4754 (4754)
  92000: system.cpu.rename: [tid:0] Renaming arch reg 1 (condition_code) to physical reg 30 (4756).
  92000: system.cpu.rename: [tid:0] [sn:390] Adding instruction to history buffer (size=90).
  92000: system.cpu.rename: [tid:0] Renaming arch reg 0 (invalid) to physical reg 4294967295 (4294967295).
  92000: system.cpu.rename: [tid:0] [sn:390] Adding instruction to history buffer (size=91).
  92000: system.cpu.rename: [tid:0] Renaming arch reg 0 (invalid) to physical reg 4294967295 (4294967295).
  92000: system.cpu.rename: [tid:0] [sn:390] Adding instruction to history buffer (size=92).
  92000: system.cpu.rename: [tid:0] Renaming arch reg 0 (invalid) to physical reg 4294967295 (4294967295).
  92000: system.cpu.rename: [tid:0] [sn:390] Adding instruction to history buffer (size=93).
  92000: system.cpu.rename: calcFreeSQEntries: free sqEntries: 72, storesInProgress: 10, stores dispatchedToSQ: 1
  92000: system.cpu.rename: [tid:0] Processing instruction [sn:400] with PC (0x401031=>0x401033).(2=>3).
  92000: system.cpu.rename: [tid:0] Looking up invalid arch reg 0, got phys reg 4294967295 (invalid)
  92000: system.cpu.rename: [tid:0] Register 4294967295 (flat: 4294967295) (invalid) is ready.
  92000: global: [sn:400] has 1 ready out of 4 sources. RTI 0)
  92000: system.cpu.rename: [tid:0] Looking up integer arch reg 0, got phys reg 45 (integer)
  92000: system.cpu.rename: [tid:0] Register 45 (flat: 45) (integer) is not ready.
  92000: system.cpu.rename: [tid:0] Looking up integer arch reg 17, got phys reg 66 (integer)
  92000: system.cpu.rename: [tid:0] Register 66 (flat: 66) (integer) is not ready.
  92000: system.cpu.rename: [tid:0] Looking up miscellaneous arch reg 155, got phys reg 155 (miscellaneous)
  92000: system.cpu.rename: [tid:0] Register 155 (flat: 0) (miscellaneous) is ready.
  92000: global: [sn:400] has 2 ready out of 4 sources. RTI 0)
  92000: system.cpu.rename: Activity this cycle.
  92000: system.cpu.iew: Issue: Processing [tid:0]
  92000: system.cpu.iew: [tid:0] Not blocked, so attempting to run dispatch.
  92000: system.cpu.iew: [tid:0] Issue: Adding PC (0x40101f=>0x401021).(0=>1) [sn:110] [tid:0] to IQ.
  92000: system.cpu.iew: [tid:0] Issue: Memory instruction encountered, adding to LSQ.
  92000: system.cpu.iew.lsq.thread0: Inserting load PC (0x40101f=>0x401021).(0=>1), idx:1 [sn:110]
  92000: system.cpu.iq: Adding instruction [sn:110] PC (0x40101f=>0x401021).(0=>1) to the IQ.
  92000: system.cpu.iq: Instruction PC (0x40101f=>0x401021).(0=>1) has src reg 45 (integer) that is being added to the dependency chain.
  92000: system.cpu.iq: Instruction PC (0x40101f=>0x401021).(0=>1) has src reg 43 (integer) that is being added to the dependency chain.
  92000: memdepentry: Memory dependency entry created. memdep_count=3 (0x40101f=>0x401021).(0=>1)
  92000: system.cpu.memDep0: No dependency for inst PC (0x40101f=>0x401021).(0=>1) [sn:110].
  92000: system.cpu.iew: [tid:0] Issue: Adding PC (0x40101f=>0x401021).(1=>2) [sn:120] [tid:0] to IQ.
  92000: system.cpu.iq: Adding instruction [sn:120] PC (0x40101f=>0x401021).(1=>2) to the IQ.
  92000: system.cpu.iq: Instruction PC (0x40101f=>0x401021).(1=>2) has src reg 47 (integer) that is being added to the dependency chain.
  92000: system.cpu.iq: Instruction PC (0x40101f=>0x401021).(1=>2) has src reg 45 (integer) that is being added to the dependency chain.
  92000: system.cpu.iq: Instruction PC (0x40101f=>0x401021).(1=>2) has src reg 47 (integer) that is being added to the dependency chain.
  92000: system.cpu.iew: [tid:0] Issue: Adding PC (0x40101f=>0x401021).(2=>3) [sn:130] [tid:0] to IQ.
  92000: system.cpu.iew: [tid:0] Issue: Memory instruction encountered, adding to LSQ.
  92000: system.cpu.iew.lsq.thread0: Inserting store PC (0x40101f=>0x401021).(2=>3), idx:1 [sn:130]
  92000: system.cpu.iq: Adding instruction [sn:130] PC (0x40101f=>0x401021).(2=>3) to the IQ.
  92000: system.cpu.iq: Instruction PC (0x40101f=>0x401021).(2=>3) has src reg 45 (integer) that is being added to the dependency chain.
  92000: system.cpu.iq: Instruction PC (0x40101f=>0x401021).(2=>3) has src reg 48 (integer) that is being added to the dependency chain.
  92000: memdepentry: Memory dependency entry created. memdep_count=4 (0x40101f=>0x401021).(2=>3)
  92000: system.cpu.memDep0: No dependency for inst PC (0x40101f=>0x401021).(2=>3) [sn:130].
  92000: system.cpu.memDep0: Inserting store/atomic PC (0x40101f=>0x401021).(2=>3) [sn:130].
  92000: system.cpu.iew: [tid:0] Issue: Adding PC (0x401021=>0x401023).(0=>1) [sn:140] [tid:0] to IQ.
  92000: system.cpu.iew: [tid:0] Issue: Memory instruction encountered, adding to LSQ.
  92000: system.cpu.iew.lsq.thread0: Inserting load PC (0x401021=>0x401023).(0=>1), idx:2 [sn:140]
  92000: system.cpu.iq: Adding instruction [sn:140] PC (0x401021=>0x401023).(0=>1) to the IQ.
  92000: system.cpu.iq: Instruction PC (0x401021=>0x401023).(0=>1) has src reg 45 (integer) that is being added to the dependency chain.
  92000: system.cpu.iq: Instruction PC (0x401021=>0x401023).(0=>1) has src reg 48 (integer) that is being added to the dependency chain.
  92000: memdepentry: Memory dependency entry created. memdep_count=5 (0x401021=>0x401023).(0=>1)
  92000: system.cpu.memDep0: No dependency for inst PC (0x401021=>0x401023).(0=>1) [sn:140].
  92000: system.cpu.iew: [tid:0] Issue: Adding PC (0x401021=>0x401023).(1=>2) [sn:150] [tid:0] to IQ.
  92000: system.cpu.iq: Adding instruction [sn:150] PC (0x401021=>0x401023).(1=>2) to the IQ.
  92000: system.cpu.iq: Instruction PC (0x401021=>0x401023).(1=>2) has src reg 49 (integer) that is being added to the dependency chain.
  92000: system.cpu.iq: Instruction PC (0x401021=>0x401023).(1=>2) has src reg 45 (integer) that is being added to the dependency chain.
  92000: system.cpu.iq: Instruction PC (0x401021=>0x401023).(1=>2) has src reg 49 (integer) that is being added to the dependency chain.
  92000: system.cpu.iew: [tid:0] Issue: Adding PC (0x401021=>0x401023).(2=>3) [sn:160] [tid:0] to IQ.
  92000: system.cpu.iew: [tid:0] Issue: Memory instruction encountered, adding to LSQ.
  92000: system.cpu.iew.lsq.thread0: Inserting store PC (0x401021=>0x401023).(2=>3), idx:2 [sn:160]
  92000: system.cpu.iq: Adding instruction [sn:160] PC (0x401021=>0x401023).(2=>3) to the IQ.
  92000: system.cpu.iq: Instruction PC (0x401021=>0x401023).(2=>3) has src reg 45 (integer) that is being added to the dependency chain.
  92000: system.cpu.iq: Instruction PC (0x401021=>0x401023).(2=>3) has src reg 50 (integer) that is being added to the dependency chain.
  92000: memdepentry: Memory dependency entry created. memdep_count=6 (0x401021=>0x401023).(2=>3)
  92000: system.cpu.memDep0: No dependency for inst PC (0x401021=>0x401023).(2=>3) [sn:160].
  92000: system.cpu.memDep0: Inserting store/atomic PC (0x401021=>0x401023).(2=>3) [sn:160].
  92000: system.cpu.iew: [tid:0] Issue: Adding PC (0x401023=>0x401025).(0=>1) [sn:170] [tid:0] to IQ.
  92000: system.cpu.iew: [tid:0] Issue: Memory instruction encountered, adding to LSQ.
  92000: system.cpu.iew.lsq.thread0: Inserting load PC (0x401023=>0x401025).(0=>1), idx:3 [sn:170]
  92000: system.cpu.iq: Adding instruction [sn:170] PC (0x401023=>0x401025).(0=>1) to the IQ.
  92000: system.cpu.iq: Instruction PC (0x401023=>0x401025).(0=>1) has src reg 45 (integer) that is being added to the dependency chain.
  92000: system.cpu.iq: Instruction PC (0x401023=>0x401025).(0=>1) has src reg 50 (integer) that is being added to the dependency chain.
  92000: memdepentry: Memory dependency entry created. memdep_count=7 (0x401023=>0x401025).(0=>1)
  92000: system.cpu.memDep0: No dependency for inst PC (0x401023=>0x401025).(0=>1) [sn:170].
  92000: system.cpu.iew: [tid:0] Issue: Adding PC (0x401023=>0x401025).(1=>2) [sn:180] [tid:0] to IQ.
  92000: system.cpu.iq: Adding instruction [sn:180] PC (0x401023=>0x401025).(1=>2) to the IQ.
  92000: system.cpu.iq: Instruction PC (0x401023=>0x401025).(1=>2) has src reg 51 (integer) that is being added to the dependency chain.
  92000: system.cpu.iq: Instruction PC (0x401023=>0x401025).(1=>2) has src reg 45 (integer) that is being added to the dependency chain.
  92000: system.cpu.iq: Instruction PC (0x401023=>0x401025).(1=>2) has src reg 51 (integer) that is being added to the dependency chain.
  92000: system.cpu.iew: [tid:0] Issue: Adding PC (0x401023=>0x401025).(2=>3) [sn:190] [tid:0] to IQ.
  92000: system.cpu.iew: [tid:0] Issue: Memory instruction encountered, adding to LSQ.
  92000: system.cpu.iew.lsq.thread0: Inserting store PC (0x401023=>0x401025).(2=>3), idx:3 [sn:190]
  92000: system.cpu.iq: Adding instruction [sn:190] PC (0x401023=>0x401025).(2=>3) to the IQ.
  92000: system.cpu.iq: Instruction PC (0x401023=>0x401025).(2=>3) has src reg 45 (integer) that is being added to the dependency chain.
  92000: system.cpu.iq: Instruction PC (0x401023=>0x401025).(2=>3) has src reg 52 (integer) that is being added to the dependency chain.
  92000: memdepentry: Memory dependency entry created. memdep_count=8 (0x401023=>0x401025).(2=>3)
  92000: system.cpu.memDep0: No dependency for inst PC (0x401023=>0x401025).(2=>3) [sn:190].
  92000: system.cpu.memDep0: Inserting store/atomic PC (0x401023=>0x401025).(2=>3) [sn:190].
  92000: system.cpu.iew: [tid:0] Issue: Adding PC (0x401025=>0x401027).(0=>1) [sn:200] [tid:0] to IQ.
  92000: system.cpu.iew: [tid:0] Issue: Memory instruction encountered, adding to LSQ.
  92000: system.cpu.iew.lsq.thread0: Inserting load PC (0x401025=>0x401027).(0=>1), idx:4 [sn:200]
  92000: system.cpu.iq: Adding instruction [sn:200] PC (0x401025=>0x401027).(0=>1) to the IQ.
  92000: system.cpu.iq: Instruction PC (0x401025=>0x401027).(0=>1) has src reg 45 (integer) that is being added to the dependency chain.
  92000: system.cpu.iq: Instruction PC (0x401025=>0x401027).(0=>1) has src reg 52 (integer) that is being added to the dependency chain.
  92000: memdepentry: Memory dependency entry created. memdep_count=9 (0x401025=>0x401027).(0=>1)
  92000: system.cpu.memDep0: No dependency for inst PC (0x401025=>0x401027).(0=>1) [sn:200].
  92000: system.cpu.iew: Execute: Executing instructions from IQ.
  92000: system.cpu.iew: Execute: Processing PC (0x401000=>0x401004).(0=>1), [tid:0] [sn:10].
  92000: global: RegFile: Setting int register 39 to 0x8
  92000: system.cpu.iew: Current wb cycle: 0, width: 19, numInst: 0
wbActual:0
  92000: system.cpu.iew: Execute: Executing instructions from IQ.
  92000: system.cpu.iew: Execute: Processing PC (0x401004=>0x40100b).(0=>1), [tid:0] [sn:30].
  92000: global: RegFile: Setting int register 41 to 0xcafe
  92000: system.cpu.iew: Current wb cycle: 0, width: 19, numInst: 1
wbActual:1
  92000: system.cpu.iew: Execute: Executing instructions from IQ.
  92000: system.cpu.iew: Execute: Processing PC (0x40100f=>0x401013).(0=>1), [tid:0] [sn:60].
  92000: global: RegFile: Setting int register 43 to 0x8
  92000: system.cpu.iew: Current wb cycle: 0, width: 19, numInst: 2
wbActual:2
  92000: system.cpu.iew: Execute: Executing instructions from IQ.
  92000: system.cpu.iew: Execute: Processing PC (0x401013=>0x40101a).(0=>1), [tid:0] [sn:80].
  92000: global: RegFile: Setting int register 45 to 0x3c
  92000: system.cpu.iew: Current wb cycle: 0, width: 19, numInst: 3
wbActual:3
  92000: system.cpu.iew: Execute: Executing instructions from IQ.
  92000: system.cpu.iew: Execute: Processing PC (0x40101a=>0x40101d).(0=>1), [tid:0] [sn:90].
  92000: global: RegFile: Access to int register 7, has data 0
  92000: global: RegFile: Access to int register 7, has data 0
  92000: global: RegFile: Setting int register 46 to 0
  92000: global: RegFile: Setting cc register 9 to 0x44
  92000: global: RegFile: Setting cc register 10 to 0
  92000: system.cpu.iew: Current wb cycle: 0, width: 19, numInst: 4
wbActual:4
  92000: system.cpu.iew: Execute: Executing instructions from IQ.
  92000: system.cpu.iew: Execute: Processing PC (0x40101d=>0x40101f).(0=>1), [tid:0] [sn:100].
  92000: system.cpu.iew: Current wb cycle: 0, width: 19, numInst: 5
wbActual:5
  92000: system.cpu.iew: Sending instructions to commit, [sn:10] PC (0x401000=>0x401004).(0=>1).
  92000: system.cpu.iq: Waking dependents of completed instruction.
  92000: system.cpu.iq: Waking any dependents on register 39 (integer).
  92000: system.cpu.iq: Waking up a dependent instruction, [sn:20] PC (0x401000=>0x401004).(1=>2).
  92000: global: [sn:20] has 7 ready out of 7 sources. RTI 0)
  92000: system.cpu.iq: Instruction is ready to issue, putting it onto the ready list, PC (0x401000=>0x401004).(1=>2) opclass:1 [sn:20].
  92000: system.cpu.iew: Setting Destination Register 39 (integer)
  92000: system.cpu.scoreboard: Setting reg 39 (integer) as ready
  92000: system.cpu.iew: Sending instructions to commit, [sn:30] PC (0x401004=>0x40100b).(0=>1).
  92000: system.cpu.iq: Waking dependents of completed instruction.
  92000: system.cpu.iq: Waking any dependents on register 41 (integer).
  92000: system.cpu.iq: Waking up a dependent instruction, [sn:40] PC (0x401004=>0x40100b).(1=>2).
  92000: global: [sn:40] has 3 ready out of 4 sources. RTI 0)
  92000: system.cpu.iew: Setting Destination Register 41 (integer)
  92000: system.cpu.scoreboard: Setting reg 41 (integer) as ready
  92000: system.cpu.iew: Sending instructions to commit, [sn:60] PC (0x40100f=>0x401013).(0=>1).
  92000: system.cpu.iq: Waking dependents of completed instruction.
  92000: system.cpu.iq: Waking any dependents on register 43 (integer).
  92000: system.cpu.iq: Waking up a dependent instruction, [sn:110] PC (0x40101f=>0x401021).(0=>1).
  92000: global: [sn:110] has 3 ready out of 4 sources. RTI 0)
  92000: system.cpu.iq: Waking up a dependent instruction, [sn:70] PC (0x40100f=>0x401013).(1=>2).
  92000: global: [sn:70] has 6 ready out of 7 sources. RTI 0)
  92000: system.cpu.iew: Setting Destination Register 43 (integer)
  92000: system.cpu.scoreboard: Setting reg 43 (integer) as ready
  92000: system.cpu.iew: Sending instructions to commit, [sn:80] PC (0x401013=>0x40101a).(0=>1).
  92000: system.cpu.iq: Waking dependents of completed instruction.
  92000: system.cpu.iq: Waking any dependents on register 45 (integer).
  92000: system.cpu.iq: Waking up a dependent instruction, [sn:200] PC (0x401025=>0x401027).(0=>1).
  92000: global: [sn:200] has 3 ready out of 4 sources. RTI 0)
  92000: system.cpu.iq: Waking up a dependent instruction, [sn:190] PC (0x401023=>0x401025).(2=>3).
  92000: global: [sn:190] has 3 ready out of 4 sources. RTI 0)
  92000: system.cpu.iq: Waking up a dependent instruction, [sn:180] PC (0x401023=>0x401025).(1=>2).
  92000: global: [sn:180] has 6 ready out of 8 sources. RTI 0)
  92000: system.cpu.iq: Waking up a dependent instruction, [sn:170] PC (0x401023=>0x401025).(0=>1).
  92000: global: [sn:170] has 3 ready out of 4 sources. RTI 0)
  92000: system.cpu.iq: Waking up a dependent instruction, [sn:160] PC (0x401021=>0x401023).(2=>3).
  92000: global: [sn:160] has 3 ready out of 4 sources. RTI 0)
  92000: system.cpu.iq: Waking up a dependent instruction, [sn:150] PC (0x401021=>0x401023).(1=>2).
  92000: global: [sn:150] has 6 ready out of 8 sources. RTI 0)
  92000: system.cpu.iq: Waking up a dependent instruction, [sn:140] PC (0x401021=>0x401023).(0=>1).
  92000: global: [sn:140] has 3 ready out of 4 sources. RTI 0)
  92000: system.cpu.iq: Waking up a dependent instruction, [sn:130] PC (0x40101f=>0x401021).(2=>3).
  92000: global: [sn:130] has 3 ready out of 4 sources. RTI 0)
  92000: system.cpu.iq: Waking up a dependent instruction, [sn:120] PC (0x40101f=>0x401021).(1=>2).
  92000: global: [sn:120] has 6 ready out of 8 sources. RTI 0)
  92000: system.cpu.iq: Waking up a dependent instruction, [sn:110] PC (0x40101f=>0x401021).(0=>1).
  92000: global: [sn:110] has 4 ready out of 4 sources. RTI 0)
  92000: system.cpu.iq: Checking if memory instruction can issue.
  92000: system.cpu.memDep0: Marking registers as ready for instruction PC (0x40101f=>0x401021).(0=>1) [sn:110].
  92000: system.cpu.memDep0: Instruction has its memory dependencies resolved, adding it to the ready list.
  92000: system.cpu.memDep0: Adding instruction [sn:110] to the ready list.
  92000: system.cpu.iq: Instruction is ready to issue, putting it onto the ready list, PC (0x40101f=>0x401021).(0=>1) opclass:52 [sn:110].
  92000: system.cpu.iew: Setting Destination Register 45 (integer)
  92000: system.cpu.scoreboard: Setting reg 45 (integer) as ready
  92000: system.cpu.iew: Sending instructions to commit, [sn:90] PC (0x40101a=>0x40101d).(0=>1).
  92000: system.cpu.iq: Waking dependents of completed instruction.
  92000: system.cpu.iq: Waking any dependents on register 46 (integer).
  92000: system.cpu.iq: Waking any dependents on register 9 (condition_code).
  92000: system.cpu.iq: Waking any dependents on register 10 (condition_code).
  92000: system.cpu.iq: Reg 4294967295 [invalid] is part of a fix mapping, skipping
  92000: system.cpu.iq: Reg 4294967295 [invalid] is part of a fix mapping, skipping
  92000: system.cpu.iq: Reg 4294967295 [invalid] is part of a fix mapping, skipping
  92000: system.cpu.iew: Setting Destination Register 46 (integer)
  92000: system.cpu.scoreboard: Setting reg 46 (integer) as ready
  92000: system.cpu.iew: Setting Destination Register 9 (condition_code)
  92000: system.cpu.scoreboard: Setting reg 9 (condition_code) as ready
  92000: system.cpu.iew: Setting Destination Register 10 (condition_code)
  92000: system.cpu.scoreboard: Setting reg 10 (condition_code) as ready
  92000: system.cpu.iew: Setting Destination Register 4294967295 (invalid)
  92000: system.cpu.iew: Setting Destination Register 4294967295 (invalid)
  92000: system.cpu.iew: Setting Destination Register 4294967295 (invalid)
  92000: system.cpu.iew: Sending instructions to commit, [sn:100] PC (0x40101d=>0x40101f).(0=>1).
  92000: system.cpu.iq: Attempting to schedule ready instructions from the IQ.
  92000: system.cpu.iq: Thread 0: Issuing instruction PC (0x401000=>0x401004).(1=>2) [sn:20]
  92000: system.cpu.iq: Thread 0: Issuing instruction PC (0x40101f=>0x401021).(0=>1) [sn:110]
  92000: system.cpu.memDep0: Issuing instruction PC 0x40101f [sn:110].
  92000: system.cpu.iew: Processing [tid:0]
  92000: system.cpu.iew.lsq.thread0: LQ size: 132, #loads occupied: 5
  92000: system.cpu.iew.lsq.thread0: SQ size: 72, #stores occupied: 4
  92000: system.cpu.iew: [tid:0], Dispatch dispatched 10 instructions.
  92000: system.cpu.iew.lsq.thread0: SQ size: 72, #stores occupied: 4
  92000: system.cpu.iew.lsq.thread0: LQ size: 132, #loads occupied: 5
  92000: system.cpu.iew: IQ has 546 free entries (Can schedule: 0).  LQ has 127 free entries. SQ has 68 free entries.
  92000: system.cpu.iew: Activity this cycle.
  92000: system.cpu.commit: Getting instructions from Rename stage.
  92000: system.cpu.commit: [tid:0] [sn:210] Inserting PC (0x401025=>0x401027).(1=>2) into ROB.
  92000: system.cpu.rob: Adding inst PC (0x401025=>0x401027).(1=>2) to the ROB.
  92000: system.cpu.rob: [tid:0] Now has 21 instructions.
  92000: system.cpu.commit: [tid:0] [sn:220] Inserting PC (0x401025=>0x401027).(2=>3) into ROB.
  92000: system.cpu.rob: Adding inst PC (0x401025=>0x401027).(2=>3) to the ROB.
  92000: system.cpu.rob: [tid:0] Now has 22 instructions.
  92000: system.cpu.commit: [tid:0] [sn:230] Inserting PC (0x401027=>0x401029).(0=>1) into ROB.
  92000: system.cpu.rob: Adding inst PC (0x401027=>0x401029).(0=>1) to the ROB.
  92000: system.cpu.rob: [tid:0] Now has 23 instructions.
  92000: system.cpu.commit: [tid:0] [sn:240] Inserting PC (0x401027=>0x401029).(1=>2) into ROB.
  92000: system.cpu.rob: Adding inst PC (0x401027=>0x401029).(1=>2) to the ROB.
  92000: system.cpu.rob: [tid:0] Now has 24 instructions.
  92000: system.cpu.commit: [tid:0] [sn:250] Inserting PC (0x401027=>0x401029).(2=>3) into ROB.
  92000: system.cpu.rob: Adding inst PC (0x401027=>0x401029).(2=>3) to the ROB.
  92000: system.cpu.rob: [tid:0] Now has 25 instructions.
  92000: system.cpu.commit: [tid:0] [sn:260] Inserting PC (0x401029=>0x40102b).(0=>1) into ROB.
  92000: system.cpu.rob: Adding inst PC (0x401029=>0x40102b).(0=>1) to the ROB.
  92000: system.cpu.rob: [tid:0] Now has 26 instructions.
  92000: system.cpu.commit: [tid:0] [sn:270] Inserting PC (0x401029=>0x40102b).(1=>2) into ROB.
  92000: system.cpu.rob: Adding inst PC (0x401029=>0x40102b).(1=>2) to the ROB.
  92000: system.cpu.rob: [tid:0] Now has 27 instructions.
  92000: system.cpu.commit: [tid:0] [sn:280] Inserting PC (0x401029=>0x40102b).(2=>3) into ROB.
  92000: system.cpu.rob: Adding inst PC (0x401029=>0x40102b).(2=>3) to the ROB.
  92000: system.cpu.rob: [tid:0] Now has 28 instructions.
  92000: system.cpu.commit: [tid:0] [sn:290] Inserting PC (0x40102b=>0x40102d).(0=>1) into ROB.
  92000: system.cpu.rob: Adding inst PC (0x40102b=>0x40102d).(0=>1) to the ROB.
  92000: system.cpu.rob: [tid:0] Now has 29 instructions.
  92000: system.cpu.commit: [tid:0] [sn:300] Inserting PC (0x40102b=>0x40102d).(1=>2) into ROB.
  92000: system.cpu.rob: Adding inst PC (0x40102b=>0x40102d).(1=>2) to the ROB.
  92000: system.cpu.rob: [tid:0] Now has 30 instructions.
  92000: system.cpu.commit: Trying to commit instructions in the ROB.
  92000: system.cpu.commit: [tid:0] Can't commit, Instruction [sn:10] PC (0x401000=>0x401004).(0=>1) is head of ROB and not ready
  92000: system.cpu.commit: [tid:0] ROB has 30 insts & 888 free entries.
  92000: system.cpu.commit: Activity This Cycle.
  92000: system.cpu: Scheduling next tick!
  93000: system.cpu: 

O3CPU: Ticking main, O3CPU.
  93000: system.cpu.fetch: Running stage.
  93000: system.cpu.fetch: There are no more threads available to fetch from.
  93000: system.cpu.fetch: [tid:0] Fetch is waiting cache response!
  93000: system.cpu.decode: Processing [tid:0]
  93000: system.cpu.decode: [tid:0] Not blocked, so attempting to run stage.
  93000: system.cpu.decode: [tid:0] Sending instruction to rename.
  93000: system.cpu.decode: [tid:0] Processing instruction [sn:510] with PC (0x401039=>0x40103b).(1=>2)
  93000: system.cpu.decode: [tid:0] Processing instruction [sn:520] with PC (0x401039=>0x40103b).(2=>3)
  93000: system.cpu.decode: [tid:0] Processing instruction [sn:530] with PC (0x40103b=>0x40103d).(0=>1)
  93000: system.cpu.decode: [tid:0] Processing instruction [sn:540] with PC (0x40103b=>0x40103d).(1=>2)
  93000: system.cpu.decode: [tid:0] Processing instruction [sn:550] with PC (0x40103b=>0x40103d).(2=>3)
  93000: system.cpu.decode: [tid:0] Processing instruction [sn:560] with PC (0x40103d=>0x40103f).(0=>1)
  93000: system.cpu.decode: [tid:0] Processing instruction [sn:570] with PC (0x40103d=>0x40103f).(1=>2)
  93000: system.cpu.decode: [tid:0] Processing instruction [sn:580] with PC (0x40103d=>0x40103f).(2=>3)
  93000: system.cpu.decode: Activity this cycle.
  93000: system.cpu: Activity: 7
  93000: system.cpu.rename: Processing [tid:0]
  93000: system.cpu.rename: [tid:0] Free IQ: 546, Free ROB: 888, Free LQ: 127, Free SQ: 68, FreeRM 127(851 870 917 1834 127 8 4559)
  93000: system.cpu.rename: [tid:0] 30 instructions not yet in ROB
  93000: system.cpu.rename: calcFreeLQEntries: free lqEntries: 127, loadsInProgress: 10, loads dispatchedToLQ: 4
  93000: system.cpu.rename: [tid:0] Not blocked, so attempting to run stage.
  93000: system.cpu.rename: [tid:0] 10 available instructions to send iew.
  93000: system.cpu.rename: [tid:0] 30 insts pipelining from Rename | 10 insts dispatched to IQ last cycle.
  93000: system.cpu.rename: [tid:0] Sending instructions to IEW.
  93000: system.cpu.rename: calcFreeLQEntries: free lqEntries: 127, loadsInProgress: 10, loads dispatchedToLQ: 4
  93000: system.cpu.rename: [tid:0] Processing instruction [sn:410] with PC (0x401033=>0x401035).(0=>1).
  93000: system.cpu.rename: [tid:0] Looking up invalid arch reg 0, got phys reg 4294967295 (invalid)
  93000: system.cpu.rename: [tid:0] Register 4294967295 (flat: 4294967295) (invalid) is ready.
  93000: global: [sn:410] has 1 ready out of 4 sources. RTI 0)
  93000: system.cpu.rename: [tid:0] Looking up integer arch reg 0, got phys reg 45 (integer)
  93000: system.cpu.rename: [tid:0] Register 45 (flat: 45) (integer) is ready.
  93000: global: [sn:410] has 2 ready out of 4 sources. RTI 0)
  93000: system.cpu.rename: [tid:0] Looking up integer arch reg 17, got phys reg 66 (integer)
  93000: system.cpu.rename: [tid:0] Register 66 (flat: 66) (integer) is not ready.
  93000: system.cpu.rename: [tid:0] Looking up miscellaneous arch reg 155, got phys reg 155 (miscellaneous)
  93000: system.cpu.rename: [tid:0] Register 155 (flat: 0) (miscellaneous) is ready.
  93000: global: [sn:410] has 3 ready out of 4 sources. RTI 0)
  93000: global: Renamed reg t1 to physical reg 67 (67) old mapping was 66 (66)
  93000: system.cpu.rename: [tid:0] Renaming arch reg 17 (integer) to physical reg 67 (67).
  93000: system.cpu.rename: [tid:0] [sn:410] Adding instruction to history buffer (size=94).
  93000: system.cpu.rename: [tid:0] Processing instruction [sn:420] with PC (0x401033=>0x401035).(1=>2).
  93000: system.cpu.rename: [tid:0] Looking up integer arch reg 17, got phys reg 67 (integer)
  93000: system.cpu.rename: [tid:0] Register 67 (flat: 67) (integer) is not ready.
  93000: system.cpu.rename: [tid:0] Looking up integer arch reg 0, got phys reg 45 (integer)
  93000: system.cpu.rename: [tid:0] Register 45 (flat: 45) (integer) is ready.
  93000: global: [sn:420] has 1 ready out of 8 sources. RTI 0)
  93000: system.cpu.rename: [tid:0] Looking up integer arch reg 17, got phys reg 67 (integer)
  93000: system.cpu.rename: [tid:0] Register 67 (flat: 67) (integer) is not ready.
  93000: system.cpu.rename: [tid:0] Looking up invalid arch reg 0, got phys reg 4294967295 (invalid)
  93000: system.cpu.rename: [tid:0] Register 4294967295 (flat: 4294967295) (invalid) is ready.
  93000: global: [sn:420] has 2 ready out of 8 sources. RTI 0)
  93000: system.cpu.rename: [tid:0] Looking up invalid arch reg 0, got phys reg 4294967295 (invalid)
  93000: system.cpu.rename: [tid:0] Register 4294967295 (flat: 4294967295) (invalid) is ready.
  93000: global: [sn:420] has 3 ready out of 8 sources. RTI 0)
  93000: system.cpu.rename: [tid:0] Looking up invalid arch reg 0, got phys reg 4294967295 (invalid)
  93000: system.cpu.rename: [tid:0] Register 4294967295 (flat: 4294967295) (invalid) is ready.
  93000: global: [sn:420] has 4 ready out of 8 sources. RTI 0)
  93000: system.cpu.rename: [tid:0] Looking up invalid arch reg 0, got phys reg 4294967295 (invalid)
  93000: system.cpu.rename: [tid:0] Register 4294967295 (flat: 4294967295) (invalid) is ready.
  93000: global: [sn:420] has 5 ready out of 8 sources. RTI 0)
  93000: system.cpu.rename: [tid:0] Looking up invalid arch reg 0, got phys reg 4294967295 (invalid)
  93000: system.cpu.rename: [tid:0] Register 4294967295 (flat: 4294967295) (invalid) is ready.
  93000: global: [sn:420] has 6 ready out of 8 sources. RTI 0)
  93000: global: Renamed reg t1 to physical reg 68 (68) old mapping was 67 (67)
  93000: system.cpu.rename: [tid:0] Renaming arch reg 17 (integer) to physical reg 68 (68).
  93000: system.cpu.rename: [tid:0] [sn:420] Adding instruction to history buffer (size=95).
  93000: global: Renamed reg condition_code[0] to physical reg 4757 (4757) old mapping was 4755 (4755)
  93000: system.cpu.rename: [tid:0] Renaming arch reg 0 (condition_code) to physical reg 31 (4757).
  93000: system.cpu.rename: [tid:0] [sn:420] Adding instruction to history buffer (size=96).
  93000: global: Renamed reg condition_code[1] to physical reg 4758 (4758) old mapping was 4756 (4756)
  93000: system.cpu.rename: [tid:0] Renaming arch reg 1 (condition_code) to physical reg 32 (4758).
  93000: system.cpu.rename: [tid:0] [sn:420] Adding instruction to history buffer (size=97).
  93000: system.cpu.rename: [tid:0] Renaming arch reg 0 (invalid) to physical reg 4294967295 (4294967295).
  93000: system.cpu.rename: [tid:0] [sn:420] Adding instruction to history buffer (size=98).
  93000: system.cpu.rename: [tid:0] Renaming arch reg 0 (invalid) to physical reg 4294967295 (4294967295).
  93000: system.cpu.rename: [tid:0] [sn:420] Adding instruction to history buffer (size=99).
  93000: system.cpu.rename: [tid:0] Renaming arch reg 0 (invalid) to physical reg 4294967295 (4294967295).
  93000: system.cpu.rename: [tid:0] [sn:420] Adding instruction to history buffer (size=100).
  93000: system.cpu.rename: calcFreeSQEntries: free sqEntries: 68, storesInProgress: 10, stores dispatchedToSQ: 3
  93000: system.cpu.rename: [tid:0] Processing instruction [sn:430] with PC (0x401033=>0x401035).(2=>3).
  93000: system.cpu.rename: [tid:0] Looking up invalid arch reg 0, got phys reg 4294967295 (invalid)
  93000: system.cpu.rename: [tid:0] Register 4294967295 (flat: 4294967295) (invalid) is ready.
  93000: global: [sn:430] has 1 ready out of 4 sources. RTI 0)
  93000: system.cpu.rename: [tid:0] Looking up integer arch reg 0, got phys reg 45 (integer)
  93000: system.cpu.rename: [tid:0] Register 45 (flat: 45) (integer) is ready.
  93000: global: [sn:430] has 2 ready out of 4 sources. RTI 0)
  93000: system.cpu.rename: [tid:0] Looking up integer arch reg 17, got phys reg 68 (integer)
  93000: system.cpu.rename: [tid:0] Register 68 (flat: 68) (integer) is not ready.
  93000: system.cpu.rename: [tid:0] Looking up miscellaneous arch reg 155, got phys reg 155 (miscellaneous)
  93000: system.cpu.rename: [tid:0] Register 155 (flat: 0) (miscellaneous) is ready.
  93000: global: [sn:430] has 3 ready out of 4 sources. RTI 0)
  93000: system.cpu.rename: calcFreeLQEntries: free lqEntries: 127, loadsInProgress: 11, loads dispatchedToLQ: 4
  93000: system.cpu.rename: [tid:0] Processing instruction [sn:440] with PC (0x401035=>0x401037).(0=>1).
  93000: system.cpu.rename: [tid:0] Looking up invalid arch reg 0, got phys reg 4294967295 (invalid)
  93000: system.cpu.rename: [tid:0] Register 4294967295 (flat: 4294967295) (invalid) is ready.
  93000: global: [sn:440] has 1 ready out of 4 sources. RTI 0)
  93000: system.cpu.rename: [tid:0] Looking up integer arch reg 0, got phys reg 45 (integer)
  93000: system.cpu.rename: [tid:0] Register 45 (flat: 45) (integer) is ready.
  93000: global: [sn:440] has 2 ready out of 4 sources. RTI 0)
  93000: system.cpu.rename: [tid:0] Looking up integer arch reg 17, got phys reg 68 (integer)
  93000: system.cpu.rename: [tid:0] Register 68 (flat: 68) (integer) is not ready.
  93000: system.cpu.rename: [tid:0] Looking up miscellaneous arch reg 155, got phys reg 155 (miscellaneous)
  93000: system.cpu.rename: [tid:0] Register 155 (flat: 0) (miscellaneous) is ready.
  93000: global: [sn:440] has 3 ready out of 4 sources. RTI 0)
  93000: global: Renamed reg t1 to physical reg 69 (69) old mapping was 68 (68)
  93000: system.cpu.rename: [tid:0] Renaming arch reg 17 (integer) to physical reg 69 (69).
  93000: system.cpu.rename: [tid:0] [sn:440] Adding instruction to history buffer (size=101).
  93000: system.cpu.rename: [tid:0] Processing instruction [sn:450] with PC (0x401035=>0x401037).(1=>2).
  93000: system.cpu.rename: [tid:0] Looking up integer arch reg 17, got phys reg 69 (integer)
  93000: system.cpu.rename: [tid:0] Register 69 (flat: 69) (integer) is not ready.
  93000: system.cpu.rename: [tid:0] Looking up integer arch reg 0, got phys reg 45 (integer)
  93000: system.cpu.rename: [tid:0] Register 45 (flat: 45) (integer) is ready.
  93000: global: [sn:450] has 1 ready out of 8 sources. RTI 0)
  93000: system.cpu.rename: [tid:0] Looking up integer arch reg 17, got phys reg 69 (integer)
  93000: system.cpu.rename: [tid:0] Register 69 (flat: 69) (integer) is not ready.
  93000: system.cpu.rename: [tid:0] Looking up invalid arch reg 0, got phys reg 4294967295 (invalid)
  93000: system.cpu.rename: [tid:0] Register 4294967295 (flat: 4294967295) (invalid) is ready.
  93000: global: [sn:450] has 2 ready out of 8 sources. RTI 0)
  93000: system.cpu.rename: [tid:0] Looking up invalid arch reg 0, got phys reg 4294967295 (invalid)
  93000: system.cpu.rename: [tid:0] Register 4294967295 (flat: 4294967295) (invalid) is ready.
  93000: global: [sn:450] has 3 ready out of 8 sources. RTI 0)
  93000: system.cpu.rename: [tid:0] Looking up invalid arch reg 0, got phys reg 4294967295 (invalid)
  93000: system.cpu.rename: [tid:0] Register 4294967295 (flat: 4294967295) (invalid) is ready.
  93000: global: [sn:450] has 4 ready out of 8 sources. RTI 0)
  93000: system.cpu.rename: [tid:0] Looking up invalid arch reg 0, got phys reg 4294967295 (invalid)
  93000: system.cpu.rename: [tid:0] Register 4294967295 (flat: 4294967295) (invalid) is ready.
  93000: global: [sn:450] has 5 ready out of 8 sources. RTI 0)
  93000: system.cpu.rename: [tid:0] Looking up invalid arch reg 0, got phys reg 4294967295 (invalid)
  93000: system.cpu.rename: [tid:0] Register 4294967295 (flat: 4294967295) (invalid) is ready.
  93000: global: [sn:450] has 6 ready out of 8 sources. RTI 0)
  93000: global: Renamed reg t1 to physical reg 70 (70) old mapping was 69 (69)
  93000: system.cpu.rename: [tid:0] Renaming arch reg 17 (integer) to physical reg 70 (70).
  93000: system.cpu.rename: [tid:0] [sn:450] Adding instruction to history buffer (size=102).
  93000: global: Renamed reg condition_code[0] to physical reg 4759 (4759) old mapping was 4757 (4757)
  93000: system.cpu.rename: [tid:0] Renaming arch reg 0 (condition_code) to physical reg 33 (4759).
  93000: system.cpu.rename: [tid:0] [sn:450] Adding instruction to history buffer (size=103).
  93000: global: Renamed reg condition_code[1] to physical reg 4760 (4760) old mapping was 4758 (4758)
  93000: system.cpu.rename: [tid:0] Renaming arch reg 1 (condition_code) to physical reg 34 (4760).
  93000: system.cpu.rename: [tid:0] [sn:450] Adding instruction to history buffer (size=104).
  93000: system.cpu.rename: [tid:0] Renaming arch reg 0 (invalid) to physical reg 4294967295 (4294967295).
  93000: system.cpu.rename: [tid:0] [sn:450] Adding instruction to history buffer (size=105).
  93000: system.cpu.rename: [tid:0] Renaming arch reg 0 (invalid) to physical reg 4294967295 (4294967295).
  93000: system.cpu.rename: [tid:0] [sn:450] Adding instruction to history buffer (size=106).
  93000: system.cpu.rename: [tid:0] Renaming arch reg 0 (invalid) to physical reg 4294967295 (4294967295).
  93000: system.cpu.rename: [tid:0] [sn:450] Adding instruction to history buffer (size=107).
  93000: system.cpu.rename: calcFreeSQEntries: free sqEntries: 68, storesInProgress: 11, stores dispatchedToSQ: 3
  93000: system.cpu.rename: [tid:0] Processing instruction [sn:460] with PC (0x401035=>0x401037).(2=>3).
  93000: system.cpu.rename: [tid:0] Looking up invalid arch reg 0, got phys reg 4294967295 (invalid)
  93000: system.cpu.rename: [tid:0] Register 4294967295 (flat: 4294967295) (invalid) is ready.
  93000: global: [sn:460] has 1 ready out of 4 sources. RTI 0)
  93000: system.cpu.rename: [tid:0] Looking up integer arch reg 0, got phys reg 45 (integer)
  93000: system.cpu.rename: [tid:0] Register 45 (flat: 45) (integer) is ready.
  93000: global: [sn:460] has 2 ready out of 4 sources. RTI 0)
  93000: system.cpu.rename: [tid:0] Looking up integer arch reg 17, got phys reg 70 (integer)
  93000: system.cpu.rename: [tid:0] Register 70 (flat: 70) (integer) is not ready.
  93000: system.cpu.rename: [tid:0] Looking up miscellaneous arch reg 155, got phys reg 155 (miscellaneous)
  93000: system.cpu.rename: [tid:0] Register 155 (flat: 0) (miscellaneous) is ready.
  93000: global: [sn:460] has 3 ready out of 4 sources. RTI 0)
  93000: system.cpu.rename: calcFreeLQEntries: free lqEntries: 127, loadsInProgress: 12, loads dispatchedToLQ: 4
  93000: system.cpu.rename: [tid:0] Processing instruction [sn:470] with PC (0x401037=>0x401039).(0=>1).
  93000: system.cpu.rename: [tid:0] Looking up invalid arch reg 0, got phys reg 4294967295 (invalid)
  93000: system.cpu.rename: [tid:0] Register 4294967295 (flat: 4294967295) (invalid) is ready.
  93000: global: [sn:470] has 1 ready out of 4 sources. RTI 0)
  93000: system.cpu.rename: [tid:0] Looking up integer arch reg 0, got phys reg 45 (integer)
  93000: system.cpu.rename: [tid:0] Register 45 (flat: 45) (integer) is ready.
  93000: global: [sn:470] has 2 ready out of 4 sources. RTI 0)
  93000: system.cpu.rename: [tid:0] Looking up integer arch reg 17, got phys reg 70 (integer)
  93000: system.cpu.rename: [tid:0] Register 70 (flat: 70) (integer) is not ready.
  93000: system.cpu.rename: [tid:0] Looking up miscellaneous arch reg 155, got phys reg 155 (miscellaneous)
  93000: system.cpu.rename: [tid:0] Register 155 (flat: 0) (miscellaneous) is ready.
  93000: global: [sn:470] has 3 ready out of 4 sources. RTI 0)
  93000: global: Renamed reg t1 to physical reg 71 (71) old mapping was 70 (70)
  93000: system.cpu.rename: [tid:0] Renaming arch reg 17 (integer) to physical reg 71 (71).
  93000: system.cpu.rename: [tid:0] [sn:470] Adding instruction to history buffer (size=108).
  93000: system.cpu.rename: [tid:0] Processing instruction [sn:480] with PC (0x401037=>0x401039).(1=>2).
  93000: system.cpu.rename: [tid:0] Looking up integer arch reg 17, got phys reg 71 (integer)
  93000: system.cpu.rename: [tid:0] Register 71 (flat: 71) (integer) is not ready.
  93000: system.cpu.rename: [tid:0] Looking up integer arch reg 0, got phys reg 45 (integer)
  93000: system.cpu.rename: [tid:0] Register 45 (flat: 45) (integer) is ready.
  93000: global: [sn:480] has 1 ready out of 8 sources. RTI 0)
  93000: system.cpu.rename: [tid:0] Looking up integer arch reg 17, got phys reg 71 (integer)
  93000: system.cpu.rename: [tid:0] Register 71 (flat: 71) (integer) is not ready.
  93000: system.cpu.rename: [tid:0] Looking up invalid arch reg 0, got phys reg 4294967295 (invalid)
  93000: system.cpu.rename: [tid:0] Register 4294967295 (flat: 4294967295) (invalid) is ready.
  93000: global: [sn:480] has 2 ready out of 8 sources. RTI 0)
  93000: system.cpu.rename: [tid:0] Looking up invalid arch reg 0, got phys reg 4294967295 (invalid)
  93000: system.cpu.rename: [tid:0] Register 4294967295 (flat: 4294967295) (invalid) is ready.
  93000: global: [sn:480] has 3 ready out of 8 sources. RTI 0)
  93000: system.cpu.rename: [tid:0] Looking up invalid arch reg 0, got phys reg 4294967295 (invalid)
  93000: system.cpu.rename: [tid:0] Register 4294967295 (flat: 4294967295) (invalid) is ready.
  93000: global: [sn:480] has 4 ready out of 8 sources. RTI 0)
  93000: system.cpu.rename: [tid:0] Looking up invalid arch reg 0, got phys reg 4294967295 (invalid)
  93000: system.cpu.rename: [tid:0] Register 4294967295 (flat: 4294967295) (invalid) is ready.
  93000: global: [sn:480] has 5 ready out of 8 sources. RTI 0)
  93000: system.cpu.rename: [tid:0] Looking up invalid arch reg 0, got phys reg 4294967295 (invalid)
  93000: system.cpu.rename: [tid:0] Register 4294967295 (flat: 4294967295) (invalid) is ready.
  93000: global: [sn:480] has 6 ready out of 8 sources. RTI 0)
  93000: global: Renamed reg t1 to physical reg 72 (72) old mapping was 71 (71)
  93000: system.cpu.rename: [tid:0] Renaming arch reg 17 (integer) to physical reg 72 (72).
  93000: system.cpu.rename: [tid:0] [sn:480] Adding instruction to history buffer (size=109).
  93000: global: Renamed reg condition_code[0] to physical reg 4761 (4761) old mapping was 4759 (4759)
  93000: system.cpu.rename: [tid:0] Renaming arch reg 0 (condition_code) to physical reg 35 (4761).
  93000: system.cpu.rename: [tid:0] [sn:480] Adding instruction to history buffer (size=110).
  93000: global: Renamed reg condition_code[1] to physical reg 4762 (4762) old mapping was 4760 (4760)
  93000: system.cpu.rename: [tid:0] Renaming arch reg 1 (condition_code) to physical reg 36 (4762).
  93000: system.cpu.rename: [tid:0] [sn:480] Adding instruction to history buffer (size=111).
  93000: system.cpu.rename: [tid:0] Renaming arch reg 0 (invalid) to physical reg 4294967295 (4294967295).
  93000: system.cpu.rename: [tid:0] [sn:480] Adding instruction to history buffer (size=112).
  93000: system.cpu.rename: [tid:0] Renaming arch reg 0 (invalid) to physical reg 4294967295 (4294967295).
  93000: system.cpu.rename: [tid:0] [sn:480] Adding instruction to history buffer (size=113).
  93000: system.cpu.rename: [tid:0] Renaming arch reg 0 (invalid) to physical reg 4294967295 (4294967295).
  93000: system.cpu.rename: [tid:0] [sn:480] Adding instruction to history buffer (size=114).
  93000: system.cpu.rename: calcFreeSQEntries: free sqEntries: 68, storesInProgress: 12, stores dispatchedToSQ: 3
  93000: system.cpu.rename: [tid:0] Processing instruction [sn:490] with PC (0x401037=>0x401039).(2=>3).
  93000: system.cpu.rename: [tid:0] Looking up invalid arch reg 0, got phys reg 4294967295 (invalid)
  93000: system.cpu.rename: [tid:0] Register 4294967295 (flat: 4294967295) (invalid) is ready.
  93000: global: [sn:490] has 1 ready out of 4 sources. RTI 0)
  93000: system.cpu.rename: [tid:0] Looking up integer arch reg 0, got phys reg 45 (integer)
  93000: system.cpu.rename: [tid:0] Register 45 (flat: 45) (integer) is ready.
  93000: global: [sn:490] has 2 ready out of 4 sources. RTI 0)
  93000: system.cpu.rename: [tid:0] Looking up integer arch reg 17, got phys reg 72 (integer)
  93000: system.cpu.rename: [tid:0] Register 72 (flat: 72) (integer) is not ready.
  93000: system.cpu.rename: [tid:0] Looking up miscellaneous arch reg 155, got phys reg 155 (miscellaneous)
  93000: system.cpu.rename: [tid:0] Register 155 (flat: 0) (miscellaneous) is ready.
  93000: global: [sn:490] has 3 ready out of 4 sources. RTI 0)
  93000: system.cpu.rename: calcFreeLQEntries: free lqEntries: 127, loadsInProgress: 13, loads dispatchedToLQ: 4
  93000: system.cpu.rename: [tid:0] Processing instruction [sn:500] with PC (0x401039=>0x40103b).(0=>1).
  93000: system.cpu.rename: [tid:0] Looking up invalid arch reg 0, got phys reg 4294967295 (invalid)
  93000: system.cpu.rename: [tid:0] Register 4294967295 (flat: 4294967295) (invalid) is ready.
  93000: global: [sn:500] has 1 ready out of 4 sources. RTI 0)
  93000: system.cpu.rename: [tid:0] Looking up integer arch reg 0, got phys reg 45 (integer)
  93000: system.cpu.rename: [tid:0] Register 45 (flat: 45) (integer) is ready.
  93000: global: [sn:500] has 2 ready out of 4 sources. RTI 0)
  93000: system.cpu.rename: [tid:0] Looking up integer arch reg 17, got phys reg 72 (integer)
  93000: system.cpu.rename: [tid:0] Register 72 (flat: 72) (integer) is not ready.
  93000: system.cpu.rename: [tid:0] Looking up miscellaneous arch reg 155, got phys reg 155 (miscellaneous)
  93000: system.cpu.rename: [tid:0] Register 155 (flat: 0) (miscellaneous) is ready.
  93000: global: [sn:500] has 3 ready out of 4 sources. RTI 0)
  93000: global: Renamed reg t1 to physical reg 73 (73) old mapping was 72 (72)
  93000: system.cpu.rename: [tid:0] Renaming arch reg 17 (integer) to physical reg 73 (73).
  93000: system.cpu.rename: [tid:0] [sn:500] Adding instruction to history buffer (size=115).
  93000: system.cpu.rename: Activity this cycle.
  93000: system.cpu.iew: Issue: Processing [tid:0]
  93000: system.cpu.iew: [tid:0] Not blocked, so attempting to run dispatch.
  93000: system.cpu.iew: [tid:0] Issue: Adding PC (0x401025=>0x401027).(1=>2) [sn:210] [tid:0] to IQ.
  93000: system.cpu.iq: Adding instruction [sn:210] PC (0x401025=>0x401027).(1=>2) to the IQ.
  93000: system.cpu.iq: Instruction PC (0x401025=>0x401027).(1=>2) has src reg 53 (integer) that is being added to the dependency chain.
  93000: system.cpu.iq: Instruction PC (0x401025=>0x401027).(1=>2) has src reg 45 (integer) that became ready before it reached the IQ.
  93000: global: [sn:210] has 6 ready out of 8 sources. RTI 0)
  93000: system.cpu.iq: Instruction PC (0x401025=>0x401027).(1=>2) has src reg 53 (integer) that is being added to the dependency chain.
  93000: system.cpu.iew: [tid:0] Issue: Adding PC (0x401025=>0x401027).(2=>3) [sn:220] [tid:0] to IQ.
  93000: system.cpu.iew: [tid:0] Issue: Memory instruction encountered, adding to LSQ.
  93000: system.cpu.iew.lsq.thread0: Inserting store PC (0x401025=>0x401027).(2=>3), idx:4 [sn:220]
  93000: system.cpu.iq: Adding instruction [sn:220] PC (0x401025=>0x401027).(2=>3) to the IQ.
  93000: system.cpu.iq: Instruction PC (0x401025=>0x401027).(2=>3) has src reg 45 (integer) that became ready before it reached the IQ.
  93000: global: [sn:220] has 3 ready out of 4 sources. RTI 0)
  93000: system.cpu.iq: Instruction PC (0x401025=>0x401027).(2=>3) has src reg 54 (integer) that is being added to the dependency chain.
  93000: memdepentry: Memory dependency entry created. memdep_count=10 (0x401025=>0x401027).(2=>3)
  93000: system.cpu.memDep0: No dependency for inst PC (0x401025=>0x401027).(2=>3) [sn:220].
  93000: system.cpu.memDep0: Inserting store/atomic PC (0x401025=>0x401027).(2=>3) [sn:220].
  93000: system.cpu.iew: [tid:0] Issue: Adding PC (0x401027=>0x401029).(0=>1) [sn:230] [tid:0] to IQ.
  93000: system.cpu.iew: [tid:0] Issue: Memory instruction encountered, adding to LSQ.
  93000: system.cpu.iew.lsq.thread0: Inserting load PC (0x401027=>0x401029).(0=>1), idx:5 [sn:230]
  93000: system.cpu.iq: Adding instruction [sn:230] PC (0x401027=>0x401029).(0=>1) to the IQ.
  93000: system.cpu.iq: Instruction PC (0x401027=>0x401029).(0=>1) has src reg 45 (integer) that became ready before it reached the IQ.
  93000: global: [sn:230] has 3 ready out of 4 sources. RTI 0)
  93000: system.cpu.iq: Instruction PC (0x401027=>0x401029).(0=>1) has src reg 54 (integer) that is being added to the dependency chain.
  93000: memdepentry: Memory dependency entry created. memdep_count=11 (0x401027=>0x401029).(0=>1)
  93000: system.cpu.memDep0: No dependency for inst PC (0x401027=>0x401029).(0=>1) [sn:230].
  93000: system.cpu.iew: [tid:0] Issue: Adding PC (0x401027=>0x401029).(1=>2) [sn:240] [tid:0] to IQ.
  93000: system.cpu.iq: Adding instruction [sn:240] PC (0x401027=>0x401029).(1=>2) to the IQ.
  93000: system.cpu.iq: Instruction PC (0x401027=>0x401029).(1=>2) has src reg 55 (integer) that is being added to the dependency chain.
  93000: system.cpu.iq: Instruction PC (0x401027=>0x401029).(1=>2) has src reg 45 (integer) that became ready before it reached the IQ.
  93000: global: [sn:240] has 6 ready out of 8 sources. RTI 0)
  93000: system.cpu.iq: Instruction PC (0x401027=>0x401029).(1=>2) has src reg 55 (integer) that is being added to the dependency chain.
  93000: system.cpu.iew: [tid:0] Issue: Adding PC (0x401027=>0x401029).(2=>3) [sn:250] [tid:0] to IQ.
  93000: system.cpu.iew: [tid:0] Issue: Memory instruction encountered, adding to LSQ.
  93000: system.cpu.iew.lsq.thread0: Inserting store PC (0x401027=>0x401029).(2=>3), idx:5 [sn:250]
  93000: system.cpu.iq: Adding instruction [sn:250] PC (0x401027=>0x401029).(2=>3) to the IQ.
  93000: system.cpu.iq: Instruction PC (0x401027=>0x401029).(2=>3) has src reg 45 (integer) that became ready before it reached the IQ.
  93000: global: [sn:250] has 3 ready out of 4 sources. RTI 0)
  93000: system.cpu.iq: Instruction PC (0x401027=>0x401029).(2=>3) has src reg 56 (integer) that is being added to the dependency chain.
  93000: memdepentry: Memory dependency entry created. memdep_count=12 (0x401027=>0x401029).(2=>3)
  93000: system.cpu.memDep0: No dependency for inst PC (0x401027=>0x401029).(2=>3) [sn:250].
  93000: system.cpu.memDep0: Inserting store/atomic PC (0x401027=>0x401029).(2=>3) [sn:250].
  93000: system.cpu.iew: [tid:0] Issue: Adding PC (0x401029=>0x40102b).(0=>1) [sn:260] [tid:0] to IQ.
  93000: system.cpu.iew: [tid:0] Issue: Memory instruction encountered, adding to LSQ.
  93000: system.cpu.iew.lsq.thread0: Inserting load PC (0x401029=>0x40102b).(0=>1), idx:6 [sn:260]
  93000: system.cpu.iq: Adding instruction [sn:260] PC (0x401029=>0x40102b).(0=>1) to the IQ.
  93000: system.cpu.iq: Instruction PC (0x401029=>0x40102b).(0=>1) has src reg 45 (integer) that became ready before it reached the IQ.
  93000: global: [sn:260] has 3 ready out of 4 sources. RTI 0)
  93000: system.cpu.iq: Instruction PC (0x401029=>0x40102b).(0=>1) has src reg 56 (integer) that is being added to the dependency chain.
  93000: memdepentry: Memory dependency entry created. memdep_count=13 (0x401029=>0x40102b).(0=>1)
  93000: system.cpu.memDep0: No dependency for inst PC (0x401029=>0x40102b).(0=>1) [sn:260].
  93000: system.cpu.iew: [tid:0] Issue: Adding PC (0x401029=>0x40102b).(1=>2) [sn:270] [tid:0] to IQ.
  93000: system.cpu.iq: Adding instruction [sn:270] PC (0x401029=>0x40102b).(1=>2) to the IQ.
  93000: system.cpu.iq: Instruction PC (0x401029=>0x40102b).(1=>2) has src reg 57 (integer) that is being added to the dependency chain.
  93000: system.cpu.iq: Instruction PC (0x401029=>0x40102b).(1=>2) has src reg 45 (integer) that became ready before it reached the IQ.
  93000: global: [sn:270] has 6 ready out of 8 sources. RTI 0)
  93000: system.cpu.iq: Instruction PC (0x401029=>0x40102b).(1=>2) has src reg 57 (integer) that is being added to the dependency chain.
  93000: system.cpu.iew: [tid:0] Issue: Adding PC (0x401029=>0x40102b).(2=>3) [sn:280] [tid:0] to IQ.
  93000: system.cpu.iew: [tid:0] Issue: Memory instruction encountered, adding to LSQ.
  93000: system.cpu.iew.lsq.thread0: Inserting store PC (0x401029=>0x40102b).(2=>3), idx:6 [sn:280]
  93000: system.cpu.iq: Adding instruction [sn:280] PC (0x401029=>0x40102b).(2=>3) to the IQ.
  93000: system.cpu.iq: Instruction PC (0x401029=>0x40102b).(2=>3) has src reg 45 (integer) that became ready before it reached the IQ.
  93000: global: [sn:280] has 3 ready out of 4 sources. RTI 0)
  93000: system.cpu.iq: Instruction PC (0x401029=>0x40102b).(2=>3) has src reg 58 (integer) that is being added to the dependency chain.
  93000: memdepentry: Memory dependency entry created. memdep_count=14 (0x401029=>0x40102b).(2=>3)
  93000: system.cpu.memDep0: No dependency for inst PC (0x401029=>0x40102b).(2=>3) [sn:280].
  93000: system.cpu.memDep0: Inserting store/atomic PC (0x401029=>0x40102b).(2=>3) [sn:280].
  93000: system.cpu.iew: [tid:0] Issue: Adding PC (0x40102b=>0x40102d).(0=>1) [sn:290] [tid:0] to IQ.
  93000: system.cpu.iew: [tid:0] Issue: Memory instruction encountered, adding to LSQ.
  93000: system.cpu.iew.lsq.thread0: Inserting load PC (0x40102b=>0x40102d).(0=>1), idx:7 [sn:290]
  93000: system.cpu.iq: Adding instruction [sn:290] PC (0x40102b=>0x40102d).(0=>1) to the IQ.
  93000: system.cpu.iq: Instruction PC (0x40102b=>0x40102d).(0=>1) has src reg 45 (integer) that became ready before it reached the IQ.
  93000: global: [sn:290] has 3 ready out of 4 sources. RTI 0)
  93000: system.cpu.iq: Instruction PC (0x40102b=>0x40102d).(0=>1) has src reg 58 (integer) that is being added to the dependency chain.
  93000: memdepentry: Memory dependency entry created. memdep_count=15 (0x40102b=>0x40102d).(0=>1)
  93000: system.cpu.memDep0: No dependency for inst PC (0x40102b=>0x40102d).(0=>1) [sn:290].
  93000: system.cpu.iew: [tid:0] Issue: Adding PC (0x40102b=>0x40102d).(1=>2) [sn:300] [tid:0] to IQ.
  93000: system.cpu.iq: Adding instruction [sn:300] PC (0x40102b=>0x40102d).(1=>2) to the IQ.
  93000: system.cpu.iq: Instruction PC (0x40102b=>0x40102d).(1=>2) has src reg 59 (integer) that is being added to the dependency chain.
  93000: system.cpu.iq: Instruction PC (0x40102b=>0x40102d).(1=>2) has src reg 45 (integer) that became ready before it reached the IQ.
  93000: global: [sn:300] has 6 ready out of 8 sources. RTI 0)
  93000: system.cpu.iq: Instruction PC (0x40102b=>0x40102d).(1=>2) has src reg 59 (integer) that is being added to the dependency chain.
  93000: system.cpu.iew: Execute: Executing instructions from IQ.
  93000: system.cpu.iew: Execute: Processing PC (0x401000=>0x401004).(1=>2), [tid:0] [sn:20].
  93000: global: RegFile: Access to int register 4, has data 0x7fffffffee30
  93000: global: RegFile: Access to int register 39, has data 0x8
  93000: global: RegFile: Setting int register 40 to 0x7fffffffee28
  93000: global: RegFile: Setting cc register 5 to 0x14
  93000: global: RegFile: Setting cc register 6 to 0
  93000: system.cpu.iew: Current wb cycle: 0, width: 19, numInst: 0
wbActual:0
  93000: system.cpu.iew: Execute: Executing instructions from IQ.
  93000: system.cpu.iew: Execute: Processing PC (0x40101f=>0x401021).(0=>1), [tid:0] [sn:110].
  93000: system.cpu.iew: Execute: Calculating address for memory reference.
  93000: system.cpu.iew.lsq.thread0: Executing load PC (0x40101f=>0x401021).(0=>1), [sn:110]
  93000: global: RegFile: Access to int register 45, has data 0x3c
  93000: system.cpu.iew.lsq.thread0: Load [sn:110] not executed from fault
  93000: system.cpu.iew: Current wb cycle: 0, width: 19, numInst: 1
wbActual:1
  93000: system.cpu.iew: Activity this cycle.
  93000: system.cpu.iew: Sending instructions to commit, [sn:20] PC (0x401000=>0x401004).(1=>2).
  93000: system.cpu.iq: Waking dependents of completed instruction.
  93000: system.cpu.iq: Waking any dependents on register 40 (integer).
  93000: system.cpu.iq: Waking up a dependent instruction, [sn:70] PC (0x40100f=>0x401013).(1=>2).
  93000: global: [sn:70] has 7 ready out of 7 sources. RTI 0)
  93000: system.cpu.iq: Instruction is ready to issue, putting it onto the ready list, PC (0x40100f=>0x401013).(1=>2) opclass:1 [sn:70].
  93000: system.cpu.iq: Waking up a dependent instruction, [sn:50] PC (0x40100b=>0x40100f).(0=>1).
  93000: global: [sn:50] has 3 ready out of 3 sources. RTI 0)
  93000: system.cpu.iq: Checking if memory instruction can issue.
  93000: system.cpu.memDep0: Marking registers as ready for instruction PC (0x40100b=>0x40100f).(0=>1) [sn:50].
  93000: system.cpu.memDep0: Instruction has its memory dependencies resolved, adding it to the ready list.
  93000: system.cpu.memDep0: Adding instruction [sn:50] to the ready list.
  93000: system.cpu.iq: Instruction is ready to issue, putting it onto the ready list, PC (0x40100b=>0x40100f).(0=>1) opclass:52 [sn:50].
  93000: system.cpu.iq: Waking up a dependent instruction, [sn:40] PC (0x401004=>0x40100b).(1=>2).
  93000: global: [sn:40] has 4 ready out of 4 sources. RTI 0)
  93000: system.cpu.iq: Checking if memory instruction can issue.
  93000: system.cpu.memDep0: Marking registers as ready for instruction PC (0x401004=>0x40100b).(1=>2) [sn:40].
  93000: system.cpu.memDep0: Instruction has its memory dependencies resolved, adding it to the ready list.
  93000: system.cpu.memDep0: Adding instruction [sn:40] to the ready list.
  93000: system.cpu.iq: Instruction is ready to issue, putting it onto the ready list, PC (0x401004=>0x40100b).(1=>2) opclass:53 [sn:40].
  93000: system.cpu.iq: Waking any dependents on register 5 (condition_code).
  93000: system.cpu.iq: Waking any dependents on register 6 (condition_code).
  93000: system.cpu.iq: Reg 4294967295 [invalid] is part of a fix mapping, skipping
  93000: system.cpu.iq: Reg 4294967295 [invalid] is part of a fix mapping, skipping
  93000: system.cpu.iq: Reg 4294967295 [invalid] is part of a fix mapping, skipping
  93000: system.cpu.iew: Setting Destination Register 40 (integer)
  93000: system.cpu.scoreboard: Setting reg 40 (integer) as ready
  93000: system.cpu.iew: Setting Destination Register 5 (condition_code)
  93000: system.cpu.scoreboard: Setting reg 5 (condition_code) as ready
  93000: system.cpu.iew: Setting Destination Register 6 (condition_code)
  93000: system.cpu.scoreboard: Setting reg 6 (condition_code) as ready
  93000: system.cpu.iew: Setting Destination Register 4294967295 (invalid)
  93000: system.cpu.iew: Setting Destination Register 4294967295 (invalid)
  93000: system.cpu.iew: Setting Destination Register 4294967295 (invalid)
  93000: system.cpu.iew: Sending instructions to commit, [sn:110] PC (0x40101f=>0x401021).(0=>1).
  93000: system.cpu.iq: Attempting to schedule ready instructions from the IQ.
  93000: system.cpu.iq: Thread 0: Issuing instruction PC (0x401004=>0x40100b).(1=>2) [sn:40]
  93000: system.cpu.memDep0: Issuing instruction PC 0x401004 [sn:40].
  93000: system.cpu.iq: Thread 0: Issuing instruction PC (0x40100b=>0x40100f).(0=>1) [sn:50]
  93000: system.cpu.memDep0: Issuing instruction PC 0x40100b [sn:50].
  93000: system.cpu.iq: Thread 0: Issuing instruction PC (0x40100f=>0x401013).(1=>2) [sn:70]
  93000: system.cpu.iew: Processing [tid:0]
  93000: system.cpu.iew.lsq.thread0: LQ size: 132, #loads occupied: 8
  93000: system.cpu.iew.lsq.thread0: SQ size: 72, #stores occupied: 7
  93000: system.cpu.iew: [tid:0], Dispatch dispatched 10 instructions.
  93000: system.cpu.iew.lsq.thread0: SQ size: 72, #stores occupied: 7
  93000: system.cpu.iew.lsq.thread0: LQ size: 132, #loads occupied: 8
  93000: system.cpu.iew: IQ has 537 free entries (Can schedule: 0).  LQ has 124 free entries. SQ has 65 free entries.
  93000: system.cpu.iew: Activity this cycle.
  93000: system.cpu.commit: Getting instructions from Rename stage.
  93000: system.cpu.commit: [tid:0] [sn:310] Inserting PC (0x40102b=>0x40102d).(2=>3) into ROB.
  93000: system.cpu.rob: Adding inst PC (0x40102b=>0x40102d).(2=>3) to the ROB.
  93000: system.cpu.rob: [tid:0] Now has 31 instructions.
  93000: system.cpu.commit: [tid:0] [sn:320] Inserting PC (0x40102d=>0x40102f).(0=>1) into ROB.
  93000: system.cpu.rob: Adding inst PC (0x40102d=>0x40102f).(0=>1) to the ROB.
  93000: system.cpu.rob: [tid:0] Now has 32 instructions.
  93000: system.cpu.commit: [tid:0] [sn:330] Inserting PC (0x40102d=>0x40102f).(1=>2) into ROB.
  93000: system.cpu.rob: Adding inst PC (0x40102d=>0x40102f).(1=>2) to the ROB.
  93000: system.cpu.rob: [tid:0] Now has 33 instructions.
  93000: system.cpu.commit: [tid:0] [sn:340] Inserting PC (0x40102d=>0x40102f).(2=>3) into ROB.
  93000: system.cpu.rob: Adding inst PC (0x40102d=>0x40102f).(2=>3) to the ROB.
  93000: system.cpu.rob: [tid:0] Now has 34 instructions.
  93000: system.cpu.commit: [tid:0] [sn:350] Inserting PC (0x40102f=>0x401031).(0=>1) into ROB.
  93000: system.cpu.rob: Adding inst PC (0x40102f=>0x401031).(0=>1) to the ROB.
  93000: system.cpu.rob: [tid:0] Now has 35 instructions.
  93000: system.cpu.commit: [tid:0] [sn:360] Inserting PC (0x40102f=>0x401031).(1=>2) into ROB.
  93000: system.cpu.rob: Adding inst PC (0x40102f=>0x401031).(1=>2) to the ROB.
  93000: system.cpu.rob: [tid:0] Now has 36 instructions.
  93000: system.cpu.commit: [tid:0] [sn:370] Inserting PC (0x40102f=>0x401031).(2=>3) into ROB.
  93000: system.cpu.rob: Adding inst PC (0x40102f=>0x401031).(2=>3) to the ROB.
  93000: system.cpu.rob: [tid:0] Now has 37 instructions.
  93000: system.cpu.commit: [tid:0] [sn:380] Inserting PC (0x401031=>0x401033).(0=>1) into ROB.
  93000: system.cpu.rob: Adding inst PC (0x401031=>0x401033).(0=>1) to the ROB.
  93000: system.cpu.rob: [tid:0] Now has 38 instructions.
  93000: system.cpu.commit: [tid:0] [sn:390] Inserting PC (0x401031=>0x401033).(1=>2) into ROB.
  93000: system.cpu.rob: Adding inst PC (0x401031=>0x401033).(1=>2) to the ROB.
  93000: system.cpu.rob: [tid:0] Now has 39 instructions.
  93000: system.cpu.commit: [tid:0] [sn:400] Inserting PC (0x401031=>0x401033).(2=>3) into ROB.
  93000: system.cpu.rob: Adding inst PC (0x401031=>0x401033).(2=>3) to the ROB.
  93000: system.cpu.rob: [tid:0] Now has 40 instructions.
  93000: system.cpu.commit: Trying to commit instructions in the ROB.
  93000: system.cpu.commit: [tid:0] Marking PC (0x401000=>0x401004).(0=>1), [sn:10] ready within ROB.
  93000: system.cpu.commit: [tid:0] Marking PC (0x401004=>0x40100b).(0=>1), [sn:30] ready within ROB.
  93000: system.cpu.commit: [tid:0] Marking PC (0x40100f=>0x401013).(0=>1), [sn:60] ready within ROB.
  93000: system.cpu.commit: [tid:0] Marking PC (0x401013=>0x40101a).(0=>1), [sn:80] ready within ROB.
  93000: system.cpu.commit: [tid:0] Marking PC (0x40101a=>0x40101d).(0=>1), [sn:90] ready within ROB.
  93000: system.cpu.commit: [tid:0] Marking PC (0x40101d=>0x40101f).(0=>1), [sn:100] ready within ROB.
  93000: system.cpu.commit: [tid:0] Instruction [sn:10] PC (0x401000=>0x401004).(0=>1) is head of ROB and ready to commit
  93000: system.cpu.commit: [tid:0] ROB has 40 insts & 878 free entries.
  93000: system.cpu.commit: Activity This Cycle.
  93000: system.cpu.commit: Activating stage.
  93000: system.cpu: Activity: 8
  93000: system.cpu: Scheduling next tick!
  94000: system.cpu: 

O3CPU: Ticking main, O3CPU.
  94000: system.cpu.fetch: Running stage.
  94000: system.cpu.fetch: There are no more threads available to fetch from.
  94000: system.cpu.fetch: [tid:0] Fetch is waiting cache response!
  94000: system.cpu.decode: Processing [tid:0]
  94000: system.cpu.decode: [tid:0] Not blocked, so attempting to run stage.
  94000: system.cpu.decode: [tid:0] Nothing to do, breaking out early.
  94000: system.cpu.rename: Processing [tid:0]
  94000: system.cpu.rename: [tid:0] Free IQ: 537, Free ROB: 878, Free LQ: 124, Free SQ: 65, FreeRM 127(844 870 917 1834 127 8 4553)
  94000: system.cpu.rename: [tid:0] 30 instructions not yet in ROB
  94000: system.cpu.rename: calcFreeLQEntries: free lqEntries: 124, loadsInProgress: 10, loads dispatchedToLQ: 3
  94000: system.cpu.rename: [tid:0] Not blocked, so attempting to run stage.
  94000: system.cpu.rename: [tid:0] 8 available instructions to send iew.
  94000: system.cpu.rename: [tid:0] 30 insts pipelining from Rename | 10 insts dispatched to IQ last cycle.
  94000: system.cpu.rename: [tid:0] Sending instructions to IEW.
  94000: system.cpu.rename: [tid:0] Processing instruction [sn:510] with PC (0x401039=>0x40103b).(1=>2).
  94000: system.cpu.rename: [tid:0] Looking up integer arch reg 17, got phys reg 73 (integer)
  94000: system.cpu.rename: [tid:0] Register 73 (flat: 73) (integer) is not ready.
  94000: system.cpu.rename: [tid:0] Looking up integer arch reg 0, got phys reg 45 (integer)
  94000: system.cpu.rename: [tid:0] Register 45 (flat: 45) (integer) is ready.
  94000: global: [sn:510] has 1 ready out of 8 sources. RTI 0)
  94000: system.cpu.rename: [tid:0] Looking up integer arch reg 17, got phys reg 73 (integer)
  94000: system.cpu.rename: [tid:0] Register 73 (flat: 73) (integer) is not ready.
  94000: system.cpu.rename: [tid:0] Looking up invalid arch reg 0, got phys reg 4294967295 (invalid)
  94000: system.cpu.rename: [tid:0] Register 4294967295 (flat: 4294967295) (invalid) is ready.
  94000: global: [sn:510] has 2 ready out of 8 sources. RTI 0)
  94000: system.cpu.rename: [tid:0] Looking up invalid arch reg 0, got phys reg 4294967295 (invalid)
  94000: system.cpu.rename: [tid:0] Register 4294967295 (flat: 4294967295) (invalid) is ready.
  94000: global: [sn:510] has 3 ready out of 8 sources. RTI 0)
  94000: system.cpu.rename: [tid:0] Looking up invalid arch reg 0, got phys reg 4294967295 (invalid)
  94000: system.cpu.rename: [tid:0] Register 4294967295 (flat: 4294967295) (invalid) is ready.
  94000: global: [sn:510] has 4 ready out of 8 sources. RTI 0)
  94000: system.cpu.rename: [tid:0] Looking up invalid arch reg 0, got phys reg 4294967295 (invalid)
  94000: system.cpu.rename: [tid:0] Register 4294967295 (flat: 4294967295) (invalid) is ready.
  94000: global: [sn:510] has 5 ready out of 8 sources. RTI 0)
  94000: system.cpu.rename: [tid:0] Looking up invalid arch reg 0, got phys reg 4294967295 (invalid)
  94000: system.cpu.rename: [tid:0] Register 4294967295 (flat: 4294967295) (invalid) is ready.
  94000: global: [sn:510] has 6 ready out of 8 sources. RTI 0)
  94000: global: Renamed reg t1 to physical reg 74 (74) old mapping was 73 (73)
  94000: system.cpu.rename: [tid:0] Renaming arch reg 17 (integer) to physical reg 74 (74).
  94000: system.cpu.rename: [tid:0] [sn:510] Adding instruction to history buffer (size=116).
  94000: global: Renamed reg condition_code[0] to physical reg 4763 (4763) old mapping was 4761 (4761)
  94000: system.cpu.rename: [tid:0] Renaming arch reg 0 (condition_code) to physical reg 37 (4763).
  94000: system.cpu.rename: [tid:0] [sn:510] Adding instruction to history buffer (size=117).
  94000: global: Renamed reg condition_code[1] to physical reg 4764 (4764) old mapping was 4762 (4762)
  94000: system.cpu.rename: [tid:0] Renaming arch reg 1 (condition_code) to physical reg 38 (4764).
  94000: system.cpu.rename: [tid:0] [sn:510] Adding instruction to history buffer (size=118).
  94000: system.cpu.rename: [tid:0] Renaming arch reg 0 (invalid) to physical reg 4294967295 (4294967295).
  94000: system.cpu.rename: [tid:0] [sn:510] Adding instruction to history buffer (size=119).
  94000: system.cpu.rename: [tid:0] Renaming arch reg 0 (invalid) to physical reg 4294967295 (4294967295).
  94000: system.cpu.rename: [tid:0] [sn:510] Adding instruction to history buffer (size=120).
  94000: system.cpu.rename: [tid:0] Renaming arch reg 0 (invalid) to physical reg 4294967295 (4294967295).
  94000: system.cpu.rename: [tid:0] [sn:510] Adding instruction to history buffer (size=121).
  94000: system.cpu.rename: calcFreeSQEntries: free sqEntries: 65, storesInProgress: 10, stores dispatchedToSQ: 3
  94000: system.cpu.rename: [tid:0] Processing instruction [sn:520] with PC (0x401039=>0x40103b).(2=>3).
  94000: system.cpu.rename: [tid:0] Looking up invalid arch reg 0, got phys reg 4294967295 (invalid)
  94000: system.cpu.rename: [tid:0] Register 4294967295 (flat: 4294967295) (invalid) is ready.
  94000: global: [sn:520] has 1 ready out of 4 sources. RTI 0)
  94000: system.cpu.rename: [tid:0] Looking up integer arch reg 0, got phys reg 45 (integer)
  94000: system.cpu.rename: [tid:0] Register 45 (flat: 45) (integer) is ready.
  94000: global: [sn:520] has 2 ready out of 4 sources. RTI 0)
  94000: system.cpu.rename: [tid:0] Looking up integer arch reg 17, got phys reg 74 (integer)
  94000: system.cpu.rename: [tid:0] Register 74 (flat: 74) (integer) is not ready.
  94000: system.cpu.rename: [tid:0] Looking up miscellaneous arch reg 155, got phys reg 155 (miscellaneous)
  94000: system.cpu.rename: [tid:0] Register 155 (flat: 0) (miscellaneous) is ready.
  94000: global: [sn:520] has 3 ready out of 4 sources. RTI 0)
  94000: system.cpu.rename: calcFreeLQEntries: free lqEntries: 124, loadsInProgress: 10, loads dispatchedToLQ: 3
  94000: system.cpu.rename: [tid:0] Processing instruction [sn:530] with PC (0x40103b=>0x40103d).(0=>1).
  94000: system.cpu.rename: [tid:0] Looking up invalid arch reg 0, got phys reg 4294967295 (invalid)
  94000: system.cpu.rename: [tid:0] Register 4294967295 (flat: 4294967295) (invalid) is ready.
  94000: global: [sn:530] has 1 ready out of 4 sources. RTI 0)
  94000: system.cpu.rename: [tid:0] Looking up integer arch reg 0, got phys reg 45 (integer)
  94000: system.cpu.rename: [tid:0] Register 45 (flat: 45) (integer) is ready.
  94000: global: [sn:530] has 2 ready out of 4 sources. RTI 0)
  94000: system.cpu.rename: [tid:0] Looking up integer arch reg 17, got phys reg 74 (integer)
  94000: system.cpu.rename: [tid:0] Register 74 (flat: 74) (integer) is not ready.
  94000: system.cpu.rename: [tid:0] Looking up miscellaneous arch reg 155, got phys reg 155 (miscellaneous)
  94000: system.cpu.rename: [tid:0] Register 155 (flat: 0) (miscellaneous) is ready.
  94000: global: [sn:530] has 3 ready out of 4 sources. RTI 0)
  94000: global: Renamed reg t1 to physical reg 75 (75) old mapping was 74 (74)
  94000: system.cpu.rename: [tid:0] Renaming arch reg 17 (integer) to physical reg 75 (75).
  94000: system.cpu.rename: [tid:0] [sn:530] Adding instruction to history buffer (size=122).
  94000: system.cpu.rename: [tid:0] Processing instruction [sn:540] with PC (0x40103b=>0x40103d).(1=>2).
  94000: system.cpu.rename: [tid:0] Looking up integer arch reg 17, got phys reg 75 (integer)
  94000: system.cpu.rename: [tid:0] Register 75 (flat: 75) (integer) is not ready.
  94000: system.cpu.rename: [tid:0] Looking up integer arch reg 0, got phys reg 45 (integer)
  94000: system.cpu.rename: [tid:0] Register 45 (flat: 45) (integer) is ready.
  94000: global: [sn:540] has 1 ready out of 8 sources. RTI 0)
  94000: system.cpu.rename: [tid:0] Looking up integer arch reg 17, got phys reg 75 (integer)
  94000: system.cpu.rename: [tid:0] Register 75 (flat: 75) (integer) is not ready.
  94000: system.cpu.rename: [tid:0] Looking up invalid arch reg 0, got phys reg 4294967295 (invalid)
  94000: system.cpu.rename: [tid:0] Register 4294967295 (flat: 4294967295) (invalid) is ready.
  94000: global: [sn:540] has 2 ready out of 8 sources. RTI 0)
  94000: system.cpu.rename: [tid:0] Looking up invalid arch reg 0, got phys reg 4294967295 (invalid)
  94000: system.cpu.rename: [tid:0] Register 4294967295 (flat: 4294967295) (invalid) is ready.
  94000: global: [sn:540] has 3 ready out of 8 sources. RTI 0)
  94000: system.cpu.rename: [tid:0] Looking up invalid arch reg 0, got phys reg 4294967295 (invalid)
  94000: system.cpu.rename: [tid:0] Register 4294967295 (flat: 4294967295) (invalid) is ready.
  94000: global: [sn:540] has 4 ready out of 8 sources. RTI 0)
  94000: system.cpu.rename: [tid:0] Looking up invalid arch reg 0, got phys reg 4294967295 (invalid)
  94000: system.cpu.rename: [tid:0] Register 4294967295 (flat: 4294967295) (invalid) is ready.
  94000: global: [sn:540] has 5 ready out of 8 sources. RTI 0)
  94000: system.cpu.rename: [tid:0] Looking up invalid arch reg 0, got phys reg 4294967295 (invalid)
  94000: system.cpu.rename: [tid:0] Register 4294967295 (flat: 4294967295) (invalid) is ready.
  94000: global: [sn:540] has 6 ready out of 8 sources. RTI 0)
  94000: global: Renamed reg t1 to physical reg 76 (76) old mapping was 75 (75)
  94000: system.cpu.rename: [tid:0] Renaming arch reg 17 (integer) to physical reg 76 (76).
  94000: system.cpu.rename: [tid:0] [sn:540] Adding instruction to history buffer (size=123).
  94000: global: Renamed reg condition_code[0] to physical reg 4765 (4765) old mapping was 4763 (4763)
  94000: system.cpu.rename: [tid:0] Renaming arch reg 0 (condition_code) to physical reg 39 (4765).
  94000: system.cpu.rename: [tid:0] [sn:540] Adding instruction to history buffer (size=124).
  94000: global: Renamed reg condition_code[1] to physical reg 4766 (4766) old mapping was 4764 (4764)
  94000: system.cpu.rename: [tid:0] Renaming arch reg 1 (condition_code) to physical reg 40 (4766).
  94000: system.cpu.rename: [tid:0] [sn:540] Adding instruction to history buffer (size=125).
  94000: system.cpu.rename: [tid:0] Renaming arch reg 0 (invalid) to physical reg 4294967295 (4294967295).
  94000: system.cpu.rename: [tid:0] [sn:540] Adding instruction to history buffer (size=126).
  94000: system.cpu.rename: [tid:0] Renaming arch reg 0 (invalid) to physical reg 4294967295 (4294967295).
  94000: system.cpu.rename: [tid:0] [sn:540] Adding instruction to history buffer (size=127).
  94000: system.cpu.rename: [tid:0] Renaming arch reg 0 (invalid) to physical reg 4294967295 (4294967295).
  94000: system.cpu.rename: [tid:0] [sn:540] Adding instruction to history buffer (size=128).
  94000: system.cpu.rename: calcFreeSQEntries: free sqEntries: 65, storesInProgress: 11, stores dispatchedToSQ: 3
  94000: system.cpu.rename: [tid:0] Processing instruction [sn:550] with PC (0x40103b=>0x40103d).(2=>3).
  94000: system.cpu.rename: [tid:0] Looking up invalid arch reg 0, got phys reg 4294967295 (invalid)
  94000: system.cpu.rename: [tid:0] Register 4294967295 (flat: 4294967295) (invalid) is ready.
  94000: global: [sn:550] has 1 ready out of 4 sources. RTI 0)
  94000: system.cpu.rename: [tid:0] Looking up integer arch reg 0, got phys reg 45 (integer)
  94000: system.cpu.rename: [tid:0] Register 45 (flat: 45) (integer) is ready.
  94000: global: [sn:550] has 2 ready out of 4 sources. RTI 0)
  94000: system.cpu.rename: [tid:0] Looking up integer arch reg 17, got phys reg 76 (integer)
  94000: system.cpu.rename: [tid:0] Register 76 (flat: 76) (integer) is not ready.
  94000: system.cpu.rename: [tid:0] Looking up miscellaneous arch reg 155, got phys reg 155 (miscellaneous)
  94000: system.cpu.rename: [tid:0] Register 155 (flat: 0) (miscellaneous) is ready.
  94000: global: [sn:550] has 3 ready out of 4 sources. RTI 0)
  94000: system.cpu.rename: calcFreeLQEntries: free lqEntries: 124, loadsInProgress: 11, loads dispatchedToLQ: 3
  94000: system.cpu.rename: [tid:0] Processing instruction [sn:560] with PC (0x40103d=>0x40103f).(0=>1).
  94000: system.cpu.rename: [tid:0] Looking up invalid arch reg 0, got phys reg 4294967295 (invalid)
  94000: system.cpu.rename: [tid:0] Register 4294967295 (flat: 4294967295) (invalid) is ready.
  94000: global: [sn:560] has 1 ready out of 4 sources. RTI 0)
  94000: system.cpu.rename: [tid:0] Looking up integer arch reg 0, got phys reg 45 (integer)
  94000: system.cpu.rename: [tid:0] Register 45 (flat: 45) (integer) is ready.
  94000: global: [sn:560] has 2 ready out of 4 sources. RTI 0)
  94000: system.cpu.rename: [tid:0] Looking up integer arch reg 17, got phys reg 76 (integer)
  94000: system.cpu.rename: [tid:0] Register 76 (flat: 76) (integer) is not ready.
  94000: system.cpu.rename: [tid:0] Looking up miscellaneous arch reg 155, got phys reg 155 (miscellaneous)
  94000: system.cpu.rename: [tid:0] Register 155 (flat: 0) (miscellaneous) is ready.
  94000: global: [sn:560] has 3 ready out of 4 sources. RTI 0)
  94000: global: Renamed reg t1 to physical reg 77 (77) old mapping was 76 (76)
  94000: system.cpu.rename: [tid:0] Renaming arch reg 17 (integer) to physical reg 77 (77).
  94000: system.cpu.rename: [tid:0] [sn:560] Adding instruction to history buffer (size=129).
  94000: system.cpu.rename: [tid:0] Processing instruction [sn:570] with PC (0x40103d=>0x40103f).(1=>2).
  94000: system.cpu.rename: [tid:0] Looking up integer arch reg 17, got phys reg 77 (integer)
  94000: system.cpu.rename: [tid:0] Register 77 (flat: 77) (integer) is not ready.
  94000: system.cpu.rename: [tid:0] Looking up integer arch reg 0, got phys reg 45 (integer)
  94000: system.cpu.rename: [tid:0] Register 45 (flat: 45) (integer) is ready.
  94000: global: [sn:570] has 1 ready out of 8 sources. RTI 0)
  94000: system.cpu.rename: [tid:0] Looking up integer arch reg 17, got phys reg 77 (integer)
  94000: system.cpu.rename: [tid:0] Register 77 (flat: 77) (integer) is not ready.
  94000: system.cpu.rename: [tid:0] Looking up invalid arch reg 0, got phys reg 4294967295 (invalid)
  94000: system.cpu.rename: [tid:0] Register 4294967295 (flat: 4294967295) (invalid) is ready.
  94000: global: [sn:570] has 2 ready out of 8 sources. RTI 0)
  94000: system.cpu.rename: [tid:0] Looking up invalid arch reg 0, got phys reg 4294967295 (invalid)
  94000: system.cpu.rename: [tid:0] Register 4294967295 (flat: 4294967295) (invalid) is ready.
  94000: global: [sn:570] has 3 ready out of 8 sources. RTI 0)
  94000: system.cpu.rename: [tid:0] Looking up invalid arch reg 0, got phys reg 4294967295 (invalid)
  94000: system.cpu.rename: [tid:0] Register 4294967295 (flat: 4294967295) (invalid) is ready.
  94000: global: [sn:570] has 4 ready out of 8 sources. RTI 0)
  94000: system.cpu.rename: [tid:0] Looking up invalid arch reg 0, got phys reg 4294967295 (invalid)
  94000: system.cpu.rename: [tid:0] Register 4294967295 (flat: 4294967295) (invalid) is ready.
  94000: global: [sn:570] has 5 ready out of 8 sources. RTI 0)
  94000: system.cpu.rename: [tid:0] Looking up invalid arch reg 0, got phys reg 4294967295 (invalid)
  94000: system.cpu.rename: [tid:0] Register 4294967295 (flat: 4294967295) (invalid) is ready.
  94000: global: [sn:570] has 6 ready out of 8 sources. RTI 0)
  94000: global: Renamed reg t1 to physical reg 78 (78) old mapping was 77 (77)
  94000: system.cpu.rename: [tid:0] Renaming arch reg 17 (integer) to physical reg 78 (78).
  94000: system.cpu.rename: [tid:0] [sn:570] Adding instruction to history buffer (size=130).
  94000: global: Renamed reg condition_code[0] to physical reg 4767 (4767) old mapping was 4765 (4765)
  94000: system.cpu.rename: [tid:0] Renaming arch reg 0 (condition_code) to physical reg 41 (4767).
  94000: system.cpu.rename: [tid:0] [sn:570] Adding instruction to history buffer (size=131).
  94000: global: Renamed reg condition_code[1] to physical reg 4768 (4768) old mapping was 4766 (4766)
  94000: system.cpu.rename: [tid:0] Renaming arch reg 1 (condition_code) to physical reg 42 (4768).
  94000: system.cpu.rename: [tid:0] [sn:570] Adding instruction to history buffer (size=132).
  94000: system.cpu.rename: [tid:0] Renaming arch reg 0 (invalid) to physical reg 4294967295 (4294967295).
  94000: system.cpu.rename: [tid:0] [sn:570] Adding instruction to history buffer (size=133).
  94000: system.cpu.rename: [tid:0] Renaming arch reg 0 (invalid) to physical reg 4294967295 (4294967295).
  94000: system.cpu.rename: [tid:0] [sn:570] Adding instruction to history buffer (size=134).
  94000: system.cpu.rename: [tid:0] Renaming arch reg 0 (invalid) to physical reg 4294967295 (4294967295).
  94000: system.cpu.rename: [tid:0] [sn:570] Adding instruction to history buffer (size=135).
  94000: system.cpu.rename: calcFreeSQEntries: free sqEntries: 65, storesInProgress: 12, stores dispatchedToSQ: 3
  94000: system.cpu.rename: [tid:0] Processing instruction [sn:580] with PC (0x40103d=>0x40103f).(2=>3).
  94000: system.cpu.rename: [tid:0] Looking up invalid arch reg 0, got phys reg 4294967295 (invalid)
  94000: system.cpu.rename: [tid:0] Register 4294967295 (flat: 4294967295) (invalid) is ready.
  94000: global: [sn:580] has 1 ready out of 4 sources. RTI 0)
  94000: system.cpu.rename: [tid:0] Looking up integer arch reg 0, got phys reg 45 (integer)
  94000: system.cpu.rename: [tid:0] Register 45 (flat: 45) (integer) is ready.
  94000: global: [sn:580] has 2 ready out of 4 sources. RTI 0)
  94000: system.cpu.rename: [tid:0] Looking up integer arch reg 17, got phys reg 78 (integer)
  94000: system.cpu.rename: [tid:0] Register 78 (flat: 78) (integer) is not ready.
  94000: system.cpu.rename: [tid:0] Looking up miscellaneous arch reg 155, got phys reg 155 (miscellaneous)
  94000: system.cpu.rename: [tid:0] Register 155 (flat: 0) (miscellaneous) is ready.
  94000: global: [sn:580] has 3 ready out of 4 sources. RTI 0)
  94000: system.cpu.rename: Activity this cycle.
  94000: system.cpu: Activity: 9
  94000: system.cpu.iew: Issue: Processing [tid:0]
  94000: system.cpu.iew: [tid:0] Not blocked, so attempting to run dispatch.
  94000: system.cpu.iew: [tid:0] Issue: Adding PC (0x40102b=>0x40102d).(2=>3) [sn:310] [tid:0] to IQ.
  94000: system.cpu.iew: [tid:0] Issue: Memory instruction encountered, adding to LSQ.
  94000: system.cpu.iew.lsq.thread0: Inserting store PC (0x40102b=>0x40102d).(2=>3), idx:7 [sn:310]
  94000: system.cpu.iq: Adding instruction [sn:310] PC (0x40102b=>0x40102d).(2=>3) to the IQ.
  94000: system.cpu.iq: Instruction PC (0x40102b=>0x40102d).(2=>3) has src reg 45 (integer) that became ready before it reached the IQ.
  94000: global: [sn:310] has 3 ready out of 4 sources. RTI 0)
  94000: system.cpu.iq: Instruction PC (0x40102b=>0x40102d).(2=>3) has src reg 60 (integer) that is being added to the dependency chain.
  94000: memdepentry: Memory dependency entry created. memdep_count=16 (0x40102b=>0x40102d).(2=>3)
  94000: system.cpu.memDep0: No dependency for inst PC (0x40102b=>0x40102d).(2=>3) [sn:310].
  94000: system.cpu.memDep0: Inserting store/atomic PC (0x40102b=>0x40102d).(2=>3) [sn:310].
  94000: system.cpu.iew: [tid:0] Issue: Adding PC (0x40102d=>0x40102f).(0=>1) [sn:320] [tid:0] to IQ.
  94000: system.cpu.iew: [tid:0] Issue: Memory instruction encountered, adding to LSQ.
  94000: system.cpu.iew.lsq.thread0: Inserting load PC (0x40102d=>0x40102f).(0=>1), idx:8 [sn:320]
  94000: system.cpu.iq: Adding instruction [sn:320] PC (0x40102d=>0x40102f).(0=>1) to the IQ.
  94000: system.cpu.iq: Instruction PC (0x40102d=>0x40102f).(0=>1) has src reg 45 (integer) that became ready before it reached the IQ.
  94000: global: [sn:320] has 3 ready out of 4 sources. RTI 0)
  94000: system.cpu.iq: Instruction PC (0x40102d=>0x40102f).(0=>1) has src reg 60 (integer) that is being added to the dependency chain.
  94000: memdepentry: Memory dependency entry created. memdep_count=17 (0x40102d=>0x40102f).(0=>1)
  94000: system.cpu.memDep0: No dependency for inst PC (0x40102d=>0x40102f).(0=>1) [sn:320].
  94000: system.cpu.iew: [tid:0] Issue: Adding PC (0x40102d=>0x40102f).(1=>2) [sn:330] [tid:0] to IQ.
  94000: system.cpu.iq: Adding instruction [sn:330] PC (0x40102d=>0x40102f).(1=>2) to the IQ.
  94000: system.cpu.iq: Instruction PC (0x40102d=>0x40102f).(1=>2) has src reg 61 (integer) that is being added to the dependency chain.
  94000: system.cpu.iq: Instruction PC (0x40102d=>0x40102f).(1=>2) has src reg 45 (integer) that became ready before it reached the IQ.
  94000: global: [sn:330] has 6 ready out of 8 sources. RTI 0)
  94000: system.cpu.iq: Instruction PC (0x40102d=>0x40102f).(1=>2) has src reg 61 (integer) that is being added to the dependency chain.
  94000: system.cpu.iew: [tid:0] Issue: Adding PC (0x40102d=>0x40102f).(2=>3) [sn:340] [tid:0] to IQ.
  94000: system.cpu.iew: [tid:0] Issue: Memory instruction encountered, adding to LSQ.
  94000: system.cpu.iew.lsq.thread0: Inserting store PC (0x40102d=>0x40102f).(2=>3), idx:8 [sn:340]
  94000: system.cpu.iq: Adding instruction [sn:340] PC (0x40102d=>0x40102f).(2=>3) to the IQ.
  94000: system.cpu.iq: Instruction PC (0x40102d=>0x40102f).(2=>3) has src reg 45 (integer) that became ready before it reached the IQ.
  94000: global: [sn:340] has 3 ready out of 4 sources. RTI 0)
  94000: system.cpu.iq: Instruction PC (0x40102d=>0x40102f).(2=>3) has src reg 62 (integer) that is being added to the dependency chain.
  94000: memdepentry: Memory dependency entry created. memdep_count=18 (0x40102d=>0x40102f).(2=>3)
  94000: system.cpu.memDep0: No dependency for inst PC (0x40102d=>0x40102f).(2=>3) [sn:340].
  94000: system.cpu.memDep0: Inserting store/atomic PC (0x40102d=>0x40102f).(2=>3) [sn:340].
  94000: system.cpu.iew: [tid:0] Issue: Adding PC (0x40102f=>0x401031).(0=>1) [sn:350] [tid:0] to IQ.
  94000: system.cpu.iew: [tid:0] Issue: Memory instruction encountered, adding to LSQ.
  94000: system.cpu.iew.lsq.thread0: Inserting load PC (0x40102f=>0x401031).(0=>1), idx:9 [sn:350]
  94000: system.cpu.iq: Adding instruction [sn:350] PC (0x40102f=>0x401031).(0=>1) to the IQ.
  94000: system.cpu.iq: Instruction PC (0x40102f=>0x401031).(0=>1) has src reg 45 (integer) that became ready before it reached the IQ.
  94000: global: [sn:350] has 3 ready out of 4 sources. RTI 0)
  94000: system.cpu.iq: Instruction PC (0x40102f=>0x401031).(0=>1) has src reg 62 (integer) that is being added to the dependency chain.
  94000: memdepentry: Memory dependency entry created. memdep_count=19 (0x40102f=>0x401031).(0=>1)
  94000: system.cpu.memDep0: No dependency for inst PC (0x40102f=>0x401031).(0=>1) [sn:350].
  94000: system.cpu.iew: [tid:0] Issue: Adding PC (0x40102f=>0x401031).(1=>2) [sn:360] [tid:0] to IQ.
  94000: system.cpu.iq: Adding instruction [sn:360] PC (0x40102f=>0x401031).(1=>2) to the IQ.
  94000: system.cpu.iq: Instruction PC (0x40102f=>0x401031).(1=>2) has src reg 63 (integer) that is being added to the dependency chain.
  94000: system.cpu.iq: Instruction PC (0x40102f=>0x401031).(1=>2) has src reg 45 (integer) that became ready before it reached the IQ.
  94000: global: [sn:360] has 6 ready out of 8 sources. RTI 0)
  94000: system.cpu.iq: Instruction PC (0x40102f=>0x401031).(1=>2) has src reg 63 (integer) that is being added to the dependency chain.
  94000: system.cpu.iew: [tid:0] Issue: Adding PC (0x40102f=>0x401031).(2=>3) [sn:370] [tid:0] to IQ.
  94000: system.cpu.iew: [tid:0] Issue: Memory instruction encountered, adding to LSQ.
  94000: system.cpu.iew.lsq.thread0: Inserting store PC (0x40102f=>0x401031).(2=>3), idx:9 [sn:370]
  94000: system.cpu.iq: Adding instruction [sn:370] PC (0x40102f=>0x401031).(2=>3) to the IQ.
  94000: system.cpu.iq: Instruction PC (0x40102f=>0x401031).(2=>3) has src reg 45 (integer) that became ready before it reached the IQ.
  94000: global: [sn:370] has 3 ready out of 4 sources. RTI 0)
  94000: system.cpu.iq: Instruction PC (0x40102f=>0x401031).(2=>3) has src reg 64 (integer) that is being added to the dependency chain.
  94000: memdepentry: Memory dependency entry created. memdep_count=20 (0x40102f=>0x401031).(2=>3)
  94000: system.cpu.memDep0: No dependency for inst PC (0x40102f=>0x401031).(2=>3) [sn:370].
  94000: system.cpu.memDep0: Inserting store/atomic PC (0x40102f=>0x401031).(2=>3) [sn:370].
  94000: system.cpu.iew: [tid:0] Issue: Adding PC (0x401031=>0x401033).(0=>1) [sn:380] [tid:0] to IQ.
  94000: system.cpu.iew: [tid:0] Issue: Memory instruction encountered, adding to LSQ.
  94000: system.cpu.iew.lsq.thread0: Inserting load PC (0x401031=>0x401033).(0=>1), idx:10 [sn:380]
  94000: system.cpu.iq: Adding instruction [sn:380] PC (0x401031=>0x401033).(0=>1) to the IQ.
  94000: system.cpu.iq: Instruction PC (0x401031=>0x401033).(0=>1) has src reg 45 (integer) that became ready before it reached the IQ.
  94000: global: [sn:380] has 3 ready out of 4 sources. RTI 0)
  94000: system.cpu.iq: Instruction PC (0x401031=>0x401033).(0=>1) has src reg 64 (integer) that is being added to the dependency chain.
  94000: memdepentry: Memory dependency entry created. memdep_count=21 (0x401031=>0x401033).(0=>1)
  94000: system.cpu.memDep0: No dependency for inst PC (0x401031=>0x401033).(0=>1) [sn:380].
  94000: system.cpu.iew: [tid:0] Issue: Adding PC (0x401031=>0x401033).(1=>2) [sn:390] [tid:0] to IQ.
  94000: system.cpu.iq: Adding instruction [sn:390] PC (0x401031=>0x401033).(1=>2) to the IQ.
  94000: system.cpu.iq: Instruction PC (0x401031=>0x401033).(1=>2) has src reg 65 (integer) that is being added to the dependency chain.
  94000: system.cpu.iq: Instruction PC (0x401031=>0x401033).(1=>2) has src reg 45 (integer) that became ready before it reached the IQ.
  94000: global: [sn:390] has 6 ready out of 8 sources. RTI 0)
  94000: system.cpu.iq: Instruction PC (0x401031=>0x401033).(1=>2) has src reg 65 (integer) that is being added to the dependency chain.
  94000: system.cpu.iew: [tid:0] Issue: Adding PC (0x401031=>0x401033).(2=>3) [sn:400] [tid:0] to IQ.
  94000: system.cpu.iew: [tid:0] Issue: Memory instruction encountered, adding to LSQ.
  94000: system.cpu.iew.lsq.thread0: Inserting store PC (0x401031=>0x401033).(2=>3), idx:10 [sn:400]
  94000: system.cpu.iq: Adding instruction [sn:400] PC (0x401031=>0x401033).(2=>3) to the IQ.
  94000: system.cpu.iq: Instruction PC (0x401031=>0x401033).(2=>3) has src reg 45 (integer) that became ready before it reached the IQ.
  94000: global: [sn:400] has 3 ready out of 4 sources. RTI 0)
  94000: system.cpu.iq: Instruction PC (0x401031=>0x401033).(2=>3) has src reg 66 (integer) that is being added to the dependency chain.
  94000: memdepentry: Memory dependency entry created. memdep_count=22 (0x401031=>0x401033).(2=>3)
  94000: system.cpu.memDep0: No dependency for inst PC (0x401031=>0x401033).(2=>3) [sn:400].
  94000: system.cpu.memDep0: Inserting store/atomic PC (0x401031=>0x401033).(2=>3) [sn:400].
  94000: system.cpu.iew: Execute: Executing instructions from IQ.
  94000: system.cpu.iew: Execute: Processing PC (0x401004=>0x40100b).(1=>2), [tid:0] [sn:40].
  94000: system.cpu.iew: Execute: Calculating address for memory reference.
  94000: system.cpu.iew.lsq.thread0: Executing store PC (0x401004=>0x40100b).(1=>2) [sn:40]
  94000: global: RegFile: Access to int register 40, has data 0x7fffffffee28
  94000: global: RegFile: Access to int register 41, has data 0xcafe
  94000: system.cpu.iew.lsq.thread0: Doing write to store idx 0, addr 0x2e28 | storeHead:0 [sn:40]
  94000: system.cpu.iew: Current wb cycle: 0, width: 19, numInst: 0
wbActual:0
  94000: system.cpu.iew: Activity this cycle.
  94000: system.cpu.iew: Execute: Executing instructions from IQ.
  94000: system.cpu.iew: Execute: Processing PC (0x40100b=>0x40100f).(0=>1), [tid:0] [sn:50].
  94000: system.cpu.iew: Execute: Calculating address for memory reference.
  94000: system.cpu.iew.lsq.thread0: Executing load PC (0x40100b=>0x40100f).(0=>1), [sn:50]
  94000: global: RegFile: Access to int register 40, has data 0x7fffffffee28
  94000: system.cpu.iew.lsq.thread0: Read called, load idx: 0, store idx: 2, storeHead: 0 addr: 0x2e28
  94000: system.cpu.iq: Rescheduling mem inst [sn:50]
  94000: system.cpu.iew.lsq.thread0: Load-store forwarding mis-match. Store idx 1 to load addr 0x7fffffffee28
  94000: system.cpu.iew: Execute: Executing instructions from IQ.
  94000: system.cpu.iew: Execute: Processing PC (0x40100f=>0x401013).(1=>2), [tid:0] [sn:70].
  94000: global: RegFile: Access to int register 40, has data 0x7fffffffee28
  94000: global: RegFile: Access to int register 43, has data 0x8
  94000: global: RegFile: Setting int register 44 to 0x7fffffffee30
  94000: global: RegFile: Setting cc register 7 to 0x14
  94000: global: RegFile: Setting cc register 8 to 0
  94000: system.cpu.iew: Current wb cycle: 0, width: 19, numInst: 1
wbActual:1
  94000: system.cpu.iew: Sending instructions to commit, [sn:40] PC (0x401004=>0x40100b).(1=>2).
  94000: system.cpu.iq: Waking dependents of completed instruction.
  94000: system.cpu.memDep0: Completed mem instruction PC (0x401004=>0x40100b).(1=>2) [sn:40].
  94000: memdepentry: Memory dependency entry deleted. memdep_count=21 (0x401004=>0x40100b).(1=>2)
  94000: system.cpu.iq: Completing mem instruction PC: (0x401004=>0x40100b).(1=>2) [sn:40]
  94000: system.cpu.iew: Sending instructions to commit, [sn:70] PC (0x40100f=>0x401013).(1=>2).
  94000: system.cpu.iq: Waking dependents of completed instruction.
  94000: system.cpu.iq: Waking any dependents on register 44 (integer).
  94000: system.cpu.iq: Waking any dependents on register 7 (condition_code).
  94000: system.cpu.iq: Waking any dependents on register 8 (condition_code).
  94000: system.cpu.iq: Reg 4294967295 [invalid] is part of a fix mapping, skipping
  94000: system.cpu.iq: Reg 4294967295 [invalid] is part of a fix mapping, skipping
  94000: system.cpu.iq: Reg 4294967295 [invalid] is part of a fix mapping, skipping
  94000: system.cpu.iew: Setting Destination Register 44 (integer)
  94000: system.cpu.scoreboard: Setting reg 44 (integer) as ready
  94000: system.cpu.iew: Setting Destination Register 7 (condition_code)
  94000: system.cpu.scoreboard: Setting reg 7 (condition_code) as ready
  94000: system.cpu.iew: Setting Destination Register 8 (condition_code)
  94000: system.cpu.scoreboard: Setting reg 8 (condition_code) as ready
  94000: system.cpu.iew: Setting Destination Register 4294967295 (invalid)
  94000: system.cpu.iew: Setting Destination Register 4294967295 (invalid)
  94000: system.cpu.iew: Setting Destination Register 4294967295 (invalid)
  94000: system.cpu.iq: Attempting to schedule ready instructions from the IQ.
  94000: system.cpu.iq: Not able to schedule any instructions.
  94000: system.cpu.iew: Processing [tid:0]
  94000: system.cpu.iew.lsq.thread0: LQ size: 132, #loads occupied: 11
  94000: system.cpu.iew.lsq.thread0: SQ size: 72, #stores occupied: 11
  94000: system.cpu.iew: [tid:0], Dispatch dispatched 10 instructions.
  94000: system.cpu.iew.lsq.thread0: SQ size: 72, #stores occupied: 11
  94000: system.cpu.iew.lsq.thread0: LQ size: 132, #loads occupied: 11
  94000: system.cpu.iew: IQ has 528 free entries (Can schedule: 0).  LQ has 121 free entries. SQ has 61 free entries.
  94000: system.cpu.iew: Activity this cycle.
  94000: system.cpu.commit: Getting instructions from Rename stage.
  94000: system.cpu.commit: [tid:0] [sn:410] Inserting PC (0x401033=>0x401035).(0=>1) into ROB.
  94000: system.cpu.rob: Adding inst PC (0x401033=>0x401035).(0=>1) to the ROB.
  94000: system.cpu.rob: [tid:0] Now has 41 instructions.
  94000: system.cpu.commit: [tid:0] [sn:420] Inserting PC (0x401033=>0x401035).(1=>2) into ROB.
  94000: system.cpu.rob: Adding inst PC (0x401033=>0x401035).(1=>2) to the ROB.
  94000: system.cpu.rob: [tid:0] Now has 42 instructions.
  94000: system.cpu.commit: [tid:0] [sn:430] Inserting PC (0x401033=>0x401035).(2=>3) into ROB.
  94000: system.cpu.rob: Adding inst PC (0x401033=>0x401035).(2=>3) to the ROB.
  94000: system.cpu.rob: [tid:0] Now has 43 instructions.
  94000: system.cpu.commit: [tid:0] [sn:440] Inserting PC (0x401035=>0x401037).(0=>1) into ROB.
  94000: system.cpu.rob: Adding inst PC (0x401035=>0x401037).(0=>1) to the ROB.
  94000: system.cpu.rob: [tid:0] Now has 44 instructions.
  94000: system.cpu.commit: [tid:0] [sn:450] Inserting PC (0x401035=>0x401037).(1=>2) into ROB.
  94000: system.cpu.rob: Adding inst PC (0x401035=>0x401037).(1=>2) to the ROB.
  94000: system.cpu.rob: [tid:0] Now has 45 instructions.
  94000: system.cpu.commit: [tid:0] [sn:460] Inserting PC (0x401035=>0x401037).(2=>3) into ROB.
  94000: system.cpu.rob: Adding inst PC (0x401035=>0x401037).(2=>3) to the ROB.
  94000: system.cpu.rob: [tid:0] Now has 46 instructions.
  94000: system.cpu.commit: [tid:0] [sn:470] Inserting PC (0x401037=>0x401039).(0=>1) into ROB.
  94000: system.cpu.rob: Adding inst PC (0x401037=>0x401039).(0=>1) to the ROB.
  94000: system.cpu.rob: [tid:0] Now has 47 instructions.
  94000: system.cpu.commit: [tid:0] [sn:480] Inserting PC (0x401037=>0x401039).(1=>2) into ROB.
  94000: system.cpu.rob: Adding inst PC (0x401037=>0x401039).(1=>2) to the ROB.
  94000: system.cpu.rob: [tid:0] Now has 48 instructions.
  94000: system.cpu.commit: [tid:0] [sn:490] Inserting PC (0x401037=>0x401039).(2=>3) into ROB.
  94000: system.cpu.rob: Adding inst PC (0x401037=>0x401039).(2=>3) to the ROB.
  94000: system.cpu.rob: [tid:0] Now has 49 instructions.
  94000: system.cpu.commit: [tid:0] [sn:500] Inserting PC (0x401039=>0x40103b).(0=>1) into ROB.
  94000: system.cpu.rob: Adding inst PC (0x401039=>0x40103b).(0=>1) to the ROB.
  94000: system.cpu.rob: [tid:0] Now has 50 instructions.
  94000: system.cpu.commit: Trying to commit instructions in the ROB.
  94000: system.cpu.commit: Trying to commit head instruction, [tid:0] [sn:10]
  94000: system.cpu.commit: [tid:0] [sn:10] Committing instruction with PC (0x401000=>0x401004).(0=>1)
  94000: system.cpu.rob: [tid:0] Retiring head instruction, instruction PC (0x401000=>0x401004).(0=>1), [sn:10]
  94000: system.cpu: Removing committed instruction [tid:0] PC (0x401000=>0x401004).(0=>1) [sn:10]
  94000: system.cpu.commit: [tid:0] Marking PC (0x401000=>0x401004).(1=>2), [sn:20] ready within ROB.
  94000: system.cpu.commit: [tid:0] Marking PC (0x40101f=>0x401021).(0=>1), [sn:110] ready within ROB.
  94000: system.cpu.commit: [tid:0] Instruction [sn:20] PC (0x401000=>0x401004).(1=>2) is head of ROB and ready to commit
  94000: system.cpu.commit: [tid:0] ROB has 49 insts & 869 free entries.
  94000: system.cpu.commit: Activity This Cycle.
  94000: system.cpu: Removing instruction, [tid:0] [sn:10] PC (0x401000=>0x401004).(0=>1)
  94000: system.cpu: Scheduling next tick!
  95000: system.cpu: 

O3CPU: Ticking main, O3CPU.
  95000: system.cpu.fetch: Running stage.
  95000: system.cpu.fetch: There are no more threads available to fetch from.
  95000: system.cpu.fetch: [tid:0] Fetch is waiting cache response!
  95000: system.cpu.decode: Processing [tid:0]
  95000: system.cpu.decode: [tid:0] Not blocked, so attempting to run stage.
  95000: system.cpu.decode: [tid:0] Nothing to do, breaking out early.
  95000: system.cpu.rename: Processing [tid:0]
  95000: system.cpu.rename: [tid:0] Free IQ: 528, Free ROB: 869, Free LQ: 121, Free SQ: 61, FreeRM 127(839 870 917 1834 127 8 4547)
  95000: system.cpu.rename: [tid:0] 28 instructions not yet in ROB
  95000: system.cpu.rename: calcFreeLQEntries: free lqEntries: 121, loadsInProgress: 9, loads dispatchedToLQ: 3
  95000: system.cpu.rename: [tid:0] Not blocked, so attempting to run stage.
  95000: system.cpu.rename: [tid:0] Nothing to do, breaking out early.
  95000: system.cpu.rename: [tid:0] Removing a committed instruction from the history buffer 0 (size=135), until [sn:10].
  95000: system.cpu.rename: [tid:0] Freeing up older rename of reg 17 (integer), [sn:10].
  95000: system.cpu.iew: Issue: Processing [tid:0]
  95000: system.cpu.iew: [tid:0] Not blocked, so attempting to run dispatch.
  95000: system.cpu.iew: [tid:0] Issue: Adding PC (0x401033=>0x401035).(0=>1) [sn:410] [tid:0] to IQ.
  95000: system.cpu.iew: [tid:0] Issue: Memory instruction encountered, adding to LSQ.
  95000: system.cpu.iew.lsq.thread0: Inserting load PC (0x401033=>0x401035).(0=>1), idx:11 [sn:410]
  95000: system.cpu.iq: Adding instruction [sn:410] PC (0x401033=>0x401035).(0=>1) to the IQ.
  95000: system.cpu.iq: Instruction PC (0x401033=>0x401035).(0=>1) has src reg 66 (integer) that is being added to the dependency chain.
  95000: memdepentry: Memory dependency entry created. memdep_count=22 (0x401033=>0x401035).(0=>1)
  95000: system.cpu.memDep0: No dependency for inst PC (0x401033=>0x401035).(0=>1) [sn:410].
  95000: system.cpu.iew: [tid:0] Issue: Adding PC (0x401033=>0x401035).(1=>2) [sn:420] [tid:0] to IQ.
  95000: system.cpu.iq: Adding instruction [sn:420] PC (0x401033=>0x401035).(1=>2) to the IQ.
  95000: system.cpu.iq: Instruction PC (0x401033=>0x401035).(1=>2) has src reg 67 (integer) that is being added to the dependency chain.
  95000: system.cpu.iq: Instruction PC (0x401033=>0x401035).(1=>2) has src reg 67 (integer) that is being added to the dependency chain.
  95000: system.cpu.iew: [tid:0] Issue: Adding PC (0x401033=>0x401035).(2=>3) [sn:430] [tid:0] to IQ.
  95000: system.cpu.iew: [tid:0] Issue: Memory instruction encountered, adding to LSQ.
  95000: system.cpu.iew.lsq.thread0: Inserting store PC (0x401033=>0x401035).(2=>3), idx:11 [sn:430]
  95000: system.cpu.iq: Adding instruction [sn:430] PC (0x401033=>0x401035).(2=>3) to the IQ.
  95000: system.cpu.iq: Instruction PC (0x401033=>0x401035).(2=>3) has src reg 68 (integer) that is being added to the dependency chain.
  95000: memdepentry: Memory dependency entry created. memdep_count=23 (0x401033=>0x401035).(2=>3)
  95000: system.cpu.memDep0: No dependency for inst PC (0x401033=>0x401035).(2=>3) [sn:430].
  95000: system.cpu.memDep0: Inserting store/atomic PC (0x401033=>0x401035).(2=>3) [sn:430].
  95000: system.cpu.iew: [tid:0] Issue: Adding PC (0x401035=>0x401037).(0=>1) [sn:440] [tid:0] to IQ.
  95000: system.cpu.iew: [tid:0] Issue: Memory instruction encountered, adding to LSQ.
  95000: system.cpu.iew.lsq.thread0: Inserting load PC (0x401035=>0x401037).(0=>1), idx:12 [sn:440]
  95000: system.cpu.iq: Adding instruction [sn:440] PC (0x401035=>0x401037).(0=>1) to the IQ.
  95000: system.cpu.iq: Instruction PC (0x401035=>0x401037).(0=>1) has src reg 68 (integer) that is being added to the dependency chain.
  95000: memdepentry: Memory dependency entry created. memdep_count=24 (0x401035=>0x401037).(0=>1)
  95000: system.cpu.memDep0: No dependency for inst PC (0x401035=>0x401037).(0=>1) [sn:440].
  95000: system.cpu.iew: [tid:0] Issue: Adding PC (0x401035=>0x401037).(1=>2) [sn:450] [tid:0] to IQ.
  95000: system.cpu.iq: Adding instruction [sn:450] PC (0x401035=>0x401037).(1=>2) to the IQ.
  95000: system.cpu.iq: Instruction PC (0x401035=>0x401037).(1=>2) has src reg 69 (integer) that is being added to the dependency chain.
  95000: system.cpu.iq: Instruction PC (0x401035=>0x401037).(1=>2) has src reg 69 (integer) that is being added to the dependency chain.
  95000: system.cpu.iew: [tid:0] Issue: Adding PC (0x401035=>0x401037).(2=>3) [sn:460] [tid:0] to IQ.
  95000: system.cpu.iew: [tid:0] Issue: Memory instruction encountered, adding to LSQ.
  95000: system.cpu.iew.lsq.thread0: Inserting store PC (0x401035=>0x401037).(2=>3), idx:12 [sn:460]
  95000: system.cpu.iq: Adding instruction [sn:460] PC (0x401035=>0x401037).(2=>3) to the IQ.
  95000: system.cpu.iq: Instruction PC (0x401035=>0x401037).(2=>3) has src reg 70 (integer) that is being added to the dependency chain.
  95000: memdepentry: Memory dependency entry created. memdep_count=25 (0x401035=>0x401037).(2=>3)
  95000: system.cpu.memDep0: No dependency for inst PC (0x401035=>0x401037).(2=>3) [sn:460].
  95000: system.cpu.memDep0: Inserting store/atomic PC (0x401035=>0x401037).(2=>3) [sn:460].
  95000: system.cpu.iew: [tid:0] Issue: Adding PC (0x401037=>0x401039).(0=>1) [sn:470] [tid:0] to IQ.
  95000: system.cpu.iew: [tid:0] Issue: Memory instruction encountered, adding to LSQ.
  95000: system.cpu.iew.lsq.thread0: Inserting load PC (0x401037=>0x401039).(0=>1), idx:13 [sn:470]
  95000: system.cpu.iq: Adding instruction [sn:470] PC (0x401037=>0x401039).(0=>1) to the IQ.
  95000: system.cpu.iq: Instruction PC (0x401037=>0x401039).(0=>1) has src reg 70 (integer) that is being added to the dependency chain.
  95000: memdepentry: Memory dependency entry created. memdep_count=26 (0x401037=>0x401039).(0=>1)
  95000: system.cpu.memDep0: No dependency for inst PC (0x401037=>0x401039).(0=>1) [sn:470].
  95000: system.cpu.iew: [tid:0] Issue: Adding PC (0x401037=>0x401039).(1=>2) [sn:480] [tid:0] to IQ.
  95000: system.cpu.iq: Adding instruction [sn:480] PC (0x401037=>0x401039).(1=>2) to the IQ.
  95000: system.cpu.iq: Instruction PC (0x401037=>0x401039).(1=>2) has src reg 71 (integer) that is being added to the dependency chain.
  95000: system.cpu.iq: Instruction PC (0x401037=>0x401039).(1=>2) has src reg 71 (integer) that is being added to the dependency chain.
  95000: system.cpu.iew: [tid:0] Issue: Adding PC (0x401037=>0x401039).(2=>3) [sn:490] [tid:0] to IQ.
  95000: system.cpu.iew: [tid:0] Issue: Memory instruction encountered, adding to LSQ.
  95000: system.cpu.iew.lsq.thread0: Inserting store PC (0x401037=>0x401039).(2=>3), idx:13 [sn:490]
  95000: system.cpu.iq: Adding instruction [sn:490] PC (0x401037=>0x401039).(2=>3) to the IQ.
  95000: system.cpu.iq: Instruction PC (0x401037=>0x401039).(2=>3) has src reg 72 (integer) that is being added to the dependency chain.
  95000: memdepentry: Memory dependency entry created. memdep_count=27 (0x401037=>0x401039).(2=>3)
  95000: system.cpu.memDep0: No dependency for inst PC (0x401037=>0x401039).(2=>3) [sn:490].
  95000: system.cpu.memDep0: Inserting store/atomic PC (0x401037=>0x401039).(2=>3) [sn:490].
  95000: system.cpu.iew: [tid:0] Issue: Adding PC (0x401039=>0x40103b).(0=>1) [sn:500] [tid:0] to IQ.
  95000: system.cpu.iew: [tid:0] Issue: Memory instruction encountered, adding to LSQ.
  95000: system.cpu.iew.lsq.thread0: Inserting load PC (0x401039=>0x40103b).(0=>1), idx:14 [sn:500]
  95000: system.cpu.iq: Adding instruction [sn:500] PC (0x401039=>0x40103b).(0=>1) to the IQ.
  95000: system.cpu.iq: Instruction PC (0x401039=>0x40103b).(0=>1) has src reg 72 (integer) that is being added to the dependency chain.
  95000: memdepentry: Memory dependency entry created. memdep_count=28 (0x401039=>0x40103b).(0=>1)
  95000: system.cpu.memDep0: No dependency for inst PC (0x401039=>0x40103b).(0=>1) [sn:500].
  95000: system.cpu.iq: Attempting to schedule ready instructions from the IQ.
  95000: system.cpu.iq: Not able to schedule any instructions.
  95000: system.cpu.iew: Processing [tid:0]
  95000: system.cpu.iq: [tid:0] Committing instructions older than [sn:10]
  95000: system.cpu.iew: [tid:0], Dispatch dispatched 10 instructions.
  95000: system.cpu.iew.lsq.thread0: SQ size: 72, #stores occupied: 14
  95000: system.cpu.iew.lsq.thread0: LQ size: 132, #loads occupied: 15
  95000: system.cpu.iew: IQ has 518 free entries (Can schedule: 0).  LQ has 117 free entries. SQ has 58 free entries.
  95000: system.cpu.commit: Getting instructions from Rename stage.
  95000: system.cpu.commit: [tid:0] [sn:510] Inserting PC (0x401039=>0x40103b).(1=>2) into ROB.
  95000: system.cpu.rob: Adding inst PC (0x401039=>0x40103b).(1=>2) to the ROB.
  95000: system.cpu.rob: [tid:0] Now has 50 instructions.
  95000: system.cpu.commit: [tid:0] [sn:520] Inserting PC (0x401039=>0x40103b).(2=>3) into ROB.
  95000: system.cpu.rob: Adding inst PC (0x401039=>0x40103b).(2=>3) to the ROB.
  95000: system.cpu.rob: [tid:0] Now has 51 instructions.
  95000: system.cpu.commit: [tid:0] [sn:530] Inserting PC (0x40103b=>0x40103d).(0=>1) into ROB.
  95000: system.cpu.rob: Adding inst PC (0x40103b=>0x40103d).(0=>1) to the ROB.
  95000: system.cpu.rob: [tid:0] Now has 52 instructions.
  95000: system.cpu.commit: [tid:0] [sn:540] Inserting PC (0x40103b=>0x40103d).(1=>2) into ROB.
  95000: system.cpu.rob: Adding inst PC (0x40103b=>0x40103d).(1=>2) to the ROB.
  95000: system.cpu.rob: [tid:0] Now has 53 instructions.
  95000: system.cpu.commit: [tid:0] [sn:550] Inserting PC (0x40103b=>0x40103d).(2=>3) into ROB.
  95000: system.cpu.rob: Adding inst PC (0x40103b=>0x40103d).(2=>3) to the ROB.
  95000: system.cpu.rob: [tid:0] Now has 54 instructions.
  95000: system.cpu.commit: [tid:0] [sn:560] Inserting PC (0x40103d=>0x40103f).(0=>1) into ROB.
  95000: system.cpu.rob: Adding inst PC (0x40103d=>0x40103f).(0=>1) to the ROB.
  95000: system.cpu.rob: [tid:0] Now has 55 instructions.
  95000: system.cpu.commit: [tid:0] [sn:570] Inserting PC (0x40103d=>0x40103f).(1=>2) into ROB.
  95000: system.cpu.rob: Adding inst PC (0x40103d=>0x40103f).(1=>2) to the ROB.
  95000: system.cpu.rob: [tid:0] Now has 56 instructions.
  95000: system.cpu.commit: [tid:0] [sn:580] Inserting PC (0x40103d=>0x40103f).(2=>3) into ROB.
  95000: system.cpu.rob: Adding inst PC (0x40103d=>0x40103f).(2=>3) to the ROB.
  95000: system.cpu.rob: [tid:0] Now has 57 instructions.
  95000: system.cpu.commit: Trying to commit instructions in the ROB.
  95000: system.cpu.commit: Trying to commit head instruction, [tid:0] [sn:20]
  95000: system.cpu.commit: [tid:0] [sn:20] Committing instruction with PC (0x401000=>0x401004).(1=>2)
  95000: system.cpu.rob: [tid:0] Retiring head instruction, instruction PC (0x401000=>0x401004).(1=>2), [sn:20]
  95000: system.cpu: Removing committed instruction [tid:0] PC (0x401000=>0x401004).(1=>2) [sn:20]
  95000: system.cpu.commit: Trying to commit head instruction, [tid:0] [sn:30]
  95000: system.cpu.commit: [tid:0] [sn:30] Committing instruction with PC (0x401004=>0x40100b).(0=>1)
  95000: system.cpu.rob: [tid:0] Retiring head instruction, instruction PC (0x401004=>0x40100b).(0=>1), [sn:30]
  95000: system.cpu: Removing committed instruction [tid:0] PC (0x401004=>0x40100b).(0=>1) [sn:30]
  95000: system.cpu.commit: [tid:0] Marking PC (0x401004=>0x40100b).(1=>2), [sn:40] ready within ROB.
  95000: system.cpu.commit: [tid:0] Marking PC (0x40100f=>0x401013).(1=>2), [sn:70] ready within ROB.
  95000: system.cpu.commit: [tid:0] Instruction [sn:40] PC (0x401004=>0x40100b).(1=>2) is head of ROB and ready to commit
  95000: system.cpu.commit: [tid:0] ROB has 55 insts & 863 free entries.
  95000: system.cpu.commit: Activity This Cycle.
  95000: system.cpu: Activity: 10
  95000: system.cpu: Removing instruction, [tid:0] [sn:20] PC (0x401000=>0x401004).(1=>2)
  95000: system.cpu: Removing instruction, [tid:0] [sn:30] PC (0x401004=>0x40100b).(0=>1)
  95000: system.cpu: Scheduling next tick!
  96000: system.cpu: 

O3CPU: Ticking main, O3CPU.
  96000: system.cpu.fetch: Running stage.
  96000: system.cpu.fetch: There are no more threads available to fetch from.
  96000: system.cpu.fetch: [tid:0] Fetch is waiting cache response!
  96000: system.cpu.decode: Processing [tid:0]
  96000: system.cpu.decode: [tid:0] Not blocked, so attempting to run stage.
  96000: system.cpu.decode: [tid:0] Nothing to do, breaking out early.
  96000: system.cpu.rename: Processing [tid:0]
  96000: system.cpu.rename: [tid:0] Free IQ: 528, Free ROB: 863, Free LQ: 121, Free SQ: 61, FreeRM 127(840 870 917 1834 127 8 4547)
  96000: system.cpu.rename: [tid:0] 18 instructions not yet in ROB
  96000: system.cpu.rename: calcFreeLQEntries: free lqEntries: 121, loadsInProgress: 6, loads dispatchedToLQ: 4
  96000: system.cpu.rename: [tid:0] Not blocked, so attempting to run stage.
  96000: system.cpu.rename: [tid:0] Nothing to do, breaking out early.
  96000: system.cpu.rename: [tid:0] Removing a committed instruction from the history buffer 0 (size=134), until [sn:30].
  96000: system.cpu.rename: [tid:0] Freeing up older rename of reg 4 (integer), [sn:20].
  96000: system.cpu.rename: [tid:0] Freeing up older rename of reg 0 (condition_code), [sn:20].
  96000: system.cpu.rename: [tid:0] Freeing up older rename of reg 1 (condition_code), [sn:20].
  96000: system.cpu.rename: [tid:0] Freeing up older rename of reg 4294967295 (invalid), [sn:20].
  96000: system.cpu.rename: [tid:0] Freeing up older rename of reg 4294967295 (invalid), [sn:20].
  96000: system.cpu.rename: [tid:0] Freeing up older rename of reg 4294967295 (invalid), [sn:20].
  96000: system.cpu.rename: [tid:0] Freeing up older rename of reg 39 (integer), [sn:30].
  96000: system.cpu.iew: Issue: Processing [tid:0]
  96000: system.cpu.iew: [tid:0] Not blocked, so attempting to run dispatch.
  96000: system.cpu.iew: [tid:0] Issue: Adding PC (0x401039=>0x40103b).(1=>2) [sn:510] [tid:0] to IQ.
  96000: system.cpu.iq: Adding instruction [sn:510] PC (0x401039=>0x40103b).(1=>2) to the IQ.
  96000: system.cpu.iq: Instruction PC (0x401039=>0x40103b).(1=>2) has src reg 73 (integer) that is being added to the dependency chain.
  96000: system.cpu.iq: Instruction PC (0x401039=>0x40103b).(1=>2) has src reg 73 (integer) that is being added to the dependency chain.
  96000: system.cpu.iew: [tid:0] Issue: Adding PC (0x401039=>0x40103b).(2=>3) [sn:520] [tid:0] to IQ.
  96000: system.cpu.iew: [tid:0] Issue: Memory instruction encountered, adding to LSQ.
  96000: system.cpu.iew.lsq.thread0: Inserting store PC (0x401039=>0x40103b).(2=>3), idx:14 [sn:520]
  96000: system.cpu.iq: Adding instruction [sn:520] PC (0x401039=>0x40103b).(2=>3) to the IQ.
  96000: system.cpu.iq: Instruction PC (0x401039=>0x40103b).(2=>3) has src reg 74 (integer) that is being added to the dependency chain.
  96000: memdepentry: Memory dependency entry created. memdep_count=29 (0x401039=>0x40103b).(2=>3)
  96000: system.cpu.memDep0: No dependency for inst PC (0x401039=>0x40103b).(2=>3) [sn:520].
  96000: system.cpu.memDep0: Inserting store/atomic PC (0x401039=>0x40103b).(2=>3) [sn:520].
  96000: system.cpu.iew: [tid:0] Issue: Adding PC (0x40103b=>0x40103d).(0=>1) [sn:530] [tid:0] to IQ.
  96000: system.cpu.iew: [tid:0] Issue: Memory instruction encountered, adding to LSQ.
  96000: system.cpu.iew.lsq.thread0: Inserting load PC (0x40103b=>0x40103d).(0=>1), idx:15 [sn:530]
  96000: system.cpu.iq: Adding instruction [sn:530] PC (0x40103b=>0x40103d).(0=>1) to the IQ.
  96000: system.cpu.iq: Instruction PC (0x40103b=>0x40103d).(0=>1) has src reg 74 (integer) that is being added to the dependency chain.
  96000: memdepentry: Memory dependency entry created. memdep_count=30 (0x40103b=>0x40103d).(0=>1)
  96000: system.cpu.memDep0: No dependency for inst PC (0x40103b=>0x40103d).(0=>1) [sn:530].
  96000: system.cpu.iew: [tid:0] Issue: Adding PC (0x40103b=>0x40103d).(1=>2) [sn:540] [tid:0] to IQ.
  96000: system.cpu.iq: Adding instruction [sn:540] PC (0x40103b=>0x40103d).(1=>2) to the IQ.
  96000: system.cpu.iq: Instruction PC (0x40103b=>0x40103d).(1=>2) has src reg 75 (integer) that is being added to the dependency chain.
  96000: system.cpu.iq: Instruction PC (0x40103b=>0x40103d).(1=>2) has src reg 75 (integer) that is being added to the dependency chain.
  96000: system.cpu.iew: [tid:0] Issue: Adding PC (0x40103b=>0x40103d).(2=>3) [sn:550] [tid:0] to IQ.
  96000: system.cpu.iew: [tid:0] Issue: Memory instruction encountered, adding to LSQ.
  96000: system.cpu.iew.lsq.thread0: Inserting store PC (0x40103b=>0x40103d).(2=>3), idx:15 [sn:550]
  96000: system.cpu.iq: Adding instruction [sn:550] PC (0x40103b=>0x40103d).(2=>3) to the IQ.
  96000: system.cpu.iq: Instruction PC (0x40103b=>0x40103d).(2=>3) has src reg 76 (integer) that is being added to the dependency chain.
  96000: memdepentry: Memory dependency entry created. memdep_count=31 (0x40103b=>0x40103d).(2=>3)
  96000: system.cpu.memDep0: No dependency for inst PC (0x40103b=>0x40103d).(2=>3) [sn:550].
  96000: system.cpu.memDep0: Inserting store/atomic PC (0x40103b=>0x40103d).(2=>3) [sn:550].
  96000: system.cpu.iew: [tid:0] Issue: Adding PC (0x40103d=>0x40103f).(0=>1) [sn:560] [tid:0] to IQ.
  96000: system.cpu.iew: [tid:0] Issue: Memory instruction encountered, adding to LSQ.
  96000: system.cpu.iew.lsq.thread0: Inserting load PC (0x40103d=>0x40103f).(0=>1), idx:16 [sn:560]
  96000: system.cpu.iq: Adding instruction [sn:560] PC (0x40103d=>0x40103f).(0=>1) to the IQ.
  96000: system.cpu.iq: Instruction PC (0x40103d=>0x40103f).(0=>1) has src reg 76 (integer) that is being added to the dependency chain.
  96000: memdepentry: Memory dependency entry created. memdep_count=32 (0x40103d=>0x40103f).(0=>1)
  96000: system.cpu.memDep0: No dependency for inst PC (0x40103d=>0x40103f).(0=>1) [sn:560].
  96000: system.cpu.iew: [tid:0] Issue: Adding PC (0x40103d=>0x40103f).(1=>2) [sn:570] [tid:0] to IQ.
  96000: system.cpu.iq: Adding instruction [sn:570] PC (0x40103d=>0x40103f).(1=>2) to the IQ.
  96000: system.cpu.iq: Instruction PC (0x40103d=>0x40103f).(1=>2) has src reg 77 (integer) that is being added to the dependency chain.
  96000: system.cpu.iq: Instruction PC (0x40103d=>0x40103f).(1=>2) has src reg 77 (integer) that is being added to the dependency chain.
  96000: system.cpu.iew: [tid:0] Issue: Adding PC (0x40103d=>0x40103f).(2=>3) [sn:580] [tid:0] to IQ.
  96000: system.cpu.iew: [tid:0] Issue: Memory instruction encountered, adding to LSQ.
  96000: system.cpu.iew.lsq.thread0: Inserting store PC (0x40103d=>0x40103f).(2=>3), idx:16 [sn:580]
  96000: system.cpu.iq: Adding instruction [sn:580] PC (0x40103d=>0x40103f).(2=>3) to the IQ.
  96000: system.cpu.iq: Instruction PC (0x40103d=>0x40103f).(2=>3) has src reg 78 (integer) that is being added to the dependency chain.
  96000: memdepentry: Memory dependency entry created. memdep_count=33 (0x40103d=>0x40103f).(2=>3)
  96000: system.cpu.memDep0: No dependency for inst PC (0x40103d=>0x40103f).(2=>3) [sn:580].
  96000: system.cpu.memDep0: Inserting store/atomic PC (0x40103d=>0x40103f).(2=>3) [sn:580].
  96000: system.cpu.iq: Attempting to schedule ready instructions from the IQ.
  96000: system.cpu.iq: Not able to schedule any instructions.
  96000: system.cpu.iew: Processing [tid:0]
  96000: system.cpu.iq: [tid:0] Committing instructions older than [sn:30]
  96000: system.cpu.iew.lsq.thread0: LQ size: 132, #loads occupied: 17
  96000: system.cpu.iew.lsq.thread0: SQ size: 72, #stores occupied: 17
  96000: system.cpu.iew: [tid:0], Dispatch dispatched 8 instructions.
  96000: system.cpu.iew.lsq.thread0: SQ size: 72, #stores occupied: 17
  96000: system.cpu.iew.lsq.thread0: LQ size: 132, #loads occupied: 17
  96000: system.cpu.iew: IQ has 510 free entries (Can schedule: 0).  LQ has 115 free entries. SQ has 55 free entries.
  96000: system.cpu.iew: Activity this cycle.
  96000: system.cpu: Activity: 11
  96000: system.cpu.commit: Getting instructions from Rename stage.
  96000: system.cpu.commit: Trying to commit instructions in the ROB.
  96000: system.cpu.commit: Trying to commit head instruction, [tid:0] [sn:40]
  96000: system.cpu.commit: [tid:0] [sn:40] Committing instruction with PC (0x401004=>0x40100b).(1=>2)
  96000: system.cpu.rob: [tid:0] Retiring head instruction, instruction PC (0x401004=>0x40100b).(1=>2), [sn:40]
  96000: system.cpu: Removing committed instruction [tid:0] PC (0x401004=>0x40100b).(1=>2) [sn:40]
  96000: system.cpu.commit: [tid:0] Can't commit, Instruction [sn:50] PC (0x40100b=>0x40100f).(0=>1) is head of ROB and not ready
  96000: system.cpu.commit: [tid:0] ROB has 54 insts & 864 free entries.
  96000: system.cpu.commit: Activity This Cycle.
  96000: system.cpu.commit: Deactivating stage.
  96000: system.cpu: Activity: 10
  96000: system.cpu: Removing instruction, [tid:0] [sn:40] PC (0x401004=>0x40100b).(1=>2)
  96000: system.cpu: Scheduling next tick!
  97000: system.cpu: 

O3CPU: Ticking main, O3CPU.
  97000: system.cpu.fetch: Running stage.
  97000: system.cpu.fetch: There are no more threads available to fetch from.
  97000: system.cpu.fetch: [tid:0] Fetch is waiting cache response!
  97000: system.cpu.decode: Processing [tid:0]
  97000: system.cpu.decode: [tid:0] Not blocked, so attempting to run stage.
  97000: system.cpu.decode: [tid:0] Nothing to do, breaking out early.
  97000: system.cpu.rename: Processing [tid:0]
  97000: system.cpu.rename: [tid:0] Free IQ: 510, Free ROB: 864, Free LQ: 115, Free SQ: 55, FreeRM 127(842 870 917 1834 127 8 4549)
  97000: system.cpu.rename: [tid:0] 8 instructions not yet in ROB
  97000: system.cpu.rename: calcFreeLQEntries: free lqEntries: 115, loadsInProgress: 2, loads dispatchedToLQ: 2
  97000: system.cpu.rename: [tid:0] Not blocked, so attempting to run stage.
  97000: system.cpu.rename: [tid:0] Nothing to do, breaking out early.
  97000: system.cpu.rename: [tid:0] Removing a committed instruction from the history buffer 0 (size=127), until [sn:40].
  97000: system.cpu.rename: [tid:0] [sn:40] Old sequence number encountered. Ensure that a syscall happened recently.
  97000: system.cpu.iew: Issue: Processing [tid:0]
  97000: system.cpu.iew: [tid:0] Not blocked, so attempting to run dispatch.
  97000: system.cpu.iq: Attempting to schedule ready instructions from the IQ.
  97000: system.cpu.iq: Not able to schedule any instructions.
  97000: system.cpu.iew: Processing [tid:0]
  97000: system.cpu.iew.lsq.thread0: Marking store as able to write back, PC (0x401004=>0x40100b).(1=>2) [sn:40]
  97000: system.cpu.iq: [tid:0] Committing instructions older than [sn:40]
  97000: system.cpu.iew.lsq.thread0: LQ size: 132, #loads occupied: 17
  97000: system.cpu.iew.lsq.thread0: SQ size: 72, #stores occupied: 17
  97000: system.cpu.iew: [tid:0], Dispatch dispatched 0 instructions.
  97000: system.cpu.iew.lsq.thread0: SQ size: 72, #stores occupied: 17
  97000: system.cpu.iew.lsq.thread0: LQ size: 132, #loads occupied: 17
  97000: system.cpu.iew: IQ has 510 free entries (Can schedule: 0).  LQ has 115 free entries. SQ has 55 free entries.
  97000: system.cpu.iew: IEW switching to active
  97000: system.cpu.iew: Activating stage.
  97000: system.cpu: Activity: 11
  97000: system.cpu.iew: Activity this cycle.
  97000: system.cpu: Activity: 12
  97000: system.cpu.commit: Getting instructions from Rename stage.
  97000: system.cpu.commit: Trying to commit instructions in the ROB.
  97000: system.cpu.commit: [tid:0] Can't commit, Instruction [sn:50] PC (0x40100b=>0x40100f).(0=>1) is head of ROB and not ready
  97000: system.cpu.commit: [tid:0] ROB has 54 insts & 864 free entries.
O3PipeView:fetch:87000:0x00401004:0:30:  MOV_M_I : limm   t1d, 0xcafe
O3PipeView:decode:88000
O3PipeView:rename:89000
O3PipeView:dispatch:91000
O3PipeView:issue:91000
O3PipeView:complete:92000
O3PipeView:retire:95000:store:0
  97000: global: DynInst: [sn:30] Instruction destroyed. Instcount for system.cpu = 57
O3PipeView:fetch:87000:0x00401000:0:10:  SUB_R_I : limm   t1, 0x8
O3PipeView:decode:88000
O3PipeView:rename:89000
O3PipeView:dispatch:91000
O3PipeView:issue:91000
O3PipeView:complete:92000
O3PipeView:retire:94000:store:0
  97000: global: DynInst: [sn:10] Instruction destroyed. Instcount for system.cpu = 56
  97000: system.cpu: Activity: 11
  97000: system.cpu: Scheduling next tick!
  98000: system.cpu: 

O3CPU: Ticking main, O3CPU.
  98000: system.cpu.fetch: Running stage.
  98000: system.cpu.fetch: There are no more threads available to fetch from.
  98000: system.cpu.fetch: [tid:0] Fetch is waiting cache response!
  98000: system.cpu.decode: Processing [tid:0]
  98000: system.cpu.decode: [tid:0] Not blocked, so attempting to run stage.
  98000: system.cpu.decode: [tid:0] Nothing to do, breaking out early.
  98000: system.cpu.rename: Processing [tid:0]
  98000: system.cpu.rename: [tid:0] Free IQ: 510, Free ROB: 864, Free LQ: 115, Free SQ: 55, FreeRM 127(842 870 917 1834 127 8 4549)
  98000: system.cpu.rename: [tid:0] 0 instructions not yet in ROB
  98000: system.cpu.rename: calcFreeLQEntries: free lqEntries: 115, loadsInProgress: 0, loads dispatchedToLQ: 0
  98000: system.cpu.rename: [tid:0] Not blocked, so attempting to run stage.
  98000: system.cpu.rename: [tid:0] Nothing to do, breaking out early.
  98000: system.cpu.iew: Issue: Processing [tid:0]
  98000: system.cpu.iew: [tid:0] Not blocked, so attempting to run dispatch.
  98000: system.cpu.iq: Attempting to schedule ready instructions from the IQ.
  98000: system.cpu.iq: Not able to schedule any instructions.
  98000: system.cpu.iew.lsq: [tid:0] Writing back stores. 1 stores available for Writeback.
  98000: system.cpu.iew.lsq.thread0: D-Cache: Writing back store idx:1 PC:(0x401004=>0x40100b).(1=>2) to Addr:0x2e28, data:0xfe [sn:40]
  98000: system.cpu.iew.lsq.thread0: Memory request (pkt: WriteReq [2e28:2e2b]) from inst [sn:40] was sent (cache is blocked: 0, cache_got_blocked: 0)
  98000: system.cpu.iew.lsq.thread0: Unstalling, stalling store [sn:40] load idx:1
  98000: system.cpu.memDep0: Replaying mem instruction PC (0x40100b=>0x40100f).(0=>1) [sn:50].
  98000: system.cpu.memDep0: Adding instruction [sn:50] to the ready list.
  98000: system.cpu.iq: Instruction is ready to issue, putting it onto the ready list, PC (0x40100b=>0x40100f).(0=>1) opclass:52 [sn:50].
  98000: system.cpu.iew: Processing [tid:0]
  98000: system.cpu.iew.lsq.thread0: LQ size: 132, #loads occupied: 17
  98000: system.cpu.iew.lsq.thread0: SQ size: 72, #stores occupied: 17
  98000: system.cpu.iew: [tid:0], Dispatch dispatched 0 instructions.
  98000: system.cpu.iew.lsq.thread0: SQ size: 72, #stores occupied: 17
  98000: system.cpu.iew.lsq.thread0: LQ size: 132, #loads occupied: 17
  98000: system.cpu.iew: IQ has 510 free entries (Can schedule: 1).  LQ has 115 free entries. SQ has 55 free entries.
  98000: system.cpu.iew: Activity this cycle.
  98000: system.cpu: Activity: 12
  98000: system.cpu.commit: Getting instructions from Rename stage.
  98000: system.cpu.commit: Trying to commit instructions in the ROB.
  98000: system.cpu.commit: [tid:0] Can't commit, Instruction [sn:50] PC (0x40100b=>0x40100f).(0=>1) is head of ROB and not ready
  98000: system.cpu.commit: [tid:0] ROB has 54 insts & 864 free entries.
O3PipeView:fetch:87000:0x00401000:1:20:  SUB_R_I : sub   rsp, rsp, t1
O3PipeView:decode:88000
O3PipeView:rename:89000
O3PipeView:dispatch:91000
O3PipeView:issue:92000
O3PipeView:complete:93000
O3PipeView:retire:95000:store:0
  98000: global: DynInst: [sn:20] Instruction destroyed. Instcount for system.cpu = 55
  98000: system.cpu: Activity: 11
  98000: system.cpu: Scheduling next tick!
  99000: system.cpu: 

O3CPU: Ticking main, O3CPU.
  99000: system.cpu.fetch: Running stage.
  99000: system.cpu.fetch: There are no more threads available to fetch from.
  99000: system.cpu.fetch: [tid:0] Fetch is waiting cache response!
  99000: system.cpu.decode: Processing [tid:0]
  99000: system.cpu.decode: [tid:0] Not blocked, so attempting to run stage.
  99000: system.cpu.decode: [tid:0] Nothing to do, breaking out early.
  99000: system.cpu.rename: Processing [tid:0]
  99000: system.cpu.rename: [tid:0] Free IQ: 510, Free ROB: 864, Free LQ: 115, Free SQ: 55, FreeRM 127(842 870 917 1834 127 8 4549)
  99000: system.cpu.rename: [tid:0] 0 instructions not yet in ROB
  99000: system.cpu.rename: calcFreeLQEntries: free lqEntries: 115, loadsInProgress: 0, loads dispatchedToLQ: 0
  99000: system.cpu.rename: [tid:0] Not blocked, so attempting to run stage.
  99000: system.cpu.rename: [tid:0] Nothing to do, breaking out early.
  99000: system.cpu.iew: Issue: Processing [tid:0]
  99000: system.cpu.iew: [tid:0] Not blocked, so attempting to run dispatch.
  99000: system.cpu.iq: Attempting to schedule ready instructions from the IQ.
  99000: system.cpu.iq: Thread 0: Issuing instruction PC (0x40100b=>0x40100f).(0=>1) [sn:50]
  99000: system.cpu.memDep0: Issuing instruction PC 0x40100b [sn:50].
  99000: system.cpu: Activity: 12
  99000: system.cpu.iew.lsq: [tid:0] Writing back stores. 1 stores available for Writeback.
  99000: system.cpu.iew: Processing [tid:0]
  99000: system.cpu.iew: [tid:0], Dispatch dispatched 0 instructions.
  99000: system.cpu.iew.lsq.thread0: SQ size: 72, #stores occupied: 17
  99000: system.cpu.iew.lsq.thread0: LQ size: 132, #loads occupied: 17
  99000: system.cpu.iew: IQ has 510 free entries (Can schedule: 0).  LQ has 115 free entries. SQ has 55 free entries.
  99000: system.cpu.iew: IEW switching to idle
  99000: system.cpu.iew: Deactivating stage.
  99000: system.cpu: Activity: 11
  99000: system.cpu.commit: Getting instructions from Rename stage.
  99000: system.cpu.commit: Trying to commit instructions in the ROB.
  99000: system.cpu.commit: [tid:0] Can't commit, Instruction [sn:50] PC (0x40100b=>0x40100f).(0=>1) is head of ROB and not ready
  99000: system.cpu.commit: [tid:0] ROB has 54 insts & 864 free entries.
  99000: system.cpu: Activity: 10
  99000: system.cpu: Scheduling next tick!
 100000: system.cpu: 

O3CPU: Ticking main, O3CPU.
 100000: system.cpu.fetch: Running stage.
 100000: system.cpu.fetch: There are no more threads available to fetch from.
 100000: system.cpu.fetch: [tid:0] Fetch is waiting cache response!
 100000: system.cpu.decode: Processing [tid:0]
 100000: system.cpu.decode: [tid:0] Not blocked, so attempting to run stage.
 100000: system.cpu.decode: [tid:0] Nothing to do, breaking out early.
 100000: system.cpu.rename: Processing [tid:0]
 100000: system.cpu.rename: [tid:0] Free IQ: 510, Free ROB: 864, Free LQ: 115, Free SQ: 55, FreeRM 127(842 870 917 1834 127 8 4549)
 100000: system.cpu.rename: [tid:0] 0 instructions not yet in ROB
 100000: system.cpu.rename: calcFreeLQEntries: free lqEntries: 115, loadsInProgress: 0, loads dispatchedToLQ: 0
 100000: system.cpu.rename: [tid:0] Not blocked, so attempting to run stage.
 100000: system.cpu.rename: [tid:0] Nothing to do, breaking out early.
 100000: system.cpu.iew: Issue: Processing [tid:0]
 100000: system.cpu.iew: [tid:0] Not blocked, so attempting to run dispatch.
 100000: system.cpu.iew: Execute: Executing instructions from IQ.
 100000: system.cpu.iew: Execute: Processing PC (0x40100b=>0x40100f).(0=>1), [tid:0] [sn:50].
 100000: system.cpu.iew: Execute: Calculating address for memory reference.
 100000: system.cpu.iew.lsq.thread0: Executing load PC (0x40100b=>0x40100f).(0=>1), [sn:50]
 100000: global: RegFile: Access to int register 40, has data 0x7fffffffee28
 100000: system.cpu.iew.lsq.thread0: Read called, load idx: 0, store idx: 2, storeHead: 0 addr: 0x2e28
 100000: system.cpu.iew.lsq.thread0: Doing memory access for inst [sn:50] PC (0x40100b=>0x40100f).(0=>1)
 100000: system.cpu.iew.lsq.thread0: Memory request (pkt: ReadReq [2e28:2e2f]) from inst [sn:50] was sent (cache is blocked: 0, cache_got_blocked: 0)
 100000: system.cpu: Activity: 11
 100000: system.cpu.iq: Attempting to schedule ready instructions from the IQ.
 100000: system.cpu.iq: Not able to schedule any instructions.
 100000: system.cpu.iew.lsq: [tid:0] Writing back stores. 1 stores available for Writeback.
 100000: system.cpu.iew: Processing [tid:0]
 100000: system.cpu.iew.lsq.thread0: LQ size: 132, #loads occupied: 17
 100000: system.cpu.iew.lsq.thread0: SQ size: 72, #stores occupied: 17
 100000: system.cpu.iew: [tid:0], Dispatch dispatched 0 instructions.
 100000: system.cpu.iew.lsq.thread0: SQ size: 72, #stores occupied: 17
 100000: system.cpu.iew.lsq.thread0: LQ size: 132, #loads occupied: 17
 100000: system.cpu.iew: IQ has 510 free entries (Can schedule: 0).  LQ has 115 free entries. SQ has 55 free entries.
 100000: system.cpu.iew: Activity this cycle.
 100000: system.cpu.commit: Getting instructions from Rename stage.
 100000: system.cpu.commit: Trying to commit instructions in the ROB.
 100000: system.cpu.commit: [tid:0] Can't commit, Instruction [sn:50] PC (0x40100b=>0x40100f).(0=>1) is head of ROB and not ready
 100000: system.cpu.commit: [tid:0] ROB has 54 insts & 864 free entries.
 100000: system.cpu: Activity: 10
 100000: system.cpu: Scheduling next tick!
 101000: system.cpu: 

O3CPU: Ticking main, O3CPU.
 101000: system.cpu.fetch: Running stage.
 101000: system.cpu.fetch: There are no more threads available to fetch from.
 101000: system.cpu.fetch: [tid:0] Fetch is waiting cache response!
 101000: system.cpu.decode: Processing [tid:0]
 101000: system.cpu.decode: [tid:0] Not blocked, so attempting to run stage.
 101000: system.cpu.decode: [tid:0] Nothing to do, breaking out early.
 101000: system.cpu.rename: Processing [tid:0]
 101000: system.cpu.rename: [tid:0] Free IQ: 510, Free ROB: 864, Free LQ: 115, Free SQ: 55, FreeRM 127(842 870 917 1834 127 8 4549)
 101000: system.cpu.rename: [tid:0] 0 instructions not yet in ROB
 101000: system.cpu.rename: calcFreeLQEntries: free lqEntries: 115, loadsInProgress: 0, loads dispatchedToLQ: 0
 101000: system.cpu.rename: [tid:0] Not blocked, so attempting to run stage.
 101000: system.cpu.rename: [tid:0] Nothing to do, breaking out early.
 101000: system.cpu.iew: Issue: Processing [tid:0]
 101000: system.cpu.iew: [tid:0] Not blocked, so attempting to run dispatch.
 101000: system.cpu.iq: Attempting to schedule ready instructions from the IQ.
 101000: system.cpu.iq: Not able to schedule any instructions.
 101000: system.cpu.iew.lsq: [tid:0] Writing back stores. 1 stores available for Writeback.
 101000: system.cpu.iew: Processing [tid:0]
 101000: system.cpu.iew: [tid:0], Dispatch dispatched 0 instructions.
 101000: system.cpu.iew.lsq.thread0: SQ size: 72, #stores occupied: 17
 101000: system.cpu.iew.lsq.thread0: LQ size: 132, #loads occupied: 17
 101000: system.cpu.iew: IQ has 510 free entries (Can schedule: 0).  LQ has 115 free entries. SQ has 55 free entries.
 101000: system.cpu.commit: Getting instructions from Rename stage.
 101000: system.cpu.commit: Trying to commit instructions in the ROB.
 101000: system.cpu.commit: [tid:0] Can't commit, Instruction [sn:50] PC (0x40100b=>0x40100f).(0=>1) is head of ROB and not ready
 101000: system.cpu.commit: [tid:0] ROB has 54 insts & 864 free entries.
 101000: system.cpu: Activity: 9
 101000: system.cpu: Scheduling next tick!
 102000: system.cpu: 

O3CPU: Ticking main, O3CPU.
 102000: system.cpu.fetch: Running stage.
 102000: system.cpu.fetch: There are no more threads available to fetch from.
 102000: system.cpu.fetch: [tid:0] Fetch is waiting cache response!
 102000: system.cpu.decode: Processing [tid:0]
 102000: system.cpu.decode: [tid:0] Not blocked, so attempting to run stage.
 102000: system.cpu.decode: [tid:0] Nothing to do, breaking out early.
 102000: system.cpu.rename: Processing [tid:0]
 102000: system.cpu.rename: [tid:0] Free IQ: 510, Free ROB: 864, Free LQ: 115, Free SQ: 55, FreeRM 127(842 870 917 1834 127 8 4549)
 102000: system.cpu.rename: [tid:0] 0 instructions not yet in ROB
 102000: system.cpu.rename: calcFreeLQEntries: free lqEntries: 115, loadsInProgress: 0, loads dispatchedToLQ: 0
 102000: system.cpu.rename: [tid:0] Not blocked, so attempting to run stage.
 102000: system.cpu.rename: [tid:0] Nothing to do, breaking out early.
 102000: system.cpu.iew: Issue: Processing [tid:0]
 102000: system.cpu.iew: [tid:0] Not blocked, so attempting to run dispatch.
 102000: system.cpu.iq: Attempting to schedule ready instructions from the IQ.
 102000: system.cpu.iq: Not able to schedule any instructions.
 102000: system.cpu.iew.lsq: [tid:0] Writing back stores. 1 stores available for Writeback.
 102000: system.cpu.iew: Processing [tid:0]
 102000: system.cpu.iew: [tid:0], Dispatch dispatched 0 instructions.
 102000: system.cpu.iew.lsq.thread0: SQ size: 72, #stores occupied: 17
 102000: system.cpu.iew.lsq.thread0: LQ size: 132, #loads occupied: 17
 102000: system.cpu.iew: IQ has 510 free entries (Can schedule: 0).  LQ has 115 free entries. SQ has 55 free entries.
 102000: system.cpu.commit: Getting instructions from Rename stage.
 102000: system.cpu.commit: Trying to commit instructions in the ROB.
 102000: system.cpu.commit: [tid:0] Can't commit, Instruction [sn:50] PC (0x40100b=>0x40100f).(0=>1) is head of ROB and not ready
 102000: system.cpu.commit: [tid:0] ROB has 54 insts & 864 free entries.
 102000: system.cpu: Activity: 8
 102000: system.cpu: Scheduling next tick!
 103000: system.cpu: 

O3CPU: Ticking main, O3CPU.
 103000: system.cpu.fetch: Running stage.
 103000: system.cpu.fetch: There are no more threads available to fetch from.
 103000: system.cpu.fetch: [tid:0] Fetch is waiting cache response!
 103000: system.cpu.decode: Processing [tid:0]
 103000: system.cpu.decode: [tid:0] Not blocked, so attempting to run stage.
 103000: system.cpu.decode: [tid:0] Nothing to do, breaking out early.
 103000: system.cpu.rename: Processing [tid:0]
 103000: system.cpu.rename: [tid:0] Free IQ: 510, Free ROB: 864, Free LQ: 115, Free SQ: 55, FreeRM 127(842 870 917 1834 127 8 4549)
 103000: system.cpu.rename: [tid:0] 0 instructions not yet in ROB
 103000: system.cpu.rename: calcFreeLQEntries: free lqEntries: 115, loadsInProgress: 0, loads dispatchedToLQ: 0
 103000: system.cpu.rename: [tid:0] Not blocked, so attempting to run stage.
 103000: system.cpu.rename: [tid:0] Nothing to do, breaking out early.
 103000: system.cpu.iew: Issue: Processing [tid:0]
 103000: system.cpu.iew: [tid:0] Not blocked, so attempting to run dispatch.
 103000: system.cpu.iq: Attempting to schedule ready instructions from the IQ.
 103000: system.cpu.iq: Not able to schedule any instructions.
 103000: system.cpu.iew.lsq: [tid:0] Writing back stores. 1 stores available for Writeback.
 103000: system.cpu.iew: Processing [tid:0]
 103000: system.cpu.iew: [tid:0], Dispatch dispatched 0 instructions.
 103000: system.cpu.iew.lsq.thread0: SQ size: 72, #stores occupied: 17
 103000: system.cpu.iew.lsq.thread0: LQ size: 132, #loads occupied: 17
 103000: system.cpu.iew: IQ has 510 free entries (Can schedule: 0).  LQ has 115 free entries. SQ has 55 free entries.
 103000: system.cpu.commit: Getting instructions from Rename stage.
 103000: system.cpu.commit: Trying to commit instructions in the ROB.
 103000: system.cpu.commit: [tid:0] Can't commit, Instruction [sn:50] PC (0x40100b=>0x40100f).(0=>1) is head of ROB and not ready
 103000: system.cpu.commit: [tid:0] ROB has 54 insts & 864 free entries.
 103000: system.cpu: Activity: 7
 103000: system.cpu: Scheduling next tick!
 104000: system.cpu: 

O3CPU: Ticking main, O3CPU.
 104000: system.cpu.fetch: Running stage.
 104000: system.cpu.fetch: There are no more threads available to fetch from.
 104000: system.cpu.fetch: [tid:0] Fetch is waiting cache response!
 104000: system.cpu.decode: Processing [tid:0]
 104000: system.cpu.decode: [tid:0] Not blocked, so attempting to run stage.
 104000: system.cpu.decode: [tid:0] Nothing to do, breaking out early.
 104000: system.cpu.rename: Processing [tid:0]
 104000: system.cpu.rename: [tid:0] Free IQ: 510, Free ROB: 864, Free LQ: 115, Free SQ: 55, FreeRM 127(842 870 917 1834 127 8 4549)
 104000: system.cpu.rename: [tid:0] 0 instructions not yet in ROB
 104000: system.cpu.rename: calcFreeLQEntries: free lqEntries: 115, loadsInProgress: 0, loads dispatchedToLQ: 0
 104000: system.cpu.rename: [tid:0] Not blocked, so attempting to run stage.
 104000: system.cpu.rename: [tid:0] Nothing to do, breaking out early.
 104000: system.cpu.iew: Issue: Processing [tid:0]
 104000: system.cpu.iew: [tid:0] Not blocked, so attempting to run dispatch.
 104000: system.cpu.iq: Attempting to schedule ready instructions from the IQ.
 104000: system.cpu.iq: Not able to schedule any instructions.
 104000: system.cpu.iew.lsq: [tid:0] Writing back stores. 1 stores available for Writeback.
 104000: system.cpu.iew: Processing [tid:0]
 104000: system.cpu.iew: [tid:0], Dispatch dispatched 0 instructions.
 104000: system.cpu.iew.lsq.thread0: SQ size: 72, #stores occupied: 17
 104000: system.cpu.iew.lsq.thread0: LQ size: 132, #loads occupied: 17
 104000: system.cpu.iew: IQ has 510 free entries (Can schedule: 0).  LQ has 115 free entries. SQ has 55 free entries.
 104000: system.cpu.commit: Getting instructions from Rename stage.
 104000: system.cpu.commit: Trying to commit instructions in the ROB.
 104000: system.cpu.commit: [tid:0] Can't commit, Instruction [sn:50] PC (0x40100b=>0x40100f).(0=>1) is head of ROB and not ready
 104000: system.cpu.commit: [tid:0] ROB has 54 insts & 864 free entries.
 104000: system.cpu: Activity: 6
 104000: system.cpu: Scheduling next tick!
 105000: system.cpu: 

O3CPU: Ticking main, O3CPU.
 105000: system.cpu.fetch: Running stage.
 105000: system.cpu.fetch: There are no more threads available to fetch from.
 105000: system.cpu.fetch: [tid:0] Fetch is waiting cache response!
 105000: system.cpu.decode: Processing [tid:0]
 105000: system.cpu.decode: [tid:0] Not blocked, so attempting to run stage.
 105000: system.cpu.decode: [tid:0] Nothing to do, breaking out early.
 105000: system.cpu.rename: Processing [tid:0]
 105000: system.cpu.rename: [tid:0] Free IQ: 510, Free ROB: 864, Free LQ: 115, Free SQ: 55, FreeRM 127(842 870 917 1834 127 8 4549)
 105000: system.cpu.rename: [tid:0] 0 instructions not yet in ROB
 105000: system.cpu.rename: calcFreeLQEntries: free lqEntries: 115, loadsInProgress: 0, loads dispatchedToLQ: 0
 105000: system.cpu.rename: [tid:0] Not blocked, so attempting to run stage.
 105000: system.cpu.rename: [tid:0] Nothing to do, breaking out early.
 105000: system.cpu.iew: Issue: Processing [tid:0]
 105000: system.cpu.iew: [tid:0] Not blocked, so attempting to run dispatch.
 105000: system.cpu.iq: Attempting to schedule ready instructions from the IQ.
 105000: system.cpu.iq: Not able to schedule any instructions.
 105000: system.cpu.iew.lsq: [tid:0] Writing back stores. 1 stores available for Writeback.
 105000: system.cpu.iew: Processing [tid:0]
 105000: system.cpu.iew: [tid:0], Dispatch dispatched 0 instructions.
 105000: system.cpu.iew.lsq.thread0: SQ size: 72, #stores occupied: 17
 105000: system.cpu.iew.lsq.thread0: LQ size: 132, #loads occupied: 17
 105000: system.cpu.iew: IQ has 510 free entries (Can schedule: 0).  LQ has 115 free entries. SQ has 55 free entries.
 105000: system.cpu.commit: Getting instructions from Rename stage.
 105000: system.cpu.commit: Trying to commit instructions in the ROB.
 105000: system.cpu.commit: [tid:0] Can't commit, Instruction [sn:50] PC (0x40100b=>0x40100f).(0=>1) is head of ROB and not ready
 105000: system.cpu.commit: [tid:0] ROB has 54 insts & 864 free entries.
 105000: system.cpu: Activity: 5
 105000: system.cpu: Scheduling next tick!
 106000: system.cpu: 

O3CPU: Ticking main, O3CPU.
 106000: system.cpu.fetch: Running stage.
 106000: system.cpu.fetch: There are no more threads available to fetch from.
 106000: system.cpu.fetch: [tid:0] Fetch is waiting cache response!
 106000: system.cpu.decode: Processing [tid:0]
 106000: system.cpu.decode: [tid:0] Not blocked, so attempting to run stage.
 106000: system.cpu.decode: [tid:0] Nothing to do, breaking out early.
 106000: system.cpu.rename: Processing [tid:0]
 106000: system.cpu.rename: [tid:0] Free IQ: 510, Free ROB: 864, Free LQ: 115, Free SQ: 55, FreeRM 127(842 870 917 1834 127 8 4549)
 106000: system.cpu.rename: [tid:0] 0 instructions not yet in ROB
 106000: system.cpu.rename: calcFreeLQEntries: free lqEntries: 115, loadsInProgress: 0, loads dispatchedToLQ: 0
 106000: system.cpu.rename: [tid:0] Not blocked, so attempting to run stage.
 106000: system.cpu.rename: [tid:0] Nothing to do, breaking out early.
 106000: system.cpu.iew: Issue: Processing [tid:0]
 106000: system.cpu.iew: [tid:0] Not blocked, so attempting to run dispatch.
 106000: system.cpu.iq: Attempting to schedule ready instructions from the IQ.
 106000: system.cpu.iq: Not able to schedule any instructions.
 106000: system.cpu.iew.lsq: [tid:0] Writing back stores. 1 stores available for Writeback.
 106000: system.cpu.iew: Processing [tid:0]
 106000: system.cpu.iew: [tid:0], Dispatch dispatched 0 instructions.
 106000: system.cpu.iew.lsq.thread0: SQ size: 72, #stores occupied: 17
 106000: system.cpu.iew.lsq.thread0: LQ size: 132, #loads occupied: 17
 106000: system.cpu.iew: IQ has 510 free entries (Can schedule: 0).  LQ has 115 free entries. SQ has 55 free entries.
 106000: system.cpu.commit: Getting instructions from Rename stage.
 106000: system.cpu.commit: Trying to commit instructions in the ROB.
 106000: system.cpu.commit: [tid:0] Can't commit, Instruction [sn:50] PC (0x40100b=>0x40100f).(0=>1) is head of ROB and not ready
 106000: system.cpu.commit: [tid:0] ROB has 54 insts & 864 free entries.
 106000: system.cpu: Activity: 4
 106000: system.cpu: Scheduling next tick!
 107000: system.cpu: 

O3CPU: Ticking main, O3CPU.
 107000: system.cpu.fetch: Running stage.
 107000: system.cpu.fetch: There are no more threads available to fetch from.
 107000: system.cpu.fetch: [tid:0] Fetch is waiting cache response!
 107000: system.cpu.decode: Processing [tid:0]
 107000: system.cpu.decode: [tid:0] Not blocked, so attempting to run stage.
 107000: system.cpu.decode: [tid:0] Nothing to do, breaking out early.
 107000: system.cpu.rename: Processing [tid:0]
 107000: system.cpu.rename: [tid:0] Free IQ: 510, Free ROB: 864, Free LQ: 115, Free SQ: 55, FreeRM 127(842 870 917 1834 127 8 4549)
 107000: system.cpu.rename: [tid:0] 0 instructions not yet in ROB
 107000: system.cpu.rename: calcFreeLQEntries: free lqEntries: 115, loadsInProgress: 0, loads dispatchedToLQ: 0
 107000: system.cpu.rename: [tid:0] Not blocked, so attempting to run stage.
 107000: system.cpu.rename: [tid:0] Nothing to do, breaking out early.
 107000: system.cpu.iew: Issue: Processing [tid:0]
 107000: system.cpu.iew: [tid:0] Not blocked, so attempting to run dispatch.
 107000: system.cpu.iq: Attempting to schedule ready instructions from the IQ.
 107000: system.cpu.iq: Not able to schedule any instructions.
 107000: system.cpu.iew.lsq: [tid:0] Writing back stores. 1 stores available for Writeback.
 107000: system.cpu.iew: Processing [tid:0]
 107000: system.cpu.iew: [tid:0], Dispatch dispatched 0 instructions.
 107000: system.cpu.iew.lsq.thread0: SQ size: 72, #stores occupied: 17
 107000: system.cpu.iew.lsq.thread0: LQ size: 132, #loads occupied: 17
 107000: system.cpu.iew: IQ has 510 free entries (Can schedule: 0).  LQ has 115 free entries. SQ has 55 free entries.
 107000: system.cpu.commit: Getting instructions from Rename stage.
 107000: system.cpu.commit: Trying to commit instructions in the ROB.
 107000: system.cpu.commit: [tid:0] Can't commit, Instruction [sn:50] PC (0x40100b=>0x40100f).(0=>1) is head of ROB and not ready
 107000: system.cpu.commit: [tid:0] ROB has 54 insts & 864 free entries.
 107000: system.cpu: Activity: 3
 107000: system.cpu: Scheduling next tick!
 108000: system.cpu: 

O3CPU: Ticking main, O3CPU.
 108000: system.cpu.fetch: Running stage.
 108000: system.cpu.fetch: There are no more threads available to fetch from.
 108000: system.cpu.fetch: [tid:0] Fetch is waiting cache response!
 108000: system.cpu.decode: Processing [tid:0]
 108000: system.cpu.decode: [tid:0] Not blocked, so attempting to run stage.
 108000: system.cpu.decode: [tid:0] Nothing to do, breaking out early.
 108000: system.cpu.rename: Processing [tid:0]
 108000: system.cpu.rename: [tid:0] Free IQ: 510, Free ROB: 864, Free LQ: 115, Free SQ: 55, FreeRM 127(842 870 917 1834 127 8 4549)
 108000: system.cpu.rename: [tid:0] 0 instructions not yet in ROB
 108000: system.cpu.rename: calcFreeLQEntries: free lqEntries: 115, loadsInProgress: 0, loads dispatchedToLQ: 0
 108000: system.cpu.rename: [tid:0] Not blocked, so attempting to run stage.
 108000: system.cpu.rename: [tid:0] Nothing to do, breaking out early.
 108000: system.cpu.iew: Issue: Processing [tid:0]
 108000: system.cpu.iew: [tid:0] Not blocked, so attempting to run dispatch.
 108000: system.cpu.iq: Attempting to schedule ready instructions from the IQ.
 108000: system.cpu.iq: Not able to schedule any instructions.
 108000: system.cpu.iew.lsq: [tid:0] Writing back stores. 1 stores available for Writeback.
 108000: system.cpu.iew: Processing [tid:0]
 108000: system.cpu.iew: [tid:0], Dispatch dispatched 0 instructions.
 108000: system.cpu.iew.lsq.thread0: SQ size: 72, #stores occupied: 17
 108000: system.cpu.iew.lsq.thread0: LQ size: 132, #loads occupied: 17
 108000: system.cpu.iew: IQ has 510 free entries (Can schedule: 0).  LQ has 115 free entries. SQ has 55 free entries.
 108000: system.cpu.commit: Getting instructions from Rename stage.
 108000: system.cpu.commit: Trying to commit instructions in the ROB.
 108000: system.cpu.commit: [tid:0] Can't commit, Instruction [sn:50] PC (0x40100b=>0x40100f).(0=>1) is head of ROB and not ready
 108000: system.cpu.commit: [tid:0] ROB has 54 insts & 864 free entries.
 108000: system.cpu: Activity: 2
 108000: system.cpu: Scheduling next tick!
 109000: system.cpu: 

O3CPU: Ticking main, O3CPU.
 109000: system.cpu.fetch: Running stage.
 109000: system.cpu.fetch: There are no more threads available to fetch from.
 109000: system.cpu.fetch: [tid:0] Fetch is waiting cache response!
 109000: system.cpu.decode: Processing [tid:0]
 109000: system.cpu.decode: [tid:0] Not blocked, so attempting to run stage.
 109000: system.cpu.decode: [tid:0] Nothing to do, breaking out early.
 109000: system.cpu.rename: Processing [tid:0]
 109000: system.cpu.rename: [tid:0] Free IQ: 510, Free ROB: 864, Free LQ: 115, Free SQ: 55, FreeRM 127(842 870 917 1834 127 8 4549)
 109000: system.cpu.rename: [tid:0] 0 instructions not yet in ROB
 109000: system.cpu.rename: calcFreeLQEntries: free lqEntries: 115, loadsInProgress: 0, loads dispatchedToLQ: 0
 109000: system.cpu.rename: [tid:0] Not blocked, so attempting to run stage.
 109000: system.cpu.rename: [tid:0] Nothing to do, breaking out early.
 109000: system.cpu.iew: Issue: Processing [tid:0]
 109000: system.cpu.iew: [tid:0] Not blocked, so attempting to run dispatch.
 109000: system.cpu.iq: Attempting to schedule ready instructions from the IQ.
 109000: system.cpu.iq: Not able to schedule any instructions.
 109000: system.cpu.iew.lsq: [tid:0] Writing back stores. 1 stores available for Writeback.
 109000: system.cpu.iew: Processing [tid:0]
 109000: system.cpu.iew: [tid:0], Dispatch dispatched 0 instructions.
 109000: system.cpu.iew.lsq.thread0: SQ size: 72, #stores occupied: 17
 109000: system.cpu.iew.lsq.thread0: LQ size: 132, #loads occupied: 17
 109000: system.cpu.iew: IQ has 510 free entries (Can schedule: 0).  LQ has 115 free entries. SQ has 55 free entries.
 109000: system.cpu.commit: Getting instructions from Rename stage.
 109000: system.cpu.commit: Trying to commit instructions in the ROB.
 109000: system.cpu.commit: [tid:0] Can't commit, Instruction [sn:50] PC (0x40100b=>0x40100f).(0=>1) is head of ROB and not ready
 109000: system.cpu.commit: [tid:0] ROB has 54 insts & 864 free entries.
 109000: system.cpu: Activity: 1
 109000: system.cpu: Scheduling next tick!
 110000: system.cpu: 

O3CPU: Ticking main, O3CPU.
 110000: system.cpu.fetch: Running stage.
 110000: system.cpu.fetch: There are no more threads available to fetch from.
 110000: system.cpu.fetch: [tid:0] Fetch is waiting cache response!
 110000: system.cpu.decode: Processing [tid:0]
 110000: system.cpu.decode: [tid:0] Not blocked, so attempting to run stage.
 110000: system.cpu.decode: [tid:0] Nothing to do, breaking out early.
 110000: system.cpu.rename: Processing [tid:0]
 110000: system.cpu.rename: [tid:0] Free IQ: 510, Free ROB: 864, Free LQ: 115, Free SQ: 55, FreeRM 127(842 870 917 1834 127 8 4549)
 110000: system.cpu.rename: [tid:0] 0 instructions not yet in ROB
 110000: system.cpu.rename: calcFreeLQEntries: free lqEntries: 115, loadsInProgress: 0, loads dispatchedToLQ: 0
 110000: system.cpu.rename: [tid:0] Not blocked, so attempting to run stage.
 110000: system.cpu.rename: [tid:0] Nothing to do, breaking out early.
 110000: system.cpu.iew: Issue: Processing [tid:0]
 110000: system.cpu.iew: [tid:0] Not blocked, so attempting to run dispatch.
 110000: system.cpu.iq: Attempting to schedule ready instructions from the IQ.
 110000: system.cpu.iq: Not able to schedule any instructions.
 110000: system.cpu.iew.lsq: [tid:0] Writing back stores. 1 stores available for Writeback.
 110000: system.cpu.iew: Processing [tid:0]
 110000: system.cpu.iew: [tid:0], Dispatch dispatched 0 instructions.
 110000: system.cpu.iew.lsq.thread0: SQ size: 72, #stores occupied: 17
 110000: system.cpu.iew.lsq.thread0: LQ size: 132, #loads occupied: 17
 110000: system.cpu.iew: IQ has 510 free entries (Can schedule: 0).  LQ has 115 free entries. SQ has 55 free entries.
 110000: system.cpu.commit: Getting instructions from Rename stage.
 110000: system.cpu.commit: Trying to commit instructions in the ROB.
 110000: system.cpu.commit: [tid:0] Can't commit, Instruction [sn:50] PC (0x40100b=>0x40100f).(0=>1) is head of ROB and not ready
 110000: system.cpu.commit: [tid:0] ROB has 54 insts & 864 free entries.
 110000: system.cpu: Activity: 0
 110000: system.cpu: No activity left!
 110000: system.cpu: Idle!
 178000: system.cpu.icache_port: Fetch unit received timing
 178000: system.cpu.fetch: [tid:0] Waking up from cache miss.
 178000: system.cpu: Waking up CPU
 178000: system.cpu.fetch: [tid:0] Activating fetch due to cache completion
 178000: system.cpu.fetch: Activating stage.
 178000: system.cpu: Activity: 1
 178000: system.cpu: 

O3CPU: Ticking main, O3CPU.
 178000: system.cpu.fetch: Running stage.
 178000: system.cpu.fetch: Attempting to fetch from [tid:0]
 178000: system.cpu.fetch: [tid:0] Icache miss is complete.
 178000: system.cpu.fetch: [tid:0] Adding instructions to queue to decode.
 178000: system.cpu.decoder: Decode: Decoded add instruction: 
{
	leg = 0,
	rex = 0,
	vex/xop = 0,
	op = {
		type = one byte,
		op = 0,
		},
	modRM = 0,
	sib = 0,
	immediate = 0,
	displacement = 0
	dispSize = 0}

 178000: global: DynInst: [sn:590] Instruction created. Instcount for system.cpu = 56
 178000: system.cpu.fetch: [tid:0] Instruction PC (0x40103f=>0x401041).(0=>1) created [sn:590].
 178000: system.cpu.fetch: [tid:0] Instruction is:   ADD_M_R : ldst   t1b, DS:[rax]
 178000: system.cpu.fetch: [tid:0] Fetch queue entry created (1/128).
 178000: global: DynInst: [sn:600] Instruction created. Instcount for system.cpu = 57
 178000: system.cpu.fetch: [tid:0] Instruction PC (0x40103f=>0x401041).(1=>2) created [sn:600].
 178000: system.cpu.fetch: [tid:0] Instruction is:   ADD_M_R : add   t1b, t1b, al
 178000: system.cpu.fetch: [tid:0] Fetch queue entry created (2/128).
 178000: global: DynInst: [sn:610] Instruction created. Instcount for system.cpu = 58
 178000: system.cpu.fetch: [tid:0] Instruction PC (0x40103f=>0x401041).(2=>3) created [sn:610].
 178000: system.cpu.fetch: [tid:0] Instruction is:   ADD_M_R : st   t1b, DS:[rax]
 178000: system.cpu.fetch: [tid:0] Fetch queue entry created (3/128).
 178000: system.cpu.decoder: Decode: Decoded add instruction: 
{
	leg = 0,
	rex = 0,
	vex/xop = 0,
	op = {
		type = one byte,
		op = 0,
		},
	modRM = 0,
	sib = 0,
	immediate = 0,
	displacement = 0
	dispSize = 0}

 178000: global: DynInst: [sn:620] Instruction created. Instcount for system.cpu = 59
 178000: system.cpu.fetch: [tid:0] Instruction PC (0x401041=>0x401043).(0=>1) created [sn:620].
 178000: system.cpu.fetch: [tid:0] Instruction is:   ADD_M_R : ldst   t1b, DS:[rax]
 178000: system.cpu.fetch: [tid:0] Fetch queue entry created (4/128).
 178000: global: DynInst: [sn:630] Instruction created. Instcount for system.cpu = 60
 178000: system.cpu.fetch: [tid:0] Instruction PC (0x401041=>0x401043).(1=>2) created [sn:630].
 178000: system.cpu.fetch: [tid:0] Instruction is:   ADD_M_R : add   t1b, t1b, al
 178000: system.cpu.fetch: [tid:0] Fetch queue entry created (5/128).
 178000: global: DynInst: [sn:640] Instruction created. Instcount for system.cpu = 61
 178000: system.cpu.fetch: [tid:0] Instruction PC (0x401041=>0x401043).(2=>3) created [sn:640].
 178000: system.cpu.fetch: [tid:0] Instruction is:   ADD_M_R : st   t1b, DS:[rax]
 178000: system.cpu.fetch: [tid:0] Fetch queue entry created (6/128).
 178000: system.cpu.decoder: Decode: Decoded add instruction: 
{
	leg = 0,
	rex = 0,
	vex/xop = 0,
	op = {
		type = one byte,
		op = 0,
		},
	modRM = 0,
	sib = 0,
	immediate = 0,
	displacement = 0
	dispSize = 0}

 178000: global: DynInst: [sn:650] Instruction created. Instcount for system.cpu = 62
 178000: system.cpu.fetch: [tid:0] Instruction PC (0x401043=>0x401045).(0=>1) created [sn:650].
 178000: system.cpu.fetch: [tid:0] Instruction is:   ADD_M_R : ldst   t1b, DS:[rax]
 178000: system.cpu.fetch: [tid:0] Fetch queue entry created (7/128).
 178000: global: DynInst: [sn:660] Instruction created. Instcount for system.cpu = 63
 178000: system.cpu.fetch: [tid:0] Instruction PC (0x401043=>0x401045).(1=>2) created [sn:660].
 178000: system.cpu.fetch: [tid:0] Instruction is:   ADD_M_R : add   t1b, t1b, al
 178000: system.cpu.fetch: [tid:0] Fetch queue entry created (8/128).
 178000: global: DynInst: [sn:670] Instruction created. Instcount for system.cpu = 64
 178000: system.cpu.fetch: [tid:0] Instruction PC (0x401043=>0x401045).(2=>3) created [sn:670].
 178000: system.cpu.fetch: [tid:0] Instruction is:   ADD_M_R : st   t1b, DS:[rax]
 178000: system.cpu.fetch: [tid:0] Fetch queue entry created (9/128).
 178000: system.cpu.decoder: Decode: Decoded add instruction: 
{
	leg = 0,
	rex = 0,
	vex/xop = 0,
	op = {
		type = one byte,
		op = 0,
		},
	modRM = 0,
	sib = 0,
	immediate = 0,
	displacement = 0
	dispSize = 0}

 178000: global: DynInst: [sn:680] Instruction created. Instcount for system.cpu = 65
 178000: system.cpu.fetch: [tid:0] Instruction PC (0x401045=>0x401047).(0=>1) created [sn:680].
 178000: system.cpu.fetch: [tid:0] Instruction is:   ADD_M_R : ldst   t1b, DS:[rax]
 178000: system.cpu.fetch: [tid:0] Fetch queue entry created (10/128).
 178000: system.cpu.fetch: [tid:0] Done fetching, reached fetch bandwidth for this cycle.
 178000: system.cpu.fetch: [tid:0] [sn:590] Sending instruction to decode from fetch queue. Fetch queue size: 10.
 178000: system.cpu.fetch: [tid:0] [sn:600] Sending instruction to decode from fetch queue. Fetch queue size: 9.
 178000: system.cpu.fetch: [tid:0] [sn:610] Sending instruction to decode from fetch queue. Fetch queue size: 8.
 178000: system.cpu.fetch: [tid:0] [sn:620] Sending instruction to decode from fetch queue. Fetch queue size: 7.
 178000: system.cpu.fetch: [tid:0] [sn:630] Sending instruction to decode from fetch queue. Fetch queue size: 6.
 178000: system.cpu.fetch: [tid:0] [sn:640] Sending instruction to decode from fetch queue. Fetch queue size: 5.
 178000: system.cpu.fetch: [tid:0] [sn:650] Sending instruction to decode from fetch queue. Fetch queue size: 4.
 178000: system.cpu.fetch: [tid:0] [sn:660] Sending instruction to decode from fetch queue. Fetch queue size: 3.
 178000: system.cpu.fetch: [tid:0] [sn:670] Sending instruction to decode from fetch queue. Fetch queue size: 2.
 178000: system.cpu.fetch: [tid:0] [sn:680] Sending instruction to decode from fetch queue. Fetch queue size: 1.
 178000: system.cpu.fetch: Activity this cycle.
 178000: system.cpu: Activity: 2
 178000: system.cpu.decode: Processing [tid:0]
 178000: system.cpu.decode: [tid:0] Not blocked, so attempting to run stage.
 178000: system.cpu.decode: [tid:0] Nothing to do, breaking out early.
 178000: system.cpu.rename: Processing [tid:0]
 178000: system.cpu.rename: [tid:0] Free IQ: 510, Free ROB: 864, Free LQ: 115, Free SQ: 55, FreeRM 127(842 870 917 1834 127 8 4549)
 178000: system.cpu.rename: [tid:0] 0 instructions not yet in ROB
 178000: system.cpu.rename: calcFreeLQEntries: free lqEntries: 115, loadsInProgress: 0, loads dispatchedToLQ: 0
 178000: system.cpu.rename: [tid:0] Not blocked, so attempting to run stage.
 178000: system.cpu.rename: [tid:0] Nothing to do, breaking out early.
 178000: system.cpu.iew: Issue: Processing [tid:0]
 178000: system.cpu.iew: [tid:0] Not blocked, so attempting to run dispatch.
 178000: system.cpu.iq: Attempting to schedule ready instructions from the IQ.
 178000: system.cpu.iq: Not able to schedule any instructions.
 178000: system.cpu.iew.lsq: [tid:0] Writing back stores. 1 stores available for Writeback.
 178000: system.cpu.iew: Processing [tid:0]
 178000: system.cpu.iew: [tid:0], Dispatch dispatched 0 instructions.
 178000: system.cpu.iew.lsq.thread0: SQ size: 72, #stores occupied: 17
 178000: system.cpu.iew.lsq.thread0: LQ size: 132, #loads occupied: 17
 178000: system.cpu.iew: IQ has 510 free entries (Can schedule: 0).  LQ has 115 free entries. SQ has 55 free entries.
 178000: system.cpu.commit: Getting instructions from Rename stage.
 178000: system.cpu.commit: Trying to commit instructions in the ROB.
 178000: system.cpu.commit: [tid:0] Can't commit, Instruction [sn:50] PC (0x40100b=>0x40100f).(0=>1) is head of ROB and not ready
 178000: system.cpu.commit: [tid:0] ROB has 54 insts & 864 free entries.
 178000: system.cpu: Scheduling next tick!
 179000: system.cpu: 

O3CPU: Ticking main, O3CPU.
 179000: system.cpu.fetch: Running stage.
 179000: system.cpu.fetch: Attempting to fetch from [tid:0]
 179000: system.cpu.fetch: [tid:0] Adding instructions to queue to decode.
 179000: global: DynInst: [sn:690] Instruction created. Instcount for system.cpu = 66
 179000: system.cpu.fetch: [tid:0] Instruction PC (0x401045=>0x401047).(1=>2) created [sn:690].
 179000: system.cpu.fetch: [tid:0] Instruction is:   ADD_M_R : add   t1b, t1b, al
 179000: system.cpu.fetch: [tid:0] Fetch queue entry created (1/128).
 179000: global: DynInst: [sn:700] Instruction created. Instcount for system.cpu = 67
 179000: system.cpu.fetch: [tid:0] Instruction PC (0x401045=>0x401047).(2=>3) created [sn:700].
 179000: system.cpu.fetch: [tid:0] Instruction is:   ADD_M_R : st   t1b, DS:[rax]
 179000: system.cpu.fetch: [tid:0] Fetch queue entry created (2/128).
 179000: system.cpu.decoder: Decode: Decoded add instruction: 
{
	leg = 0,
	rex = 0,
	vex/xop = 0,
	op = {
		type = one byte,
		op = 0,
		},
	modRM = 0,
	sib = 0,
	immediate = 0,
	displacement = 0
	dispSize = 0}

 179000: global: DynInst: [sn:710] Instruction created. Instcount for system.cpu = 68
 179000: system.cpu.fetch: [tid:0] Instruction PC (0x401047=>0x401049).(0=>1) created [sn:710].
 179000: system.cpu.fetch: [tid:0] Instruction is:   ADD_M_R : ldst   t1b, DS:[rax]
 179000: system.cpu.fetch: [tid:0] Fetch queue entry created (3/128).
 179000: global: DynInst: [sn:720] Instruction created. Instcount for system.cpu = 69
 179000: system.cpu.fetch: [tid:0] Instruction PC (0x401047=>0x401049).(1=>2) created [sn:720].
 179000: system.cpu.fetch: [tid:0] Instruction is:   ADD_M_R : add   t1b, t1b, al
 179000: system.cpu.fetch: [tid:0] Fetch queue entry created (4/128).
 179000: global: DynInst: [sn:730] Instruction created. Instcount for system.cpu = 70
 179000: system.cpu.fetch: [tid:0] Instruction PC (0x401047=>0x401049).(2=>3) created [sn:730].
 179000: system.cpu.fetch: [tid:0] Instruction is:   ADD_M_R : st   t1b, DS:[rax]
 179000: system.cpu.fetch: [tid:0] Fetch queue entry created (5/128).
 179000: system.cpu.decoder: Decode: Decoded add instruction: 
{
	leg = 0,
	rex = 0,
	vex/xop = 0,
	op = {
		type = one byte,
		op = 0,
		},
	modRM = 0,
	sib = 0,
	immediate = 0,
	displacement = 0
	dispSize = 0}

 179000: global: DynInst: [sn:740] Instruction created. Instcount for system.cpu = 71
 179000: system.cpu.fetch: [tid:0] Instruction PC (0x401049=>0x40104b).(0=>1) created [sn:740].
 179000: system.cpu.fetch: [tid:0] Instruction is:   ADD_M_R : ldst   t1b, DS:[rax]
 179000: system.cpu.fetch: [tid:0] Fetch queue entry created (6/128).
 179000: global: DynInst: [sn:750] Instruction created. Instcount for system.cpu = 72
 179000: system.cpu.fetch: [tid:0] Instruction PC (0x401049=>0x40104b).(1=>2) created [sn:750].
 179000: system.cpu.fetch: [tid:0] Instruction is:   ADD_M_R : add   t1b, t1b, al
 179000: system.cpu.fetch: [tid:0] Fetch queue entry created (7/128).
 179000: global: DynInst: [sn:760] Instruction created. Instcount for system.cpu = 73
 179000: system.cpu.fetch: [tid:0] Instruction PC (0x401049=>0x40104b).(2=>3) created [sn:760].
 179000: system.cpu.fetch: [tid:0] Instruction is:   ADD_M_R : st   t1b, DS:[rax]
 179000: system.cpu.fetch: [tid:0] Fetch queue entry created (8/128).
 179000: system.cpu.decoder: Decode: Decoded add instruction: 
{
	leg = 0,
	rex = 0,
	vex/xop = 0,
	op = {
		type = one byte,
		op = 0,
		},
	modRM = 0,
	sib = 0,
	immediate = 0,
	displacement = 0
	dispSize = 0}

 179000: global: DynInst: [sn:770] Instruction created. Instcount for system.cpu = 74
 179000: system.cpu.fetch: [tid:0] Instruction PC (0x40104b=>0x40104d).(0=>1) created [sn:770].
 179000: system.cpu.fetch: [tid:0] Instruction is:   ADD_M_R : ldst   t1b, DS:[rax]
 179000: system.cpu.fetch: [tid:0] Fetch queue entry created (9/128).
 179000: global: DynInst: [sn:780] Instruction created. Instcount for system.cpu = 75
 179000: system.cpu.fetch: [tid:0] Instruction PC (0x40104b=>0x40104d).(1=>2) created [sn:780].
 179000: system.cpu.fetch: [tid:0] Instruction is:   ADD_M_R : add   t1b, t1b, al
 179000: system.cpu.fetch: [tid:0] Fetch queue entry created (10/128).
 179000: system.cpu.fetch: [tid:0] Done fetching, reached fetch bandwidth for this cycle.
 179000: system.cpu.fetch: [tid:0] [sn:690] Sending instruction to decode from fetch queue. Fetch queue size: 10.
 179000: system.cpu.fetch: [tid:0] [sn:700] Sending instruction to decode from fetch queue. Fetch queue size: 9.
 179000: system.cpu.fetch: [tid:0] [sn:710] Sending instruction to decode from fetch queue. Fetch queue size: 8.
 179000: system.cpu.fetch: [tid:0] [sn:720] Sending instruction to decode from fetch queue. Fetch queue size: 7.
 179000: system.cpu.fetch: [tid:0] [sn:730] Sending instruction to decode from fetch queue. Fetch queue size: 6.
 179000: system.cpu.fetch: [tid:0] [sn:740] Sending instruction to decode from fetch queue. Fetch queue size: 5.
 179000: system.cpu.fetch: [tid:0] [sn:750] Sending instruction to decode from fetch queue. Fetch queue size: 4.
 179000: system.cpu.fetch: [tid:0] [sn:760] Sending instruction to decode from fetch queue. Fetch queue size: 3.
 179000: system.cpu.fetch: [tid:0] [sn:770] Sending instruction to decode from fetch queue. Fetch queue size: 2.
 179000: system.cpu.fetch: [tid:0] [sn:780] Sending instruction to decode from fetch queue. Fetch queue size: 1.
 179000: system.cpu.fetch: Activity this cycle.
 179000: system.cpu: Activity: 3
 179000: system.cpu.decode: Processing [tid:0]
 179000: system.cpu.decode: [tid:0] Not blocked, so attempting to run stage.
 179000: system.cpu.decode: [tid:0] Sending instruction to rename.
 179000: system.cpu.decode: [tid:0] Processing instruction [sn:590] with PC (0x40103f=>0x401041).(0=>1)
 179000: system.cpu.decode: [tid:0] Processing instruction [sn:600] with PC (0x40103f=>0x401041).(1=>2)
 179000: system.cpu.decode: [tid:0] Processing instruction [sn:610] with PC (0x40103f=>0x401041).(2=>3)
 179000: system.cpu.decode: [tid:0] Processing instruction [sn:620] with PC (0x401041=>0x401043).(0=>1)
 179000: system.cpu.decode: [tid:0] Processing instruction [sn:630] with PC (0x401041=>0x401043).(1=>2)
 179000: system.cpu.decode: [tid:0] Processing instruction [sn:640] with PC (0x401041=>0x401043).(2=>3)
 179000: system.cpu.decode: [tid:0] Processing instruction [sn:650] with PC (0x401043=>0x401045).(0=>1)
 179000: system.cpu.decode: [tid:0] Processing instruction [sn:660] with PC (0x401043=>0x401045).(1=>2)
 179000: system.cpu.decode: [tid:0] Processing instruction [sn:670] with PC (0x401043=>0x401045).(2=>3)
 179000: system.cpu.decode: [tid:0] Processing instruction [sn:680] with PC (0x401045=>0x401047).(0=>1)
 179000: system.cpu.decode: Activity this cycle.
 179000: system.cpu.rename: Processing [tid:0]
 179000: system.cpu.rename: [tid:0] Free IQ: 510, Free ROB: 864, Free LQ: 115, Free SQ: 55, FreeRM 127(842 870 917 1834 127 8 4549)
 179000: system.cpu.rename: [tid:0] 0 instructions not yet in ROB
 179000: system.cpu.rename: calcFreeLQEntries: free lqEntries: 115, loadsInProgress: 0, loads dispatchedToLQ: 0
 179000: system.cpu.rename: [tid:0] Not blocked, so attempting to run stage.
 179000: system.cpu.rename: [tid:0] Nothing to do, breaking out early.
 179000: system.cpu.iew: Issue: Processing [tid:0]
 179000: system.cpu.iew: [tid:0] Not blocked, so attempting to run dispatch.
 179000: system.cpu.iq: Attempting to schedule ready instructions from the IQ.
 179000: system.cpu.iq: Not able to schedule any instructions.
 179000: system.cpu.iew.lsq: [tid:0] Writing back stores. 1 stores available for Writeback.
 179000: system.cpu.iew: Processing [tid:0]
 179000: system.cpu.iew: [tid:0], Dispatch dispatched 0 instructions.
 179000: system.cpu.iew.lsq.thread0: SQ size: 72, #stores occupied: 17
 179000: system.cpu.iew.lsq.thread0: LQ size: 132, #loads occupied: 17
 179000: system.cpu.iew: IQ has 510 free entries (Can schedule: 0).  LQ has 115 free entries. SQ has 55 free entries.
 179000: system.cpu.commit: Getting instructions from Rename stage.
 179000: system.cpu.commit: Trying to commit instructions in the ROB.
 179000: system.cpu.commit: [tid:0] Can't commit, Instruction [sn:50] PC (0x40100b=>0x40100f).(0=>1) is head of ROB and not ready
 179000: system.cpu.commit: [tid:0] ROB has 54 insts & 864 free entries.
 179000: system.cpu: Scheduling next tick!
 180000: system.cpu: 

O3CPU: Ticking main, O3CPU.
 180000: system.cpu.fetch: Running stage.
 180000: system.cpu.fetch: Attempting to fetch from [tid:0]
 180000: system.cpu.fetch: [tid:0] Adding instructions to queue to decode.
 180000: global: DynInst: [sn:790] Instruction created. Instcount for system.cpu = 76
 180000: system.cpu.fetch: [tid:0] Instruction PC (0x40104b=>0x40104d).(2=>3) created [sn:790].
 180000: system.cpu.fetch: [tid:0] Instruction is:   ADD_M_R : st   t1b, DS:[rax]
 180000: system.cpu.fetch: [tid:0] Fetch queue entry created (1/128).
 180000: system.cpu.decoder: Decode: Decoded add instruction: 
{
	leg = 0,
	rex = 0,
	vex/xop = 0,
	op = {
		type = one byte,
		op = 0,
		},
	modRM = 0,
	sib = 0,
	immediate = 0,
	displacement = 0
	dispSize = 0}

 180000: global: DynInst: [sn:800] Instruction created. Instcount for system.cpu = 77
 180000: system.cpu.fetch: [tid:0] Instruction PC (0x40104d=>0x40104f).(0=>1) created [sn:800].
 180000: system.cpu.fetch: [tid:0] Instruction is:   ADD_M_R : ldst   t1b, DS:[rax]
 180000: system.cpu.fetch: [tid:0] Fetch queue entry created (2/128).
 180000: global: DynInst: [sn:810] Instruction created. Instcount for system.cpu = 78
 180000: system.cpu.fetch: [tid:0] Instruction PC (0x40104d=>0x40104f).(1=>2) created [sn:810].
 180000: system.cpu.fetch: [tid:0] Instruction is:   ADD_M_R : add   t1b, t1b, al
 180000: system.cpu.fetch: [tid:0] Fetch queue entry created (3/128).
 180000: global: DynInst: [sn:820] Instruction created. Instcount for system.cpu = 79
 180000: system.cpu.fetch: [tid:0] Instruction PC (0x40104d=>0x40104f).(2=>3) created [sn:820].
 180000: system.cpu.fetch: [tid:0] Instruction is:   ADD_M_R : st   t1b, DS:[rax]
 180000: system.cpu.fetch: [tid:0] Fetch queue entry created (4/128).
 180000: system.cpu.decoder: Decode: Decoded add instruction: 
{
	leg = 0,
	rex = 0,
	vex/xop = 0,
	op = {
		type = one byte,
		op = 0,
		},
	modRM = 0,
	sib = 0,
	immediate = 0,
	displacement = 0
	dispSize = 0}

 180000: global: DynInst: [sn:830] Instruction created. Instcount for system.cpu = 80
 180000: system.cpu.fetch: [tid:0] Instruction PC (0x40104f=>0x401051).(0=>1) created [sn:830].
 180000: system.cpu.fetch: [tid:0] Instruction is:   ADD_M_R : ldst   t1b, DS:[rax]
 180000: system.cpu.fetch: [tid:0] Fetch queue entry created (5/128).
 180000: global: DynInst: [sn:840] Instruction created. Instcount for system.cpu = 81
 180000: system.cpu.fetch: [tid:0] Instruction PC (0x40104f=>0x401051).(1=>2) created [sn:840].
 180000: system.cpu.fetch: [tid:0] Instruction is:   ADD_M_R : add   t1b, t1b, al
 180000: system.cpu.fetch: [tid:0] Fetch queue entry created (6/128).
 180000: global: DynInst: [sn:850] Instruction created. Instcount for system.cpu = 82
 180000: system.cpu.fetch: [tid:0] Instruction PC (0x40104f=>0x401051).(2=>3) created [sn:850].
 180000: system.cpu.fetch: [tid:0] Instruction is:   ADD_M_R : st   t1b, DS:[rax]
 180000: system.cpu.fetch: [tid:0] Fetch queue entry created (7/128).
 180000: system.cpu.decoder: Decode: Decoded add instruction: 
{
	leg = 0,
	rex = 0,
	vex/xop = 0,
	op = {
		type = one byte,
		op = 0,
		},
	modRM = 0,
	sib = 0,
	immediate = 0,
	displacement = 0
	dispSize = 0}

 180000: global: DynInst: [sn:860] Instruction created. Instcount for system.cpu = 83
 180000: system.cpu.fetch: [tid:0] Instruction PC (0x401051=>0x401053).(0=>1) created [sn:860].
 180000: system.cpu.fetch: [tid:0] Instruction is:   ADD_M_R : ldst   t1b, DS:[rax]
 180000: system.cpu.fetch: [tid:0] Fetch queue entry created (8/128).
 180000: global: DynInst: [sn:870] Instruction created. Instcount for system.cpu = 84
 180000: system.cpu.fetch: [tid:0] Instruction PC (0x401051=>0x401053).(1=>2) created [sn:870].
 180000: system.cpu.fetch: [tid:0] Instruction is:   ADD_M_R : add   t1b, t1b, al
 180000: system.cpu.fetch: [tid:0] Fetch queue entry created (9/128).
 180000: global: DynInst: [sn:880] Instruction created. Instcount for system.cpu = 85
 180000: system.cpu.fetch: [tid:0] Instruction PC (0x401051=>0x401053).(2=>3) created [sn:880].
 180000: system.cpu.fetch: [tid:0] Instruction is:   ADD_M_R : st   t1b, DS:[rax]
 180000: system.cpu.fetch: [tid:0] Fetch queue entry created (10/128).
 180000: system.cpu.fetch: [tid:0] Done fetching, reached fetch bandwidth for this cycle.
 180000: system.cpu.fetch: [tid:0] [sn:790] Sending instruction to decode from fetch queue. Fetch queue size: 10.
 180000: system.cpu.fetch: [tid:0] [sn:800] Sending instruction to decode from fetch queue. Fetch queue size: 9.
 180000: system.cpu.fetch: [tid:0] [sn:810] Sending instruction to decode from fetch queue. Fetch queue size: 8.
 180000: system.cpu.fetch: [tid:0] [sn:820] Sending instruction to decode from fetch queue. Fetch queue size: 7.
 180000: system.cpu.fetch: [tid:0] [sn:830] Sending instruction to decode from fetch queue. Fetch queue size: 6.
 180000: system.cpu.fetch: [tid:0] [sn:840] Sending instruction to decode from fetch queue. Fetch queue size: 5.
 180000: system.cpu.fetch: [tid:0] [sn:850] Sending instruction to decode from fetch queue. Fetch queue size: 4.
 180000: system.cpu.fetch: [tid:0] [sn:860] Sending instruction to decode from fetch queue. Fetch queue size: 3.
 180000: system.cpu.fetch: [tid:0] [sn:870] Sending instruction to decode from fetch queue. Fetch queue size: 2.
 180000: system.cpu.fetch: [tid:0] [sn:880] Sending instruction to decode from fetch queue. Fetch queue size: 1.
 180000: system.cpu.fetch: Activity this cycle.
 180000: system.cpu: Activity: 4
 180000: system.cpu.decode: Processing [tid:0]
 180000: system.cpu.decode: [tid:0] Not blocked, so attempting to run stage.
 180000: system.cpu.decode: [tid:0] Sending instruction to rename.
 180000: system.cpu.decode: [tid:0] Processing instruction [sn:690] with PC (0x401045=>0x401047).(1=>2)
 180000: system.cpu.decode: [tid:0] Processing instruction [sn:700] with PC (0x401045=>0x401047).(2=>3)
 180000: system.cpu.decode: [tid:0] Processing instruction [sn:710] with PC (0x401047=>0x401049).(0=>1)
 180000: system.cpu.decode: [tid:0] Processing instruction [sn:720] with PC (0x401047=>0x401049).(1=>2)
 180000: system.cpu.decode: [tid:0] Processing instruction [sn:730] with PC (0x401047=>0x401049).(2=>3)
 180000: system.cpu.decode: [tid:0] Processing instruction [sn:740] with PC (0x401049=>0x40104b).(0=>1)
 180000: system.cpu.decode: [tid:0] Processing instruction [sn:750] with PC (0x401049=>0x40104b).(1=>2)
 180000: system.cpu.decode: [tid:0] Processing instruction [sn:760] with PC (0x401049=>0x40104b).(2=>3)
 180000: system.cpu.decode: [tid:0] Processing instruction [sn:770] with PC (0x40104b=>0x40104d).(0=>1)
 180000: system.cpu.decode: [tid:0] Processing instruction [sn:780] with PC (0x40104b=>0x40104d).(1=>2)
 180000: system.cpu.decode: Activity this cycle.
 180000: system.cpu.rename: Processing [tid:0]
 180000: system.cpu.rename: [tid:0] Free IQ: 510, Free ROB: 864, Free LQ: 115, Free SQ: 55, FreeRM 127(842 870 917 1834 127 8 4549)
 180000: system.cpu.rename: [tid:0] 0 instructions not yet in ROB
 180000: system.cpu.rename: calcFreeLQEntries: free lqEntries: 115, loadsInProgress: 0, loads dispatchedToLQ: 0
 180000: system.cpu.rename: [tid:0] Not blocked, so attempting to run stage.
 180000: system.cpu.rename: [tid:0] 10 available instructions to send iew.
 180000: system.cpu.rename: [tid:0] 0 insts pipelining from Rename | 0 insts dispatched to IQ last cycle.
 180000: system.cpu.rename: [tid:0] Sending instructions to IEW.
 180000: system.cpu.rename: calcFreeLQEntries: free lqEntries: 115, loadsInProgress: 0, loads dispatchedToLQ: 0
 180000: system.cpu.rename: [tid:0] Processing instruction [sn:590] with PC (0x40103f=>0x401041).(0=>1).
 180000: system.cpu.rename: [tid:0] Looking up invalid arch reg 0, got phys reg 4294967295 (invalid)
 180000: system.cpu.rename: [tid:0] Register 4294967295 (flat: 4294967295) (invalid) is ready.
 180000: global: [sn:590] has 1 ready out of 4 sources. RTI 0)
 180000: system.cpu.rename: [tid:0] Looking up integer arch reg 0, got phys reg 45 (integer)
 180000: system.cpu.rename: [tid:0] Register 45 (flat: 45) (integer) is ready.
 180000: global: [sn:590] has 2 ready out of 4 sources. RTI 0)
 180000: system.cpu.rename: [tid:0] Looking up integer arch reg 17, got phys reg 78 (integer)
 180000: system.cpu.rename: [tid:0] Register 78 (flat: 78) (integer) is not ready.
 180000: system.cpu.rename: [tid:0] Looking up miscellaneous arch reg 155, got phys reg 155 (miscellaneous)
 180000: system.cpu.rename: [tid:0] Register 155 (flat: 0) (miscellaneous) is ready.
 180000: global: [sn:590] has 3 ready out of 4 sources. RTI 0)
 180000: global: Renamed reg t1 to physical reg 79 (79) old mapping was 78 (78)
 180000: system.cpu.rename: [tid:0] Renaming arch reg 17 (integer) to physical reg 79 (79).
 180000: system.cpu.rename: [tid:0] [sn:590] Adding instruction to history buffer (size=128).
 180000: system.cpu.rename: [tid:0] Processing instruction [sn:600] with PC (0x40103f=>0x401041).(1=>2).
 180000: system.cpu.rename: [tid:0] Looking up integer arch reg 17, got phys reg 79 (integer)
 180000: system.cpu.rename: [tid:0] Register 79 (flat: 79) (integer) is not ready.
 180000: system.cpu.rename: [tid:0] Looking up integer arch reg 0, got phys reg 45 (integer)
 180000: system.cpu.rename: [tid:0] Register 45 (flat: 45) (integer) is ready.
 180000: global: [sn:600] has 1 ready out of 8 sources. RTI 0)
 180000: system.cpu.rename: [tid:0] Looking up integer arch reg 17, got phys reg 79 (integer)
 180000: system.cpu.rename: [tid:0] Register 79 (flat: 79) (integer) is not ready.
 180000: system.cpu.rename: [tid:0] Looking up invalid arch reg 0, got phys reg 4294967295 (invalid)
 180000: system.cpu.rename: [tid:0] Register 4294967295 (flat: 4294967295) (invalid) is ready.
 180000: global: [sn:600] has 2 ready out of 8 sources. RTI 0)
 180000: system.cpu.rename: [tid:0] Looking up invalid arch reg 0, got phys reg 4294967295 (invalid)
 180000: system.cpu.rename: [tid:0] Register 4294967295 (flat: 4294967295) (invalid) is ready.
 180000: global: [sn:600] has 3 ready out of 8 sources. RTI 0)
 180000: system.cpu.rename: [tid:0] Looking up invalid arch reg 0, got phys reg 4294967295 (invalid)
 180000: system.cpu.rename: [tid:0] Register 4294967295 (flat: 4294967295) (invalid) is ready.
 180000: global: [sn:600] has 4 ready out of 8 sources. RTI 0)
 180000: system.cpu.rename: [tid:0] Looking up invalid arch reg 0, got phys reg 4294967295 (invalid)
 180000: system.cpu.rename: [tid:0] Register 4294967295 (flat: 4294967295) (invalid) is ready.
 180000: global: [sn:600] has 5 ready out of 8 sources. RTI 0)
 180000: system.cpu.rename: [tid:0] Looking up invalid arch reg 0, got phys reg 4294967295 (invalid)
 180000: system.cpu.rename: [tid:0] Register 4294967295 (flat: 4294967295) (invalid) is ready.
 180000: global: [sn:600] has 6 ready out of 8 sources. RTI 0)
 180000: global: Renamed reg t1 to physical reg 80 (80) old mapping was 79 (79)
 180000: system.cpu.rename: [tid:0] Renaming arch reg 17 (integer) to physical reg 80 (80).
 180000: system.cpu.rename: [tid:0] [sn:600] Adding instruction to history buffer (size=129).
 180000: global: Renamed reg condition_code[0] to physical reg 4769 (4769) old mapping was 4767 (4767)
 180000: system.cpu.rename: [tid:0] Renaming arch reg 0 (condition_code) to physical reg 43 (4769).
 180000: system.cpu.rename: [tid:0] [sn:600] Adding instruction to history buffer (size=130).
 180000: global: Renamed reg condition_code[1] to physical reg 4770 (4770) old mapping was 4768 (4768)
 180000: system.cpu.rename: [tid:0] Renaming arch reg 1 (condition_code) to physical reg 44 (4770).
 180000: system.cpu.rename: [tid:0] [sn:600] Adding instruction to history buffer (size=131).
 180000: system.cpu.rename: [tid:0] Renaming arch reg 0 (invalid) to physical reg 4294967295 (4294967295).
 180000: system.cpu.rename: [tid:0] [sn:600] Adding instruction to history buffer (size=132).
 180000: system.cpu.rename: [tid:0] Renaming arch reg 0 (invalid) to physical reg 4294967295 (4294967295).
 180000: system.cpu.rename: [tid:0] [sn:600] Adding instruction to history buffer (size=133).
 180000: system.cpu.rename: [tid:0] Renaming arch reg 0 (invalid) to physical reg 4294967295 (4294967295).
 180000: system.cpu.rename: [tid:0] [sn:600] Adding instruction to history buffer (size=134).
 180000: system.cpu.rename: calcFreeSQEntries: free sqEntries: 55, storesInProgress: 0, stores dispatchedToSQ: 0
 180000: system.cpu.rename: [tid:0] Processing instruction [sn:610] with PC (0x40103f=>0x401041).(2=>3).
 180000: system.cpu.rename: [tid:0] Looking up invalid arch reg 0, got phys reg 4294967295 (invalid)
 180000: system.cpu.rename: [tid:0] Register 4294967295 (flat: 4294967295) (invalid) is ready.
 180000: global: [sn:610] has 1 ready out of 4 sources. RTI 0)
 180000: system.cpu.rename: [tid:0] Looking up integer arch reg 0, got phys reg 45 (integer)
 180000: system.cpu.rename: [tid:0] Register 45 (flat: 45) (integer) is ready.
 180000: global: [sn:610] has 2 ready out of 4 sources. RTI 0)
 180000: system.cpu.rename: [tid:0] Looking up integer arch reg 17, got phys reg 80 (integer)
 180000: system.cpu.rename: [tid:0] Register 80 (flat: 80) (integer) is not ready.
 180000: system.cpu.rename: [tid:0] Looking up miscellaneous arch reg 155, got phys reg 155 (miscellaneous)
 180000: system.cpu.rename: [tid:0] Register 155 (flat: 0) (miscellaneous) is ready.
 180000: global: [sn:610] has 3 ready out of 4 sources. RTI 0)
 180000: system.cpu.rename: calcFreeLQEntries: free lqEntries: 115, loadsInProgress: 1, loads dispatchedToLQ: 0
 180000: system.cpu.rename: [tid:0] Processing instruction [sn:620] with PC (0x401041=>0x401043).(0=>1).
 180000: system.cpu.rename: [tid:0] Looking up invalid arch reg 0, got phys reg 4294967295 (invalid)
 180000: system.cpu.rename: [tid:0] Register 4294967295 (flat: 4294967295) (invalid) is ready.
 180000: global: [sn:620] has 1 ready out of 4 sources. RTI 0)
 180000: system.cpu.rename: [tid:0] Looking up integer arch reg 0, got phys reg 45 (integer)
 180000: system.cpu.rename: [tid:0] Register 45 (flat: 45) (integer) is ready.
 180000: global: [sn:620] has 2 ready out of 4 sources. RTI 0)
 180000: system.cpu.rename: [tid:0] Looking up integer arch reg 17, got phys reg 80 (integer)
 180000: system.cpu.rename: [tid:0] Register 80 (flat: 80) (integer) is not ready.
 180000: system.cpu.rename: [tid:0] Looking up miscellaneous arch reg 155, got phys reg 155 (miscellaneous)
 180000: system.cpu.rename: [tid:0] Register 155 (flat: 0) (miscellaneous) is ready.
 180000: global: [sn:620] has 3 ready out of 4 sources. RTI 0)
 180000: global: Renamed reg t1 to physical reg 81 (81) old mapping was 80 (80)
 180000: system.cpu.rename: [tid:0] Renaming arch reg 17 (integer) to physical reg 81 (81).
 180000: system.cpu.rename: [tid:0] [sn:620] Adding instruction to history buffer (size=135).
 180000: system.cpu.rename: [tid:0] Processing instruction [sn:630] with PC (0x401041=>0x401043).(1=>2).
 180000: system.cpu.rename: [tid:0] Looking up integer arch reg 17, got phys reg 81 (integer)
 180000: system.cpu.rename: [tid:0] Register 81 (flat: 81) (integer) is not ready.
 180000: system.cpu.rename: [tid:0] Looking up integer arch reg 0, got phys reg 45 (integer)
 180000: system.cpu.rename: [tid:0] Register 45 (flat: 45) (integer) is ready.
 180000: global: [sn:630] has 1 ready out of 8 sources. RTI 0)
 180000: system.cpu.rename: [tid:0] Looking up integer arch reg 17, got phys reg 81 (integer)
 180000: system.cpu.rename: [tid:0] Register 81 (flat: 81) (integer) is not ready.
 180000: system.cpu.rename: [tid:0] Looking up invalid arch reg 0, got phys reg 4294967295 (invalid)
 180000: system.cpu.rename: [tid:0] Register 4294967295 (flat: 4294967295) (invalid) is ready.
 180000: global: [sn:630] has 2 ready out of 8 sources. RTI 0)
 180000: system.cpu.rename: [tid:0] Looking up invalid arch reg 0, got phys reg 4294967295 (invalid)
 180000: system.cpu.rename: [tid:0] Register 4294967295 (flat: 4294967295) (invalid) is ready.
 180000: global: [sn:630] has 3 ready out of 8 sources. RTI 0)
 180000: system.cpu.rename: [tid:0] Looking up invalid arch reg 0, got phys reg 4294967295 (invalid)
 180000: system.cpu.rename: [tid:0] Register 4294967295 (flat: 4294967295) (invalid) is ready.
 180000: global: [sn:630] has 4 ready out of 8 sources. RTI 0)
 180000: system.cpu.rename: [tid:0] Looking up invalid arch reg 0, got phys reg 4294967295 (invalid)
 180000: system.cpu.rename: [tid:0] Register 4294967295 (flat: 4294967295) (invalid) is ready.
 180000: global: [sn:630] has 5 ready out of 8 sources. RTI 0)
 180000: system.cpu.rename: [tid:0] Looking up invalid arch reg 0, got phys reg 4294967295 (invalid)
 180000: system.cpu.rename: [tid:0] Register 4294967295 (flat: 4294967295) (invalid) is ready.
 180000: global: [sn:630] has 6 ready out of 8 sources. RTI 0)
 180000: global: Renamed reg t1 to physical reg 82 (82) old mapping was 81 (81)
 180000: system.cpu.rename: [tid:0] Renaming arch reg 17 (integer) to physical reg 82 (82).
 180000: system.cpu.rename: [tid:0] [sn:630] Adding instruction to history buffer (size=136).
 180000: global: Renamed reg condition_code[0] to physical reg 4771 (4771) old mapping was 4769 (4769)
 180000: system.cpu.rename: [tid:0] Renaming arch reg 0 (condition_code) to physical reg 45 (4771).
 180000: system.cpu.rename: [tid:0] [sn:630] Adding instruction to history buffer (size=137).
 180000: global: Renamed reg condition_code[1] to physical reg 4772 (4772) old mapping was 4770 (4770)
 180000: system.cpu.rename: [tid:0] Renaming arch reg 1 (condition_code) to physical reg 46 (4772).
 180000: system.cpu.rename: [tid:0] [sn:630] Adding instruction to history buffer (size=138).
 180000: system.cpu.rename: [tid:0] Renaming arch reg 0 (invalid) to physical reg 4294967295 (4294967295).
 180000: system.cpu.rename: [tid:0] [sn:630] Adding instruction to history buffer (size=139).
 180000: system.cpu.rename: [tid:0] Renaming arch reg 0 (invalid) to physical reg 4294967295 (4294967295).
 180000: system.cpu.rename: [tid:0] [sn:630] Adding instruction to history buffer (size=140).
 180000: system.cpu.rename: [tid:0] Renaming arch reg 0 (invalid) to physical reg 4294967295 (4294967295).
 180000: system.cpu.rename: [tid:0] [sn:630] Adding instruction to history buffer (size=141).
 180000: system.cpu.rename: calcFreeSQEntries: free sqEntries: 55, storesInProgress: 1, stores dispatchedToSQ: 0
 180000: system.cpu.rename: [tid:0] Processing instruction [sn:640] with PC (0x401041=>0x401043).(2=>3).
 180000: system.cpu.rename: [tid:0] Looking up invalid arch reg 0, got phys reg 4294967295 (invalid)
 180000: system.cpu.rename: [tid:0] Register 4294967295 (flat: 4294967295) (invalid) is ready.
 180000: global: [sn:640] has 1 ready out of 4 sources. RTI 0)
 180000: system.cpu.rename: [tid:0] Looking up integer arch reg 0, got phys reg 45 (integer)
 180000: system.cpu.rename: [tid:0] Register 45 (flat: 45) (integer) is ready.
 180000: global: [sn:640] has 2 ready out of 4 sources. RTI 0)
 180000: system.cpu.rename: [tid:0] Looking up integer arch reg 17, got phys reg 82 (integer)
 180000: system.cpu.rename: [tid:0] Register 82 (flat: 82) (integer) is not ready.
 180000: system.cpu.rename: [tid:0] Looking up miscellaneous arch reg 155, got phys reg 155 (miscellaneous)
 180000: system.cpu.rename: [tid:0] Register 155 (flat: 0) (miscellaneous) is ready.
 180000: global: [sn:640] has 3 ready out of 4 sources. RTI 0)
 180000: system.cpu.rename: calcFreeLQEntries: free lqEntries: 115, loadsInProgress: 2, loads dispatchedToLQ: 0
 180000: system.cpu.rename: [tid:0] Processing instruction [sn:650] with PC (0x401043=>0x401045).(0=>1).
 180000: system.cpu.rename: [tid:0] Looking up invalid arch reg 0, got phys reg 4294967295 (invalid)
 180000: system.cpu.rename: [tid:0] Register 4294967295 (flat: 4294967295) (invalid) is ready.
 180000: global: [sn:650] has 1 ready out of 4 sources. RTI 0)
 180000: system.cpu.rename: [tid:0] Looking up integer arch reg 0, got phys reg 45 (integer)
 180000: system.cpu.rename: [tid:0] Register 45 (flat: 45) (integer) is ready.
 180000: global: [sn:650] has 2 ready out of 4 sources. RTI 0)
 180000: system.cpu.rename: [tid:0] Looking up integer arch reg 17, got phys reg 82 (integer)
 180000: system.cpu.rename: [tid:0] Register 82 (flat: 82) (integer) is not ready.
 180000: system.cpu.rename: [tid:0] Looking up miscellaneous arch reg 155, got phys reg 155 (miscellaneous)
 180000: system.cpu.rename: [tid:0] Register 155 (flat: 0) (miscellaneous) is ready.
 180000: global: [sn:650] has 3 ready out of 4 sources. RTI 0)
 180000: global: Renamed reg t1 to physical reg 83 (83) old mapping was 82 (82)
 180000: system.cpu.rename: [tid:0] Renaming arch reg 17 (integer) to physical reg 83 (83).
 180000: system.cpu.rename: [tid:0] [sn:650] Adding instruction to history buffer (size=142).
 180000: system.cpu.rename: [tid:0] Processing instruction [sn:660] with PC (0x401043=>0x401045).(1=>2).
 180000: system.cpu.rename: [tid:0] Looking up integer arch reg 17, got phys reg 83 (integer)
 180000: system.cpu.rename: [tid:0] Register 83 (flat: 83) (integer) is not ready.
 180000: system.cpu.rename: [tid:0] Looking up integer arch reg 0, got phys reg 45 (integer)
 180000: system.cpu.rename: [tid:0] Register 45 (flat: 45) (integer) is ready.
 180000: global: [sn:660] has 1 ready out of 8 sources. RTI 0)
 180000: system.cpu.rename: [tid:0] Looking up integer arch reg 17, got phys reg 83 (integer)
 180000: system.cpu.rename: [tid:0] Register 83 (flat: 83) (integer) is not ready.
 180000: system.cpu.rename: [tid:0] Looking up invalid arch reg 0, got phys reg 4294967295 (invalid)
 180000: system.cpu.rename: [tid:0] Register 4294967295 (flat: 4294967295) (invalid) is ready.
 180000: global: [sn:660] has 2 ready out of 8 sources. RTI 0)
 180000: system.cpu.rename: [tid:0] Looking up invalid arch reg 0, got phys reg 4294967295 (invalid)
 180000: system.cpu.rename: [tid:0] Register 4294967295 (flat: 4294967295) (invalid) is ready.
 180000: global: [sn:660] has 3 ready out of 8 sources. RTI 0)
 180000: system.cpu.rename: [tid:0] Looking up invalid arch reg 0, got phys reg 4294967295 (invalid)
 180000: system.cpu.rename: [tid:0] Register 4294967295 (flat: 4294967295) (invalid) is ready.
 180000: global: [sn:660] has 4 ready out of 8 sources. RTI 0)
 180000: system.cpu.rename: [tid:0] Looking up invalid arch reg 0, got phys reg 4294967295 (invalid)
 180000: system.cpu.rename: [tid:0] Register 4294967295 (flat: 4294967295) (invalid) is ready.
 180000: global: [sn:660] has 5 ready out of 8 sources. RTI 0)
 180000: system.cpu.rename: [tid:0] Looking up invalid arch reg 0, got phys reg 4294967295 (invalid)
 180000: system.cpu.rename: [tid:0] Register 4294967295 (flat: 4294967295) (invalid) is ready.
 180000: global: [sn:660] has 6 ready out of 8 sources. RTI 0)
 180000: global: Renamed reg t1 to physical reg 84 (84) old mapping was 83 (83)
 180000: system.cpu.rename: [tid:0] Renaming arch reg 17 (integer) to physical reg 84 (84).
 180000: system.cpu.rename: [tid:0] [sn:660] Adding instruction to history buffer (size=143).
 180000: global: Renamed reg condition_code[0] to physical reg 4773 (4773) old mapping was 4771 (4771)
 180000: system.cpu.rename: [tid:0] Renaming arch reg 0 (condition_code) to physical reg 47 (4773).
 180000: system.cpu.rename: [tid:0] [sn:660] Adding instruction to history buffer (size=144).
 180000: global: Renamed reg condition_code[1] to physical reg 4774 (4774) old mapping was 4772 (4772)
 180000: system.cpu.rename: [tid:0] Renaming arch reg 1 (condition_code) to physical reg 48 (4774).
 180000: system.cpu.rename: [tid:0] [sn:660] Adding instruction to history buffer (size=145).
 180000: system.cpu.rename: [tid:0] Renaming arch reg 0 (invalid) to physical reg 4294967295 (4294967295).
 180000: system.cpu.rename: [tid:0] [sn:660] Adding instruction to history buffer (size=146).
 180000: system.cpu.rename: [tid:0] Renaming arch reg 0 (invalid) to physical reg 4294967295 (4294967295).
 180000: system.cpu.rename: [tid:0] [sn:660] Adding instruction to history buffer (size=147).
 180000: system.cpu.rename: [tid:0] Renaming arch reg 0 (invalid) to physical reg 4294967295 (4294967295).
 180000: system.cpu.rename: [tid:0] [sn:660] Adding instruction to history buffer (size=148).
 180000: system.cpu.rename: calcFreeSQEntries: free sqEntries: 55, storesInProgress: 2, stores dispatchedToSQ: 0
 180000: system.cpu.rename: [tid:0] Processing instruction [sn:670] with PC (0x401043=>0x401045).(2=>3).
 180000: system.cpu.rename: [tid:0] Looking up invalid arch reg 0, got phys reg 4294967295 (invalid)
 180000: system.cpu.rename: [tid:0] Register 4294967295 (flat: 4294967295) (invalid) is ready.
 180000: global: [sn:670] has 1 ready out of 4 sources. RTI 0)
 180000: system.cpu.rename: [tid:0] Looking up integer arch reg 0, got phys reg 45 (integer)
 180000: system.cpu.rename: [tid:0] Register 45 (flat: 45) (integer) is ready.
 180000: global: [sn:670] has 2 ready out of 4 sources. RTI 0)
 180000: system.cpu.rename: [tid:0] Looking up integer arch reg 17, got phys reg 84 (integer)
 180000: system.cpu.rename: [tid:0] Register 84 (flat: 84) (integer) is not ready.
 180000: system.cpu.rename: [tid:0] Looking up miscellaneous arch reg 155, got phys reg 155 (miscellaneous)
 180000: system.cpu.rename: [tid:0] Register 155 (flat: 0) (miscellaneous) is ready.
 180000: global: [sn:670] has 3 ready out of 4 sources. RTI 0)
 180000: system.cpu.rename: calcFreeLQEntries: free lqEntries: 115, loadsInProgress: 3, loads dispatchedToLQ: 0
 180000: system.cpu.rename: [tid:0] Processing instruction [sn:680] with PC (0x401045=>0x401047).(0=>1).
 180000: system.cpu.rename: [tid:0] Looking up invalid arch reg 0, got phys reg 4294967295 (invalid)
 180000: system.cpu.rename: [tid:0] Register 4294967295 (flat: 4294967295) (invalid) is ready.
 180000: global: [sn:680] has 1 ready out of 4 sources. RTI 0)
 180000: system.cpu.rename: [tid:0] Looking up integer arch reg 0, got phys reg 45 (integer)
 180000: system.cpu.rename: [tid:0] Register 45 (flat: 45) (integer) is ready.
 180000: global: [sn:680] has 2 ready out of 4 sources. RTI 0)
 180000: system.cpu.rename: [tid:0] Looking up integer arch reg 17, got phys reg 84 (integer)
 180000: system.cpu.rename: [tid:0] Register 84 (flat: 84) (integer) is not ready.
 180000: system.cpu.rename: [tid:0] Looking up miscellaneous arch reg 155, got phys reg 155 (miscellaneous)
 180000: system.cpu.rename: [tid:0] Register 155 (flat: 0) (miscellaneous) is ready.
 180000: global: [sn:680] has 3 ready out of 4 sources. RTI 0)
 180000: global: Renamed reg t1 to physical reg 85 (85) old mapping was 84 (84)
 180000: system.cpu.rename: [tid:0] Renaming arch reg 17 (integer) to physical reg 85 (85).
 180000: system.cpu.rename: [tid:0] [sn:680] Adding instruction to history buffer (size=149).
 180000: system.cpu.rename: Activity this cycle.
 180000: system.cpu.iew: Issue: Processing [tid:0]
 180000: system.cpu.iew: [tid:0] Not blocked, so attempting to run dispatch.
 180000: system.cpu.iq: Attempting to schedule ready instructions from the IQ.
 180000: system.cpu.iq: Not able to schedule any instructions.
 180000: system.cpu.iew.lsq: [tid:0] Writing back stores. 1 stores available for Writeback.
 180000: system.cpu.iew: Processing [tid:0]
 180000: system.cpu.iew: [tid:0], Dispatch dispatched 0 instructions.
 180000: system.cpu.iew.lsq.thread0: SQ size: 72, #stores occupied: 17
 180000: system.cpu.iew.lsq.thread0: LQ size: 132, #loads occupied: 17
 180000: system.cpu.iew: IQ has 510 free entries (Can schedule: 0).  LQ has 115 free entries. SQ has 55 free entries.
 180000: system.cpu.commit: Getting instructions from Rename stage.
 180000: system.cpu.commit: Trying to commit instructions in the ROB.
 180000: system.cpu.commit: [tid:0] Can't commit, Instruction [sn:50] PC (0x40100b=>0x40100f).(0=>1) is head of ROB and not ready
 180000: system.cpu.commit: [tid:0] ROB has 54 insts & 864 free entries.
 180000: system.cpu: Scheduling next tick!
 181000: system.cpu: 

O3CPU: Ticking main, O3CPU.
 181000: system.cpu.fetch: Running stage.
 181000: system.cpu.fetch: Attempting to fetch from [tid:0]
 181000: system.cpu.fetch: [tid:0] Adding instructions to queue to decode.
 181000: system.cpu.decoder: Decode: Decoded add instruction: 
{
	leg = 0,
	rex = 0,
	vex/xop = 0,
	op = {
		type = one byte,
		op = 0,
		},
	modRM = 0,
	sib = 0,
	immediate = 0,
	displacement = 0
	dispSize = 0}

 181000: global: DynInst: [sn:890] Instruction created. Instcount for system.cpu = 86
 181000: system.cpu.fetch: [tid:0] Instruction PC (0x401053=>0x401055).(0=>1) created [sn:890].
 181000: system.cpu.fetch: [tid:0] Instruction is:   ADD_M_R : ldst   t1b, DS:[rax]
 181000: system.cpu.fetch: [tid:0] Fetch queue entry created (1/128).
 181000: global: DynInst: [sn:900] Instruction created. Instcount for system.cpu = 87
 181000: system.cpu.fetch: [tid:0] Instruction PC (0x401053=>0x401055).(1=>2) created [sn:900].
 181000: system.cpu.fetch: [tid:0] Instruction is:   ADD_M_R : add   t1b, t1b, al
 181000: system.cpu.fetch: [tid:0] Fetch queue entry created (2/128).
 181000: global: DynInst: [sn:910] Instruction created. Instcount for system.cpu = 88
 181000: system.cpu.fetch: [tid:0] Instruction PC (0x401053=>0x401055).(2=>3) created [sn:910].
 181000: system.cpu.fetch: [tid:0] Instruction is:   ADD_M_R : st   t1b, DS:[rax]
 181000: system.cpu.fetch: [tid:0] Fetch queue entry created (3/128).
 181000: system.cpu.decoder: Decode: Decoded add instruction: 
{
	leg = 0,
	rex = 0,
	vex/xop = 0,
	op = {
		type = one byte,
		op = 0,
		},
	modRM = 0,
	sib = 0,
	immediate = 0,
	displacement = 0
	dispSize = 0}

 181000: global: DynInst: [sn:920] Instruction created. Instcount for system.cpu = 89
 181000: system.cpu.fetch: [tid:0] Instruction PC (0x401055=>0x401057).(0=>1) created [sn:920].
 181000: system.cpu.fetch: [tid:0] Instruction is:   ADD_M_R : ldst   t1b, DS:[rax]
 181000: system.cpu.fetch: [tid:0] Fetch queue entry created (4/128).
 181000: global: DynInst: [sn:930] Instruction created. Instcount for system.cpu = 90
 181000: system.cpu.fetch: [tid:0] Instruction PC (0x401055=>0x401057).(1=>2) created [sn:930].
 181000: system.cpu.fetch: [tid:0] Instruction is:   ADD_M_R : add   t1b, t1b, al
 181000: system.cpu.fetch: [tid:0] Fetch queue entry created (5/128).
 181000: global: DynInst: [sn:940] Instruction created. Instcount for system.cpu = 91
 181000: system.cpu.fetch: [tid:0] Instruction PC (0x401055=>0x401057).(2=>3) created [sn:940].
 181000: system.cpu.fetch: [tid:0] Instruction is:   ADD_M_R : st   t1b, DS:[rax]
 181000: system.cpu.fetch: [tid:0] Fetch queue entry created (6/128).
 181000: system.cpu.decoder: Decode: Decoded add instruction: 
{
	leg = 0,
	rex = 0,
	vex/xop = 0,
	op = {
		type = one byte,
		op = 0,
		},
	modRM = 0,
	sib = 0,
	immediate = 0,
	displacement = 0
	dispSize = 0}

 181000: global: DynInst: [sn:950] Instruction created. Instcount for system.cpu = 92
 181000: system.cpu.fetch: [tid:0] Instruction PC (0x401057=>0x401059).(0=>1) created [sn:950].
 181000: system.cpu.fetch: [tid:0] Instruction is:   ADD_M_R : ldst   t1b, DS:[rax]
 181000: system.cpu.fetch: [tid:0] Fetch queue entry created (7/128).
 181000: global: DynInst: [sn:960] Instruction created. Instcount for system.cpu = 93
 181000: system.cpu.fetch: [tid:0] Instruction PC (0x401057=>0x401059).(1=>2) created [sn:960].
 181000: system.cpu.fetch: [tid:0] Instruction is:   ADD_M_R : add   t1b, t1b, al
 181000: system.cpu.fetch: [tid:0] Fetch queue entry created (8/128).
 181000: global: DynInst: [sn:970] Instruction created. Instcount for system.cpu = 94
 181000: system.cpu.fetch: [tid:0] Instruction PC (0x401057=>0x401059).(2=>3) created [sn:970].
 181000: system.cpu.fetch: [tid:0] Instruction is:   ADD_M_R : st   t1b, DS:[rax]
 181000: system.cpu.fetch: [tid:0] Fetch queue entry created (9/128).
 181000: system.cpu.decoder: Decode: Decoded add instruction: 
{
	leg = 0,
	rex = 0,
	vex/xop = 0,
	op = {
		type = one byte,
		op = 0,
		},
	modRM = 0,
	sib = 0,
	immediate = 0,
	displacement = 0
	dispSize = 0}

 181000: global: DynInst: [sn:980] Instruction created. Instcount for system.cpu = 95
 181000: system.cpu.fetch: [tid:0] Instruction PC (0x401059=>0x40105b).(0=>1) created [sn:980].
 181000: system.cpu.fetch: [tid:0] Instruction is:   ADD_M_R : ldst   t1b, DS:[rax]
 181000: system.cpu.fetch: [tid:0] Fetch queue entry created (10/128).
 181000: system.cpu.fetch: [tid:0] Done fetching, reached fetch bandwidth for this cycle.
 181000: system.cpu.fetch: [tid:0] [sn:890] Sending instruction to decode from fetch queue. Fetch queue size: 10.
 181000: system.cpu.fetch: [tid:0] [sn:900] Sending instruction to decode from fetch queue. Fetch queue size: 9.
 181000: system.cpu.fetch: [tid:0] [sn:910] Sending instruction to decode from fetch queue. Fetch queue size: 8.
 181000: system.cpu.fetch: [tid:0] [sn:920] Sending instruction to decode from fetch queue. Fetch queue size: 7.
 181000: system.cpu.fetch: [tid:0] [sn:930] Sending instruction to decode from fetch queue. Fetch queue size: 6.
 181000: system.cpu.fetch: [tid:0] [sn:940] Sending instruction to decode from fetch queue. Fetch queue size: 5.
 181000: system.cpu.fetch: [tid:0] [sn:950] Sending instruction to decode from fetch queue. Fetch queue size: 4.
 181000: system.cpu.fetch: [tid:0] [sn:960] Sending instruction to decode from fetch queue. Fetch queue size: 3.
 181000: system.cpu.fetch: [tid:0] [sn:970] Sending instruction to decode from fetch queue. Fetch queue size: 2.
 181000: system.cpu.fetch: [tid:0] [sn:980] Sending instruction to decode from fetch queue. Fetch queue size: 1.
 181000: system.cpu.fetch: Activity this cycle.
 181000: system.cpu: Activity: 5
 181000: system.cpu.decode: Processing [tid:0]
 181000: system.cpu.decode: [tid:0] Not blocked, so attempting to run stage.
 181000: system.cpu.decode: [tid:0] Sending instruction to rename.
 181000: system.cpu.decode: [tid:0] Processing instruction [sn:790] with PC (0x40104b=>0x40104d).(2=>3)
 181000: system.cpu.decode: [tid:0] Processing instruction [sn:800] with PC (0x40104d=>0x40104f).(0=>1)
 181000: system.cpu.decode: [tid:0] Processing instruction [sn:810] with PC (0x40104d=>0x40104f).(1=>2)
 181000: system.cpu.decode: [tid:0] Processing instruction [sn:820] with PC (0x40104d=>0x40104f).(2=>3)
 181000: system.cpu.decode: [tid:0] Processing instruction [sn:830] with PC (0x40104f=>0x401051).(0=>1)
 181000: system.cpu.decode: [tid:0] Processing instruction [sn:840] with PC (0x40104f=>0x401051).(1=>2)
 181000: system.cpu.decode: [tid:0] Processing instruction [sn:850] with PC (0x40104f=>0x401051).(2=>3)
 181000: system.cpu.decode: [tid:0] Processing instruction [sn:860] with PC (0x401051=>0x401053).(0=>1)
 181000: system.cpu.decode: [tid:0] Processing instruction [sn:870] with PC (0x401051=>0x401053).(1=>2)
 181000: system.cpu.decode: [tid:0] Processing instruction [sn:880] with PC (0x401051=>0x401053).(2=>3)
 181000: system.cpu.decode: Activity this cycle.
 181000: system.cpu.rename: Processing [tid:0]
 181000: system.cpu.rename: [tid:0] Free IQ: 510, Free ROB: 864, Free LQ: 115, Free SQ: 55, FreeRM 127(835 870 917 1834 127 8 4543)
 181000: system.cpu.rename: [tid:0] 10 instructions not yet in ROB
 181000: system.cpu.rename: calcFreeLQEntries: free lqEntries: 115, loadsInProgress: 4, loads dispatchedToLQ: 0
 181000: system.cpu.rename: [tid:0] Not blocked, so attempting to run stage.
 181000: system.cpu.rename: [tid:0] 10 available instructions to send iew.
 181000: system.cpu.rename: [tid:0] 10 insts pipelining from Rename | 0 insts dispatched to IQ last cycle.
 181000: system.cpu.rename: [tid:0] Sending instructions to IEW.
 181000: system.cpu.rename: [tid:0] Processing instruction [sn:690] with PC (0x401045=>0x401047).(1=>2).
 181000: system.cpu.rename: [tid:0] Looking up integer arch reg 17, got phys reg 85 (integer)
 181000: system.cpu.rename: [tid:0] Register 85 (flat: 85) (integer) is not ready.
 181000: system.cpu.rename: [tid:0] Looking up integer arch reg 0, got phys reg 45 (integer)
 181000: system.cpu.rename: [tid:0] Register 45 (flat: 45) (integer) is ready.
 181000: global: [sn:690] has 1 ready out of 8 sources. RTI 0)
 181000: system.cpu.rename: [tid:0] Looking up integer arch reg 17, got phys reg 85 (integer)
 181000: system.cpu.rename: [tid:0] Register 85 (flat: 85) (integer) is not ready.
 181000: system.cpu.rename: [tid:0] Looking up invalid arch reg 0, got phys reg 4294967295 (invalid)
 181000: system.cpu.rename: [tid:0] Register 4294967295 (flat: 4294967295) (invalid) is ready.
 181000: global: [sn:690] has 2 ready out of 8 sources. RTI 0)
 181000: system.cpu.rename: [tid:0] Looking up invalid arch reg 0, got phys reg 4294967295 (invalid)
 181000: system.cpu.rename: [tid:0] Register 4294967295 (flat: 4294967295) (invalid) is ready.
 181000: global: [sn:690] has 3 ready out of 8 sources. RTI 0)
 181000: system.cpu.rename: [tid:0] Looking up invalid arch reg 0, got phys reg 4294967295 (invalid)
 181000: system.cpu.rename: [tid:0] Register 4294967295 (flat: 4294967295) (invalid) is ready.
 181000: global: [sn:690] has 4 ready out of 8 sources. RTI 0)
 181000: system.cpu.rename: [tid:0] Looking up invalid arch reg 0, got phys reg 4294967295 (invalid)
 181000: system.cpu.rename: [tid:0] Register 4294967295 (flat: 4294967295) (invalid) is ready.
 181000: global: [sn:690] has 5 ready out of 8 sources. RTI 0)
 181000: system.cpu.rename: [tid:0] Looking up invalid arch reg 0, got phys reg 4294967295 (invalid)
 181000: system.cpu.rename: [tid:0] Register 4294967295 (flat: 4294967295) (invalid) is ready.
 181000: global: [sn:690] has 6 ready out of 8 sources. RTI 0)
 181000: global: Renamed reg t1 to physical reg 86 (86) old mapping was 85 (85)
 181000: system.cpu.rename: [tid:0] Renaming arch reg 17 (integer) to physical reg 86 (86).
 181000: system.cpu.rename: [tid:0] [sn:690] Adding instruction to history buffer (size=150).
 181000: global: Renamed reg condition_code[0] to physical reg 4775 (4775) old mapping was 4773 (4773)
 181000: system.cpu.rename: [tid:0] Renaming arch reg 0 (condition_code) to physical reg 49 (4775).
 181000: system.cpu.rename: [tid:0] [sn:690] Adding instruction to history buffer (size=151).
 181000: global: Renamed reg condition_code[1] to physical reg 4776 (4776) old mapping was 4774 (4774)
 181000: system.cpu.rename: [tid:0] Renaming arch reg 1 (condition_code) to physical reg 50 (4776).
 181000: system.cpu.rename: [tid:0] [sn:690] Adding instruction to history buffer (size=152).
 181000: system.cpu.rename: [tid:0] Renaming arch reg 0 (invalid) to physical reg 4294967295 (4294967295).
 181000: system.cpu.rename: [tid:0] [sn:690] Adding instruction to history buffer (size=153).
 181000: system.cpu.rename: [tid:0] Renaming arch reg 0 (invalid) to physical reg 4294967295 (4294967295).
 181000: system.cpu.rename: [tid:0] [sn:690] Adding instruction to history buffer (size=154).
 181000: system.cpu.rename: [tid:0] Renaming arch reg 0 (invalid) to physical reg 4294967295 (4294967295).
 181000: system.cpu.rename: [tid:0] [sn:690] Adding instruction to history buffer (size=155).
 181000: system.cpu.rename: calcFreeSQEntries: free sqEntries: 55, storesInProgress: 3, stores dispatchedToSQ: 0
 181000: system.cpu.rename: [tid:0] Processing instruction [sn:700] with PC (0x401045=>0x401047).(2=>3).
 181000: system.cpu.rename: [tid:0] Looking up invalid arch reg 0, got phys reg 4294967295 (invalid)
 181000: system.cpu.rename: [tid:0] Register 4294967295 (flat: 4294967295) (invalid) is ready.
 181000: global: [sn:700] has 1 ready out of 4 sources. RTI 0)
 181000: system.cpu.rename: [tid:0] Looking up integer arch reg 0, got phys reg 45 (integer)
 181000: system.cpu.rename: [tid:0] Register 45 (flat: 45) (integer) is ready.
 181000: global: [sn:700] has 2 ready out of 4 sources. RTI 0)
 181000: system.cpu.rename: [tid:0] Looking up integer arch reg 17, got phys reg 86 (integer)
 181000: system.cpu.rename: [tid:0] Register 86 (flat: 86) (integer) is not ready.
 181000: system.cpu.rename: [tid:0] Looking up miscellaneous arch reg 155, got phys reg 155 (miscellaneous)
 181000: system.cpu.rename: [tid:0] Register 155 (flat: 0) (miscellaneous) is ready.
 181000: global: [sn:700] has 3 ready out of 4 sources. RTI 0)
 181000: system.cpu.rename: calcFreeLQEntries: free lqEntries: 115, loadsInProgress: 4, loads dispatchedToLQ: 0
 181000: system.cpu.rename: [tid:0] Processing instruction [sn:710] with PC (0x401047=>0x401049).(0=>1).
 181000: system.cpu.rename: [tid:0] Looking up invalid arch reg 0, got phys reg 4294967295 (invalid)
 181000: system.cpu.rename: [tid:0] Register 4294967295 (flat: 4294967295) (invalid) is ready.
 181000: global: [sn:710] has 1 ready out of 4 sources. RTI 0)
 181000: system.cpu.rename: [tid:0] Looking up integer arch reg 0, got phys reg 45 (integer)
 181000: system.cpu.rename: [tid:0] Register 45 (flat: 45) (integer) is ready.
 181000: global: [sn:710] has 2 ready out of 4 sources. RTI 0)
 181000: system.cpu.rename: [tid:0] Looking up integer arch reg 17, got phys reg 86 (integer)
 181000: system.cpu.rename: [tid:0] Register 86 (flat: 86) (integer) is not ready.
 181000: system.cpu.rename: [tid:0] Looking up miscellaneous arch reg 155, got phys reg 155 (miscellaneous)
 181000: system.cpu.rename: [tid:0] Register 155 (flat: 0) (miscellaneous) is ready.
 181000: global: [sn:710] has 3 ready out of 4 sources. RTI 0)
 181000: global: Renamed reg t1 to physical reg 87 (87) old mapping was 86 (86)
 181000: system.cpu.rename: [tid:0] Renaming arch reg 17 (integer) to physical reg 87 (87).
 181000: system.cpu.rename: [tid:0] [sn:710] Adding instruction to history buffer (size=156).
 181000: system.cpu.rename: [tid:0] Processing instruction [sn:720] with PC (0x401047=>0x401049).(1=>2).
 181000: system.cpu.rename: [tid:0] Looking up integer arch reg 17, got phys reg 87 (integer)
 181000: system.cpu.rename: [tid:0] Register 87 (flat: 87) (integer) is not ready.
 181000: system.cpu.rename: [tid:0] Looking up integer arch reg 0, got phys reg 45 (integer)
 181000: system.cpu.rename: [tid:0] Register 45 (flat: 45) (integer) is ready.
 181000: global: [sn:720] has 1 ready out of 8 sources. RTI 0)
 181000: system.cpu.rename: [tid:0] Looking up integer arch reg 17, got phys reg 87 (integer)
 181000: system.cpu.rename: [tid:0] Register 87 (flat: 87) (integer) is not ready.
 181000: system.cpu.rename: [tid:0] Looking up invalid arch reg 0, got phys reg 4294967295 (invalid)
 181000: system.cpu.rename: [tid:0] Register 4294967295 (flat: 4294967295) (invalid) is ready.
 181000: global: [sn:720] has 2 ready out of 8 sources. RTI 0)
 181000: system.cpu.rename: [tid:0] Looking up invalid arch reg 0, got phys reg 4294967295 (invalid)
 181000: system.cpu.rename: [tid:0] Register 4294967295 (flat: 4294967295) (invalid) is ready.
 181000: global: [sn:720] has 3 ready out of 8 sources. RTI 0)
 181000: system.cpu.rename: [tid:0] Looking up invalid arch reg 0, got phys reg 4294967295 (invalid)
 181000: system.cpu.rename: [tid:0] Register 4294967295 (flat: 4294967295) (invalid) is ready.
 181000: global: [sn:720] has 4 ready out of 8 sources. RTI 0)
 181000: system.cpu.rename: [tid:0] Looking up invalid arch reg 0, got phys reg 4294967295 (invalid)
 181000: system.cpu.rename: [tid:0] Register 4294967295 (flat: 4294967295) (invalid) is ready.
 181000: global: [sn:720] has 5 ready out of 8 sources. RTI 0)
 181000: system.cpu.rename: [tid:0] Looking up invalid arch reg 0, got phys reg 4294967295 (invalid)
 181000: system.cpu.rename: [tid:0] Register 4294967295 (flat: 4294967295) (invalid) is ready.
 181000: global: [sn:720] has 6 ready out of 8 sources. RTI 0)
 181000: global: Renamed reg t1 to physical reg 88 (88) old mapping was 87 (87)
 181000: system.cpu.rename: [tid:0] Renaming arch reg 17 (integer) to physical reg 88 (88).
 181000: system.cpu.rename: [tid:0] [sn:720] Adding instruction to history buffer (size=157).
 181000: global: Renamed reg condition_code[0] to physical reg 4777 (4777) old mapping was 4775 (4775)
 181000: system.cpu.rename: [tid:0] Renaming arch reg 0 (condition_code) to physical reg 51 (4777).
 181000: system.cpu.rename: [tid:0] [sn:720] Adding instruction to history buffer (size=158).
 181000: global: Renamed reg condition_code[1] to physical reg 4778 (4778) old mapping was 4776 (4776)
 181000: system.cpu.rename: [tid:0] Renaming arch reg 1 (condition_code) to physical reg 52 (4778).
 181000: system.cpu.rename: [tid:0] [sn:720] Adding instruction to history buffer (size=159).
 181000: system.cpu.rename: [tid:0] Renaming arch reg 0 (invalid) to physical reg 4294967295 (4294967295).
 181000: system.cpu.rename: [tid:0] [sn:720] Adding instruction to history buffer (size=160).
 181000: system.cpu.rename: [tid:0] Renaming arch reg 0 (invalid) to physical reg 4294967295 (4294967295).
 181000: system.cpu.rename: [tid:0] [sn:720] Adding instruction to history buffer (size=161).
 181000: system.cpu.rename: [tid:0] Renaming arch reg 0 (invalid) to physical reg 4294967295 (4294967295).
 181000: system.cpu.rename: [tid:0] [sn:720] Adding instruction to history buffer (size=162).
 181000: system.cpu.rename: calcFreeSQEntries: free sqEntries: 55, storesInProgress: 4, stores dispatchedToSQ: 0
 181000: system.cpu.rename: [tid:0] Processing instruction [sn:730] with PC (0x401047=>0x401049).(2=>3).
 181000: system.cpu.rename: [tid:0] Looking up invalid arch reg 0, got phys reg 4294967295 (invalid)
 181000: system.cpu.rename: [tid:0] Register 4294967295 (flat: 4294967295) (invalid) is ready.
 181000: global: [sn:730] has 1 ready out of 4 sources. RTI 0)
 181000: system.cpu.rename: [tid:0] Looking up integer arch reg 0, got phys reg 45 (integer)
 181000: system.cpu.rename: [tid:0] Register 45 (flat: 45) (integer) is ready.
 181000: global: [sn:730] has 2 ready out of 4 sources. RTI 0)
 181000: system.cpu.rename: [tid:0] Looking up integer arch reg 17, got phys reg 88 (integer)
 181000: system.cpu.rename: [tid:0] Register 88 (flat: 88) (integer) is not ready.
 181000: system.cpu.rename: [tid:0] Looking up miscellaneous arch reg 155, got phys reg 155 (miscellaneous)
 181000: system.cpu.rename: [tid:0] Register 155 (flat: 0) (miscellaneous) is ready.
 181000: global: [sn:730] has 3 ready out of 4 sources. RTI 0)
 181000: system.cpu.rename: calcFreeLQEntries: free lqEntries: 115, loadsInProgress: 5, loads dispatchedToLQ: 0
 181000: system.cpu.rename: [tid:0] Processing instruction [sn:740] with PC (0x401049=>0x40104b).(0=>1).
 181000: system.cpu.rename: [tid:0] Looking up invalid arch reg 0, got phys reg 4294967295 (invalid)
 181000: system.cpu.rename: [tid:0] Register 4294967295 (flat: 4294967295) (invalid) is ready.
 181000: global: [sn:740] has 1 ready out of 4 sources. RTI 0)
 181000: system.cpu.rename: [tid:0] Looking up integer arch reg 0, got phys reg 45 (integer)
 181000: system.cpu.rename: [tid:0] Register 45 (flat: 45) (integer) is ready.
 181000: global: [sn:740] has 2 ready out of 4 sources. RTI 0)
 181000: system.cpu.rename: [tid:0] Looking up integer arch reg 17, got phys reg 88 (integer)
 181000: system.cpu.rename: [tid:0] Register 88 (flat: 88) (integer) is not ready.
 181000: system.cpu.rename: [tid:0] Looking up miscellaneous arch reg 155, got phys reg 155 (miscellaneous)
 181000: system.cpu.rename: [tid:0] Register 155 (flat: 0) (miscellaneous) is ready.
 181000: global: [sn:740] has 3 ready out of 4 sources. RTI 0)
 181000: global: Renamed reg t1 to physical reg 89 (89) old mapping was 88 (88)
 181000: system.cpu.rename: [tid:0] Renaming arch reg 17 (integer) to physical reg 89 (89).
 181000: system.cpu.rename: [tid:0] [sn:740] Adding instruction to history buffer (size=163).
 181000: system.cpu.rename: [tid:0] Processing instruction [sn:750] with PC (0x401049=>0x40104b).(1=>2).
 181000: system.cpu.rename: [tid:0] Looking up integer arch reg 17, got phys reg 89 (integer)
 181000: system.cpu.rename: [tid:0] Register 89 (flat: 89) (integer) is not ready.
 181000: system.cpu.rename: [tid:0] Looking up integer arch reg 0, got phys reg 45 (integer)
 181000: system.cpu.rename: [tid:0] Register 45 (flat: 45) (integer) is ready.
 181000: global: [sn:750] has 1 ready out of 8 sources. RTI 0)
 181000: system.cpu.rename: [tid:0] Looking up integer arch reg 17, got phys reg 89 (integer)
 181000: system.cpu.rename: [tid:0] Register 89 (flat: 89) (integer) is not ready.
 181000: system.cpu.rename: [tid:0] Looking up invalid arch reg 0, got phys reg 4294967295 (invalid)
 181000: system.cpu.rename: [tid:0] Register 4294967295 (flat: 4294967295) (invalid) is ready.
 181000: global: [sn:750] has 2 ready out of 8 sources. RTI 0)
 181000: system.cpu.rename: [tid:0] Looking up invalid arch reg 0, got phys reg 4294967295 (invalid)
 181000: system.cpu.rename: [tid:0] Register 4294967295 (flat: 4294967295) (invalid) is ready.
 181000: global: [sn:750] has 3 ready out of 8 sources. RTI 0)
 181000: system.cpu.rename: [tid:0] Looking up invalid arch reg 0, got phys reg 4294967295 (invalid)
 181000: system.cpu.rename: [tid:0] Register 4294967295 (flat: 4294967295) (invalid) is ready.
 181000: global: [sn:750] has 4 ready out of 8 sources. RTI 0)
 181000: system.cpu.rename: [tid:0] Looking up invalid arch reg 0, got phys reg 4294967295 (invalid)
 181000: system.cpu.rename: [tid:0] Register 4294967295 (flat: 4294967295) (invalid) is ready.
 181000: global: [sn:750] has 5 ready out of 8 sources. RTI 0)
 181000: system.cpu.rename: [tid:0] Looking up invalid arch reg 0, got phys reg 4294967295 (invalid)
 181000: system.cpu.rename: [tid:0] Register 4294967295 (flat: 4294967295) (invalid) is ready.
 181000: global: [sn:750] has 6 ready out of 8 sources. RTI 0)
 181000: global: Renamed reg t1 to physical reg 90 (90) old mapping was 89 (89)
 181000: system.cpu.rename: [tid:0] Renaming arch reg 17 (integer) to physical reg 90 (90).
 181000: system.cpu.rename: [tid:0] [sn:750] Adding instruction to history buffer (size=164).
 181000: global: Renamed reg condition_code[0] to physical reg 4779 (4779) old mapping was 4777 (4777)
 181000: system.cpu.rename: [tid:0] Renaming arch reg 0 (condition_code) to physical reg 53 (4779).
 181000: system.cpu.rename: [tid:0] [sn:750] Adding instruction to history buffer (size=165).
 181000: global: Renamed reg condition_code[1] to physical reg 4780 (4780) old mapping was 4778 (4778)
 181000: system.cpu.rename: [tid:0] Renaming arch reg 1 (condition_code) to physical reg 54 (4780).
 181000: system.cpu.rename: [tid:0] [sn:750] Adding instruction to history buffer (size=166).
 181000: system.cpu.rename: [tid:0] Renaming arch reg 0 (invalid) to physical reg 4294967295 (4294967295).
 181000: system.cpu.rename: [tid:0] [sn:750] Adding instruction to history buffer (size=167).
 181000: system.cpu.rename: [tid:0] Renaming arch reg 0 (invalid) to physical reg 4294967295 (4294967295).
 181000: system.cpu.rename: [tid:0] [sn:750] Adding instruction to history buffer (size=168).
 181000: system.cpu.rename: [tid:0] Renaming arch reg 0 (invalid) to physical reg 4294967295 (4294967295).
 181000: system.cpu.rename: [tid:0] [sn:750] Adding instruction to history buffer (size=169).
 181000: system.cpu.rename: calcFreeSQEntries: free sqEntries: 55, storesInProgress: 5, stores dispatchedToSQ: 0
 181000: system.cpu.rename: [tid:0] Processing instruction [sn:760] with PC (0x401049=>0x40104b).(2=>3).
 181000: system.cpu.rename: [tid:0] Looking up invalid arch reg 0, got phys reg 4294967295 (invalid)
 181000: system.cpu.rename: [tid:0] Register 4294967295 (flat: 4294967295) (invalid) is ready.
 181000: global: [sn:760] has 1 ready out of 4 sources. RTI 0)
 181000: system.cpu.rename: [tid:0] Looking up integer arch reg 0, got phys reg 45 (integer)
 181000: system.cpu.rename: [tid:0] Register 45 (flat: 45) (integer) is ready.
 181000: global: [sn:760] has 2 ready out of 4 sources. RTI 0)
 181000: system.cpu.rename: [tid:0] Looking up integer arch reg 17, got phys reg 90 (integer)
 181000: system.cpu.rename: [tid:0] Register 90 (flat: 90) (integer) is not ready.
 181000: system.cpu.rename: [tid:0] Looking up miscellaneous arch reg 155, got phys reg 155 (miscellaneous)
 181000: system.cpu.rename: [tid:0] Register 155 (flat: 0) (miscellaneous) is ready.
 181000: global: [sn:760] has 3 ready out of 4 sources. RTI 0)
 181000: system.cpu.rename: calcFreeLQEntries: free lqEntries: 115, loadsInProgress: 6, loads dispatchedToLQ: 0
 181000: system.cpu.rename: [tid:0] Processing instruction [sn:770] with PC (0x40104b=>0x40104d).(0=>1).
 181000: system.cpu.rename: [tid:0] Looking up invalid arch reg 0, got phys reg 4294967295 (invalid)
 181000: system.cpu.rename: [tid:0] Register 4294967295 (flat: 4294967295) (invalid) is ready.
 181000: global: [sn:770] has 1 ready out of 4 sources. RTI 0)
 181000: system.cpu.rename: [tid:0] Looking up integer arch reg 0, got phys reg 45 (integer)
 181000: system.cpu.rename: [tid:0] Register 45 (flat: 45) (integer) is ready.
 181000: global: [sn:770] has 2 ready out of 4 sources. RTI 0)
 181000: system.cpu.rename: [tid:0] Looking up integer arch reg 17, got phys reg 90 (integer)
 181000: system.cpu.rename: [tid:0] Register 90 (flat: 90) (integer) is not ready.
 181000: system.cpu.rename: [tid:0] Looking up miscellaneous arch reg 155, got phys reg 155 (miscellaneous)
 181000: system.cpu.rename: [tid:0] Register 155 (flat: 0) (miscellaneous) is ready.
 181000: global: [sn:770] has 3 ready out of 4 sources. RTI 0)
 181000: global: Renamed reg t1 to physical reg 91 (91) old mapping was 90 (90)
 181000: system.cpu.rename: [tid:0] Renaming arch reg 17 (integer) to physical reg 91 (91).
 181000: system.cpu.rename: [tid:0] [sn:770] Adding instruction to history buffer (size=170).
 181000: system.cpu.rename: [tid:0] Processing instruction [sn:780] with PC (0x40104b=>0x40104d).(1=>2).
 181000: system.cpu.rename: [tid:0] Looking up integer arch reg 17, got phys reg 91 (integer)
 181000: system.cpu.rename: [tid:0] Register 91 (flat: 91) (integer) is not ready.
 181000: system.cpu.rename: [tid:0] Looking up integer arch reg 0, got phys reg 45 (integer)
 181000: system.cpu.rename: [tid:0] Register 45 (flat: 45) (integer) is ready.
 181000: global: [sn:780] has 1 ready out of 8 sources. RTI 0)
 181000: system.cpu.rename: [tid:0] Looking up integer arch reg 17, got phys reg 91 (integer)
 181000: system.cpu.rename: [tid:0] Register 91 (flat: 91) (integer) is not ready.
 181000: system.cpu.rename: [tid:0] Looking up invalid arch reg 0, got phys reg 4294967295 (invalid)
 181000: system.cpu.rename: [tid:0] Register 4294967295 (flat: 4294967295) (invalid) is ready.
 181000: global: [sn:780] has 2 ready out of 8 sources. RTI 0)
 181000: system.cpu.rename: [tid:0] Looking up invalid arch reg 0, got phys reg 4294967295 (invalid)
 181000: system.cpu.rename: [tid:0] Register 4294967295 (flat: 4294967295) (invalid) is ready.
 181000: global: [sn:780] has 3 ready out of 8 sources. RTI 0)
 181000: system.cpu.rename: [tid:0] Looking up invalid arch reg 0, got phys reg 4294967295 (invalid)
 181000: system.cpu.rename: [tid:0] Register 4294967295 (flat: 4294967295) (invalid) is ready.
 181000: global: [sn:780] has 4 ready out of 8 sources. RTI 0)
 181000: system.cpu.rename: [tid:0] Looking up invalid arch reg 0, got phys reg 4294967295 (invalid)
 181000: system.cpu.rename: [tid:0] Register 4294967295 (flat: 4294967295) (invalid) is ready.
 181000: global: [sn:780] has 5 ready out of 8 sources. RTI 0)
 181000: system.cpu.rename: [tid:0] Looking up invalid arch reg 0, got phys reg 4294967295 (invalid)
 181000: system.cpu.rename: [tid:0] Register 4294967295 (flat: 4294967295) (invalid) is ready.
 181000: global: [sn:780] has 6 ready out of 8 sources. RTI 0)
 181000: global: Renamed reg t1 to physical reg 92 (92) old mapping was 91 (91)
 181000: system.cpu.rename: [tid:0] Renaming arch reg 17 (integer) to physical reg 92 (92).
 181000: system.cpu.rename: [tid:0] [sn:780] Adding instruction to history buffer (size=171).
 181000: global: Renamed reg condition_code[0] to physical reg 4781 (4781) old mapping was 4779 (4779)
 181000: system.cpu.rename: [tid:0] Renaming arch reg 0 (condition_code) to physical reg 55 (4781).
 181000: system.cpu.rename: [tid:0] [sn:780] Adding instruction to history buffer (size=172).
 181000: global: Renamed reg condition_code[1] to physical reg 4782 (4782) old mapping was 4780 (4780)
 181000: system.cpu.rename: [tid:0] Renaming arch reg 1 (condition_code) to physical reg 56 (4782).
 181000: system.cpu.rename: [tid:0] [sn:780] Adding instruction to history buffer (size=173).
 181000: system.cpu.rename: [tid:0] Renaming arch reg 0 (invalid) to physical reg 4294967295 (4294967295).
 181000: system.cpu.rename: [tid:0] [sn:780] Adding instruction to history buffer (size=174).
 181000: system.cpu.rename: [tid:0] Renaming arch reg 0 (invalid) to physical reg 4294967295 (4294967295).
 181000: system.cpu.rename: [tid:0] [sn:780] Adding instruction to history buffer (size=175).
 181000: system.cpu.rename: [tid:0] Renaming arch reg 0 (invalid) to physical reg 4294967295 (4294967295).
 181000: system.cpu.rename: [tid:0] [sn:780] Adding instruction to history buffer (size=176).
 181000: system.cpu.rename: Activity this cycle.
 181000: system.cpu.iew: Issue: Processing [tid:0]
 181000: system.cpu.iew: [tid:0] Not blocked, so attempting to run dispatch.
 181000: system.cpu.iq: Attempting to schedule ready instructions from the IQ.
 181000: system.cpu.iq: Not able to schedule any instructions.
 181000: system.cpu.iew.lsq: [tid:0] Writing back stores. 1 stores available for Writeback.
 181000: system.cpu.iew: Processing [tid:0]
 181000: system.cpu.iew: [tid:0], Dispatch dispatched 0 instructions.
 181000: system.cpu.iew.lsq.thread0: SQ size: 72, #stores occupied: 17
 181000: system.cpu.iew.lsq.thread0: LQ size: 132, #loads occupied: 17
 181000: system.cpu.iew: IQ has 510 free entries (Can schedule: 0).  LQ has 115 free entries. SQ has 55 free entries.
 181000: system.cpu.commit: Getting instructions from Rename stage.
 181000: system.cpu.commit: [tid:0] [sn:590] Inserting PC (0x40103f=>0x401041).(0=>1) into ROB.
 181000: system.cpu.rob: Adding inst PC (0x40103f=>0x401041).(0=>1) to the ROB.
 181000: system.cpu.rob: [tid:0] Now has 55 instructions.
 181000: system.cpu.commit: [tid:0] [sn:600] Inserting PC (0x40103f=>0x401041).(1=>2) into ROB.
 181000: system.cpu.rob: Adding inst PC (0x40103f=>0x401041).(1=>2) to the ROB.
 181000: system.cpu.rob: [tid:0] Now has 56 instructions.
 181000: system.cpu.commit: [tid:0] [sn:610] Inserting PC (0x40103f=>0x401041).(2=>3) into ROB.
 181000: system.cpu.rob: Adding inst PC (0x40103f=>0x401041).(2=>3) to the ROB.
 181000: system.cpu.rob: [tid:0] Now has 57 instructions.
 181000: system.cpu.commit: [tid:0] [sn:620] Inserting PC (0x401041=>0x401043).(0=>1) into ROB.
 181000: system.cpu.rob: Adding inst PC (0x401041=>0x401043).(0=>1) to the ROB.
 181000: system.cpu.rob: [tid:0] Now has 58 instructions.
 181000: system.cpu.commit: [tid:0] [sn:630] Inserting PC (0x401041=>0x401043).(1=>2) into ROB.
 181000: system.cpu.rob: Adding inst PC (0x401041=>0x401043).(1=>2) to the ROB.
 181000: system.cpu.rob: [tid:0] Now has 59 instructions.
 181000: system.cpu.commit: [tid:0] [sn:640] Inserting PC (0x401041=>0x401043).(2=>3) into ROB.
 181000: system.cpu.rob: Adding inst PC (0x401041=>0x401043).(2=>3) to the ROB.
 181000: system.cpu.rob: [tid:0] Now has 60 instructions.
 181000: system.cpu.commit: [tid:0] [sn:650] Inserting PC (0x401043=>0x401045).(0=>1) into ROB.
 181000: system.cpu.rob: Adding inst PC (0x401043=>0x401045).(0=>1) to the ROB.
 181000: system.cpu.rob: [tid:0] Now has 61 instructions.
 181000: system.cpu.commit: [tid:0] [sn:660] Inserting PC (0x401043=>0x401045).(1=>2) into ROB.
 181000: system.cpu.rob: Adding inst PC (0x401043=>0x401045).(1=>2) to the ROB.
 181000: system.cpu.rob: [tid:0] Now has 62 instructions.
 181000: system.cpu.commit: [tid:0] [sn:670] Inserting PC (0x401043=>0x401045).(2=>3) into ROB.
 181000: system.cpu.rob: Adding inst PC (0x401043=>0x401045).(2=>3) to the ROB.
 181000: system.cpu.rob: [tid:0] Now has 63 instructions.
 181000: system.cpu.commit: [tid:0] [sn:680] Inserting PC (0x401045=>0x401047).(0=>1) into ROB.
 181000: system.cpu.rob: Adding inst PC (0x401045=>0x401047).(0=>1) to the ROB.
 181000: system.cpu.rob: [tid:0] Now has 64 instructions.
 181000: system.cpu.commit: Trying to commit instructions in the ROB.
 181000: system.cpu.commit: [tid:0] Can't commit, Instruction [sn:50] PC (0x40100b=>0x40100f).(0=>1) is head of ROB and not ready
 181000: system.cpu.commit: [tid:0] ROB has 64 insts & 854 free entries.
 181000: system.cpu.commit: Activity This Cycle.
 181000: system.cpu: Scheduling next tick!
 182000: system.cpu: 

O3CPU: Ticking main, O3CPU.
 182000: system.cpu.fetch: Running stage.
 182000: system.cpu.fetch: Attempting to fetch from [tid:0]
 182000: system.cpu.fetch: [tid:0] Adding instructions to queue to decode.
 182000: global: DynInst: [sn:990] Instruction created. Instcount for system.cpu = 96
 182000: system.cpu.fetch: [tid:0] Instruction PC (0x401059=>0x40105b).(1=>2) created [sn:990].
 182000: system.cpu.fetch: [tid:0] Instruction is:   ADD_M_R : add   t1b, t1b, al
 182000: system.cpu.fetch: [tid:0] Fetch queue entry created (1/128).
 182000: global: DynInst: [sn:1000] Instruction created. Instcount for system.cpu = 97
 182000: system.cpu.fetch: [tid:0] Instruction PC (0x401059=>0x40105b).(2=>3) created [sn:1000].
 182000: system.cpu.fetch: [tid:0] Instruction is:   ADD_M_R : st   t1b, DS:[rax]
 182000: system.cpu.fetch: [tid:0] Fetch queue entry created (2/128).
 182000: system.cpu.decoder: Decode: Decoded add instruction: 
{
	leg = 0,
	rex = 0,
	vex/xop = 0,
	op = {
		type = one byte,
		op = 0,
		},
	modRM = 0,
	sib = 0,
	immediate = 0,
	displacement = 0
	dispSize = 0}

 182000: global: DynInst: [sn:1010] Instruction created. Instcount for system.cpu = 98
 182000: system.cpu.fetch: [tid:0] Instruction PC (0x40105b=>0x40105d).(0=>1) created [sn:1010].
 182000: system.cpu.fetch: [tid:0] Instruction is:   ADD_M_R : ldst   t1b, DS:[rax]
 182000: system.cpu.fetch: [tid:0] Fetch queue entry created (3/128).
 182000: global: DynInst: [sn:1020] Instruction created. Instcount for system.cpu = 99
 182000: system.cpu.fetch: [tid:0] Instruction PC (0x40105b=>0x40105d).(1=>2) created [sn:1020].
 182000: system.cpu.fetch: [tid:0] Instruction is:   ADD_M_R : add   t1b, t1b, al
 182000: system.cpu.fetch: [tid:0] Fetch queue entry created (4/128).
 182000: global: DynInst: [sn:1030] Instruction created. Instcount for system.cpu = 100
 182000: system.cpu.fetch: [tid:0] Instruction PC (0x40105b=>0x40105d).(2=>3) created [sn:1030].
 182000: system.cpu.fetch: [tid:0] Instruction is:   ADD_M_R : st   t1b, DS:[rax]
 182000: system.cpu.fetch: [tid:0] Fetch queue entry created (5/128).
 182000: system.cpu.decoder: Decode: Decoded add instruction: 
{
	leg = 0,
	rex = 0,
	vex/xop = 0,
	op = {
		type = one byte,
		op = 0,
		},
	modRM = 0,
	sib = 0,
	immediate = 0,
	displacement = 0
	dispSize = 0}

 182000: global: DynInst: [sn:1040] Instruction created. Instcount for system.cpu = 101
 182000: system.cpu.fetch: [tid:0] Instruction PC (0x40105d=>0x40105f).(0=>1) created [sn:1040].
 182000: system.cpu.fetch: [tid:0] Instruction is:   ADD_M_R : ldst   t1b, DS:[rax]
 182000: system.cpu.fetch: [tid:0] Fetch queue entry created (6/128).
 182000: global: DynInst: [sn:1050] Instruction created. Instcount for system.cpu = 102
 182000: system.cpu.fetch: [tid:0] Instruction PC (0x40105d=>0x40105f).(1=>2) created [sn:1050].
 182000: system.cpu.fetch: [tid:0] Instruction is:   ADD_M_R : add   t1b, t1b, al
 182000: system.cpu.fetch: [tid:0] Fetch queue entry created (7/128).
 182000: global: DynInst: [sn:1060] Instruction created. Instcount for system.cpu = 103
 182000: system.cpu.fetch: [tid:0] Instruction PC (0x40105d=>0x40105f).(2=>3) created [sn:1060].
 182000: system.cpu.fetch: [tid:0] Instruction is:   ADD_M_R : st   t1b, DS:[rax]
 182000: system.cpu.fetch: [tid:0] Fetch queue entry created (8/128).
 182000: system.cpu.decoder: Decode: Decoded add instruction: 
{
	leg = 0,
	rex = 0,
	vex/xop = 0,
	op = {
		type = one byte,
		op = 0,
		},
	modRM = 0,
	sib = 0,
	immediate = 0,
	displacement = 0
	dispSize = 0}

 182000: global: DynInst: [sn:1070] Instruction created. Instcount for system.cpu = 104
 182000: system.cpu.fetch: [tid:0] Instruction PC (0x40105f=>0x401061).(0=>1) created [sn:1070].
 182000: system.cpu.fetch: [tid:0] Instruction is:   ADD_M_R : ldst   t1b, DS:[rax]
 182000: system.cpu.fetch: [tid:0] Fetch queue entry created (9/128).
 182000: global: DynInst: [sn:1080] Instruction created. Instcount for system.cpu = 105
 182000: system.cpu.fetch: [tid:0] Instruction PC (0x40105f=>0x401061).(1=>2) created [sn:1080].
 182000: system.cpu.fetch: [tid:0] Instruction is:   ADD_M_R : add   t1b, t1b, al
 182000: system.cpu.fetch: [tid:0] Fetch queue entry created (10/128).
 182000: system.cpu.fetch: [tid:0] Done fetching, reached fetch bandwidth for this cycle.
 182000: system.cpu.fetch: [tid:0] [sn:990] Sending instruction to decode from fetch queue. Fetch queue size: 10.
 182000: system.cpu.fetch: [tid:0] [sn:1000] Sending instruction to decode from fetch queue. Fetch queue size: 9.
 182000: system.cpu.fetch: [tid:0] [sn:1010] Sending instruction to decode from fetch queue. Fetch queue size: 8.
 182000: system.cpu.fetch: [tid:0] [sn:1020] Sending instruction to decode from fetch queue. Fetch queue size: 7.
 182000: system.cpu.fetch: [tid:0] [sn:1030] Sending instruction to decode from fetch queue. Fetch queue size: 6.
 182000: system.cpu.fetch: [tid:0] [sn:1040] Sending instruction to decode from fetch queue. Fetch queue size: 5.
 182000: system.cpu.fetch: [tid:0] [sn:1050] Sending instruction to decode from fetch queue. Fetch queue size: 4.
 182000: system.cpu.fetch: [tid:0] [sn:1060] Sending instruction to decode from fetch queue. Fetch queue size: 3.
 182000: system.cpu.fetch: [tid:0] [sn:1070] Sending instruction to decode from fetch queue. Fetch queue size: 2.
 182000: system.cpu.fetch: [tid:0] [sn:1080] Sending instruction to decode from fetch queue. Fetch queue size: 1.
 182000: system.cpu.fetch: Activity this cycle.
 182000: system.cpu: Activity: 6
 182000: system.cpu.decode: Processing [tid:0]
 182000: system.cpu.decode: [tid:0] Not blocked, so attempting to run stage.
 182000: system.cpu.decode: [tid:0] Sending instruction to rename.
 182000: system.cpu.decode: [tid:0] Processing instruction [sn:890] with PC (0x401053=>0x401055).(0=>1)
 182000: system.cpu.decode: [tid:0] Processing instruction [sn:900] with PC (0x401053=>0x401055).(1=>2)
 182000: system.cpu.decode: [tid:0] Processing instruction [sn:910] with PC (0x401053=>0x401055).(2=>3)
 182000: system.cpu.decode: [tid:0] Processing instruction [sn:920] with PC (0x401055=>0x401057).(0=>1)
 182000: system.cpu.decode: [tid:0] Processing instruction [sn:930] with PC (0x401055=>0x401057).(1=>2)
 182000: system.cpu.decode: [tid:0] Processing instruction [sn:940] with PC (0x401055=>0x401057).(2=>3)
 182000: system.cpu.decode: [tid:0] Processing instruction [sn:950] with PC (0x401057=>0x401059).(0=>1)
 182000: system.cpu.decode: [tid:0] Processing instruction [sn:960] with PC (0x401057=>0x401059).(1=>2)
 182000: system.cpu.decode: [tid:0] Processing instruction [sn:970] with PC (0x401057=>0x401059).(2=>3)
 182000: system.cpu.decode: [tid:0] Processing instruction [sn:980] with PC (0x401059=>0x40105b).(0=>1)
 182000: system.cpu.decode: Activity this cycle.
 182000: system.cpu.rename: Processing [tid:0]
 182000: system.cpu.rename: [tid:0] Free IQ: 510, Free ROB: 854, Free LQ: 115, Free SQ: 55, FreeRM 127(828 870 917 1834 127 8 4535)
 182000: system.cpu.rename: [tid:0] 20 instructions not yet in ROB
 182000: system.cpu.rename: calcFreeLQEntries: free lqEntries: 115, loadsInProgress: 7, loads dispatchedToLQ: 0
 182000: system.cpu.rename: [tid:0] Not blocked, so attempting to run stage.
 182000: system.cpu.rename: [tid:0] 10 available instructions to send iew.
 182000: system.cpu.rename: [tid:0] 20 insts pipelining from Rename | 0 insts dispatched to IQ last cycle.
 182000: system.cpu.rename: [tid:0] Sending instructions to IEW.
 182000: system.cpu.rename: calcFreeSQEntries: free sqEntries: 55, storesInProgress: 6, stores dispatchedToSQ: 0
 182000: system.cpu.rename: [tid:0] Processing instruction [sn:790] with PC (0x40104b=>0x40104d).(2=>3).
 182000: system.cpu.rename: [tid:0] Looking up invalid arch reg 0, got phys reg 4294967295 (invalid)
 182000: system.cpu.rename: [tid:0] Register 4294967295 (flat: 4294967295) (invalid) is ready.
 182000: global: [sn:790] has 1 ready out of 4 sources. RTI 0)
 182000: system.cpu.rename: [tid:0] Looking up integer arch reg 0, got phys reg 45 (integer)
 182000: system.cpu.rename: [tid:0] Register 45 (flat: 45) (integer) is ready.
 182000: global: [sn:790] has 2 ready out of 4 sources. RTI 0)
 182000: system.cpu.rename: [tid:0] Looking up integer arch reg 17, got phys reg 92 (integer)
 182000: system.cpu.rename: [tid:0] Register 92 (flat: 92) (integer) is not ready.
 182000: system.cpu.rename: [tid:0] Looking up miscellaneous arch reg 155, got phys reg 155 (miscellaneous)
 182000: system.cpu.rename: [tid:0] Register 155 (flat: 0) (miscellaneous) is ready.
 182000: global: [sn:790] has 3 ready out of 4 sources. RTI 0)
 182000: system.cpu.rename: calcFreeLQEntries: free lqEntries: 115, loadsInProgress: 7, loads dispatchedToLQ: 0
 182000: system.cpu.rename: [tid:0] Processing instruction [sn:800] with PC (0x40104d=>0x40104f).(0=>1).
 182000: system.cpu.rename: [tid:0] Looking up invalid arch reg 0, got phys reg 4294967295 (invalid)
 182000: system.cpu.rename: [tid:0] Register 4294967295 (flat: 4294967295) (invalid) is ready.
 182000: global: [sn:800] has 1 ready out of 4 sources. RTI 0)
 182000: system.cpu.rename: [tid:0] Looking up integer arch reg 0, got phys reg 45 (integer)
 182000: system.cpu.rename: [tid:0] Register 45 (flat: 45) (integer) is ready.
 182000: global: [sn:800] has 2 ready out of 4 sources. RTI 0)
 182000: system.cpu.rename: [tid:0] Looking up integer arch reg 17, got phys reg 92 (integer)
 182000: system.cpu.rename: [tid:0] Register 92 (flat: 92) (integer) is not ready.
 182000: system.cpu.rename: [tid:0] Looking up miscellaneous arch reg 155, got phys reg 155 (miscellaneous)
 182000: system.cpu.rename: [tid:0] Register 155 (flat: 0) (miscellaneous) is ready.
 182000: global: [sn:800] has 3 ready out of 4 sources. RTI 0)
 182000: global: Renamed reg t1 to physical reg 93 (93) old mapping was 92 (92)
 182000: system.cpu.rename: [tid:0] Renaming arch reg 17 (integer) to physical reg 93 (93).
 182000: system.cpu.rename: [tid:0] [sn:800] Adding instruction to history buffer (size=177).
 182000: system.cpu.rename: [tid:0] Processing instruction [sn:810] with PC (0x40104d=>0x40104f).(1=>2).
 182000: system.cpu.rename: [tid:0] Looking up integer arch reg 17, got phys reg 93 (integer)
 182000: system.cpu.rename: [tid:0] Register 93 (flat: 93) (integer) is not ready.
 182000: system.cpu.rename: [tid:0] Looking up integer arch reg 0, got phys reg 45 (integer)
 182000: system.cpu.rename: [tid:0] Register 45 (flat: 45) (integer) is ready.
 182000: global: [sn:810] has 1 ready out of 8 sources. RTI 0)
 182000: system.cpu.rename: [tid:0] Looking up integer arch reg 17, got phys reg 93 (integer)
 182000: system.cpu.rename: [tid:0] Register 93 (flat: 93) (integer) is not ready.
 182000: system.cpu.rename: [tid:0] Looking up invalid arch reg 0, got phys reg 4294967295 (invalid)
 182000: system.cpu.rename: [tid:0] Register 4294967295 (flat: 4294967295) (invalid) is ready.
 182000: global: [sn:810] has 2 ready out of 8 sources. RTI 0)
 182000: system.cpu.rename: [tid:0] Looking up invalid arch reg 0, got phys reg 4294967295 (invalid)
 182000: system.cpu.rename: [tid:0] Register 4294967295 (flat: 4294967295) (invalid) is ready.
 182000: global: [sn:810] has 3 ready out of 8 sources. RTI 0)
 182000: system.cpu.rename: [tid:0] Looking up invalid arch reg 0, got phys reg 4294967295 (invalid)
 182000: system.cpu.rename: [tid:0] Register 4294967295 (flat: 4294967295) (invalid) is ready.
 182000: global: [sn:810] has 4 ready out of 8 sources. RTI 0)
 182000: system.cpu.rename: [tid:0] Looking up invalid arch reg 0, got phys reg 4294967295 (invalid)
 182000: system.cpu.rename: [tid:0] Register 4294967295 (flat: 4294967295) (invalid) is ready.
 182000: global: [sn:810] has 5 ready out of 8 sources. RTI 0)
 182000: system.cpu.rename: [tid:0] Looking up invalid arch reg 0, got phys reg 4294967295 (invalid)
 182000: system.cpu.rename: [tid:0] Register 4294967295 (flat: 4294967295) (invalid) is ready.
 182000: global: [sn:810] has 6 ready out of 8 sources. RTI 0)
 182000: global: Renamed reg t1 to physical reg 94 (94) old mapping was 93 (93)
 182000: system.cpu.rename: [tid:0] Renaming arch reg 17 (integer) to physical reg 94 (94).
 182000: system.cpu.rename: [tid:0] [sn:810] Adding instruction to history buffer (size=178).
 182000: global: Renamed reg condition_code[0] to physical reg 4783 (4783) old mapping was 4781 (4781)
 182000: system.cpu.rename: [tid:0] Renaming arch reg 0 (condition_code) to physical reg 57 (4783).
 182000: system.cpu.rename: [tid:0] [sn:810] Adding instruction to history buffer (size=179).
 182000: global: Renamed reg condition_code[1] to physical reg 4784 (4784) old mapping was 4782 (4782)
 182000: system.cpu.rename: [tid:0] Renaming arch reg 1 (condition_code) to physical reg 58 (4784).
 182000: system.cpu.rename: [tid:0] [sn:810] Adding instruction to history buffer (size=180).
 182000: system.cpu.rename: [tid:0] Renaming arch reg 0 (invalid) to physical reg 4294967295 (4294967295).
 182000: system.cpu.rename: [tid:0] [sn:810] Adding instruction to history buffer (size=181).
 182000: system.cpu.rename: [tid:0] Renaming arch reg 0 (invalid) to physical reg 4294967295 (4294967295).
 182000: system.cpu.rename: [tid:0] [sn:810] Adding instruction to history buffer (size=182).
 182000: system.cpu.rename: [tid:0] Renaming arch reg 0 (invalid) to physical reg 4294967295 (4294967295).
 182000: system.cpu.rename: [tid:0] [sn:810] Adding instruction to history buffer (size=183).
 182000: system.cpu.rename: calcFreeSQEntries: free sqEntries: 55, storesInProgress: 7, stores dispatchedToSQ: 0
 182000: system.cpu.rename: [tid:0] Processing instruction [sn:820] with PC (0x40104d=>0x40104f).(2=>3).
 182000: system.cpu.rename: [tid:0] Looking up invalid arch reg 0, got phys reg 4294967295 (invalid)
 182000: system.cpu.rename: [tid:0] Register 4294967295 (flat: 4294967295) (invalid) is ready.
 182000: global: [sn:820] has 1 ready out of 4 sources. RTI 0)
 182000: system.cpu.rename: [tid:0] Looking up integer arch reg 0, got phys reg 45 (integer)
 182000: system.cpu.rename: [tid:0] Register 45 (flat: 45) (integer) is ready.
 182000: global: [sn:820] has 2 ready out of 4 sources. RTI 0)
 182000: system.cpu.rename: [tid:0] Looking up integer arch reg 17, got phys reg 94 (integer)
 182000: system.cpu.rename: [tid:0] Register 94 (flat: 94) (integer) is not ready.
 182000: system.cpu.rename: [tid:0] Looking up miscellaneous arch reg 155, got phys reg 155 (miscellaneous)
 182000: system.cpu.rename: [tid:0] Register 155 (flat: 0) (miscellaneous) is ready.
 182000: global: [sn:820] has 3 ready out of 4 sources. RTI 0)
 182000: system.cpu.rename: calcFreeLQEntries: free lqEntries: 115, loadsInProgress: 8, loads dispatchedToLQ: 0
 182000: system.cpu.rename: [tid:0] Processing instruction [sn:830] with PC (0x40104f=>0x401051).(0=>1).
 182000: system.cpu.rename: [tid:0] Looking up invalid arch reg 0, got phys reg 4294967295 (invalid)
 182000: system.cpu.rename: [tid:0] Register 4294967295 (flat: 4294967295) (invalid) is ready.
 182000: global: [sn:830] has 1 ready out of 4 sources. RTI 0)
 182000: system.cpu.rename: [tid:0] Looking up integer arch reg 0, got phys reg 45 (integer)
 182000: system.cpu.rename: [tid:0] Register 45 (flat: 45) (integer) is ready.
 182000: global: [sn:830] has 2 ready out of 4 sources. RTI 0)
 182000: system.cpu.rename: [tid:0] Looking up integer arch reg 17, got phys reg 94 (integer)
 182000: system.cpu.rename: [tid:0] Register 94 (flat: 94) (integer) is not ready.
 182000: system.cpu.rename: [tid:0] Looking up miscellaneous arch reg 155, got phys reg 155 (miscellaneous)
 182000: system.cpu.rename: [tid:0] Register 155 (flat: 0) (miscellaneous) is ready.
 182000: global: [sn:830] has 3 ready out of 4 sources. RTI 0)
 182000: global: Renamed reg t1 to physical reg 95 (95) old mapping was 94 (94)
 182000: system.cpu.rename: [tid:0] Renaming arch reg 17 (integer) to physical reg 95 (95).
 182000: system.cpu.rename: [tid:0] [sn:830] Adding instruction to history buffer (size=184).
 182000: system.cpu.rename: [tid:0] Processing instruction [sn:840] with PC (0x40104f=>0x401051).(1=>2).
 182000: system.cpu.rename: [tid:0] Looking up integer arch reg 17, got phys reg 95 (integer)
 182000: system.cpu.rename: [tid:0] Register 95 (flat: 95) (integer) is not ready.
 182000: system.cpu.rename: [tid:0] Looking up integer arch reg 0, got phys reg 45 (integer)
 182000: system.cpu.rename: [tid:0] Register 45 (flat: 45) (integer) is ready.
 182000: global: [sn:840] has 1 ready out of 8 sources. RTI 0)
 182000: system.cpu.rename: [tid:0] Looking up integer arch reg 17, got phys reg 95 (integer)
 182000: system.cpu.rename: [tid:0] Register 95 (flat: 95) (integer) is not ready.
 182000: system.cpu.rename: [tid:0] Looking up invalid arch reg 0, got phys reg 4294967295 (invalid)
 182000: system.cpu.rename: [tid:0] Register 4294967295 (flat: 4294967295) (invalid) is ready.
 182000: global: [sn:840] has 2 ready out of 8 sources. RTI 0)
 182000: system.cpu.rename: [tid:0] Looking up invalid arch reg 0, got phys reg 4294967295 (invalid)
 182000: system.cpu.rename: [tid:0] Register 4294967295 (flat: 4294967295) (invalid) is ready.
 182000: global: [sn:840] has 3 ready out of 8 sources. RTI 0)
 182000: system.cpu.rename: [tid:0] Looking up invalid arch reg 0, got phys reg 4294967295 (invalid)
 182000: system.cpu.rename: [tid:0] Register 4294967295 (flat: 4294967295) (invalid) is ready.
 182000: global: [sn:840] has 4 ready out of 8 sources. RTI 0)
 182000: system.cpu.rename: [tid:0] Looking up invalid arch reg 0, got phys reg 4294967295 (invalid)
 182000: system.cpu.rename: [tid:0] Register 4294967295 (flat: 4294967295) (invalid) is ready.
 182000: global: [sn:840] has 5 ready out of 8 sources. RTI 0)
 182000: system.cpu.rename: [tid:0] Looking up invalid arch reg 0, got phys reg 4294967295 (invalid)
 182000: system.cpu.rename: [tid:0] Register 4294967295 (flat: 4294967295) (invalid) is ready.
 182000: global: [sn:840] has 6 ready out of 8 sources. RTI 0)
 182000: global: Renamed reg t1 to physical reg 96 (96) old mapping was 95 (95)
 182000: system.cpu.rename: [tid:0] Renaming arch reg 17 (integer) to physical reg 96 (96).
 182000: system.cpu.rename: [tid:0] [sn:840] Adding instruction to history buffer (size=185).
 182000: global: Renamed reg condition_code[0] to physical reg 4785 (4785) old mapping was 4783 (4783)
 182000: system.cpu.rename: [tid:0] Renaming arch reg 0 (condition_code) to physical reg 59 (4785).
 182000: system.cpu.rename: [tid:0] [sn:840] Adding instruction to history buffer (size=186).
 182000: global: Renamed reg condition_code[1] to physical reg 4786 (4786) old mapping was 4784 (4784)
 182000: system.cpu.rename: [tid:0] Renaming arch reg 1 (condition_code) to physical reg 60 (4786).
 182000: system.cpu.rename: [tid:0] [sn:840] Adding instruction to history buffer (size=187).
 182000: system.cpu.rename: [tid:0] Renaming arch reg 0 (invalid) to physical reg 4294967295 (4294967295).
 182000: system.cpu.rename: [tid:0] [sn:840] Adding instruction to history buffer (size=188).
 182000: system.cpu.rename: [tid:0] Renaming arch reg 0 (invalid) to physical reg 4294967295 (4294967295).
 182000: system.cpu.rename: [tid:0] [sn:840] Adding instruction to history buffer (size=189).
 182000: system.cpu.rename: [tid:0] Renaming arch reg 0 (invalid) to physical reg 4294967295 (4294967295).
 182000: system.cpu.rename: [tid:0] [sn:840] Adding instruction to history buffer (size=190).
 182000: system.cpu.rename: calcFreeSQEntries: free sqEntries: 55, storesInProgress: 8, stores dispatchedToSQ: 0
 182000: system.cpu.rename: [tid:0] Processing instruction [sn:850] with PC (0x40104f=>0x401051).(2=>3).
 182000: system.cpu.rename: [tid:0] Looking up invalid arch reg 0, got phys reg 4294967295 (invalid)
 182000: system.cpu.rename: [tid:0] Register 4294967295 (flat: 4294967295) (invalid) is ready.
 182000: global: [sn:850] has 1 ready out of 4 sources. RTI 0)
 182000: system.cpu.rename: [tid:0] Looking up integer arch reg 0, got phys reg 45 (integer)
 182000: system.cpu.rename: [tid:0] Register 45 (flat: 45) (integer) is ready.
 182000: global: [sn:850] has 2 ready out of 4 sources. RTI 0)
 182000: system.cpu.rename: [tid:0] Looking up integer arch reg 17, got phys reg 96 (integer)
 182000: system.cpu.rename: [tid:0] Register 96 (flat: 96) (integer) is not ready.
 182000: system.cpu.rename: [tid:0] Looking up miscellaneous arch reg 155, got phys reg 155 (miscellaneous)
 182000: system.cpu.rename: [tid:0] Register 155 (flat: 0) (miscellaneous) is ready.
 182000: global: [sn:850] has 3 ready out of 4 sources. RTI 0)
 182000: system.cpu.rename: calcFreeLQEntries: free lqEntries: 115, loadsInProgress: 9, loads dispatchedToLQ: 0
 182000: system.cpu.rename: [tid:0] Processing instruction [sn:860] with PC (0x401051=>0x401053).(0=>1).
 182000: system.cpu.rename: [tid:0] Looking up invalid arch reg 0, got phys reg 4294967295 (invalid)
 182000: system.cpu.rename: [tid:0] Register 4294967295 (flat: 4294967295) (invalid) is ready.
 182000: global: [sn:860] has 1 ready out of 4 sources. RTI 0)
 182000: system.cpu.rename: [tid:0] Looking up integer arch reg 0, got phys reg 45 (integer)
 182000: system.cpu.rename: [tid:0] Register 45 (flat: 45) (integer) is ready.
 182000: global: [sn:860] has 2 ready out of 4 sources. RTI 0)
 182000: system.cpu.rename: [tid:0] Looking up integer arch reg 17, got phys reg 96 (integer)
 182000: system.cpu.rename: [tid:0] Register 96 (flat: 96) (integer) is not ready.
 182000: system.cpu.rename: [tid:0] Looking up miscellaneous arch reg 155, got phys reg 155 (miscellaneous)
 182000: system.cpu.rename: [tid:0] Register 155 (flat: 0) (miscellaneous) is ready.
 182000: global: [sn:860] has 3 ready out of 4 sources. RTI 0)
 182000: global: Renamed reg t1 to physical reg 97 (97) old mapping was 96 (96)
 182000: system.cpu.rename: [tid:0] Renaming arch reg 17 (integer) to physical reg 97 (97).
 182000: system.cpu.rename: [tid:0] [sn:860] Adding instruction to history buffer (size=191).
 182000: system.cpu.rename: [tid:0] Processing instruction [sn:870] with PC (0x401051=>0x401053).(1=>2).
 182000: system.cpu.rename: [tid:0] Looking up integer arch reg 17, got phys reg 97 (integer)
 182000: system.cpu.rename: [tid:0] Register 97 (flat: 97) (integer) is not ready.
 182000: system.cpu.rename: [tid:0] Looking up integer arch reg 0, got phys reg 45 (integer)
 182000: system.cpu.rename: [tid:0] Register 45 (flat: 45) (integer) is ready.
 182000: global: [sn:870] has 1 ready out of 8 sources. RTI 0)
 182000: system.cpu.rename: [tid:0] Looking up integer arch reg 17, got phys reg 97 (integer)
 182000: system.cpu.rename: [tid:0] Register 97 (flat: 97) (integer) is not ready.
 182000: system.cpu.rename: [tid:0] Looking up invalid arch reg 0, got phys reg 4294967295 (invalid)
 182000: system.cpu.rename: [tid:0] Register 4294967295 (flat: 4294967295) (invalid) is ready.
 182000: global: [sn:870] has 2 ready out of 8 sources. RTI 0)
 182000: system.cpu.rename: [tid:0] Looking up invalid arch reg 0, got phys reg 4294967295 (invalid)
 182000: system.cpu.rename: [tid:0] Register 4294967295 (flat: 4294967295) (invalid) is ready.
 182000: global: [sn:870] has 3 ready out of 8 sources. RTI 0)
 182000: system.cpu.rename: [tid:0] Looking up invalid arch reg 0, got phys reg 4294967295 (invalid)
 182000: system.cpu.rename: [tid:0] Register 4294967295 (flat: 4294967295) (invalid) is ready.
 182000: global: [sn:870] has 4 ready out of 8 sources. RTI 0)
 182000: system.cpu.rename: [tid:0] Looking up invalid arch reg 0, got phys reg 4294967295 (invalid)
 182000: system.cpu.rename: [tid:0] Register 4294967295 (flat: 4294967295) (invalid) is ready.
 182000: global: [sn:870] has 5 ready out of 8 sources. RTI 0)
 182000: system.cpu.rename: [tid:0] Looking up invalid arch reg 0, got phys reg 4294967295 (invalid)
 182000: system.cpu.rename: [tid:0] Register 4294967295 (flat: 4294967295) (invalid) is ready.
 182000: global: [sn:870] has 6 ready out of 8 sources. RTI 0)
 182000: global: Renamed reg t1 to physical reg 98 (98) old mapping was 97 (97)
 182000: system.cpu.rename: [tid:0] Renaming arch reg 17 (integer) to physical reg 98 (98).
 182000: system.cpu.rename: [tid:0] [sn:870] Adding instruction to history buffer (size=192).
 182000: global: Renamed reg condition_code[0] to physical reg 4787 (4787) old mapping was 4785 (4785)
 182000: system.cpu.rename: [tid:0] Renaming arch reg 0 (condition_code) to physical reg 61 (4787).
 182000: system.cpu.rename: [tid:0] [sn:870] Adding instruction to history buffer (size=193).
 182000: global: Renamed reg condition_code[1] to physical reg 4788 (4788) old mapping was 4786 (4786)
 182000: system.cpu.rename: [tid:0] Renaming arch reg 1 (condition_code) to physical reg 62 (4788).
 182000: system.cpu.rename: [tid:0] [sn:870] Adding instruction to history buffer (size=194).
 182000: system.cpu.rename: [tid:0] Renaming arch reg 0 (invalid) to physical reg 4294967295 (4294967295).
 182000: system.cpu.rename: [tid:0] [sn:870] Adding instruction to history buffer (size=195).
 182000: system.cpu.rename: [tid:0] Renaming arch reg 0 (invalid) to physical reg 4294967295 (4294967295).
 182000: system.cpu.rename: [tid:0] [sn:870] Adding instruction to history buffer (size=196).
 182000: system.cpu.rename: [tid:0] Renaming arch reg 0 (invalid) to physical reg 4294967295 (4294967295).
 182000: system.cpu.rename: [tid:0] [sn:870] Adding instruction to history buffer (size=197).
 182000: system.cpu.rename: calcFreeSQEntries: free sqEntries: 55, storesInProgress: 9, stores dispatchedToSQ: 0
 182000: system.cpu.rename: [tid:0] Processing instruction [sn:880] with PC (0x401051=>0x401053).(2=>3).
 182000: system.cpu.rename: [tid:0] Looking up invalid arch reg 0, got phys reg 4294967295 (invalid)
 182000: system.cpu.rename: [tid:0] Register 4294967295 (flat: 4294967295) (invalid) is ready.
 182000: global: [sn:880] has 1 ready out of 4 sources. RTI 0)
 182000: system.cpu.rename: [tid:0] Looking up integer arch reg 0, got phys reg 45 (integer)
 182000: system.cpu.rename: [tid:0] Register 45 (flat: 45) (integer) is ready.
 182000: global: [sn:880] has 2 ready out of 4 sources. RTI 0)
 182000: system.cpu.rename: [tid:0] Looking up integer arch reg 17, got phys reg 98 (integer)
 182000: system.cpu.rename: [tid:0] Register 98 (flat: 98) (integer) is not ready.
 182000: system.cpu.rename: [tid:0] Looking up miscellaneous arch reg 155, got phys reg 155 (miscellaneous)
 182000: system.cpu.rename: [tid:0] Register 155 (flat: 0) (miscellaneous) is ready.
 182000: global: [sn:880] has 3 ready out of 4 sources. RTI 0)
 182000: system.cpu.rename: Activity this cycle.
 182000: system.cpu.iew: Issue: Processing [tid:0]
 182000: system.cpu.iew: [tid:0] Not blocked, so attempting to run dispatch.
 182000: system.cpu.iew: [tid:0] Issue: Adding PC (0x40103f=>0x401041).(0=>1) [sn:590] [tid:0] to IQ.
 182000: system.cpu.iew: [tid:0] Issue: Memory instruction encountered, adding to LSQ.
 182000: system.cpu.iew.lsq.thread0: Inserting load PC (0x40103f=>0x401041).(0=>1), idx:17 [sn:590]
 182000: system.cpu.iq: Adding instruction [sn:590] PC (0x40103f=>0x401041).(0=>1) to the IQ.
 182000: system.cpu.iq: Instruction PC (0x40103f=>0x401041).(0=>1) has src reg 78 (integer) that is being added to the dependency chain.
 182000: memdepentry: Memory dependency entry created. memdep_count=34 (0x40103f=>0x401041).(0=>1)
 182000: system.cpu.memDep0: No dependency for inst PC (0x40103f=>0x401041).(0=>1) [sn:590].
 182000: system.cpu.iew: [tid:0] Issue: Adding PC (0x40103f=>0x401041).(1=>2) [sn:600] [tid:0] to IQ.
 182000: system.cpu.iq: Adding instruction [sn:600] PC (0x40103f=>0x401041).(1=>2) to the IQ.
 182000: system.cpu.iq: Instruction PC (0x40103f=>0x401041).(1=>2) has src reg 79 (integer) that is being added to the dependency chain.
 182000: system.cpu.iq: Instruction PC (0x40103f=>0x401041).(1=>2) has src reg 79 (integer) that is being added to the dependency chain.
 182000: system.cpu.iew: [tid:0] Issue: Adding PC (0x40103f=>0x401041).(2=>3) [sn:610] [tid:0] to IQ.
 182000: system.cpu.iew: [tid:0] Issue: Memory instruction encountered, adding to LSQ.
 182000: system.cpu.iew.lsq.thread0: Inserting store PC (0x40103f=>0x401041).(2=>3), idx:17 [sn:610]
 182000: system.cpu.iq: Adding instruction [sn:610] PC (0x40103f=>0x401041).(2=>3) to the IQ.
 182000: system.cpu.iq: Instruction PC (0x40103f=>0x401041).(2=>3) has src reg 80 (integer) that is being added to the dependency chain.
 182000: memdepentry: Memory dependency entry created. memdep_count=35 (0x40103f=>0x401041).(2=>3)
 182000: system.cpu.memDep0: No dependency for inst PC (0x40103f=>0x401041).(2=>3) [sn:610].
 182000: system.cpu.memDep0: Inserting store/atomic PC (0x40103f=>0x401041).(2=>3) [sn:610].
 182000: system.cpu.iew: [tid:0] Issue: Adding PC (0x401041=>0x401043).(0=>1) [sn:620] [tid:0] to IQ.
 182000: system.cpu.iew: [tid:0] Issue: Memory instruction encountered, adding to LSQ.
 182000: system.cpu.iew.lsq.thread0: Inserting load PC (0x401041=>0x401043).(0=>1), idx:18 [sn:620]
 182000: system.cpu.iq: Adding instruction [sn:620] PC (0x401041=>0x401043).(0=>1) to the IQ.
 182000: system.cpu.iq: Instruction PC (0x401041=>0x401043).(0=>1) has src reg 80 (integer) that is being added to the dependency chain.
 182000: memdepentry: Memory dependency entry created. memdep_count=36 (0x401041=>0x401043).(0=>1)
 182000: system.cpu.memDep0: No dependency for inst PC (0x401041=>0x401043).(0=>1) [sn:620].
 182000: system.cpu.iew: [tid:0] Issue: Adding PC (0x401041=>0x401043).(1=>2) [sn:630] [tid:0] to IQ.
 182000: system.cpu.iq: Adding instruction [sn:630] PC (0x401041=>0x401043).(1=>2) to the IQ.
 182000: system.cpu.iq: Instruction PC (0x401041=>0x401043).(1=>2) has src reg 81 (integer) that is being added to the dependency chain.
 182000: system.cpu.iq: Instruction PC (0x401041=>0x401043).(1=>2) has src reg 81 (integer) that is being added to the dependency chain.
 182000: system.cpu.iew: [tid:0] Issue: Adding PC (0x401041=>0x401043).(2=>3) [sn:640] [tid:0] to IQ.
 182000: system.cpu.iew: [tid:0] Issue: Memory instruction encountered, adding to LSQ.
 182000: system.cpu.iew.lsq.thread0: Inserting store PC (0x401041=>0x401043).(2=>3), idx:18 [sn:640]
 182000: system.cpu.iq: Adding instruction [sn:640] PC (0x401041=>0x401043).(2=>3) to the IQ.
 182000: system.cpu.iq: Instruction PC (0x401041=>0x401043).(2=>3) has src reg 82 (integer) that is being added to the dependency chain.
 182000: memdepentry: Memory dependency entry created. memdep_count=37 (0x401041=>0x401043).(2=>3)
 182000: system.cpu.memDep0: No dependency for inst PC (0x401041=>0x401043).(2=>3) [sn:640].
 182000: system.cpu.memDep0: Inserting store/atomic PC (0x401041=>0x401043).(2=>3) [sn:640].
 182000: system.cpu.iew: [tid:0] Issue: Adding PC (0x401043=>0x401045).(0=>1) [sn:650] [tid:0] to IQ.
 182000: system.cpu.iew: [tid:0] Issue: Memory instruction encountered, adding to LSQ.
 182000: system.cpu.iew.lsq.thread0: Inserting load PC (0x401043=>0x401045).(0=>1), idx:19 [sn:650]
 182000: system.cpu.iq: Adding instruction [sn:650] PC (0x401043=>0x401045).(0=>1) to the IQ.
 182000: system.cpu.iq: Instruction PC (0x401043=>0x401045).(0=>1) has src reg 82 (integer) that is being added to the dependency chain.
 182000: memdepentry: Memory dependency entry created. memdep_count=38 (0x401043=>0x401045).(0=>1)
 182000: system.cpu.memDep0: No dependency for inst PC (0x401043=>0x401045).(0=>1) [sn:650].
 182000: system.cpu.iew: [tid:0] Issue: Adding PC (0x401043=>0x401045).(1=>2) [sn:660] [tid:0] to IQ.
 182000: system.cpu.iq: Adding instruction [sn:660] PC (0x401043=>0x401045).(1=>2) to the IQ.
 182000: system.cpu.iq: Instruction PC (0x401043=>0x401045).(1=>2) has src reg 83 (integer) that is being added to the dependency chain.
 182000: system.cpu.iq: Instruction PC (0x401043=>0x401045).(1=>2) has src reg 83 (integer) that is being added to the dependency chain.
 182000: system.cpu.iew: [tid:0] Issue: Adding PC (0x401043=>0x401045).(2=>3) [sn:670] [tid:0] to IQ.
 182000: system.cpu.iew: [tid:0] Issue: Memory instruction encountered, adding to LSQ.
 182000: system.cpu.iew.lsq.thread0: Inserting store PC (0x401043=>0x401045).(2=>3), idx:19 [sn:670]
 182000: system.cpu.iq: Adding instruction [sn:670] PC (0x401043=>0x401045).(2=>3) to the IQ.
 182000: system.cpu.iq: Instruction PC (0x401043=>0x401045).(2=>3) has src reg 84 (integer) that is being added to the dependency chain.
 182000: memdepentry: Memory dependency entry created. memdep_count=39 (0x401043=>0x401045).(2=>3)
 182000: system.cpu.memDep0: No dependency for inst PC (0x401043=>0x401045).(2=>3) [sn:670].
 182000: system.cpu.memDep0: Inserting store/atomic PC (0x401043=>0x401045).(2=>3) [sn:670].
 182000: system.cpu.iew: [tid:0] Issue: Adding PC (0x401045=>0x401047).(0=>1) [sn:680] [tid:0] to IQ.
 182000: system.cpu.iew: [tid:0] Issue: Memory instruction encountered, adding to LSQ.
 182000: system.cpu.iew.lsq.thread0: Inserting load PC (0x401045=>0x401047).(0=>1), idx:20 [sn:680]
 182000: system.cpu.iq: Adding instruction [sn:680] PC (0x401045=>0x401047).(0=>1) to the IQ.
 182000: system.cpu.iq: Instruction PC (0x401045=>0x401047).(0=>1) has src reg 84 (integer) that is being added to the dependency chain.
 182000: memdepentry: Memory dependency entry created. memdep_count=40 (0x401045=>0x401047).(0=>1)
 182000: system.cpu.memDep0: No dependency for inst PC (0x401045=>0x401047).(0=>1) [sn:680].
 182000: system.cpu.iq: Attempting to schedule ready instructions from the IQ.
 182000: system.cpu.iq: Not able to schedule any instructions.
 182000: system.cpu.iew.lsq: [tid:0] Writing back stores. 1 stores available for Writeback.
 182000: system.cpu.iew: Processing [tid:0]
 182000: system.cpu.iew: [tid:0], Dispatch dispatched 10 instructions.
 182000: system.cpu.iew.lsq.thread0: SQ size: 72, #stores occupied: 20
 182000: system.cpu.iew.lsq.thread0: LQ size: 132, #loads occupied: 21
 182000: system.cpu.iew: IQ has 500 free entries (Can schedule: 0).  LQ has 111 free entries. SQ has 52 free entries.
 182000: system.cpu.commit: Getting instructions from Rename stage.
 182000: system.cpu.commit: [tid:0] [sn:690] Inserting PC (0x401045=>0x401047).(1=>2) into ROB.
 182000: system.cpu.rob: Adding inst PC (0x401045=>0x401047).(1=>2) to the ROB.
 182000: system.cpu.rob: [tid:0] Now has 65 instructions.
 182000: system.cpu.commit: [tid:0] [sn:700] Inserting PC (0x401045=>0x401047).(2=>3) into ROB.
 182000: system.cpu.rob: Adding inst PC (0x401045=>0x401047).(2=>3) to the ROB.
 182000: system.cpu.rob: [tid:0] Now has 66 instructions.
 182000: system.cpu.commit: [tid:0] [sn:710] Inserting PC (0x401047=>0x401049).(0=>1) into ROB.
 182000: system.cpu.rob: Adding inst PC (0x401047=>0x401049).(0=>1) to the ROB.
 182000: system.cpu.rob: [tid:0] Now has 67 instructions.
 182000: system.cpu.commit: [tid:0] [sn:720] Inserting PC (0x401047=>0x401049).(1=>2) into ROB.
 182000: system.cpu.rob: Adding inst PC (0x401047=>0x401049).(1=>2) to the ROB.
 182000: system.cpu.rob: [tid:0] Now has 68 instructions.
 182000: system.cpu.commit: [tid:0] [sn:730] Inserting PC (0x401047=>0x401049).(2=>3) into ROB.
 182000: system.cpu.rob: Adding inst PC (0x401047=>0x401049).(2=>3) to the ROB.
 182000: system.cpu.rob: [tid:0] Now has 69 instructions.
 182000: system.cpu.commit: [tid:0] [sn:740] Inserting PC (0x401049=>0x40104b).(0=>1) into ROB.
 182000: system.cpu.rob: Adding inst PC (0x401049=>0x40104b).(0=>1) to the ROB.
 182000: system.cpu.rob: [tid:0] Now has 70 instructions.
 182000: system.cpu.commit: [tid:0] [sn:750] Inserting PC (0x401049=>0x40104b).(1=>2) into ROB.
 182000: system.cpu.rob: Adding inst PC (0x401049=>0x40104b).(1=>2) to the ROB.
 182000: system.cpu.rob: [tid:0] Now has 71 instructions.
 182000: system.cpu.commit: [tid:0] [sn:760] Inserting PC (0x401049=>0x40104b).(2=>3) into ROB.
 182000: system.cpu.rob: Adding inst PC (0x401049=>0x40104b).(2=>3) to the ROB.
 182000: system.cpu.rob: [tid:0] Now has 72 instructions.
 182000: system.cpu.commit: [tid:0] [sn:770] Inserting PC (0x40104b=>0x40104d).(0=>1) into ROB.
 182000: system.cpu.rob: Adding inst PC (0x40104b=>0x40104d).(0=>1) to the ROB.
 182000: system.cpu.rob: [tid:0] Now has 73 instructions.
 182000: system.cpu.commit: [tid:0] [sn:780] Inserting PC (0x40104b=>0x40104d).(1=>2) into ROB.
 182000: system.cpu.rob: Adding inst PC (0x40104b=>0x40104d).(1=>2) to the ROB.
 182000: system.cpu.rob: [tid:0] Now has 74 instructions.
 182000: system.cpu.commit: Trying to commit instructions in the ROB.
 182000: system.cpu.commit: [tid:0] Can't commit, Instruction [sn:50] PC (0x40100b=>0x40100f).(0=>1) is head of ROB and not ready
 182000: system.cpu.commit: [tid:0] ROB has 74 insts & 844 free entries.
 182000: system.cpu.commit: Activity This Cycle.
 182000: system.cpu: Scheduling next tick!
 183000: system.cpu: 

O3CPU: Ticking main, O3CPU.
 183000: system.cpu.fetch: Running stage.
 183000: system.cpu.fetch: Attempting to fetch from [tid:0]
 183000: system.cpu.fetch: [tid:0] Adding instructions to queue to decode.
 183000: global: DynInst: [sn:1090] Instruction created. Instcount for system.cpu = 106
 183000: system.cpu.fetch: [tid:0] Instruction PC (0x40105f=>0x401061).(2=>3) created [sn:1090].
 183000: system.cpu.fetch: [tid:0] Instruction is:   ADD_M_R : st   t1b, DS:[rax]
 183000: system.cpu.fetch: [tid:0] Fetch queue entry created (1/128).
 183000: system.cpu.decoder: Decode: Decoded add instruction: 
{
	leg = 0,
	rex = 0,
	vex/xop = 0,
	op = {
		type = one byte,
		op = 0,
		},
	modRM = 0,
	sib = 0,
	immediate = 0,
	displacement = 0
	dispSize = 0}

 183000: global: DynInst: [sn:1100] Instruction created. Instcount for system.cpu = 107
 183000: system.cpu.fetch: [tid:0] Instruction PC (0x401061=>0x401063).(0=>1) created [sn:1100].
 183000: system.cpu.fetch: [tid:0] Instruction is:   ADD_M_R : ldst   t1b, DS:[rax]
 183000: system.cpu.fetch: [tid:0] Fetch queue entry created (2/128).
 183000: global: DynInst: [sn:1110] Instruction created. Instcount for system.cpu = 108
 183000: system.cpu.fetch: [tid:0] Instruction PC (0x401061=>0x401063).(1=>2) created [sn:1110].
 183000: system.cpu.fetch: [tid:0] Instruction is:   ADD_M_R : add   t1b, t1b, al
 183000: system.cpu.fetch: [tid:0] Fetch queue entry created (3/128).
 183000: global: DynInst: [sn:1120] Instruction created. Instcount for system.cpu = 109
 183000: system.cpu.fetch: [tid:0] Instruction PC (0x401061=>0x401063).(2=>3) created [sn:1120].
 183000: system.cpu.fetch: [tid:0] Instruction is:   ADD_M_R : st   t1b, DS:[rax]
 183000: system.cpu.fetch: [tid:0] Fetch queue entry created (4/128).
 183000: system.cpu.decoder: Decode: Decoded add instruction: 
{
	leg = 0,
	rex = 0,
	vex/xop = 0,
	op = {
		type = one byte,
		op = 0,
		},
	modRM = 0,
	sib = 0,
	immediate = 0,
	displacement = 0
	dispSize = 0}

 183000: global: DynInst: [sn:1130] Instruction created. Instcount for system.cpu = 110
 183000: system.cpu.fetch: [tid:0] Instruction PC (0x401063=>0x401065).(0=>1) created [sn:1130].
 183000: system.cpu.fetch: [tid:0] Instruction is:   ADD_M_R : ldst   t1b, DS:[rax]
 183000: system.cpu.fetch: [tid:0] Fetch queue entry created (5/128).
 183000: global: DynInst: [sn:1140] Instruction created. Instcount for system.cpu = 111
 183000: system.cpu.fetch: [tid:0] Instruction PC (0x401063=>0x401065).(1=>2) created [sn:1140].
 183000: system.cpu.fetch: [tid:0] Instruction is:   ADD_M_R : add   t1b, t1b, al
 183000: system.cpu.fetch: [tid:0] Fetch queue entry created (6/128).
 183000: global: DynInst: [sn:1150] Instruction created. Instcount for system.cpu = 112
 183000: system.cpu.fetch: [tid:0] Instruction PC (0x401063=>0x401065).(2=>3) created [sn:1150].
 183000: system.cpu.fetch: [tid:0] Instruction is:   ADD_M_R : st   t1b, DS:[rax]
 183000: system.cpu.fetch: [tid:0] Fetch queue entry created (7/128).
 183000: system.cpu.decoder: Decode: Decoded add instruction: 
{
	leg = 0,
	rex = 0,
	vex/xop = 0,
	op = {
		type = one byte,
		op = 0,
		},
	modRM = 0,
	sib = 0,
	immediate = 0,
	displacement = 0
	dispSize = 0}

 183000: global: DynInst: [sn:1160] Instruction created. Instcount for system.cpu = 113
 183000: system.cpu.fetch: [tid:0] Instruction PC (0x401065=>0x401067).(0=>1) created [sn:1160].
 183000: system.cpu.fetch: [tid:0] Instruction is:   ADD_M_R : ldst   t1b, DS:[rax]
 183000: system.cpu.fetch: [tid:0] Fetch queue entry created (8/128).
 183000: global: DynInst: [sn:1170] Instruction created. Instcount for system.cpu = 114
 183000: system.cpu.fetch: [tid:0] Instruction PC (0x401065=>0x401067).(1=>2) created [sn:1170].
 183000: system.cpu.fetch: [tid:0] Instruction is:   ADD_M_R : add   t1b, t1b, al
 183000: system.cpu.fetch: [tid:0] Fetch queue entry created (9/128).
 183000: global: DynInst: [sn:1180] Instruction created. Instcount for system.cpu = 115
 183000: system.cpu.fetch: [tid:0] Instruction PC (0x401065=>0x401067).(2=>3) created [sn:1180].
 183000: system.cpu.fetch: [tid:0] Instruction is:   ADD_M_R : st   t1b, DS:[rax]
 183000: system.cpu.fetch: [tid:0] Fetch queue entry created (10/128).
 183000: system.cpu.fetch: [tid:0] Done fetching, reached fetch bandwidth for this cycle.
 183000: system.cpu.fetch: [tid:0] [sn:1090] Sending instruction to decode from fetch queue. Fetch queue size: 10.
 183000: system.cpu.fetch: [tid:0] [sn:1100] Sending instruction to decode from fetch queue. Fetch queue size: 9.
 183000: system.cpu.fetch: [tid:0] [sn:1110] Sending instruction to decode from fetch queue. Fetch queue size: 8.
 183000: system.cpu.fetch: [tid:0] [sn:1120] Sending instruction to decode from fetch queue. Fetch queue size: 7.
 183000: system.cpu.fetch: [tid:0] [sn:1130] Sending instruction to decode from fetch queue. Fetch queue size: 6.
 183000: system.cpu.fetch: [tid:0] [sn:1140] Sending instruction to decode from fetch queue. Fetch queue size: 5.
 183000: system.cpu.fetch: [tid:0] [sn:1150] Sending instruction to decode from fetch queue. Fetch queue size: 4.
 183000: system.cpu.fetch: [tid:0] [sn:1160] Sending instruction to decode from fetch queue. Fetch queue size: 3.
 183000: system.cpu.fetch: [tid:0] [sn:1170] Sending instruction to decode from fetch queue. Fetch queue size: 2.
 183000: system.cpu.fetch: [tid:0] [sn:1180] Sending instruction to decode from fetch queue. Fetch queue size: 1.
 183000: system.cpu.fetch: Activity this cycle.
 183000: system.cpu: Activity: 7
 183000: system.cpu.decode: Processing [tid:0]
 183000: system.cpu.decode: [tid:0] Not blocked, so attempting to run stage.
 183000: system.cpu.decode: [tid:0] Sending instruction to rename.
 183000: system.cpu.decode: [tid:0] Processing instruction [sn:990] with PC (0x401059=>0x40105b).(1=>2)
 183000: system.cpu.decode: [tid:0] Processing instruction [sn:1000] with PC (0x401059=>0x40105b).(2=>3)
 183000: system.cpu.decode: [tid:0] Processing instruction [sn:1010] with PC (0x40105b=>0x40105d).(0=>1)
 183000: system.cpu.decode: [tid:0] Processing instruction [sn:1020] with PC (0x40105b=>0x40105d).(1=>2)
 183000: system.cpu.decode: [tid:0] Processing instruction [sn:1030] with PC (0x40105b=>0x40105d).(2=>3)
 183000: system.cpu.decode: [tid:0] Processing instruction [sn:1040] with PC (0x40105d=>0x40105f).(0=>1)
 183000: system.cpu.decode: [tid:0] Processing instruction [sn:1050] with PC (0x40105d=>0x40105f).(1=>2)
 183000: system.cpu.decode: [tid:0] Processing instruction [sn:1060] with PC (0x40105d=>0x40105f).(2=>3)
 183000: system.cpu.decode: [tid:0] Processing instruction [sn:1070] with PC (0x40105f=>0x401061).(0=>1)
 183000: system.cpu.decode: [tid:0] Processing instruction [sn:1080] with PC (0x40105f=>0x401061).(1=>2)
 183000: system.cpu.decode: Activity this cycle.
 183000: system.cpu.rename: Processing [tid:0]
 183000: system.cpu.rename: [tid:0] Free IQ: 510, Free ROB: 844, Free LQ: 115, Free SQ: 55, FreeRM 127(822 870 917 1834 127 8 4529)
 183000: system.cpu.rename: [tid:0] 30 instructions not yet in ROB
 183000: system.cpu.rename: calcFreeLQEntries: free lqEntries: 115, loadsInProgress: 10, loads dispatchedToLQ: 4
 183000: system.cpu.rename: [tid:0] Not blocked, so attempting to run stage.
 183000: system.cpu.rename: [tid:0] 10 available instructions to send iew.
 183000: system.cpu.rename: [tid:0] 30 insts pipelining from Rename | 10 insts dispatched to IQ last cycle.
 183000: system.cpu.rename: [tid:0] Sending instructions to IEW.
 183000: system.cpu.rename: calcFreeLQEntries: free lqEntries: 115, loadsInProgress: 10, loads dispatchedToLQ: 4
 183000: system.cpu.rename: [tid:0] Processing instruction [sn:890] with PC (0x401053=>0x401055).(0=>1).
 183000: system.cpu.rename: [tid:0] Looking up invalid arch reg 0, got phys reg 4294967295 (invalid)
 183000: system.cpu.rename: [tid:0] Register 4294967295 (flat: 4294967295) (invalid) is ready.
 183000: global: [sn:890] has 1 ready out of 4 sources. RTI 0)
 183000: system.cpu.rename: [tid:0] Looking up integer arch reg 0, got phys reg 45 (integer)
 183000: system.cpu.rename: [tid:0] Register 45 (flat: 45) (integer) is ready.
 183000: global: [sn:890] has 2 ready out of 4 sources. RTI 0)
 183000: system.cpu.rename: [tid:0] Looking up integer arch reg 17, got phys reg 98 (integer)
 183000: system.cpu.rename: [tid:0] Register 98 (flat: 98) (integer) is not ready.
 183000: system.cpu.rename: [tid:0] Looking up miscellaneous arch reg 155, got phys reg 155 (miscellaneous)
 183000: system.cpu.rename: [tid:0] Register 155 (flat: 0) (miscellaneous) is ready.
 183000: global: [sn:890] has 3 ready out of 4 sources. RTI 0)
 183000: global: Renamed reg t1 to physical reg 99 (99) old mapping was 98 (98)
 183000: system.cpu.rename: [tid:0] Renaming arch reg 17 (integer) to physical reg 99 (99).
 183000: system.cpu.rename: [tid:0] [sn:890] Adding instruction to history buffer (size=198).
 183000: system.cpu.rename: [tid:0] Processing instruction [sn:900] with PC (0x401053=>0x401055).(1=>2).
 183000: system.cpu.rename: [tid:0] Looking up integer arch reg 17, got phys reg 99 (integer)
 183000: system.cpu.rename: [tid:0] Register 99 (flat: 99) (integer) is not ready.
 183000: system.cpu.rename: [tid:0] Looking up integer arch reg 0, got phys reg 45 (integer)
 183000: system.cpu.rename: [tid:0] Register 45 (flat: 45) (integer) is ready.
 183000: global: [sn:900] has 1 ready out of 8 sources. RTI 0)
 183000: system.cpu.rename: [tid:0] Looking up integer arch reg 17, got phys reg 99 (integer)
 183000: system.cpu.rename: [tid:0] Register 99 (flat: 99) (integer) is not ready.
 183000: system.cpu.rename: [tid:0] Looking up invalid arch reg 0, got phys reg 4294967295 (invalid)
 183000: system.cpu.rename: [tid:0] Register 4294967295 (flat: 4294967295) (invalid) is ready.
 183000: global: [sn:900] has 2 ready out of 8 sources. RTI 0)
 183000: system.cpu.rename: [tid:0] Looking up invalid arch reg 0, got phys reg 4294967295 (invalid)
 183000: system.cpu.rename: [tid:0] Register 4294967295 (flat: 4294967295) (invalid) is ready.
 183000: global: [sn:900] has 3 ready out of 8 sources. RTI 0)
 183000: system.cpu.rename: [tid:0] Looking up invalid arch reg 0, got phys reg 4294967295 (invalid)
 183000: system.cpu.rename: [tid:0] Register 4294967295 (flat: 4294967295) (invalid) is ready.
 183000: global: [sn:900] has 4 ready out of 8 sources. RTI 0)
 183000: system.cpu.rename: [tid:0] Looking up invalid arch reg 0, got phys reg 4294967295 (invalid)
 183000: system.cpu.rename: [tid:0] Register 4294967295 (flat: 4294967295) (invalid) is ready.
 183000: global: [sn:900] has 5 ready out of 8 sources. RTI 0)
 183000: system.cpu.rename: [tid:0] Looking up invalid arch reg 0, got phys reg 4294967295 (invalid)
 183000: system.cpu.rename: [tid:0] Register 4294967295 (flat: 4294967295) (invalid) is ready.
 183000: global: [sn:900] has 6 ready out of 8 sources. RTI 0)
 183000: global: Renamed reg t1 to physical reg 100 (100) old mapping was 99 (99)
 183000: system.cpu.rename: [tid:0] Renaming arch reg 17 (integer) to physical reg 100 (100).
 183000: system.cpu.rename: [tid:0] [sn:900] Adding instruction to history buffer (size=199).
 183000: global: Renamed reg condition_code[0] to physical reg 4789 (4789) old mapping was 4787 (4787)
 183000: system.cpu.rename: [tid:0] Renaming arch reg 0 (condition_code) to physical reg 63 (4789).
 183000: system.cpu.rename: [tid:0] [sn:900] Adding instruction to history buffer (size=200).
 183000: global: Renamed reg condition_code[1] to physical reg 4790 (4790) old mapping was 4788 (4788)
 183000: system.cpu.rename: [tid:0] Renaming arch reg 1 (condition_code) to physical reg 64 (4790).
 183000: system.cpu.rename: [tid:0] [sn:900] Adding instruction to history buffer (size=201).
 183000: system.cpu.rename: [tid:0] Renaming arch reg 0 (invalid) to physical reg 4294967295 (4294967295).
 183000: system.cpu.rename: [tid:0] [sn:900] Adding instruction to history buffer (size=202).
 183000: system.cpu.rename: [tid:0] Renaming arch reg 0 (invalid) to physical reg 4294967295 (4294967295).
 183000: system.cpu.rename: [tid:0] [sn:900] Adding instruction to history buffer (size=203).
 183000: system.cpu.rename: [tid:0] Renaming arch reg 0 (invalid) to physical reg 4294967295 (4294967295).
 183000: system.cpu.rename: [tid:0] [sn:900] Adding instruction to history buffer (size=204).
 183000: system.cpu.rename: calcFreeSQEntries: free sqEntries: 55, storesInProgress: 10, stores dispatchedToSQ: 3
 183000: system.cpu.rename: [tid:0] Processing instruction [sn:910] with PC (0x401053=>0x401055).(2=>3).
 183000: system.cpu.rename: [tid:0] Looking up invalid arch reg 0, got phys reg 4294967295 (invalid)
 183000: system.cpu.rename: [tid:0] Register 4294967295 (flat: 4294967295) (invalid) is ready.
 183000: global: [sn:910] has 1 ready out of 4 sources. RTI 0)
 183000: system.cpu.rename: [tid:0] Looking up integer arch reg 0, got phys reg 45 (integer)
 183000: system.cpu.rename: [tid:0] Register 45 (flat: 45) (integer) is ready.
 183000: global: [sn:910] has 2 ready out of 4 sources. RTI 0)
 183000: system.cpu.rename: [tid:0] Looking up integer arch reg 17, got phys reg 100 (integer)
 183000: system.cpu.rename: [tid:0] Register 100 (flat: 100) (integer) is not ready.
 183000: system.cpu.rename: [tid:0] Looking up miscellaneous arch reg 155, got phys reg 155 (miscellaneous)
 183000: system.cpu.rename: [tid:0] Register 155 (flat: 0) (miscellaneous) is ready.
 183000: global: [sn:910] has 3 ready out of 4 sources. RTI 0)
 183000: system.cpu.rename: calcFreeLQEntries: free lqEntries: 115, loadsInProgress: 11, loads dispatchedToLQ: 4
 183000: system.cpu.rename: [tid:0] Processing instruction [sn:920] with PC (0x401055=>0x401057).(0=>1).
 183000: system.cpu.rename: [tid:0] Looking up invalid arch reg 0, got phys reg 4294967295 (invalid)
 183000: system.cpu.rename: [tid:0] Register 4294967295 (flat: 4294967295) (invalid) is ready.
 183000: global: [sn:920] has 1 ready out of 4 sources. RTI 0)
 183000: system.cpu.rename: [tid:0] Looking up integer arch reg 0, got phys reg 45 (integer)
 183000: system.cpu.rename: [tid:0] Register 45 (flat: 45) (integer) is ready.
 183000: global: [sn:920] has 2 ready out of 4 sources. RTI 0)
 183000: system.cpu.rename: [tid:0] Looking up integer arch reg 17, got phys reg 100 (integer)
 183000: system.cpu.rename: [tid:0] Register 100 (flat: 100) (integer) is not ready.
 183000: system.cpu.rename: [tid:0] Looking up miscellaneous arch reg 155, got phys reg 155 (miscellaneous)
 183000: system.cpu.rename: [tid:0] Register 155 (flat: 0) (miscellaneous) is ready.
 183000: global: [sn:920] has 3 ready out of 4 sources. RTI 0)
 183000: global: Renamed reg t1 to physical reg 101 (101) old mapping was 100 (100)
 183000: system.cpu.rename: [tid:0] Renaming arch reg 17 (integer) to physical reg 101 (101).
 183000: system.cpu.rename: [tid:0] [sn:920] Adding instruction to history buffer (size=205).
 183000: system.cpu.rename: [tid:0] Processing instruction [sn:930] with PC (0x401055=>0x401057).(1=>2).
 183000: system.cpu.rename: [tid:0] Looking up integer arch reg 17, got phys reg 101 (integer)
 183000: system.cpu.rename: [tid:0] Register 101 (flat: 101) (integer) is not ready.
 183000: system.cpu.rename: [tid:0] Looking up integer arch reg 0, got phys reg 45 (integer)
 183000: system.cpu.rename: [tid:0] Register 45 (flat: 45) (integer) is ready.
 183000: global: [sn:930] has 1 ready out of 8 sources. RTI 0)
 183000: system.cpu.rename: [tid:0] Looking up integer arch reg 17, got phys reg 101 (integer)
 183000: system.cpu.rename: [tid:0] Register 101 (flat: 101) (integer) is not ready.
 183000: system.cpu.rename: [tid:0] Looking up invalid arch reg 0, got phys reg 4294967295 (invalid)
 183000: system.cpu.rename: [tid:0] Register 4294967295 (flat: 4294967295) (invalid) is ready.
 183000: global: [sn:930] has 2 ready out of 8 sources. RTI 0)
 183000: system.cpu.rename: [tid:0] Looking up invalid arch reg 0, got phys reg 4294967295 (invalid)
 183000: system.cpu.rename: [tid:0] Register 4294967295 (flat: 4294967295) (invalid) is ready.
 183000: global: [sn:930] has 3 ready out of 8 sources. RTI 0)
 183000: system.cpu.rename: [tid:0] Looking up invalid arch reg 0, got phys reg 4294967295 (invalid)
 183000: system.cpu.rename: [tid:0] Register 4294967295 (flat: 4294967295) (invalid) is ready.
 183000: global: [sn:930] has 4 ready out of 8 sources. RTI 0)
 183000: system.cpu.rename: [tid:0] Looking up invalid arch reg 0, got phys reg 4294967295 (invalid)
 183000: system.cpu.rename: [tid:0] Register 4294967295 (flat: 4294967295) (invalid) is ready.
 183000: global: [sn:930] has 5 ready out of 8 sources. RTI 0)
 183000: system.cpu.rename: [tid:0] Looking up invalid arch reg 0, got phys reg 4294967295 (invalid)
 183000: system.cpu.rename: [tid:0] Register 4294967295 (flat: 4294967295) (invalid) is ready.
 183000: global: [sn:930] has 6 ready out of 8 sources. RTI 0)
 183000: global: Renamed reg t1 to physical reg 102 (102) old mapping was 101 (101)
 183000: system.cpu.rename: [tid:0] Renaming arch reg 17 (integer) to physical reg 102 (102).
 183000: system.cpu.rename: [tid:0] [sn:930] Adding instruction to history buffer (size=206).
 183000: global: Renamed reg condition_code[0] to physical reg 4791 (4791) old mapping was 4789 (4789)
 183000: system.cpu.rename: [tid:0] Renaming arch reg 0 (condition_code) to physical reg 65 (4791).
 183000: system.cpu.rename: [tid:0] [sn:930] Adding instruction to history buffer (size=207).
 183000: global: Renamed reg condition_code[1] to physical reg 4792 (4792) old mapping was 4790 (4790)
 183000: system.cpu.rename: [tid:0] Renaming arch reg 1 (condition_code) to physical reg 66 (4792).
 183000: system.cpu.rename: [tid:0] [sn:930] Adding instruction to history buffer (size=208).
 183000: system.cpu.rename: [tid:0] Renaming arch reg 0 (invalid) to physical reg 4294967295 (4294967295).
 183000: system.cpu.rename: [tid:0] [sn:930] Adding instruction to history buffer (size=209).
 183000: system.cpu.rename: [tid:0] Renaming arch reg 0 (invalid) to physical reg 4294967295 (4294967295).
 183000: system.cpu.rename: [tid:0] [sn:930] Adding instruction to history buffer (size=210).
 183000: system.cpu.rename: [tid:0] Renaming arch reg 0 (invalid) to physical reg 4294967295 (4294967295).
 183000: system.cpu.rename: [tid:0] [sn:930] Adding instruction to history buffer (size=211).
 183000: system.cpu.rename: calcFreeSQEntries: free sqEntries: 55, storesInProgress: 11, stores dispatchedToSQ: 3
 183000: system.cpu.rename: [tid:0] Processing instruction [sn:940] with PC (0x401055=>0x401057).(2=>3).
 183000: system.cpu.rename: [tid:0] Looking up invalid arch reg 0, got phys reg 4294967295 (invalid)
 183000: system.cpu.rename: [tid:0] Register 4294967295 (flat: 4294967295) (invalid) is ready.
 183000: global: [sn:940] has 1 ready out of 4 sources. RTI 0)
 183000: system.cpu.rename: [tid:0] Looking up integer arch reg 0, got phys reg 45 (integer)
 183000: system.cpu.rename: [tid:0] Register 45 (flat: 45) (integer) is ready.
 183000: global: [sn:940] has 2 ready out of 4 sources. RTI 0)
 183000: system.cpu.rename: [tid:0] Looking up integer arch reg 17, got phys reg 102 (integer)
 183000: system.cpu.rename: [tid:0] Register 102 (flat: 102) (integer) is not ready.
 183000: system.cpu.rename: [tid:0] Looking up miscellaneous arch reg 155, got phys reg 155 (miscellaneous)
 183000: system.cpu.rename: [tid:0] Register 155 (flat: 0) (miscellaneous) is ready.
 183000: global: [sn:940] has 3 ready out of 4 sources. RTI 0)
 183000: system.cpu.rename: calcFreeLQEntries: free lqEntries: 115, loadsInProgress: 12, loads dispatchedToLQ: 4
 183000: system.cpu.rename: [tid:0] Processing instruction [sn:950] with PC (0x401057=>0x401059).(0=>1).
 183000: system.cpu.rename: [tid:0] Looking up invalid arch reg 0, got phys reg 4294967295 (invalid)
 183000: system.cpu.rename: [tid:0] Register 4294967295 (flat: 4294967295) (invalid) is ready.
 183000: global: [sn:950] has 1 ready out of 4 sources. RTI 0)
 183000: system.cpu.rename: [tid:0] Looking up integer arch reg 0, got phys reg 45 (integer)
 183000: system.cpu.rename: [tid:0] Register 45 (flat: 45) (integer) is ready.
 183000: global: [sn:950] has 2 ready out of 4 sources. RTI 0)
 183000: system.cpu.rename: [tid:0] Looking up integer arch reg 17, got phys reg 102 (integer)
 183000: system.cpu.rename: [tid:0] Register 102 (flat: 102) (integer) is not ready.
 183000: system.cpu.rename: [tid:0] Looking up miscellaneous arch reg 155, got phys reg 155 (miscellaneous)
 183000: system.cpu.rename: [tid:0] Register 155 (flat: 0) (miscellaneous) is ready.
 183000: global: [sn:950] has 3 ready out of 4 sources. RTI 0)
 183000: global: Renamed reg t1 to physical reg 103 (103) old mapping was 102 (102)
 183000: system.cpu.rename: [tid:0] Renaming arch reg 17 (integer) to physical reg 103 (103).
 183000: system.cpu.rename: [tid:0] [sn:950] Adding instruction to history buffer (size=212).
 183000: system.cpu.rename: [tid:0] Processing instruction [sn:960] with PC (0x401057=>0x401059).(1=>2).
 183000: system.cpu.rename: [tid:0] Looking up integer arch reg 17, got phys reg 103 (integer)
 183000: system.cpu.rename: [tid:0] Register 103 (flat: 103) (integer) is not ready.
 183000: system.cpu.rename: [tid:0] Looking up integer arch reg 0, got phys reg 45 (integer)
 183000: system.cpu.rename: [tid:0] Register 45 (flat: 45) (integer) is ready.
 183000: global: [sn:960] has 1 ready out of 8 sources. RTI 0)
 183000: system.cpu.rename: [tid:0] Looking up integer arch reg 17, got phys reg 103 (integer)
 183000: system.cpu.rename: [tid:0] Register 103 (flat: 103) (integer) is not ready.
 183000: system.cpu.rename: [tid:0] Looking up invalid arch reg 0, got phys reg 4294967295 (invalid)
 183000: system.cpu.rename: [tid:0] Register 4294967295 (flat: 4294967295) (invalid) is ready.
 183000: global: [sn:960] has 2 ready out of 8 sources. RTI 0)
 183000: system.cpu.rename: [tid:0] Looking up invalid arch reg 0, got phys reg 4294967295 (invalid)
 183000: system.cpu.rename: [tid:0] Register 4294967295 (flat: 4294967295) (invalid) is ready.
 183000: global: [sn:960] has 3 ready out of 8 sources. RTI 0)
 183000: system.cpu.rename: [tid:0] Looking up invalid arch reg 0, got phys reg 4294967295 (invalid)
 183000: system.cpu.rename: [tid:0] Register 4294967295 (flat: 4294967295) (invalid) is ready.
 183000: global: [sn:960] has 4 ready out of 8 sources. RTI 0)
 183000: system.cpu.rename: [tid:0] Looking up invalid arch reg 0, got phys reg 4294967295 (invalid)
 183000: system.cpu.rename: [tid:0] Register 4294967295 (flat: 4294967295) (invalid) is ready.
 183000: global: [sn:960] has 5 ready out of 8 sources. RTI 0)
 183000: system.cpu.rename: [tid:0] Looking up invalid arch reg 0, got phys reg 4294967295 (invalid)
 183000: system.cpu.rename: [tid:0] Register 4294967295 (flat: 4294967295) (invalid) is ready.
 183000: global: [sn:960] has 6 ready out of 8 sources. RTI 0)
 183000: global: Renamed reg t1 to physical reg 104 (104) old mapping was 103 (103)
 183000: system.cpu.rename: [tid:0] Renaming arch reg 17 (integer) to physical reg 104 (104).
 183000: system.cpu.rename: [tid:0] [sn:960] Adding instruction to history buffer (size=213).
 183000: global: Renamed reg condition_code[0] to physical reg 4793 (4793) old mapping was 4791 (4791)
 183000: system.cpu.rename: [tid:0] Renaming arch reg 0 (condition_code) to physical reg 67 (4793).
 183000: system.cpu.rename: [tid:0] [sn:960] Adding instruction to history buffer (size=214).
 183000: global: Renamed reg condition_code[1] to physical reg 4794 (4794) old mapping was 4792 (4792)
 183000: system.cpu.rename: [tid:0] Renaming arch reg 1 (condition_code) to physical reg 68 (4794).
 183000: system.cpu.rename: [tid:0] [sn:960] Adding instruction to history buffer (size=215).
 183000: system.cpu.rename: [tid:0] Renaming arch reg 0 (invalid) to physical reg 4294967295 (4294967295).
 183000: system.cpu.rename: [tid:0] [sn:960] Adding instruction to history buffer (size=216).
 183000: system.cpu.rename: [tid:0] Renaming arch reg 0 (invalid) to physical reg 4294967295 (4294967295).
 183000: system.cpu.rename: [tid:0] [sn:960] Adding instruction to history buffer (size=217).
 183000: system.cpu.rename: [tid:0] Renaming arch reg 0 (invalid) to physical reg 4294967295 (4294967295).
 183000: system.cpu.rename: [tid:0] [sn:960] Adding instruction to history buffer (size=218).
 183000: system.cpu.rename: calcFreeSQEntries: free sqEntries: 55, storesInProgress: 12, stores dispatchedToSQ: 3
 183000: system.cpu.rename: [tid:0] Processing instruction [sn:970] with PC (0x401057=>0x401059).(2=>3).
 183000: system.cpu.rename: [tid:0] Looking up invalid arch reg 0, got phys reg 4294967295 (invalid)
 183000: system.cpu.rename: [tid:0] Register 4294967295 (flat: 4294967295) (invalid) is ready.
 183000: global: [sn:970] has 1 ready out of 4 sources. RTI 0)
 183000: system.cpu.rename: [tid:0] Looking up integer arch reg 0, got phys reg 45 (integer)
 183000: system.cpu.rename: [tid:0] Register 45 (flat: 45) (integer) is ready.
 183000: global: [sn:970] has 2 ready out of 4 sources. RTI 0)
 183000: system.cpu.rename: [tid:0] Looking up integer arch reg 17, got phys reg 104 (integer)
 183000: system.cpu.rename: [tid:0] Register 104 (flat: 104) (integer) is not ready.
 183000: system.cpu.rename: [tid:0] Looking up miscellaneous arch reg 155, got phys reg 155 (miscellaneous)
 183000: system.cpu.rename: [tid:0] Register 155 (flat: 0) (miscellaneous) is ready.
 183000: global: [sn:970] has 3 ready out of 4 sources. RTI 0)
 183000: system.cpu.rename: calcFreeLQEntries: free lqEntries: 115, loadsInProgress: 13, loads dispatchedToLQ: 4
 183000: system.cpu.rename: [tid:0] Processing instruction [sn:980] with PC (0x401059=>0x40105b).(0=>1).
 183000: system.cpu.rename: [tid:0] Looking up invalid arch reg 0, got phys reg 4294967295 (invalid)
 183000: system.cpu.rename: [tid:0] Register 4294967295 (flat: 4294967295) (invalid) is ready.
 183000: global: [sn:980] has 1 ready out of 4 sources. RTI 0)
 183000: system.cpu.rename: [tid:0] Looking up integer arch reg 0, got phys reg 45 (integer)
 183000: system.cpu.rename: [tid:0] Register 45 (flat: 45) (integer) is ready.
 183000: global: [sn:980] has 2 ready out of 4 sources. RTI 0)
 183000: system.cpu.rename: [tid:0] Looking up integer arch reg 17, got phys reg 104 (integer)
 183000: system.cpu.rename: [tid:0] Register 104 (flat: 104) (integer) is not ready.
 183000: system.cpu.rename: [tid:0] Looking up miscellaneous arch reg 155, got phys reg 155 (miscellaneous)
 183000: system.cpu.rename: [tid:0] Register 155 (flat: 0) (miscellaneous) is ready.
 183000: global: [sn:980] has 3 ready out of 4 sources. RTI 0)
 183000: global: Renamed reg t1 to physical reg 105 (105) old mapping was 104 (104)
 183000: system.cpu.rename: [tid:0] Renaming arch reg 17 (integer) to physical reg 105 (105).
 183000: system.cpu.rename: [tid:0] [sn:980] Adding instruction to history buffer (size=219).
 183000: system.cpu.rename: Activity this cycle.
 183000: system.cpu.iew: Issue: Processing [tid:0]
 183000: system.cpu.iew: [tid:0] Not blocked, so attempting to run dispatch.
 183000: system.cpu.iew: [tid:0] Issue: Adding PC (0x401045=>0x401047).(1=>2) [sn:690] [tid:0] to IQ.
 183000: system.cpu.iq: Adding instruction [sn:690] PC (0x401045=>0x401047).(1=>2) to the IQ.
 183000: system.cpu.iq: Instruction PC (0x401045=>0x401047).(1=>2) has src reg 85 (integer) that is being added to the dependency chain.
 183000: system.cpu.iq: Instruction PC (0x401045=>0x401047).(1=>2) has src reg 85 (integer) that is being added to the dependency chain.
 183000: system.cpu.iew: [tid:0] Issue: Adding PC (0x401045=>0x401047).(2=>3) [sn:700] [tid:0] to IQ.
 183000: system.cpu.iew: [tid:0] Issue: Memory instruction encountered, adding to LSQ.
 183000: system.cpu.iew.lsq.thread0: Inserting store PC (0x401045=>0x401047).(2=>3), idx:20 [sn:700]
 183000: system.cpu.iq: Adding instruction [sn:700] PC (0x401045=>0x401047).(2=>3) to the IQ.
 183000: system.cpu.iq: Instruction PC (0x401045=>0x401047).(2=>3) has src reg 86 (integer) that is being added to the dependency chain.
 183000: memdepentry: Memory dependency entry created. memdep_count=41 (0x401045=>0x401047).(2=>3)
 183000: system.cpu.memDep0: No dependency for inst PC (0x401045=>0x401047).(2=>3) [sn:700].
 183000: system.cpu.memDep0: Inserting store/atomic PC (0x401045=>0x401047).(2=>3) [sn:700].
 183000: system.cpu.iew: [tid:0] Issue: Adding PC (0x401047=>0x401049).(0=>1) [sn:710] [tid:0] to IQ.
 183000: system.cpu.iew: [tid:0] Issue: Memory instruction encountered, adding to LSQ.
 183000: system.cpu.iew.lsq.thread0: Inserting load PC (0x401047=>0x401049).(0=>1), idx:21 [sn:710]
 183000: system.cpu.iq: Adding instruction [sn:710] PC (0x401047=>0x401049).(0=>1) to the IQ.
 183000: system.cpu.iq: Instruction PC (0x401047=>0x401049).(0=>1) has src reg 86 (integer) that is being added to the dependency chain.
 183000: memdepentry: Memory dependency entry created. memdep_count=42 (0x401047=>0x401049).(0=>1)
 183000: system.cpu.memDep0: No dependency for inst PC (0x401047=>0x401049).(0=>1) [sn:710].
 183000: system.cpu.iew: [tid:0] Issue: Adding PC (0x401047=>0x401049).(1=>2) [sn:720] [tid:0] to IQ.
 183000: system.cpu.iq: Adding instruction [sn:720] PC (0x401047=>0x401049).(1=>2) to the IQ.
 183000: system.cpu.iq: Instruction PC (0x401047=>0x401049).(1=>2) has src reg 87 (integer) that is being added to the dependency chain.
 183000: system.cpu.iq: Instruction PC (0x401047=>0x401049).(1=>2) has src reg 87 (integer) that is being added to the dependency chain.
 183000: system.cpu.iew: [tid:0] Issue: Adding PC (0x401047=>0x401049).(2=>3) [sn:730] [tid:0] to IQ.
 183000: system.cpu.iew: [tid:0] Issue: Memory instruction encountered, adding to LSQ.
 183000: system.cpu.iew.lsq.thread0: Inserting store PC (0x401047=>0x401049).(2=>3), idx:21 [sn:730]
 183000: system.cpu.iq: Adding instruction [sn:730] PC (0x401047=>0x401049).(2=>3) to the IQ.
 183000: system.cpu.iq: Instruction PC (0x401047=>0x401049).(2=>3) has src reg 88 (integer) that is being added to the dependency chain.
 183000: memdepentry: Memory dependency entry created. memdep_count=43 (0x401047=>0x401049).(2=>3)
 183000: system.cpu.memDep0: No dependency for inst PC (0x401047=>0x401049).(2=>3) [sn:730].
 183000: system.cpu.memDep0: Inserting store/atomic PC (0x401047=>0x401049).(2=>3) [sn:730].
 183000: system.cpu.iew: [tid:0] Issue: Adding PC (0x401049=>0x40104b).(0=>1) [sn:740] [tid:0] to IQ.
 183000: system.cpu.iew: [tid:0] Issue: Memory instruction encountered, adding to LSQ.
 183000: system.cpu.iew.lsq.thread0: Inserting load PC (0x401049=>0x40104b).(0=>1), idx:22 [sn:740]
 183000: system.cpu.iq: Adding instruction [sn:740] PC (0x401049=>0x40104b).(0=>1) to the IQ.
 183000: system.cpu.iq: Instruction PC (0x401049=>0x40104b).(0=>1) has src reg 88 (integer) that is being added to the dependency chain.
 183000: memdepentry: Memory dependency entry created. memdep_count=44 (0x401049=>0x40104b).(0=>1)
 183000: system.cpu.memDep0: No dependency for inst PC (0x401049=>0x40104b).(0=>1) [sn:740].
 183000: system.cpu.iew: [tid:0] Issue: Adding PC (0x401049=>0x40104b).(1=>2) [sn:750] [tid:0] to IQ.
 183000: system.cpu.iq: Adding instruction [sn:750] PC (0x401049=>0x40104b).(1=>2) to the IQ.
 183000: system.cpu.iq: Instruction PC (0x401049=>0x40104b).(1=>2) has src reg 89 (integer) that is being added to the dependency chain.
 183000: system.cpu.iq: Instruction PC (0x401049=>0x40104b).(1=>2) has src reg 89 (integer) that is being added to the dependency chain.
 183000: system.cpu.iew: [tid:0] Issue: Adding PC (0x401049=>0x40104b).(2=>3) [sn:760] [tid:0] to IQ.
 183000: system.cpu.iew: [tid:0] Issue: Memory instruction encountered, adding to LSQ.
 183000: system.cpu.iew.lsq.thread0: Inserting store PC (0x401049=>0x40104b).(2=>3), idx:22 [sn:760]
 183000: system.cpu.iq: Adding instruction [sn:760] PC (0x401049=>0x40104b).(2=>3) to the IQ.
 183000: system.cpu.iq: Instruction PC (0x401049=>0x40104b).(2=>3) has src reg 90 (integer) that is being added to the dependency chain.
 183000: memdepentry: Memory dependency entry created. memdep_count=45 (0x401049=>0x40104b).(2=>3)
 183000: system.cpu.memDep0: No dependency for inst PC (0x401049=>0x40104b).(2=>3) [sn:760].
 183000: system.cpu.memDep0: Inserting store/atomic PC (0x401049=>0x40104b).(2=>3) [sn:760].
 183000: system.cpu.iew: [tid:0] Issue: Adding PC (0x40104b=>0x40104d).(0=>1) [sn:770] [tid:0] to IQ.
 183000: system.cpu.iew: [tid:0] Issue: Memory instruction encountered, adding to LSQ.
 183000: system.cpu.iew.lsq.thread0: Inserting load PC (0x40104b=>0x40104d).(0=>1), idx:23 [sn:770]
 183000: system.cpu.iq: Adding instruction [sn:770] PC (0x40104b=>0x40104d).(0=>1) to the IQ.
 183000: system.cpu.iq: Instruction PC (0x40104b=>0x40104d).(0=>1) has src reg 90 (integer) that is being added to the dependency chain.
 183000: memdepentry: Memory dependency entry created. memdep_count=46 (0x40104b=>0x40104d).(0=>1)
 183000: system.cpu.memDep0: No dependency for inst PC (0x40104b=>0x40104d).(0=>1) [sn:770].
 183000: system.cpu.iew: [tid:0] Issue: Adding PC (0x40104b=>0x40104d).(1=>2) [sn:780] [tid:0] to IQ.
 183000: system.cpu.iq: Adding instruction [sn:780] PC (0x40104b=>0x40104d).(1=>2) to the IQ.
 183000: system.cpu.iq: Instruction PC (0x40104b=>0x40104d).(1=>2) has src reg 91 (integer) that is being added to the dependency chain.
 183000: system.cpu.iq: Instruction PC (0x40104b=>0x40104d).(1=>2) has src reg 91 (integer) that is being added to the dependency chain.
 183000: system.cpu.iq: Attempting to schedule ready instructions from the IQ.
 183000: system.cpu.iq: Not able to schedule any instructions.
 183000: system.cpu.iew.lsq: [tid:0] Writing back stores. 1 stores available for Writeback.
 183000: system.cpu.iew: Processing [tid:0]
 183000: system.cpu.iew: [tid:0], Dispatch dispatched 10 instructions.
 183000: system.cpu.iew.lsq.thread0: SQ size: 72, #stores occupied: 23
 183000: system.cpu.iew.lsq.thread0: LQ size: 132, #loads occupied: 24
 183000: system.cpu.iew: IQ has 490 free entries (Can schedule: 0).  LQ has 108 free entries. SQ has 49 free entries.
 183000: system.cpu.commit: Getting instructions from Rename stage.
 183000: system.cpu.commit: [tid:0] [sn:790] Inserting PC (0x40104b=>0x40104d).(2=>3) into ROB.
 183000: system.cpu.rob: Adding inst PC (0x40104b=>0x40104d).(2=>3) to the ROB.
 183000: system.cpu.rob: [tid:0] Now has 75 instructions.
 183000: system.cpu.commit: [tid:0] [sn:800] Inserting PC (0x40104d=>0x40104f).(0=>1) into ROB.
 183000: system.cpu.rob: Adding inst PC (0x40104d=>0x40104f).(0=>1) to the ROB.
 183000: system.cpu.rob: [tid:0] Now has 76 instructions.
 183000: system.cpu.commit: [tid:0] [sn:810] Inserting PC (0x40104d=>0x40104f).(1=>2) into ROB.
 183000: system.cpu.rob: Adding inst PC (0x40104d=>0x40104f).(1=>2) to the ROB.
 183000: system.cpu.rob: [tid:0] Now has 77 instructions.
 183000: system.cpu.commit: [tid:0] [sn:820] Inserting PC (0x40104d=>0x40104f).(2=>3) into ROB.
 183000: system.cpu.rob: Adding inst PC (0x40104d=>0x40104f).(2=>3) to the ROB.
 183000: system.cpu.rob: [tid:0] Now has 78 instructions.
 183000: system.cpu.commit: [tid:0] [sn:830] Inserting PC (0x40104f=>0x401051).(0=>1) into ROB.
 183000: system.cpu.rob: Adding inst PC (0x40104f=>0x401051).(0=>1) to the ROB.
 183000: system.cpu.rob: [tid:0] Now has 79 instructions.
 183000: system.cpu.commit: [tid:0] [sn:840] Inserting PC (0x40104f=>0x401051).(1=>2) into ROB.
 183000: system.cpu.rob: Adding inst PC (0x40104f=>0x401051).(1=>2) to the ROB.
 183000: system.cpu.rob: [tid:0] Now has 80 instructions.
 183000: system.cpu.commit: [tid:0] [sn:850] Inserting PC (0x40104f=>0x401051).(2=>3) into ROB.
 183000: system.cpu.rob: Adding inst PC (0x40104f=>0x401051).(2=>3) to the ROB.
 183000: system.cpu.rob: [tid:0] Now has 81 instructions.
 183000: system.cpu.commit: [tid:0] [sn:860] Inserting PC (0x401051=>0x401053).(0=>1) into ROB.
 183000: system.cpu.rob: Adding inst PC (0x401051=>0x401053).(0=>1) to the ROB.
 183000: system.cpu.rob: [tid:0] Now has 82 instructions.
 183000: system.cpu.commit: [tid:0] [sn:870] Inserting PC (0x401051=>0x401053).(1=>2) into ROB.
 183000: system.cpu.rob: Adding inst PC (0x401051=>0x401053).(1=>2) to the ROB.
 183000: system.cpu.rob: [tid:0] Now has 83 instructions.
 183000: system.cpu.commit: [tid:0] [sn:880] Inserting PC (0x401051=>0x401053).(2=>3) into ROB.
 183000: system.cpu.rob: Adding inst PC (0x401051=>0x401053).(2=>3) to the ROB.
 183000: system.cpu.rob: [tid:0] Now has 84 instructions.
 183000: system.cpu.commit: Trying to commit instructions in the ROB.
 183000: system.cpu.commit: [tid:0] Can't commit, Instruction [sn:50] PC (0x40100b=>0x40100f).(0=>1) is head of ROB and not ready
 183000: system.cpu.commit: [tid:0] ROB has 84 insts & 834 free entries.
 183000: system.cpu.commit: Activity This Cycle.
 183000: system.cpu: Scheduling next tick!
 184000: system.cpu: CPU already running.
 184000: system.cpu: Activity: 8
 184000: system.cpu.iew.lsq.thread0: Completing store [sn:40], idx:0, store head idx:1
O3PipeView:fetch:87000:0x00401004:1:40:  MOV_M_I : st   t1d, SS:[t0 + rsp]
O3PipeView:decode:88000
O3PipeView:rename:89000
O3PipeView:dispatch:91000
O3PipeView:issue:93000
O3PipeView:complete:94000
O3PipeView:retire:96000:store:184000
 184000: global: DynInst: [sn:40] Instruction destroyed. Instcount for system.cpu = 114
 184000: system.cpu: 

O3CPU: Ticking main, O3CPU.
 184000: system.cpu.fetch: Running stage.
 184000: system.cpu.fetch: Attempting to fetch from [tid:0]
 184000: system.cpu.fetch: [tid:0] Adding instructions to queue to decode.
 184000: system.cpu.decoder: Decode: Decoded add instruction: 
{
	leg = 0,
	rex = 0,
	vex/xop = 0,
	op = {
		type = one byte,
		op = 0,
		},
	modRM = 0,
	sib = 0,
	immediate = 0,
	displacement = 0
	dispSize = 0}

 184000: global: DynInst: [sn:1190] Instruction created. Instcount for system.cpu = 115
 184000: system.cpu.fetch: [tid:0] Instruction PC (0x401067=>0x401069).(0=>1) created [sn:1190].
 184000: system.cpu.fetch: [tid:0] Instruction is:   ADD_M_R : ldst   t1b, DS:[rax]
 184000: system.cpu.fetch: [tid:0] Fetch queue entry created (1/128).
 184000: global: DynInst: [sn:1200] Instruction created. Instcount for system.cpu = 116
 184000: system.cpu.fetch: [tid:0] Instruction PC (0x401067=>0x401069).(1=>2) created [sn:1200].
 184000: system.cpu.fetch: [tid:0] Instruction is:   ADD_M_R : add   t1b, t1b, al
 184000: system.cpu.fetch: [tid:0] Fetch queue entry created (2/128).
 184000: global: DynInst: [sn:1210] Instruction created. Instcount for system.cpu = 117
 184000: system.cpu.fetch: [tid:0] Instruction PC (0x401067=>0x401069).(2=>3) created [sn:1210].
 184000: system.cpu.fetch: [tid:0] Instruction is:   ADD_M_R : st   t1b, DS:[rax]
 184000: system.cpu.fetch: [tid:0] Fetch queue entry created (3/128).
 184000: system.cpu.decoder: Decode: Decoded add instruction: 
{
	leg = 0,
	rex = 0,
	vex/xop = 0,
	op = {
		type = one byte,
		op = 0,
		},
	modRM = 0,
	sib = 0,
	immediate = 0,
	displacement = 0
	dispSize = 0}

 184000: global: DynInst: [sn:1220] Instruction created. Instcount for system.cpu = 118
 184000: system.cpu.fetch: [tid:0] Instruction PC (0x401069=>0x40106b).(0=>1) created [sn:1220].
 184000: system.cpu.fetch: [tid:0] Instruction is:   ADD_M_R : ldst   t1b, DS:[rax]
 184000: system.cpu.fetch: [tid:0] Fetch queue entry created (4/128).
 184000: global: DynInst: [sn:1230] Instruction created. Instcount for system.cpu = 119
 184000: system.cpu.fetch: [tid:0] Instruction PC (0x401069=>0x40106b).(1=>2) created [sn:1230].
 184000: system.cpu.fetch: [tid:0] Instruction is:   ADD_M_R : add   t1b, t1b, al
 184000: system.cpu.fetch: [tid:0] Fetch queue entry created (5/128).
 184000: global: DynInst: [sn:1240] Instruction created. Instcount for system.cpu = 120
 184000: system.cpu.fetch: [tid:0] Instruction PC (0x401069=>0x40106b).(2=>3) created [sn:1240].
 184000: system.cpu.fetch: [tid:0] Instruction is:   ADD_M_R : st   t1b, DS:[rax]
 184000: system.cpu.fetch: [tid:0] Fetch queue entry created (6/128).
 184000: system.cpu.decoder: Decode: Decoded add instruction: 
{
	leg = 0,
	rex = 0,
	vex/xop = 0,
	op = {
		type = one byte,
		op = 0,
		},
	modRM = 0,
	sib = 0,
	immediate = 0,
	displacement = 0
	dispSize = 0}

 184000: global: DynInst: [sn:1250] Instruction created. Instcount for system.cpu = 121
 184000: system.cpu.fetch: [tid:0] Instruction PC (0x40106b=>0x40106d).(0=>1) created [sn:1250].
 184000: system.cpu.fetch: [tid:0] Instruction is:   ADD_M_R : ldst   t1b, DS:[rax]
 184000: system.cpu.fetch: [tid:0] Fetch queue entry created (7/128).
 184000: global: DynInst: [sn:1260] Instruction created. Instcount for system.cpu = 122
 184000: system.cpu.fetch: [tid:0] Instruction PC (0x40106b=>0x40106d).(1=>2) created [sn:1260].
 184000: system.cpu.fetch: [tid:0] Instruction is:   ADD_M_R : add   t1b, t1b, al
 184000: system.cpu.fetch: [tid:0] Fetch queue entry created (8/128).
 184000: global: DynInst: [sn:1270] Instruction created. Instcount for system.cpu = 123
 184000: system.cpu.fetch: [tid:0] Instruction PC (0x40106b=>0x40106d).(2=>3) created [sn:1270].
 184000: system.cpu.fetch: [tid:0] Instruction is:   ADD_M_R : st   t1b, DS:[rax]
 184000: system.cpu.fetch: [tid:0] Fetch queue entry created (9/128).
 184000: system.cpu.decoder: Decode: Decoded add instruction: 
{
	leg = 0,
	rex = 0,
	vex/xop = 0,
	op = {
		type = one byte,
		op = 0,
		},
	modRM = 0,
	sib = 0,
	immediate = 0,
	displacement = 0
	dispSize = 0}

 184000: global: DynInst: [sn:1280] Instruction created. Instcount for system.cpu = 124
 184000: system.cpu.fetch: [tid:0] Instruction PC (0x40106d=>0x40106f).(0=>1) created [sn:1280].
 184000: system.cpu.fetch: [tid:0] Instruction is:   ADD_M_R : ldst   t1b, DS:[rax]
 184000: system.cpu.fetch: [tid:0] Fetch queue entry created (10/128).
 184000: system.cpu.fetch: [tid:0] Done fetching, reached fetch bandwidth for this cycle.
 184000: system.cpu.fetch: [tid:0] [sn:1190] Sending instruction to decode from fetch queue. Fetch queue size: 10.
 184000: system.cpu.fetch: [tid:0] [sn:1200] Sending instruction to decode from fetch queue. Fetch queue size: 9.
 184000: system.cpu.fetch: [tid:0] [sn:1210] Sending instruction to decode from fetch queue. Fetch queue size: 8.
 184000: system.cpu.fetch: [tid:0] [sn:1220] Sending instruction to decode from fetch queue. Fetch queue size: 7.
 184000: system.cpu.fetch: [tid:0] [sn:1230] Sending instruction to decode from fetch queue. Fetch queue size: 6.
 184000: system.cpu.fetch: [tid:0] [sn:1240] Sending instruction to decode from fetch queue. Fetch queue size: 5.
 184000: system.cpu.fetch: [tid:0] [sn:1250] Sending instruction to decode from fetch queue. Fetch queue size: 4.
 184000: system.cpu.fetch: [tid:0] [sn:1260] Sending instruction to decode from fetch queue. Fetch queue size: 3.
 184000: system.cpu.fetch: [tid:0] [sn:1270] Sending instruction to decode from fetch queue. Fetch queue size: 2.
 184000: system.cpu.fetch: [tid:0] [sn:1280] Sending instruction to decode from fetch queue. Fetch queue size: 1.
 184000: system.cpu.fetch: Activity this cycle.
 184000: system.cpu.decode: Processing [tid:0]
 184000: system.cpu.decode: [tid:0] Not blocked, so attempting to run stage.
 184000: system.cpu.decode: [tid:0] Sending instruction to rename.
 184000: system.cpu.decode: [tid:0] Processing instruction [sn:1090] with PC (0x40105f=>0x401061).(2=>3)
 184000: system.cpu.decode: [tid:0] Processing instruction [sn:1100] with PC (0x401061=>0x401063).(0=>1)
 184000: system.cpu.decode: [tid:0] Processing instruction [sn:1110] with PC (0x401061=>0x401063).(1=>2)
 184000: system.cpu.decode: [tid:0] Processing instruction [sn:1120] with PC (0x401061=>0x401063).(2=>3)
 184000: system.cpu.decode: [tid:0] Processing instruction [sn:1130] with PC (0x401063=>0x401065).(0=>1)
 184000: system.cpu.decode: [tid:0] Processing instruction [sn:1140] with PC (0x401063=>0x401065).(1=>2)
 184000: system.cpu.decode: [tid:0] Processing instruction [sn:1150] with PC (0x401063=>0x401065).(2=>3)
 184000: system.cpu.decode: [tid:0] Processing instruction [sn:1160] with PC (0x401065=>0x401067).(0=>1)
 184000: system.cpu.decode: [tid:0] Processing instruction [sn:1170] with PC (0x401065=>0x401067).(1=>2)
 184000: system.cpu.decode: [tid:0] Processing instruction [sn:1180] with PC (0x401065=>0x401067).(2=>3)
 184000: system.cpu.decode: Activity this cycle.
 184000: system.cpu.rename: Processing [tid:0]
 184000: system.cpu.rename: [tid:0] Free IQ: 510, Free ROB: 834, Free LQ: 115, Free SQ: 55, FreeRM 127(815 870 917 1834 127 8 4523)
 184000: system.cpu.rename: [tid:0] 30 instructions not yet in ROB
 184000: system.cpu.rename: calcFreeLQEntries: free lqEntries: 115, loadsInProgress: 10, loads dispatchedToLQ: 3
 184000: system.cpu.rename: [tid:0] Not blocked, so attempting to run stage.
 184000: system.cpu.rename: [tid:0] 10 available instructions to send iew.
 184000: system.cpu.rename: [tid:0] 30 insts pipelining from Rename | 10 insts dispatched to IQ last cycle.
 184000: system.cpu.rename: [tid:0] Sending instructions to IEW.
 184000: system.cpu.rename: [tid:0] Processing instruction [sn:990] with PC (0x401059=>0x40105b).(1=>2).
 184000: system.cpu.rename: [tid:0] Looking up integer arch reg 17, got phys reg 105 (integer)
 184000: system.cpu.rename: [tid:0] Register 105 (flat: 105) (integer) is not ready.
 184000: system.cpu.rename: [tid:0] Looking up integer arch reg 0, got phys reg 45 (integer)
 184000: system.cpu.rename: [tid:0] Register 45 (flat: 45) (integer) is ready.
 184000: global: [sn:990] has 1 ready out of 8 sources. RTI 0)
 184000: system.cpu.rename: [tid:0] Looking up integer arch reg 17, got phys reg 105 (integer)
 184000: system.cpu.rename: [tid:0] Register 105 (flat: 105) (integer) is not ready.
 184000: system.cpu.rename: [tid:0] Looking up invalid arch reg 0, got phys reg 4294967295 (invalid)
 184000: system.cpu.rename: [tid:0] Register 4294967295 (flat: 4294967295) (invalid) is ready.
 184000: global: [sn:990] has 2 ready out of 8 sources. RTI 0)
 184000: system.cpu.rename: [tid:0] Looking up invalid arch reg 0, got phys reg 4294967295 (invalid)
 184000: system.cpu.rename: [tid:0] Register 4294967295 (flat: 4294967295) (invalid) is ready.
 184000: global: [sn:990] has 3 ready out of 8 sources. RTI 0)
 184000: system.cpu.rename: [tid:0] Looking up invalid arch reg 0, got phys reg 4294967295 (invalid)
 184000: system.cpu.rename: [tid:0] Register 4294967295 (flat: 4294967295) (invalid) is ready.
 184000: global: [sn:990] has 4 ready out of 8 sources. RTI 0)
 184000: system.cpu.rename: [tid:0] Looking up invalid arch reg 0, got phys reg 4294967295 (invalid)
 184000: system.cpu.rename: [tid:0] Register 4294967295 (flat: 4294967295) (invalid) is ready.
 184000: global: [sn:990] has 5 ready out of 8 sources. RTI 0)
 184000: system.cpu.rename: [tid:0] Looking up invalid arch reg 0, got phys reg 4294967295 (invalid)
 184000: system.cpu.rename: [tid:0] Register 4294967295 (flat: 4294967295) (invalid) is ready.
 184000: global: [sn:990] has 6 ready out of 8 sources. RTI 0)
 184000: global: Renamed reg t1 to physical reg 106 (106) old mapping was 105 (105)
 184000: system.cpu.rename: [tid:0] Renaming arch reg 17 (integer) to physical reg 106 (106).
 184000: system.cpu.rename: [tid:0] [sn:990] Adding instruction to history buffer (size=220).
 184000: global: Renamed reg condition_code[0] to physical reg 4795 (4795) old mapping was 4793 (4793)
 184000: system.cpu.rename: [tid:0] Renaming arch reg 0 (condition_code) to physical reg 69 (4795).
 184000: system.cpu.rename: [tid:0] [sn:990] Adding instruction to history buffer (size=221).
 184000: global: Renamed reg condition_code[1] to physical reg 4796 (4796) old mapping was 4794 (4794)
 184000: system.cpu.rename: [tid:0] Renaming arch reg 1 (condition_code) to physical reg 70 (4796).
 184000: system.cpu.rename: [tid:0] [sn:990] Adding instruction to history buffer (size=222).
 184000: system.cpu.rename: [tid:0] Renaming arch reg 0 (invalid) to physical reg 4294967295 (4294967295).
 184000: system.cpu.rename: [tid:0] [sn:990] Adding instruction to history buffer (size=223).
 184000: system.cpu.rename: [tid:0] Renaming arch reg 0 (invalid) to physical reg 4294967295 (4294967295).
 184000: system.cpu.rename: [tid:0] [sn:990] Adding instruction to history buffer (size=224).
 184000: system.cpu.rename: [tid:0] Renaming arch reg 0 (invalid) to physical reg 4294967295 (4294967295).
 184000: system.cpu.rename: [tid:0] [sn:990] Adding instruction to history buffer (size=225).
 184000: system.cpu.rename: calcFreeSQEntries: free sqEntries: 55, storesInProgress: 10, stores dispatchedToSQ: 3
 184000: system.cpu.rename: [tid:0] Processing instruction [sn:1000] with PC (0x401059=>0x40105b).(2=>3).
 184000: system.cpu.rename: [tid:0] Looking up invalid arch reg 0, got phys reg 4294967295 (invalid)
 184000: system.cpu.rename: [tid:0] Register 4294967295 (flat: 4294967295) (invalid) is ready.
 184000: global: [sn:1000] has 1 ready out of 4 sources. RTI 0)
 184000: system.cpu.rename: [tid:0] Looking up integer arch reg 0, got phys reg 45 (integer)
 184000: system.cpu.rename: [tid:0] Register 45 (flat: 45) (integer) is ready.
 184000: global: [sn:1000] has 2 ready out of 4 sources. RTI 0)
 184000: system.cpu.rename: [tid:0] Looking up integer arch reg 17, got phys reg 106 (integer)
 184000: system.cpu.rename: [tid:0] Register 106 (flat: 106) (integer) is not ready.
 184000: system.cpu.rename: [tid:0] Looking up miscellaneous arch reg 155, got phys reg 155 (miscellaneous)
 184000: system.cpu.rename: [tid:0] Register 155 (flat: 0) (miscellaneous) is ready.
 184000: global: [sn:1000] has 3 ready out of 4 sources. RTI 0)
 184000: system.cpu.rename: calcFreeLQEntries: free lqEntries: 115, loadsInProgress: 10, loads dispatchedToLQ: 3
 184000: system.cpu.rename: [tid:0] Processing instruction [sn:1010] with PC (0x40105b=>0x40105d).(0=>1).
 184000: system.cpu.rename: [tid:0] Looking up invalid arch reg 0, got phys reg 4294967295 (invalid)
 184000: system.cpu.rename: [tid:0] Register 4294967295 (flat: 4294967295) (invalid) is ready.
 184000: global: [sn:1010] has 1 ready out of 4 sources. RTI 0)
 184000: system.cpu.rename: [tid:0] Looking up integer arch reg 0, got phys reg 45 (integer)
 184000: system.cpu.rename: [tid:0] Register 45 (flat: 45) (integer) is ready.
 184000: global: [sn:1010] has 2 ready out of 4 sources. RTI 0)
 184000: system.cpu.rename: [tid:0] Looking up integer arch reg 17, got phys reg 106 (integer)
 184000: system.cpu.rename: [tid:0] Register 106 (flat: 106) (integer) is not ready.
 184000: system.cpu.rename: [tid:0] Looking up miscellaneous arch reg 155, got phys reg 155 (miscellaneous)
 184000: system.cpu.rename: [tid:0] Register 155 (flat: 0) (miscellaneous) is ready.
 184000: global: [sn:1010] has 3 ready out of 4 sources. RTI 0)
 184000: global: Renamed reg t1 to physical reg 107 (107) old mapping was 106 (106)
 184000: system.cpu.rename: [tid:0] Renaming arch reg 17 (integer) to physical reg 107 (107).
 184000: system.cpu.rename: [tid:0] [sn:1010] Adding instruction to history buffer (size=226).
 184000: system.cpu.rename: [tid:0] Processing instruction [sn:1020] with PC (0x40105b=>0x40105d).(1=>2).
 184000: system.cpu.rename: [tid:0] Looking up integer arch reg 17, got phys reg 107 (integer)
 184000: system.cpu.rename: [tid:0] Register 107 (flat: 107) (integer) is not ready.
 184000: system.cpu.rename: [tid:0] Looking up integer arch reg 0, got phys reg 45 (integer)
 184000: system.cpu.rename: [tid:0] Register 45 (flat: 45) (integer) is ready.
 184000: global: [sn:1020] has 1 ready out of 8 sources. RTI 0)
 184000: system.cpu.rename: [tid:0] Looking up integer arch reg 17, got phys reg 107 (integer)
 184000: system.cpu.rename: [tid:0] Register 107 (flat: 107) (integer) is not ready.
 184000: system.cpu.rename: [tid:0] Looking up invalid arch reg 0, got phys reg 4294967295 (invalid)
 184000: system.cpu.rename: [tid:0] Register 4294967295 (flat: 4294967295) (invalid) is ready.
 184000: global: [sn:1020] has 2 ready out of 8 sources. RTI 0)
 184000: system.cpu.rename: [tid:0] Looking up invalid arch reg 0, got phys reg 4294967295 (invalid)
 184000: system.cpu.rename: [tid:0] Register 4294967295 (flat: 4294967295) (invalid) is ready.
 184000: global: [sn:1020] has 3 ready out of 8 sources. RTI 0)
 184000: system.cpu.rename: [tid:0] Looking up invalid arch reg 0, got phys reg 4294967295 (invalid)
 184000: system.cpu.rename: [tid:0] Register 4294967295 (flat: 4294967295) (invalid) is ready.
 184000: global: [sn:1020] has 4 ready out of 8 sources. RTI 0)
 184000: system.cpu.rename: [tid:0] Looking up invalid arch reg 0, got phys reg 4294967295 (invalid)
 184000: system.cpu.rename: [tid:0] Register 4294967295 (flat: 4294967295) (invalid) is ready.
 184000: global: [sn:1020] has 5 ready out of 8 sources. RTI 0)
 184000: system.cpu.rename: [tid:0] Looking up invalid arch reg 0, got phys reg 4294967295 (invalid)
 184000: system.cpu.rename: [tid:0] Register 4294967295 (flat: 4294967295) (invalid) is ready.
 184000: global: [sn:1020] has 6 ready out of 8 sources. RTI 0)
 184000: global: Renamed reg t1 to physical reg 108 (108) old mapping was 107 (107)
 184000: system.cpu.rename: [tid:0] Renaming arch reg 17 (integer) to physical reg 108 (108).
 184000: system.cpu.rename: [tid:0] [sn:1020] Adding instruction to history buffer (size=227).
 184000: global: Renamed reg condition_code[0] to physical reg 4797 (4797) old mapping was 4795 (4795)
 184000: system.cpu.rename: [tid:0] Renaming arch reg 0 (condition_code) to physical reg 71 (4797).
 184000: system.cpu.rename: [tid:0] [sn:1020] Adding instruction to history buffer (size=228).
 184000: global: Renamed reg condition_code[1] to physical reg 4798 (4798) old mapping was 4796 (4796)
 184000: system.cpu.rename: [tid:0] Renaming arch reg 1 (condition_code) to physical reg 72 (4798).
 184000: system.cpu.rename: [tid:0] [sn:1020] Adding instruction to history buffer (size=229).
 184000: system.cpu.rename: [tid:0] Renaming arch reg 0 (invalid) to physical reg 4294967295 (4294967295).
 184000: system.cpu.rename: [tid:0] [sn:1020] Adding instruction to history buffer (size=230).
 184000: system.cpu.rename: [tid:0] Renaming arch reg 0 (invalid) to physical reg 4294967295 (4294967295).
 184000: system.cpu.rename: [tid:0] [sn:1020] Adding instruction to history buffer (size=231).
 184000: system.cpu.rename: [tid:0] Renaming arch reg 0 (invalid) to physical reg 4294967295 (4294967295).
 184000: system.cpu.rename: [tid:0] [sn:1020] Adding instruction to history buffer (size=232).
 184000: system.cpu.rename: calcFreeSQEntries: free sqEntries: 55, storesInProgress: 11, stores dispatchedToSQ: 3
 184000: system.cpu.rename: [tid:0] Processing instruction [sn:1030] with PC (0x40105b=>0x40105d).(2=>3).
 184000: system.cpu.rename: [tid:0] Looking up invalid arch reg 0, got phys reg 4294967295 (invalid)
 184000: system.cpu.rename: [tid:0] Register 4294967295 (flat: 4294967295) (invalid) is ready.
 184000: global: [sn:1030] has 1 ready out of 4 sources. RTI 0)
 184000: system.cpu.rename: [tid:0] Looking up integer arch reg 0, got phys reg 45 (integer)
 184000: system.cpu.rename: [tid:0] Register 45 (flat: 45) (integer) is ready.
 184000: global: [sn:1030] has 2 ready out of 4 sources. RTI 0)
 184000: system.cpu.rename: [tid:0] Looking up integer arch reg 17, got phys reg 108 (integer)
 184000: system.cpu.rename: [tid:0] Register 108 (flat: 108) (integer) is not ready.
 184000: system.cpu.rename: [tid:0] Looking up miscellaneous arch reg 155, got phys reg 155 (miscellaneous)
 184000: system.cpu.rename: [tid:0] Register 155 (flat: 0) (miscellaneous) is ready.
 184000: global: [sn:1030] has 3 ready out of 4 sources. RTI 0)
 184000: system.cpu.rename: calcFreeLQEntries: free lqEntries: 115, loadsInProgress: 11, loads dispatchedToLQ: 3
 184000: system.cpu.rename: [tid:0] Processing instruction [sn:1040] with PC (0x40105d=>0x40105f).(0=>1).
 184000: system.cpu.rename: [tid:0] Looking up invalid arch reg 0, got phys reg 4294967295 (invalid)
 184000: system.cpu.rename: [tid:0] Register 4294967295 (flat: 4294967295) (invalid) is ready.
 184000: global: [sn:1040] has 1 ready out of 4 sources. RTI 0)
 184000: system.cpu.rename: [tid:0] Looking up integer arch reg 0, got phys reg 45 (integer)
 184000: system.cpu.rename: [tid:0] Register 45 (flat: 45) (integer) is ready.
 184000: global: [sn:1040] has 2 ready out of 4 sources. RTI 0)
 184000: system.cpu.rename: [tid:0] Looking up integer arch reg 17, got phys reg 108 (integer)
 184000: system.cpu.rename: [tid:0] Register 108 (flat: 108) (integer) is not ready.
 184000: system.cpu.rename: [tid:0] Looking up miscellaneous arch reg 155, got phys reg 155 (miscellaneous)
 184000: system.cpu.rename: [tid:0] Register 155 (flat: 0) (miscellaneous) is ready.
 184000: global: [sn:1040] has 3 ready out of 4 sources. RTI 0)
 184000: global: Renamed reg t1 to physical reg 109 (109) old mapping was 108 (108)
 184000: system.cpu.rename: [tid:0] Renaming arch reg 17 (integer) to physical reg 109 (109).
 184000: system.cpu.rename: [tid:0] [sn:1040] Adding instruction to history buffer (size=233).
 184000: system.cpu.rename: [tid:0] Processing instruction [sn:1050] with PC (0x40105d=>0x40105f).(1=>2).
 184000: system.cpu.rename: [tid:0] Looking up integer arch reg 17, got phys reg 109 (integer)
 184000: system.cpu.rename: [tid:0] Register 109 (flat: 109) (integer) is not ready.
 184000: system.cpu.rename: [tid:0] Looking up integer arch reg 0, got phys reg 45 (integer)
 184000: system.cpu.rename: [tid:0] Register 45 (flat: 45) (integer) is ready.
 184000: global: [sn:1050] has 1 ready out of 8 sources. RTI 0)
 184000: system.cpu.rename: [tid:0] Looking up integer arch reg 17, got phys reg 109 (integer)
 184000: system.cpu.rename: [tid:0] Register 109 (flat: 109) (integer) is not ready.
 184000: system.cpu.rename: [tid:0] Looking up invalid arch reg 0, got phys reg 4294967295 (invalid)
 184000: system.cpu.rename: [tid:0] Register 4294967295 (flat: 4294967295) (invalid) is ready.
 184000: global: [sn:1050] has 2 ready out of 8 sources. RTI 0)
 184000: system.cpu.rename: [tid:0] Looking up invalid arch reg 0, got phys reg 4294967295 (invalid)
 184000: system.cpu.rename: [tid:0] Register 4294967295 (flat: 4294967295) (invalid) is ready.
 184000: global: [sn:1050] has 3 ready out of 8 sources. RTI 0)
 184000: system.cpu.rename: [tid:0] Looking up invalid arch reg 0, got phys reg 4294967295 (invalid)
 184000: system.cpu.rename: [tid:0] Register 4294967295 (flat: 4294967295) (invalid) is ready.
 184000: global: [sn:1050] has 4 ready out of 8 sources. RTI 0)
 184000: system.cpu.rename: [tid:0] Looking up invalid arch reg 0, got phys reg 4294967295 (invalid)
 184000: system.cpu.rename: [tid:0] Register 4294967295 (flat: 4294967295) (invalid) is ready.
 184000: global: [sn:1050] has 5 ready out of 8 sources. RTI 0)
 184000: system.cpu.rename: [tid:0] Looking up invalid arch reg 0, got phys reg 4294967295 (invalid)
 184000: system.cpu.rename: [tid:0] Register 4294967295 (flat: 4294967295) (invalid) is ready.
 184000: global: [sn:1050] has 6 ready out of 8 sources. RTI 0)
 184000: global: Renamed reg t1 to physical reg 110 (110) old mapping was 109 (109)
 184000: system.cpu.rename: [tid:0] Renaming arch reg 17 (integer) to physical reg 110 (110).
 184000: system.cpu.rename: [tid:0] [sn:1050] Adding instruction to history buffer (size=234).
 184000: global: Renamed reg condition_code[0] to physical reg 4799 (4799) old mapping was 4797 (4797)
 184000: system.cpu.rename: [tid:0] Renaming arch reg 0 (condition_code) to physical reg 73 (4799).
 184000: system.cpu.rename: [tid:0] [sn:1050] Adding instruction to history buffer (size=235).
 184000: global: Renamed reg condition_code[1] to physical reg 4800 (4800) old mapping was 4798 (4798)
 184000: system.cpu.rename: [tid:0] Renaming arch reg 1 (condition_code) to physical reg 74 (4800).
 184000: system.cpu.rename: [tid:0] [sn:1050] Adding instruction to history buffer (size=236).
 184000: system.cpu.rename: [tid:0] Renaming arch reg 0 (invalid) to physical reg 4294967295 (4294967295).
 184000: system.cpu.rename: [tid:0] [sn:1050] Adding instruction to history buffer (size=237).
 184000: system.cpu.rename: [tid:0] Renaming arch reg 0 (invalid) to physical reg 4294967295 (4294967295).
 184000: system.cpu.rename: [tid:0] [sn:1050] Adding instruction to history buffer (size=238).
 184000: system.cpu.rename: [tid:0] Renaming arch reg 0 (invalid) to physical reg 4294967295 (4294967295).
 184000: system.cpu.rename: [tid:0] [sn:1050] Adding instruction to history buffer (size=239).
 184000: system.cpu.rename: calcFreeSQEntries: free sqEntries: 55, storesInProgress: 12, stores dispatchedToSQ: 3
 184000: system.cpu.rename: [tid:0] Processing instruction [sn:1060] with PC (0x40105d=>0x40105f).(2=>3).
 184000: system.cpu.rename: [tid:0] Looking up invalid arch reg 0, got phys reg 4294967295 (invalid)
 184000: system.cpu.rename: [tid:0] Register 4294967295 (flat: 4294967295) (invalid) is ready.
 184000: global: [sn:1060] has 1 ready out of 4 sources. RTI 0)
 184000: system.cpu.rename: [tid:0] Looking up integer arch reg 0, got phys reg 45 (integer)
 184000: system.cpu.rename: [tid:0] Register 45 (flat: 45) (integer) is ready.
 184000: global: [sn:1060] has 2 ready out of 4 sources. RTI 0)
 184000: system.cpu.rename: [tid:0] Looking up integer arch reg 17, got phys reg 110 (integer)
 184000: system.cpu.rename: [tid:0] Register 110 (flat: 110) (integer) is not ready.
 184000: system.cpu.rename: [tid:0] Looking up miscellaneous arch reg 155, got phys reg 155 (miscellaneous)
 184000: system.cpu.rename: [tid:0] Register 155 (flat: 0) (miscellaneous) is ready.
 184000: global: [sn:1060] has 3 ready out of 4 sources. RTI 0)
 184000: system.cpu.rename: calcFreeLQEntries: free lqEntries: 115, loadsInProgress: 12, loads dispatchedToLQ: 3
 184000: system.cpu.rename: [tid:0] Processing instruction [sn:1070] with PC (0x40105f=>0x401061).(0=>1).
 184000: system.cpu.rename: [tid:0] Looking up invalid arch reg 0, got phys reg 4294967295 (invalid)
 184000: system.cpu.rename: [tid:0] Register 4294967295 (flat: 4294967295) (invalid) is ready.
 184000: global: [sn:1070] has 1 ready out of 4 sources. RTI 0)
 184000: system.cpu.rename: [tid:0] Looking up integer arch reg 0, got phys reg 45 (integer)
 184000: system.cpu.rename: [tid:0] Register 45 (flat: 45) (integer) is ready.
 184000: global: [sn:1070] has 2 ready out of 4 sources. RTI 0)
 184000: system.cpu.rename: [tid:0] Looking up integer arch reg 17, got phys reg 110 (integer)
 184000: system.cpu.rename: [tid:0] Register 110 (flat: 110) (integer) is not ready.
 184000: system.cpu.rename: [tid:0] Looking up miscellaneous arch reg 155, got phys reg 155 (miscellaneous)
 184000: system.cpu.rename: [tid:0] Register 155 (flat: 0) (miscellaneous) is ready.
 184000: global: [sn:1070] has 3 ready out of 4 sources. RTI 0)
 184000: global: Renamed reg t1 to physical reg 111 (111) old mapping was 110 (110)
 184000: system.cpu.rename: [tid:0] Renaming arch reg 17 (integer) to physical reg 111 (111).
 184000: system.cpu.rename: [tid:0] [sn:1070] Adding instruction to history buffer (size=240).
 184000: system.cpu.rename: [tid:0] Processing instruction [sn:1080] with PC (0x40105f=>0x401061).(1=>2).
 184000: system.cpu.rename: [tid:0] Looking up integer arch reg 17, got phys reg 111 (integer)
 184000: system.cpu.rename: [tid:0] Register 111 (flat: 111) (integer) is not ready.
 184000: system.cpu.rename: [tid:0] Looking up integer arch reg 0, got phys reg 45 (integer)
 184000: system.cpu.rename: [tid:0] Register 45 (flat: 45) (integer) is ready.
 184000: global: [sn:1080] has 1 ready out of 8 sources. RTI 0)
 184000: system.cpu.rename: [tid:0] Looking up integer arch reg 17, got phys reg 111 (integer)
 184000: system.cpu.rename: [tid:0] Register 111 (flat: 111) (integer) is not ready.
 184000: system.cpu.rename: [tid:0] Looking up invalid arch reg 0, got phys reg 4294967295 (invalid)
 184000: system.cpu.rename: [tid:0] Register 4294967295 (flat: 4294967295) (invalid) is ready.
 184000: global: [sn:1080] has 2 ready out of 8 sources. RTI 0)
 184000: system.cpu.rename: [tid:0] Looking up invalid arch reg 0, got phys reg 4294967295 (invalid)
 184000: system.cpu.rename: [tid:0] Register 4294967295 (flat: 4294967295) (invalid) is ready.
 184000: global: [sn:1080] has 3 ready out of 8 sources. RTI 0)
 184000: system.cpu.rename: [tid:0] Looking up invalid arch reg 0, got phys reg 4294967295 (invalid)
 184000: system.cpu.rename: [tid:0] Register 4294967295 (flat: 4294967295) (invalid) is ready.
 184000: global: [sn:1080] has 4 ready out of 8 sources. RTI 0)
 184000: system.cpu.rename: [tid:0] Looking up invalid arch reg 0, got phys reg 4294967295 (invalid)
 184000: system.cpu.rename: [tid:0] Register 4294967295 (flat: 4294967295) (invalid) is ready.
 184000: global: [sn:1080] has 5 ready out of 8 sources. RTI 0)
 184000: system.cpu.rename: [tid:0] Looking up invalid arch reg 0, got phys reg 4294967295 (invalid)
 184000: system.cpu.rename: [tid:0] Register 4294967295 (flat: 4294967295) (invalid) is ready.
 184000: global: [sn:1080] has 6 ready out of 8 sources. RTI 0)
 184000: global: Renamed reg t1 to physical reg 112 (112) old mapping was 111 (111)
 184000: system.cpu.rename: [tid:0] Renaming arch reg 17 (integer) to physical reg 112 (112).
 184000: system.cpu.rename: [tid:0] [sn:1080] Adding instruction to history buffer (size=241).
 184000: global: Renamed reg condition_code[0] to physical reg 4801 (4801) old mapping was 4799 (4799)
 184000: system.cpu.rename: [tid:0] Renaming arch reg 0 (condition_code) to physical reg 75 (4801).
 184000: system.cpu.rename: [tid:0] [sn:1080] Adding instruction to history buffer (size=242).
 184000: global: Renamed reg condition_code[1] to physical reg 4802 (4802) old mapping was 4800 (4800)
 184000: system.cpu.rename: [tid:0] Renaming arch reg 1 (condition_code) to physical reg 76 (4802).
 184000: system.cpu.rename: [tid:0] [sn:1080] Adding instruction to history buffer (size=243).
 184000: system.cpu.rename: [tid:0] Renaming arch reg 0 (invalid) to physical reg 4294967295 (4294967295).
 184000: system.cpu.rename: [tid:0] [sn:1080] Adding instruction to history buffer (size=244).
 184000: system.cpu.rename: [tid:0] Renaming arch reg 0 (invalid) to physical reg 4294967295 (4294967295).
 184000: system.cpu.rename: [tid:0] [sn:1080] Adding instruction to history buffer (size=245).
 184000: system.cpu.rename: [tid:0] Renaming arch reg 0 (invalid) to physical reg 4294967295 (4294967295).
 184000: system.cpu.rename: [tid:0] [sn:1080] Adding instruction to history buffer (size=246).
 184000: system.cpu.rename: Activity this cycle.
 184000: system.cpu.iew: Issue: Processing [tid:0]
 184000: system.cpu.iew: [tid:0] Not blocked, so attempting to run dispatch.
 184000: system.cpu.iew: [tid:0] Issue: Adding PC (0x40104b=>0x40104d).(2=>3) [sn:790] [tid:0] to IQ.
 184000: system.cpu.iew: [tid:0] Issue: Memory instruction encountered, adding to LSQ.
 184000: system.cpu.iew.lsq.thread0: Inserting store PC (0x40104b=>0x40104d).(2=>3), idx:23 [sn:790]
 184000: system.cpu.iq: Adding instruction [sn:790] PC (0x40104b=>0x40104d).(2=>3) to the IQ.
 184000: system.cpu.iq: Instruction PC (0x40104b=>0x40104d).(2=>3) has src reg 92 (integer) that is being added to the dependency chain.
 184000: memdepentry: Memory dependency entry created. memdep_count=47 (0x40104b=>0x40104d).(2=>3)
 184000: system.cpu.memDep0: No dependency for inst PC (0x40104b=>0x40104d).(2=>3) [sn:790].
 184000: system.cpu.memDep0: Inserting store/atomic PC (0x40104b=>0x40104d).(2=>3) [sn:790].
 184000: system.cpu.iew: [tid:0] Issue: Adding PC (0x40104d=>0x40104f).(0=>1) [sn:800] [tid:0] to IQ.
 184000: system.cpu.iew: [tid:0] Issue: Memory instruction encountered, adding to LSQ.
 184000: system.cpu.iew.lsq.thread0: Inserting load PC (0x40104d=>0x40104f).(0=>1), idx:24 [sn:800]
 184000: system.cpu.iq: Adding instruction [sn:800] PC (0x40104d=>0x40104f).(0=>1) to the IQ.
 184000: system.cpu.iq: Instruction PC (0x40104d=>0x40104f).(0=>1) has src reg 92 (integer) that is being added to the dependency chain.
 184000: memdepentry: Memory dependency entry created. memdep_count=48 (0x40104d=>0x40104f).(0=>1)
 184000: system.cpu.memDep0: No dependency for inst PC (0x40104d=>0x40104f).(0=>1) [sn:800].
 184000: system.cpu.iew: [tid:0] Issue: Adding PC (0x40104d=>0x40104f).(1=>2) [sn:810] [tid:0] to IQ.
 184000: system.cpu.iq: Adding instruction [sn:810] PC (0x40104d=>0x40104f).(1=>2) to the IQ.
 184000: system.cpu.iq: Instruction PC (0x40104d=>0x40104f).(1=>2) has src reg 93 (integer) that is being added to the dependency chain.
 184000: system.cpu.iq: Instruction PC (0x40104d=>0x40104f).(1=>2) has src reg 93 (integer) that is being added to the dependency chain.
 184000: system.cpu.iew: [tid:0] Issue: Adding PC (0x40104d=>0x40104f).(2=>3) [sn:820] [tid:0] to IQ.
 184000: system.cpu.iew: [tid:0] Issue: Memory instruction encountered, adding to LSQ.
 184000: system.cpu.iew.lsq.thread0: Inserting store PC (0x40104d=>0x40104f).(2=>3), idx:24 [sn:820]
 184000: system.cpu.iq: Adding instruction [sn:820] PC (0x40104d=>0x40104f).(2=>3) to the IQ.
 184000: system.cpu.iq: Instruction PC (0x40104d=>0x40104f).(2=>3) has src reg 94 (integer) that is being added to the dependency chain.
 184000: memdepentry: Memory dependency entry created. memdep_count=49 (0x40104d=>0x40104f).(2=>3)
 184000: system.cpu.memDep0: No dependency for inst PC (0x40104d=>0x40104f).(2=>3) [sn:820].
 184000: system.cpu.memDep0: Inserting store/atomic PC (0x40104d=>0x40104f).(2=>3) [sn:820].
 184000: system.cpu.iew: [tid:0] Issue: Adding PC (0x40104f=>0x401051).(0=>1) [sn:830] [tid:0] to IQ.
 184000: system.cpu.iew: [tid:0] Issue: Memory instruction encountered, adding to LSQ.
 184000: system.cpu.iew.lsq.thread0: Inserting load PC (0x40104f=>0x401051).(0=>1), idx:25 [sn:830]
 184000: system.cpu.iq: Adding instruction [sn:830] PC (0x40104f=>0x401051).(0=>1) to the IQ.
 184000: system.cpu.iq: Instruction PC (0x40104f=>0x401051).(0=>1) has src reg 94 (integer) that is being added to the dependency chain.
 184000: memdepentry: Memory dependency entry created. memdep_count=50 (0x40104f=>0x401051).(0=>1)
 184000: system.cpu.memDep0: No dependency for inst PC (0x40104f=>0x401051).(0=>1) [sn:830].
 184000: system.cpu.iew: [tid:0] Issue: Adding PC (0x40104f=>0x401051).(1=>2) [sn:840] [tid:0] to IQ.
 184000: system.cpu.iq: Adding instruction [sn:840] PC (0x40104f=>0x401051).(1=>2) to the IQ.
 184000: system.cpu.iq: Instruction PC (0x40104f=>0x401051).(1=>2) has src reg 95 (integer) that is being added to the dependency chain.
 184000: system.cpu.iq: Instruction PC (0x40104f=>0x401051).(1=>2) has src reg 95 (integer) that is being added to the dependency chain.
 184000: system.cpu.iew: [tid:0] Issue: Adding PC (0x40104f=>0x401051).(2=>3) [sn:850] [tid:0] to IQ.
 184000: system.cpu.iew: [tid:0] Issue: Memory instruction encountered, adding to LSQ.
 184000: system.cpu.iew.lsq.thread0: Inserting store PC (0x40104f=>0x401051).(2=>3), idx:25 [sn:850]
 184000: system.cpu.iq: Adding instruction [sn:850] PC (0x40104f=>0x401051).(2=>3) to the IQ.
 184000: system.cpu.iq: Instruction PC (0x40104f=>0x401051).(2=>3) has src reg 96 (integer) that is being added to the dependency chain.
 184000: memdepentry: Memory dependency entry created. memdep_count=51 (0x40104f=>0x401051).(2=>3)
 184000: system.cpu.memDep0: No dependency for inst PC (0x40104f=>0x401051).(2=>3) [sn:850].
 184000: system.cpu.memDep0: Inserting store/atomic PC (0x40104f=>0x401051).(2=>3) [sn:850].
 184000: system.cpu.iew: [tid:0] Issue: Adding PC (0x401051=>0x401053).(0=>1) [sn:860] [tid:0] to IQ.
 184000: system.cpu.iew: [tid:0] Issue: Memory instruction encountered, adding to LSQ.
 184000: system.cpu.iew.lsq.thread0: Inserting load PC (0x401051=>0x401053).(0=>1), idx:26 [sn:860]
 184000: system.cpu.iq: Adding instruction [sn:860] PC (0x401051=>0x401053).(0=>1) to the IQ.
 184000: system.cpu.iq: Instruction PC (0x401051=>0x401053).(0=>1) has src reg 96 (integer) that is being added to the dependency chain.
 184000: memdepentry: Memory dependency entry created. memdep_count=52 (0x401051=>0x401053).(0=>1)
 184000: system.cpu.memDep0: No dependency for inst PC (0x401051=>0x401053).(0=>1) [sn:860].
 184000: system.cpu.iew: [tid:0] Issue: Adding PC (0x401051=>0x401053).(1=>2) [sn:870] [tid:0] to IQ.
 184000: system.cpu.iq: Adding instruction [sn:870] PC (0x401051=>0x401053).(1=>2) to the IQ.
 184000: system.cpu.iq: Instruction PC (0x401051=>0x401053).(1=>2) has src reg 97 (integer) that is being added to the dependency chain.
 184000: system.cpu.iq: Instruction PC (0x401051=>0x401053).(1=>2) has src reg 97 (integer) that is being added to the dependency chain.
 184000: system.cpu.iew: [tid:0] Issue: Adding PC (0x401051=>0x401053).(2=>3) [sn:880] [tid:0] to IQ.
 184000: system.cpu.iew: [tid:0] Issue: Memory instruction encountered, adding to LSQ.
 184000: system.cpu.iew.lsq.thread0: Inserting store PC (0x401051=>0x401053).(2=>3), idx:26 [sn:880]
 184000: system.cpu.iq: Adding instruction [sn:880] PC (0x401051=>0x401053).(2=>3) to the IQ.
 184000: system.cpu.iq: Instruction PC (0x401051=>0x401053).(2=>3) has src reg 98 (integer) that is being added to the dependency chain.
 184000: memdepentry: Memory dependency entry created. memdep_count=53 (0x401051=>0x401053).(2=>3)
 184000: system.cpu.memDep0: No dependency for inst PC (0x401051=>0x401053).(2=>3) [sn:880].
 184000: system.cpu.memDep0: Inserting store/atomic PC (0x401051=>0x401053).(2=>3) [sn:880].
 184000: system.cpu.iq: Attempting to schedule ready instructions from the IQ.
 184000: system.cpu.iq: Not able to schedule any instructions.
 184000: system.cpu.iew: Processing [tid:0]
 184000: system.cpu.iew.lsq.thread0: LQ size: 132, #loads occupied: 27
 184000: system.cpu.iew.lsq.thread0: SQ size: 72, #stores occupied: 26
 184000: system.cpu.iew: [tid:0], Dispatch dispatched 10 instructions.
 184000: system.cpu.iew.lsq.thread0: SQ size: 72, #stores occupied: 26
 184000: system.cpu.iew.lsq.thread0: LQ size: 132, #loads occupied: 27
 184000: system.cpu.iew: IQ has 480 free entries (Can schedule: 0).  LQ has 105 free entries. SQ has 46 free entries.
 184000: system.cpu.iew: Activity this cycle.
 184000: system.cpu.commit: Getting instructions from Rename stage.
 184000: system.cpu.commit: [tid:0] [sn:890] Inserting PC (0x401053=>0x401055).(0=>1) into ROB.
 184000: system.cpu.rob: Adding inst PC (0x401053=>0x401055).(0=>1) to the ROB.
 184000: system.cpu.rob: [tid:0] Now has 85 instructions.
 184000: system.cpu.commit: [tid:0] [sn:900] Inserting PC (0x401053=>0x401055).(1=>2) into ROB.
 184000: system.cpu.rob: Adding inst PC (0x401053=>0x401055).(1=>2) to the ROB.
 184000: system.cpu.rob: [tid:0] Now has 86 instructions.
 184000: system.cpu.commit: [tid:0] [sn:910] Inserting PC (0x401053=>0x401055).(2=>3) into ROB.
 184000: system.cpu.rob: Adding inst PC (0x401053=>0x401055).(2=>3) to the ROB.
 184000: system.cpu.rob: [tid:0] Now has 87 instructions.
 184000: system.cpu.commit: [tid:0] [sn:920] Inserting PC (0x401055=>0x401057).(0=>1) into ROB.
 184000: system.cpu.rob: Adding inst PC (0x401055=>0x401057).(0=>1) to the ROB.
 184000: system.cpu.rob: [tid:0] Now has 88 instructions.
 184000: system.cpu.commit: [tid:0] [sn:930] Inserting PC (0x401055=>0x401057).(1=>2) into ROB.
 184000: system.cpu.rob: Adding inst PC (0x401055=>0x401057).(1=>2) to the ROB.
 184000: system.cpu.rob: [tid:0] Now has 89 instructions.
 184000: system.cpu.commit: [tid:0] [sn:940] Inserting PC (0x401055=>0x401057).(2=>3) into ROB.
 184000: system.cpu.rob: Adding inst PC (0x401055=>0x401057).(2=>3) to the ROB.
 184000: system.cpu.rob: [tid:0] Now has 90 instructions.
 184000: system.cpu.commit: [tid:0] [sn:950] Inserting PC (0x401057=>0x401059).(0=>1) into ROB.
 184000: system.cpu.rob: Adding inst PC (0x401057=>0x401059).(0=>1) to the ROB.
 184000: system.cpu.rob: [tid:0] Now has 91 instructions.
 184000: system.cpu.commit: [tid:0] [sn:960] Inserting PC (0x401057=>0x401059).(1=>2) into ROB.
 184000: system.cpu.rob: Adding inst PC (0x401057=>0x401059).(1=>2) to the ROB.
 184000: system.cpu.rob: [tid:0] Now has 92 instructions.
 184000: system.cpu.commit: [tid:0] [sn:970] Inserting PC (0x401057=>0x401059).(2=>3) into ROB.
 184000: system.cpu.rob: Adding inst PC (0x401057=>0x401059).(2=>3) to the ROB.
 184000: system.cpu.rob: [tid:0] Now has 93 instructions.
 184000: system.cpu.commit: [tid:0] [sn:980] Inserting PC (0x401059=>0x40105b).(0=>1) into ROB.
 184000: system.cpu.rob: Adding inst PC (0x401059=>0x40105b).(0=>1) to the ROB.
 184000: system.cpu.rob: [tid:0] Now has 94 instructions.
 184000: system.cpu.commit: Trying to commit instructions in the ROB.
 184000: system.cpu.commit: [tid:0] Can't commit, Instruction [sn:50] PC (0x40100b=>0x40100f).(0=>1) is head of ROB and not ready
 184000: system.cpu.commit: [tid:0] ROB has 94 insts & 824 free entries.
 184000: system.cpu.commit: Activity This Cycle.
 184000: system.cpu: Scheduling next tick!
 184001: system.cpu: CPU already running.
 184001: global: RegFile: Setting int register 42 to 0xcafe
 184001: system.cpu.iew: Current wb cycle: 0, width: 19, numInst: 0
wbActual:0
 184001: system.cpu.iew: Activity this cycle.
 184001: system.cpu: Activity: 9
 185000: system.cpu: 

O3CPU: Ticking main, O3CPU.
 185000: system.cpu.fetch: Running stage.
 185000: system.cpu.fetch: Attempting to fetch from [tid:0]
 185000: system.cpu.fetch: [tid:0] Adding instructions to queue to decode.
 185000: global: DynInst: [sn:1290] Instruction created. Instcount for system.cpu = 125
 185000: system.cpu.fetch: [tid:0] Instruction PC (0x40106d=>0x40106f).(1=>2) created [sn:1290].
 185000: system.cpu.fetch: [tid:0] Instruction is:   ADD_M_R : add   t1b, t1b, al
 185000: system.cpu.fetch: [tid:0] Fetch queue entry created (1/128).
 185000: global: DynInst: [sn:1300] Instruction created. Instcount for system.cpu = 126
 185000: system.cpu.fetch: [tid:0] Instruction PC (0x40106d=>0x40106f).(2=>3) created [sn:1300].
 185000: system.cpu.fetch: [tid:0] Instruction is:   ADD_M_R : st   t1b, DS:[rax]
 185000: system.cpu.fetch: [tid:0] Fetch queue entry created (2/128).
 185000: system.cpu.decoder: Decode: Decoded add instruction: 
{
	leg = 0,
	rex = 0,
	vex/xop = 0,
	op = {
		type = one byte,
		op = 0,
		},
	modRM = 0,
	sib = 0,
	immediate = 0,
	displacement = 0
	dispSize = 0}

 185000: global: DynInst: [sn:1310] Instruction created. Instcount for system.cpu = 127
 185000: system.cpu.fetch: [tid:0] Instruction PC (0x40106f=>0x401071).(0=>1) created [sn:1310].
 185000: system.cpu.fetch: [tid:0] Instruction is:   ADD_M_R : ldst   t1b, DS:[rax]
 185000: system.cpu.fetch: [tid:0] Fetch queue entry created (3/128).
 185000: global: DynInst: [sn:1320] Instruction created. Instcount for system.cpu = 128
 185000: system.cpu.fetch: [tid:0] Instruction PC (0x40106f=>0x401071).(1=>2) created [sn:1320].
 185000: system.cpu.fetch: [tid:0] Instruction is:   ADD_M_R : add   t1b, t1b, al
 185000: system.cpu.fetch: [tid:0] Fetch queue entry created (4/128).
 185000: global: DynInst: [sn:1330] Instruction created. Instcount for system.cpu = 129
 185000: system.cpu.fetch: [tid:0] Instruction PC (0x40106f=>0x401071).(2=>3) created [sn:1330].
 185000: system.cpu.fetch: [tid:0] Instruction is:   ADD_M_R : st   t1b, DS:[rax]
 185000: system.cpu.fetch: [tid:0] Fetch queue entry created (5/128).
 185000: system.cpu.decoder: Decode: Decoded add instruction: 
{
	leg = 0,
	rex = 0,
	vex/xop = 0,
	op = {
		type = one byte,
		op = 0,
		},
	modRM = 0,
	sib = 0,
	immediate = 0,
	displacement = 0
	dispSize = 0}

 185000: global: DynInst: [sn:1340] Instruction created. Instcount for system.cpu = 130
 185000: system.cpu.fetch: [tid:0] Instruction PC (0x401071=>0x401073).(0=>1) created [sn:1340].
 185000: system.cpu.fetch: [tid:0] Instruction is:   ADD_M_R : ldst   t1b, DS:[rax]
 185000: system.cpu.fetch: [tid:0] Fetch queue entry created (6/128).
 185000: global: DynInst: [sn:1350] Instruction created. Instcount for system.cpu = 131
 185000: system.cpu.fetch: [tid:0] Instruction PC (0x401071=>0x401073).(1=>2) created [sn:1350].
 185000: system.cpu.fetch: [tid:0] Instruction is:   ADD_M_R : add   t1b, t1b, al
 185000: system.cpu.fetch: [tid:0] Fetch queue entry created (7/128).
 185000: global: DynInst: [sn:1360] Instruction created. Instcount for system.cpu = 132
 185000: system.cpu.fetch: [tid:0] Instruction PC (0x401071=>0x401073).(2=>3) created [sn:1360].
 185000: system.cpu.fetch: [tid:0] Instruction is:   ADD_M_R : st   t1b, DS:[rax]
 185000: system.cpu.fetch: [tid:0] Fetch queue entry created (8/128).
 185000: system.cpu.decoder: Decode: Decoded add instruction: 
{
	leg = 0,
	rex = 0,
	vex/xop = 0,
	op = {
		type = one byte,
		op = 0,
		},
	modRM = 0,
	sib = 0,
	immediate = 0,
	displacement = 0
	dispSize = 0}

 185000: global: DynInst: [sn:1370] Instruction created. Instcount for system.cpu = 133
 185000: system.cpu.fetch: [tid:0] Instruction PC (0x401073=>0x401075).(0=>1) created [sn:1370].
 185000: system.cpu.fetch: [tid:0] Instruction is:   ADD_M_R : ldst   t1b, DS:[rax]
 185000: system.cpu.fetch: [tid:0] Fetch queue entry created (9/128).
 185000: global: DynInst: [sn:1380] Instruction created. Instcount for system.cpu = 134
 185000: system.cpu.fetch: [tid:0] Instruction PC (0x401073=>0x401075).(1=>2) created [sn:1380].
 185000: system.cpu.fetch: [tid:0] Instruction is:   ADD_M_R : add   t1b, t1b, al
 185000: system.cpu.fetch: [tid:0] Fetch queue entry created (10/128).
 185000: system.cpu.fetch: [tid:0] Done fetching, reached fetch bandwidth for this cycle.
 185000: system.cpu.fetch: [tid:0] [sn:1290] Sending instruction to decode from fetch queue. Fetch queue size: 10.
 185000: system.cpu.fetch: [tid:0] [sn:1300] Sending instruction to decode from fetch queue. Fetch queue size: 9.
 185000: system.cpu.fetch: [tid:0] [sn:1310] Sending instruction to decode from fetch queue. Fetch queue size: 8.
 185000: system.cpu.fetch: [tid:0] [sn:1320] Sending instruction to decode from fetch queue. Fetch queue size: 7.
 185000: system.cpu.fetch: [tid:0] [sn:1330] Sending instruction to decode from fetch queue. Fetch queue size: 6.
 185000: system.cpu.fetch: [tid:0] [sn:1340] Sending instruction to decode from fetch queue. Fetch queue size: 5.
 185000: system.cpu.fetch: [tid:0] [sn:1350] Sending instruction to decode from fetch queue. Fetch queue size: 4.
 185000: system.cpu.fetch: [tid:0] [sn:1360] Sending instruction to decode from fetch queue. Fetch queue size: 3.
 185000: system.cpu.fetch: [tid:0] [sn:1370] Sending instruction to decode from fetch queue. Fetch queue size: 2.
 185000: system.cpu.fetch: [tid:0] [sn:1380] Sending instruction to decode from fetch queue. Fetch queue size: 1.
 185000: system.cpu.fetch: Activity this cycle.
 185000: system.cpu.decode: Processing [tid:0]
 185000: system.cpu.decode: [tid:0] Not blocked, so attempting to run stage.
 185000: system.cpu.decode: [tid:0] Sending instruction to rename.
 185000: system.cpu.decode: [tid:0] Processing instruction [sn:1190] with PC (0x401067=>0x401069).(0=>1)
 185000: system.cpu.decode: [tid:0] Processing instruction [sn:1200] with PC (0x401067=>0x401069).(1=>2)
 185000: system.cpu.decode: [tid:0] Processing instruction [sn:1210] with PC (0x401067=>0x401069).(2=>3)
 185000: system.cpu.decode: [tid:0] Processing instruction [sn:1220] with PC (0x401069=>0x40106b).(0=>1)
 185000: system.cpu.decode: [tid:0] Processing instruction [sn:1230] with PC (0x401069=>0x40106b).(1=>2)
 185000: system.cpu.decode: [tid:0] Processing instruction [sn:1240] with PC (0x401069=>0x40106b).(2=>3)
 185000: system.cpu.decode: [tid:0] Processing instruction [sn:1250] with PC (0x40106b=>0x40106d).(0=>1)
 185000: system.cpu.decode: [tid:0] Processing instruction [sn:1260] with PC (0x40106b=>0x40106d).(1=>2)
 185000: system.cpu.decode: [tid:0] Processing instruction [sn:1270] with PC (0x40106b=>0x40106d).(2=>3)
 185000: system.cpu.decode: [tid:0] Processing instruction [sn:1280] with PC (0x40106d=>0x40106f).(0=>1)
 185000: system.cpu.decode: Activity this cycle.
 185000: system.cpu.rename: Processing [tid:0]
 185000: system.cpu.rename: [tid:0] Free IQ: 480, Free ROB: 824, Free LQ: 105, Free SQ: 46, FreeRM 127(808 870 917 1834 127 8 4515)
 185000: system.cpu.rename: [tid:0] 30 instructions not yet in ROB
 185000: system.cpu.rename: calcFreeLQEntries: free lqEntries: 105, loadsInProgress: 10, loads dispatchedToLQ: 3
 185000: system.cpu.rename: [tid:0] Not blocked, so attempting to run stage.
 185000: system.cpu.rename: [tid:0] 10 available instructions to send iew.
 185000: system.cpu.rename: [tid:0] 30 insts pipelining from Rename | 10 insts dispatched to IQ last cycle.
 185000: system.cpu.rename: [tid:0] Sending instructions to IEW.
 185000: system.cpu.rename: calcFreeSQEntries: free sqEntries: 46, storesInProgress: 10, stores dispatchedToSQ: 4
 185000: system.cpu.rename: [tid:0] Processing instruction [sn:1090] with PC (0x40105f=>0x401061).(2=>3).
 185000: system.cpu.rename: [tid:0] Looking up invalid arch reg 0, got phys reg 4294967295 (invalid)
 185000: system.cpu.rename: [tid:0] Register 4294967295 (flat: 4294967295) (invalid) is ready.
 185000: global: [sn:1090] has 1 ready out of 4 sources. RTI 0)
 185000: system.cpu.rename: [tid:0] Looking up integer arch reg 0, got phys reg 45 (integer)
 185000: system.cpu.rename: [tid:0] Register 45 (flat: 45) (integer) is ready.
 185000: global: [sn:1090] has 2 ready out of 4 sources. RTI 0)
 185000: system.cpu.rename: [tid:0] Looking up integer arch reg 17, got phys reg 112 (integer)
 185000: system.cpu.rename: [tid:0] Register 112 (flat: 112) (integer) is not ready.
 185000: system.cpu.rename: [tid:0] Looking up miscellaneous arch reg 155, got phys reg 155 (miscellaneous)
 185000: system.cpu.rename: [tid:0] Register 155 (flat: 0) (miscellaneous) is ready.
 185000: global: [sn:1090] has 3 ready out of 4 sources. RTI 0)
 185000: system.cpu.rename: calcFreeLQEntries: free lqEntries: 105, loadsInProgress: 10, loads dispatchedToLQ: 3
 185000: system.cpu.rename: [tid:0] Processing instruction [sn:1100] with PC (0x401061=>0x401063).(0=>1).
 185000: system.cpu.rename: [tid:0] Looking up invalid arch reg 0, got phys reg 4294967295 (invalid)
 185000: system.cpu.rename: [tid:0] Register 4294967295 (flat: 4294967295) (invalid) is ready.
 185000: global: [sn:1100] has 1 ready out of 4 sources. RTI 0)
 185000: system.cpu.rename: [tid:0] Looking up integer arch reg 0, got phys reg 45 (integer)
 185000: system.cpu.rename: [tid:0] Register 45 (flat: 45) (integer) is ready.
 185000: global: [sn:1100] has 2 ready out of 4 sources. RTI 0)
 185000: system.cpu.rename: [tid:0] Looking up integer arch reg 17, got phys reg 112 (integer)
 185000: system.cpu.rename: [tid:0] Register 112 (flat: 112) (integer) is not ready.
 185000: system.cpu.rename: [tid:0] Looking up miscellaneous arch reg 155, got phys reg 155 (miscellaneous)
 185000: system.cpu.rename: [tid:0] Register 155 (flat: 0) (miscellaneous) is ready.
 185000: global: [sn:1100] has 3 ready out of 4 sources. RTI 0)
 185000: global: Renamed reg t1 to physical reg 113 (113) old mapping was 112 (112)
 185000: system.cpu.rename: [tid:0] Renaming arch reg 17 (integer) to physical reg 113 (113).
 185000: system.cpu.rename: [tid:0] [sn:1100] Adding instruction to history buffer (size=247).
 185000: system.cpu.rename: [tid:0] Processing instruction [sn:1110] with PC (0x401061=>0x401063).(1=>2).
 185000: system.cpu.rename: [tid:0] Looking up integer arch reg 17, got phys reg 113 (integer)
 185000: system.cpu.rename: [tid:0] Register 113 (flat: 113) (integer) is not ready.
 185000: system.cpu.rename: [tid:0] Looking up integer arch reg 0, got phys reg 45 (integer)
 185000: system.cpu.rename: [tid:0] Register 45 (flat: 45) (integer) is ready.
 185000: global: [sn:1110] has 1 ready out of 8 sources. RTI 0)
 185000: system.cpu.rename: [tid:0] Looking up integer arch reg 17, got phys reg 113 (integer)
 185000: system.cpu.rename: [tid:0] Register 113 (flat: 113) (integer) is not ready.
 185000: system.cpu.rename: [tid:0] Looking up invalid arch reg 0, got phys reg 4294967295 (invalid)
 185000: system.cpu.rename: [tid:0] Register 4294967295 (flat: 4294967295) (invalid) is ready.
 185000: global: [sn:1110] has 2 ready out of 8 sources. RTI 0)
 185000: system.cpu.rename: [tid:0] Looking up invalid arch reg 0, got phys reg 4294967295 (invalid)
 185000: system.cpu.rename: [tid:0] Register 4294967295 (flat: 4294967295) (invalid) is ready.
 185000: global: [sn:1110] has 3 ready out of 8 sources. RTI 0)
 185000: system.cpu.rename: [tid:0] Looking up invalid arch reg 0, got phys reg 4294967295 (invalid)
 185000: system.cpu.rename: [tid:0] Register 4294967295 (flat: 4294967295) (invalid) is ready.
 185000: global: [sn:1110] has 4 ready out of 8 sources. RTI 0)
 185000: system.cpu.rename: [tid:0] Looking up invalid arch reg 0, got phys reg 4294967295 (invalid)
 185000: system.cpu.rename: [tid:0] Register 4294967295 (flat: 4294967295) (invalid) is ready.
 185000: global: [sn:1110] has 5 ready out of 8 sources. RTI 0)
 185000: system.cpu.rename: [tid:0] Looking up invalid arch reg 0, got phys reg 4294967295 (invalid)
 185000: system.cpu.rename: [tid:0] Register 4294967295 (flat: 4294967295) (invalid) is ready.
 185000: global: [sn:1110] has 6 ready out of 8 sources. RTI 0)
 185000: global: Renamed reg t1 to physical reg 114 (114) old mapping was 113 (113)
 185000: system.cpu.rename: [tid:0] Renaming arch reg 17 (integer) to physical reg 114 (114).
 185000: system.cpu.rename: [tid:0] [sn:1110] Adding instruction to history buffer (size=248).
 185000: global: Renamed reg condition_code[0] to physical reg 4803 (4803) old mapping was 4801 (4801)
 185000: system.cpu.rename: [tid:0] Renaming arch reg 0 (condition_code) to physical reg 77 (4803).
 185000: system.cpu.rename: [tid:0] [sn:1110] Adding instruction to history buffer (size=249).
 185000: global: Renamed reg condition_code[1] to physical reg 4804 (4804) old mapping was 4802 (4802)
 185000: system.cpu.rename: [tid:0] Renaming arch reg 1 (condition_code) to physical reg 78 (4804).
 185000: system.cpu.rename: [tid:0] [sn:1110] Adding instruction to history buffer (size=250).
 185000: system.cpu.rename: [tid:0] Renaming arch reg 0 (invalid) to physical reg 4294967295 (4294967295).
 185000: system.cpu.rename: [tid:0] [sn:1110] Adding instruction to history buffer (size=251).
 185000: system.cpu.rename: [tid:0] Renaming arch reg 0 (invalid) to physical reg 4294967295 (4294967295).
 185000: system.cpu.rename: [tid:0] [sn:1110] Adding instruction to history buffer (size=252).
 185000: system.cpu.rename: [tid:0] Renaming arch reg 0 (invalid) to physical reg 4294967295 (4294967295).
 185000: system.cpu.rename: [tid:0] [sn:1110] Adding instruction to history buffer (size=253).
 185000: system.cpu.rename: calcFreeSQEntries: free sqEntries: 46, storesInProgress: 11, stores dispatchedToSQ: 4
 185000: system.cpu.rename: [tid:0] Processing instruction [sn:1120] with PC (0x401061=>0x401063).(2=>3).
 185000: system.cpu.rename: [tid:0] Looking up invalid arch reg 0, got phys reg 4294967295 (invalid)
 185000: system.cpu.rename: [tid:0] Register 4294967295 (flat: 4294967295) (invalid) is ready.
 185000: global: [sn:1120] has 1 ready out of 4 sources. RTI 0)
 185000: system.cpu.rename: [tid:0] Looking up integer arch reg 0, got phys reg 45 (integer)
 185000: system.cpu.rename: [tid:0] Register 45 (flat: 45) (integer) is ready.
 185000: global: [sn:1120] has 2 ready out of 4 sources. RTI 0)
 185000: system.cpu.rename: [tid:0] Looking up integer arch reg 17, got phys reg 114 (integer)
 185000: system.cpu.rename: [tid:0] Register 114 (flat: 114) (integer) is not ready.
 185000: system.cpu.rename: [tid:0] Looking up miscellaneous arch reg 155, got phys reg 155 (miscellaneous)
 185000: system.cpu.rename: [tid:0] Register 155 (flat: 0) (miscellaneous) is ready.
 185000: global: [sn:1120] has 3 ready out of 4 sources. RTI 0)
 185000: system.cpu.rename: calcFreeLQEntries: free lqEntries: 105, loadsInProgress: 11, loads dispatchedToLQ: 3
 185000: system.cpu.rename: [tid:0] Processing instruction [sn:1130] with PC (0x401063=>0x401065).(0=>1).
 185000: system.cpu.rename: [tid:0] Looking up invalid arch reg 0, got phys reg 4294967295 (invalid)
 185000: system.cpu.rename: [tid:0] Register 4294967295 (flat: 4294967295) (invalid) is ready.
 185000: global: [sn:1130] has 1 ready out of 4 sources. RTI 0)
 185000: system.cpu.rename: [tid:0] Looking up integer arch reg 0, got phys reg 45 (integer)
 185000: system.cpu.rename: [tid:0] Register 45 (flat: 45) (integer) is ready.
 185000: global: [sn:1130] has 2 ready out of 4 sources. RTI 0)
 185000: system.cpu.rename: [tid:0] Looking up integer arch reg 17, got phys reg 114 (integer)
 185000: system.cpu.rename: [tid:0] Register 114 (flat: 114) (integer) is not ready.
 185000: system.cpu.rename: [tid:0] Looking up miscellaneous arch reg 155, got phys reg 155 (miscellaneous)
 185000: system.cpu.rename: [tid:0] Register 155 (flat: 0) (miscellaneous) is ready.
 185000: global: [sn:1130] has 3 ready out of 4 sources. RTI 0)
 185000: global: Renamed reg t1 to physical reg 115 (115) old mapping was 114 (114)
 185000: system.cpu.rename: [tid:0] Renaming arch reg 17 (integer) to physical reg 115 (115).
 185000: system.cpu.rename: [tid:0] [sn:1130] Adding instruction to history buffer (size=254).
 185000: system.cpu.rename: [tid:0] Processing instruction [sn:1140] with PC (0x401063=>0x401065).(1=>2).
 185000: system.cpu.rename: [tid:0] Looking up integer arch reg 17, got phys reg 115 (integer)
 185000: system.cpu.rename: [tid:0] Register 115 (flat: 115) (integer) is not ready.
 185000: system.cpu.rename: [tid:0] Looking up integer arch reg 0, got phys reg 45 (integer)
 185000: system.cpu.rename: [tid:0] Register 45 (flat: 45) (integer) is ready.
 185000: global: [sn:1140] has 1 ready out of 8 sources. RTI 0)
 185000: system.cpu.rename: [tid:0] Looking up integer arch reg 17, got phys reg 115 (integer)
 185000: system.cpu.rename: [tid:0] Register 115 (flat: 115) (integer) is not ready.
 185000: system.cpu.rename: [tid:0] Looking up invalid arch reg 0, got phys reg 4294967295 (invalid)
 185000: system.cpu.rename: [tid:0] Register 4294967295 (flat: 4294967295) (invalid) is ready.
 185000: global: [sn:1140] has 2 ready out of 8 sources. RTI 0)
 185000: system.cpu.rename: [tid:0] Looking up invalid arch reg 0, got phys reg 4294967295 (invalid)
 185000: system.cpu.rename: [tid:0] Register 4294967295 (flat: 4294967295) (invalid) is ready.
 185000: global: [sn:1140] has 3 ready out of 8 sources. RTI 0)
 185000: system.cpu.rename: [tid:0] Looking up invalid arch reg 0, got phys reg 4294967295 (invalid)
 185000: system.cpu.rename: [tid:0] Register 4294967295 (flat: 4294967295) (invalid) is ready.
 185000: global: [sn:1140] has 4 ready out of 8 sources. RTI 0)
 185000: system.cpu.rename: [tid:0] Looking up invalid arch reg 0, got phys reg 4294967295 (invalid)
 185000: system.cpu.rename: [tid:0] Register 4294967295 (flat: 4294967295) (invalid) is ready.
 185000: global: [sn:1140] has 5 ready out of 8 sources. RTI 0)
 185000: system.cpu.rename: [tid:0] Looking up invalid arch reg 0, got phys reg 4294967295 (invalid)
 185000: system.cpu.rename: [tid:0] Register 4294967295 (flat: 4294967295) (invalid) is ready.
 185000: global: [sn:1140] has 6 ready out of 8 sources. RTI 0)
 185000: global: Renamed reg t1 to physical reg 116 (116) old mapping was 115 (115)
 185000: system.cpu.rename: [tid:0] Renaming arch reg 17 (integer) to physical reg 116 (116).
 185000: system.cpu.rename: [tid:0] [sn:1140] Adding instruction to history buffer (size=255).
 185000: global: Renamed reg condition_code[0] to physical reg 4805 (4805) old mapping was 4803 (4803)
 185000: system.cpu.rename: [tid:0] Renaming arch reg 0 (condition_code) to physical reg 79 (4805).
 185000: system.cpu.rename: [tid:0] [sn:1140] Adding instruction to history buffer (size=256).
 185000: global: Renamed reg condition_code[1] to physical reg 4806 (4806) old mapping was 4804 (4804)
 185000: system.cpu.rename: [tid:0] Renaming arch reg 1 (condition_code) to physical reg 80 (4806).
 185000: system.cpu.rename: [tid:0] [sn:1140] Adding instruction to history buffer (size=257).
 185000: system.cpu.rename: [tid:0] Renaming arch reg 0 (invalid) to physical reg 4294967295 (4294967295).
 185000: system.cpu.rename: [tid:0] [sn:1140] Adding instruction to history buffer (size=258).
 185000: system.cpu.rename: [tid:0] Renaming arch reg 0 (invalid) to physical reg 4294967295 (4294967295).
 185000: system.cpu.rename: [tid:0] [sn:1140] Adding instruction to history buffer (size=259).
 185000: system.cpu.rename: [tid:0] Renaming arch reg 0 (invalid) to physical reg 4294967295 (4294967295).
 185000: system.cpu.rename: [tid:0] [sn:1140] Adding instruction to history buffer (size=260).
 185000: system.cpu.rename: calcFreeSQEntries: free sqEntries: 46, storesInProgress: 12, stores dispatchedToSQ: 4
 185000: system.cpu.rename: [tid:0] Processing instruction [sn:1150] with PC (0x401063=>0x401065).(2=>3).
 185000: system.cpu.rename: [tid:0] Looking up invalid arch reg 0, got phys reg 4294967295 (invalid)
 185000: system.cpu.rename: [tid:0] Register 4294967295 (flat: 4294967295) (invalid) is ready.
 185000: global: [sn:1150] has 1 ready out of 4 sources. RTI 0)
 185000: system.cpu.rename: [tid:0] Looking up integer arch reg 0, got phys reg 45 (integer)
 185000: system.cpu.rename: [tid:0] Register 45 (flat: 45) (integer) is ready.
 185000: global: [sn:1150] has 2 ready out of 4 sources. RTI 0)
 185000: system.cpu.rename: [tid:0] Looking up integer arch reg 17, got phys reg 116 (integer)
 185000: system.cpu.rename: [tid:0] Register 116 (flat: 116) (integer) is not ready.
 185000: system.cpu.rename: [tid:0] Looking up miscellaneous arch reg 155, got phys reg 155 (miscellaneous)
 185000: system.cpu.rename: [tid:0] Register 155 (flat: 0) (miscellaneous) is ready.
 185000: global: [sn:1150] has 3 ready out of 4 sources. RTI 0)
 185000: system.cpu.rename: calcFreeLQEntries: free lqEntries: 105, loadsInProgress: 12, loads dispatchedToLQ: 3
 185000: system.cpu.rename: [tid:0] Processing instruction [sn:1160] with PC (0x401065=>0x401067).(0=>1).
 185000: system.cpu.rename: [tid:0] Looking up invalid arch reg 0, got phys reg 4294967295 (invalid)
 185000: system.cpu.rename: [tid:0] Register 4294967295 (flat: 4294967295) (invalid) is ready.
 185000: global: [sn:1160] has 1 ready out of 4 sources. RTI 0)
 185000: system.cpu.rename: [tid:0] Looking up integer arch reg 0, got phys reg 45 (integer)
 185000: system.cpu.rename: [tid:0] Register 45 (flat: 45) (integer) is ready.
 185000: global: [sn:1160] has 2 ready out of 4 sources. RTI 0)
 185000: system.cpu.rename: [tid:0] Looking up integer arch reg 17, got phys reg 116 (integer)
 185000: system.cpu.rename: [tid:0] Register 116 (flat: 116) (integer) is not ready.
 185000: system.cpu.rename: [tid:0] Looking up miscellaneous arch reg 155, got phys reg 155 (miscellaneous)
 185000: system.cpu.rename: [tid:0] Register 155 (flat: 0) (miscellaneous) is ready.
 185000: global: [sn:1160] has 3 ready out of 4 sources. RTI 0)
 185000: global: Renamed reg t1 to physical reg 117 (117) old mapping was 116 (116)
 185000: system.cpu.rename: [tid:0] Renaming arch reg 17 (integer) to physical reg 117 (117).
 185000: system.cpu.rename: [tid:0] [sn:1160] Adding instruction to history buffer (size=261).
 185000: system.cpu.rename: [tid:0] Processing instruction [sn:1170] with PC (0x401065=>0x401067).(1=>2).
 185000: system.cpu.rename: [tid:0] Looking up integer arch reg 17, got phys reg 117 (integer)
 185000: system.cpu.rename: [tid:0] Register 117 (flat: 117) (integer) is not ready.
 185000: system.cpu.rename: [tid:0] Looking up integer arch reg 0, got phys reg 45 (integer)
 185000: system.cpu.rename: [tid:0] Register 45 (flat: 45) (integer) is ready.
 185000: global: [sn:1170] has 1 ready out of 8 sources. RTI 0)
 185000: system.cpu.rename: [tid:0] Looking up integer arch reg 17, got phys reg 117 (integer)
 185000: system.cpu.rename: [tid:0] Register 117 (flat: 117) (integer) is not ready.
 185000: system.cpu.rename: [tid:0] Looking up invalid arch reg 0, got phys reg 4294967295 (invalid)
 185000: system.cpu.rename: [tid:0] Register 4294967295 (flat: 4294967295) (invalid) is ready.
 185000: global: [sn:1170] has 2 ready out of 8 sources. RTI 0)
 185000: system.cpu.rename: [tid:0] Looking up invalid arch reg 0, got phys reg 4294967295 (invalid)
 185000: system.cpu.rename: [tid:0] Register 4294967295 (flat: 4294967295) (invalid) is ready.
 185000: global: [sn:1170] has 3 ready out of 8 sources. RTI 0)
 185000: system.cpu.rename: [tid:0] Looking up invalid arch reg 0, got phys reg 4294967295 (invalid)
 185000: system.cpu.rename: [tid:0] Register 4294967295 (flat: 4294967295) (invalid) is ready.
 185000: global: [sn:1170] has 4 ready out of 8 sources. RTI 0)
 185000: system.cpu.rename: [tid:0] Looking up invalid arch reg 0, got phys reg 4294967295 (invalid)
 185000: system.cpu.rename: [tid:0] Register 4294967295 (flat: 4294967295) (invalid) is ready.
 185000: global: [sn:1170] has 5 ready out of 8 sources. RTI 0)
 185000: system.cpu.rename: [tid:0] Looking up invalid arch reg 0, got phys reg 4294967295 (invalid)
 185000: system.cpu.rename: [tid:0] Register 4294967295 (flat: 4294967295) (invalid) is ready.
 185000: global: [sn:1170] has 6 ready out of 8 sources. RTI 0)
 185000: global: Renamed reg t1 to physical reg 118 (118) old mapping was 117 (117)
 185000: system.cpu.rename: [tid:0] Renaming arch reg 17 (integer) to physical reg 118 (118).
 185000: system.cpu.rename: [tid:0] [sn:1170] Adding instruction to history buffer (size=262).
 185000: global: Renamed reg condition_code[0] to physical reg 4807 (4807) old mapping was 4805 (4805)
 185000: system.cpu.rename: [tid:0] Renaming arch reg 0 (condition_code) to physical reg 81 (4807).
 185000: system.cpu.rename: [tid:0] [sn:1170] Adding instruction to history buffer (size=263).
 185000: global: Renamed reg condition_code[1] to physical reg 4808 (4808) old mapping was 4806 (4806)
 185000: system.cpu.rename: [tid:0] Renaming arch reg 1 (condition_code) to physical reg 82 (4808).
 185000: system.cpu.rename: [tid:0] [sn:1170] Adding instruction to history buffer (size=264).
 185000: system.cpu.rename: [tid:0] Renaming arch reg 0 (invalid) to physical reg 4294967295 (4294967295).
 185000: system.cpu.rename: [tid:0] [sn:1170] Adding instruction to history buffer (size=265).
 185000: system.cpu.rename: [tid:0] Renaming arch reg 0 (invalid) to physical reg 4294967295 (4294967295).
 185000: system.cpu.rename: [tid:0] [sn:1170] Adding instruction to history buffer (size=266).
 185000: system.cpu.rename: [tid:0] Renaming arch reg 0 (invalid) to physical reg 4294967295 (4294967295).
 185000: system.cpu.rename: [tid:0] [sn:1170] Adding instruction to history buffer (size=267).
 185000: system.cpu.rename: calcFreeSQEntries: free sqEntries: 46, storesInProgress: 13, stores dispatchedToSQ: 4
 185000: system.cpu.rename: [tid:0] Processing instruction [sn:1180] with PC (0x401065=>0x401067).(2=>3).
 185000: system.cpu.rename: [tid:0] Looking up invalid arch reg 0, got phys reg 4294967295 (invalid)
 185000: system.cpu.rename: [tid:0] Register 4294967295 (flat: 4294967295) (invalid) is ready.
 185000: global: [sn:1180] has 1 ready out of 4 sources. RTI 0)
 185000: system.cpu.rename: [tid:0] Looking up integer arch reg 0, got phys reg 45 (integer)
 185000: system.cpu.rename: [tid:0] Register 45 (flat: 45) (integer) is ready.
 185000: global: [sn:1180] has 2 ready out of 4 sources. RTI 0)
 185000: system.cpu.rename: [tid:0] Looking up integer arch reg 17, got phys reg 118 (integer)
 185000: system.cpu.rename: [tid:0] Register 118 (flat: 118) (integer) is not ready.
 185000: system.cpu.rename: [tid:0] Looking up miscellaneous arch reg 155, got phys reg 155 (miscellaneous)
 185000: system.cpu.rename: [tid:0] Register 155 (flat: 0) (miscellaneous) is ready.
 185000: global: [sn:1180] has 3 ready out of 4 sources. RTI 0)
 185000: system.cpu.rename: Activity this cycle.
 185000: system.cpu.iew: Issue: Processing [tid:0]
 185000: system.cpu.iew: [tid:0] Not blocked, so attempting to run dispatch.
 185000: system.cpu.iew: [tid:0] Issue: Adding PC (0x401053=>0x401055).(0=>1) [sn:890] [tid:0] to IQ.
 185000: system.cpu.iew: [tid:0] Issue: Memory instruction encountered, adding to LSQ.
 185000: system.cpu.iew.lsq.thread0: Inserting load PC (0x401053=>0x401055).(0=>1), idx:27 [sn:890]
 185000: system.cpu.iq: Adding instruction [sn:890] PC (0x401053=>0x401055).(0=>1) to the IQ.
 185000: system.cpu.iq: Instruction PC (0x401053=>0x401055).(0=>1) has src reg 98 (integer) that is being added to the dependency chain.
 185000: memdepentry: Memory dependency entry created. memdep_count=54 (0x401053=>0x401055).(0=>1)
 185000: system.cpu.memDep0: No dependency for inst PC (0x401053=>0x401055).(0=>1) [sn:890].
 185000: system.cpu.iew: [tid:0] Issue: Adding PC (0x401053=>0x401055).(1=>2) [sn:900] [tid:0] to IQ.
 185000: system.cpu.iq: Adding instruction [sn:900] PC (0x401053=>0x401055).(1=>2) to the IQ.
 185000: system.cpu.iq: Instruction PC (0x401053=>0x401055).(1=>2) has src reg 99 (integer) that is being added to the dependency chain.
 185000: system.cpu.iq: Instruction PC (0x401053=>0x401055).(1=>2) has src reg 99 (integer) that is being added to the dependency chain.
 185000: system.cpu.iew: [tid:0] Issue: Adding PC (0x401053=>0x401055).(2=>3) [sn:910] [tid:0] to IQ.
 185000: system.cpu.iew: [tid:0] Issue: Memory instruction encountered, adding to LSQ.
 185000: system.cpu.iew.lsq.thread0: Inserting store PC (0x401053=>0x401055).(2=>3), idx:27 [sn:910]
 185000: system.cpu.iq: Adding instruction [sn:910] PC (0x401053=>0x401055).(2=>3) to the IQ.
 185000: system.cpu.iq: Instruction PC (0x401053=>0x401055).(2=>3) has src reg 100 (integer) that is being added to the dependency chain.
 185000: memdepentry: Memory dependency entry created. memdep_count=55 (0x401053=>0x401055).(2=>3)
 185000: system.cpu.memDep0: No dependency for inst PC (0x401053=>0x401055).(2=>3) [sn:910].
 185000: system.cpu.memDep0: Inserting store/atomic PC (0x401053=>0x401055).(2=>3) [sn:910].
 185000: system.cpu.iew: [tid:0] Issue: Adding PC (0x401055=>0x401057).(0=>1) [sn:920] [tid:0] to IQ.
 185000: system.cpu.iew: [tid:0] Issue: Memory instruction encountered, adding to LSQ.
 185000: system.cpu.iew.lsq.thread0: Inserting load PC (0x401055=>0x401057).(0=>1), idx:28 [sn:920]
 185000: system.cpu.iq: Adding instruction [sn:920] PC (0x401055=>0x401057).(0=>1) to the IQ.
 185000: system.cpu.iq: Instruction PC (0x401055=>0x401057).(0=>1) has src reg 100 (integer) that is being added to the dependency chain.
 185000: memdepentry: Memory dependency entry created. memdep_count=56 (0x401055=>0x401057).(0=>1)
 185000: system.cpu.memDep0: No dependency for inst PC (0x401055=>0x401057).(0=>1) [sn:920].
 185000: system.cpu.iew: [tid:0] Issue: Adding PC (0x401055=>0x401057).(1=>2) [sn:930] [tid:0] to IQ.
 185000: system.cpu.iq: Adding instruction [sn:930] PC (0x401055=>0x401057).(1=>2) to the IQ.
 185000: system.cpu.iq: Instruction PC (0x401055=>0x401057).(1=>2) has src reg 101 (integer) that is being added to the dependency chain.
 185000: system.cpu.iq: Instruction PC (0x401055=>0x401057).(1=>2) has src reg 101 (integer) that is being added to the dependency chain.
 185000: system.cpu.iew: [tid:0] Issue: Adding PC (0x401055=>0x401057).(2=>3) [sn:940] [tid:0] to IQ.
 185000: system.cpu.iew: [tid:0] Issue: Memory instruction encountered, adding to LSQ.
 185000: system.cpu.iew.lsq.thread0: Inserting store PC (0x401055=>0x401057).(2=>3), idx:28 [sn:940]
 185000: system.cpu.iq: Adding instruction [sn:940] PC (0x401055=>0x401057).(2=>3) to the IQ.
 185000: system.cpu.iq: Instruction PC (0x401055=>0x401057).(2=>3) has src reg 102 (integer) that is being added to the dependency chain.
 185000: memdepentry: Memory dependency entry created. memdep_count=57 (0x401055=>0x401057).(2=>3)
 185000: system.cpu.memDep0: No dependency for inst PC (0x401055=>0x401057).(2=>3) [sn:940].
 185000: system.cpu.memDep0: Inserting store/atomic PC (0x401055=>0x401057).(2=>3) [sn:940].
 185000: system.cpu.iew: [tid:0] Issue: Adding PC (0x401057=>0x401059).(0=>1) [sn:950] [tid:0] to IQ.
 185000: system.cpu.iew: [tid:0] Issue: Memory instruction encountered, adding to LSQ.
 185000: system.cpu.iew.lsq.thread0: Inserting load PC (0x401057=>0x401059).(0=>1), idx:29 [sn:950]
 185000: system.cpu.iq: Adding instruction [sn:950] PC (0x401057=>0x401059).(0=>1) to the IQ.
 185000: system.cpu.iq: Instruction PC (0x401057=>0x401059).(0=>1) has src reg 102 (integer) that is being added to the dependency chain.
 185000: memdepentry: Memory dependency entry created. memdep_count=58 (0x401057=>0x401059).(0=>1)
 185000: system.cpu.memDep0: No dependency for inst PC (0x401057=>0x401059).(0=>1) [sn:950].
 185000: system.cpu.iew: [tid:0] Issue: Adding PC (0x401057=>0x401059).(1=>2) [sn:960] [tid:0] to IQ.
 185000: system.cpu.iq: Adding instruction [sn:960] PC (0x401057=>0x401059).(1=>2) to the IQ.
 185000: system.cpu.iq: Instruction PC (0x401057=>0x401059).(1=>2) has src reg 103 (integer) that is being added to the dependency chain.
 185000: system.cpu.iq: Instruction PC (0x401057=>0x401059).(1=>2) has src reg 103 (integer) that is being added to the dependency chain.
 185000: system.cpu.iew: [tid:0] Issue: Adding PC (0x401057=>0x401059).(2=>3) [sn:970] [tid:0] to IQ.
 185000: system.cpu.iew: [tid:0] Issue: Memory instruction encountered, adding to LSQ.
 185000: system.cpu.iew.lsq.thread0: Inserting store PC (0x401057=>0x401059).(2=>3), idx:29 [sn:970]
 185000: system.cpu.iq: Adding instruction [sn:970] PC (0x401057=>0x401059).(2=>3) to the IQ.
 185000: system.cpu.iq: Instruction PC (0x401057=>0x401059).(2=>3) has src reg 104 (integer) that is being added to the dependency chain.
 185000: memdepentry: Memory dependency entry created. memdep_count=59 (0x401057=>0x401059).(2=>3)
 185000: system.cpu.memDep0: No dependency for inst PC (0x401057=>0x401059).(2=>3) [sn:970].
 185000: system.cpu.memDep0: Inserting store/atomic PC (0x401057=>0x401059).(2=>3) [sn:970].
 185000: system.cpu.iew: [tid:0] Issue: Adding PC (0x401059=>0x40105b).(0=>1) [sn:980] [tid:0] to IQ.
 185000: system.cpu.iew: [tid:0] Issue: Memory instruction encountered, adding to LSQ.
 185000: system.cpu.iew.lsq.thread0: Inserting load PC (0x401059=>0x40105b).(0=>1), idx:30 [sn:980]
 185000: system.cpu.iq: Adding instruction [sn:980] PC (0x401059=>0x40105b).(0=>1) to the IQ.
 185000: system.cpu.iq: Instruction PC (0x401059=>0x40105b).(0=>1) has src reg 104 (integer) that is being added to the dependency chain.
 185000: memdepentry: Memory dependency entry created. memdep_count=60 (0x401059=>0x40105b).(0=>1)
 185000: system.cpu.memDep0: No dependency for inst PC (0x401059=>0x40105b).(0=>1) [sn:980].
 185000: system.cpu.iew: Sending instructions to commit, [sn:50] PC (0x40100b=>0x40100f).(0=>1).
 185000: system.cpu.iq: Waking dependents of completed instruction.
 185000: system.cpu.memDep0: Completed mem instruction PC (0x40100b=>0x40100f).(0=>1) [sn:50].
 185000: memdepentry: Memory dependency entry deleted. memdep_count=59 (0x40100b=>0x40100f).(0=>1)
 185000: system.cpu.iq: Completing mem instruction PC: (0x40100b=>0x40100f).(0=>1) [sn:50]
 185000: system.cpu.iq: Waking any dependents on register 42 (integer).
 185000: system.cpu.iew: Setting Destination Register 42 (integer)
 185000: system.cpu.scoreboard: Setting reg 42 (integer) as ready
 185000: system.cpu.iq: Attempting to schedule ready instructions from the IQ.
 185000: system.cpu.iq: Not able to schedule any instructions.
 185000: system.cpu.iew: Processing [tid:0]
 185000: system.cpu.iew: [tid:0], Dispatch dispatched 10 instructions.
 185000: system.cpu.iew.lsq.thread0: SQ size: 72, #stores occupied: 29
 185000: system.cpu.iew.lsq.thread0: LQ size: 132, #loads occupied: 31
 185000: system.cpu.iew: IQ has 471 free entries (Can schedule: 0).  LQ has 101 free entries. SQ has 43 free entries.
 185000: system.cpu.commit: Getting instructions from Rename stage.
 185000: system.cpu.commit: [tid:0] [sn:990] Inserting PC (0x401059=>0x40105b).(1=>2) into ROB.
 185000: system.cpu.rob: Adding inst PC (0x401059=>0x40105b).(1=>2) to the ROB.
 185000: system.cpu.rob: [tid:0] Now has 95 instructions.
 185000: system.cpu.commit: [tid:0] [sn:1000] Inserting PC (0x401059=>0x40105b).(2=>3) into ROB.
 185000: system.cpu.rob: Adding inst PC (0x401059=>0x40105b).(2=>3) to the ROB.
 185000: system.cpu.rob: [tid:0] Now has 96 instructions.
 185000: system.cpu.commit: [tid:0] [sn:1010] Inserting PC (0x40105b=>0x40105d).(0=>1) into ROB.
 185000: system.cpu.rob: Adding inst PC (0x40105b=>0x40105d).(0=>1) to the ROB.
 185000: system.cpu.rob: [tid:0] Now has 97 instructions.
 185000: system.cpu.commit: [tid:0] [sn:1020] Inserting PC (0x40105b=>0x40105d).(1=>2) into ROB.
 185000: system.cpu.rob: Adding inst PC (0x40105b=>0x40105d).(1=>2) to the ROB.
 185000: system.cpu.rob: [tid:0] Now has 98 instructions.
 185000: system.cpu.commit: [tid:0] [sn:1030] Inserting PC (0x40105b=>0x40105d).(2=>3) into ROB.
 185000: system.cpu.rob: Adding inst PC (0x40105b=>0x40105d).(2=>3) to the ROB.
 185000: system.cpu.rob: [tid:0] Now has 99 instructions.
 185000: system.cpu.commit: [tid:0] [sn:1040] Inserting PC (0x40105d=>0x40105f).(0=>1) into ROB.
 185000: system.cpu.rob: Adding inst PC (0x40105d=>0x40105f).(0=>1) to the ROB.
 185000: system.cpu.rob: [tid:0] Now has 100 instructions.
 185000: system.cpu.commit: [tid:0] [sn:1050] Inserting PC (0x40105d=>0x40105f).(1=>2) into ROB.
 185000: system.cpu.rob: Adding inst PC (0x40105d=>0x40105f).(1=>2) to the ROB.
 185000: system.cpu.rob: [tid:0] Now has 101 instructions.
 185000: system.cpu.commit: [tid:0] [sn:1060] Inserting PC (0x40105d=>0x40105f).(2=>3) into ROB.
 185000: system.cpu.rob: Adding inst PC (0x40105d=>0x40105f).(2=>3) to the ROB.
 185000: system.cpu.rob: [tid:0] Now has 102 instructions.
 185000: system.cpu.commit: [tid:0] [sn:1070] Inserting PC (0x40105f=>0x401061).(0=>1) into ROB.
 185000: system.cpu.rob: Adding inst PC (0x40105f=>0x401061).(0=>1) to the ROB.
 185000: system.cpu.rob: [tid:0] Now has 103 instructions.
 185000: system.cpu.commit: [tid:0] [sn:1080] Inserting PC (0x40105f=>0x401061).(1=>2) into ROB.
 185000: system.cpu.rob: Adding inst PC (0x40105f=>0x401061).(1=>2) to the ROB.
 185000: system.cpu.rob: [tid:0] Now has 104 instructions.
 185000: system.cpu.commit: Trying to commit instructions in the ROB.
 185000: system.cpu.commit: [tid:0] Can't commit, Instruction [sn:50] PC (0x40100b=>0x40100f).(0=>1) is head of ROB and not ready
 185000: system.cpu.commit: [tid:0] ROB has 104 insts & 814 free entries.
 185000: system.cpu.commit: Activity This Cycle.
 185000: system.cpu: Scheduling next tick!
 186000: system.cpu: 

O3CPU: Ticking main, O3CPU.
 186000: system.cpu.fetch: Running stage.
 186000: system.cpu.fetch: Attempting to fetch from [tid:0]
 186000: system.cpu.fetch: [tid:0] Adding instructions to queue to decode.
 186000: global: DynInst: [sn:1390] Instruction created. Instcount for system.cpu = 135
 186000: system.cpu.fetch: [tid:0] Instruction PC (0x401073=>0x401075).(2=>3) created [sn:1390].
 186000: system.cpu.fetch: [tid:0] Instruction is:   ADD_M_R : st   t1b, DS:[rax]
 186000: system.cpu.fetch: [tid:0] Fetch queue entry created (1/128).
 186000: system.cpu.decoder: Decode: Decoded add instruction: 
{
	leg = 0,
	rex = 0,
	vex/xop = 0,
	op = {
		type = one byte,
		op = 0,
		},
	modRM = 0,
	sib = 0,
	immediate = 0,
	displacement = 0
	dispSize = 0}

 186000: global: DynInst: [sn:1400] Instruction created. Instcount for system.cpu = 136
 186000: system.cpu.fetch: [tid:0] Instruction PC (0x401075=>0x401077).(0=>1) created [sn:1400].
 186000: system.cpu.fetch: [tid:0] Instruction is:   ADD_M_R : ldst   t1b, DS:[rax]
 186000: system.cpu.fetch: [tid:0] Fetch queue entry created (2/128).
 186000: global: DynInst: [sn:1410] Instruction created. Instcount for system.cpu = 137
 186000: system.cpu.fetch: [tid:0] Instruction PC (0x401075=>0x401077).(1=>2) created [sn:1410].
 186000: system.cpu.fetch: [tid:0] Instruction is:   ADD_M_R : add   t1b, t1b, al
 186000: system.cpu.fetch: [tid:0] Fetch queue entry created (3/128).
 186000: global: DynInst: [sn:1420] Instruction created. Instcount for system.cpu = 138
 186000: system.cpu.fetch: [tid:0] Instruction PC (0x401075=>0x401077).(2=>3) created [sn:1420].
 186000: system.cpu.fetch: [tid:0] Instruction is:   ADD_M_R : st   t1b, DS:[rax]
 186000: system.cpu.fetch: [tid:0] Fetch queue entry created (4/128).
 186000: system.cpu.decoder: Decode: Decoded add instruction: 
{
	leg = 0,
	rex = 0,
	vex/xop = 0,
	op = {
		type = one byte,
		op = 0,
		},
	modRM = 0,
	sib = 0,
	immediate = 0,
	displacement = 0
	dispSize = 0}

 186000: global: DynInst: [sn:1430] Instruction created. Instcount for system.cpu = 139
 186000: system.cpu.fetch: [tid:0] Instruction PC (0x401077=>0x401079).(0=>1) created [sn:1430].
 186000: system.cpu.fetch: [tid:0] Instruction is:   ADD_M_R : ldst   t1b, DS:[rax]
 186000: system.cpu.fetch: [tid:0] Fetch queue entry created (5/128).
 186000: global: DynInst: [sn:1440] Instruction created. Instcount for system.cpu = 140
 186000: system.cpu.fetch: [tid:0] Instruction PC (0x401077=>0x401079).(1=>2) created [sn:1440].
 186000: system.cpu.fetch: [tid:0] Instruction is:   ADD_M_R : add   t1b, t1b, al
 186000: system.cpu.fetch: [tid:0] Fetch queue entry created (6/128).
 186000: global: DynInst: [sn:1450] Instruction created. Instcount for system.cpu = 141
 186000: system.cpu.fetch: [tid:0] Instruction PC (0x401077=>0x401079).(2=>3) created [sn:1450].
 186000: system.cpu.fetch: [tid:0] Instruction is:   ADD_M_R : st   t1b, DS:[rax]
 186000: system.cpu.fetch: [tid:0] Fetch queue entry created (7/128).
 186000: system.cpu.decoder: Decode: Decoded add instruction: 
{
	leg = 0,
	rex = 0,
	vex/xop = 0,
	op = {
		type = one byte,
		op = 0,
		},
	modRM = 0,
	sib = 0,
	immediate = 0,
	displacement = 0
	dispSize = 0}

 186000: global: DynInst: [sn:1460] Instruction created. Instcount for system.cpu = 142
 186000: system.cpu.fetch: [tid:0] Instruction PC (0x401079=>0x40107b).(0=>1) created [sn:1460].
 186000: system.cpu.fetch: [tid:0] Instruction is:   ADD_M_R : ldst   t1b, DS:[rax]
 186000: system.cpu.fetch: [tid:0] Fetch queue entry created (8/128).
 186000: global: DynInst: [sn:1470] Instruction created. Instcount for system.cpu = 143
 186000: system.cpu.fetch: [tid:0] Instruction PC (0x401079=>0x40107b).(1=>2) created [sn:1470].
 186000: system.cpu.fetch: [tid:0] Instruction is:   ADD_M_R : add   t1b, t1b, al
 186000: system.cpu.fetch: [tid:0] Fetch queue entry created (9/128).
 186000: global: DynInst: [sn:1480] Instruction created. Instcount for system.cpu = 144
 186000: system.cpu.fetch: [tid:0] Instruction PC (0x401079=>0x40107b).(2=>3) created [sn:1480].
 186000: system.cpu.fetch: [tid:0] Instruction is:   ADD_M_R : st   t1b, DS:[rax]
 186000: system.cpu.fetch: [tid:0] Fetch queue entry created (10/128).
 186000: system.cpu.fetch: [tid:0] Done fetching, reached fetch bandwidth for this cycle.
 186000: system.cpu.fetch: [tid:0] [sn:1390] Sending instruction to decode from fetch queue. Fetch queue size: 10.
 186000: system.cpu.fetch: [tid:0] [sn:1400] Sending instruction to decode from fetch queue. Fetch queue size: 9.
 186000: system.cpu.fetch: [tid:0] [sn:1410] Sending instruction to decode from fetch queue. Fetch queue size: 8.
 186000: system.cpu.fetch: [tid:0] [sn:1420] Sending instruction to decode from fetch queue. Fetch queue size: 7.
 186000: system.cpu.fetch: [tid:0] [sn:1430] Sending instruction to decode from fetch queue. Fetch queue size: 6.
 186000: system.cpu.fetch: [tid:0] [sn:1440] Sending instruction to decode from fetch queue. Fetch queue size: 5.
 186000: system.cpu.fetch: [tid:0] [sn:1450] Sending instruction to decode from fetch queue. Fetch queue size: 4.
 186000: system.cpu.fetch: [tid:0] [sn:1460] Sending instruction to decode from fetch queue. Fetch queue size: 3.
 186000: system.cpu.fetch: [tid:0] [sn:1470] Sending instruction to decode from fetch queue. Fetch queue size: 2.
 186000: system.cpu.fetch: [tid:0] [sn:1480] Sending instruction to decode from fetch queue. Fetch queue size: 1.
 186000: system.cpu.fetch: Activity this cycle.
 186000: system.cpu: Activity: 10
 186000: system.cpu.decode: Processing [tid:0]
 186000: system.cpu.decode: [tid:0] Not blocked, so attempting to run stage.
 186000: system.cpu.decode: [tid:0] Sending instruction to rename.
 186000: system.cpu.decode: [tid:0] Processing instruction [sn:1290] with PC (0x40106d=>0x40106f).(1=>2)
 186000: system.cpu.decode: [tid:0] Processing instruction [sn:1300] with PC (0x40106d=>0x40106f).(2=>3)
 186000: system.cpu.decode: [tid:0] Processing instruction [sn:1310] with PC (0x40106f=>0x401071).(0=>1)
 186000: system.cpu.decode: [tid:0] Processing instruction [sn:1320] with PC (0x40106f=>0x401071).(1=>2)
 186000: system.cpu.decode: [tid:0] Processing instruction [sn:1330] with PC (0x40106f=>0x401071).(2=>3)
 186000: system.cpu.decode: [tid:0] Processing instruction [sn:1340] with PC (0x401071=>0x401073).(0=>1)
 186000: system.cpu.decode: [tid:0] Processing instruction [sn:1350] with PC (0x401071=>0x401073).(1=>2)
 186000: system.cpu.decode: [tid:0] Processing instruction [sn:1360] with PC (0x401071=>0x401073).(2=>3)
 186000: system.cpu.decode: [tid:0] Processing instruction [sn:1370] with PC (0x401073=>0x401075).(0=>1)
 186000: system.cpu.decode: [tid:0] Processing instruction [sn:1380] with PC (0x401073=>0x401075).(1=>2)
 186000: system.cpu.decode: Activity this cycle.
 186000: system.cpu.rename: Processing [tid:0]
 186000: system.cpu.rename: [tid:0] Free IQ: 480, Free ROB: 814, Free LQ: 105, Free SQ: 46, FreeRM 127(802 870 917 1834 127 8 4509)
 186000: system.cpu.rename: [tid:0] 30 instructions not yet in ROB
 186000: system.cpu.rename: calcFreeLQEntries: free lqEntries: 105, loadsInProgress: 10, loads dispatchedToLQ: 4
 186000: system.cpu.rename: [tid:0] Not blocked, so attempting to run stage.
 186000: system.cpu.rename: [tid:0] 10 available instructions to send iew.
 186000: system.cpu.rename: [tid:0] 30 insts pipelining from Rename | 10 insts dispatched to IQ last cycle.
 186000: system.cpu.rename: [tid:0] Sending instructions to IEW.
 186000: system.cpu.rename: calcFreeLQEntries: free lqEntries: 105, loadsInProgress: 10, loads dispatchedToLQ: 4
 186000: system.cpu.rename: [tid:0] Processing instruction [sn:1190] with PC (0x401067=>0x401069).(0=>1).
 186000: system.cpu.rename: [tid:0] Looking up invalid arch reg 0, got phys reg 4294967295 (invalid)
 186000: system.cpu.rename: [tid:0] Register 4294967295 (flat: 4294967295) (invalid) is ready.
 186000: global: [sn:1190] has 1 ready out of 4 sources. RTI 0)
 186000: system.cpu.rename: [tid:0] Looking up integer arch reg 0, got phys reg 45 (integer)
 186000: system.cpu.rename: [tid:0] Register 45 (flat: 45) (integer) is ready.
 186000: global: [sn:1190] has 2 ready out of 4 sources. RTI 0)
 186000: system.cpu.rename: [tid:0] Looking up integer arch reg 17, got phys reg 118 (integer)
 186000: system.cpu.rename: [tid:0] Register 118 (flat: 118) (integer) is not ready.
 186000: system.cpu.rename: [tid:0] Looking up miscellaneous arch reg 155, got phys reg 155 (miscellaneous)
 186000: system.cpu.rename: [tid:0] Register 155 (flat: 0) (miscellaneous) is ready.
 186000: global: [sn:1190] has 3 ready out of 4 sources. RTI 0)
 186000: global: Renamed reg t1 to physical reg 119 (119) old mapping was 118 (118)
 186000: system.cpu.rename: [tid:0] Renaming arch reg 17 (integer) to physical reg 119 (119).
 186000: system.cpu.rename: [tid:0] [sn:1190] Adding instruction to history buffer (size=268).
 186000: system.cpu.rename: [tid:0] Processing instruction [sn:1200] with PC (0x401067=>0x401069).(1=>2).
 186000: system.cpu.rename: [tid:0] Looking up integer arch reg 17, got phys reg 119 (integer)
 186000: system.cpu.rename: [tid:0] Register 119 (flat: 119) (integer) is not ready.
 186000: system.cpu.rename: [tid:0] Looking up integer arch reg 0, got phys reg 45 (integer)
 186000: system.cpu.rename: [tid:0] Register 45 (flat: 45) (integer) is ready.
 186000: global: [sn:1200] has 1 ready out of 8 sources. RTI 0)
 186000: system.cpu.rename: [tid:0] Looking up integer arch reg 17, got phys reg 119 (integer)
 186000: system.cpu.rename: [tid:0] Register 119 (flat: 119) (integer) is not ready.
 186000: system.cpu.rename: [tid:0] Looking up invalid arch reg 0, got phys reg 4294967295 (invalid)
 186000: system.cpu.rename: [tid:0] Register 4294967295 (flat: 4294967295) (invalid) is ready.
 186000: global: [sn:1200] has 2 ready out of 8 sources. RTI 0)
 186000: system.cpu.rename: [tid:0] Looking up invalid arch reg 0, got phys reg 4294967295 (invalid)
 186000: system.cpu.rename: [tid:0] Register 4294967295 (flat: 4294967295) (invalid) is ready.
 186000: global: [sn:1200] has 3 ready out of 8 sources. RTI 0)
 186000: system.cpu.rename: [tid:0] Looking up invalid arch reg 0, got phys reg 4294967295 (invalid)
 186000: system.cpu.rename: [tid:0] Register 4294967295 (flat: 4294967295) (invalid) is ready.
 186000: global: [sn:1200] has 4 ready out of 8 sources. RTI 0)
 186000: system.cpu.rename: [tid:0] Looking up invalid arch reg 0, got phys reg 4294967295 (invalid)
 186000: system.cpu.rename: [tid:0] Register 4294967295 (flat: 4294967295) (invalid) is ready.
 186000: global: [sn:1200] has 5 ready out of 8 sources. RTI 0)
 186000: system.cpu.rename: [tid:0] Looking up invalid arch reg 0, got phys reg 4294967295 (invalid)
 186000: system.cpu.rename: [tid:0] Register 4294967295 (flat: 4294967295) (invalid) is ready.
 186000: global: [sn:1200] has 6 ready out of 8 sources. RTI 0)
 186000: global: Renamed reg t1 to physical reg 120 (120) old mapping was 119 (119)
 186000: system.cpu.rename: [tid:0] Renaming arch reg 17 (integer) to physical reg 120 (120).
 186000: system.cpu.rename: [tid:0] [sn:1200] Adding instruction to history buffer (size=269).
 186000: global: Renamed reg condition_code[0] to physical reg 4809 (4809) old mapping was 4807 (4807)
 186000: system.cpu.rename: [tid:0] Renaming arch reg 0 (condition_code) to physical reg 83 (4809).
 186000: system.cpu.rename: [tid:0] [sn:1200] Adding instruction to history buffer (size=270).
 186000: global: Renamed reg condition_code[1] to physical reg 4810 (4810) old mapping was 4808 (4808)
 186000: system.cpu.rename: [tid:0] Renaming arch reg 1 (condition_code) to physical reg 84 (4810).
 186000: system.cpu.rename: [tid:0] [sn:1200] Adding instruction to history buffer (size=271).
 186000: system.cpu.rename: [tid:0] Renaming arch reg 0 (invalid) to physical reg 4294967295 (4294967295).
 186000: system.cpu.rename: [tid:0] [sn:1200] Adding instruction to history buffer (size=272).
 186000: system.cpu.rename: [tid:0] Renaming arch reg 0 (invalid) to physical reg 4294967295 (4294967295).
 186000: system.cpu.rename: [tid:0] [sn:1200] Adding instruction to history buffer (size=273).
 186000: system.cpu.rename: [tid:0] Renaming arch reg 0 (invalid) to physical reg 4294967295 (4294967295).
 186000: system.cpu.rename: [tid:0] [sn:1200] Adding instruction to history buffer (size=274).
 186000: system.cpu.rename: calcFreeSQEntries: free sqEntries: 46, storesInProgress: 10, stores dispatchedToSQ: 3
 186000: system.cpu.rename: [tid:0] Processing instruction [sn:1210] with PC (0x401067=>0x401069).(2=>3).
 186000: system.cpu.rename: [tid:0] Looking up invalid arch reg 0, got phys reg 4294967295 (invalid)
 186000: system.cpu.rename: [tid:0] Register 4294967295 (flat: 4294967295) (invalid) is ready.
 186000: global: [sn:1210] has 1 ready out of 4 sources. RTI 0)
 186000: system.cpu.rename: [tid:0] Looking up integer arch reg 0, got phys reg 45 (integer)
 186000: system.cpu.rename: [tid:0] Register 45 (flat: 45) (integer) is ready.
 186000: global: [sn:1210] has 2 ready out of 4 sources. RTI 0)
 186000: system.cpu.rename: [tid:0] Looking up integer arch reg 17, got phys reg 120 (integer)
 186000: system.cpu.rename: [tid:0] Register 120 (flat: 120) (integer) is not ready.
 186000: system.cpu.rename: [tid:0] Looking up miscellaneous arch reg 155, got phys reg 155 (miscellaneous)
 186000: system.cpu.rename: [tid:0] Register 155 (flat: 0) (miscellaneous) is ready.
 186000: global: [sn:1210] has 3 ready out of 4 sources. RTI 0)
 186000: system.cpu.rename: calcFreeLQEntries: free lqEntries: 105, loadsInProgress: 11, loads dispatchedToLQ: 4
 186000: system.cpu.rename: [tid:0] Processing instruction [sn:1220] with PC (0x401069=>0x40106b).(0=>1).
 186000: system.cpu.rename: [tid:0] Looking up invalid arch reg 0, got phys reg 4294967295 (invalid)
 186000: system.cpu.rename: [tid:0] Register 4294967295 (flat: 4294967295) (invalid) is ready.
 186000: global: [sn:1220] has 1 ready out of 4 sources. RTI 0)
 186000: system.cpu.rename: [tid:0] Looking up integer arch reg 0, got phys reg 45 (integer)
 186000: system.cpu.rename: [tid:0] Register 45 (flat: 45) (integer) is ready.
 186000: global: [sn:1220] has 2 ready out of 4 sources. RTI 0)
 186000: system.cpu.rename: [tid:0] Looking up integer arch reg 17, got phys reg 120 (integer)
 186000: system.cpu.rename: [tid:0] Register 120 (flat: 120) (integer) is not ready.
 186000: system.cpu.rename: [tid:0] Looking up miscellaneous arch reg 155, got phys reg 155 (miscellaneous)
 186000: system.cpu.rename: [tid:0] Register 155 (flat: 0) (miscellaneous) is ready.
 186000: global: [sn:1220] has 3 ready out of 4 sources. RTI 0)
 186000: global: Renamed reg t1 to physical reg 121 (121) old mapping was 120 (120)
 186000: system.cpu.rename: [tid:0] Renaming arch reg 17 (integer) to physical reg 121 (121).
 186000: system.cpu.rename: [tid:0] [sn:1220] Adding instruction to history buffer (size=275).
 186000: system.cpu.rename: [tid:0] Processing instruction [sn:1230] with PC (0x401069=>0x40106b).(1=>2).
 186000: system.cpu.rename: [tid:0] Looking up integer arch reg 17, got phys reg 121 (integer)
 186000: system.cpu.rename: [tid:0] Register 121 (flat: 121) (integer) is not ready.
 186000: system.cpu.rename: [tid:0] Looking up integer arch reg 0, got phys reg 45 (integer)
 186000: system.cpu.rename: [tid:0] Register 45 (flat: 45) (integer) is ready.
 186000: global: [sn:1230] has 1 ready out of 8 sources. RTI 0)
 186000: system.cpu.rename: [tid:0] Looking up integer arch reg 17, got phys reg 121 (integer)
 186000: system.cpu.rename: [tid:0] Register 121 (flat: 121) (integer) is not ready.
 186000: system.cpu.rename: [tid:0] Looking up invalid arch reg 0, got phys reg 4294967295 (invalid)
 186000: system.cpu.rename: [tid:0] Register 4294967295 (flat: 4294967295) (invalid) is ready.
 186000: global: [sn:1230] has 2 ready out of 8 sources. RTI 0)
 186000: system.cpu.rename: [tid:0] Looking up invalid arch reg 0, got phys reg 4294967295 (invalid)
 186000: system.cpu.rename: [tid:0] Register 4294967295 (flat: 4294967295) (invalid) is ready.
 186000: global: [sn:1230] has 3 ready out of 8 sources. RTI 0)
 186000: system.cpu.rename: [tid:0] Looking up invalid arch reg 0, got phys reg 4294967295 (invalid)
 186000: system.cpu.rename: [tid:0] Register 4294967295 (flat: 4294967295) (invalid) is ready.
 186000: global: [sn:1230] has 4 ready out of 8 sources. RTI 0)
 186000: system.cpu.rename: [tid:0] Looking up invalid arch reg 0, got phys reg 4294967295 (invalid)
 186000: system.cpu.rename: [tid:0] Register 4294967295 (flat: 4294967295) (invalid) is ready.
 186000: global: [sn:1230] has 5 ready out of 8 sources. RTI 0)
 186000: system.cpu.rename: [tid:0] Looking up invalid arch reg 0, got phys reg 4294967295 (invalid)
 186000: system.cpu.rename: [tid:0] Register 4294967295 (flat: 4294967295) (invalid) is ready.
 186000: global: [sn:1230] has 6 ready out of 8 sources. RTI 0)
 186000: global: Renamed reg t1 to physical reg 122 (122) old mapping was 121 (121)
 186000: system.cpu.rename: [tid:0] Renaming arch reg 17 (integer) to physical reg 122 (122).
 186000: system.cpu.rename: [tid:0] [sn:1230] Adding instruction to history buffer (size=276).
 186000: global: Renamed reg condition_code[0] to physical reg 4811 (4811) old mapping was 4809 (4809)
 186000: system.cpu.rename: [tid:0] Renaming arch reg 0 (condition_code) to physical reg 85 (4811).
 186000: system.cpu.rename: [tid:0] [sn:1230] Adding instruction to history buffer (size=277).
 186000: global: Renamed reg condition_code[1] to physical reg 4812 (4812) old mapping was 4810 (4810)
 186000: system.cpu.rename: [tid:0] Renaming arch reg 1 (condition_code) to physical reg 86 (4812).
 186000: system.cpu.rename: [tid:0] [sn:1230] Adding instruction to history buffer (size=278).
 186000: system.cpu.rename: [tid:0] Renaming arch reg 0 (invalid) to physical reg 4294967295 (4294967295).
 186000: system.cpu.rename: [tid:0] [sn:1230] Adding instruction to history buffer (size=279).
 186000: system.cpu.rename: [tid:0] Renaming arch reg 0 (invalid) to physical reg 4294967295 (4294967295).
 186000: system.cpu.rename: [tid:0] [sn:1230] Adding instruction to history buffer (size=280).
 186000: system.cpu.rename: [tid:0] Renaming arch reg 0 (invalid) to physical reg 4294967295 (4294967295).
 186000: system.cpu.rename: [tid:0] [sn:1230] Adding instruction to history buffer (size=281).
 186000: system.cpu.rename: calcFreeSQEntries: free sqEntries: 46, storesInProgress: 11, stores dispatchedToSQ: 3
 186000: system.cpu.rename: [tid:0] Processing instruction [sn:1240] with PC (0x401069=>0x40106b).(2=>3).
 186000: system.cpu.rename: [tid:0] Looking up invalid arch reg 0, got phys reg 4294967295 (invalid)
 186000: system.cpu.rename: [tid:0] Register 4294967295 (flat: 4294967295) (invalid) is ready.
 186000: global: [sn:1240] has 1 ready out of 4 sources. RTI 0)
 186000: system.cpu.rename: [tid:0] Looking up integer arch reg 0, got phys reg 45 (integer)
 186000: system.cpu.rename: [tid:0] Register 45 (flat: 45) (integer) is ready.
 186000: global: [sn:1240] has 2 ready out of 4 sources. RTI 0)
 186000: system.cpu.rename: [tid:0] Looking up integer arch reg 17, got phys reg 122 (integer)
 186000: system.cpu.rename: [tid:0] Register 122 (flat: 122) (integer) is not ready.
 186000: system.cpu.rename: [tid:0] Looking up miscellaneous arch reg 155, got phys reg 155 (miscellaneous)
 186000: system.cpu.rename: [tid:0] Register 155 (flat: 0) (miscellaneous) is ready.
 186000: global: [sn:1240] has 3 ready out of 4 sources. RTI 0)
 186000: system.cpu.rename: calcFreeLQEntries: free lqEntries: 105, loadsInProgress: 12, loads dispatchedToLQ: 4
 186000: system.cpu.rename: [tid:0] Processing instruction [sn:1250] with PC (0x40106b=>0x40106d).(0=>1).
 186000: system.cpu.rename: [tid:0] Looking up invalid arch reg 0, got phys reg 4294967295 (invalid)
 186000: system.cpu.rename: [tid:0] Register 4294967295 (flat: 4294967295) (invalid) is ready.
 186000: global: [sn:1250] has 1 ready out of 4 sources. RTI 0)
 186000: system.cpu.rename: [tid:0] Looking up integer arch reg 0, got phys reg 45 (integer)
 186000: system.cpu.rename: [tid:0] Register 45 (flat: 45) (integer) is ready.
 186000: global: [sn:1250] has 2 ready out of 4 sources. RTI 0)
 186000: system.cpu.rename: [tid:0] Looking up integer arch reg 17, got phys reg 122 (integer)
 186000: system.cpu.rename: [tid:0] Register 122 (flat: 122) (integer) is not ready.
 186000: system.cpu.rename: [tid:0] Looking up miscellaneous arch reg 155, got phys reg 155 (miscellaneous)
 186000: system.cpu.rename: [tid:0] Register 155 (flat: 0) (miscellaneous) is ready.
 186000: global: [sn:1250] has 3 ready out of 4 sources. RTI 0)
 186000: global: Renamed reg t1 to physical reg 123 (123) old mapping was 122 (122)
 186000: system.cpu.rename: [tid:0] Renaming arch reg 17 (integer) to physical reg 123 (123).
 186000: system.cpu.rename: [tid:0] [sn:1250] Adding instruction to history buffer (size=282).
 186000: system.cpu.rename: [tid:0] Processing instruction [sn:1260] with PC (0x40106b=>0x40106d).(1=>2).
 186000: system.cpu.rename: [tid:0] Looking up integer arch reg 17, got phys reg 123 (integer)
 186000: system.cpu.rename: [tid:0] Register 123 (flat: 123) (integer) is not ready.
 186000: system.cpu.rename: [tid:0] Looking up integer arch reg 0, got phys reg 45 (integer)
 186000: system.cpu.rename: [tid:0] Register 45 (flat: 45) (integer) is ready.
 186000: global: [sn:1260] has 1 ready out of 8 sources. RTI 0)
 186000: system.cpu.rename: [tid:0] Looking up integer arch reg 17, got phys reg 123 (integer)
 186000: system.cpu.rename: [tid:0] Register 123 (flat: 123) (integer) is not ready.
 186000: system.cpu.rename: [tid:0] Looking up invalid arch reg 0, got phys reg 4294967295 (invalid)
 186000: system.cpu.rename: [tid:0] Register 4294967295 (flat: 4294967295) (invalid) is ready.
 186000: global: [sn:1260] has 2 ready out of 8 sources. RTI 0)
 186000: system.cpu.rename: [tid:0] Looking up invalid arch reg 0, got phys reg 4294967295 (invalid)
 186000: system.cpu.rename: [tid:0] Register 4294967295 (flat: 4294967295) (invalid) is ready.
 186000: global: [sn:1260] has 3 ready out of 8 sources. RTI 0)
 186000: system.cpu.rename: [tid:0] Looking up invalid arch reg 0, got phys reg 4294967295 (invalid)
 186000: system.cpu.rename: [tid:0] Register 4294967295 (flat: 4294967295) (invalid) is ready.
 186000: global: [sn:1260] has 4 ready out of 8 sources. RTI 0)
 186000: system.cpu.rename: [tid:0] Looking up invalid arch reg 0, got phys reg 4294967295 (invalid)
 186000: system.cpu.rename: [tid:0] Register 4294967295 (flat: 4294967295) (invalid) is ready.
 186000: global: [sn:1260] has 5 ready out of 8 sources. RTI 0)
 186000: system.cpu.rename: [tid:0] Looking up invalid arch reg 0, got phys reg 4294967295 (invalid)
 186000: system.cpu.rename: [tid:0] Register 4294967295 (flat: 4294967295) (invalid) is ready.
 186000: global: [sn:1260] has 6 ready out of 8 sources. RTI 0)
 186000: global: Renamed reg t1 to physical reg 124 (124) old mapping was 123 (123)
 186000: system.cpu.rename: [tid:0] Renaming arch reg 17 (integer) to physical reg 124 (124).
 186000: system.cpu.rename: [tid:0] [sn:1260] Adding instruction to history buffer (size=283).
 186000: global: Renamed reg condition_code[0] to physical reg 4813 (4813) old mapping was 4811 (4811)
 186000: system.cpu.rename: [tid:0] Renaming arch reg 0 (condition_code) to physical reg 87 (4813).
 186000: system.cpu.rename: [tid:0] [sn:1260] Adding instruction to history buffer (size=284).
 186000: global: Renamed reg condition_code[1] to physical reg 4814 (4814) old mapping was 4812 (4812)
 186000: system.cpu.rename: [tid:0] Renaming arch reg 1 (condition_code) to physical reg 88 (4814).
 186000: system.cpu.rename: [tid:0] [sn:1260] Adding instruction to history buffer (size=285).
 186000: system.cpu.rename: [tid:0] Renaming arch reg 0 (invalid) to physical reg 4294967295 (4294967295).
 186000: system.cpu.rename: [tid:0] [sn:1260] Adding instruction to history buffer (size=286).
 186000: system.cpu.rename: [tid:0] Renaming arch reg 0 (invalid) to physical reg 4294967295 (4294967295).
 186000: system.cpu.rename: [tid:0] [sn:1260] Adding instruction to history buffer (size=287).
 186000: system.cpu.rename: [tid:0] Renaming arch reg 0 (invalid) to physical reg 4294967295 (4294967295).
 186000: system.cpu.rename: [tid:0] [sn:1260] Adding instruction to history buffer (size=288).
 186000: system.cpu.rename: calcFreeSQEntries: free sqEntries: 46, storesInProgress: 12, stores dispatchedToSQ: 3
 186000: system.cpu.rename: [tid:0] Processing instruction [sn:1270] with PC (0x40106b=>0x40106d).(2=>3).
 186000: system.cpu.rename: [tid:0] Looking up invalid arch reg 0, got phys reg 4294967295 (invalid)
 186000: system.cpu.rename: [tid:0] Register 4294967295 (flat: 4294967295) (invalid) is ready.
 186000: global: [sn:1270] has 1 ready out of 4 sources. RTI 0)
 186000: system.cpu.rename: [tid:0] Looking up integer arch reg 0, got phys reg 45 (integer)
 186000: system.cpu.rename: [tid:0] Register 45 (flat: 45) (integer) is ready.
 186000: global: [sn:1270] has 2 ready out of 4 sources. RTI 0)
 186000: system.cpu.rename: [tid:0] Looking up integer arch reg 17, got phys reg 124 (integer)
 186000: system.cpu.rename: [tid:0] Register 124 (flat: 124) (integer) is not ready.
 186000: system.cpu.rename: [tid:0] Looking up miscellaneous arch reg 155, got phys reg 155 (miscellaneous)
 186000: system.cpu.rename: [tid:0] Register 155 (flat: 0) (miscellaneous) is ready.
 186000: global: [sn:1270] has 3 ready out of 4 sources. RTI 0)
 186000: system.cpu.rename: calcFreeLQEntries: free lqEntries: 105, loadsInProgress: 13, loads dispatchedToLQ: 4
 186000: system.cpu.rename: [tid:0] Processing instruction [sn:1280] with PC (0x40106d=>0x40106f).(0=>1).
 186000: system.cpu.rename: [tid:0] Looking up invalid arch reg 0, got phys reg 4294967295 (invalid)
 186000: system.cpu.rename: [tid:0] Register 4294967295 (flat: 4294967295) (invalid) is ready.
 186000: global: [sn:1280] has 1 ready out of 4 sources. RTI 0)
 186000: system.cpu.rename: [tid:0] Looking up integer arch reg 0, got phys reg 45 (integer)
 186000: system.cpu.rename: [tid:0] Register 45 (flat: 45) (integer) is ready.
 186000: global: [sn:1280] has 2 ready out of 4 sources. RTI 0)
 186000: system.cpu.rename: [tid:0] Looking up integer arch reg 17, got phys reg 124 (integer)
 186000: system.cpu.rename: [tid:0] Register 124 (flat: 124) (integer) is not ready.
 186000: system.cpu.rename: [tid:0] Looking up miscellaneous arch reg 155, got phys reg 155 (miscellaneous)
 186000: system.cpu.rename: [tid:0] Register 155 (flat: 0) (miscellaneous) is ready.
 186000: global: [sn:1280] has 3 ready out of 4 sources. RTI 0)
 186000: global: Renamed reg t1 to physical reg 125 (125) old mapping was 124 (124)
 186000: system.cpu.rename: [tid:0] Renaming arch reg 17 (integer) to physical reg 125 (125).
 186000: system.cpu.rename: [tid:0] [sn:1280] Adding instruction to history buffer (size=289).
 186000: system.cpu.rename: Activity this cycle.
 186000: system.cpu.iew: Issue: Processing [tid:0]
 186000: system.cpu.iew: [tid:0] Not blocked, so attempting to run dispatch.
 186000: system.cpu.iew: [tid:0] Issue: Adding PC (0x401059=>0x40105b).(1=>2) [sn:990] [tid:0] to IQ.
 186000: system.cpu.iq: Adding instruction [sn:990] PC (0x401059=>0x40105b).(1=>2) to the IQ.
 186000: system.cpu.iq: Instruction PC (0x401059=>0x40105b).(1=>2) has src reg 105 (integer) that is being added to the dependency chain.
 186000: system.cpu.iq: Instruction PC (0x401059=>0x40105b).(1=>2) has src reg 105 (integer) that is being added to the dependency chain.
 186000: system.cpu.iew: [tid:0] Issue: Adding PC (0x401059=>0x40105b).(2=>3) [sn:1000] [tid:0] to IQ.
 186000: system.cpu.iew: [tid:0] Issue: Memory instruction encountered, adding to LSQ.
 186000: system.cpu.iew.lsq.thread0: Inserting store PC (0x401059=>0x40105b).(2=>3), idx:30 [sn:1000]
 186000: system.cpu.iq: Adding instruction [sn:1000] PC (0x401059=>0x40105b).(2=>3) to the IQ.
 186000: system.cpu.iq: Instruction PC (0x401059=>0x40105b).(2=>3) has src reg 106 (integer) that is being added to the dependency chain.
 186000: memdepentry: Memory dependency entry created. memdep_count=60 (0x401059=>0x40105b).(2=>3)
 186000: system.cpu.memDep0: No dependency for inst PC (0x401059=>0x40105b).(2=>3) [sn:1000].
 186000: system.cpu.memDep0: Inserting store/atomic PC (0x401059=>0x40105b).(2=>3) [sn:1000].
 186000: system.cpu.iew: [tid:0] Issue: Adding PC (0x40105b=>0x40105d).(0=>1) [sn:1010] [tid:0] to IQ.
 186000: system.cpu.iew: [tid:0] Issue: Memory instruction encountered, adding to LSQ.
 186000: system.cpu.iew.lsq.thread0: Inserting load PC (0x40105b=>0x40105d).(0=>1), idx:31 [sn:1010]
 186000: system.cpu.iq: Adding instruction [sn:1010] PC (0x40105b=>0x40105d).(0=>1) to the IQ.
 186000: system.cpu.iq: Instruction PC (0x40105b=>0x40105d).(0=>1) has src reg 106 (integer) that is being added to the dependency chain.
 186000: memdepentry: Memory dependency entry created. memdep_count=61 (0x40105b=>0x40105d).(0=>1)
 186000: system.cpu.memDep0: No dependency for inst PC (0x40105b=>0x40105d).(0=>1) [sn:1010].
 186000: system.cpu.iew: [tid:0] Issue: Adding PC (0x40105b=>0x40105d).(1=>2) [sn:1020] [tid:0] to IQ.
 186000: system.cpu.iq: Adding instruction [sn:1020] PC (0x40105b=>0x40105d).(1=>2) to the IQ.
 186000: system.cpu.iq: Instruction PC (0x40105b=>0x40105d).(1=>2) has src reg 107 (integer) that is being added to the dependency chain.
 186000: system.cpu.iq: Instruction PC (0x40105b=>0x40105d).(1=>2) has src reg 107 (integer) that is being added to the dependency chain.
 186000: system.cpu.iew: [tid:0] Issue: Adding PC (0x40105b=>0x40105d).(2=>3) [sn:1030] [tid:0] to IQ.
 186000: system.cpu.iew: [tid:0] Issue: Memory instruction encountered, adding to LSQ.
 186000: system.cpu.iew.lsq.thread0: Inserting store PC (0x40105b=>0x40105d).(2=>3), idx:31 [sn:1030]
 186000: system.cpu.iq: Adding instruction [sn:1030] PC (0x40105b=>0x40105d).(2=>3) to the IQ.
 186000: system.cpu.iq: Instruction PC (0x40105b=>0x40105d).(2=>3) has src reg 108 (integer) that is being added to the dependency chain.
 186000: memdepentry: Memory dependency entry created. memdep_count=62 (0x40105b=>0x40105d).(2=>3)
 186000: system.cpu.memDep0: No dependency for inst PC (0x40105b=>0x40105d).(2=>3) [sn:1030].
 186000: system.cpu.memDep0: Inserting store/atomic PC (0x40105b=>0x40105d).(2=>3) [sn:1030].
 186000: system.cpu.iew: [tid:0] Issue: Adding PC (0x40105d=>0x40105f).(0=>1) [sn:1040] [tid:0] to IQ.
 186000: system.cpu.iew: [tid:0] Issue: Memory instruction encountered, adding to LSQ.
 186000: system.cpu.iew.lsq.thread0: Inserting load PC (0x40105d=>0x40105f).(0=>1), idx:32 [sn:1040]
 186000: system.cpu.iq: Adding instruction [sn:1040] PC (0x40105d=>0x40105f).(0=>1) to the IQ.
 186000: system.cpu.iq: Instruction PC (0x40105d=>0x40105f).(0=>1) has src reg 108 (integer) that is being added to the dependency chain.
 186000: memdepentry: Memory dependency entry created. memdep_count=63 (0x40105d=>0x40105f).(0=>1)
 186000: system.cpu.memDep0: No dependency for inst PC (0x40105d=>0x40105f).(0=>1) [sn:1040].
 186000: system.cpu.iew: [tid:0] Issue: Adding PC (0x40105d=>0x40105f).(1=>2) [sn:1050] [tid:0] to IQ.
 186000: system.cpu.iq: Adding instruction [sn:1050] PC (0x40105d=>0x40105f).(1=>2) to the IQ.
 186000: system.cpu.iq: Instruction PC (0x40105d=>0x40105f).(1=>2) has src reg 109 (integer) that is being added to the dependency chain.
 186000: system.cpu.iq: Instruction PC (0x40105d=>0x40105f).(1=>2) has src reg 109 (integer) that is being added to the dependency chain.
 186000: system.cpu.iew: [tid:0] Issue: Adding PC (0x40105d=>0x40105f).(2=>3) [sn:1060] [tid:0] to IQ.
 186000: system.cpu.iew: [tid:0] Issue: Memory instruction encountered, adding to LSQ.
 186000: system.cpu.iew.lsq.thread0: Inserting store PC (0x40105d=>0x40105f).(2=>3), idx:32 [sn:1060]
 186000: system.cpu.iq: Adding instruction [sn:1060] PC (0x40105d=>0x40105f).(2=>3) to the IQ.
 186000: system.cpu.iq: Instruction PC (0x40105d=>0x40105f).(2=>3) has src reg 110 (integer) that is being added to the dependency chain.
 186000: memdepentry: Memory dependency entry created. memdep_count=64 (0x40105d=>0x40105f).(2=>3)
 186000: system.cpu.memDep0: No dependency for inst PC (0x40105d=>0x40105f).(2=>3) [sn:1060].
 186000: system.cpu.memDep0: Inserting store/atomic PC (0x40105d=>0x40105f).(2=>3) [sn:1060].
 186000: system.cpu.iew: [tid:0] Issue: Adding PC (0x40105f=>0x401061).(0=>1) [sn:1070] [tid:0] to IQ.
 186000: system.cpu.iew: [tid:0] Issue: Memory instruction encountered, adding to LSQ.
 186000: system.cpu.iew.lsq.thread0: Inserting load PC (0x40105f=>0x401061).(0=>1), idx:33 [sn:1070]
 186000: system.cpu.iq: Adding instruction [sn:1070] PC (0x40105f=>0x401061).(0=>1) to the IQ.
 186000: system.cpu.iq: Instruction PC (0x40105f=>0x401061).(0=>1) has src reg 110 (integer) that is being added to the dependency chain.
 186000: memdepentry: Memory dependency entry created. memdep_count=65 (0x40105f=>0x401061).(0=>1)
 186000: system.cpu.memDep0: No dependency for inst PC (0x40105f=>0x401061).(0=>1) [sn:1070].
 186000: system.cpu.iew: [tid:0] Issue: Adding PC (0x40105f=>0x401061).(1=>2) [sn:1080] [tid:0] to IQ.
 186000: system.cpu.iq: Adding instruction [sn:1080] PC (0x40105f=>0x401061).(1=>2) to the IQ.
 186000: system.cpu.iq: Instruction PC (0x40105f=>0x401061).(1=>2) has src reg 111 (integer) that is being added to the dependency chain.
 186000: system.cpu.iq: Instruction PC (0x40105f=>0x401061).(1=>2) has src reg 111 (integer) that is being added to the dependency chain.
 186000: system.cpu.iq: Attempting to schedule ready instructions from the IQ.
 186000: system.cpu.iq: Not able to schedule any instructions.
 186000: system.cpu.iew: Processing [tid:0]
 186000: system.cpu.iew: [tid:0], Dispatch dispatched 10 instructions.
 186000: system.cpu.iew.lsq.thread0: SQ size: 72, #stores occupied: 32
 186000: system.cpu.iew.lsq.thread0: LQ size: 132, #loads occupied: 34
 186000: system.cpu.iew: IQ has 461 free entries (Can schedule: 0).  LQ has 98 free entries. SQ has 40 free entries.
 186000: system.cpu.commit: Getting instructions from Rename stage.
 186000: system.cpu.commit: [tid:0] [sn:1090] Inserting PC (0x40105f=>0x401061).(2=>3) into ROB.
 186000: system.cpu.rob: Adding inst PC (0x40105f=>0x401061).(2=>3) to the ROB.
 186000: system.cpu.rob: [tid:0] Now has 105 instructions.
 186000: system.cpu.commit: [tid:0] [sn:1100] Inserting PC (0x401061=>0x401063).(0=>1) into ROB.
 186000: system.cpu.rob: Adding inst PC (0x401061=>0x401063).(0=>1) to the ROB.
 186000: system.cpu.rob: [tid:0] Now has 106 instructions.
 186000: system.cpu.commit: [tid:0] [sn:1110] Inserting PC (0x401061=>0x401063).(1=>2) into ROB.
 186000: system.cpu.rob: Adding inst PC (0x401061=>0x401063).(1=>2) to the ROB.
 186000: system.cpu.rob: [tid:0] Now has 107 instructions.
 186000: system.cpu.commit: [tid:0] [sn:1120] Inserting PC (0x401061=>0x401063).(2=>3) into ROB.
 186000: system.cpu.rob: Adding inst PC (0x401061=>0x401063).(2=>3) to the ROB.
 186000: system.cpu.rob: [tid:0] Now has 108 instructions.
 186000: system.cpu.commit: [tid:0] [sn:1130] Inserting PC (0x401063=>0x401065).(0=>1) into ROB.
 186000: system.cpu.rob: Adding inst PC (0x401063=>0x401065).(0=>1) to the ROB.
 186000: system.cpu.rob: [tid:0] Now has 109 instructions.
 186000: system.cpu.commit: [tid:0] [sn:1140] Inserting PC (0x401063=>0x401065).(1=>2) into ROB.
 186000: system.cpu.rob: Adding inst PC (0x401063=>0x401065).(1=>2) to the ROB.
 186000: system.cpu.rob: [tid:0] Now has 110 instructions.
 186000: system.cpu.commit: [tid:0] [sn:1150] Inserting PC (0x401063=>0x401065).(2=>3) into ROB.
 186000: system.cpu.rob: Adding inst PC (0x401063=>0x401065).(2=>3) to the ROB.
 186000: system.cpu.rob: [tid:0] Now has 111 instructions.
 186000: system.cpu.commit: [tid:0] [sn:1160] Inserting PC (0x401065=>0x401067).(0=>1) into ROB.
 186000: system.cpu.rob: Adding inst PC (0x401065=>0x401067).(0=>1) to the ROB.
 186000: system.cpu.rob: [tid:0] Now has 112 instructions.
 186000: system.cpu.commit: [tid:0] [sn:1170] Inserting PC (0x401065=>0x401067).(1=>2) into ROB.
 186000: system.cpu.rob: Adding inst PC (0x401065=>0x401067).(1=>2) to the ROB.
 186000: system.cpu.rob: [tid:0] Now has 113 instructions.
 186000: system.cpu.commit: [tid:0] [sn:1180] Inserting PC (0x401065=>0x401067).(2=>3) into ROB.
 186000: system.cpu.rob: Adding inst PC (0x401065=>0x401067).(2=>3) to the ROB.
 186000: system.cpu.rob: [tid:0] Now has 114 instructions.
 186000: system.cpu.commit: Trying to commit instructions in the ROB.
 186000: system.cpu.commit: [tid:0] Marking PC (0x40100b=>0x40100f).(0=>1), [sn:50] ready within ROB.
 186000: system.cpu.commit: [tid:0] Instruction [sn:50] PC (0x40100b=>0x40100f).(0=>1) is head of ROB and ready to commit
 186000: system.cpu.commit: [tid:0] ROB has 114 insts & 804 free entries.
 186000: system.cpu.commit: Activity This Cycle.
 186000: system.cpu.commit: Activating stage.
 186000: system.cpu: Activity: 11
 186000: system.cpu: Scheduling next tick!
 187000: system.cpu: 

O3CPU: Ticking main, O3CPU.
 187000: system.cpu.fetch: Running stage.
 187000: system.cpu.fetch: Attempting to fetch from [tid:0]
 187000: system.cpu.fetch: [tid:0] Adding instructions to queue to decode.
 187000: system.cpu.decoder: Decode: Decoded add instruction: 
{
	leg = 0,
	rex = 0,
	vex/xop = 0,
	op = {
		type = one byte,
		op = 0,
		},
	modRM = 0,
	sib = 0,
	immediate = 0,
	displacement = 0
	dispSize = 0}

 187000: global: DynInst: [sn:1490] Instruction created. Instcount for system.cpu = 145
 187000: system.cpu.fetch: [tid:0] Instruction PC (0x40107b=>0x40107d).(0=>1) created [sn:1490].
 187000: system.cpu.fetch: [tid:0] Instruction is:   ADD_M_R : ldst   t1b, DS:[rax]
 187000: system.cpu.fetch: [tid:0] Fetch queue entry created (1/128).
 187000: global: DynInst: [sn:1500] Instruction created. Instcount for system.cpu = 146
 187000: system.cpu.fetch: [tid:0] Instruction PC (0x40107b=>0x40107d).(1=>2) created [sn:1500].
 187000: system.cpu.fetch: [tid:0] Instruction is:   ADD_M_R : add   t1b, t1b, al
 187000: system.cpu.fetch: [tid:0] Fetch queue entry created (2/128).
 187000: global: DynInst: [sn:1510] Instruction created. Instcount for system.cpu = 147
 187000: system.cpu.fetch: [tid:0] Instruction PC (0x40107b=>0x40107d).(2=>3) created [sn:1510].
 187000: system.cpu.fetch: [tid:0] Instruction is:   ADD_M_R : st   t1b, DS:[rax]
 187000: system.cpu.fetch: [tid:0] Fetch queue entry created (3/128).
 187000: system.cpu.decoder: Decode: Decoded add instruction: 
{
	leg = 0,
	rex = 0,
	vex/xop = 0,
	op = {
		type = one byte,
		op = 0,
		},
	modRM = 0,
	sib = 0,
	immediate = 0,
	displacement = 0
	dispSize = 0}

 187000: global: DynInst: [sn:1520] Instruction created. Instcount for system.cpu = 148
 187000: system.cpu.fetch: [tid:0] Instruction PC (0x40107d=>0x40107f).(0=>1) created [sn:1520].
 187000: system.cpu.fetch: [tid:0] Instruction is:   ADD_M_R : ldst   t1b, DS:[rax]
 187000: system.cpu.fetch: [tid:0] Fetch queue entry created (4/128).
 187000: global: DynInst: [sn:1530] Instruction created. Instcount for system.cpu = 149
 187000: system.cpu.fetch: [tid:0] Instruction PC (0x40107d=>0x40107f).(1=>2) created [sn:1530].
 187000: system.cpu.fetch: [tid:0] Instruction is:   ADD_M_R : add   t1b, t1b, al
 187000: system.cpu.fetch: [tid:0] Fetch queue entry created (5/128).
 187000: global: DynInst: [sn:1540] Instruction created. Instcount for system.cpu = 150
 187000: system.cpu.fetch: [tid:0] Instruction PC (0x40107d=>0x40107f).(2=>3) created [sn:1540].
 187000: system.cpu.fetch: [tid:0] Instruction is:   ADD_M_R : st   t1b, DS:[rax]
 187000: system.cpu.fetch: [tid:0] Fetch queue entry created (6/128).
 187000: system.cpu.fetch: [tid:0] Issuing a pipelined I-cache access, starting at PC (0x40107f=>0x401087).(0=>1).
 187000: system.cpu.fetch: [tid:0] Fetching cache line 0x401080 for addr 0x401080
 187000: system.cpu: CPU already running.
 187000: system.cpu.fetch: Fetch: Doing instruction read.
 187000: system.cpu.fetch: [tid:0] Doing Icache access.
 187000: system.cpu.fetch: [tid:0] Activity: Waiting on I-cache response.
 187000: system.cpu.fetch: Deactivating stage.
 187000: system.cpu: Activity: 10
 187000: system.cpu.fetch: [tid:0] [sn:1490] Sending instruction to decode from fetch queue. Fetch queue size: 6.
 187000: system.cpu.fetch: [tid:0] [sn:1500] Sending instruction to decode from fetch queue. Fetch queue size: 5.
 187000: system.cpu.fetch: [tid:0] [sn:1510] Sending instruction to decode from fetch queue. Fetch queue size: 4.
 187000: system.cpu.fetch: [tid:0] [sn:1520] Sending instruction to decode from fetch queue. Fetch queue size: 3.
 187000: system.cpu.fetch: [tid:0] [sn:1530] Sending instruction to decode from fetch queue. Fetch queue size: 2.
 187000: system.cpu.fetch: [tid:0] [sn:1540] Sending instruction to decode from fetch queue. Fetch queue size: 1.
 187000: system.cpu.fetch: Activity this cycle.
 187000: system.cpu: Activity: 11
 187000: system.cpu.decode: Processing [tid:0]
 187000: system.cpu.decode: [tid:0] Not blocked, so attempting to run stage.
 187000: system.cpu.decode: [tid:0] Sending instruction to rename.
 187000: system.cpu.decode: [tid:0] Processing instruction [sn:1390] with PC (0x401073=>0x401075).(2=>3)
 187000: system.cpu.decode: [tid:0] Processing instruction [sn:1400] with PC (0x401075=>0x401077).(0=>1)
 187000: system.cpu.decode: [tid:0] Processing instruction [sn:1410] with PC (0x401075=>0x401077).(1=>2)
 187000: system.cpu.decode: [tid:0] Processing instruction [sn:1420] with PC (0x401075=>0x401077).(2=>3)
 187000: system.cpu.decode: [tid:0] Processing instruction [sn:1430] with PC (0x401077=>0x401079).(0=>1)
 187000: system.cpu.decode: [tid:0] Processing instruction [sn:1440] with PC (0x401077=>0x401079).(1=>2)
 187000: system.cpu.decode: [tid:0] Processing instruction [sn:1450] with PC (0x401077=>0x401079).(2=>3)
 187000: system.cpu.decode: [tid:0] Processing instruction [sn:1460] with PC (0x401079=>0x40107b).(0=>1)
 187000: system.cpu.decode: [tid:0] Processing instruction [sn:1470] with PC (0x401079=>0x40107b).(1=>2)
 187000: system.cpu.decode: [tid:0] Processing instruction [sn:1480] with PC (0x401079=>0x40107b).(2=>3)
 187000: system.cpu.decode: Activity this cycle.
 187000: system.cpu.rename: Processing [tid:0]
 187000: system.cpu.rename: [tid:0] Free IQ: 480, Free ROB: 804, Free LQ: 105, Free SQ: 46, FreeRM 127(795 870 917 1834 127 8 4503)
 187000: system.cpu.rename: [tid:0] 30 instructions not yet in ROB
 187000: system.cpu.rename: calcFreeLQEntries: free lqEntries: 105, loadsInProgress: 10, loads dispatchedToLQ: 3
 187000: system.cpu.rename: [tid:0] Not blocked, so attempting to run stage.
 187000: system.cpu.rename: [tid:0] 10 available instructions to send iew.
 187000: system.cpu.rename: [tid:0] 30 insts pipelining from Rename | 10 insts dispatched to IQ last cycle.
 187000: system.cpu.rename: [tid:0] Sending instructions to IEW.
 187000: system.cpu.rename: [tid:0] Processing instruction [sn:1290] with PC (0x40106d=>0x40106f).(1=>2).
 187000: system.cpu.rename: [tid:0] Looking up integer arch reg 17, got phys reg 125 (integer)
 187000: system.cpu.rename: [tid:0] Register 125 (flat: 125) (integer) is not ready.
 187000: system.cpu.rename: [tid:0] Looking up integer arch reg 0, got phys reg 45 (integer)
 187000: system.cpu.rename: [tid:0] Register 45 (flat: 45) (integer) is ready.
 187000: global: [sn:1290] has 1 ready out of 8 sources. RTI 0)
 187000: system.cpu.rename: [tid:0] Looking up integer arch reg 17, got phys reg 125 (integer)
 187000: system.cpu.rename: [tid:0] Register 125 (flat: 125) (integer) is not ready.
 187000: system.cpu.rename: [tid:0] Looking up invalid arch reg 0, got phys reg 4294967295 (invalid)
 187000: system.cpu.rename: [tid:0] Register 4294967295 (flat: 4294967295) (invalid) is ready.
 187000: global: [sn:1290] has 2 ready out of 8 sources. RTI 0)
 187000: system.cpu.rename: [tid:0] Looking up invalid arch reg 0, got phys reg 4294967295 (invalid)
 187000: system.cpu.rename: [tid:0] Register 4294967295 (flat: 4294967295) (invalid) is ready.
 187000: global: [sn:1290] has 3 ready out of 8 sources. RTI 0)
 187000: system.cpu.rename: [tid:0] Looking up invalid arch reg 0, got phys reg 4294967295 (invalid)
 187000: system.cpu.rename: [tid:0] Register 4294967295 (flat: 4294967295) (invalid) is ready.
 187000: global: [sn:1290] has 4 ready out of 8 sources. RTI 0)
 187000: system.cpu.rename: [tid:0] Looking up invalid arch reg 0, got phys reg 4294967295 (invalid)
 187000: system.cpu.rename: [tid:0] Register 4294967295 (flat: 4294967295) (invalid) is ready.
 187000: global: [sn:1290] has 5 ready out of 8 sources. RTI 0)
 187000: system.cpu.rename: [tid:0] Looking up invalid arch reg 0, got phys reg 4294967295 (invalid)
 187000: system.cpu.rename: [tid:0] Register 4294967295 (flat: 4294967295) (invalid) is ready.
 187000: global: [sn:1290] has 6 ready out of 8 sources. RTI 0)
 187000: global: Renamed reg t1 to physical reg 126 (126) old mapping was 125 (125)
 187000: system.cpu.rename: [tid:0] Renaming arch reg 17 (integer) to physical reg 126 (126).
 187000: system.cpu.rename: [tid:0] [sn:1290] Adding instruction to history buffer (size=290).
 187000: global: Renamed reg condition_code[0] to physical reg 4815 (4815) old mapping was 4813 (4813)
 187000: system.cpu.rename: [tid:0] Renaming arch reg 0 (condition_code) to physical reg 89 (4815).
 187000: system.cpu.rename: [tid:0] [sn:1290] Adding instruction to history buffer (size=291).
 187000: global: Renamed reg condition_code[1] to physical reg 4816 (4816) old mapping was 4814 (4814)
 187000: system.cpu.rename: [tid:0] Renaming arch reg 1 (condition_code) to physical reg 90 (4816).
 187000: system.cpu.rename: [tid:0] [sn:1290] Adding instruction to history buffer (size=292).
 187000: system.cpu.rename: [tid:0] Renaming arch reg 0 (invalid) to physical reg 4294967295 (4294967295).
 187000: system.cpu.rename: [tid:0] [sn:1290] Adding instruction to history buffer (size=293).
 187000: system.cpu.rename: [tid:0] Renaming arch reg 0 (invalid) to physical reg 4294967295 (4294967295).
 187000: system.cpu.rename: [tid:0] [sn:1290] Adding instruction to history buffer (size=294).
 187000: system.cpu.rename: [tid:0] Renaming arch reg 0 (invalid) to physical reg 4294967295 (4294967295).
 187000: system.cpu.rename: [tid:0] [sn:1290] Adding instruction to history buffer (size=295).
 187000: system.cpu.rename: calcFreeSQEntries: free sqEntries: 46, storesInProgress: 10, stores dispatchedToSQ: 3
 187000: system.cpu.rename: [tid:0] Processing instruction [sn:1300] with PC (0x40106d=>0x40106f).(2=>3).
 187000: system.cpu.rename: [tid:0] Looking up invalid arch reg 0, got phys reg 4294967295 (invalid)
 187000: system.cpu.rename: [tid:0] Register 4294967295 (flat: 4294967295) (invalid) is ready.
 187000: global: [sn:1300] has 1 ready out of 4 sources. RTI 0)
 187000: system.cpu.rename: [tid:0] Looking up integer arch reg 0, got phys reg 45 (integer)
 187000: system.cpu.rename: [tid:0] Register 45 (flat: 45) (integer) is ready.
 187000: global: [sn:1300] has 2 ready out of 4 sources. RTI 0)
 187000: system.cpu.rename: [tid:0] Looking up integer arch reg 17, got phys reg 126 (integer)
 187000: system.cpu.rename: [tid:0] Register 126 (flat: 126) (integer) is not ready.
 187000: system.cpu.rename: [tid:0] Looking up miscellaneous arch reg 155, got phys reg 155 (miscellaneous)
 187000: system.cpu.rename: [tid:0] Register 155 (flat: 0) (miscellaneous) is ready.
 187000: global: [sn:1300] has 3 ready out of 4 sources. RTI 0)
 187000: system.cpu.rename: calcFreeLQEntries: free lqEntries: 105, loadsInProgress: 10, loads dispatchedToLQ: 3
 187000: system.cpu.rename: [tid:0] Processing instruction [sn:1310] with PC (0x40106f=>0x401071).(0=>1).
 187000: system.cpu.rename: [tid:0] Looking up invalid arch reg 0, got phys reg 4294967295 (invalid)
 187000: system.cpu.rename: [tid:0] Register 4294967295 (flat: 4294967295) (invalid) is ready.
 187000: global: [sn:1310] has 1 ready out of 4 sources. RTI 0)
 187000: system.cpu.rename: [tid:0] Looking up integer arch reg 0, got phys reg 45 (integer)
 187000: system.cpu.rename: [tid:0] Register 45 (flat: 45) (integer) is ready.
 187000: global: [sn:1310] has 2 ready out of 4 sources. RTI 0)
 187000: system.cpu.rename: [tid:0] Looking up integer arch reg 17, got phys reg 126 (integer)
 187000: system.cpu.rename: [tid:0] Register 126 (flat: 126) (integer) is not ready.
 187000: system.cpu.rename: [tid:0] Looking up miscellaneous arch reg 155, got phys reg 155 (miscellaneous)
 187000: system.cpu.rename: [tid:0] Register 155 (flat: 0) (miscellaneous) is ready.
 187000: global: [sn:1310] has 3 ready out of 4 sources. RTI 0)
 187000: global: Renamed reg t1 to physical reg 127 (127) old mapping was 126 (126)
 187000: system.cpu.rename: [tid:0] Renaming arch reg 17 (integer) to physical reg 127 (127).
 187000: system.cpu.rename: [tid:0] [sn:1310] Adding instruction to history buffer (size=296).
 187000: system.cpu.rename: [tid:0] Processing instruction [sn:1320] with PC (0x40106f=>0x401071).(1=>2).
 187000: system.cpu.rename: [tid:0] Looking up integer arch reg 17, got phys reg 127 (integer)
 187000: system.cpu.rename: [tid:0] Register 127 (flat: 127) (integer) is not ready.
 187000: system.cpu.rename: [tid:0] Looking up integer arch reg 0, got phys reg 45 (integer)
 187000: system.cpu.rename: [tid:0] Register 45 (flat: 45) (integer) is ready.
 187000: global: [sn:1320] has 1 ready out of 8 sources. RTI 0)
 187000: system.cpu.rename: [tid:0] Looking up integer arch reg 17, got phys reg 127 (integer)
 187000: system.cpu.rename: [tid:0] Register 127 (flat: 127) (integer) is not ready.
 187000: system.cpu.rename: [tid:0] Looking up invalid arch reg 0, got phys reg 4294967295 (invalid)
 187000: system.cpu.rename: [tid:0] Register 4294967295 (flat: 4294967295) (invalid) is ready.
 187000: global: [sn:1320] has 2 ready out of 8 sources. RTI 0)
 187000: system.cpu.rename: [tid:0] Looking up invalid arch reg 0, got phys reg 4294967295 (invalid)
 187000: system.cpu.rename: [tid:0] Register 4294967295 (flat: 4294967295) (invalid) is ready.
 187000: global: [sn:1320] has 3 ready out of 8 sources. RTI 0)
 187000: system.cpu.rename: [tid:0] Looking up invalid arch reg 0, got phys reg 4294967295 (invalid)
 187000: system.cpu.rename: [tid:0] Register 4294967295 (flat: 4294967295) (invalid) is ready.
 187000: global: [sn:1320] has 4 ready out of 8 sources. RTI 0)
 187000: system.cpu.rename: [tid:0] Looking up invalid arch reg 0, got phys reg 4294967295 (invalid)
 187000: system.cpu.rename: [tid:0] Register 4294967295 (flat: 4294967295) (invalid) is ready.
 187000: global: [sn:1320] has 5 ready out of 8 sources. RTI 0)
 187000: system.cpu.rename: [tid:0] Looking up invalid arch reg 0, got phys reg 4294967295 (invalid)
 187000: system.cpu.rename: [tid:0] Register 4294967295 (flat: 4294967295) (invalid) is ready.
 187000: global: [sn:1320] has 6 ready out of 8 sources. RTI 0)
 187000: global: Renamed reg t1 to physical reg 128 (128) old mapping was 127 (127)
 187000: system.cpu.rename: [tid:0] Renaming arch reg 17 (integer) to physical reg 128 (128).
 187000: system.cpu.rename: [tid:0] [sn:1320] Adding instruction to history buffer (size=297).
 187000: global: Renamed reg condition_code[0] to physical reg 4817 (4817) old mapping was 4815 (4815)
 187000: system.cpu.rename: [tid:0] Renaming arch reg 0 (condition_code) to physical reg 91 (4817).
 187000: system.cpu.rename: [tid:0] [sn:1320] Adding instruction to history buffer (size=298).
 187000: global: Renamed reg condition_code[1] to physical reg 4818 (4818) old mapping was 4816 (4816)
 187000: system.cpu.rename: [tid:0] Renaming arch reg 1 (condition_code) to physical reg 92 (4818).
 187000: system.cpu.rename: [tid:0] [sn:1320] Adding instruction to history buffer (size=299).
 187000: system.cpu.rename: [tid:0] Renaming arch reg 0 (invalid) to physical reg 4294967295 (4294967295).
 187000: system.cpu.rename: [tid:0] [sn:1320] Adding instruction to history buffer (size=300).
 187000: system.cpu.rename: [tid:0] Renaming arch reg 0 (invalid) to physical reg 4294967295 (4294967295).
 187000: system.cpu.rename: [tid:0] [sn:1320] Adding instruction to history buffer (size=301).
 187000: system.cpu.rename: [tid:0] Renaming arch reg 0 (invalid) to physical reg 4294967295 (4294967295).
 187000: system.cpu.rename: [tid:0] [sn:1320] Adding instruction to history buffer (size=302).
 187000: system.cpu.rename: calcFreeSQEntries: free sqEntries: 46, storesInProgress: 11, stores dispatchedToSQ: 3
 187000: system.cpu.rename: [tid:0] Processing instruction [sn:1330] with PC (0x40106f=>0x401071).(2=>3).
 187000: system.cpu.rename: [tid:0] Looking up invalid arch reg 0, got phys reg 4294967295 (invalid)
 187000: system.cpu.rename: [tid:0] Register 4294967295 (flat: 4294967295) (invalid) is ready.
 187000: global: [sn:1330] has 1 ready out of 4 sources. RTI 0)
 187000: system.cpu.rename: [tid:0] Looking up integer arch reg 0, got phys reg 45 (integer)
 187000: system.cpu.rename: [tid:0] Register 45 (flat: 45) (integer) is ready.
 187000: global: [sn:1330] has 2 ready out of 4 sources. RTI 0)
 187000: system.cpu.rename: [tid:0] Looking up integer arch reg 17, got phys reg 128 (integer)
 187000: system.cpu.rename: [tid:0] Register 128 (flat: 128) (integer) is not ready.
 187000: system.cpu.rename: [tid:0] Looking up miscellaneous arch reg 155, got phys reg 155 (miscellaneous)
 187000: system.cpu.rename: [tid:0] Register 155 (flat: 0) (miscellaneous) is ready.
 187000: global: [sn:1330] has 3 ready out of 4 sources. RTI 0)
 187000: system.cpu.rename: calcFreeLQEntries: free lqEntries: 105, loadsInProgress: 11, loads dispatchedToLQ: 3
 187000: system.cpu.rename: [tid:0] Processing instruction [sn:1340] with PC (0x401071=>0x401073).(0=>1).
 187000: system.cpu.rename: [tid:0] Looking up invalid arch reg 0, got phys reg 4294967295 (invalid)
 187000: system.cpu.rename: [tid:0] Register 4294967295 (flat: 4294967295) (invalid) is ready.
 187000: global: [sn:1340] has 1 ready out of 4 sources. RTI 0)
 187000: system.cpu.rename: [tid:0] Looking up integer arch reg 0, got phys reg 45 (integer)
 187000: system.cpu.rename: [tid:0] Register 45 (flat: 45) (integer) is ready.
 187000: global: [sn:1340] has 2 ready out of 4 sources. RTI 0)
 187000: system.cpu.rename: [tid:0] Looking up integer arch reg 17, got phys reg 128 (integer)
 187000: system.cpu.rename: [tid:0] Register 128 (flat: 128) (integer) is not ready.
 187000: system.cpu.rename: [tid:0] Looking up miscellaneous arch reg 155, got phys reg 155 (miscellaneous)
 187000: system.cpu.rename: [tid:0] Register 155 (flat: 0) (miscellaneous) is ready.
 187000: global: [sn:1340] has 3 ready out of 4 sources. RTI 0)
 187000: global: Renamed reg t1 to physical reg 129 (129) old mapping was 128 (128)
 187000: system.cpu.rename: [tid:0] Renaming arch reg 17 (integer) to physical reg 129 (129).
 187000: system.cpu.rename: [tid:0] [sn:1340] Adding instruction to history buffer (size=303).
 187000: system.cpu.rename: [tid:0] Processing instruction [sn:1350] with PC (0x401071=>0x401073).(1=>2).
 187000: system.cpu.rename: [tid:0] Looking up integer arch reg 17, got phys reg 129 (integer)
 187000: system.cpu.rename: [tid:0] Register 129 (flat: 129) (integer) is not ready.
 187000: system.cpu.rename: [tid:0] Looking up integer arch reg 0, got phys reg 45 (integer)
 187000: system.cpu.rename: [tid:0] Register 45 (flat: 45) (integer) is ready.
 187000: global: [sn:1350] has 1 ready out of 8 sources. RTI 0)
 187000: system.cpu.rename: [tid:0] Looking up integer arch reg 17, got phys reg 129 (integer)
 187000: system.cpu.rename: [tid:0] Register 129 (flat: 129) (integer) is not ready.
 187000: system.cpu.rename: [tid:0] Looking up invalid arch reg 0, got phys reg 4294967295 (invalid)
 187000: system.cpu.rename: [tid:0] Register 4294967295 (flat: 4294967295) (invalid) is ready.
 187000: global: [sn:1350] has 2 ready out of 8 sources. RTI 0)
 187000: system.cpu.rename: [tid:0] Looking up invalid arch reg 0, got phys reg 4294967295 (invalid)
 187000: system.cpu.rename: [tid:0] Register 4294967295 (flat: 4294967295) (invalid) is ready.
 187000: global: [sn:1350] has 3 ready out of 8 sources. RTI 0)
 187000: system.cpu.rename: [tid:0] Looking up invalid arch reg 0, got phys reg 4294967295 (invalid)
 187000: system.cpu.rename: [tid:0] Register 4294967295 (flat: 4294967295) (invalid) is ready.
 187000: global: [sn:1350] has 4 ready out of 8 sources. RTI 0)
 187000: system.cpu.rename: [tid:0] Looking up invalid arch reg 0, got phys reg 4294967295 (invalid)
 187000: system.cpu.rename: [tid:0] Register 4294967295 (flat: 4294967295) (invalid) is ready.
 187000: global: [sn:1350] has 5 ready out of 8 sources. RTI 0)
 187000: system.cpu.rename: [tid:0] Looking up invalid arch reg 0, got phys reg 4294967295 (invalid)
 187000: system.cpu.rename: [tid:0] Register 4294967295 (flat: 4294967295) (invalid) is ready.
 187000: global: [sn:1350] has 6 ready out of 8 sources. RTI 0)
 187000: global: Renamed reg t1 to physical reg 130 (130) old mapping was 129 (129)
 187000: system.cpu.rename: [tid:0] Renaming arch reg 17 (integer) to physical reg 130 (130).
 187000: system.cpu.rename: [tid:0] [sn:1350] Adding instruction to history buffer (size=304).
 187000: global: Renamed reg condition_code[0] to physical reg 4819 (4819) old mapping was 4817 (4817)
 187000: system.cpu.rename: [tid:0] Renaming arch reg 0 (condition_code) to physical reg 93 (4819).
 187000: system.cpu.rename: [tid:0] [sn:1350] Adding instruction to history buffer (size=305).
 187000: global: Renamed reg condition_code[1] to physical reg 4820 (4820) old mapping was 4818 (4818)
 187000: system.cpu.rename: [tid:0] Renaming arch reg 1 (condition_code) to physical reg 94 (4820).
 187000: system.cpu.rename: [tid:0] [sn:1350] Adding instruction to history buffer (size=306).
 187000: system.cpu.rename: [tid:0] Renaming arch reg 0 (invalid) to physical reg 4294967295 (4294967295).
 187000: system.cpu.rename: [tid:0] [sn:1350] Adding instruction to history buffer (size=307).
 187000: system.cpu.rename: [tid:0] Renaming arch reg 0 (invalid) to physical reg 4294967295 (4294967295).
 187000: system.cpu.rename: [tid:0] [sn:1350] Adding instruction to history buffer (size=308).
 187000: system.cpu.rename: [tid:0] Renaming arch reg 0 (invalid) to physical reg 4294967295 (4294967295).
 187000: system.cpu.rename: [tid:0] [sn:1350] Adding instruction to history buffer (size=309).
 187000: system.cpu.rename: calcFreeSQEntries: free sqEntries: 46, storesInProgress: 12, stores dispatchedToSQ: 3
 187000: system.cpu.rename: [tid:0] Processing instruction [sn:1360] with PC (0x401071=>0x401073).(2=>3).
 187000: system.cpu.rename: [tid:0] Looking up invalid arch reg 0, got phys reg 4294967295 (invalid)
 187000: system.cpu.rename: [tid:0] Register 4294967295 (flat: 4294967295) (invalid) is ready.
 187000: global: [sn:1360] has 1 ready out of 4 sources. RTI 0)
 187000: system.cpu.rename: [tid:0] Looking up integer arch reg 0, got phys reg 45 (integer)
 187000: system.cpu.rename: [tid:0] Register 45 (flat: 45) (integer) is ready.
 187000: global: [sn:1360] has 2 ready out of 4 sources. RTI 0)
 187000: system.cpu.rename: [tid:0] Looking up integer arch reg 17, got phys reg 130 (integer)
 187000: system.cpu.rename: [tid:0] Register 130 (flat: 130) (integer) is not ready.
 187000: system.cpu.rename: [tid:0] Looking up miscellaneous arch reg 155, got phys reg 155 (miscellaneous)
 187000: system.cpu.rename: [tid:0] Register 155 (flat: 0) (miscellaneous) is ready.
 187000: global: [sn:1360] has 3 ready out of 4 sources. RTI 0)
 187000: system.cpu.rename: calcFreeLQEntries: free lqEntries: 105, loadsInProgress: 12, loads dispatchedToLQ: 3
 187000: system.cpu.rename: [tid:0] Processing instruction [sn:1370] with PC (0x401073=>0x401075).(0=>1).
 187000: system.cpu.rename: [tid:0] Looking up invalid arch reg 0, got phys reg 4294967295 (invalid)
 187000: system.cpu.rename: [tid:0] Register 4294967295 (flat: 4294967295) (invalid) is ready.
 187000: global: [sn:1370] has 1 ready out of 4 sources. RTI 0)
 187000: system.cpu.rename: [tid:0] Looking up integer arch reg 0, got phys reg 45 (integer)
 187000: system.cpu.rename: [tid:0] Register 45 (flat: 45) (integer) is ready.
 187000: global: [sn:1370] has 2 ready out of 4 sources. RTI 0)
 187000: system.cpu.rename: [tid:0] Looking up integer arch reg 17, got phys reg 130 (integer)
 187000: system.cpu.rename: [tid:0] Register 130 (flat: 130) (integer) is not ready.
 187000: system.cpu.rename: [tid:0] Looking up miscellaneous arch reg 155, got phys reg 155 (miscellaneous)
 187000: system.cpu.rename: [tid:0] Register 155 (flat: 0) (miscellaneous) is ready.
 187000: global: [sn:1370] has 3 ready out of 4 sources. RTI 0)
 187000: global: Renamed reg t1 to physical reg 131 (131) old mapping was 130 (130)
 187000: system.cpu.rename: [tid:0] Renaming arch reg 17 (integer) to physical reg 131 (131).
 187000: system.cpu.rename: [tid:0] [sn:1370] Adding instruction to history buffer (size=310).
 187000: system.cpu.rename: [tid:0] Processing instruction [sn:1380] with PC (0x401073=>0x401075).(1=>2).
 187000: system.cpu.rename: [tid:0] Looking up integer arch reg 17, got phys reg 131 (integer)
 187000: system.cpu.rename: [tid:0] Register 131 (flat: 131) (integer) is not ready.
 187000: system.cpu.rename: [tid:0] Looking up integer arch reg 0, got phys reg 45 (integer)
 187000: system.cpu.rename: [tid:0] Register 45 (flat: 45) (integer) is ready.
 187000: global: [sn:1380] has 1 ready out of 8 sources. RTI 0)
 187000: system.cpu.rename: [tid:0] Looking up integer arch reg 17, got phys reg 131 (integer)
 187000: system.cpu.rename: [tid:0] Register 131 (flat: 131) (integer) is not ready.
 187000: system.cpu.rename: [tid:0] Looking up invalid arch reg 0, got phys reg 4294967295 (invalid)
 187000: system.cpu.rename: [tid:0] Register 4294967295 (flat: 4294967295) (invalid) is ready.
 187000: global: [sn:1380] has 2 ready out of 8 sources. RTI 0)
 187000: system.cpu.rename: [tid:0] Looking up invalid arch reg 0, got phys reg 4294967295 (invalid)
 187000: system.cpu.rename: [tid:0] Register 4294967295 (flat: 4294967295) (invalid) is ready.
 187000: global: [sn:1380] has 3 ready out of 8 sources. RTI 0)
 187000: system.cpu.rename: [tid:0] Looking up invalid arch reg 0, got phys reg 4294967295 (invalid)
 187000: system.cpu.rename: [tid:0] Register 4294967295 (flat: 4294967295) (invalid) is ready.
 187000: global: [sn:1380] has 4 ready out of 8 sources. RTI 0)
 187000: system.cpu.rename: [tid:0] Looking up invalid arch reg 0, got phys reg 4294967295 (invalid)
 187000: system.cpu.rename: [tid:0] Register 4294967295 (flat: 4294967295) (invalid) is ready.
 187000: global: [sn:1380] has 5 ready out of 8 sources. RTI 0)
 187000: system.cpu.rename: [tid:0] Looking up invalid arch reg 0, got phys reg 4294967295 (invalid)
 187000: system.cpu.rename: [tid:0] Register 4294967295 (flat: 4294967295) (invalid) is ready.
 187000: global: [sn:1380] has 6 ready out of 8 sources. RTI 0)
 187000: global: Renamed reg t1 to physical reg 132 (132) old mapping was 131 (131)
 187000: system.cpu.rename: [tid:0] Renaming arch reg 17 (integer) to physical reg 132 (132).
 187000: system.cpu.rename: [tid:0] [sn:1380] Adding instruction to history buffer (size=311).
 187000: global: Renamed reg condition_code[0] to physical reg 4821 (4821) old mapping was 4819 (4819)
 187000: system.cpu.rename: [tid:0] Renaming arch reg 0 (condition_code) to physical reg 95 (4821).
 187000: system.cpu.rename: [tid:0] [sn:1380] Adding instruction to history buffer (size=312).
 187000: global: Renamed reg condition_code[1] to physical reg 4822 (4822) old mapping was 4820 (4820)
 187000: system.cpu.rename: [tid:0] Renaming arch reg 1 (condition_code) to physical reg 96 (4822).
 187000: system.cpu.rename: [tid:0] [sn:1380] Adding instruction to history buffer (size=313).
 187000: system.cpu.rename: [tid:0] Renaming arch reg 0 (invalid) to physical reg 4294967295 (4294967295).
 187000: system.cpu.rename: [tid:0] [sn:1380] Adding instruction to history buffer (size=314).
 187000: system.cpu.rename: [tid:0] Renaming arch reg 0 (invalid) to physical reg 4294967295 (4294967295).
 187000: system.cpu.rename: [tid:0] [sn:1380] Adding instruction to history buffer (size=315).
 187000: system.cpu.rename: [tid:0] Renaming arch reg 0 (invalid) to physical reg 4294967295 (4294967295).
 187000: system.cpu.rename: [tid:0] [sn:1380] Adding instruction to history buffer (size=316).
 187000: system.cpu.rename: Activity this cycle.
 187000: system.cpu.iew: Issue: Processing [tid:0]
 187000: system.cpu.iew: [tid:0] Not blocked, so attempting to run dispatch.
 187000: system.cpu.iew: [tid:0] Issue: Adding PC (0x40105f=>0x401061).(2=>3) [sn:1090] [tid:0] to IQ.
 187000: system.cpu.iew: [tid:0] Issue: Memory instruction encountered, adding to LSQ.
 187000: system.cpu.iew.lsq.thread0: Inserting store PC (0x40105f=>0x401061).(2=>3), idx:33 [sn:1090]
 187000: system.cpu.iq: Adding instruction [sn:1090] PC (0x40105f=>0x401061).(2=>3) to the IQ.
 187000: system.cpu.iq: Instruction PC (0x40105f=>0x401061).(2=>3) has src reg 112 (integer) that is being added to the dependency chain.
 187000: memdepentry: Memory dependency entry created. memdep_count=66 (0x40105f=>0x401061).(2=>3)
 187000: system.cpu.memDep0: No dependency for inst PC (0x40105f=>0x401061).(2=>3) [sn:1090].
 187000: system.cpu.memDep0: Inserting store/atomic PC (0x40105f=>0x401061).(2=>3) [sn:1090].
 187000: system.cpu.iew: [tid:0] Issue: Adding PC (0x401061=>0x401063).(0=>1) [sn:1100] [tid:0] to IQ.
 187000: system.cpu.iew: [tid:0] Issue: Memory instruction encountered, adding to LSQ.
 187000: system.cpu.iew.lsq.thread0: Inserting load PC (0x401061=>0x401063).(0=>1), idx:34 [sn:1100]
 187000: system.cpu.iq: Adding instruction [sn:1100] PC (0x401061=>0x401063).(0=>1) to the IQ.
 187000: system.cpu.iq: Instruction PC (0x401061=>0x401063).(0=>1) has src reg 112 (integer) that is being added to the dependency chain.
 187000: memdepentry: Memory dependency entry created. memdep_count=67 (0x401061=>0x401063).(0=>1)
 187000: system.cpu.memDep0: No dependency for inst PC (0x401061=>0x401063).(0=>1) [sn:1100].
 187000: system.cpu.iew: [tid:0] Issue: Adding PC (0x401061=>0x401063).(1=>2) [sn:1110] [tid:0] to IQ.
 187000: system.cpu.iq: Adding instruction [sn:1110] PC (0x401061=>0x401063).(1=>2) to the IQ.
 187000: system.cpu.iq: Instruction PC (0x401061=>0x401063).(1=>2) has src reg 113 (integer) that is being added to the dependency chain.
 187000: system.cpu.iq: Instruction PC (0x401061=>0x401063).(1=>2) has src reg 113 (integer) that is being added to the dependency chain.
 187000: system.cpu.iew: [tid:0] Issue: Adding PC (0x401061=>0x401063).(2=>3) [sn:1120] [tid:0] to IQ.
 187000: system.cpu.iew: [tid:0] Issue: Memory instruction encountered, adding to LSQ.
 187000: system.cpu.iew.lsq.thread0: Inserting store PC (0x401061=>0x401063).(2=>3), idx:34 [sn:1120]
 187000: system.cpu.iq: Adding instruction [sn:1120] PC (0x401061=>0x401063).(2=>3) to the IQ.
 187000: system.cpu.iq: Instruction PC (0x401061=>0x401063).(2=>3) has src reg 114 (integer) that is being added to the dependency chain.
 187000: memdepentry: Memory dependency entry created. memdep_count=68 (0x401061=>0x401063).(2=>3)
 187000: system.cpu.memDep0: No dependency for inst PC (0x401061=>0x401063).(2=>3) [sn:1120].
 187000: system.cpu.memDep0: Inserting store/atomic PC (0x401061=>0x401063).(2=>3) [sn:1120].
 187000: system.cpu.iew: [tid:0] Issue: Adding PC (0x401063=>0x401065).(0=>1) [sn:1130] [tid:0] to IQ.
 187000: system.cpu.iew: [tid:0] Issue: Memory instruction encountered, adding to LSQ.
 187000: system.cpu.iew.lsq.thread0: Inserting load PC (0x401063=>0x401065).(0=>1), idx:35 [sn:1130]
 187000: system.cpu.iq: Adding instruction [sn:1130] PC (0x401063=>0x401065).(0=>1) to the IQ.
 187000: system.cpu.iq: Instruction PC (0x401063=>0x401065).(0=>1) has src reg 114 (integer) that is being added to the dependency chain.
 187000: memdepentry: Memory dependency entry created. memdep_count=69 (0x401063=>0x401065).(0=>1)
 187000: system.cpu.memDep0: No dependency for inst PC (0x401063=>0x401065).(0=>1) [sn:1130].
 187000: system.cpu.iew: [tid:0] Issue: Adding PC (0x401063=>0x401065).(1=>2) [sn:1140] [tid:0] to IQ.
 187000: system.cpu.iq: Adding instruction [sn:1140] PC (0x401063=>0x401065).(1=>2) to the IQ.
 187000: system.cpu.iq: Instruction PC (0x401063=>0x401065).(1=>2) has src reg 115 (integer) that is being added to the dependency chain.
 187000: system.cpu.iq: Instruction PC (0x401063=>0x401065).(1=>2) has src reg 115 (integer) that is being added to the dependency chain.
 187000: system.cpu.iew: [tid:0] Issue: Adding PC (0x401063=>0x401065).(2=>3) [sn:1150] [tid:0] to IQ.
 187000: system.cpu.iew: [tid:0] Issue: Memory instruction encountered, adding to LSQ.
 187000: system.cpu.iew.lsq.thread0: Inserting store PC (0x401063=>0x401065).(2=>3), idx:35 [sn:1150]
 187000: system.cpu.iq: Adding instruction [sn:1150] PC (0x401063=>0x401065).(2=>3) to the IQ.
 187000: system.cpu.iq: Instruction PC (0x401063=>0x401065).(2=>3) has src reg 116 (integer) that is being added to the dependency chain.
 187000: memdepentry: Memory dependency entry created. memdep_count=70 (0x401063=>0x401065).(2=>3)
 187000: system.cpu.memDep0: No dependency for inst PC (0x401063=>0x401065).(2=>3) [sn:1150].
 187000: system.cpu.memDep0: Inserting store/atomic PC (0x401063=>0x401065).(2=>3) [sn:1150].
 187000: system.cpu.iew: [tid:0] Issue: Adding PC (0x401065=>0x401067).(0=>1) [sn:1160] [tid:0] to IQ.
 187000: system.cpu.iew: [tid:0] Issue: Memory instruction encountered, adding to LSQ.
 187000: system.cpu.iew.lsq.thread0: Inserting load PC (0x401065=>0x401067).(0=>1), idx:36 [sn:1160]
 187000: system.cpu.iq: Adding instruction [sn:1160] PC (0x401065=>0x401067).(0=>1) to the IQ.
 187000: system.cpu.iq: Instruction PC (0x401065=>0x401067).(0=>1) has src reg 116 (integer) that is being added to the dependency chain.
 187000: memdepentry: Memory dependency entry created. memdep_count=71 (0x401065=>0x401067).(0=>1)
 187000: system.cpu.memDep0: No dependency for inst PC (0x401065=>0x401067).(0=>1) [sn:1160].
 187000: system.cpu.iew: [tid:0] Issue: Adding PC (0x401065=>0x401067).(1=>2) [sn:1170] [tid:0] to IQ.
 187000: system.cpu.iq: Adding instruction [sn:1170] PC (0x401065=>0x401067).(1=>2) to the IQ.
 187000: system.cpu.iq: Instruction PC (0x401065=>0x401067).(1=>2) has src reg 117 (integer) that is being added to the dependency chain.
 187000: system.cpu.iq: Instruction PC (0x401065=>0x401067).(1=>2) has src reg 117 (integer) that is being added to the dependency chain.
 187000: system.cpu.iew: [tid:0] Issue: Adding PC (0x401065=>0x401067).(2=>3) [sn:1180] [tid:0] to IQ.
 187000: system.cpu.iew: [tid:0] Issue: Memory instruction encountered, adding to LSQ.
 187000: system.cpu.iew.lsq.thread0: Inserting store PC (0x401065=>0x401067).(2=>3), idx:36 [sn:1180]
 187000: system.cpu.iq: Adding instruction [sn:1180] PC (0x401065=>0x401067).(2=>3) to the IQ.
 187000: system.cpu.iq: Instruction PC (0x401065=>0x401067).(2=>3) has src reg 118 (integer) that is being added to the dependency chain.
 187000: memdepentry: Memory dependency entry created. memdep_count=72 (0x401065=>0x401067).(2=>3)
 187000: system.cpu.memDep0: No dependency for inst PC (0x401065=>0x401067).(2=>3) [sn:1180].
 187000: system.cpu.memDep0: Inserting store/atomic PC (0x401065=>0x401067).(2=>3) [sn:1180].
 187000: system.cpu.iq: Attempting to schedule ready instructions from the IQ.
 187000: system.cpu.iq: Not able to schedule any instructions.
 187000: system.cpu.iew: Processing [tid:0]
 187000: system.cpu.iew: [tid:0], Dispatch dispatched 10 instructions.
 187000: system.cpu.iew.lsq.thread0: SQ size: 72, #stores occupied: 36
 187000: system.cpu.iew.lsq.thread0: LQ size: 132, #loads occupied: 37
 187000: system.cpu.iew: IQ has 451 free entries (Can schedule: 0).  LQ has 95 free entries. SQ has 36 free entries.
 187000: system.cpu.commit: Getting instructions from Rename stage.
 187000: system.cpu.commit: [tid:0] [sn:1190] Inserting PC (0x401067=>0x401069).(0=>1) into ROB.
 187000: system.cpu.rob: Adding inst PC (0x401067=>0x401069).(0=>1) to the ROB.
 187000: system.cpu.rob: [tid:0] Now has 115 instructions.
 187000: system.cpu.commit: [tid:0] [sn:1200] Inserting PC (0x401067=>0x401069).(1=>2) into ROB.
 187000: system.cpu.rob: Adding inst PC (0x401067=>0x401069).(1=>2) to the ROB.
 187000: system.cpu.rob: [tid:0] Now has 116 instructions.
 187000: system.cpu.commit: [tid:0] [sn:1210] Inserting PC (0x401067=>0x401069).(2=>3) into ROB.
 187000: system.cpu.rob: Adding inst PC (0x401067=>0x401069).(2=>3) to the ROB.
 187000: system.cpu.rob: [tid:0] Now has 117 instructions.
 187000: system.cpu.commit: [tid:0] [sn:1220] Inserting PC (0x401069=>0x40106b).(0=>1) into ROB.
 187000: system.cpu.rob: Adding inst PC (0x401069=>0x40106b).(0=>1) to the ROB.
 187000: system.cpu.rob: [tid:0] Now has 118 instructions.
 187000: system.cpu.commit: [tid:0] [sn:1230] Inserting PC (0x401069=>0x40106b).(1=>2) into ROB.
 187000: system.cpu.rob: Adding inst PC (0x401069=>0x40106b).(1=>2) to the ROB.
 187000: system.cpu.rob: [tid:0] Now has 119 instructions.
 187000: system.cpu.commit: [tid:0] [sn:1240] Inserting PC (0x401069=>0x40106b).(2=>3) into ROB.
 187000: system.cpu.rob: Adding inst PC (0x401069=>0x40106b).(2=>3) to the ROB.
 187000: system.cpu.rob: [tid:0] Now has 120 instructions.
 187000: system.cpu.commit: [tid:0] [sn:1250] Inserting PC (0x40106b=>0x40106d).(0=>1) into ROB.
 187000: system.cpu.rob: Adding inst PC (0x40106b=>0x40106d).(0=>1) to the ROB.
 187000: system.cpu.rob: [tid:0] Now has 121 instructions.
 187000: system.cpu.commit: [tid:0] [sn:1260] Inserting PC (0x40106b=>0x40106d).(1=>2) into ROB.
 187000: system.cpu.rob: Adding inst PC (0x40106b=>0x40106d).(1=>2) to the ROB.
 187000: system.cpu.rob: [tid:0] Now has 122 instructions.
 187000: system.cpu.commit: [tid:0] [sn:1270] Inserting PC (0x40106b=>0x40106d).(2=>3) into ROB.
 187000: system.cpu.rob: Adding inst PC (0x40106b=>0x40106d).(2=>3) to the ROB.
 187000: system.cpu.rob: [tid:0] Now has 123 instructions.
 187000: system.cpu.commit: [tid:0] [sn:1280] Inserting PC (0x40106d=>0x40106f).(0=>1) into ROB.
 187000: system.cpu.rob: Adding inst PC (0x40106d=>0x40106f).(0=>1) to the ROB.
 187000: system.cpu.rob: [tid:0] Now has 124 instructions.
 187000: system.cpu.commit: Trying to commit instructions in the ROB.
 187000: system.cpu.commit: Trying to commit head instruction, [tid:0] [sn:50]
 187000: system.cpu.commit: [tid:0] [sn:50] Committing instruction with PC (0x40100b=>0x40100f).(0=>1)
 187000: system.cpu.rob: [tid:0] Retiring head instruction, instruction PC (0x40100b=>0x40100f).(0=>1), [sn:50]
 187000: system.cpu: Removing committed instruction [tid:0] PC (0x40100b=>0x40100f).(0=>1) [sn:50]
 187000: system.cpu.commit: Trying to commit head instruction, [tid:0] [sn:60]
 187000: system.cpu.commit: [tid:0] [sn:60] Committing instruction with PC (0x40100f=>0x401013).(0=>1)
 187000: system.cpu.rob: [tid:0] Retiring head instruction, instruction PC (0x40100f=>0x401013).(0=>1), [sn:60]
 187000: system.cpu: Removing committed instruction [tid:0] PC (0x40100f=>0x401013).(0=>1) [sn:60]
 187000: system.cpu.commit: Trying to commit head instruction, [tid:0] [sn:70]
 187000: system.cpu.commit: [tid:0] [sn:70] Committing instruction with PC (0x40100f=>0x401013).(1=>2)
 187000: system.cpu.rob: [tid:0] Retiring head instruction, instruction PC (0x40100f=>0x401013).(1=>2), [sn:70]
 187000: system.cpu: Removing committed instruction [tid:0] PC (0x40100f=>0x401013).(1=>2) [sn:70]
 187000: system.cpu.commit: Trying to commit head instruction, [tid:0] [sn:80]
 187000: system.cpu.commit: [tid:0] [sn:80] Committing instruction with PC (0x401013=>0x40101a).(0=>1)
 187000: system.cpu.rob: [tid:0] Retiring head instruction, instruction PC (0x401013=>0x40101a).(0=>1), [sn:80]
 187000: system.cpu: Removing committed instruction [tid:0] PC (0x401013=>0x40101a).(0=>1) [sn:80]
 187000: system.cpu.commit: Trying to commit head instruction, [tid:0] [sn:90]
 187000: system.cpu.commit: [tid:0] [sn:90] Committing instruction with PC (0x40101a=>0x40101d).(0=>1)
 187000: system.cpu.rob: [tid:0] Retiring head instruction, instruction PC (0x40101a=>0x40101d).(0=>1), [sn:90]
 187000: system.cpu: Removing committed instruction [tid:0] PC (0x40101a=>0x40101d).(0=>1) [sn:90]
 187000: system.cpu.commit: Trying to commit head instruction, [tid:0] [sn:100]
 187000: system.cpu.commit: Inst [tid:0] [sn:100] PC (0x40101d=>0x40101f).(0=>1) has a fault
 187000: system.cpu.commit: [tid:0] [sn:100] Stores outstanding, fault must wait.
 187000: system.cpu.commit: Unable to commit head instruction PC:(0x40101d=>0x40101f).(0=>1) [tid:0] [sn:100].
 187000: system.cpu.commit: [tid:0] Instruction [sn:100] PC (0x40101d=>0x40101f).(0=>1) is head of ROB and ready to commit
 187000: system.cpu.commit: [tid:0] ROB has 119 insts & 799 free entries.
 187000: system.cpu.commit: Activity This Cycle.
 187000: system.cpu: Removing instruction, [tid:0] [sn:50] PC (0x40100b=>0x40100f).(0=>1)
 187000: system.cpu: Removing instruction, [tid:0] [sn:60] PC (0x40100f=>0x401013).(0=>1)
 187000: system.cpu: Removing instruction, [tid:0] [sn:70] PC (0x40100f=>0x401013).(1=>2)
 187000: system.cpu: Removing instruction, [tid:0] [sn:80] PC (0x401013=>0x40101a).(0=>1)
 187000: system.cpu: Removing instruction, [tid:0] [sn:90] PC (0x40101a=>0x40101d).(0=>1)
 187000: system.cpu: Scheduling next tick!
 188000: system.cpu: 

O3CPU: Ticking main, O3CPU.
 188000: system.cpu.fetch: Running stage.
 188000: system.cpu.fetch: There are no more threads available to fetch from.
 188000: system.cpu.fetch: [tid:0] Fetch is waiting cache response!
 188000: system.cpu.decode: Processing [tid:0]
 188000: system.cpu.decode: [tid:0] Not blocked, so attempting to run stage.
 188000: system.cpu.decode: [tid:0] Sending instruction to rename.
 188000: system.cpu.decode: [tid:0] Processing instruction [sn:1490] with PC (0x40107b=>0x40107d).(0=>1)
 188000: system.cpu.decode: [tid:0] Processing instruction [sn:1500] with PC (0x40107b=>0x40107d).(1=>2)
 188000: system.cpu.decode: [tid:0] Processing instruction [sn:1510] with PC (0x40107b=>0x40107d).(2=>3)
 188000: system.cpu.decode: [tid:0] Processing instruction [sn:1520] with PC (0x40107d=>0x40107f).(0=>1)
 188000: system.cpu.decode: [tid:0] Processing instruction [sn:1530] with PC (0x40107d=>0x40107f).(1=>2)
 188000: system.cpu.decode: [tid:0] Processing instruction [sn:1540] with PC (0x40107d=>0x40107f).(2=>3)
 188000: system.cpu.decode: Activity this cycle.
 188000: system.cpu: Activity: 12
 188000: system.cpu.rename: Processing [tid:0]
 188000: system.cpu.rename: [tid:0] Free IQ: 480, Free ROB: 799, Free LQ: 105, Free SQ: 46, FreeRM 127(788 870 917 1834 127 8 4495)
 188000: system.cpu.rename: [tid:0] 30 instructions not yet in ROB
 188000: system.cpu.rename: calcFreeLQEntries: free lqEntries: 105, loadsInProgress: 10, loads dispatchedToLQ: 3
 188000: system.cpu.rename: [tid:0] Not blocked, so attempting to run stage.
 188000: system.cpu.rename: [tid:0] 10 available instructions to send iew.
 188000: system.cpu.rename: [tid:0] 30 insts pipelining from Rename | 10 insts dispatched to IQ last cycle.
 188000: system.cpu.rename: [tid:0] Sending instructions to IEW.
 188000: system.cpu.rename: calcFreeSQEntries: free sqEntries: 46, storesInProgress: 10, stores dispatchedToSQ: 4
 188000: system.cpu.rename: [tid:0] Processing instruction [sn:1390] with PC (0x401073=>0x401075).(2=>3).
 188000: system.cpu.rename: [tid:0] Looking up invalid arch reg 0, got phys reg 4294967295 (invalid)
 188000: system.cpu.rename: [tid:0] Register 4294967295 (flat: 4294967295) (invalid) is ready.
 188000: global: [sn:1390] has 1 ready out of 4 sources. RTI 0)
 188000: system.cpu.rename: [tid:0] Looking up integer arch reg 0, got phys reg 45 (integer)
 188000: system.cpu.rename: [tid:0] Register 45 (flat: 45) (integer) is ready.
 188000: global: [sn:1390] has 2 ready out of 4 sources. RTI 0)
 188000: system.cpu.rename: [tid:0] Looking up integer arch reg 17, got phys reg 132 (integer)
 188000: system.cpu.rename: [tid:0] Register 132 (flat: 132) (integer) is not ready.
 188000: system.cpu.rename: [tid:0] Looking up miscellaneous arch reg 155, got phys reg 155 (miscellaneous)
 188000: system.cpu.rename: [tid:0] Register 155 (flat: 0) (miscellaneous) is ready.
 188000: global: [sn:1390] has 3 ready out of 4 sources. RTI 0)
 188000: system.cpu.rename: calcFreeLQEntries: free lqEntries: 105, loadsInProgress: 10, loads dispatchedToLQ: 3
 188000: system.cpu.rename: [tid:0] Processing instruction [sn:1400] with PC (0x401075=>0x401077).(0=>1).
 188000: system.cpu.rename: [tid:0] Looking up invalid arch reg 0, got phys reg 4294967295 (invalid)
 188000: system.cpu.rename: [tid:0] Register 4294967295 (flat: 4294967295) (invalid) is ready.
 188000: global: [sn:1400] has 1 ready out of 4 sources. RTI 0)
 188000: system.cpu.rename: [tid:0] Looking up integer arch reg 0, got phys reg 45 (integer)
 188000: system.cpu.rename: [tid:0] Register 45 (flat: 45) (integer) is ready.
 188000: global: [sn:1400] has 2 ready out of 4 sources. RTI 0)
 188000: system.cpu.rename: [tid:0] Looking up integer arch reg 17, got phys reg 132 (integer)
 188000: system.cpu.rename: [tid:0] Register 132 (flat: 132) (integer) is not ready.
 188000: system.cpu.rename: [tid:0] Looking up miscellaneous arch reg 155, got phys reg 155 (miscellaneous)
 188000: system.cpu.rename: [tid:0] Register 155 (flat: 0) (miscellaneous) is ready.
 188000: global: [sn:1400] has 3 ready out of 4 sources. RTI 0)
 188000: global: Renamed reg t1 to physical reg 133 (133) old mapping was 132 (132)
 188000: system.cpu.rename: [tid:0] Renaming arch reg 17 (integer) to physical reg 133 (133).
 188000: system.cpu.rename: [tid:0] [sn:1400] Adding instruction to history buffer (size=317).
 188000: system.cpu.rename: [tid:0] Processing instruction [sn:1410] with PC (0x401075=>0x401077).(1=>2).
 188000: system.cpu.rename: [tid:0] Looking up integer arch reg 17, got phys reg 133 (integer)
 188000: system.cpu.rename: [tid:0] Register 133 (flat: 133) (integer) is not ready.
 188000: system.cpu.rename: [tid:0] Looking up integer arch reg 0, got phys reg 45 (integer)
 188000: system.cpu.rename: [tid:0] Register 45 (flat: 45) (integer) is ready.
 188000: global: [sn:1410] has 1 ready out of 8 sources. RTI 0)
 188000: system.cpu.rename: [tid:0] Looking up integer arch reg 17, got phys reg 133 (integer)
 188000: system.cpu.rename: [tid:0] Register 133 (flat: 133) (integer) is not ready.
 188000: system.cpu.rename: [tid:0] Looking up invalid arch reg 0, got phys reg 4294967295 (invalid)
 188000: system.cpu.rename: [tid:0] Register 4294967295 (flat: 4294967295) (invalid) is ready.
 188000: global: [sn:1410] has 2 ready out of 8 sources. RTI 0)
 188000: system.cpu.rename: [tid:0] Looking up invalid arch reg 0, got phys reg 4294967295 (invalid)
 188000: system.cpu.rename: [tid:0] Register 4294967295 (flat: 4294967295) (invalid) is ready.
 188000: global: [sn:1410] has 3 ready out of 8 sources. RTI 0)
 188000: system.cpu.rename: [tid:0] Looking up invalid arch reg 0, got phys reg 4294967295 (invalid)
 188000: system.cpu.rename: [tid:0] Register 4294967295 (flat: 4294967295) (invalid) is ready.
 188000: global: [sn:1410] has 4 ready out of 8 sources. RTI 0)
 188000: system.cpu.rename: [tid:0] Looking up invalid arch reg 0, got phys reg 4294967295 (invalid)
 188000: system.cpu.rename: [tid:0] Register 4294967295 (flat: 4294967295) (invalid) is ready.
 188000: global: [sn:1410] has 5 ready out of 8 sources. RTI 0)
 188000: system.cpu.rename: [tid:0] Looking up invalid arch reg 0, got phys reg 4294967295 (invalid)
 188000: system.cpu.rename: [tid:0] Register 4294967295 (flat: 4294967295) (invalid) is ready.
 188000: global: [sn:1410] has 6 ready out of 8 sources. RTI 0)
 188000: global: Renamed reg t1 to physical reg 134 (134) old mapping was 133 (133)
 188000: system.cpu.rename: [tid:0] Renaming arch reg 17 (integer) to physical reg 134 (134).
 188000: system.cpu.rename: [tid:0] [sn:1410] Adding instruction to history buffer (size=318).
 188000: global: Renamed reg condition_code[0] to physical reg 4823 (4823) old mapping was 4821 (4821)
 188000: system.cpu.rename: [tid:0] Renaming arch reg 0 (condition_code) to physical reg 97 (4823).
 188000: system.cpu.rename: [tid:0] [sn:1410] Adding instruction to history buffer (size=319).
 188000: global: Renamed reg condition_code[1] to physical reg 4824 (4824) old mapping was 4822 (4822)
 188000: system.cpu.rename: [tid:0] Renaming arch reg 1 (condition_code) to physical reg 98 (4824).
 188000: system.cpu.rename: [tid:0] [sn:1410] Adding instruction to history buffer (size=320).
 188000: system.cpu.rename: [tid:0] Renaming arch reg 0 (invalid) to physical reg 4294967295 (4294967295).
 188000: system.cpu.rename: [tid:0] [sn:1410] Adding instruction to history buffer (size=321).
 188000: system.cpu.rename: [tid:0] Renaming arch reg 0 (invalid) to physical reg 4294967295 (4294967295).
 188000: system.cpu.rename: [tid:0] [sn:1410] Adding instruction to history buffer (size=322).
 188000: system.cpu.rename: [tid:0] Renaming arch reg 0 (invalid) to physical reg 4294967295 (4294967295).
 188000: system.cpu.rename: [tid:0] [sn:1410] Adding instruction to history buffer (size=323).
 188000: system.cpu.rename: calcFreeSQEntries: free sqEntries: 46, storesInProgress: 11, stores dispatchedToSQ: 4
 188000: system.cpu.rename: [tid:0] Processing instruction [sn:1420] with PC (0x401075=>0x401077).(2=>3).
 188000: system.cpu.rename: [tid:0] Looking up invalid arch reg 0, got phys reg 4294967295 (invalid)
 188000: system.cpu.rename: [tid:0] Register 4294967295 (flat: 4294967295) (invalid) is ready.
 188000: global: [sn:1420] has 1 ready out of 4 sources. RTI 0)
 188000: system.cpu.rename: [tid:0] Looking up integer arch reg 0, got phys reg 45 (integer)
 188000: system.cpu.rename: [tid:0] Register 45 (flat: 45) (integer) is ready.
 188000: global: [sn:1420] has 2 ready out of 4 sources. RTI 0)
 188000: system.cpu.rename: [tid:0] Looking up integer arch reg 17, got phys reg 134 (integer)
 188000: system.cpu.rename: [tid:0] Register 134 (flat: 134) (integer) is not ready.
 188000: system.cpu.rename: [tid:0] Looking up miscellaneous arch reg 155, got phys reg 155 (miscellaneous)
 188000: system.cpu.rename: [tid:0] Register 155 (flat: 0) (miscellaneous) is ready.
 188000: global: [sn:1420] has 3 ready out of 4 sources. RTI 0)
 188000: system.cpu.rename: calcFreeLQEntries: free lqEntries: 105, loadsInProgress: 11, loads dispatchedToLQ: 3
 188000: system.cpu.rename: [tid:0] Processing instruction [sn:1430] with PC (0x401077=>0x401079).(0=>1).
 188000: system.cpu.rename: [tid:0] Looking up invalid arch reg 0, got phys reg 4294967295 (invalid)
 188000: system.cpu.rename: [tid:0] Register 4294967295 (flat: 4294967295) (invalid) is ready.
 188000: global: [sn:1430] has 1 ready out of 4 sources. RTI 0)
 188000: system.cpu.rename: [tid:0] Looking up integer arch reg 0, got phys reg 45 (integer)
 188000: system.cpu.rename: [tid:0] Register 45 (flat: 45) (integer) is ready.
 188000: global: [sn:1430] has 2 ready out of 4 sources. RTI 0)
 188000: system.cpu.rename: [tid:0] Looking up integer arch reg 17, got phys reg 134 (integer)
 188000: system.cpu.rename: [tid:0] Register 134 (flat: 134) (integer) is not ready.
 188000: system.cpu.rename: [tid:0] Looking up miscellaneous arch reg 155, got phys reg 155 (miscellaneous)
 188000: system.cpu.rename: [tid:0] Register 155 (flat: 0) (miscellaneous) is ready.
 188000: global: [sn:1430] has 3 ready out of 4 sources. RTI 0)
 188000: global: Renamed reg t1 to physical reg 135 (135) old mapping was 134 (134)
 188000: system.cpu.rename: [tid:0] Renaming arch reg 17 (integer) to physical reg 135 (135).
 188000: system.cpu.rename: [tid:0] [sn:1430] Adding instruction to history buffer (size=324).
 188000: system.cpu.rename: [tid:0] Processing instruction [sn:1440] with PC (0x401077=>0x401079).(1=>2).
 188000: system.cpu.rename: [tid:0] Looking up integer arch reg 17, got phys reg 135 (integer)
 188000: system.cpu.rename: [tid:0] Register 135 (flat: 135) (integer) is not ready.
 188000: system.cpu.rename: [tid:0] Looking up integer arch reg 0, got phys reg 45 (integer)
 188000: system.cpu.rename: [tid:0] Register 45 (flat: 45) (integer) is ready.
 188000: global: [sn:1440] has 1 ready out of 8 sources. RTI 0)
 188000: system.cpu.rename: [tid:0] Looking up integer arch reg 17, got phys reg 135 (integer)
 188000: system.cpu.rename: [tid:0] Register 135 (flat: 135) (integer) is not ready.
 188000: system.cpu.rename: [tid:0] Looking up invalid arch reg 0, got phys reg 4294967295 (invalid)
 188000: system.cpu.rename: [tid:0] Register 4294967295 (flat: 4294967295) (invalid) is ready.
 188000: global: [sn:1440] has 2 ready out of 8 sources. RTI 0)
 188000: system.cpu.rename: [tid:0] Looking up invalid arch reg 0, got phys reg 4294967295 (invalid)
 188000: system.cpu.rename: [tid:0] Register 4294967295 (flat: 4294967295) (invalid) is ready.
 188000: global: [sn:1440] has 3 ready out of 8 sources. RTI 0)
 188000: system.cpu.rename: [tid:0] Looking up invalid arch reg 0, got phys reg 4294967295 (invalid)
 188000: system.cpu.rename: [tid:0] Register 4294967295 (flat: 4294967295) (invalid) is ready.
 188000: global: [sn:1440] has 4 ready out of 8 sources. RTI 0)
 188000: system.cpu.rename: [tid:0] Looking up invalid arch reg 0, got phys reg 4294967295 (invalid)
 188000: system.cpu.rename: [tid:0] Register 4294967295 (flat: 4294967295) (invalid) is ready.
 188000: global: [sn:1440] has 5 ready out of 8 sources. RTI 0)
 188000: system.cpu.rename: [tid:0] Looking up invalid arch reg 0, got phys reg 4294967295 (invalid)
 188000: system.cpu.rename: [tid:0] Register 4294967295 (flat: 4294967295) (invalid) is ready.
 188000: global: [sn:1440] has 6 ready out of 8 sources. RTI 0)
 188000: global: Renamed reg t1 to physical reg 136 (136) old mapping was 135 (135)
 188000: system.cpu.rename: [tid:0] Renaming arch reg 17 (integer) to physical reg 136 (136).
 188000: system.cpu.rename: [tid:0] [sn:1440] Adding instruction to history buffer (size=325).
 188000: global: Renamed reg condition_code[0] to physical reg 4825 (4825) old mapping was 4823 (4823)
 188000: system.cpu.rename: [tid:0] Renaming arch reg 0 (condition_code) to physical reg 99 (4825).
 188000: system.cpu.rename: [tid:0] [sn:1440] Adding instruction to history buffer (size=326).
 188000: global: Renamed reg condition_code[1] to physical reg 4826 (4826) old mapping was 4824 (4824)
 188000: system.cpu.rename: [tid:0] Renaming arch reg 1 (condition_code) to physical reg 100 (4826).
 188000: system.cpu.rename: [tid:0] [sn:1440] Adding instruction to history buffer (size=327).
 188000: system.cpu.rename: [tid:0] Renaming arch reg 0 (invalid) to physical reg 4294967295 (4294967295).
 188000: system.cpu.rename: [tid:0] [sn:1440] Adding instruction to history buffer (size=328).
 188000: system.cpu.rename: [tid:0] Renaming arch reg 0 (invalid) to physical reg 4294967295 (4294967295).
 188000: system.cpu.rename: [tid:0] [sn:1440] Adding instruction to history buffer (size=329).
 188000: system.cpu.rename: [tid:0] Renaming arch reg 0 (invalid) to physical reg 4294967295 (4294967295).
 188000: system.cpu.rename: [tid:0] [sn:1440] Adding instruction to history buffer (size=330).
 188000: system.cpu.rename: calcFreeSQEntries: free sqEntries: 46, storesInProgress: 12, stores dispatchedToSQ: 4
 188000: system.cpu.rename: [tid:0] Processing instruction [sn:1450] with PC (0x401077=>0x401079).(2=>3).
 188000: system.cpu.rename: [tid:0] Looking up invalid arch reg 0, got phys reg 4294967295 (invalid)
 188000: system.cpu.rename: [tid:0] Register 4294967295 (flat: 4294967295) (invalid) is ready.
 188000: global: [sn:1450] has 1 ready out of 4 sources. RTI 0)
 188000: system.cpu.rename: [tid:0] Looking up integer arch reg 0, got phys reg 45 (integer)
 188000: system.cpu.rename: [tid:0] Register 45 (flat: 45) (integer) is ready.
 188000: global: [sn:1450] has 2 ready out of 4 sources. RTI 0)
 188000: system.cpu.rename: [tid:0] Looking up integer arch reg 17, got phys reg 136 (integer)
 188000: system.cpu.rename: [tid:0] Register 136 (flat: 136) (integer) is not ready.
 188000: system.cpu.rename: [tid:0] Looking up miscellaneous arch reg 155, got phys reg 155 (miscellaneous)
 188000: system.cpu.rename: [tid:0] Register 155 (flat: 0) (miscellaneous) is ready.
 188000: global: [sn:1450] has 3 ready out of 4 sources. RTI 0)
 188000: system.cpu.rename: calcFreeLQEntries: free lqEntries: 105, loadsInProgress: 12, loads dispatchedToLQ: 3
 188000: system.cpu.rename: [tid:0] Processing instruction [sn:1460] with PC (0x401079=>0x40107b).(0=>1).
 188000: system.cpu.rename: [tid:0] Looking up invalid arch reg 0, got phys reg 4294967295 (invalid)
 188000: system.cpu.rename: [tid:0] Register 4294967295 (flat: 4294967295) (invalid) is ready.
 188000: global: [sn:1460] has 1 ready out of 4 sources. RTI 0)
 188000: system.cpu.rename: [tid:0] Looking up integer arch reg 0, got phys reg 45 (integer)
 188000: system.cpu.rename: [tid:0] Register 45 (flat: 45) (integer) is ready.
 188000: global: [sn:1460] has 2 ready out of 4 sources. RTI 0)
 188000: system.cpu.rename: [tid:0] Looking up integer arch reg 17, got phys reg 136 (integer)
 188000: system.cpu.rename: [tid:0] Register 136 (flat: 136) (integer) is not ready.
 188000: system.cpu.rename: [tid:0] Looking up miscellaneous arch reg 155, got phys reg 155 (miscellaneous)
 188000: system.cpu.rename: [tid:0] Register 155 (flat: 0) (miscellaneous) is ready.
 188000: global: [sn:1460] has 3 ready out of 4 sources. RTI 0)
 188000: global: Renamed reg t1 to physical reg 137 (137) old mapping was 136 (136)
 188000: system.cpu.rename: [tid:0] Renaming arch reg 17 (integer) to physical reg 137 (137).
 188000: system.cpu.rename: [tid:0] [sn:1460] Adding instruction to history buffer (size=331).
 188000: system.cpu.rename: [tid:0] Processing instruction [sn:1470] with PC (0x401079=>0x40107b).(1=>2).
 188000: system.cpu.rename: [tid:0] Looking up integer arch reg 17, got phys reg 137 (integer)
 188000: system.cpu.rename: [tid:0] Register 137 (flat: 137) (integer) is not ready.
 188000: system.cpu.rename: [tid:0] Looking up integer arch reg 0, got phys reg 45 (integer)
 188000: system.cpu.rename: [tid:0] Register 45 (flat: 45) (integer) is ready.
 188000: global: [sn:1470] has 1 ready out of 8 sources. RTI 0)
 188000: system.cpu.rename: [tid:0] Looking up integer arch reg 17, got phys reg 137 (integer)
 188000: system.cpu.rename: [tid:0] Register 137 (flat: 137) (integer) is not ready.
 188000: system.cpu.rename: [tid:0] Looking up invalid arch reg 0, got phys reg 4294967295 (invalid)
 188000: system.cpu.rename: [tid:0] Register 4294967295 (flat: 4294967295) (invalid) is ready.
 188000: global: [sn:1470] has 2 ready out of 8 sources. RTI 0)
 188000: system.cpu.rename: [tid:0] Looking up invalid arch reg 0, got phys reg 4294967295 (invalid)
 188000: system.cpu.rename: [tid:0] Register 4294967295 (flat: 4294967295) (invalid) is ready.
 188000: global: [sn:1470] has 3 ready out of 8 sources. RTI 0)
 188000: system.cpu.rename: [tid:0] Looking up invalid arch reg 0, got phys reg 4294967295 (invalid)
 188000: system.cpu.rename: [tid:0] Register 4294967295 (flat: 4294967295) (invalid) is ready.
 188000: global: [sn:1470] has 4 ready out of 8 sources. RTI 0)
 188000: system.cpu.rename: [tid:0] Looking up invalid arch reg 0, got phys reg 4294967295 (invalid)
 188000: system.cpu.rename: [tid:0] Register 4294967295 (flat: 4294967295) (invalid) is ready.
 188000: global: [sn:1470] has 5 ready out of 8 sources. RTI 0)
 188000: system.cpu.rename: [tid:0] Looking up invalid arch reg 0, got phys reg 4294967295 (invalid)
 188000: system.cpu.rename: [tid:0] Register 4294967295 (flat: 4294967295) (invalid) is ready.
 188000: global: [sn:1470] has 6 ready out of 8 sources. RTI 0)
 188000: global: Renamed reg t1 to physical reg 138 (138) old mapping was 137 (137)
 188000: system.cpu.rename: [tid:0] Renaming arch reg 17 (integer) to physical reg 138 (138).
 188000: system.cpu.rename: [tid:0] [sn:1470] Adding instruction to history buffer (size=332).
 188000: global: Renamed reg condition_code[0] to physical reg 4827 (4827) old mapping was 4825 (4825)
 188000: system.cpu.rename: [tid:0] Renaming arch reg 0 (condition_code) to physical reg 101 (4827).
 188000: system.cpu.rename: [tid:0] [sn:1470] Adding instruction to history buffer (size=333).
 188000: global: Renamed reg condition_code[1] to physical reg 4828 (4828) old mapping was 4826 (4826)
 188000: system.cpu.rename: [tid:0] Renaming arch reg 1 (condition_code) to physical reg 102 (4828).
 188000: system.cpu.rename: [tid:0] [sn:1470] Adding instruction to history buffer (size=334).
 188000: system.cpu.rename: [tid:0] Renaming arch reg 0 (invalid) to physical reg 4294967295 (4294967295).
 188000: system.cpu.rename: [tid:0] [sn:1470] Adding instruction to history buffer (size=335).
 188000: system.cpu.rename: [tid:0] Renaming arch reg 0 (invalid) to physical reg 4294967295 (4294967295).
 188000: system.cpu.rename: [tid:0] [sn:1470] Adding instruction to history buffer (size=336).
 188000: system.cpu.rename: [tid:0] Renaming arch reg 0 (invalid) to physical reg 4294967295 (4294967295).
 188000: system.cpu.rename: [tid:0] [sn:1470] Adding instruction to history buffer (size=337).
 188000: system.cpu.rename: calcFreeSQEntries: free sqEntries: 46, storesInProgress: 13, stores dispatchedToSQ: 4
 188000: system.cpu.rename: [tid:0] Processing instruction [sn:1480] with PC (0x401079=>0x40107b).(2=>3).
 188000: system.cpu.rename: [tid:0] Looking up invalid arch reg 0, got phys reg 4294967295 (invalid)
 188000: system.cpu.rename: [tid:0] Register 4294967295 (flat: 4294967295) (invalid) is ready.
 188000: global: [sn:1480] has 1 ready out of 4 sources. RTI 0)
 188000: system.cpu.rename: [tid:0] Looking up integer arch reg 0, got phys reg 45 (integer)
 188000: system.cpu.rename: [tid:0] Register 45 (flat: 45) (integer) is ready.
 188000: global: [sn:1480] has 2 ready out of 4 sources. RTI 0)
 188000: system.cpu.rename: [tid:0] Looking up integer arch reg 17, got phys reg 138 (integer)
 188000: system.cpu.rename: [tid:0] Register 138 (flat: 138) (integer) is not ready.
 188000: system.cpu.rename: [tid:0] Looking up miscellaneous arch reg 155, got phys reg 155 (miscellaneous)
 188000: system.cpu.rename: [tid:0] Register 155 (flat: 0) (miscellaneous) is ready.
 188000: global: [sn:1480] has 3 ready out of 4 sources. RTI 0)
 188000: system.cpu.rename: Activity this cycle.
 188000: system.cpu.rename: [tid:0] Removing a committed instruction from the history buffer 0 (size=337), until [sn:90].
 188000: system.cpu.rename: [tid:0] Freeing up older rename of reg 3 (integer), [sn:50].
 188000: system.cpu.rename: [tid:0] Freeing up older rename of reg 41 (integer), [sn:60].
 188000: system.cpu.rename: [tid:0] Freeing up older rename of reg 40 (integer), [sn:70].
 188000: system.cpu.rename: [tid:0] Freeing up older rename of reg 5 (condition_code), [sn:70].
 188000: system.cpu.rename: [tid:0] Freeing up older rename of reg 6 (condition_code), [sn:70].
 188000: system.cpu.rename: [tid:0] Freeing up older rename of reg 4294967295 (invalid), [sn:70].
 188000: system.cpu.rename: [tid:0] Freeing up older rename of reg 4294967295 (invalid), [sn:70].
 188000: system.cpu.rename: [tid:0] Freeing up older rename of reg 4294967295 (invalid), [sn:70].
 188000: system.cpu.rename: [tid:0] Freeing up older rename of reg 0 (integer), [sn:80].
 188000: system.cpu.rename: [tid:0] Freeing up older rename of reg 7 (integer), [sn:90].
 188000: system.cpu.rename: [tid:0] Freeing up older rename of reg 7 (condition_code), [sn:90].
 188000: system.cpu.rename: [tid:0] Freeing up older rename of reg 8 (condition_code), [sn:90].
 188000: system.cpu.rename: [tid:0] Freeing up older rename of reg 4294967295 (invalid), [sn:90].
 188000: system.cpu.rename: [tid:0] Freeing up older rename of reg 4294967295 (invalid), [sn:90].
 188000: system.cpu.rename: [tid:0] Freeing up older rename of reg 4294967295 (invalid), [sn:90].
 188000: system.cpu.iew: Issue: Processing [tid:0]
 188000: system.cpu.iew: [tid:0] Not blocked, so attempting to run dispatch.
 188000: system.cpu.iew: [tid:0] Issue: Adding PC (0x401067=>0x401069).(0=>1) [sn:1190] [tid:0] to IQ.
 188000: system.cpu.iew: [tid:0] Issue: Memory instruction encountered, adding to LSQ.
 188000: system.cpu.iew.lsq.thread0: Inserting load PC (0x401067=>0x401069).(0=>1), idx:37 [sn:1190]
 188000: system.cpu.iq: Adding instruction [sn:1190] PC (0x401067=>0x401069).(0=>1) to the IQ.
 188000: system.cpu.iq: Instruction PC (0x401067=>0x401069).(0=>1) has src reg 118 (integer) that is being added to the dependency chain.
 188000: memdepentry: Memory dependency entry created. memdep_count=73 (0x401067=>0x401069).(0=>1)
 188000: system.cpu.memDep0: No dependency for inst PC (0x401067=>0x401069).(0=>1) [sn:1190].
 188000: system.cpu.iew: [tid:0] Issue: Adding PC (0x401067=>0x401069).(1=>2) [sn:1200] [tid:0] to IQ.
 188000: system.cpu.iq: Adding instruction [sn:1200] PC (0x401067=>0x401069).(1=>2) to the IQ.
 188000: system.cpu.iq: Instruction PC (0x401067=>0x401069).(1=>2) has src reg 119 (integer) that is being added to the dependency chain.
 188000: system.cpu.iq: Instruction PC (0x401067=>0x401069).(1=>2) has src reg 119 (integer) that is being added to the dependency chain.
 188000: system.cpu.iew: [tid:0] Issue: Adding PC (0x401067=>0x401069).(2=>3) [sn:1210] [tid:0] to IQ.
 188000: system.cpu.iew: [tid:0] Issue: Memory instruction encountered, adding to LSQ.
 188000: system.cpu.iew.lsq.thread0: Inserting store PC (0x401067=>0x401069).(2=>3), idx:37 [sn:1210]
 188000: system.cpu.iq: Adding instruction [sn:1210] PC (0x401067=>0x401069).(2=>3) to the IQ.
 188000: system.cpu.iq: Instruction PC (0x401067=>0x401069).(2=>3) has src reg 120 (integer) that is being added to the dependency chain.
 188000: memdepentry: Memory dependency entry created. memdep_count=74 (0x401067=>0x401069).(2=>3)
 188000: system.cpu.memDep0: No dependency for inst PC (0x401067=>0x401069).(2=>3) [sn:1210].
 188000: system.cpu.memDep0: Inserting store/atomic PC (0x401067=>0x401069).(2=>3) [sn:1210].
 188000: system.cpu.iew: [tid:0] Issue: Adding PC (0x401069=>0x40106b).(0=>1) [sn:1220] [tid:0] to IQ.
 188000: system.cpu.iew: [tid:0] Issue: Memory instruction encountered, adding to LSQ.
 188000: system.cpu.iew.lsq.thread0: Inserting load PC (0x401069=>0x40106b).(0=>1), idx:38 [sn:1220]
 188000: system.cpu.iq: Adding instruction [sn:1220] PC (0x401069=>0x40106b).(0=>1) to the IQ.
 188000: system.cpu.iq: Instruction PC (0x401069=>0x40106b).(0=>1) has src reg 120 (integer) that is being added to the dependency chain.
 188000: memdepentry: Memory dependency entry created. memdep_count=75 (0x401069=>0x40106b).(0=>1)
 188000: system.cpu.memDep0: No dependency for inst PC (0x401069=>0x40106b).(0=>1) [sn:1220].
 188000: system.cpu.iew: [tid:0] Issue: Adding PC (0x401069=>0x40106b).(1=>2) [sn:1230] [tid:0] to IQ.
 188000: system.cpu.iq: Adding instruction [sn:1230] PC (0x401069=>0x40106b).(1=>2) to the IQ.
 188000: system.cpu.iq: Instruction PC (0x401069=>0x40106b).(1=>2) has src reg 121 (integer) that is being added to the dependency chain.
 188000: system.cpu.iq: Instruction PC (0x401069=>0x40106b).(1=>2) has src reg 121 (integer) that is being added to the dependency chain.
 188000: system.cpu.iew: [tid:0] Issue: Adding PC (0x401069=>0x40106b).(2=>3) [sn:1240] [tid:0] to IQ.
 188000: system.cpu.iew: [tid:0] Issue: Memory instruction encountered, adding to LSQ.
 188000: system.cpu.iew.lsq.thread0: Inserting store PC (0x401069=>0x40106b).(2=>3), idx:38 [sn:1240]
 188000: system.cpu.iq: Adding instruction [sn:1240] PC (0x401069=>0x40106b).(2=>3) to the IQ.
 188000: system.cpu.iq: Instruction PC (0x401069=>0x40106b).(2=>3) has src reg 122 (integer) that is being added to the dependency chain.
 188000: memdepentry: Memory dependency entry created. memdep_count=76 (0x401069=>0x40106b).(2=>3)
 188000: system.cpu.memDep0: No dependency for inst PC (0x401069=>0x40106b).(2=>3) [sn:1240].
 188000: system.cpu.memDep0: Inserting store/atomic PC (0x401069=>0x40106b).(2=>3) [sn:1240].
 188000: system.cpu.iew: [tid:0] Issue: Adding PC (0x40106b=>0x40106d).(0=>1) [sn:1250] [tid:0] to IQ.
 188000: system.cpu.iew: [tid:0] Issue: Memory instruction encountered, adding to LSQ.
 188000: system.cpu.iew.lsq.thread0: Inserting load PC (0x40106b=>0x40106d).(0=>1), idx:39 [sn:1250]
 188000: system.cpu.iq: Adding instruction [sn:1250] PC (0x40106b=>0x40106d).(0=>1) to the IQ.
 188000: system.cpu.iq: Instruction PC (0x40106b=>0x40106d).(0=>1) has src reg 122 (integer) that is being added to the dependency chain.
 188000: memdepentry: Memory dependency entry created. memdep_count=77 (0x40106b=>0x40106d).(0=>1)
 188000: system.cpu.memDep0: No dependency for inst PC (0x40106b=>0x40106d).(0=>1) [sn:1250].
 188000: system.cpu.iew: [tid:0] Issue: Adding PC (0x40106b=>0x40106d).(1=>2) [sn:1260] [tid:0] to IQ.
 188000: system.cpu.iq: Adding instruction [sn:1260] PC (0x40106b=>0x40106d).(1=>2) to the IQ.
 188000: system.cpu.iq: Instruction PC (0x40106b=>0x40106d).(1=>2) has src reg 123 (integer) that is being added to the dependency chain.
 188000: system.cpu.iq: Instruction PC (0x40106b=>0x40106d).(1=>2) has src reg 123 (integer) that is being added to the dependency chain.
 188000: system.cpu.iew: [tid:0] Issue: Adding PC (0x40106b=>0x40106d).(2=>3) [sn:1270] [tid:0] to IQ.
 188000: system.cpu.iew: [tid:0] Issue: Memory instruction encountered, adding to LSQ.
 188000: system.cpu.iew.lsq.thread0: Inserting store PC (0x40106b=>0x40106d).(2=>3), idx:39 [sn:1270]
 188000: system.cpu.iq: Adding instruction [sn:1270] PC (0x40106b=>0x40106d).(2=>3) to the IQ.
 188000: system.cpu.iq: Instruction PC (0x40106b=>0x40106d).(2=>3) has src reg 124 (integer) that is being added to the dependency chain.
 188000: memdepentry: Memory dependency entry created. memdep_count=78 (0x40106b=>0x40106d).(2=>3)
 188000: system.cpu.memDep0: No dependency for inst PC (0x40106b=>0x40106d).(2=>3) [sn:1270].
 188000: system.cpu.memDep0: Inserting store/atomic PC (0x40106b=>0x40106d).(2=>3) [sn:1270].
 188000: system.cpu.iew: [tid:0] Issue: Adding PC (0x40106d=>0x40106f).(0=>1) [sn:1280] [tid:0] to IQ.
 188000: system.cpu.iew: [tid:0] Issue: Memory instruction encountered, adding to LSQ.
 188000: system.cpu.iew.lsq.thread0: Inserting load PC (0x40106d=>0x40106f).(0=>1), idx:40 [sn:1280]
 188000: system.cpu.iq: Adding instruction [sn:1280] PC (0x40106d=>0x40106f).(0=>1) to the IQ.
 188000: system.cpu.iq: Instruction PC (0x40106d=>0x40106f).(0=>1) has src reg 124 (integer) that is being added to the dependency chain.
 188000: memdepentry: Memory dependency entry created. memdep_count=79 (0x40106d=>0x40106f).(0=>1)
 188000: system.cpu.memDep0: No dependency for inst PC (0x40106d=>0x40106f).(0=>1) [sn:1280].
 188000: system.cpu.iq: Attempting to schedule ready instructions from the IQ.
 188000: system.cpu.iq: Not able to schedule any instructions.
 188000: system.cpu.iew: Processing [tid:0]
 188000: system.cpu.iew.lsq.thread0: Committing head load instruction, PC (0x40100b=>0x40100f).(0=>1)
 188000: system.cpu.iq: [tid:0] Committing instructions older than [sn:90]
O3PipeView:fetch:87000:0x0040100f:0:60:  ADD_R_I : limm   t1, 0x8
O3PipeView:decode:88000
O3PipeView:rename:89000
O3PipeView:dispatch:91000
O3PipeView:issue:91000
O3PipeView:complete:92000
O3PipeView:retire:187000:store:0
 188000: global: DynInst: [sn:60] Instruction destroyed. Instcount for system.cpu = 149
O3PipeView:fetch:87000:0x0040100f:1:70:  ADD_R_I : add   rsp, rsp, t1
O3PipeView:decode:88000
O3PipeView:rename:89000
O3PipeView:dispatch:91000
O3PipeView:issue:93000
O3PipeView:complete:94000
O3PipeView:retire:187000:store:0
 188000: global: DynInst: [sn:70] Instruction destroyed. Instcount for system.cpu = 148
O3PipeView:fetch:87000:0x00401013:0:80:  MOV_R_I : limm   rax, 0x3c
O3PipeView:decode:88000
O3PipeView:rename:89000
O3PipeView:dispatch:91000
O3PipeView:issue:91000
O3PipeView:complete:92000
O3PipeView:retire:187000:store:0
 188000: global: DynInst: [sn:80] Instruction destroyed. Instcount for system.cpu = 147
O3PipeView:fetch:87000:0x0040101a:0:90:  XOR_R_R : xor   rdi, rdi, rdi
O3PipeView:decode:88000
O3PipeView:rename:89000
O3PipeView:dispatch:91000
O3PipeView:issue:91000
O3PipeView:complete:92000
O3PipeView:retire:187000:store:0
 188000: global: DynInst: [sn:90] Instruction destroyed. Instcount for system.cpu = 146
 188000: system.cpu.iew: [tid:0], Dispatch dispatched 10 instructions.
 188000: system.cpu.iew.lsq.thread0: SQ size: 72, #stores occupied: 39
 188000: system.cpu.iew.lsq.thread0: LQ size: 132, #loads occupied: 40
 188000: system.cpu.iew: IQ has 441 free entries (Can schedule: 0).  LQ has 92 free entries. SQ has 33 free entries.
 188000: system.cpu.commit: Getting instructions from Rename stage.
 188000: system.cpu.commit: [tid:0] [sn:1290] Inserting PC (0x40106d=>0x40106f).(1=>2) into ROB.
 188000: system.cpu.rob: Adding inst PC (0x40106d=>0x40106f).(1=>2) to the ROB.
 188000: system.cpu.rob: [tid:0] Now has 120 instructions.
 188000: system.cpu.commit: [tid:0] [sn:1300] Inserting PC (0x40106d=>0x40106f).(2=>3) into ROB.
 188000: system.cpu.rob: Adding inst PC (0x40106d=>0x40106f).(2=>3) to the ROB.
 188000: system.cpu.rob: [tid:0] Now has 121 instructions.
 188000: system.cpu.commit: [tid:0] [sn:1310] Inserting PC (0x40106f=>0x401071).(0=>1) into ROB.
 188000: system.cpu.rob: Adding inst PC (0x40106f=>0x401071).(0=>1) to the ROB.
 188000: system.cpu.rob: [tid:0] Now has 122 instructions.
 188000: system.cpu.commit: [tid:0] [sn:1320] Inserting PC (0x40106f=>0x401071).(1=>2) into ROB.
 188000: system.cpu.rob: Adding inst PC (0x40106f=>0x401071).(1=>2) to the ROB.
 188000: system.cpu.rob: [tid:0] Now has 123 instructions.
 188000: system.cpu.commit: [tid:0] [sn:1330] Inserting PC (0x40106f=>0x401071).(2=>3) into ROB.
 188000: system.cpu.rob: Adding inst PC (0x40106f=>0x401071).(2=>3) to the ROB.
 188000: system.cpu.rob: [tid:0] Now has 124 instructions.
 188000: system.cpu.commit: [tid:0] [sn:1340] Inserting PC (0x401071=>0x401073).(0=>1) into ROB.
 188000: system.cpu.rob: Adding inst PC (0x401071=>0x401073).(0=>1) to the ROB.
 188000: system.cpu.rob: [tid:0] Now has 125 instructions.
 188000: system.cpu.commit: [tid:0] [sn:1350] Inserting PC (0x401071=>0x401073).(1=>2) into ROB.
 188000: system.cpu.rob: Adding inst PC (0x401071=>0x401073).(1=>2) to the ROB.
 188000: system.cpu.rob: [tid:0] Now has 126 instructions.
 188000: system.cpu.commit: [tid:0] [sn:1360] Inserting PC (0x401071=>0x401073).(2=>3) into ROB.
 188000: system.cpu.rob: Adding inst PC (0x401071=>0x401073).(2=>3) to the ROB.
 188000: system.cpu.rob: [tid:0] Now has 127 instructions.
 188000: system.cpu.commit: [tid:0] [sn:1370] Inserting PC (0x401073=>0x401075).(0=>1) into ROB.
 188000: system.cpu.rob: Adding inst PC (0x401073=>0x401075).(0=>1) to the ROB.
 188000: system.cpu.rob: [tid:0] Now has 128 instructions.
 188000: system.cpu.commit: [tid:0] [sn:1380] Inserting PC (0x401073=>0x401075).(1=>2) into ROB.
 188000: system.cpu.rob: Adding inst PC (0x401073=>0x401075).(1=>2) to the ROB.
 188000: system.cpu.rob: [tid:0] Now has 129 instructions.
 188000: system.cpu.commit: Trying to commit instructions in the ROB.
 188000: system.cpu.commit: Trying to commit head instruction, [tid:0] [sn:100]
 188000: system.cpu.commit: Inst [tid:0] [sn:100] PC (0x40101d=>0x40101f).(0=>1) has a fault
 188000: global: RegFile: Access to int register 45, has data 0x3c
 188000: global: RegFile: Access to int register 46, has data 0
 188000: global: Calling halt on Thread Context 0
 188000: system.cpu: Thread 0 is inserted to exitingThreads list
 188000: global: RegFile: Setting int register 45 to 0
 188000: system.cpu.commit: [tid:0] [sn:100] Committing instruction with fault
 188000: system.cpu.commit: Generating trap event for [tid:0]
 188000: system.cpu.commit: Unable to commit head instruction PC:(0x40101d=>0x40101f).(0=>1) [tid:0] [sn:100].
 188000: system.cpu.commit: [tid:0] Instruction [sn:100] PC (0x40101d=>0x40101f).(0=>1) is head of ROB and ready to commit
 188000: system.cpu.commit: [tid:0] ROB has 129 insts & 789 free entries.
 188000: system.cpu.commit: Activity This Cycle.
 188000: system.cpu: Activity: 11
 188000: system.cpu: Scheduling next tick!
