      0: Creating MemDepUnit 0 object.
      0: Creating MemDepUnit 1 object.
      0: Creating MemDepUnit 2 object.
      0: Creating MemDepUnit 3 object.
      0: system.cpu.iq: IQ sharing policy set to Partitioned:204 entries per thread.
      0: system.cpu.iew.lsq: LSQ sharing policy set to Partitioned: 192 entries per LQ | 114 entries per SQ
      0: system.cpu.iew.lsq.thread0: Creating LSQUnit0 object.
      0: system.cpu.commit: MEM_TRACE_FILE environment variable not set. No predictions loaded.
      0: system.cpu.freelist: Creating new free list object.
      0: system.cpu.rob: ROB sharing policy set to Partitioned
      0: system.cpu: Creating O3CPU object.
      0: system.cpu: Workload[0] process is 0      0: global: Calling activate on Thread Context 0
      0: system.cpu: [tid:0] Calling activate thread.
      0: system.cpu: [tid:0] Adding to active threads list
      0: system.cpu: Activity: 1
      0: system.cpu.fetch: Waking up from quiesce
      0: global: RegFile: Setting int register 4 to 0x7fffffffee20
      0: system.cpu.commit: Generating TC squash event for [tid:0]
      0: system.cpu.fetch: Activating stage.
      0: system.cpu: Activity: 2
      0: system.cpu.iew.lsq.thread0: LQ size: 192, #loads occupied: 0
      0: system.cpu.iew.lsq.thread0: SQ size: 114, #stores occupied: 0
      0: system.cpu: Activity: 3
      0: system.cpu.iew.lsq.thread0: LQ size: 192, #loads occupied: 0
      0: system.cpu.iew.lsq.thread0: SQ size: 114, #stores occupied: 0
      0: system.cpu.rob: Setting active threads list pointer.
      0: system.cpu: Activity: 4
      0: system.cpu: 

O3CPU: Ticking main, O3CPU.
      0: system.cpu.fetch: Running stage.
      0: system.cpu.fetch: Attempting to fetch from [tid:0]
      0: system.cpu.fetch: [tid:0] Attempting to translate and read instruction, starting at PC (0x401000=>0x401008).(0=>1).
      0: system.cpu.fetch: [tid:0] Fetching cache line 0x401000 for addr 0x401000
      0: system.cpu: CPU already running.
      0: system.cpu.fetch: Fetch: Doing instruction read.
      0: system.cpu.fetch: [tid:0] Doing Icache access.
      0: system.cpu.fetch: [tid:0] Activity: Waiting on I-cache response.
      0: system.cpu.fetch: Deactivating stage.
      0: system.cpu: Activity: 3
      0: system.cpu.decode: Processing [tid:0]
      0: system.cpu.decode: [tid:0] Bypass moves from Rename: 0
      0: system.cpu.decode: [tid:0] Not blocked, so attempting to run stage.
      0: system.cpu.decode: [tid:0] Nothing to do, breaking out early.
      0: system.cpu.rename: Processing [tid:0]
      0: system.cpu.rename: [tid:0] Free IQ: 204, Free ROB: 512, Free LQ: 192, Free SQ: 114, FreeRM 63(473 464 511 1022 63 8 2555)
      0: system.cpu.rename: [tid:0] 0 instructions not yet in ROB
      0: system.cpu.rename: calcFreeLQEntries: free lqEntries: 192, loadsInProgress: 0, loads dispatchedToLQ: 0
      0: system.cpu.rename: [tid:0] Not blocked, so attempting to run stage.
      0: system.cpu.rename: [tid:0] Nothing to do, breaking out early.
      0: system.cpu.iew: Issue: Processing [tid:0]
      0: system.cpu.iew: [tid:0] Not blocked, so attempting to run dispatch.
      0: system.cpu.iq: Attempting to schedule ready instructions from the IQ.
      0: system.cpu.iq: Not able to schedule any instructions.
      0: system.cpu.iew: Processing [tid:0]
      0: system.cpu.iew.lsq.thread0: LQ size: 192, #loads occupied: 0
      0: system.cpu.iew.lsq.thread0: SQ size: 114, #stores occupied: 0
      0: system.cpu.iew: [tid:0], Dispatch dispatched 0 instructions.
      0: system.cpu.iew.lsq.thread0: SQ size: 114, #stores occupied: 0
      0: system.cpu.iew.lsq.thread0: LQ size: 192, #loads occupied: 0
      0: system.cpu.iew: IQ has 204 free entries (Can schedule: 0).  LQ has 192 free entries. SQ has 114 free entries.
      0: system.cpu.iew: IEW switching to idle
      0: system.cpu.iew: Deactivating stage.
      0: system.cpu: Activity: 2
      0: system.cpu.iew: Activity this cycle.
      0: system.cpu.rob: Does not need to squash due to being empty [sn:0]
      0: system.cpu.commit: Squashing from TC, restarting at PC (0x401000=>0x401008).(0=>1)
      0: system.cpu.commit: [tid:0] ROB has 0 insts & 512 free entries.
      0: system.cpu.commit: Activity This Cycle.
      0: system.cpu: Scheduling next tick!
   1000: system.cpu: 

O3CPU: Ticking main, O3CPU.
   1000: system.cpu.fetch: [tid:0] Squashing instructions due to squash from commit.
   1000: system.cpu.fetch: [tid:0] Squash from commit.
   1000: system.cpu.fetch: [tid:0] Squashing, setting PC to: (0x401000=>0x401008).(0=>1).
   1000: system.cpu.fetch: [tid:0] Squashing outstanding Icache miss.
   1000: system.cpu: Thread 0: Deleting instructions from instruction list.
   1000: system.cpu.fetch: Running stage.
   1000: system.cpu.fetch: There are no more threads available to fetch from.
   1000: system.cpu.fetch: [tid:0] Fetch is squashing!
   1000: system.cpu.fetch: [tid:0] Activating stage.
   1000: system.cpu: Activity: 3
   1000: system.cpu.decode: Processing [tid:0]
   1000: system.cpu.decode: [tid:0] Bypass moves from Rename: 0
   1000: system.cpu.decode: [tid:0] Squashing instructions due to squash from commit.
   1000: system.cpu.decode: [tid:0] Squashing.
   1000: system.cpu.rename: Processing [tid:0]
   1000: system.cpu.rename: [tid:0] Free IQ: 204, Free ROB: 512, Free LQ: 192, Free SQ: 114, FreeRM 63(473 464 511 1022 63 8 2555)
   1000: system.cpu.rename: [tid:0] 0 instructions not yet in ROB
   1000: system.cpu.rename: [tid:0] Squashing instructions due to squash from commit.
   1000: system.cpu.rename: [tid:0] [squash sn:0] Squashing instructions.
   1000: system.cpu.iew: Issue: Processing [tid:0]
   1000: system.cpu.iew: [tid:0] Squashing all instructions.
   1000: system.cpu.iq: [tid:0] Starting to squash instructions in the IQ.
   1000: system.cpu.iq: [tid:0] Squashing until sequence number 0!
   1000: system.cpu.iew.lsq.thread0: Squashing until [sn:0]!(Loads:0 Stores:0)
   1000: system.cpu.iew: Removing skidbuffer instructions until [sn:0] [tid:0]
   1000: system.cpu.iew: [tid:0] Removing incoming rename instructions
   1000: system.cpu.iq: Attempting to schedule ready instructions from the IQ.
   1000: system.cpu.iq: Not able to schedule any instructions.
   1000: system.cpu.iew: Processing [tid:0]
   1000: system.cpu.iew.lsq.thread0: LQ size: 192, #loads occupied: 0
   1000: system.cpu.iew.lsq.thread0: SQ size: 114, #stores occupied: 0
   1000: system.cpu.iew: [tid:0], Dispatch dispatched 0 instructions.
   1000: system.cpu.iew.lsq.thread0: SQ size: 114, #stores occupied: 0
   1000: system.cpu.iew.lsq.thread0: LQ size: 192, #loads occupied: 0
   1000: system.cpu.iew: IQ has 204 free entries (Can schedule: 0).  LQ has 192 free entries. SQ has 114 free entries.
   1000: system.cpu.iew: Activity this cycle.
   1000: system.cpu: Activity: 4
   1000: system.cpu.commit: Getting instructions from Rename stage.
   1000: system.cpu.commit: Trying to commit instructions in the ROB.
   1000: system.cpu.commit: [tid:0] ROB has 0 insts & 512 free entries.
   1000: system.cpu.commit: Deactivating stage.
   1000: system.cpu: Activity: 3
   1000: system.cpu: Scheduling next tick!
   2000: system.cpu: 

O3CPU: Ticking main, O3CPU.
   2000: system.cpu.fetch: [tid:0] Done squashing, switching to running.
   2000: system.cpu.fetch: Running stage.
   2000: system.cpu.fetch: Attempting to fetch from [tid:0]
   2000: system.cpu.fetch: [tid:0] Attempting to translate and read instruction, starting at PC (0x401000=>0x401008).(0=>1).
   2000: system.cpu.fetch: [tid:0] Fetching cache line 0x401000 for addr 0x401000
   2000: system.cpu: CPU already running.
   2000: system.cpu.fetch: Fetch: Doing instruction read.
   2000: system.cpu.fetch: [tid:0] Doing Icache access.
   2000: system.cpu.fetch: [tid:0] Activity: Waiting on I-cache response.
   2000: system.cpu.fetch: Deactivating stage.
   2000: system.cpu: Activity: 2
   2000: system.cpu.decode: Processing [tid:0]
   2000: system.cpu.decode: [tid:0] Bypass moves from Rename: 0
   2000: system.cpu.decode: [tid:0] Done squashing, switching to running.
   2000: system.cpu.decode: [tid:0] Not blocked, so attempting to run stage.
   2000: system.cpu.decode: [tid:0] Nothing to do, breaking out early.
   2000: system.cpu.rename: Processing [tid:0]
   2000: system.cpu.rename: [tid:0] Free IQ: 204, Free ROB: 512, Free LQ: 192, Free SQ: 114, FreeRM 63(473 464 511 1022 63 8 2555)
   2000: system.cpu.rename: [tid:0] 0 instructions not yet in ROB
   2000: system.cpu.rename: calcFreeLQEntries: free lqEntries: 192, loadsInProgress: 0, loads dispatchedToLQ: 0
   2000: system.cpu.rename: [tid:0] Done squashing, switching to running.
   2000: system.cpu.rename: [tid:0] Not blocked, so attempting to run stage.
   2000: system.cpu.rename: [tid:0] Nothing to do, breaking out early.
   2000: system.cpu.iew: Issue: Processing [tid:0]
   2000: system.cpu.iew: [tid:0] Done squashing, switching to running.
   2000: system.cpu.iew: [tid:0] Not blocked, so attempting to run dispatch.
   2000: system.cpu.iq: Attempting to schedule ready instructions from the IQ.
   2000: system.cpu.iq: Not able to schedule any instructions.
   2000: system.cpu.iew: Processing [tid:0]
   2000: system.cpu.iew: [tid:0], Dispatch dispatched 0 instructions.
   2000: system.cpu.iew.lsq.thread0: SQ size: 114, #stores occupied: 0
   2000: system.cpu.iew.lsq.thread0: LQ size: 192, #loads occupied: 0
   2000: system.cpu.iew: IQ has 204 free entries (Can schedule: 0).  LQ has 192 free entries. SQ has 114 free entries.
   2000: system.cpu.commit: Getting instructions from Rename stage.
   2000: system.cpu.commit: Trying to commit instructions in the ROB.
   2000: system.cpu.commit: [tid:0] ROB has 0 insts & 512 free entries.
   2000: system.cpu: Scheduling next tick!
   3000: system.cpu: 

O3CPU: Ticking main, O3CPU.
   3000: system.cpu.fetch: Running stage.
   3000: system.cpu.fetch: There are no more threads available to fetch from.
   3000: system.cpu.fetch: [tid:0] Fetch is waiting cache response!
   3000: system.cpu.decode: Processing [tid:0]
   3000: system.cpu.decode: [tid:0] Bypass moves from Rename: 0
   3000: system.cpu.decode: [tid:0] Not blocked, so attempting to run stage.
   3000: system.cpu.decode: [tid:0] Nothing to do, breaking out early.
   3000: system.cpu.rename: Processing [tid:0]
   3000: system.cpu.rename: [tid:0] Free IQ: 204, Free ROB: 512, Free LQ: 192, Free SQ: 114, FreeRM 63(473 464 511 1022 63 8 2555)
   3000: system.cpu.rename: [tid:0] 0 instructions not yet in ROB
   3000: system.cpu.rename: calcFreeLQEntries: free lqEntries: 192, loadsInProgress: 0, loads dispatchedToLQ: 0
   3000: system.cpu.rename: [tid:0] Not blocked, so attempting to run stage.
   3000: system.cpu.rename: [tid:0] Nothing to do, breaking out early.
   3000: system.cpu.iew: Issue: Processing [tid:0]
   3000: system.cpu.iew: [tid:0] Not blocked, so attempting to run dispatch.
   3000: system.cpu.iq: Attempting to schedule ready instructions from the IQ.
   3000: system.cpu.iq: Not able to schedule any instructions.
   3000: system.cpu.iew: Processing [tid:0]
   3000: system.cpu.iew: [tid:0], Dispatch dispatched 0 instructions.
   3000: system.cpu.iew.lsq.thread0: SQ size: 114, #stores occupied: 0
   3000: system.cpu.iew.lsq.thread0: LQ size: 192, #loads occupied: 0
   3000: system.cpu.iew: IQ has 204 free entries (Can schedule: 0).  LQ has 192 free entries. SQ has 114 free entries.
   3000: system.cpu.commit: Getting instructions from Rename stage.
   3000: system.cpu.commit: Trying to commit instructions in the ROB.
   3000: system.cpu.commit: [tid:0] ROB has 0 insts & 512 free entries.
   3000: system.cpu: Scheduling next tick!
   4000: system.cpu: 

O3CPU: Ticking main, O3CPU.
   4000: system.cpu.fetch: Running stage.
   4000: system.cpu.fetch: There are no more threads available to fetch from.
   4000: system.cpu.fetch: [tid:0] Fetch is waiting cache response!
   4000: system.cpu.decode: Processing [tid:0]
   4000: system.cpu.decode: [tid:0] Bypass moves from Rename: 0
   4000: system.cpu.decode: [tid:0] Not blocked, so attempting to run stage.
   4000: system.cpu.decode: [tid:0] Nothing to do, breaking out early.
   4000: system.cpu.rename: Processing [tid:0]
   4000: system.cpu.rename: [tid:0] Free IQ: 204, Free ROB: 512, Free LQ: 192, Free SQ: 114, FreeRM 63(473 464 511 1022 63 8 2555)
   4000: system.cpu.rename: [tid:0] 0 instructions not yet in ROB
   4000: system.cpu.rename: calcFreeLQEntries: free lqEntries: 192, loadsInProgress: 0, loads dispatchedToLQ: 0
   4000: system.cpu.rename: [tid:0] Not blocked, so attempting to run stage.
   4000: system.cpu.rename: [tid:0] Nothing to do, breaking out early.
   4000: system.cpu.iew: Issue: Processing [tid:0]
   4000: system.cpu.iew: [tid:0] Not blocked, so attempting to run dispatch.
   4000: system.cpu.iq: Attempting to schedule ready instructions from the IQ.
   4000: system.cpu.iq: Not able to schedule any instructions.
   4000: system.cpu.iew: Processing [tid:0]
   4000: system.cpu.iew: [tid:0], Dispatch dispatched 0 instructions.
   4000: system.cpu.iew.lsq.thread0: SQ size: 114, #stores occupied: 0
   4000: system.cpu.iew.lsq.thread0: LQ size: 192, #loads occupied: 0
   4000: system.cpu.iew: IQ has 204 free entries (Can schedule: 0).  LQ has 192 free entries. SQ has 114 free entries.
   4000: system.cpu.commit: Getting instructions from Rename stage.
   4000: system.cpu.commit: Trying to commit instructions in the ROB.
   4000: system.cpu.commit: [tid:0] ROB has 0 insts & 512 free entries.
   4000: system.cpu: Scheduling next tick!
   5000: system.cpu: 

O3CPU: Ticking main, O3CPU.
   5000: system.cpu.fetch: Running stage.
   5000: system.cpu.fetch: There are no more threads available to fetch from.
   5000: system.cpu.fetch: [tid:0] Fetch is waiting cache response!
   5000: system.cpu.decode: Processing [tid:0]
   5000: system.cpu.decode: [tid:0] Bypass moves from Rename: 0
   5000: system.cpu.decode: [tid:0] Not blocked, so attempting to run stage.
   5000: system.cpu.decode: [tid:0] Nothing to do, breaking out early.
   5000: system.cpu.rename: Processing [tid:0]
   5000: system.cpu.rename: [tid:0] Free IQ: 204, Free ROB: 512, Free LQ: 192, Free SQ: 114, FreeRM 63(473 464 511 1022 63 8 2555)
   5000: system.cpu.rename: [tid:0] 0 instructions not yet in ROB
   5000: system.cpu.rename: calcFreeLQEntries: free lqEntries: 192, loadsInProgress: 0, loads dispatchedToLQ: 0
   5000: system.cpu.rename: [tid:0] Not blocked, so attempting to run stage.
   5000: system.cpu.rename: [tid:0] Nothing to do, breaking out early.
   5000: system.cpu.iew: Issue: Processing [tid:0]
   5000: system.cpu.iew: [tid:0] Not blocked, so attempting to run dispatch.
   5000: system.cpu.iq: Attempting to schedule ready instructions from the IQ.
   5000: system.cpu.iq: Not able to schedule any instructions.
   5000: system.cpu.iew: Processing [tid:0]
   5000: system.cpu.iew: [tid:0], Dispatch dispatched 0 instructions.
   5000: system.cpu.iew.lsq.thread0: SQ size: 114, #stores occupied: 0
   5000: system.cpu.iew.lsq.thread0: LQ size: 192, #loads occupied: 0
   5000: system.cpu.iew: IQ has 204 free entries (Can schedule: 0).  LQ has 192 free entries. SQ has 114 free entries.
   5000: system.cpu.commit: Getting instructions from Rename stage.
   5000: system.cpu.commit: Trying to commit instructions in the ROB.
   5000: system.cpu.commit: [tid:0] ROB has 0 insts & 512 free entries.
   5000: system.cpu: Scheduling next tick!
   6000: system.cpu: 

O3CPU: Ticking main, O3CPU.
   6000: system.cpu.fetch: Running stage.
   6000: system.cpu.fetch: There are no more threads available to fetch from.
   6000: system.cpu.fetch: [tid:0] Fetch is waiting cache response!
   6000: system.cpu.decode: Processing [tid:0]
   6000: system.cpu.decode: [tid:0] Bypass moves from Rename: 0
   6000: system.cpu.decode: [tid:0] Not blocked, so attempting to run stage.
   6000: system.cpu.decode: [tid:0] Nothing to do, breaking out early.
   6000: system.cpu.rename: Processing [tid:0]
   6000: system.cpu.rename: [tid:0] Free IQ: 204, Free ROB: 512, Free LQ: 192, Free SQ: 114, FreeRM 63(473 464 511 1022 63 8 2555)
   6000: system.cpu.rename: [tid:0] 0 instructions not yet in ROB
   6000: system.cpu.rename: calcFreeLQEntries: free lqEntries: 192, loadsInProgress: 0, loads dispatchedToLQ: 0
   6000: system.cpu.rename: [tid:0] Not blocked, so attempting to run stage.
   6000: system.cpu.rename: [tid:0] Nothing to do, breaking out early.
   6000: system.cpu.iew: Issue: Processing [tid:0]
   6000: system.cpu.iew: [tid:0] Not blocked, so attempting to run dispatch.
   6000: system.cpu.iq: Attempting to schedule ready instructions from the IQ.
   6000: system.cpu.iq: Not able to schedule any instructions.
   6000: system.cpu.iew: Processing [tid:0]
   6000: system.cpu.iew: [tid:0], Dispatch dispatched 0 instructions.
   6000: system.cpu.iew.lsq.thread0: SQ size: 114, #stores occupied: 0
   6000: system.cpu.iew.lsq.thread0: LQ size: 192, #loads occupied: 0
   6000: system.cpu.iew: IQ has 204 free entries (Can schedule: 0).  LQ has 192 free entries. SQ has 114 free entries.
   6000: system.cpu.commit: Getting instructions from Rename stage.
   6000: system.cpu.commit: Trying to commit instructions in the ROB.
   6000: system.cpu.commit: [tid:0] ROB has 0 insts & 512 free entries.
   6000: system.cpu: Scheduling next tick!
   7000: system.cpu: 

O3CPU: Ticking main, O3CPU.
   7000: system.cpu.fetch: Running stage.
   7000: system.cpu.fetch: There are no more threads available to fetch from.
   7000: system.cpu.fetch: [tid:0] Fetch is waiting cache response!
   7000: system.cpu.decode: Processing [tid:0]
   7000: system.cpu.decode: [tid:0] Bypass moves from Rename: 0
   7000: system.cpu.decode: [tid:0] Not blocked, so attempting to run stage.
   7000: system.cpu.decode: [tid:0] Nothing to do, breaking out early.
   7000: system.cpu.rename: Processing [tid:0]
   7000: system.cpu.rename: [tid:0] Free IQ: 204, Free ROB: 512, Free LQ: 192, Free SQ: 114, FreeRM 63(473 464 511 1022 63 8 2555)
   7000: system.cpu.rename: [tid:0] 0 instructions not yet in ROB
   7000: system.cpu.rename: calcFreeLQEntries: free lqEntries: 192, loadsInProgress: 0, loads dispatchedToLQ: 0
   7000: system.cpu.rename: [tid:0] Not blocked, so attempting to run stage.
   7000: system.cpu.rename: [tid:0] Nothing to do, breaking out early.
   7000: system.cpu.iew: Issue: Processing [tid:0]
   7000: system.cpu.iew: [tid:0] Not blocked, so attempting to run dispatch.
   7000: system.cpu.iq: Attempting to schedule ready instructions from the IQ.
   7000: system.cpu.iq: Not able to schedule any instructions.
   7000: system.cpu.iew: Processing [tid:0]
   7000: system.cpu.iew: [tid:0], Dispatch dispatched 0 instructions.
   7000: system.cpu.iew.lsq.thread0: SQ size: 114, #stores occupied: 0
   7000: system.cpu.iew.lsq.thread0: LQ size: 192, #loads occupied: 0
   7000: system.cpu.iew: IQ has 204 free entries (Can schedule: 0).  LQ has 192 free entries. SQ has 114 free entries.
   7000: system.cpu.commit: Getting instructions from Rename stage.
   7000: system.cpu.commit: Trying to commit instructions in the ROB.
   7000: system.cpu.commit: [tid:0] ROB has 0 insts & 512 free entries.
   7000: system.cpu: Scheduling next tick!
   8000: system.cpu: 

O3CPU: Ticking main, O3CPU.
   8000: system.cpu.fetch: Running stage.
   8000: system.cpu.fetch: There are no more threads available to fetch from.
   8000: system.cpu.fetch: [tid:0] Fetch is waiting cache response!
   8000: system.cpu.decode: Processing [tid:0]
   8000: system.cpu.decode: [tid:0] Bypass moves from Rename: 0
   8000: system.cpu.decode: [tid:0] Not blocked, so attempting to run stage.
   8000: system.cpu.decode: [tid:0] Nothing to do, breaking out early.
   8000: system.cpu.rename: Processing [tid:0]
   8000: system.cpu.rename: [tid:0] Free IQ: 204, Free ROB: 512, Free LQ: 192, Free SQ: 114, FreeRM 63(473 464 511 1022 63 8 2555)
   8000: system.cpu.rename: [tid:0] 0 instructions not yet in ROB
   8000: system.cpu.rename: calcFreeLQEntries: free lqEntries: 192, loadsInProgress: 0, loads dispatchedToLQ: 0
   8000: system.cpu.rename: [tid:0] Not blocked, so attempting to run stage.
   8000: system.cpu.rename: [tid:0] Nothing to do, breaking out early.
   8000: system.cpu.iew: Issue: Processing [tid:0]
   8000: system.cpu.iew: [tid:0] Not blocked, so attempting to run dispatch.
   8000: system.cpu.iq: Attempting to schedule ready instructions from the IQ.
   8000: system.cpu.iq: Not able to schedule any instructions.
   8000: system.cpu.iew: Processing [tid:0]
   8000: system.cpu.iew: [tid:0], Dispatch dispatched 0 instructions.
   8000: system.cpu.iew.lsq.thread0: SQ size: 114, #stores occupied: 0
   8000: system.cpu.iew.lsq.thread0: LQ size: 192, #loads occupied: 0
   8000: system.cpu.iew: IQ has 204 free entries (Can schedule: 0).  LQ has 192 free entries. SQ has 114 free entries.
   8000: system.cpu.commit: Getting instructions from Rename stage.
   8000: system.cpu.commit: Trying to commit instructions in the ROB.
   8000: system.cpu.commit: [tid:0] ROB has 0 insts & 512 free entries.
   8000: system.cpu: Scheduling next tick!
   9000: system.cpu: 

O3CPU: Ticking main, O3CPU.
   9000: system.cpu.fetch: Running stage.
   9000: system.cpu.fetch: There are no more threads available to fetch from.
   9000: system.cpu.fetch: [tid:0] Fetch is waiting cache response!
   9000: system.cpu.decode: Processing [tid:0]
   9000: system.cpu.decode: [tid:0] Bypass moves from Rename: 0
   9000: system.cpu.decode: [tid:0] Not blocked, so attempting to run stage.
   9000: system.cpu.decode: [tid:0] Nothing to do, breaking out early.
   9000: system.cpu.rename: Processing [tid:0]
   9000: system.cpu.rename: [tid:0] Free IQ: 204, Free ROB: 512, Free LQ: 192, Free SQ: 114, FreeRM 63(473 464 511 1022 63 8 2555)
   9000: system.cpu.rename: [tid:0] 0 instructions not yet in ROB
   9000: system.cpu.rename: calcFreeLQEntries: free lqEntries: 192, loadsInProgress: 0, loads dispatchedToLQ: 0
   9000: system.cpu.rename: [tid:0] Not blocked, so attempting to run stage.
   9000: system.cpu.rename: [tid:0] Nothing to do, breaking out early.
   9000: system.cpu.iew: Issue: Processing [tid:0]
   9000: system.cpu.iew: [tid:0] Not blocked, so attempting to run dispatch.
   9000: system.cpu.iq: Attempting to schedule ready instructions from the IQ.
   9000: system.cpu.iq: Not able to schedule any instructions.
   9000: system.cpu.iew: Processing [tid:0]
   9000: system.cpu.iew: [tid:0], Dispatch dispatched 0 instructions.
   9000: system.cpu.iew.lsq.thread0: SQ size: 114, #stores occupied: 0
   9000: system.cpu.iew.lsq.thread0: LQ size: 192, #loads occupied: 0
   9000: system.cpu.iew: IQ has 204 free entries (Can schedule: 0).  LQ has 192 free entries. SQ has 114 free entries.
   9000: system.cpu.commit: Getting instructions from Rename stage.
   9000: system.cpu.commit: Trying to commit instructions in the ROB.
   9000: system.cpu.commit: [tid:0] ROB has 0 insts & 512 free entries.
   9000: system.cpu: Scheduling next tick!
  10000: system.cpu: 

O3CPU: Ticking main, O3CPU.
  10000: system.cpu.fetch: Running stage.
  10000: system.cpu.fetch: There are no more threads available to fetch from.
  10000: system.cpu.fetch: [tid:0] Fetch is waiting cache response!
  10000: system.cpu.decode: Processing [tid:0]
  10000: system.cpu.decode: [tid:0] Bypass moves from Rename: 0
  10000: system.cpu.decode: [tid:0] Not blocked, so attempting to run stage.
  10000: system.cpu.decode: [tid:0] Nothing to do, breaking out early.
  10000: system.cpu.rename: Processing [tid:0]
  10000: system.cpu.rename: [tid:0] Free IQ: 204, Free ROB: 512, Free LQ: 192, Free SQ: 114, FreeRM 63(473 464 511 1022 63 8 2555)
  10000: system.cpu.rename: [tid:0] 0 instructions not yet in ROB
  10000: system.cpu.rename: calcFreeLQEntries: free lqEntries: 192, loadsInProgress: 0, loads dispatchedToLQ: 0
  10000: system.cpu.rename: [tid:0] Not blocked, so attempting to run stage.
  10000: system.cpu.rename: [tid:0] Nothing to do, breaking out early.
  10000: system.cpu.iew: Issue: Processing [tid:0]
  10000: system.cpu.iew: [tid:0] Not blocked, so attempting to run dispatch.
  10000: system.cpu.iq: Attempting to schedule ready instructions from the IQ.
  10000: system.cpu.iq: Not able to schedule any instructions.
  10000: system.cpu.iew: Processing [tid:0]
  10000: system.cpu.iew: [tid:0], Dispatch dispatched 0 instructions.
  10000: system.cpu.iew.lsq.thread0: SQ size: 114, #stores occupied: 0
  10000: system.cpu.iew.lsq.thread0: LQ size: 192, #loads occupied: 0
  10000: system.cpu.iew: IQ has 204 free entries (Can schedule: 0).  LQ has 192 free entries. SQ has 114 free entries.
  10000: system.cpu.commit: Getting instructions from Rename stage.
  10000: system.cpu.commit: Trying to commit instructions in the ROB.
  10000: system.cpu.commit: [tid:0] ROB has 0 insts & 512 free entries.
  10000: system.cpu: Scheduling next tick!
  11000: system.cpu: 

O3CPU: Ticking main, O3CPU.
  11000: system.cpu.fetch: Running stage.
  11000: system.cpu.fetch: There are no more threads available to fetch from.
  11000: system.cpu.fetch: [tid:0] Fetch is waiting cache response!
  11000: system.cpu.decode: Processing [tid:0]
  11000: system.cpu.decode: [tid:0] Bypass moves from Rename: 0
  11000: system.cpu.decode: [tid:0] Not blocked, so attempting to run stage.
  11000: system.cpu.decode: [tid:0] Nothing to do, breaking out early.
  11000: system.cpu.rename: Processing [tid:0]
  11000: system.cpu.rename: [tid:0] Free IQ: 204, Free ROB: 512, Free LQ: 192, Free SQ: 114, FreeRM 63(473 464 511 1022 63 8 2555)
  11000: system.cpu.rename: [tid:0] 0 instructions not yet in ROB
  11000: system.cpu.rename: calcFreeLQEntries: free lqEntries: 192, loadsInProgress: 0, loads dispatchedToLQ: 0
  11000: system.cpu.rename: [tid:0] Not blocked, so attempting to run stage.
  11000: system.cpu.rename: [tid:0] Nothing to do, breaking out early.
  11000: system.cpu.iew: Issue: Processing [tid:0]
  11000: system.cpu.iew: [tid:0] Not blocked, so attempting to run dispatch.
  11000: system.cpu.iq: Attempting to schedule ready instructions from the IQ.
  11000: system.cpu.iq: Not able to schedule any instructions.
  11000: system.cpu.iew: Processing [tid:0]
  11000: system.cpu.iew: [tid:0], Dispatch dispatched 0 instructions.
  11000: system.cpu.iew.lsq.thread0: SQ size: 114, #stores occupied: 0
  11000: system.cpu.iew.lsq.thread0: LQ size: 192, #loads occupied: 0
  11000: system.cpu.iew: IQ has 204 free entries (Can schedule: 0).  LQ has 192 free entries. SQ has 114 free entries.
  11000: system.cpu.commit: Getting instructions from Rename stage.
  11000: system.cpu.commit: Trying to commit instructions in the ROB.
  11000: system.cpu.commit: [tid:0] ROB has 0 insts & 512 free entries.
  11000: system.cpu: Scheduling next tick!
  12000: system.cpu: 

O3CPU: Ticking main, O3CPU.
  12000: system.cpu.fetch: Running stage.
  12000: system.cpu.fetch: There are no more threads available to fetch from.
  12000: system.cpu.fetch: [tid:0] Fetch is waiting cache response!
  12000: system.cpu.decode: Processing [tid:0]
  12000: system.cpu.decode: [tid:0] Bypass moves from Rename: 0
  12000: system.cpu.decode: [tid:0] Not blocked, so attempting to run stage.
  12000: system.cpu.decode: [tid:0] Nothing to do, breaking out early.
  12000: system.cpu.rename: Processing [tid:0]
  12000: system.cpu.rename: [tid:0] Free IQ: 204, Free ROB: 512, Free LQ: 192, Free SQ: 114, FreeRM 63(473 464 511 1022 63 8 2555)
  12000: system.cpu.rename: [tid:0] 0 instructions not yet in ROB
  12000: system.cpu.rename: calcFreeLQEntries: free lqEntries: 192, loadsInProgress: 0, loads dispatchedToLQ: 0
  12000: system.cpu.rename: [tid:0] Not blocked, so attempting to run stage.
  12000: system.cpu.rename: [tid:0] Nothing to do, breaking out early.
  12000: system.cpu.iew: Issue: Processing [tid:0]
  12000: system.cpu.iew: [tid:0] Not blocked, so attempting to run dispatch.
  12000: system.cpu.iq: Attempting to schedule ready instructions from the IQ.
  12000: system.cpu.iq: Not able to schedule any instructions.
  12000: system.cpu.iew: Processing [tid:0]
  12000: system.cpu.iew: [tid:0], Dispatch dispatched 0 instructions.
  12000: system.cpu.iew.lsq.thread0: SQ size: 114, #stores occupied: 0
  12000: system.cpu.iew.lsq.thread0: LQ size: 192, #loads occupied: 0
  12000: system.cpu.iew: IQ has 204 free entries (Can schedule: 0).  LQ has 192 free entries. SQ has 114 free entries.
  12000: system.cpu.commit: Getting instructions from Rename stage.
  12000: system.cpu.commit: Trying to commit instructions in the ROB.
  12000: system.cpu.commit: [tid:0] ROB has 0 insts & 512 free entries.
  12000: system.cpu: Scheduling next tick!
  13000: system.cpu: 

O3CPU: Ticking main, O3CPU.
  13000: system.cpu.fetch: Running stage.
  13000: system.cpu.fetch: There are no more threads available to fetch from.
  13000: system.cpu.fetch: [tid:0] Fetch is waiting cache response!
  13000: system.cpu.decode: Processing [tid:0]
  13000: system.cpu.decode: [tid:0] Bypass moves from Rename: 0
  13000: system.cpu.decode: [tid:0] Not blocked, so attempting to run stage.
  13000: system.cpu.decode: [tid:0] Nothing to do, breaking out early.
  13000: system.cpu.rename: Processing [tid:0]
  13000: system.cpu.rename: [tid:0] Free IQ: 204, Free ROB: 512, Free LQ: 192, Free SQ: 114, FreeRM 63(473 464 511 1022 63 8 2555)
  13000: system.cpu.rename: [tid:0] 0 instructions not yet in ROB
  13000: system.cpu.rename: calcFreeLQEntries: free lqEntries: 192, loadsInProgress: 0, loads dispatchedToLQ: 0
  13000: system.cpu.rename: [tid:0] Not blocked, so attempting to run stage.
  13000: system.cpu.rename: [tid:0] Nothing to do, breaking out early.
  13000: system.cpu.iew: Issue: Processing [tid:0]
  13000: system.cpu.iew: [tid:0] Not blocked, so attempting to run dispatch.
  13000: system.cpu.iq: Attempting to schedule ready instructions from the IQ.
  13000: system.cpu.iq: Not able to schedule any instructions.
  13000: system.cpu.iew: Processing [tid:0]
  13000: system.cpu.iew: [tid:0], Dispatch dispatched 0 instructions.
  13000: system.cpu.iew.lsq.thread0: SQ size: 114, #stores occupied: 0
  13000: system.cpu.iew.lsq.thread0: LQ size: 192, #loads occupied: 0
  13000: system.cpu.iew: IQ has 204 free entries (Can schedule: 0).  LQ has 192 free entries. SQ has 114 free entries.
  13000: system.cpu.commit: Getting instructions from Rename stage.
  13000: system.cpu.commit: Trying to commit instructions in the ROB.
  13000: system.cpu.commit: [tid:0] ROB has 0 insts & 512 free entries.
  13000: system.cpu: Scheduling next tick!
  14000: system.cpu: 

O3CPU: Ticking main, O3CPU.
  14000: system.cpu.fetch: Running stage.
  14000: system.cpu.fetch: There are no more threads available to fetch from.
  14000: system.cpu.fetch: [tid:0] Fetch is waiting cache response!
  14000: system.cpu.decode: Processing [tid:0]
  14000: system.cpu.decode: [tid:0] Bypass moves from Rename: 0
  14000: system.cpu.decode: [tid:0] Not blocked, so attempting to run stage.
  14000: system.cpu.decode: [tid:0] Nothing to do, breaking out early.
  14000: system.cpu.rename: Processing [tid:0]
  14000: system.cpu.rename: [tid:0] Free IQ: 204, Free ROB: 512, Free LQ: 192, Free SQ: 114, FreeRM 63(473 464 511 1022 63 8 2555)
  14000: system.cpu.rename: [tid:0] 0 instructions not yet in ROB
  14000: system.cpu.rename: calcFreeLQEntries: free lqEntries: 192, loadsInProgress: 0, loads dispatchedToLQ: 0
  14000: system.cpu.rename: [tid:0] Not blocked, so attempting to run stage.
  14000: system.cpu.rename: [tid:0] Nothing to do, breaking out early.
  14000: system.cpu.iew: Issue: Processing [tid:0]
  14000: system.cpu.iew: [tid:0] Not blocked, so attempting to run dispatch.
  14000: system.cpu.iq: Attempting to schedule ready instructions from the IQ.
  14000: system.cpu.iq: Not able to schedule any instructions.
  14000: system.cpu.iew: Processing [tid:0]
  14000: system.cpu.iew: [tid:0], Dispatch dispatched 0 instructions.
  14000: system.cpu.iew.lsq.thread0: SQ size: 114, #stores occupied: 0
  14000: system.cpu.iew.lsq.thread0: LQ size: 192, #loads occupied: 0
  14000: system.cpu.iew: IQ has 204 free entries (Can schedule: 0).  LQ has 192 free entries. SQ has 114 free entries.
  14000: system.cpu.commit: Getting instructions from Rename stage.
  14000: system.cpu.commit: Trying to commit instructions in the ROB.
  14000: system.cpu.commit: [tid:0] ROB has 0 insts & 512 free entries.
  14000: system.cpu: Scheduling next tick!
  15000: system.cpu: 

O3CPU: Ticking main, O3CPU.
  15000: system.cpu.fetch: Running stage.
  15000: system.cpu.fetch: There are no more threads available to fetch from.
  15000: system.cpu.fetch: [tid:0] Fetch is waiting cache response!
  15000: system.cpu.decode: Processing [tid:0]
  15000: system.cpu.decode: [tid:0] Bypass moves from Rename: 0
  15000: system.cpu.decode: [tid:0] Not blocked, so attempting to run stage.
  15000: system.cpu.decode: [tid:0] Nothing to do, breaking out early.
  15000: system.cpu.rename: Processing [tid:0]
  15000: system.cpu.rename: [tid:0] Free IQ: 204, Free ROB: 512, Free LQ: 192, Free SQ: 114, FreeRM 63(473 464 511 1022 63 8 2555)
  15000: system.cpu.rename: [tid:0] 0 instructions not yet in ROB
  15000: system.cpu.rename: calcFreeLQEntries: free lqEntries: 192, loadsInProgress: 0, loads dispatchedToLQ: 0
  15000: system.cpu.rename: [tid:0] Not blocked, so attempting to run stage.
  15000: system.cpu.rename: [tid:0] Nothing to do, breaking out early.
  15000: system.cpu.iew: Issue: Processing [tid:0]
  15000: system.cpu.iew: [tid:0] Not blocked, so attempting to run dispatch.
  15000: system.cpu.iq: Attempting to schedule ready instructions from the IQ.
  15000: system.cpu.iq: Not able to schedule any instructions.
  15000: system.cpu.iew: Processing [tid:0]
  15000: system.cpu.iew: [tid:0], Dispatch dispatched 0 instructions.
  15000: system.cpu.iew.lsq.thread0: SQ size: 114, #stores occupied: 0
  15000: system.cpu.iew.lsq.thread0: LQ size: 192, #loads occupied: 0
  15000: system.cpu.iew: IQ has 204 free entries (Can schedule: 0).  LQ has 192 free entries. SQ has 114 free entries.
  15000: system.cpu.commit: Getting instructions from Rename stage.
  15000: system.cpu.commit: Trying to commit instructions in the ROB.
  15000: system.cpu.commit: [tid:0] ROB has 0 insts & 512 free entries.
  15000: system.cpu: Scheduling next tick!
  16000: system.cpu: 

O3CPU: Ticking main, O3CPU.
  16000: system.cpu.fetch: Running stage.
  16000: system.cpu.fetch: There are no more threads available to fetch from.
  16000: system.cpu.fetch: [tid:0] Fetch is waiting cache response!
  16000: system.cpu.decode: Processing [tid:0]
  16000: system.cpu.decode: [tid:0] Bypass moves from Rename: 0
  16000: system.cpu.decode: [tid:0] Not blocked, so attempting to run stage.
  16000: system.cpu.decode: [tid:0] Nothing to do, breaking out early.
  16000: system.cpu.rename: Processing [tid:0]
  16000: system.cpu.rename: [tid:0] Free IQ: 204, Free ROB: 512, Free LQ: 192, Free SQ: 114, FreeRM 63(473 464 511 1022 63 8 2555)
  16000: system.cpu.rename: [tid:0] 0 instructions not yet in ROB
  16000: system.cpu.rename: calcFreeLQEntries: free lqEntries: 192, loadsInProgress: 0, loads dispatchedToLQ: 0
  16000: system.cpu.rename: [tid:0] Not blocked, so attempting to run stage.
  16000: system.cpu.rename: [tid:0] Nothing to do, breaking out early.
  16000: system.cpu.iew: Issue: Processing [tid:0]
  16000: system.cpu.iew: [tid:0] Not blocked, so attempting to run dispatch.
  16000: system.cpu.iq: Attempting to schedule ready instructions from the IQ.
  16000: system.cpu.iq: Not able to schedule any instructions.
  16000: system.cpu.iew: Processing [tid:0]
  16000: system.cpu.iew: [tid:0], Dispatch dispatched 0 instructions.
  16000: system.cpu.iew.lsq.thread0: SQ size: 114, #stores occupied: 0
  16000: system.cpu.iew.lsq.thread0: LQ size: 192, #loads occupied: 0
  16000: system.cpu.iew: IQ has 204 free entries (Can schedule: 0).  LQ has 192 free entries. SQ has 114 free entries.
  16000: system.cpu.commit: Getting instructions from Rename stage.
  16000: system.cpu.commit: Trying to commit instructions in the ROB.
  16000: system.cpu.commit: [tid:0] ROB has 0 insts & 512 free entries.
  16000: system.cpu: Scheduling next tick!
  17000: system.cpu: 

O3CPU: Ticking main, O3CPU.
  17000: system.cpu.fetch: Running stage.
  17000: system.cpu.fetch: There are no more threads available to fetch from.
  17000: system.cpu.fetch: [tid:0] Fetch is waiting cache response!
  17000: system.cpu.decode: Processing [tid:0]
  17000: system.cpu.decode: [tid:0] Bypass moves from Rename: 0
  17000: system.cpu.decode: [tid:0] Not blocked, so attempting to run stage.
  17000: system.cpu.decode: [tid:0] Nothing to do, breaking out early.
  17000: system.cpu.rename: Processing [tid:0]
  17000: system.cpu.rename: [tid:0] Free IQ: 204, Free ROB: 512, Free LQ: 192, Free SQ: 114, FreeRM 63(473 464 511 1022 63 8 2555)
  17000: system.cpu.rename: [tid:0] 0 instructions not yet in ROB
  17000: system.cpu.rename: calcFreeLQEntries: free lqEntries: 192, loadsInProgress: 0, loads dispatchedToLQ: 0
  17000: system.cpu.rename: [tid:0] Not blocked, so attempting to run stage.
  17000: system.cpu.rename: [tid:0] Nothing to do, breaking out early.
  17000: system.cpu.iew: Issue: Processing [tid:0]
  17000: system.cpu.iew: [tid:0] Not blocked, so attempting to run dispatch.
  17000: system.cpu.iq: Attempting to schedule ready instructions from the IQ.
  17000: system.cpu.iq: Not able to schedule any instructions.
  17000: system.cpu.iew: Processing [tid:0]
  17000: system.cpu.iew: [tid:0], Dispatch dispatched 0 instructions.
  17000: system.cpu.iew.lsq.thread0: SQ size: 114, #stores occupied: 0
  17000: system.cpu.iew.lsq.thread0: LQ size: 192, #loads occupied: 0
  17000: system.cpu.iew: IQ has 204 free entries (Can schedule: 0).  LQ has 192 free entries. SQ has 114 free entries.
  17000: system.cpu.commit: Getting instructions from Rename stage.
  17000: system.cpu.commit: Trying to commit instructions in the ROB.
  17000: system.cpu.commit: [tid:0] ROB has 0 insts & 512 free entries.
  17000: system.cpu: Scheduling next tick!
  18000: system.cpu: 

O3CPU: Ticking main, O3CPU.
  18000: system.cpu.fetch: Running stage.
  18000: system.cpu.fetch: There are no more threads available to fetch from.
  18000: system.cpu.fetch: [tid:0] Fetch is waiting cache response!
  18000: system.cpu.decode: Processing [tid:0]
  18000: system.cpu.decode: [tid:0] Bypass moves from Rename: 0
  18000: system.cpu.decode: [tid:0] Not blocked, so attempting to run stage.
  18000: system.cpu.decode: [tid:0] Nothing to do, breaking out early.
  18000: system.cpu.rename: Processing [tid:0]
  18000: system.cpu.rename: [tid:0] Free IQ: 204, Free ROB: 512, Free LQ: 192, Free SQ: 114, FreeRM 63(473 464 511 1022 63 8 2555)
  18000: system.cpu.rename: [tid:0] 0 instructions not yet in ROB
  18000: system.cpu.rename: calcFreeLQEntries: free lqEntries: 192, loadsInProgress: 0, loads dispatchedToLQ: 0
  18000: system.cpu.rename: [tid:0] Not blocked, so attempting to run stage.
  18000: system.cpu.rename: [tid:0] Nothing to do, breaking out early.
  18000: system.cpu.iew: Issue: Processing [tid:0]
  18000: system.cpu.iew: [tid:0] Not blocked, so attempting to run dispatch.
  18000: system.cpu.iq: Attempting to schedule ready instructions from the IQ.
  18000: system.cpu.iq: Not able to schedule any instructions.
  18000: system.cpu.iew: Processing [tid:0]
  18000: system.cpu.iew: [tid:0], Dispatch dispatched 0 instructions.
  18000: system.cpu.iew.lsq.thread0: SQ size: 114, #stores occupied: 0
  18000: system.cpu.iew.lsq.thread0: LQ size: 192, #loads occupied: 0
  18000: system.cpu.iew: IQ has 204 free entries (Can schedule: 0).  LQ has 192 free entries. SQ has 114 free entries.
  18000: system.cpu.commit: Getting instructions from Rename stage.
  18000: system.cpu.commit: Trying to commit instructions in the ROB.
  18000: system.cpu.commit: [tid:0] ROB has 0 insts & 512 free entries.
  18000: system.cpu: Scheduling next tick!
  19000: system.cpu: 

O3CPU: Ticking main, O3CPU.
  19000: system.cpu.fetch: Running stage.
  19000: system.cpu.fetch: There are no more threads available to fetch from.
  19000: system.cpu.fetch: [tid:0] Fetch is waiting cache response!
  19000: system.cpu.decode: Processing [tid:0]
  19000: system.cpu.decode: [tid:0] Bypass moves from Rename: 0
  19000: system.cpu.decode: [tid:0] Not blocked, so attempting to run stage.
  19000: system.cpu.decode: [tid:0] Nothing to do, breaking out early.
  19000: system.cpu.rename: Processing [tid:0]
  19000: system.cpu.rename: [tid:0] Free IQ: 204, Free ROB: 512, Free LQ: 192, Free SQ: 114, FreeRM 63(473 464 511 1022 63 8 2555)
  19000: system.cpu.rename: [tid:0] 0 instructions not yet in ROB
  19000: system.cpu.rename: calcFreeLQEntries: free lqEntries: 192, loadsInProgress: 0, loads dispatchedToLQ: 0
  19000: system.cpu.rename: [tid:0] Not blocked, so attempting to run stage.
  19000: system.cpu.rename: [tid:0] Nothing to do, breaking out early.
  19000: system.cpu.iew: Issue: Processing [tid:0]
  19000: system.cpu.iew: [tid:0] Not blocked, so attempting to run dispatch.
  19000: system.cpu.iq: Attempting to schedule ready instructions from the IQ.
  19000: system.cpu.iq: Not able to schedule any instructions.
  19000: system.cpu.iew: Processing [tid:0]
  19000: system.cpu.iew: [tid:0], Dispatch dispatched 0 instructions.
  19000: system.cpu.iew.lsq.thread0: SQ size: 114, #stores occupied: 0
  19000: system.cpu.iew.lsq.thread0: LQ size: 192, #loads occupied: 0
  19000: system.cpu.iew: IQ has 204 free entries (Can schedule: 0).  LQ has 192 free entries. SQ has 114 free entries.
  19000: system.cpu.commit: Getting instructions from Rename stage.
  19000: system.cpu.commit: Trying to commit instructions in the ROB.
  19000: system.cpu.commit: [tid:0] ROB has 0 insts & 512 free entries.
  19000: system.cpu: Scheduling next tick!
  20000: system.cpu: 

O3CPU: Ticking main, O3CPU.
  20000: system.cpu.fetch: Running stage.
  20000: system.cpu.fetch: There are no more threads available to fetch from.
  20000: system.cpu.fetch: [tid:0] Fetch is waiting cache response!
  20000: system.cpu.decode: Processing [tid:0]
  20000: system.cpu.decode: [tid:0] Bypass moves from Rename: 0
  20000: system.cpu.decode: [tid:0] Not blocked, so attempting to run stage.
  20000: system.cpu.decode: [tid:0] Nothing to do, breaking out early.
  20000: system.cpu.rename: Processing [tid:0]
  20000: system.cpu.rename: [tid:0] Free IQ: 204, Free ROB: 512, Free LQ: 192, Free SQ: 114, FreeRM 63(473 464 511 1022 63 8 2555)
  20000: system.cpu.rename: [tid:0] 0 instructions not yet in ROB
  20000: system.cpu.rename: calcFreeLQEntries: free lqEntries: 192, loadsInProgress: 0, loads dispatchedToLQ: 0
  20000: system.cpu.rename: [tid:0] Not blocked, so attempting to run stage.
  20000: system.cpu.rename: [tid:0] Nothing to do, breaking out early.
  20000: system.cpu.iew: Issue: Processing [tid:0]
  20000: system.cpu.iew: [tid:0] Not blocked, so attempting to run dispatch.
  20000: system.cpu.iq: Attempting to schedule ready instructions from the IQ.
  20000: system.cpu.iq: Not able to schedule any instructions.
  20000: system.cpu.iew: Processing [tid:0]
  20000: system.cpu.iew: [tid:0], Dispatch dispatched 0 instructions.
  20000: system.cpu.iew.lsq.thread0: SQ size: 114, #stores occupied: 0
  20000: system.cpu.iew.lsq.thread0: LQ size: 192, #loads occupied: 0
  20000: system.cpu.iew: IQ has 204 free entries (Can schedule: 0).  LQ has 192 free entries. SQ has 114 free entries.
  20000: system.cpu.commit: Getting instructions from Rename stage.
  20000: system.cpu.commit: Trying to commit instructions in the ROB.
  20000: system.cpu.commit: [tid:0] ROB has 0 insts & 512 free entries.
  20000: system.cpu: Scheduling next tick!
  21000: system.cpu: 

O3CPU: Ticking main, O3CPU.
  21000: system.cpu.fetch: Running stage.
  21000: system.cpu.fetch: There are no more threads available to fetch from.
  21000: system.cpu.fetch: [tid:0] Fetch is waiting cache response!
  21000: system.cpu.decode: Processing [tid:0]
  21000: system.cpu.decode: [tid:0] Bypass moves from Rename: 0
  21000: system.cpu.decode: [tid:0] Not blocked, so attempting to run stage.
  21000: system.cpu.decode: [tid:0] Nothing to do, breaking out early.
  21000: system.cpu.rename: Processing [tid:0]
  21000: system.cpu.rename: [tid:0] Free IQ: 204, Free ROB: 512, Free LQ: 192, Free SQ: 114, FreeRM 63(473 464 511 1022 63 8 2555)
  21000: system.cpu.rename: [tid:0] 0 instructions not yet in ROB
  21000: system.cpu.rename: calcFreeLQEntries: free lqEntries: 192, loadsInProgress: 0, loads dispatchedToLQ: 0
  21000: system.cpu.rename: [tid:0] Not blocked, so attempting to run stage.
  21000: system.cpu.rename: [tid:0] Nothing to do, breaking out early.
  21000: system.cpu.iew: Issue: Processing [tid:0]
  21000: system.cpu.iew: [tid:0] Not blocked, so attempting to run dispatch.
  21000: system.cpu.iq: Attempting to schedule ready instructions from the IQ.
  21000: system.cpu.iq: Not able to schedule any instructions.
  21000: system.cpu.iew: Processing [tid:0]
  21000: system.cpu.iew: [tid:0], Dispatch dispatched 0 instructions.
  21000: system.cpu.iew.lsq.thread0: SQ size: 114, #stores occupied: 0
  21000: system.cpu.iew.lsq.thread0: LQ size: 192, #loads occupied: 0
  21000: system.cpu.iew: IQ has 204 free entries (Can schedule: 0).  LQ has 192 free entries. SQ has 114 free entries.
  21000: system.cpu.commit: Getting instructions from Rename stage.
  21000: system.cpu.commit: Trying to commit instructions in the ROB.
  21000: system.cpu.commit: [tid:0] ROB has 0 insts & 512 free entries.
  21000: system.cpu: Scheduling next tick!
  22000: system.cpu: 

O3CPU: Ticking main, O3CPU.
  22000: system.cpu.fetch: Running stage.
  22000: system.cpu.fetch: There are no more threads available to fetch from.
  22000: system.cpu.fetch: [tid:0] Fetch is waiting cache response!
  22000: system.cpu.decode: Processing [tid:0]
  22000: system.cpu.decode: [tid:0] Bypass moves from Rename: 0
  22000: system.cpu.decode: [tid:0] Not blocked, so attempting to run stage.
  22000: system.cpu.decode: [tid:0] Nothing to do, breaking out early.
  22000: system.cpu.rename: Processing [tid:0]
  22000: system.cpu.rename: [tid:0] Free IQ: 204, Free ROB: 512, Free LQ: 192, Free SQ: 114, FreeRM 63(473 464 511 1022 63 8 2555)
  22000: system.cpu.rename: [tid:0] 0 instructions not yet in ROB
  22000: system.cpu.rename: calcFreeLQEntries: free lqEntries: 192, loadsInProgress: 0, loads dispatchedToLQ: 0
  22000: system.cpu.rename: [tid:0] Not blocked, so attempting to run stage.
  22000: system.cpu.rename: [tid:0] Nothing to do, breaking out early.
  22000: system.cpu.iew: Issue: Processing [tid:0]
  22000: system.cpu.iew: [tid:0] Not blocked, so attempting to run dispatch.
  22000: system.cpu.iq: Attempting to schedule ready instructions from the IQ.
  22000: system.cpu.iq: Not able to schedule any instructions.
  22000: system.cpu.iew: Processing [tid:0]
  22000: system.cpu.iew: [tid:0], Dispatch dispatched 0 instructions.
  22000: system.cpu.iew.lsq.thread0: SQ size: 114, #stores occupied: 0
  22000: system.cpu.iew.lsq.thread0: LQ size: 192, #loads occupied: 0
  22000: system.cpu.iew: IQ has 204 free entries (Can schedule: 0).  LQ has 192 free entries. SQ has 114 free entries.
  22000: system.cpu.commit: Getting instructions from Rename stage.
  22000: system.cpu.commit: Trying to commit instructions in the ROB.
  22000: system.cpu.commit: [tid:0] ROB has 0 insts & 512 free entries.
  22000: system.cpu: Scheduling next tick!
  23000: system.cpu: 

O3CPU: Ticking main, O3CPU.
  23000: system.cpu.fetch: Running stage.
  23000: system.cpu.fetch: There are no more threads available to fetch from.
  23000: system.cpu.fetch: [tid:0] Fetch is waiting cache response!
  23000: system.cpu.decode: Processing [tid:0]
  23000: system.cpu.decode: [tid:0] Bypass moves from Rename: 0
  23000: system.cpu.decode: [tid:0] Not blocked, so attempting to run stage.
  23000: system.cpu.decode: [tid:0] Nothing to do, breaking out early.
  23000: system.cpu.rename: Processing [tid:0]
  23000: system.cpu.rename: [tid:0] Free IQ: 204, Free ROB: 512, Free LQ: 192, Free SQ: 114, FreeRM 63(473 464 511 1022 63 8 2555)
  23000: system.cpu.rename: [tid:0] 0 instructions not yet in ROB
  23000: system.cpu.rename: calcFreeLQEntries: free lqEntries: 192, loadsInProgress: 0, loads dispatchedToLQ: 0
  23000: system.cpu.rename: [tid:0] Not blocked, so attempting to run stage.
  23000: system.cpu.rename: [tid:0] Nothing to do, breaking out early.
  23000: system.cpu.iew: Issue: Processing [tid:0]
  23000: system.cpu.iew: [tid:0] Not blocked, so attempting to run dispatch.
  23000: system.cpu.iq: Attempting to schedule ready instructions from the IQ.
  23000: system.cpu.iq: Not able to schedule any instructions.
  23000: system.cpu.iew: Processing [tid:0]
  23000: system.cpu.iew: [tid:0], Dispatch dispatched 0 instructions.
  23000: system.cpu.iew.lsq.thread0: SQ size: 114, #stores occupied: 0
  23000: system.cpu.iew.lsq.thread0: LQ size: 192, #loads occupied: 0
  23000: system.cpu.iew: IQ has 204 free entries (Can schedule: 0).  LQ has 192 free entries. SQ has 114 free entries.
  23000: system.cpu.commit: Getting instructions from Rename stage.
  23000: system.cpu.commit: Trying to commit instructions in the ROB.
  23000: system.cpu.commit: [tid:0] ROB has 0 insts & 512 free entries.
  23000: system.cpu: Scheduling next tick!
  24000: system.cpu: 

O3CPU: Ticking main, O3CPU.
  24000: system.cpu.fetch: Running stage.
  24000: system.cpu.fetch: There are no more threads available to fetch from.
  24000: system.cpu.fetch: [tid:0] Fetch is waiting cache response!
  24000: system.cpu.decode: Processing [tid:0]
  24000: system.cpu.decode: [tid:0] Bypass moves from Rename: 0
  24000: system.cpu.decode: [tid:0] Not blocked, so attempting to run stage.
  24000: system.cpu.decode: [tid:0] Nothing to do, breaking out early.
  24000: system.cpu.rename: Processing [tid:0]
  24000: system.cpu.rename: [tid:0] Free IQ: 204, Free ROB: 512, Free LQ: 192, Free SQ: 114, FreeRM 63(473 464 511 1022 63 8 2555)
  24000: system.cpu.rename: [tid:0] 0 instructions not yet in ROB
  24000: system.cpu.rename: calcFreeLQEntries: free lqEntries: 192, loadsInProgress: 0, loads dispatchedToLQ: 0
  24000: system.cpu.rename: [tid:0] Not blocked, so attempting to run stage.
  24000: system.cpu.rename: [tid:0] Nothing to do, breaking out early.
  24000: system.cpu.iew: Issue: Processing [tid:0]
  24000: system.cpu.iew: [tid:0] Not blocked, so attempting to run dispatch.
  24000: system.cpu.iq: Attempting to schedule ready instructions from the IQ.
  24000: system.cpu.iq: Not able to schedule any instructions.
  24000: system.cpu.iew: Processing [tid:0]
  24000: system.cpu.iew: [tid:0], Dispatch dispatched 0 instructions.
  24000: system.cpu.iew.lsq.thread0: SQ size: 114, #stores occupied: 0
  24000: system.cpu.iew.lsq.thread0: LQ size: 192, #loads occupied: 0
  24000: system.cpu.iew: IQ has 204 free entries (Can schedule: 0).  LQ has 192 free entries. SQ has 114 free entries.
  24000: system.cpu.commit: Getting instructions from Rename stage.
  24000: system.cpu.commit: Trying to commit instructions in the ROB.
  24000: system.cpu.commit: [tid:0] ROB has 0 insts & 512 free entries.
  24000: system.cpu: Activity: 1
  24000: system.cpu: Scheduling next tick!
  25000: system.cpu: 

O3CPU: Ticking main, O3CPU.
  25000: system.cpu.fetch: Running stage.
  25000: system.cpu.fetch: There are no more threads available to fetch from.
  25000: system.cpu.fetch: [tid:0] Fetch is waiting cache response!
  25000: system.cpu.decode: Processing [tid:0]
  25000: system.cpu.decode: [tid:0] Bypass moves from Rename: 0
  25000: system.cpu.decode: [tid:0] Not blocked, so attempting to run stage.
  25000: system.cpu.decode: [tid:0] Nothing to do, breaking out early.
  25000: system.cpu.rename: Processing [tid:0]
  25000: system.cpu.rename: [tid:0] Free IQ: 204, Free ROB: 512, Free LQ: 192, Free SQ: 114, FreeRM 63(473 464 511 1022 63 8 2555)
  25000: system.cpu.rename: [tid:0] 0 instructions not yet in ROB
  25000: system.cpu.rename: calcFreeLQEntries: free lqEntries: 192, loadsInProgress: 0, loads dispatchedToLQ: 0
  25000: system.cpu.rename: [tid:0] Not blocked, so attempting to run stage.
  25000: system.cpu.rename: [tid:0] Nothing to do, breaking out early.
  25000: system.cpu.iew: Issue: Processing [tid:0]
  25000: system.cpu.iew: [tid:0] Not blocked, so attempting to run dispatch.
  25000: system.cpu.iq: Attempting to schedule ready instructions from the IQ.
  25000: system.cpu.iq: Not able to schedule any instructions.
  25000: system.cpu.iew: Processing [tid:0]
  25000: system.cpu.iew: [tid:0], Dispatch dispatched 0 instructions.
  25000: system.cpu.iew.lsq.thread0: SQ size: 114, #stores occupied: 0
  25000: system.cpu.iew.lsq.thread0: LQ size: 192, #loads occupied: 0
  25000: system.cpu.iew: IQ has 204 free entries (Can schedule: 0).  LQ has 192 free entries. SQ has 114 free entries.
  25000: system.cpu.commit: Getting instructions from Rename stage.
  25000: system.cpu.commit: Trying to commit instructions in the ROB.
  25000: system.cpu.commit: [tid:0] ROB has 0 insts & 512 free entries.
  25000: system.cpu: Activity: 0
  25000: system.cpu: No activity left!
  25000: system.cpu: Idle!
  57001: system.cpu.icache_port: Fetch unit received timing
  57001: system.cpu.fetch: [tid:0] Waking up from cache miss.
  57002: system.cpu.icache_port: Fetch unit received timing
  57002: system.cpu.fetch: [tid:0] Waking up from cache miss.
  57002: system.cpu: Waking up CPU
  57002: system.cpu.fetch: [tid:0] Activating fetch due to cache completion
  57002: system.cpu.fetch: Activating stage.
  57002: system.cpu: Activity: 1
  58000: system.cpu: 

O3CPU: Ticking main, O3CPU.
  58000: system.cpu.fetch: Running stage.
  58000: system.cpu.fetch: Attempting to fetch from [tid:0]
  58000: system.cpu.fetch: [tid:0] Icache miss is complete.
  58000: system.cpu.fetch: [tid:0] Adding instructions to queue to decode.
  58000: system.cpu.decoder: Decode: Decoded sub instruction: 
{
	leg = 0,
	rex = 0x48,
	vex/xop = 0,
	op = {
		type = one byte,
		op = 0x83,
		},
	modRM = 0xec,
	sib = 0,
	immediate = 0x10,
	displacement = 0
	dispSize = 0}

  58000: global: DynInst: [sn:10] Instruction created. Instcount for system.cpu = 1
  58000: system.cpu.fetch: [tid:0] Instruction PC (0x401000=>0x401004).(0=>1) created [sn:10].
  58000: system.cpu.fetch: [tid:0] Instruction is:   SUB_R_I : limm   t1, 0x10
  58000: system.cpu.fetch: [tid:0] Fetch queue entry created (1/128).
  58000: global: DynInst: [sn:20] Instruction created. Instcount for system.cpu = 2
  58000: system.cpu.fetch: [tid:0] Instruction PC (0x401000=>0x401004).(1=>2) created [sn:20].
  58000: system.cpu.fetch: [tid:0] Instruction is:   SUB_R_I : sub   rsp, rsp, t1
  58000: system.cpu.fetch: [tid:0] Fetch queue entry created (2/128).
  58000: system.cpu.decoder: Decode: Decoded mov instruction: 
{
	leg = 0,
	rex = 0,
	vex/xop = 0,
	op = {
		type = one byte,
		op = 0xc7,
		},
	modRM = 0x4,
	sib = 0x24,
	immediate = 0x5,
	displacement = 0
	dispSize = 0}

  58000: global: DynInst: [sn:30] Instruction created. Instcount for system.cpu = 3
  58000: system.cpu.fetch: [tid:0] Instruction PC (0x401004=>0x40100b).(0=>1) created [sn:30].
  58000: system.cpu.fetch: [tid:0] Instruction is:   MOV_M_I : limm   t1d, 0x5
  58000: system.cpu.fetch: [tid:0] Fetch queue entry created (3/128).
  58000: global: DynInst: [sn:40] Instruction created. Instcount for system.cpu = 4
  58000: system.cpu.fetch: [tid:0] Instruction PC (0x401004=>0x40100b).(1=>2) created [sn:40].
  58000: system.cpu.fetch: [tid:0] Instruction is:   MOV_M_I : st   t1d, SS:[t0 + rsp]
  58000: system.cpu.fetch: [tid:0] Fetch queue entry created (4/128).
  58000: system.cpu.decoder: Decode: Decoded mov instruction: 
{
	leg = 0,
	rex = 0,
	vex/xop = 0,
	op = {
		type = one byte,
		op = 0xc7,
		},
	modRM = 0x44,
	sib = 0x24,
	immediate = 0xa,
	displacement = 0x4
	dispSize = 1}

  58000: global: DynInst: [sn:50] Instruction created. Instcount for system.cpu = 5
  58000: system.cpu.fetch: [tid:0] Instruction PC (0x40100b=>0x401013).(0=>1) created [sn:50].
  58000: system.cpu.fetch: [tid:0] Instruction is:   MOV_M_I : limm   t1d, 0xa
  58000: system.cpu.fetch: [tid:0] Fetch queue entry created (5/128).
  58000: global: DynInst: [sn:60] Instruction created. Instcount for system.cpu = 6
  58000: system.cpu.fetch: [tid:0] Instruction PC (0x40100b=>0x401013).(1=>2) created [sn:60].
  58000: system.cpu.fetch: [tid:0] Instruction is:   MOV_M_I : st   t1d, SS:[t0 + rsp + 0x4]
  58000: system.cpu.fetch: [tid:0] Fetch queue entry created (6/128).
  58000: system.cpu.fetch: [tid:0] Done fetching, reached fetch bandwidth for this cycle.
  58000: system.cpu.fetch: [tid:0] [sn:10] Sending instruction to decode from fetch queue. Fetch queue size: 6.
  58000: system.cpu.fetch: [tid:0] [sn:20] Sending instruction to decode from fetch queue. Fetch queue size: 5.
  58000: system.cpu.fetch: [tid:0] [sn:30] Sending instruction to decode from fetch queue. Fetch queue size: 4.
  58000: system.cpu.fetch: [tid:0] [sn:40] Sending instruction to decode from fetch queue. Fetch queue size: 3.
  58000: system.cpu.fetch: [tid:0] [sn:50] Sending instruction to decode from fetch queue. Fetch queue size: 2.
  58000: system.cpu.fetch: [tid:0] [sn:60] Sending instruction to decode from fetch queue. Fetch queue size: 1.
  58000: system.cpu.fetch: Activity this cycle.
  58000: system.cpu: Activity: 2
  58000: system.cpu.decode: Processing [tid:0]
  58000: system.cpu.decode: [tid:0] Bypass moves from Rename: 0
  58000: system.cpu.decode: [tid:0] Not blocked, so attempting to run stage.
  58000: system.cpu.decode: [tid:0] Nothing to do, breaking out early.
  58000: system.cpu.rename: Processing [tid:0]
  58000: system.cpu.rename: [tid:0] Free IQ: 204, Free ROB: 512, Free LQ: 192, Free SQ: 114, FreeRM 63(473 464 511 1022 63 8 2555)
  58000: system.cpu.rename: [tid:0] 0 instructions not yet in ROB
  58000: system.cpu.rename: calcFreeLQEntries: free lqEntries: 192, loadsInProgress: 0, loads dispatchedToLQ: 0
  58000: system.cpu.rename: [tid:0] Not blocked, so attempting to run stage.
  58000: system.cpu.rename: [tid:0] Nothing to do, breaking out early.
  58000: system.cpu.iew: Issue: Processing [tid:0]
  58000: system.cpu.iew: [tid:0] Not blocked, so attempting to run dispatch.
  58000: system.cpu.iq: Attempting to schedule ready instructions from the IQ.
  58000: system.cpu.iq: Not able to schedule any instructions.
  58000: system.cpu.iew: Processing [tid:0]
  58000: system.cpu.iew: [tid:0], Dispatch dispatched 0 instructions.
  58000: system.cpu.iew.lsq.thread0: SQ size: 114, #stores occupied: 0
  58000: system.cpu.iew.lsq.thread0: LQ size: 192, #loads occupied: 0
  58000: system.cpu.iew: IQ has 204 free entries (Can schedule: 0).  LQ has 192 free entries. SQ has 114 free entries.
  58000: system.cpu.commit: Getting instructions from Rename stage.
  58000: system.cpu.commit: Trying to commit instructions in the ROB.
  58000: system.cpu.commit: [tid:0] ROB has 0 insts & 512 free entries.
  58000: system.cpu: Scheduling next tick!
  59000: system.cpu: 

O3CPU: Ticking main, O3CPU.
  59000: system.cpu.fetch: Running stage.
  59000: system.cpu.fetch: Attempting to fetch from [tid:0]
  59000: system.cpu.fetch: [tid:0] Adding instructions to queue to decode.
  59000: system.cpu.decoder: Decode: Decoded mov instruction: 
{
	leg = 0,
	rex = 0,
	vex/xop = 0,
	op = {
		type = one byte,
		op = 0xc7,
		},
	modRM = 0x44,
	sib = 0x24,
	immediate = 0xf,
	displacement = 0x8
	dispSize = 1}

  59000: global: DynInst: [sn:70] Instruction created. Instcount for system.cpu = 7
  59000: system.cpu.fetch: [tid:0] Instruction PC (0x401013=>0x40101b).(0=>1) created [sn:70].
  59000: system.cpu.fetch: [tid:0] Instruction is:   MOV_M_I : limm   t1d, 0xf
  59000: system.cpu.fetch: [tid:0] Fetch queue entry created (1/128).
  59000: global: DynInst: [sn:80] Instruction created. Instcount for system.cpu = 8
  59000: system.cpu.fetch: [tid:0] Instruction PC (0x401013=>0x40101b).(1=>2) created [sn:80].
  59000: system.cpu.fetch: [tid:0] Instruction is:   MOV_M_I : st   t1d, SS:[t0 + rsp + 0x8]
  59000: system.cpu.fetch: [tid:0] Fetch queue entry created (2/128).
  59000: system.cpu.decoder: Decode: Decoded mov instruction: 
{
	leg = 0,
	rex = 0,
	vex/xop = 0,
	op = {
		type = one byte,
		op = 0xc7,
		},
	modRM = 0x44,
	sib = 0x24,
	immediate = 0x14,
	displacement = 0xc
	dispSize = 1}

  59000: global: DynInst: [sn:90] Instruction created. Instcount for system.cpu = 9
  59000: system.cpu.fetch: [tid:0] Instruction PC (0x40101b=>0x401023).(0=>1) created [sn:90].
  59000: system.cpu.fetch: [tid:0] Instruction is:   MOV_M_I : limm   t1d, 0x14
  59000: system.cpu.fetch: [tid:0] Fetch queue entry created (3/128).
  59000: global: DynInst: [sn:100] Instruction created. Instcount for system.cpu = 10
  59000: system.cpu.fetch: [tid:0] Instruction PC (0x40101b=>0x401023).(1=>2) created [sn:100].
  59000: system.cpu.fetch: [tid:0] Instruction is:   MOV_M_I : st   t1d, SS:[t0 + rsp + 0xc]
  59000: system.cpu.fetch: [tid:0] Fetch queue entry created (4/128).
  59000: system.cpu.decoder: Decode: Decoded mov instruction: 
{
	leg = 0,
	rex = 0,
	vex/xop = 0,
	op = {
		type = one byte,
		op = 0x8b,
		},
	modRM = 0x4,
	sib = 0x24,
	immediate = 0,
	displacement = 0
	dispSize = 0}

  59000: global: DynInst: [sn:110] Instruction created. Instcount for system.cpu = 11
  59000: system.cpu.fetch: [tid:0] Instruction PC (0x401023=>0x401026).(0=>1) created [sn:110].
  59000: system.cpu.fetch: [tid:0] Instruction is:   MOV_R_M : ld   eax, SS:[t0 + rsp]
  59000: system.cpu.fetch: [tid:0] Fetch queue entry created (5/128).
  59000: system.cpu.decoder: Decode: Decoded mov instruction: 
{
	leg = 0,
	rex = 0,
	vex/xop = 0,
	op = {
		type = one byte,
		op = 0x8b,
		},
	modRM = 0x74,
	sib = 0x24,
	immediate = 0,
	displacement = 0x4
	dispSize = 1}

  59000: global: DynInst: [sn:120] Instruction created. Instcount for system.cpu = 12
  59000: system.cpu.fetch: [tid:0] Instruction PC (0x401026=>0x40102a).(0=>1) created [sn:120].
  59000: system.cpu.fetch: [tid:0] Instruction is:   MOV_R_M : ld   esi, SS:[t0 + rsp + 0x4]
  59000: system.cpu.fetch: [tid:0] Fetch queue entry created (6/128).
  59000: system.cpu.fetch: [tid:0] Done fetching, reached fetch bandwidth for this cycle.
  59000: system.cpu.fetch: [tid:0] [sn:70] Sending instruction to decode from fetch queue. Fetch queue size: 6.
  59000: system.cpu.fetch: [tid:0] [sn:80] Sending instruction to decode from fetch queue. Fetch queue size: 5.
  59000: system.cpu.fetch: [tid:0] [sn:90] Sending instruction to decode from fetch queue. Fetch queue size: 4.
  59000: system.cpu.fetch: [tid:0] [sn:100] Sending instruction to decode from fetch queue. Fetch queue size: 3.
  59000: system.cpu.fetch: [tid:0] [sn:110] Sending instruction to decode from fetch queue. Fetch queue size: 2.
  59000: system.cpu.fetch: [tid:0] [sn:120] Sending instruction to decode from fetch queue. Fetch queue size: 1.
  59000: system.cpu.fetch: Activity this cycle.
  59000: system.cpu: Activity: 3
  59000: system.cpu.decode: Processing [tid:0]
  59000: system.cpu.decode: [tid:0] Bypass moves from Rename: 0
  59000: system.cpu.decode: [tid:0] Not blocked, so attempting to run stage.
  59000: system.cpu.decode: [tid:0] Sending instruction to rename.
  59000: system.cpu.decode: [tid:0] Processing instruction [sn:10] with PC (0x401000=>0x401004).(0=>1)
  59000: system.cpu.decode: [tid:0] Processing instruction [sn:20] with PC (0x401000=>0x401004).(1=>2)
  59000: system.cpu.decode: [tid:0] Processing instruction [sn:30] with PC (0x401004=>0x40100b).(0=>1)
  59000: system.cpu.decode: [tid:0] Processing instruction [sn:40] with PC (0x401004=>0x40100b).(1=>2)
  59000: system.cpu.decode: [tid:0] Processing instruction [sn:50] with PC (0x40100b=>0x401013).(0=>1)
  59000: system.cpu.decode: [tid:0] Processing instruction [sn:60] with PC (0x40100b=>0x401013).(1=>2)
  59000: system.cpu.decode: Activity this cycle.
  59000: system.cpu.rename: Processing [tid:0]
  59000: system.cpu.rename: [tid:0] Free IQ: 204, Free ROB: 512, Free LQ: 192, Free SQ: 114, FreeRM 63(473 464 511 1022 63 8 2555)
  59000: system.cpu.rename: [tid:0] 0 instructions not yet in ROB
  59000: system.cpu.rename: calcFreeLQEntries: free lqEntries: 192, loadsInProgress: 0, loads dispatchedToLQ: 0
  59000: system.cpu.rename: [tid:0] Not blocked, so attempting to run stage.
  59000: system.cpu.rename: [tid:0] Nothing to do, breaking out early.
  59000: system.cpu.iew: Issue: Processing [tid:0]
  59000: system.cpu.iew: [tid:0] Not blocked, so attempting to run dispatch.
  59000: system.cpu.iq: Attempting to schedule ready instructions from the IQ.
  59000: system.cpu.iq: Not able to schedule any instructions.
  59000: system.cpu.iew: Processing [tid:0]
  59000: system.cpu.iew: [tid:0], Dispatch dispatched 0 instructions.
  59000: system.cpu.iew.lsq.thread0: SQ size: 114, #stores occupied: 0
  59000: system.cpu.iew.lsq.thread0: LQ size: 192, #loads occupied: 0
  59000: system.cpu.iew: IQ has 204 free entries (Can schedule: 0).  LQ has 192 free entries. SQ has 114 free entries.
  59000: system.cpu.commit: Getting instructions from Rename stage.
  59000: system.cpu.commit: Trying to commit instructions in the ROB.
  59000: system.cpu.commit: [tid:0] ROB has 0 insts & 512 free entries.
  59000: system.cpu: Scheduling next tick!
  60000: system.cpu: 

O3CPU: Ticking main, O3CPU.
  60000: system.cpu.fetch: Running stage.
  60000: system.cpu.fetch: Attempting to fetch from [tid:0]
  60000: system.cpu.fetch: [tid:0] Adding instructions to queue to decode.
  60000: system.cpu.decoder: Decode: Decoded mov instruction: 
{
	leg = 0,
	rex = 0,
	vex/xop = 0,
	op = {
		type = one byte,
		op = 0x8b,
		},
	modRM = 0x4c,
	sib = 0x24,
	immediate = 0,
	displacement = 0x8
	dispSize = 1}

  60000: global: DynInst: [sn:130] Instruction created. Instcount for system.cpu = 13
  60000: system.cpu.fetch: [tid:0] Instruction PC (0x40102a=>0x40102e).(0=>1) created [sn:130].
  60000: system.cpu.fetch: [tid:0] Instruction is:   MOV_R_M : ld   ecx, SS:[t0 + rsp + 0x8]
  60000: system.cpu.fetch: [tid:0] Fetch queue entry created (1/128).
  60000: system.cpu.decoder: Decode: Decoded mov instruction: 
{
	leg = 0,
	rex = 0,
	vex/xop = 0,
	op = {
		type = one byte,
		op = 0x8b,
		},
	modRM = 0x54,
	sib = 0x24,
	immediate = 0,
	displacement = 0xc
	dispSize = 1}

  60000: global: DynInst: [sn:140] Instruction created. Instcount for system.cpu = 14
  60000: system.cpu.fetch: [tid:0] Instruction PC (0x40102e=>0x401032).(0=>1) created [sn:140].
  60000: system.cpu.fetch: [tid:0] Instruction is:   MOV_R_M : ld   edx, SS:[t0 + rsp + 0xc]
  60000: system.cpu.fetch: [tid:0] Fetch queue entry created (2/128).
  60000: system.cpu.decoder: Decode: Decoded add instruction: 
{
	leg = 0,
	rex = 0,
	vex/xop = 0,
	op = {
		type = one byte,
		op = 0x1,
		},
	modRM = 0xc6,
	sib = 0,
	immediate = 0,
	displacement = 0
	dispSize = 0}

  60000: global: DynInst: [sn:150] Instruction created. Instcount for system.cpu = 15
  60000: system.cpu.fetch: [tid:0] Instruction PC (0x401032=>0x401034).(0=>1) created [sn:150].
  60000: system.cpu.fetch: [tid:0] Instruction is:   ADD_R_R : add   esi, esi, eax
  60000: system.cpu.fetch: [tid:0] Fetch queue entry created (3/128).
  60000: system.cpu.decoder: Decode: Decoded add instruction: 
{
	leg = 0,
	rex = 0,
	vex/xop = 0,
	op = {
		type = one byte,
		op = 0x1,
		},
	modRM = 0xca,
	sib = 0,
	immediate = 0,
	displacement = 0
	dispSize = 0}

  60000: global: DynInst: [sn:160] Instruction created. Instcount for system.cpu = 16
  60000: system.cpu.fetch: [tid:0] Instruction PC (0x401034=>0x401036).(0=>1) created [sn:160].
  60000: system.cpu.fetch: [tid:0] Instruction is:   ADD_R_R : add   edx, edx, ecx
  60000: system.cpu.fetch: [tid:0] Fetch queue entry created (4/128).
  60000: system.cpu.decoder: Decode: Decoded sub instruction: 
{
	leg = 0,
	rex = 0,
	vex/xop = 0,
	op = {
		type = one byte,
		op = 0x29,
		},
	modRM = 0xf2,
	sib = 0,
	immediate = 0,
	displacement = 0
	dispSize = 0}

  60000: global: DynInst: [sn:170] Instruction created. Instcount for system.cpu = 17
  60000: system.cpu.fetch: [tid:0] Instruction PC (0x401036=>0x401038).(0=>1) created [sn:170].
  60000: system.cpu.fetch: [tid:0] Instruction is:   SUB_R_R : sub   edx, edx, esi
  60000: system.cpu.fetch: [tid:0] Fetch queue entry created (5/128).
  60000: system.cpu.decoder: Decode: Decoded add instruction: 
{
	leg = 0,
	rex = 0x48,
	vex/xop = 0,
	op = {
		type = one byte,
		op = 0x83,
		},
	modRM = 0xc4,
	sib = 0,
	immediate = 0x10,
	displacement = 0
	dispSize = 0}

  60000: global: DynInst: [sn:180] Instruction created. Instcount for system.cpu = 18
  60000: system.cpu.fetch: [tid:0] Instruction PC (0x401038=>0x40103c).(0=>1) created [sn:180].
  60000: system.cpu.fetch: [tid:0] Instruction is:   ADD_R_I : limm   t1, 0x10
  60000: system.cpu.fetch: [tid:0] Fetch queue entry created (6/128).
  60000: system.cpu.fetch: [tid:0] Done fetching, reached fetch bandwidth for this cycle.
  60000: system.cpu.fetch: [tid:0] [sn:130] Sending instruction to decode from fetch queue. Fetch queue size: 6.
  60000: system.cpu.fetch: [tid:0] [sn:140] Sending instruction to decode from fetch queue. Fetch queue size: 5.
  60000: system.cpu.fetch: [tid:0] [sn:150] Sending instruction to decode from fetch queue. Fetch queue size: 4.
  60000: system.cpu.fetch: [tid:0] [sn:160] Sending instruction to decode from fetch queue. Fetch queue size: 3.
  60000: system.cpu.fetch: [tid:0] [sn:170] Sending instruction to decode from fetch queue. Fetch queue size: 2.
  60000: system.cpu.fetch: [tid:0] [sn:180] Sending instruction to decode from fetch queue. Fetch queue size: 1.
  60000: system.cpu.fetch: Activity this cycle.
  60000: system.cpu: Activity: 4
  60000: system.cpu.decode: Processing [tid:0]
  60000: system.cpu.decode: [tid:0] Bypass moves from Rename: 0
  60000: system.cpu.decode: [tid:0] Not blocked, so attempting to run stage.
  60000: system.cpu.decode: [tid:0] Sending instruction to rename.
  60000: system.cpu.decode: [tid:0] Processing instruction [sn:70] with PC (0x401013=>0x40101b).(0=>1)
  60000: system.cpu.decode: [tid:0] Processing instruction [sn:80] with PC (0x401013=>0x40101b).(1=>2)
  60000: system.cpu.decode: [tid:0] Processing instruction [sn:90] with PC (0x40101b=>0x401023).(0=>1)
  60000: system.cpu.decode: [tid:0] Processing instruction [sn:100] with PC (0x40101b=>0x401023).(1=>2)
  60000: system.cpu.decode: [tid:0] Processing instruction [sn:110] with PC (0x401023=>0x401026).(0=>1)
  60000: system.cpu.decode: [tid:0] Processing instruction [sn:120] with PC (0x401026=>0x40102a).(0=>1)
  60000: system.cpu.decode: Activity this cycle.
  60000: system.cpu.rename: Processing [tid:0]
  60000: system.cpu.rename: [tid:0] Free IQ: 204, Free ROB: 512, Free LQ: 192, Free SQ: 114, FreeRM 63(473 464 511 1022 63 8 2555)
  60000: system.cpu.rename: [tid:0] 0 instructions not yet in ROB
  60000: system.cpu.rename: calcFreeLQEntries: free lqEntries: 192, loadsInProgress: 0, loads dispatchedToLQ: 0
  60000: system.cpu.rename: [tid:0] Not blocked, so attempting to run stage.
  60000: system.cpu.rename: [tid:0] 6 available instructions to send iew.
  60000: system.cpu.rename: [tid:0] 0 insts pipelining from Rename | 0 insts dispatched to IQ last cycle.
  60000: system.cpu.rename: [tid:0] Sending instructions to IEW.
  60000: system.cpu.rename: [tid:0] Processing instruction [sn:10] with PC (0x401000=>0x401004).(0=>1).
  60000: global: Renamed reg t1 to physical reg 39 (39) old mapping was 17 (17)
  60000: system.cpu.rename: [tid:0] Renaming arch reg 17 (integer) to physical reg 39 (39).
  60000: system.cpu.rename: [tid:0] [sn:10] Adding instruction to history buffer (size=1).
  60000: system.cpu.rename: [tid:0] Processing instruction [sn:20] with PC (0x401000=>0x401004).(1=>2).
  60000: system.cpu.rename: [tid:0] Looking up integer arch reg 4, got phys reg 4 (integer)
  60000: system.cpu.rename: [tid:0] Register 4 (flat: 4) (integer) is ready.
  60000: global: [sn:20] has 1 ready out of 7 sources. RTI 0)
  60000: system.cpu.rename: [tid:0] Looking up integer arch reg 17, got phys reg 39 (integer)
  60000: system.cpu.rename: [tid:0] Register 39 (flat: 39) (integer) is not ready.
  60000: system.cpu.rename: [tid:0] Looking up invalid arch reg 0, got phys reg 4294967295 (invalid)
  60000: system.cpu.rename: [tid:0] Register 4294967295 (flat: 4294967295) (invalid) is ready.
  60000: global: [sn:20] has 2 ready out of 7 sources. RTI 0)
  60000: system.cpu.rename: [tid:0] Looking up invalid arch reg 0, got phys reg 4294967295 (invalid)
  60000: system.cpu.rename: [tid:0] Register 4294967295 (flat: 4294967295) (invalid) is ready.
  60000: global: [sn:20] has 3 ready out of 7 sources. RTI 0)
  60000: system.cpu.rename: [tid:0] Looking up invalid arch reg 0, got phys reg 4294967295 (invalid)
  60000: system.cpu.rename: [tid:0] Register 4294967295 (flat: 4294967295) (invalid) is ready.
  60000: global: [sn:20] has 4 ready out of 7 sources. RTI 0)
  60000: system.cpu.rename: [tid:0] Looking up invalid arch reg 0, got phys reg 4294967295 (invalid)
  60000: system.cpu.rename: [tid:0] Register 4294967295 (flat: 4294967295) (invalid) is ready.
  60000: global: [sn:20] has 5 ready out of 7 sources. RTI 0)
  60000: system.cpu.rename: [tid:0] Looking up invalid arch reg 0, got phys reg 4294967295 (invalid)
  60000: system.cpu.rename: [tid:0] Register 4294967295 (flat: 4294967295) (invalid) is ready.
  60000: global: [sn:20] has 6 ready out of 7 sources. RTI 0)
  60000: global: Renamed reg rsp to physical reg 40 (40) old mapping was 4 (4)
  60000: system.cpu.rename: [tid:0] Renaming arch reg 4 (integer) to physical reg 40 (40).
  60000: system.cpu.rename: [tid:0] [sn:20] Adding instruction to history buffer (size=2).
  60000: global: Renamed reg condition_code[0] to physical reg 2637 (2637) old mapping was 2632 (2632)
  60000: system.cpu.rename: [tid:0] Renaming arch reg 0 (condition_code) to physical reg 5 (2637).
  60000: system.cpu.rename: [tid:0] [sn:20] Adding instruction to history buffer (size=3).
  60000: global: Renamed reg condition_code[1] to physical reg 2638 (2638) old mapping was 2633 (2633)
  60000: system.cpu.rename: [tid:0] Renaming arch reg 1 (condition_code) to physical reg 6 (2638).
  60000: system.cpu.rename: [tid:0] [sn:20] Adding instruction to history buffer (size=4).
  60000: system.cpu.rename: [tid:0] Renaming arch reg 0 (invalid) to physical reg 4294967295 (4294967295).
  60000: system.cpu.rename: [tid:0] [sn:20] Adding instruction to history buffer (size=5).
  60000: system.cpu.rename: [tid:0] Renaming arch reg 0 (invalid) to physical reg 4294967295 (4294967295).
  60000: system.cpu.rename: [tid:0] [sn:20] Adding instruction to history buffer (size=6).
  60000: system.cpu.rename: [tid:0] Renaming arch reg 0 (invalid) to physical reg 4294967295 (4294967295).
  60000: system.cpu.rename: [tid:0] [sn:20] Adding instruction to history buffer (size=7).
  60000: system.cpu.rename: [tid:0] Processing instruction [sn:30] with PC (0x401004=>0x40100b).(0=>1).
  60000: global: Renamed reg t1 to physical reg 41 (41) old mapping was 39 (39)
  60000: system.cpu.rename: [tid:0] Renaming arch reg 17 (integer) to physical reg 41 (41).
  60000: system.cpu.rename: [tid:0] [sn:30] Adding instruction to history buffer (size=8).
  60000: system.cpu.rename: calcFreeSQEntries: free sqEntries: 114, storesInProgress: 0, stores dispatchedToSQ: 0
  60000: system.cpu.rename: [tid:0] Processing instruction [sn:40] with PC (0x401004=>0x40100b).(1=>2).
  60000: system.cpu.rename: [tid:0] Looking up invalid arch reg 0, got phys reg 4294967295 (invalid)
  60000: system.cpu.rename: [tid:0] Register 4294967295 (flat: 4294967295) (invalid) is ready.
  60000: global: [sn:40] has 1 ready out of 4 sources. RTI 0)
  60000: system.cpu.rename: [tid:0] Looking up integer arch reg 4, got phys reg 40 (integer)
  60000: system.cpu.rename: [tid:0] Register 40 (flat: 40) (integer) is not ready.
  60000: system.cpu.rename: [tid:0] Looking up integer arch reg 17, got phys reg 41 (integer)
  60000: system.cpu.rename: [tid:0] Register 41 (flat: 41) (integer) is not ready.
  60000: system.cpu.rename: [tid:0] Looking up miscellaneous arch reg 154, got phys reg 154 (miscellaneous)
  60000: system.cpu.rename: [tid:0] Register 154 (flat: 0) (miscellaneous) is ready.
  60000: global: [sn:40] has 2 ready out of 4 sources. RTI 0)
  60000: system.cpu.rename: [tid:0] Processing instruction [sn:50] with PC (0x40100b=>0x401013).(0=>1).
  60000: global: Renamed reg t1 to physical reg 42 (42) old mapping was 41 (41)
  60000: system.cpu.rename: [tid:0] Renaming arch reg 17 (integer) to physical reg 42 (42).
  60000: system.cpu.rename: [tid:0] [sn:50] Adding instruction to history buffer (size=9).
  60000: system.cpu.rename: calcFreeSQEntries: free sqEntries: 114, storesInProgress: 1, stores dispatchedToSQ: 0
  60000: system.cpu.rename: [tid:0] Processing instruction [sn:60] with PC (0x40100b=>0x401013).(1=>2).
  60000: system.cpu.rename: [tid:0] Looking up invalid arch reg 0, got phys reg 4294967295 (invalid)
  60000: system.cpu.rename: [tid:0] Register 4294967295 (flat: 4294967295) (invalid) is ready.
  60000: global: [sn:60] has 1 ready out of 4 sources. RTI 0)
  60000: system.cpu.rename: [tid:0] Looking up integer arch reg 4, got phys reg 40 (integer)
  60000: system.cpu.rename: [tid:0] Register 40 (flat: 40) (integer) is not ready.
  60000: system.cpu.rename: [tid:0] Looking up integer arch reg 17, got phys reg 42 (integer)
  60000: system.cpu.rename: [tid:0] Register 42 (flat: 42) (integer) is not ready.
  60000: system.cpu.rename: [tid:0] Looking up miscellaneous arch reg 154, got phys reg 154 (miscellaneous)
  60000: system.cpu.rename: [tid:0] Register 154 (flat: 0) (miscellaneous) is ready.
  60000: global: [sn:60] has 2 ready out of 4 sources. RTI 0)
  60000: system.cpu.rename: Activity this cycle.
  60000: system.cpu.iew: Issue: Processing [tid:0]
  60000: system.cpu.iew: [tid:0] Not blocked, so attempting to run dispatch.
  60000: system.cpu.iq: Attempting to schedule ready instructions from the IQ.
  60000: system.cpu.iq: Not able to schedule any instructions.
  60000: system.cpu.iew: Processing [tid:0]
  60000: system.cpu.iew: [tid:0], Dispatch dispatched 0 instructions.
  60000: system.cpu.iew.lsq.thread0: SQ size: 114, #stores occupied: 0
  60000: system.cpu.iew.lsq.thread0: LQ size: 192, #loads occupied: 0
  60000: system.cpu.iew: IQ has 204 free entries (Can schedule: 0).  LQ has 192 free entries. SQ has 114 free entries.
  60000: system.cpu.commit: Getting instructions from Rename stage.
  60000: system.cpu.commit: Trying to commit instructions in the ROB.
  60000: system.cpu.commit: [tid:0] ROB has 0 insts & 512 free entries.
  60000: system.cpu: Scheduling next tick!
  61000: system.cpu: 

O3CPU: Ticking main, O3CPU.
  61000: system.cpu.fetch: Running stage.
  61000: system.cpu.fetch: Attempting to fetch from [tid:0]
  61000: system.cpu.fetch: [tid:0] Adding instructions to queue to decode.
  61000: global: DynInst: [sn:190] Instruction created. Instcount for system.cpu = 19
  61000: system.cpu.fetch: [tid:0] Instruction PC (0x401038=>0x40103c).(1=>2) created [sn:190].
  61000: system.cpu.fetch: [tid:0] Instruction is:   ADD_R_I : add   rsp, rsp, t1
  61000: system.cpu.fetch: [tid:0] Fetch queue entry created (1/128).
  61000: system.cpu.decoder: Decode: Decoded mov instruction: 
{
	leg = 0,
	rex = 0,
	vex/xop = 0,
	op = {
		type = one byte,
		op = 0x89,
		},
	modRM = 0xd7,
	sib = 0,
	immediate = 0,
	displacement = 0
	dispSize = 0}

  61000: global: DynInst: [sn:200] Instruction created. Instcount for system.cpu = 20
  61000: system.cpu.fetch: [tid:0] Instruction PC (0x40103c=>0x40103e).(0=>1) created [sn:200].
  61000: system.cpu.fetch: [tid:0] Instruction is:   MOV_R_R : mov   edi, edi, edx
  61000: system.cpu.fetch: [tid:0] Fetch queue entry created (2/128).
  61000: system.cpu.fetch: [tid:0] Issuing a pipelined I-cache access, starting at PC (0x40103e=>0x401046).(0=>1).
  61000: system.cpu.fetch: [tid:0] Fetching cache line 0x401040 for addr 0x401040
  61000: system.cpu: CPU already running.
  61000: system.cpu.fetch: Fetch: Doing instruction read.
  61000: system.cpu.fetch: [tid:0] Doing Icache access.
  61000: system.cpu.fetch: [tid:0] Activity: Waiting on I-cache response.
  61000: system.cpu.fetch: Deactivating stage.
  61000: system.cpu: Activity: 3
  61000: system.cpu.fetch: [tid:0] [sn:190] Sending instruction to decode from fetch queue. Fetch queue size: 2.
  61000: system.cpu.fetch: [tid:0] [sn:200] Sending instruction to decode from fetch queue. Fetch queue size: 1.
  61000: system.cpu.fetch: Activity this cycle.
  61000: system.cpu: Activity: 4
  61000: system.cpu.decode: Processing [tid:0]
  61000: system.cpu.decode: [tid:0] Bypass moves from Rename: 0
  61000: system.cpu.decode: [tid:0] Not blocked, so attempting to run stage.
  61000: system.cpu.decode: [tid:0] Sending instruction to rename.
  61000: system.cpu.decode: [tid:0] Processing instruction [sn:130] with PC (0x40102a=>0x40102e).(0=>1)
  61000: system.cpu.decode: [tid:0] Processing instruction [sn:140] with PC (0x40102e=>0x401032).(0=>1)
  61000: system.cpu.decode: [tid:0] Processing instruction [sn:150] with PC (0x401032=>0x401034).(0=>1)
  61000: system.cpu.decode: [tid:0] Processing instruction [sn:160] with PC (0x401034=>0x401036).(0=>1)
  61000: system.cpu.decode: [tid:0] Processing instruction [sn:170] with PC (0x401036=>0x401038).(0=>1)
  61000: system.cpu.decode: [tid:0] Processing instruction [sn:180] with PC (0x401038=>0x40103c).(0=>1)
  61000: system.cpu.decode: Activity this cycle.
  61000: system.cpu.rename: Processing [tid:0]
  61000: system.cpu.rename: [tid:0] Free IQ: 204, Free ROB: 512, Free LQ: 192, Free SQ: 114, FreeRM 63(469 464 511 1022 63 8 2553)
  61000: system.cpu.rename: [tid:0] 6 instructions not yet in ROB
  61000: system.cpu.rename: calcFreeLQEntries: free lqEntries: 192, loadsInProgress: 0, loads dispatchedToLQ: 0
  61000: system.cpu.rename: [tid:0] Not blocked, so attempting to run stage.
  61000: system.cpu.rename: [tid:0] 6 available instructions to send iew.
  61000: system.cpu.rename: [tid:0] 6 insts pipelining from Rename | 0 insts dispatched to IQ last cycle.
  61000: system.cpu.rename: [tid:0] Sending instructions to IEW.
  61000: system.cpu.rename: [tid:0] Processing instruction [sn:70] with PC (0x401013=>0x40101b).(0=>1).
  61000: global: Renamed reg t1 to physical reg 43 (43) old mapping was 42 (42)
  61000: system.cpu.rename: [tid:0] Renaming arch reg 17 (integer) to physical reg 43 (43).
  61000: system.cpu.rename: [tid:0] [sn:70] Adding instruction to history buffer (size=10).
  61000: system.cpu.rename: calcFreeSQEntries: free sqEntries: 114, storesInProgress: 2, stores dispatchedToSQ: 0
  61000: system.cpu.rename: [tid:0] Processing instruction [sn:80] with PC (0x401013=>0x40101b).(1=>2).
  61000: system.cpu.rename: [tid:0] Looking up invalid arch reg 0, got phys reg 4294967295 (invalid)
  61000: system.cpu.rename: [tid:0] Register 4294967295 (flat: 4294967295) (invalid) is ready.
  61000: global: [sn:80] has 1 ready out of 4 sources. RTI 0)
  61000: system.cpu.rename: [tid:0] Looking up integer arch reg 4, got phys reg 40 (integer)
  61000: system.cpu.rename: [tid:0] Register 40 (flat: 40) (integer) is not ready.
  61000: system.cpu.rename: [tid:0] Looking up integer arch reg 17, got phys reg 43 (integer)
  61000: system.cpu.rename: [tid:0] Register 43 (flat: 43) (integer) is not ready.
  61000: system.cpu.rename: [tid:0] Looking up miscellaneous arch reg 154, got phys reg 154 (miscellaneous)
  61000: system.cpu.rename: [tid:0] Register 154 (flat: 0) (miscellaneous) is ready.
  61000: global: [sn:80] has 2 ready out of 4 sources. RTI 0)
  61000: system.cpu.rename: [tid:0] Processing instruction [sn:90] with PC (0x40101b=>0x401023).(0=>1).
  61000: global: Renamed reg t1 to physical reg 44 (44) old mapping was 43 (43)
  61000: system.cpu.rename: [tid:0] Renaming arch reg 17 (integer) to physical reg 44 (44).
  61000: system.cpu.rename: [tid:0] [sn:90] Adding instruction to history buffer (size=11).
  61000: system.cpu.rename: calcFreeSQEntries: free sqEntries: 114, storesInProgress: 3, stores dispatchedToSQ: 0
  61000: system.cpu.rename: [tid:0] Processing instruction [sn:100] with PC (0x40101b=>0x401023).(1=>2).
  61000: system.cpu.rename: [tid:0] Looking up invalid arch reg 0, got phys reg 4294967295 (invalid)
  61000: system.cpu.rename: [tid:0] Register 4294967295 (flat: 4294967295) (invalid) is ready.
  61000: global: [sn:100] has 1 ready out of 4 sources. RTI 0)
  61000: system.cpu.rename: [tid:0] Looking up integer arch reg 4, got phys reg 40 (integer)
  61000: system.cpu.rename: [tid:0] Register 40 (flat: 40) (integer) is not ready.
  61000: system.cpu.rename: [tid:0] Looking up integer arch reg 17, got phys reg 44 (integer)
  61000: system.cpu.rename: [tid:0] Register 44 (flat: 44) (integer) is not ready.
  61000: system.cpu.rename: [tid:0] Looking up miscellaneous arch reg 154, got phys reg 154 (miscellaneous)
  61000: system.cpu.rename: [tid:0] Register 154 (flat: 0) (miscellaneous) is ready.
  61000: global: [sn:100] has 2 ready out of 4 sources. RTI 0)
  61000: system.cpu.rename: calcFreeLQEntries: free lqEntries: 192, loadsInProgress: 0, loads dispatchedToLQ: 0
  61000: system.cpu.rename: [tid:0] Processing instruction [sn:110] with PC (0x401023=>0x401026).(0=>1).
  61000: system.cpu.rename: [tid:0] Mascot prediction for load [sn:110] type: 0; distance1: 0; distance2: 0
  61000: system.cpu.rename: [tid:0] Looking up invalid arch reg 0, got phys reg 4294967295 (invalid)
  61000: system.cpu.rename: [tid:0] Register 4294967295 (flat: 4294967295) (invalid) is ready.
  61000: global: [sn:110] has 1 ready out of 3 sources. RTI 0)
  61000: system.cpu.rename: [tid:0] Looking up integer arch reg 4, got phys reg 40 (integer)
  61000: system.cpu.rename: [tid:0] Register 40 (flat: 40) (integer) is not ready.
  61000: system.cpu.rename: [tid:0] Looking up miscellaneous arch reg 154, got phys reg 154 (miscellaneous)
  61000: system.cpu.rename: [tid:0] Register 154 (flat: 0) (miscellaneous) is ready.
  61000: global: [sn:110] has 2 ready out of 3 sources. RTI 0)
  61000: global: Renamed reg rax to physical reg 45 (45) old mapping was 0 (0)
  61000: system.cpu.rename: [tid:0] Renaming arch reg 0 (integer) to physical reg 45 (45).
  61000: system.cpu.rename: [tid:0] [sn:110] Adding instruction to history buffer (size=12).
  61000: system.cpu.rename: calcFreeLQEntries: free lqEntries: 192, loadsInProgress: 1, loads dispatchedToLQ: 0
  61000: system.cpu.rename: [tid:0] Processing instruction [sn:120] with PC (0x401026=>0x40102a).(0=>1).
  61000: system.cpu.rename: [tid:0] Mascot prediction for load [sn:120] type: 0; distance1: 0; distance2: 0
  61000: system.cpu.rename: [tid:0] Looking up invalid arch reg 0, got phys reg 4294967295 (invalid)
  61000: system.cpu.rename: [tid:0] Register 4294967295 (flat: 4294967295) (invalid) is ready.
  61000: global: [sn:120] has 1 ready out of 3 sources. RTI 0)
  61000: system.cpu.rename: [tid:0] Looking up integer arch reg 4, got phys reg 40 (integer)
  61000: system.cpu.rename: [tid:0] Register 40 (flat: 40) (integer) is not ready.
  61000: system.cpu.rename: [tid:0] Looking up miscellaneous arch reg 154, got phys reg 154 (miscellaneous)
  61000: system.cpu.rename: [tid:0] Register 154 (flat: 0) (miscellaneous) is ready.
  61000: global: [sn:120] has 2 ready out of 3 sources. RTI 0)
  61000: global: Renamed reg rsi to physical reg 46 (46) old mapping was 6 (6)
  61000: system.cpu.rename: [tid:0] Renaming arch reg 6 (integer) to physical reg 46 (46).
  61000: system.cpu.rename: [tid:0] [sn:120] Adding instruction to history buffer (size=13).
  61000: system.cpu.rename: Activity this cycle.
  61000: system.cpu.iew: Issue: Processing [tid:0]
  61000: system.cpu.iew: [tid:0] Not blocked, so attempting to run dispatch.
  61000: system.cpu.iq: Attempting to schedule ready instructions from the IQ.
  61000: system.cpu.iq: Not able to schedule any instructions.
  61000: system.cpu.iew: Processing [tid:0]
  61000: system.cpu.iew: [tid:0], Dispatch dispatched 0 instructions.
  61000: system.cpu.iew.lsq.thread0: SQ size: 114, #stores occupied: 0
  61000: system.cpu.iew.lsq.thread0: LQ size: 192, #loads occupied: 0
  61000: system.cpu.iew: IQ has 204 free entries (Can schedule: 0).  LQ has 192 free entries. SQ has 114 free entries.
  61000: system.cpu.commit: Getting instructions from Rename stage.
  61000: system.cpu.commit: [tid:0] [sn:10] Inserting PC (0x401000=>0x401004).(0=>1) into ROB.
  61000: system.cpu.rob: Adding inst PC (0x401000=>0x401004).(0=>1) to the ROB.
  61000: system.cpu.rob: [tid:0] Now has 1 instructions.
  61000: system.cpu.commit: [tid:0] [sn:20] Inserting PC (0x401000=>0x401004).(1=>2) into ROB.
  61000: system.cpu.rob: Adding inst PC (0x401000=>0x401004).(1=>2) to the ROB.
  61000: system.cpu.rob: [tid:0] Now has 2 instructions.
  61000: system.cpu.commit: [tid:0] [sn:30] Inserting PC (0x401004=>0x40100b).(0=>1) into ROB.
  61000: system.cpu.rob: Adding inst PC (0x401004=>0x40100b).(0=>1) to the ROB.
  61000: system.cpu.rob: [tid:0] Now has 3 instructions.
  61000: system.cpu.commit: [tid:0] [sn:40] Inserting PC (0x401004=>0x40100b).(1=>2) into ROB.
  61000: system.cpu.rob: Adding inst PC (0x401004=>0x40100b).(1=>2) to the ROB.
  61000: system.cpu.rob: [tid:0] Now has 4 instructions.
  61000: system.cpu.commit: [tid:0] [sn:50] Inserting PC (0x40100b=>0x401013).(0=>1) into ROB.
  61000: system.cpu.rob: Adding inst PC (0x40100b=>0x401013).(0=>1) to the ROB.
  61000: system.cpu.rob: [tid:0] Now has 5 instructions.
  61000: system.cpu.commit: [tid:0] [sn:60] Inserting PC (0x40100b=>0x401013).(1=>2) into ROB.
  61000: system.cpu.rob: Adding inst PC (0x40100b=>0x401013).(1=>2) to the ROB.
  61000: system.cpu.rob: [tid:0] Now has 6 instructions.
  61000: system.cpu.commit: Trying to commit instructions in the ROB.
  61000: system.cpu.commit: [tid:0] Can't commit, Instruction [sn:10] PC (0x401000=>0x401004).(0=>1) is head of ROB and not ready
  61000: system.cpu.commit: [tid:0] ROB has 6 insts & 506 free entries.
  61000: system.cpu.commit: Activity This Cycle.
  61000: system.cpu: Scheduling next tick!
  62000: system.cpu: 

O3CPU: Ticking main, O3CPU.
  62000: system.cpu.fetch: Running stage.
  62000: system.cpu.fetch: There are no more threads available to fetch from.
  62000: system.cpu.fetch: [tid:0] Fetch is waiting cache response!
  62000: system.cpu.decode: Processing [tid:0]
  62000: system.cpu.decode: [tid:0] Bypass moves from Rename: 0
  62000: system.cpu.decode: [tid:0] Not blocked, so attempting to run stage.
  62000: system.cpu.decode: [tid:0] Sending instruction to rename.
  62000: system.cpu.decode: [tid:0] Processing instruction [sn:190] with PC (0x401038=>0x40103c).(1=>2)
  62000: system.cpu.decode: [tid:0] Processing instruction [sn:200] with PC (0x40103c=>0x40103e).(0=>1)
  62000: system.cpu.decode: Activity this cycle.
  62000: system.cpu: Activity: 5
  62000: system.cpu.rename: Processing [tid:0]
  62000: system.cpu.rename: [tid:0] Free IQ: 204, Free ROB: 506, Free LQ: 192, Free SQ: 114, FreeRM 63(465 464 511 1022 63 8 2553)
  62000: system.cpu.rename: [tid:0] 12 instructions not yet in ROB
  62000: system.cpu.rename: calcFreeLQEntries: free lqEntries: 192, loadsInProgress: 2, loads dispatchedToLQ: 0
  62000: system.cpu.rename: [tid:0] Not blocked, so attempting to run stage.
  62000: system.cpu.rename: [tid:0] 6 available instructions to send iew.
  62000: system.cpu.rename: [tid:0] 12 insts pipelining from Rename | 0 insts dispatched to IQ last cycle.
  62000: system.cpu.rename: [tid:0] Sending instructions to IEW.
  62000: system.cpu.rename: calcFreeLQEntries: free lqEntries: 192, loadsInProgress: 2, loads dispatchedToLQ: 0
  62000: system.cpu.rename: [tid:0] Processing instruction [sn:130] with PC (0x40102a=>0x40102e).(0=>1).
  62000: system.cpu.rename: [tid:0] Mascot prediction for load [sn:130] type: 0; distance1: 0; distance2: 0
  62000: system.cpu.rename: [tid:0] Looking up invalid arch reg 0, got phys reg 4294967295 (invalid)
  62000: system.cpu.rename: [tid:0] Register 4294967295 (flat: 4294967295) (invalid) is ready.
  62000: global: [sn:130] has 1 ready out of 3 sources. RTI 0)
  62000: system.cpu.rename: [tid:0] Looking up integer arch reg 4, got phys reg 40 (integer)
  62000: system.cpu.rename: [tid:0] Register 40 (flat: 40) (integer) is not ready.
  62000: system.cpu.rename: [tid:0] Looking up miscellaneous arch reg 154, got phys reg 154 (miscellaneous)
  62000: system.cpu.rename: [tid:0] Register 154 (flat: 0) (miscellaneous) is ready.
  62000: global: [sn:130] has 2 ready out of 3 sources. RTI 0)
  62000: global: Renamed reg rcx to physical reg 47 (47) old mapping was 1 (1)
  62000: system.cpu.rename: [tid:0] Renaming arch reg 1 (integer) to physical reg 47 (47).
  62000: system.cpu.rename: [tid:0] [sn:130] Adding instruction to history buffer (size=14).
  62000: system.cpu.rename: calcFreeLQEntries: free lqEntries: 192, loadsInProgress: 3, loads dispatchedToLQ: 0
  62000: system.cpu.rename: [tid:0] Processing instruction [sn:140] with PC (0x40102e=>0x401032).(0=>1).
  62000: system.cpu.rename: [tid:0] Mascot prediction for load [sn:140] type: 0; distance1: 0; distance2: 0
  62000: system.cpu.rename: [tid:0] Looking up invalid arch reg 0, got phys reg 4294967295 (invalid)
  62000: system.cpu.rename: [tid:0] Register 4294967295 (flat: 4294967295) (invalid) is ready.
  62000: global: [sn:140] has 1 ready out of 3 sources. RTI 0)
  62000: system.cpu.rename: [tid:0] Looking up integer arch reg 4, got phys reg 40 (integer)
  62000: system.cpu.rename: [tid:0] Register 40 (flat: 40) (integer) is not ready.
  62000: system.cpu.rename: [tid:0] Looking up miscellaneous arch reg 154, got phys reg 154 (miscellaneous)
  62000: system.cpu.rename: [tid:0] Register 154 (flat: 0) (miscellaneous) is ready.
  62000: global: [sn:140] has 2 ready out of 3 sources. RTI 0)
  62000: global: Renamed reg rdx to physical reg 48 (48) old mapping was 2 (2)
  62000: system.cpu.rename: [tid:0] Renaming arch reg 2 (integer) to physical reg 48 (48).
  62000: system.cpu.rename: [tid:0] [sn:140] Adding instruction to history buffer (size=15).
  62000: system.cpu.rename: [tid:0] Processing instruction [sn:150] with PC (0x401032=>0x401034).(0=>1).
  62000: system.cpu.rename: [tid:0] Looking up integer arch reg 6, got phys reg 46 (integer)
  62000: system.cpu.rename: [tid:0] Register 46 (flat: 46) (integer) is not ready.
  62000: system.cpu.rename: [tid:0] Looking up integer arch reg 0, got phys reg 45 (integer)
  62000: system.cpu.rename: [tid:0] Register 45 (flat: 45) (integer) is not ready.
  62000: system.cpu.rename: [tid:0] Looking up invalid arch reg 0, got phys reg 4294967295 (invalid)
  62000: system.cpu.rename: [tid:0] Register 4294967295 (flat: 4294967295) (invalid) is ready.
  62000: global: [sn:150] has 1 ready out of 7 sources. RTI 0)
  62000: system.cpu.rename: [tid:0] Looking up invalid arch reg 0, got phys reg 4294967295 (invalid)
  62000: system.cpu.rename: [tid:0] Register 4294967295 (flat: 4294967295) (invalid) is ready.
  62000: global: [sn:150] has 2 ready out of 7 sources. RTI 0)
  62000: system.cpu.rename: [tid:0] Looking up invalid arch reg 0, got phys reg 4294967295 (invalid)
  62000: system.cpu.rename: [tid:0] Register 4294967295 (flat: 4294967295) (invalid) is ready.
  62000: global: [sn:150] has 3 ready out of 7 sources. RTI 0)
  62000: system.cpu.rename: [tid:0] Looking up invalid arch reg 0, got phys reg 4294967295 (invalid)
  62000: system.cpu.rename: [tid:0] Register 4294967295 (flat: 4294967295) (invalid) is ready.
  62000: global: [sn:150] has 4 ready out of 7 sources. RTI 0)
  62000: system.cpu.rename: [tid:0] Looking up invalid arch reg 0, got phys reg 4294967295 (invalid)
  62000: system.cpu.rename: [tid:0] Register 4294967295 (flat: 4294967295) (invalid) is ready.
  62000: global: [sn:150] has 5 ready out of 7 sources. RTI 0)
  62000: global: Renamed reg rsi to physical reg 49 (49) old mapping was 46 (46)
  62000: system.cpu.rename: [tid:0] Renaming arch reg 6 (integer) to physical reg 49 (49).
  62000: system.cpu.rename: [tid:0] [sn:150] Adding instruction to history buffer (size=16).
  62000: global: Renamed reg condition_code[0] to physical reg 2639 (2639) old mapping was 2637 (2637)
  62000: system.cpu.rename: [tid:0] Renaming arch reg 0 (condition_code) to physical reg 7 (2639).
  62000: system.cpu.rename: [tid:0] [sn:150] Adding instruction to history buffer (size=17).
  62000: global: Renamed reg condition_code[1] to physical reg 2640 (2640) old mapping was 2638 (2638)
  62000: system.cpu.rename: [tid:0] Renaming arch reg 1 (condition_code) to physical reg 8 (2640).
  62000: system.cpu.rename: [tid:0] [sn:150] Adding instruction to history buffer (size=18).
  62000: system.cpu.rename: [tid:0] Renaming arch reg 0 (invalid) to physical reg 4294967295 (4294967295).
  62000: system.cpu.rename: [tid:0] [sn:150] Adding instruction to history buffer (size=19).
  62000: system.cpu.rename: [tid:0] Renaming arch reg 0 (invalid) to physical reg 4294967295 (4294967295).
  62000: system.cpu.rename: [tid:0] [sn:150] Adding instruction to history buffer (size=20).
  62000: system.cpu.rename: [tid:0] Renaming arch reg 0 (invalid) to physical reg 4294967295 (4294967295).
  62000: system.cpu.rename: [tid:0] [sn:150] Adding instruction to history buffer (size=21).
  62000: system.cpu.rename: [tid:0] Processing instruction [sn:160] with PC (0x401034=>0x401036).(0=>1).
  62000: system.cpu.rename: [tid:0] Looking up integer arch reg 2, got phys reg 48 (integer)
  62000: system.cpu.rename: [tid:0] Register 48 (flat: 48) (integer) is not ready.
  62000: system.cpu.rename: [tid:0] Looking up integer arch reg 1, got phys reg 47 (integer)
  62000: system.cpu.rename: [tid:0] Register 47 (flat: 47) (integer) is not ready.
  62000: system.cpu.rename: [tid:0] Looking up invalid arch reg 0, got phys reg 4294967295 (invalid)
  62000: system.cpu.rename: [tid:0] Register 4294967295 (flat: 4294967295) (invalid) is ready.
  62000: global: [sn:160] has 1 ready out of 7 sources. RTI 0)
  62000: system.cpu.rename: [tid:0] Looking up invalid arch reg 0, got phys reg 4294967295 (invalid)
  62000: system.cpu.rename: [tid:0] Register 4294967295 (flat: 4294967295) (invalid) is ready.
  62000: global: [sn:160] has 2 ready out of 7 sources. RTI 0)
  62000: system.cpu.rename: [tid:0] Looking up invalid arch reg 0, got phys reg 4294967295 (invalid)
  62000: system.cpu.rename: [tid:0] Register 4294967295 (flat: 4294967295) (invalid) is ready.
  62000: global: [sn:160] has 3 ready out of 7 sources. RTI 0)
  62000: system.cpu.rename: [tid:0] Looking up invalid arch reg 0, got phys reg 4294967295 (invalid)
  62000: system.cpu.rename: [tid:0] Register 4294967295 (flat: 4294967295) (invalid) is ready.
  62000: global: [sn:160] has 4 ready out of 7 sources. RTI 0)
  62000: system.cpu.rename: [tid:0] Looking up invalid arch reg 0, got phys reg 4294967295 (invalid)
  62000: system.cpu.rename: [tid:0] Register 4294967295 (flat: 4294967295) (invalid) is ready.
  62000: global: [sn:160] has 5 ready out of 7 sources. RTI 0)
  62000: global: Renamed reg rdx to physical reg 50 (50) old mapping was 48 (48)
  62000: system.cpu.rename: [tid:0] Renaming arch reg 2 (integer) to physical reg 50 (50).
  62000: system.cpu.rename: [tid:0] [sn:160] Adding instruction to history buffer (size=22).
  62000: global: Renamed reg condition_code[0] to physical reg 2641 (2641) old mapping was 2639 (2639)
  62000: system.cpu.rename: [tid:0] Renaming arch reg 0 (condition_code) to physical reg 9 (2641).
  62000: system.cpu.rename: [tid:0] [sn:160] Adding instruction to history buffer (size=23).
  62000: global: Renamed reg condition_code[1] to physical reg 2642 (2642) old mapping was 2640 (2640)
  62000: system.cpu.rename: [tid:0] Renaming arch reg 1 (condition_code) to physical reg 10 (2642).
  62000: system.cpu.rename: [tid:0] [sn:160] Adding instruction to history buffer (size=24).
  62000: system.cpu.rename: [tid:0] Renaming arch reg 0 (invalid) to physical reg 4294967295 (4294967295).
  62000: system.cpu.rename: [tid:0] [sn:160] Adding instruction to history buffer (size=25).
  62000: system.cpu.rename: [tid:0] Renaming arch reg 0 (invalid) to physical reg 4294967295 (4294967295).
  62000: system.cpu.rename: [tid:0] [sn:160] Adding instruction to history buffer (size=26).
  62000: system.cpu.rename: [tid:0] Renaming arch reg 0 (invalid) to physical reg 4294967295 (4294967295).
  62000: system.cpu.rename: [tid:0] [sn:160] Adding instruction to history buffer (size=27).
  62000: system.cpu.rename: [tid:0] Processing instruction [sn:170] with PC (0x401036=>0x401038).(0=>1).
  62000: system.cpu.rename: [tid:0] Looking up integer arch reg 2, got phys reg 50 (integer)
  62000: system.cpu.rename: [tid:0] Register 50 (flat: 50) (integer) is not ready.
  62000: system.cpu.rename: [tid:0] Looking up integer arch reg 6, got phys reg 49 (integer)
  62000: system.cpu.rename: [tid:0] Register 49 (flat: 49) (integer) is not ready.
  62000: system.cpu.rename: [tid:0] Looking up invalid arch reg 0, got phys reg 4294967295 (invalid)
  62000: system.cpu.rename: [tid:0] Register 4294967295 (flat: 4294967295) (invalid) is ready.
  62000: global: [sn:170] has 1 ready out of 7 sources. RTI 0)
  62000: system.cpu.rename: [tid:0] Looking up invalid arch reg 0, got phys reg 4294967295 (invalid)
  62000: system.cpu.rename: [tid:0] Register 4294967295 (flat: 4294967295) (invalid) is ready.
  62000: global: [sn:170] has 2 ready out of 7 sources. RTI 0)
  62000: system.cpu.rename: [tid:0] Looking up invalid arch reg 0, got phys reg 4294967295 (invalid)
  62000: system.cpu.rename: [tid:0] Register 4294967295 (flat: 4294967295) (invalid) is ready.
  62000: global: [sn:170] has 3 ready out of 7 sources. RTI 0)
  62000: system.cpu.rename: [tid:0] Looking up invalid arch reg 0, got phys reg 4294967295 (invalid)
  62000: system.cpu.rename: [tid:0] Register 4294967295 (flat: 4294967295) (invalid) is ready.
  62000: global: [sn:170] has 4 ready out of 7 sources. RTI 0)
  62000: system.cpu.rename: [tid:0] Looking up invalid arch reg 0, got phys reg 4294967295 (invalid)
  62000: system.cpu.rename: [tid:0] Register 4294967295 (flat: 4294967295) (invalid) is ready.
  62000: global: [sn:170] has 5 ready out of 7 sources. RTI 0)
  62000: global: Renamed reg rdx to physical reg 51 (51) old mapping was 50 (50)
  62000: system.cpu.rename: [tid:0] Renaming arch reg 2 (integer) to physical reg 51 (51).
  62000: system.cpu.rename: [tid:0] [sn:170] Adding instruction to history buffer (size=28).
  62000: global: Renamed reg condition_code[0] to physical reg 2643 (2643) old mapping was 2641 (2641)
  62000: system.cpu.rename: [tid:0] Renaming arch reg 0 (condition_code) to physical reg 11 (2643).
  62000: system.cpu.rename: [tid:0] [sn:170] Adding instruction to history buffer (size=29).
  62000: global: Renamed reg condition_code[1] to physical reg 2644 (2644) old mapping was 2642 (2642)
  62000: system.cpu.rename: [tid:0] Renaming arch reg 1 (condition_code) to physical reg 12 (2644).
  62000: system.cpu.rename: [tid:0] [sn:170] Adding instruction to history buffer (size=30).
  62000: system.cpu.rename: [tid:0] Renaming arch reg 0 (invalid) to physical reg 4294967295 (4294967295).
  62000: system.cpu.rename: [tid:0] [sn:170] Adding instruction to history buffer (size=31).
  62000: system.cpu.rename: [tid:0] Renaming arch reg 0 (invalid) to physical reg 4294967295 (4294967295).
  62000: system.cpu.rename: [tid:0] [sn:170] Adding instruction to history buffer (size=32).
  62000: system.cpu.rename: [tid:0] Renaming arch reg 0 (invalid) to physical reg 4294967295 (4294967295).
  62000: system.cpu.rename: [tid:0] [sn:170] Adding instruction to history buffer (size=33).
  62000: system.cpu.rename: [tid:0] Processing instruction [sn:180] with PC (0x401038=>0x40103c).(0=>1).
  62000: global: Renamed reg t1 to physical reg 52 (52) old mapping was 44 (44)
  62000: system.cpu.rename: [tid:0] Renaming arch reg 17 (integer) to physical reg 52 (52).
  62000: system.cpu.rename: [tid:0] [sn:180] Adding instruction to history buffer (size=34).
  62000: system.cpu.rename: Activity this cycle.
  62000: system.cpu.iew: Issue: Processing [tid:0]
  62000: system.cpu.iew: [tid:0] Not blocked, so attempting to run dispatch.
  62000: system.cpu.iew: [tid:0] Issue: Adding PC (0x401000=>0x401004).(0=>1) [sn:10] [tid:0] to IQ.
  62000: system.cpu.iq: Adding instruction [sn:10] PC (0x401000=>0x401004).(0=>1) to the IQ.
  62000: system.cpu.iq: Instruction is ready to issue, putting it onto the ready list, PC (0x401000=>0x401004).(0=>1) opclass:1 [sn:10].
  62000: system.cpu.iew: [tid:0] Issue: Adding PC (0x401000=>0x401004).(1=>2) [sn:20] [tid:0] to IQ.
  62000: system.cpu.iq: Adding instruction [sn:20] PC (0x401000=>0x401004).(1=>2) to the IQ.
  62000: system.cpu.iq: Instruction PC (0x401000=>0x401004).(1=>2) has src reg 39 (integer) that is being added to the dependency chain.
  62000: system.cpu.iew: [tid:0] Issue: Adding PC (0x401004=>0x40100b).(0=>1) [sn:30] [tid:0] to IQ.
  62000: system.cpu.iq: Adding instruction [sn:30] PC (0x401004=>0x40100b).(0=>1) to the IQ.
  62000: system.cpu.iq: Instruction is ready to issue, putting it onto the ready list, PC (0x401004=>0x40100b).(0=>1) opclass:1 [sn:30].
  62000: system.cpu.iew: [tid:0] Issue: Adding PC (0x401004=>0x40100b).(1=>2) [sn:40] [tid:0] to IQ.
  62000: system.cpu.iew: [tid:0] Issue: Memory instruction encountered, adding to LSQ.
  62000: system.cpu.iew.lsq.thread0: Inserting store PC (0x401004=>0x40100b).(1=>2), idx:0 [sn:40]
  62000: system.cpu.iq: Adding instruction [sn:40] PC (0x401004=>0x40100b).(1=>2) to the IQ.
  62000: system.cpu.iq: Instruction PC (0x401004=>0x40100b).(1=>2) has src reg 40 (integer) that is being added to the dependency chain.
  62000: system.cpu.iq: Instruction PC (0x401004=>0x40100b).(1=>2) has src reg 41 (integer) that is being added to the dependency chain.
  62000: memdepentry: Memory dependency entry created. memdep_count=1 (0x401004=>0x40100b).(1=>2)
  62000: system.cpu.memDep0: No dependency for inst PC (0x401004=>0x40100b).(1=>2) [sn:40].
  62000: system.cpu.memDep0: Inserting store/atomic PC (0x401004=>0x40100b).(1=>2) [sn:40].
  62000: system.cpu.iew: [tid:0] Issue: Adding PC (0x40100b=>0x401013).(0=>1) [sn:50] [tid:0] to IQ.
  62000: system.cpu.iq: Adding instruction [sn:50] PC (0x40100b=>0x401013).(0=>1) to the IQ.
  62000: system.cpu.iq: Instruction is ready to issue, putting it onto the ready list, PC (0x40100b=>0x401013).(0=>1) opclass:1 [sn:50].
  62000: system.cpu.iew: [tid:0] Issue: Adding PC (0x40100b=>0x401013).(1=>2) [sn:60] [tid:0] to IQ.
  62000: system.cpu.iew: [tid:0] Issue: Memory instruction encountered, adding to LSQ.
  62000: system.cpu.iew.lsq.thread0: Inserting store PC (0x40100b=>0x401013).(1=>2), idx:1 [sn:60]
  62000: system.cpu.iq: Adding instruction [sn:60] PC (0x40100b=>0x401013).(1=>2) to the IQ.
  62000: system.cpu.iq: Instruction PC (0x40100b=>0x401013).(1=>2) has src reg 40 (integer) that is being added to the dependency chain.
  62000: system.cpu.iq: Instruction PC (0x40100b=>0x401013).(1=>2) has src reg 42 (integer) that is being added to the dependency chain.
  62000: memdepentry: Memory dependency entry created. memdep_count=2 (0x40100b=>0x401013).(1=>2)
  62000: system.cpu.memDep0: No dependency for inst PC (0x40100b=>0x401013).(1=>2) [sn:60].
  62000: system.cpu.memDep0: Inserting store/atomic PC (0x40100b=>0x401013).(1=>2) [sn:60].
  62000: system.cpu.iq: Attempting to schedule ready instructions from the IQ.
  62000: system.cpu.iq: Thread 0: Issuing instruction PC (0x401000=>0x401004).(0=>1) [sn:10]
  62000: system.cpu.iq: Thread 0: Issuing instruction PC (0x401004=>0x40100b).(0=>1) [sn:30]
  62000: system.cpu.iq: Thread 0: Issuing instruction PC (0x40100b=>0x401013).(0=>1) [sn:50]
  62000: system.cpu.iew: Processing [tid:0]
  62000: system.cpu.iew: [tid:0], Dispatch dispatched 6 instructions.
  62000: system.cpu.iew.lsq.thread0: SQ size: 114, #stores occupied: 2
  62000: system.cpu.iew.lsq.thread0: LQ size: 192, #loads occupied: 0
  62000: system.cpu.iew: IQ has 201 free entries (Can schedule: 0).  LQ has 192 free entries. SQ has 112 free entries.
  62000: system.cpu.commit: Getting instructions from Rename stage.
  62000: system.cpu.commit: [tid:0] [sn:70] Inserting PC (0x401013=>0x40101b).(0=>1) into ROB.
  62000: system.cpu.rob: Adding inst PC (0x401013=>0x40101b).(0=>1) to the ROB.
  62000: system.cpu.rob: [tid:0] Now has 7 instructions.
  62000: system.cpu.commit: [tid:0] [sn:80] Inserting PC (0x401013=>0x40101b).(1=>2) into ROB.
  62000: system.cpu.rob: Adding inst PC (0x401013=>0x40101b).(1=>2) to the ROB.
  62000: system.cpu.rob: [tid:0] Now has 8 instructions.
  62000: system.cpu.commit: [tid:0] [sn:90] Inserting PC (0x40101b=>0x401023).(0=>1) into ROB.
  62000: system.cpu.rob: Adding inst PC (0x40101b=>0x401023).(0=>1) to the ROB.
  62000: system.cpu.rob: [tid:0] Now has 9 instructions.
  62000: system.cpu.commit: [tid:0] [sn:100] Inserting PC (0x40101b=>0x401023).(1=>2) into ROB.
  62000: system.cpu.rob: Adding inst PC (0x40101b=>0x401023).(1=>2) to the ROB.
  62000: system.cpu.rob: [tid:0] Now has 10 instructions.
  62000: system.cpu.commit: [tid:0] [sn:110] Inserting PC (0x401023=>0x401026).(0=>1) into ROB.
  62000: system.cpu.rob: Adding inst PC (0x401023=>0x401026).(0=>1) to the ROB.
  62000: system.cpu.rob: [tid:0] Now has 11 instructions.
  62000: system.cpu.commit: [tid:0] [sn:120] Inserting PC (0x401026=>0x40102a).(0=>1) into ROB.
  62000: system.cpu.rob: Adding inst PC (0x401026=>0x40102a).(0=>1) to the ROB.
  62000: system.cpu.rob: [tid:0] Now has 12 instructions.
  62000: system.cpu.commit: Trying to commit instructions in the ROB.
  62000: system.cpu.commit: [tid:0] Can't commit, Instruction [sn:10] PC (0x401000=>0x401004).(0=>1) is head of ROB and not ready
  62000: system.cpu.commit: [tid:0] ROB has 12 insts & 500 free entries.
  62000: system.cpu.commit: Activity This Cycle.
  62000: system.cpu: Scheduling next tick!
  63000: system.cpu: 

O3CPU: Ticking main, O3CPU.
  63000: system.cpu.fetch: Running stage.
  63000: system.cpu.fetch: There are no more threads available to fetch from.
  63000: system.cpu.fetch: [tid:0] Fetch is waiting cache response!
  63000: system.cpu.decode: Processing [tid:0]
  63000: system.cpu.decode: [tid:0] Bypass moves from Rename: 0
  63000: system.cpu.decode: [tid:0] Not blocked, so attempting to run stage.
  63000: system.cpu.decode: [tid:0] Nothing to do, breaking out early.
  63000: system.cpu.rename: Processing [tid:0]
  63000: system.cpu.rename: [tid:0] Free IQ: 204, Free ROB: 500, Free LQ: 192, Free SQ: 114, FreeRM 63(459 464 511 1022 63 8 2547)
  63000: system.cpu.rename: [tid:0] 18 instructions not yet in ROB
  63000: system.cpu.rename: calcFreeLQEntries: free lqEntries: 192, loadsInProgress: 4, loads dispatchedToLQ: 0
  63000: system.cpu.rename: [tid:0] Not blocked, so attempting to run stage.
  63000: system.cpu.rename: [tid:0] 2 available instructions to send iew.
  63000: system.cpu.rename: [tid:0] 18 insts pipelining from Rename | 6 insts dispatched to IQ last cycle.
  63000: system.cpu.rename: [tid:0] Sending instructions to IEW.
  63000: system.cpu.rename: [tid:0] Processing instruction [sn:190] with PC (0x401038=>0x40103c).(1=>2).
  63000: system.cpu.rename: [tid:0] Looking up integer arch reg 4, got phys reg 40 (integer)
  63000: system.cpu.rename: [tid:0] Register 40 (flat: 40) (integer) is not ready.
  63000: system.cpu.rename: [tid:0] Looking up integer arch reg 17, got phys reg 52 (integer)
  63000: system.cpu.rename: [tid:0] Register 52 (flat: 52) (integer) is not ready.
  63000: system.cpu.rename: [tid:0] Looking up invalid arch reg 0, got phys reg 4294967295 (invalid)
  63000: system.cpu.rename: [tid:0] Register 4294967295 (flat: 4294967295) (invalid) is ready.
  63000: global: [sn:190] has 1 ready out of 7 sources. RTI 0)
  63000: system.cpu.rename: [tid:0] Looking up invalid arch reg 0, got phys reg 4294967295 (invalid)
  63000: system.cpu.rename: [tid:0] Register 4294967295 (flat: 4294967295) (invalid) is ready.
  63000: global: [sn:190] has 2 ready out of 7 sources. RTI 0)
  63000: system.cpu.rename: [tid:0] Looking up invalid arch reg 0, got phys reg 4294967295 (invalid)
  63000: system.cpu.rename: [tid:0] Register 4294967295 (flat: 4294967295) (invalid) is ready.
  63000: global: [sn:190] has 3 ready out of 7 sources. RTI 0)
  63000: system.cpu.rename: [tid:0] Looking up invalid arch reg 0, got phys reg 4294967295 (invalid)
  63000: system.cpu.rename: [tid:0] Register 4294967295 (flat: 4294967295) (invalid) is ready.
  63000: global: [sn:190] has 4 ready out of 7 sources. RTI 0)
  63000: system.cpu.rename: [tid:0] Looking up invalid arch reg 0, got phys reg 4294967295 (invalid)
  63000: system.cpu.rename: [tid:0] Register 4294967295 (flat: 4294967295) (invalid) is ready.
  63000: global: [sn:190] has 5 ready out of 7 sources. RTI 0)
  63000: global: Renamed reg rsp to physical reg 53 (53) old mapping was 40 (40)
  63000: system.cpu.rename: [tid:0] Renaming arch reg 4 (integer) to physical reg 53 (53).
  63000: system.cpu.rename: [tid:0] [sn:190] Adding instruction to history buffer (size=35).
  63000: global: Renamed reg condition_code[0] to physical reg 2645 (2645) old mapping was 2643 (2643)
  63000: system.cpu.rename: [tid:0] Renaming arch reg 0 (condition_code) to physical reg 13 (2645).
  63000: system.cpu.rename: [tid:0] [sn:190] Adding instruction to history buffer (size=36).
  63000: global: Renamed reg condition_code[1] to physical reg 2646 (2646) old mapping was 2644 (2644)
  63000: system.cpu.rename: [tid:0] Renaming arch reg 1 (condition_code) to physical reg 14 (2646).
  63000: system.cpu.rename: [tid:0] [sn:190] Adding instruction to history buffer (size=37).
  63000: system.cpu.rename: [tid:0] Renaming arch reg 0 (invalid) to physical reg 4294967295 (4294967295).
  63000: system.cpu.rename: [tid:0] [sn:190] Adding instruction to history buffer (size=38).
  63000: system.cpu.rename: [tid:0] Renaming arch reg 0 (invalid) to physical reg 4294967295 (4294967295).
  63000: system.cpu.rename: [tid:0] [sn:190] Adding instruction to history buffer (size=39).
  63000: system.cpu.rename: [tid:0] Renaming arch reg 0 (invalid) to physical reg 4294967295 (4294967295).
  63000: system.cpu.rename: [tid:0] [sn:190] Adding instruction to history buffer (size=40).
  63000: system.cpu.rename: [tid:0] Processing instruction [sn:200] with PC (0x40103c=>0x40103e).(0=>1).
  63000: system.cpu.rename: [tid:0] Looking up invalid arch reg 0, got phys reg 4294967295 (invalid)
  63000: system.cpu.rename: [tid:0] Register 4294967295 (flat: 4294967295) (invalid) is ready.
  63000: global: [sn:200] has 1 ready out of 3 sources. RTI 0)
  63000: system.cpu.rename: [tid:0] Looking up integer arch reg 2, got phys reg 51 (integer)
  63000: system.cpu.rename: [tid:0] Register 51 (flat: 51) (integer) is not ready.
  63000: system.cpu.rename: [tid:0] Looking up invalid arch reg 0, got phys reg 4294967295 (invalid)
  63000: system.cpu.rename: [tid:0] Register 4294967295 (flat: 4294967295) (invalid) is ready.
  63000: global: [sn:200] has 2 ready out of 3 sources. RTI 0)
  63000: global: Renamed reg rdi to physical reg 54 (54) old mapping was 7 (7)
  63000: system.cpu.rename: [tid:0] Renaming arch reg 7 (integer) to physical reg 54 (54).
  63000: system.cpu.rename: [tid:0] [sn:200] Adding instruction to history buffer (size=41).
  63000: system.cpu.rename: Activity this cycle.
  63000: system.cpu: Activity: 6
  63000: system.cpu.iew: Issue: Processing [tid:0]
  63000: system.cpu.iew: [tid:0] Not blocked, so attempting to run dispatch.
  63000: system.cpu.iew: [tid:0] Issue: Adding PC (0x401013=>0x40101b).(0=>1) [sn:70] [tid:0] to IQ.
  63000: system.cpu.iq: Adding instruction [sn:70] PC (0x401013=>0x40101b).(0=>1) to the IQ.
  63000: system.cpu.iq: Instruction is ready to issue, putting it onto the ready list, PC (0x401013=>0x40101b).(0=>1) opclass:1 [sn:70].
  63000: system.cpu.iew: [tid:0] Issue: Adding PC (0x401013=>0x40101b).(1=>2) [sn:80] [tid:0] to IQ.
  63000: system.cpu.iew: [tid:0] Issue: Memory instruction encountered, adding to LSQ.
  63000: system.cpu.iew.lsq.thread0: Inserting store PC (0x401013=>0x40101b).(1=>2), idx:2 [sn:80]
  63000: system.cpu.iq: Adding instruction [sn:80] PC (0x401013=>0x40101b).(1=>2) to the IQ.
  63000: system.cpu.iq: Instruction PC (0x401013=>0x40101b).(1=>2) has src reg 40 (integer) that is being added to the dependency chain.
  63000: system.cpu.iq: Instruction PC (0x401013=>0x40101b).(1=>2) has src reg 43 (integer) that is being added to the dependency chain.
  63000: memdepentry: Memory dependency entry created. memdep_count=3 (0x401013=>0x40101b).(1=>2)
  63000: system.cpu.memDep0: No dependency for inst PC (0x401013=>0x40101b).(1=>2) [sn:80].
  63000: system.cpu.memDep0: Inserting store/atomic PC (0x401013=>0x40101b).(1=>2) [sn:80].
  63000: system.cpu.iew: [tid:0] Issue: Adding PC (0x40101b=>0x401023).(0=>1) [sn:90] [tid:0] to IQ.
  63000: system.cpu.iq: Adding instruction [sn:90] PC (0x40101b=>0x401023).(0=>1) to the IQ.
  63000: system.cpu.iq: Instruction is ready to issue, putting it onto the ready list, PC (0x40101b=>0x401023).(0=>1) opclass:1 [sn:90].
  63000: system.cpu.iew: [tid:0] Issue: Adding PC (0x40101b=>0x401023).(1=>2) [sn:100] [tid:0] to IQ.
  63000: system.cpu.iew: [tid:0] Issue: Memory instruction encountered, adding to LSQ.
  63000: system.cpu.iew.lsq.thread0: Inserting store PC (0x40101b=>0x401023).(1=>2), idx:3 [sn:100]
  63000: system.cpu.iq: Adding instruction [sn:100] PC (0x40101b=>0x401023).(1=>2) to the IQ.
  63000: system.cpu.iq: Instruction PC (0x40101b=>0x401023).(1=>2) has src reg 40 (integer) that is being added to the dependency chain.
  63000: system.cpu.iq: Instruction PC (0x40101b=>0x401023).(1=>2) has src reg 44 (integer) that is being added to the dependency chain.
  63000: memdepentry: Memory dependency entry created. memdep_count=4 (0x40101b=>0x401023).(1=>2)
  63000: system.cpu.memDep0: No dependency for inst PC (0x40101b=>0x401023).(1=>2) [sn:100].
  63000: system.cpu.memDep0: Inserting store/atomic PC (0x40101b=>0x401023).(1=>2) [sn:100].
  63000: system.cpu.iew: [tid:0] Issue: Adding PC (0x401023=>0x401026).(0=>1) [sn:110] [tid:0] to IQ.
  63000: system.cpu.iew: [tid:0] Issue: Memory instruction encountered, adding to LSQ.
  63000: system.cpu.iew.lsq.thread0: Inserting load PC (0x401023=>0x401026).(0=>1), idx:0 [sn:110]
  63000: system.cpu.iq: Adding instruction [sn:110] PC (0x401023=>0x401026).(0=>1) to the IQ.
  63000: system.cpu.iq: Instruction PC (0x401023=>0x401026).(0=>1) has src reg 40 (integer) that is being added to the dependency chain.
  63000: memdepentry: Memory dependency entry created. memdep_count=5 (0x401023=>0x401026).(0=>1)
  63000: system.cpu.memDep0: No dependency for inst PC (0x401023=>0x401026).(0=>1) [sn:110].
  63000: system.cpu.iew: [tid:0] Issue: Adding PC (0x401026=>0x40102a).(0=>1) [sn:120] [tid:0] to IQ.
  63000: system.cpu.iew: [tid:0] Issue: Memory instruction encountered, adding to LSQ.
  63000: system.cpu.iew.lsq.thread0: Inserting load PC (0x401026=>0x40102a).(0=>1), idx:1 [sn:120]
  63000: system.cpu.iq: Adding instruction [sn:120] PC (0x401026=>0x40102a).(0=>1) to the IQ.
  63000: system.cpu.iq: Instruction PC (0x401026=>0x40102a).(0=>1) has src reg 40 (integer) that is being added to the dependency chain.
  63000: memdepentry: Memory dependency entry created. memdep_count=6 (0x401026=>0x40102a).(0=>1)
  63000: system.cpu.memDep0: No dependency for inst PC (0x401026=>0x40102a).(0=>1) [sn:120].
  63000: system.cpu.iew: Execute: Executing instructions from IQ.
  63000: system.cpu.iew: Execute: Processing PC (0x401000=>0x401004).(0=>1), [tid:0] [sn:10].
  63000: global: RegFile: Setting int register 39 to 0x10
  63000: system.cpu.iew: Current wb cycle: 0, width: 12, numInst: 0
wbActual:0
  63000: system.cpu.iew: Execute: Executing instructions from IQ.
  63000: system.cpu.iew: Execute: Processing PC (0x401004=>0x40100b).(0=>1), [tid:0] [sn:30].
  63000: global: RegFile: Setting int register 41 to 0x5
  63000: system.cpu.iew: Current wb cycle: 0, width: 12, numInst: 1
wbActual:1
  63000: system.cpu.iew: Execute: Executing instructions from IQ.
  63000: system.cpu.iew: Execute: Processing PC (0x40100b=>0x401013).(0=>1), [tid:0] [sn:50].
  63000: global: RegFile: Setting int register 42 to 0xa
  63000: system.cpu.iew: Current wb cycle: 0, width: 12, numInst: 2
wbActual:2
  63000: system.cpu.iew: Sending instructions to commit, [sn:10] PC (0x401000=>0x401004).(0=>1).
  63000: system.cpu.iq: Waking dependents of completed instruction.
  63000: system.cpu.iq: Waking any dependents on register 39 (integer).
  63000: system.cpu.iq: Waking up a dependent instruction, [sn:20] PC (0x401000=>0x401004).(1=>2).
  63000: global: [sn:20] has 7 ready out of 7 sources. RTI 0)
  63000: system.cpu.iq: Instruction is ready to issue, putting it onto the ready list, PC (0x401000=>0x401004).(1=>2) opclass:1 [sn:20].
  63000: system.cpu.iew: Setting Destination Register 39 (integer)
  63000: system.cpu.scoreboard: Setting reg 39 (integer) as ready
  63000: system.cpu.iew: Sending instructions to commit, [sn:30] PC (0x401004=>0x40100b).(0=>1).
  63000: system.cpu.iq: Waking dependents of completed instruction.
  63000: system.cpu.iq: Waking any dependents on register 41 (integer).
  63000: system.cpu.iq: Waking up a dependent instruction, [sn:40] PC (0x401004=>0x40100b).(1=>2).
  63000: global: [sn:40] has 3 ready out of 4 sources. RTI 0)
  63000: system.cpu.iew: Setting Destination Register 41 (integer)
  63000: system.cpu.scoreboard: Setting reg 41 (integer) as ready
  63000: system.cpu.iew: Sending instructions to commit, [sn:50] PC (0x40100b=>0x401013).(0=>1).
  63000: system.cpu.iq: Waking dependents of completed instruction.
  63000: system.cpu.iq: Waking any dependents on register 42 (integer).
  63000: system.cpu.iq: Waking up a dependent instruction, [sn:60] PC (0x40100b=>0x401013).(1=>2).
  63000: global: [sn:60] has 3 ready out of 4 sources. RTI 0)
  63000: system.cpu.iew: Setting Destination Register 42 (integer)
  63000: system.cpu.scoreboard: Setting reg 42 (integer) as ready
  63000: system.cpu.iq: Attempting to schedule ready instructions from the IQ.
  63000: system.cpu.iq: Thread 0: Issuing instruction PC (0x401000=>0x401004).(1=>2) [sn:20]
  63000: system.cpu.iq: Thread 0: Issuing instruction PC (0x401013=>0x40101b).(0=>1) [sn:70]
  63000: system.cpu.iq: Thread 0: Issuing instruction PC (0x40101b=>0x401023).(0=>1) [sn:90]
  63000: system.cpu.iew: Processing [tid:0]
  63000: system.cpu.iew.lsq.thread0: LQ size: 192, #loads occupied: 2
  63000: system.cpu.iew.lsq.thread0: SQ size: 114, #stores occupied: 4
  63000: system.cpu.iew: [tid:0], Dispatch dispatched 6 instructions.
  63000: system.cpu.iew.lsq.thread0: SQ size: 114, #stores occupied: 4
  63000: system.cpu.iew.lsq.thread0: LQ size: 192, #loads occupied: 2
  63000: system.cpu.iew: IQ has 198 free entries (Can schedule: 0).  LQ has 190 free entries. SQ has 110 free entries.
  63000: system.cpu.iew: Activity this cycle.
  63000: system.cpu.commit: Getting instructions from Rename stage.
  63000: system.cpu.commit: [tid:0] [sn:130] Inserting PC (0x40102a=>0x40102e).(0=>1) into ROB.
  63000: system.cpu.rob: Adding inst PC (0x40102a=>0x40102e).(0=>1) to the ROB.
  63000: system.cpu.rob: [tid:0] Now has 13 instructions.
  63000: system.cpu.commit: [tid:0] [sn:140] Inserting PC (0x40102e=>0x401032).(0=>1) into ROB.
  63000: system.cpu.rob: Adding inst PC (0x40102e=>0x401032).(0=>1) to the ROB.
  63000: system.cpu.rob: [tid:0] Now has 14 instructions.
  63000: system.cpu.commit: [tid:0] [sn:150] Inserting PC (0x401032=>0x401034).(0=>1) into ROB.
  63000: system.cpu.rob: Adding inst PC (0x401032=>0x401034).(0=>1) to the ROB.
  63000: system.cpu.rob: [tid:0] Now has 15 instructions.
  63000: system.cpu.commit: [tid:0] [sn:160] Inserting PC (0x401034=>0x401036).(0=>1) into ROB.
  63000: system.cpu.rob: Adding inst PC (0x401034=>0x401036).(0=>1) to the ROB.
  63000: system.cpu.rob: [tid:0] Now has 16 instructions.
  63000: system.cpu.commit: [tid:0] [sn:170] Inserting PC (0x401036=>0x401038).(0=>1) into ROB.
  63000: system.cpu.rob: Adding inst PC (0x401036=>0x401038).(0=>1) to the ROB.
  63000: system.cpu.rob: [tid:0] Now has 17 instructions.
  63000: system.cpu.commit: [tid:0] [sn:180] Inserting PC (0x401038=>0x40103c).(0=>1) into ROB.
  63000: system.cpu.rob: Adding inst PC (0x401038=>0x40103c).(0=>1) to the ROB.
  63000: system.cpu.rob: [tid:0] Now has 18 instructions.
  63000: system.cpu.commit: Trying to commit instructions in the ROB.
  63000: system.cpu.commit: [tid:0] Can't commit, Instruction [sn:10] PC (0x401000=>0x401004).(0=>1) is head of ROB and not ready
  63000: system.cpu.commit: [tid:0] ROB has 18 insts & 494 free entries.
  63000: system.cpu.commit: Activity This Cycle.
  63000: system.cpu: Scheduling next tick!
  64000: system.cpu: 

O3CPU: Ticking main, O3CPU.
  64000: system.cpu.fetch: Running stage.
  64000: system.cpu.fetch: There are no more threads available to fetch from.
  64000: system.cpu.fetch: [tid:0] Fetch is waiting cache response!
  64000: system.cpu.decode: Processing [tid:0]
  64000: system.cpu.decode: [tid:0] Bypass moves from Rename: 0
  64000: system.cpu.decode: [tid:0] Not blocked, so attempting to run stage.
  64000: system.cpu.decode: [tid:0] Nothing to do, breaking out early.
  64000: system.cpu.rename: Processing [tid:0]
  64000: system.cpu.rename: [tid:0] Free IQ: 198, Free ROB: 494, Free LQ: 190, Free SQ: 110, FreeRM 63(457 464 511 1022 63 8 2545)
  64000: system.cpu.rename: [tid:0] 14 instructions not yet in ROB
  64000: system.cpu.rename: calcFreeLQEntries: free lqEntries: 190, loadsInProgress: 4, loads dispatchedToLQ: 2
  64000: system.cpu.rename: [tid:0] Not blocked, so attempting to run stage.
  64000: system.cpu.rename: [tid:0] Nothing to do, breaking out early.
  64000: system.cpu.iew: Issue: Processing [tid:0]
  64000: system.cpu.iew: [tid:0] Not blocked, so attempting to run dispatch.
  64000: system.cpu.iew: [tid:0] Issue: Adding PC (0x40102a=>0x40102e).(0=>1) [sn:130] [tid:0] to IQ.
  64000: system.cpu.iew: [tid:0] Issue: Memory instruction encountered, adding to LSQ.
  64000: system.cpu.iew.lsq.thread0: Inserting load PC (0x40102a=>0x40102e).(0=>1), idx:2 [sn:130]
  64000: system.cpu.iq: Adding instruction [sn:130] PC (0x40102a=>0x40102e).(0=>1) to the IQ.
  64000: system.cpu.iq: Instruction PC (0x40102a=>0x40102e).(0=>1) has src reg 40 (integer) that is being added to the dependency chain.
  64000: memdepentry: Memory dependency entry created. memdep_count=7 (0x40102a=>0x40102e).(0=>1)
  64000: system.cpu.memDep0: No dependency for inst PC (0x40102a=>0x40102e).(0=>1) [sn:130].
  64000: system.cpu.iew: [tid:0] Issue: Adding PC (0x40102e=>0x401032).(0=>1) [sn:140] [tid:0] to IQ.
  64000: system.cpu.iew: [tid:0] Issue: Memory instruction encountered, adding to LSQ.
  64000: system.cpu.iew.lsq.thread0: Inserting load PC (0x40102e=>0x401032).(0=>1), idx:3 [sn:140]
  64000: system.cpu.iq: Adding instruction [sn:140] PC (0x40102e=>0x401032).(0=>1) to the IQ.
  64000: system.cpu.iq: Instruction PC (0x40102e=>0x401032).(0=>1) has src reg 40 (integer) that is being added to the dependency chain.
  64000: memdepentry: Memory dependency entry created. memdep_count=8 (0x40102e=>0x401032).(0=>1)
  64000: system.cpu.memDep0: No dependency for inst PC (0x40102e=>0x401032).(0=>1) [sn:140].
  64000: system.cpu.iew: [tid:0] Issue: Adding PC (0x401032=>0x401034).(0=>1) [sn:150] [tid:0] to IQ.
  64000: system.cpu.iq: Adding instruction [sn:150] PC (0x401032=>0x401034).(0=>1) to the IQ.
  64000: system.cpu.iq: Instruction PC (0x401032=>0x401034).(0=>1) has src reg 46 (integer) that is being added to the dependency chain.
  64000: system.cpu.iq: Instruction PC (0x401032=>0x401034).(0=>1) has src reg 45 (integer) that is being added to the dependency chain.
  64000: system.cpu.iew: [tid:0] Issue: Adding PC (0x401034=>0x401036).(0=>1) [sn:160] [tid:0] to IQ.
  64000: system.cpu.iq: Adding instruction [sn:160] PC (0x401034=>0x401036).(0=>1) to the IQ.
  64000: system.cpu.iq: Instruction PC (0x401034=>0x401036).(0=>1) has src reg 48 (integer) that is being added to the dependency chain.
  64000: system.cpu.iq: Instruction PC (0x401034=>0x401036).(0=>1) has src reg 47 (integer) that is being added to the dependency chain.
  64000: system.cpu.iew: [tid:0] Issue: Adding PC (0x401036=>0x401038).(0=>1) [sn:170] [tid:0] to IQ.
  64000: system.cpu.iq: Adding instruction [sn:170] PC (0x401036=>0x401038).(0=>1) to the IQ.
  64000: system.cpu.iq: Instruction PC (0x401036=>0x401038).(0=>1) has src reg 50 (integer) that is being added to the dependency chain.
  64000: system.cpu.iq: Instruction PC (0x401036=>0x401038).(0=>1) has src reg 49 (integer) that is being added to the dependency chain.
  64000: system.cpu.iew: [tid:0] Issue: Adding PC (0x401038=>0x40103c).(0=>1) [sn:180] [tid:0] to IQ.
  64000: system.cpu.iq: Adding instruction [sn:180] PC (0x401038=>0x40103c).(0=>1) to the IQ.
  64000: system.cpu.iq: Instruction is ready to issue, putting it onto the ready list, PC (0x401038=>0x40103c).(0=>1) opclass:1 [sn:180].
  64000: system.cpu.iew: Execute: Executing instructions from IQ.
  64000: system.cpu.iew: Execute: Processing PC (0x401000=>0x401004).(1=>2), [tid:0] [sn:20].
  64000: global: RegFile: Access to int register 4, has data 0x7fffffffee20
  64000: global: RegFile: Access to int register 39, has data 0x10
  64000: global: RegFile: Setting int register 40 to 0x7fffffffee10
  64000: global: RegFile: Setting cc register 5 to 0
  64000: global: RegFile: Setting cc register 6 to 0
  64000: system.cpu.iew: Current wb cycle: 0, width: 12, numInst: 0
wbActual:0
  64000: system.cpu.iew: Execute: Executing instructions from IQ.
  64000: system.cpu.iew: Execute: Processing PC (0x401013=>0x40101b).(0=>1), [tid:0] [sn:70].
  64000: global: RegFile: Setting int register 43 to 0xf
  64000: system.cpu.iew: Current wb cycle: 0, width: 12, numInst: 1
wbActual:1
  64000: system.cpu.iew: Execute: Executing instructions from IQ.
  64000: system.cpu.iew: Execute: Processing PC (0x40101b=>0x401023).(0=>1), [tid:0] [sn:90].
  64000: global: RegFile: Setting int register 44 to 0x14
  64000: system.cpu.iew: Current wb cycle: 0, width: 12, numInst: 2
wbActual:2
  64000: system.cpu: Activity: 7
  64000: system.cpu.iew: Sending instructions to commit, [sn:20] PC (0x401000=>0x401004).(1=>2).
  64000: system.cpu.iq: Waking dependents of completed instruction.
  64000: system.cpu.iq: Waking any dependents on register 40 (integer).
  64000: system.cpu.iq: Waking up a dependent instruction, [sn:140] PC (0x40102e=>0x401032).(0=>1).
  64000: global: [sn:140] has 3 ready out of 3 sources. RTI 0)
  64000: system.cpu.iq: Checking if memory instruction can issue.
  64000: system.cpu.memDep0: Marking registers as ready for instruction PC (0x40102e=>0x401032).(0=>1) [sn:140].
  64000: system.cpu.memDep0: Instruction has its memory dependencies resolved, adding it to the ready list.
  64000: system.cpu.memDep0: Adding instruction [sn:140] to the ready list.
  64000: system.cpu.iq: Instruction is ready to issue, putting it onto the ready list, PC (0x40102e=>0x401032).(0=>1) opclass:52 [sn:140].
  64000: system.cpu.iq: Waking up a dependent instruction, [sn:130] PC (0x40102a=>0x40102e).(0=>1).
  64000: global: [sn:130] has 3 ready out of 3 sources. RTI 0)
  64000: system.cpu.iq: Checking if memory instruction can issue.
  64000: system.cpu.memDep0: Marking registers as ready for instruction PC (0x40102a=>0x40102e).(0=>1) [sn:130].
  64000: system.cpu.memDep0: Instruction has its memory dependencies resolved, adding it to the ready list.
  64000: system.cpu.memDep0: Adding instruction [sn:130] to the ready list.
  64000: system.cpu.iq: Instruction is ready to issue, putting it onto the ready list, PC (0x40102a=>0x40102e).(0=>1) opclass:52 [sn:130].
  64000: system.cpu.iq: Waking up a dependent instruction, [sn:120] PC (0x401026=>0x40102a).(0=>1).
  64000: global: [sn:120] has 3 ready out of 3 sources. RTI 0)
  64000: system.cpu.iq: Checking if memory instruction can issue.
  64000: system.cpu.memDep0: Marking registers as ready for instruction PC (0x401026=>0x40102a).(0=>1) [sn:120].
  64000: system.cpu.memDep0: Instruction has its memory dependencies resolved, adding it to the ready list.
  64000: system.cpu.memDep0: Adding instruction [sn:120] to the ready list.
  64000: system.cpu.iq: Instruction is ready to issue, putting it onto the ready list, PC (0x401026=>0x40102a).(0=>1) opclass:52 [sn:120].
  64000: system.cpu.iq: Waking up a dependent instruction, [sn:110] PC (0x401023=>0x401026).(0=>1).
  64000: global: [sn:110] has 3 ready out of 3 sources. RTI 0)
  64000: system.cpu.iq: Checking if memory instruction can issue.
  64000: system.cpu.memDep0: Marking registers as ready for instruction PC (0x401023=>0x401026).(0=>1) [sn:110].
  64000: system.cpu.memDep0: Instruction has its memory dependencies resolved, adding it to the ready list.
  64000: system.cpu.memDep0: Adding instruction [sn:110] to the ready list.
  64000: system.cpu.iq: Instruction is ready to issue, putting it onto the ready list, PC (0x401023=>0x401026).(0=>1) opclass:52 [sn:110].
  64000: system.cpu.iq: Waking up a dependent instruction, [sn:100] PC (0x40101b=>0x401023).(1=>2).
  64000: global: [sn:100] has 3 ready out of 4 sources. RTI 0)
  64000: system.cpu.iq: Waking up a dependent instruction, [sn:80] PC (0x401013=>0x40101b).(1=>2).
  64000: global: [sn:80] has 3 ready out of 4 sources. RTI 0)
  64000: system.cpu.iq: Waking up a dependent instruction, [sn:60] PC (0x40100b=>0x401013).(1=>2).
  64000: global: [sn:60] has 4 ready out of 4 sources. RTI 0)
  64000: system.cpu.iq: Checking if memory instruction can issue.
  64000: system.cpu.memDep0: Marking registers as ready for instruction PC (0x40100b=>0x401013).(1=>2) [sn:60].
  64000: system.cpu.memDep0: Instruction has its memory dependencies resolved, adding it to the ready list.
  64000: system.cpu.memDep0: Adding instruction [sn:60] to the ready list.
  64000: system.cpu.iq: Instruction is ready to issue, putting it onto the ready list, PC (0x40100b=>0x401013).(1=>2) opclass:53 [sn:60].
  64000: system.cpu.iq: Waking up a dependent instruction, [sn:40] PC (0x401004=>0x40100b).(1=>2).
  64000: global: [sn:40] has 4 ready out of 4 sources. RTI 0)
  64000: system.cpu.iq: Checking if memory instruction can issue.
  64000: system.cpu.memDep0: Marking registers as ready for instruction PC (0x401004=>0x40100b).(1=>2) [sn:40].
  64000: system.cpu.memDep0: Instruction has its memory dependencies resolved, adding it to the ready list.
  64000: system.cpu.memDep0: Adding instruction [sn:40] to the ready list.
  64000: system.cpu.iq: Instruction is ready to issue, putting it onto the ready list, PC (0x401004=>0x40100b).(1=>2) opclass:53 [sn:40].
  64000: system.cpu.iq: Waking any dependents on register 5 (condition_code).
  64000: system.cpu.iq: Waking any dependents on register 6 (condition_code).
  64000: system.cpu.iq: Reg 4294967295 [invalid] is part of a fix mapping, skipping
  64000: system.cpu.iq: Reg 4294967295 [invalid] is part of a fix mapping, skipping
  64000: system.cpu.iq: Reg 4294967295 [invalid] is part of a fix mapping, skipping
  64000: system.cpu.iew: Setting Destination Register 40 (integer)
  64000: system.cpu.scoreboard: Setting reg 40 (integer) as ready
  64000: system.cpu.iew: Setting Destination Register 5 (condition_code)
  64000: system.cpu.scoreboard: Setting reg 5 (condition_code) as ready
  64000: system.cpu.iew: Setting Destination Register 6 (condition_code)
  64000: system.cpu.scoreboard: Setting reg 6 (condition_code) as ready
  64000: system.cpu.iew: Setting Destination Register 4294967295 (invalid)
  64000: system.cpu.iew: Setting Destination Register 4294967295 (invalid)
  64000: system.cpu.iew: Setting Destination Register 4294967295 (invalid)
  64000: system.cpu.iew: Sending instructions to commit, [sn:70] PC (0x401013=>0x40101b).(0=>1).
  64000: system.cpu.iq: Waking dependents of completed instruction.
  64000: system.cpu.iq: Waking any dependents on register 43 (integer).
  64000: system.cpu.iq: Waking up a dependent instruction, [sn:80] PC (0x401013=>0x40101b).(1=>2).
  64000: global: [sn:80] has 4 ready out of 4 sources. RTI 0)
  64000: system.cpu.iq: Checking if memory instruction can issue.
  64000: system.cpu.memDep0: Marking registers as ready for instruction PC (0x401013=>0x40101b).(1=>2) [sn:80].
  64000: system.cpu.memDep0: Instruction has its memory dependencies resolved, adding it to the ready list.
  64000: system.cpu.memDep0: Adding instruction [sn:80] to the ready list.
  64000: system.cpu.iq: Instruction is ready to issue, putting it onto the ready list, PC (0x401013=>0x40101b).(1=>2) opclass:53 [sn:80].
  64000: system.cpu.iew: Setting Destination Register 43 (integer)
  64000: system.cpu.scoreboard: Setting reg 43 (integer) as ready
  64000: system.cpu.iew: Sending instructions to commit, [sn:90] PC (0x40101b=>0x401023).(0=>1).
  64000: system.cpu.iq: Waking dependents of completed instruction.
  64000: system.cpu.iq: Waking any dependents on register 44 (integer).
  64000: system.cpu.iq: Waking up a dependent instruction, [sn:100] PC (0x40101b=>0x401023).(1=>2).
  64000: global: [sn:100] has 4 ready out of 4 sources. RTI 0)
  64000: system.cpu.iq: Checking if memory instruction can issue.
  64000: system.cpu.memDep0: Marking registers as ready for instruction PC (0x40101b=>0x401023).(1=>2) [sn:100].
  64000: system.cpu.memDep0: Instruction has its memory dependencies resolved, adding it to the ready list.
  64000: system.cpu.memDep0: Adding instruction [sn:100] to the ready list.
  64000: system.cpu.iq: Instruction is ready to issue, putting it onto the ready list, PC (0x40101b=>0x401023).(1=>2) opclass:53 [sn:100].
  64000: system.cpu.iew: Setting Destination Register 44 (integer)
  64000: system.cpu.scoreboard: Setting reg 44 (integer) as ready
  64000: system.cpu.iq: Attempting to schedule ready instructions from the IQ.
  64000: system.cpu.iq: Thread 0: Issuing instruction PC (0x401004=>0x40100b).(1=>2) [sn:40]
  64000: system.cpu.memDep0: Issuing instruction PC 0x401004 [sn:40].
  64000: system.cpu.iq: Thread 0: Issuing instruction PC (0x40100b=>0x401013).(1=>2) [sn:60]
  64000: system.cpu.memDep0: Issuing instruction PC 0x40100b [sn:60].
  64000: system.cpu.iq: Thread 0: Issuing instruction PC (0x401013=>0x40101b).(1=>2) [sn:80]
  64000: system.cpu.memDep0: Issuing instruction PC 0x401013 [sn:80].
  64000: system.cpu.iq: Thread 0: Issuing instruction PC (0x40101b=>0x401023).(1=>2) [sn:100]
  64000: system.cpu.memDep0: Issuing instruction PC 0x40101b [sn:100].
  64000: system.cpu.iq: Thread 0: Issuing instruction PC (0x401023=>0x401026).(0=>1) [sn:110]
  64000: system.cpu.memDep0: Issuing instruction PC 0x401023 [sn:110].
  64000: system.cpu.iq: Thread 0: Issuing instruction PC (0x401026=>0x40102a).(0=>1) [sn:120]
  64000: system.cpu.memDep0: Issuing instruction PC 0x401026 [sn:120].
  64000: system.cpu.iq: Thread 0: Issuing instruction PC (0x40102a=>0x40102e).(0=>1) [sn:130]
  64000: system.cpu.memDep0: Issuing instruction PC 0x40102a [sn:130].
  64000: system.cpu.iq: Thread 0: Issuing instruction PC (0x40102e=>0x401032).(0=>1) [sn:140]
  64000: system.cpu.memDep0: Issuing instruction PC 0x40102e [sn:140].
  64000: system.cpu.iq: Thread 0: Issuing instruction PC (0x401038=>0x40103c).(0=>1) [sn:180]
  64000: system.cpu.iew: Processing [tid:0]
  64000: system.cpu.iew.lsq.thread0: LQ size: 192, #loads occupied: 4
  64000: system.cpu.iew.lsq.thread0: SQ size: 114, #stores occupied: 4
  64000: system.cpu.iew: [tid:0], Dispatch dispatched 6 instructions.
  64000: system.cpu.iew.lsq.thread0: SQ size: 114, #stores occupied: 4
  64000: system.cpu.iew.lsq.thread0: LQ size: 192, #loads occupied: 4
  64000: system.cpu.iew: IQ has 193 free entries (Can schedule: 0).  LQ has 188 free entries. SQ has 110 free entries.
  64000: system.cpu.iew: Activity this cycle.
  64000: system.cpu.commit: Getting instructions from Rename stage.
  64000: system.cpu.commit: [tid:0] [sn:190] Inserting PC (0x401038=>0x40103c).(1=>2) into ROB.
  64000: system.cpu.rob: Adding inst PC (0x401038=>0x40103c).(1=>2) to the ROB.
  64000: system.cpu.rob: [tid:0] Now has 19 instructions.
  64000: system.cpu.commit: [tid:0] [sn:200] Inserting PC (0x40103c=>0x40103e).(0=>1) into ROB.
  64000: system.cpu.rob: Adding inst PC (0x40103c=>0x40103e).(0=>1) to the ROB.
  64000: system.cpu.rob: [tid:0] Now has 20 instructions.
  64000: system.cpu.commit: Trying to commit instructions in the ROB.
  64000: system.cpu.commit: [tid:0] Marking PC (0x401000=>0x401004).(0=>1), [sn:10] ready within ROB.
  64000: system.cpu.commit: [tid:0] Marking PC (0x401004=>0x40100b).(0=>1), [sn:30] ready within ROB.
  64000: system.cpu.commit: [tid:0] Marking PC (0x40100b=>0x401013).(0=>1), [sn:50] ready within ROB.
  64000: system.cpu.commit: [tid:0] Instruction [sn:10] PC (0x401000=>0x401004).(0=>1) is head of ROB and ready to commit
  64000: system.cpu.commit: [tid:0] ROB has 20 insts & 492 free entries.
  64000: system.cpu.commit: Activity This Cycle.
  64000: system.cpu.commit: Activating stage.
  64000: system.cpu: Activity: 8
  64000: system.cpu: Scheduling next tick!
  65000: system.cpu: 

O3CPU: Ticking main, O3CPU.
  65000: system.cpu.fetch: Running stage.
  65000: system.cpu.fetch: There are no more threads available to fetch from.
  65000: system.cpu.fetch: [tid:0] Fetch is waiting cache response!
  65000: system.cpu.decode: Processing [tid:0]
  65000: system.cpu.decode: [tid:0] Bypass moves from Rename: 0
  65000: system.cpu.decode: [tid:0] Not blocked, so attempting to run stage.
  65000: system.cpu.decode: [tid:0] Nothing to do, breaking out early.
  65000: system.cpu.rename: Processing [tid:0]
  65000: system.cpu.rename: [tid:0] Free IQ: 193, Free ROB: 492, Free LQ: 188, Free SQ: 110, FreeRM 63(457 464 511 1022 63 8 2545)
  65000: system.cpu.rename: [tid:0] 8 instructions not yet in ROB
  65000: system.cpu.rename: calcFreeLQEntries: free lqEntries: 188, loadsInProgress: 2, loads dispatchedToLQ: 2
  65000: system.cpu.rename: [tid:0] Not blocked, so attempting to run stage.
  65000: system.cpu.rename: [tid:0] Nothing to do, breaking out early.
  65000: system.cpu.iew: Issue: Processing [tid:0]
  65000: system.cpu.iew: [tid:0] Not blocked, so attempting to run dispatch.
  65000: system.cpu.iew: [tid:0] Issue: Adding PC (0x401038=>0x40103c).(1=>2) [sn:190] [tid:0] to IQ.
  65000: system.cpu.iq: Adding instruction [sn:190] PC (0x401038=>0x40103c).(1=>2) to the IQ.
  65000: system.cpu.iq: Instruction PC (0x401038=>0x40103c).(1=>2) has src reg 40 (integer) that became ready before it reached the IQ.
  65000: global: [sn:190] has 6 ready out of 7 sources. RTI 0)
  65000: system.cpu.iq: Instruction PC (0x401038=>0x40103c).(1=>2) has src reg 52 (integer) that is being added to the dependency chain.
  65000: system.cpu.iew: [tid:0] Issue: Adding PC (0x40103c=>0x40103e).(0=>1) [sn:200] [tid:0] to IQ.
  65000: system.cpu.iq: Adding instruction [sn:200] PC (0x40103c=>0x40103e).(0=>1) to the IQ.
  65000: system.cpu.iq: Instruction PC (0x40103c=>0x40103e).(0=>1) has src reg 51 (integer) that is being added to the dependency chain.
  65000: system.cpu.iew: Execute: Executing instructions from IQ.
  65000: system.cpu.iew: Execute: Processing PC (0x401004=>0x40100b).(1=>2), [tid:0] [sn:40].
  65000: system.cpu.iew: Execute: Calculating address for memory reference.
  65000: system.cpu.iew.lsq.thread0: Executing store PC (0x401004=>0x40100b).(1=>2) [sn:40]
  65000: global: RegFile: Access to int register 40, has data 0x7fffffffee10
  65000: global: RegFile: Access to int register 41, has data 0x5
  65000: system.cpu.iew.lsq.thread0: Doing write to store idx 0, addr 0x2e10 | storeHead:0 [sn:40]
  65000: system.cpu.iew: Current wb cycle: 0, width: 12, numInst: 0
wbActual:0
  65000: system.cpu.iew: Activity this cycle.
  65000: system.cpu: Activity: 9
  65000: system.cpu.iew: Execute: Executing instructions from IQ.
  65000: system.cpu.iew: Execute: Processing PC (0x40100b=>0x401013).(1=>2), [tid:0] [sn:60].
  65000: system.cpu.iew: Execute: Calculating address for memory reference.
  65000: system.cpu.iew.lsq.thread0: Executing store PC (0x40100b=>0x401013).(1=>2) [sn:60]
  65000: global: RegFile: Access to int register 40, has data 0x7fffffffee10
  65000: global: RegFile: Access to int register 42, has data 0xa
  65000: system.cpu.iew.lsq.thread0: Doing write to store idx 1, addr 0x2e14 | storeHead:0 [sn:60]
  65000: system.cpu.iew: Current wb cycle: 0, width: 12, numInst: 1
wbActual:1
  65000: system.cpu.iew: Activity this cycle.
  65000: system.cpu.iew: Execute: Executing instructions from IQ.
  65000: system.cpu.iew: Execute: Processing PC (0x401013=>0x40101b).(1=>2), [tid:0] [sn:80].
  65000: system.cpu.iew: Execute: Calculating address for memory reference.
  65000: system.cpu.iew.lsq.thread0: Executing store PC (0x401013=>0x40101b).(1=>2) [sn:80]
  65000: global: RegFile: Access to int register 40, has data 0x7fffffffee10
  65000: global: RegFile: Access to int register 43, has data 0xf
  65000: system.cpu.iew.lsq.thread0: Doing write to store idx 2, addr 0x2e18 | storeHead:0 [sn:80]
  65000: system.cpu.iew: Current wb cycle: 0, width: 12, numInst: 2
wbActual:2
  65000: system.cpu.iew: Activity this cycle.
  65000: system.cpu.iew: Execute: Executing instructions from IQ.
  65000: system.cpu.iew: Execute: Processing PC (0x40101b=>0x401023).(1=>2), [tid:0] [sn:100].
  65000: system.cpu.iew: Execute: Calculating address for memory reference.
  65000: system.cpu.iew.lsq.thread0: Executing store PC (0x40101b=>0x401023).(1=>2) [sn:100]
  65000: global: RegFile: Access to int register 40, has data 0x7fffffffee10
  65000: global: RegFile: Access to int register 44, has data 0x14
  65000: system.cpu.iew.lsq.thread0: Doing write to store idx 3, addr 0x2e1c | storeHead:0 [sn:100]
  65000: system.cpu.iew: Current wb cycle: 0, width: 12, numInst: 3
wbActual:3
  65000: system.cpu.iew: Activity this cycle.
  65000: system.cpu.iew: Execute: Executing instructions from IQ.
  65000: system.cpu.iew: Execute: Processing PC (0x401023=>0x401026).(0=>1), [tid:0] [sn:110].
  65000: system.cpu.iew: Execute: Calculating address for memory reference.
  65000: system.cpu.iew.lsq.thread0: Executing load PC (0x401023=>0x401026).(0=>1), [sn:110]
  65000: global: RegFile: Access to int register 40, has data 0x7fffffffee10
  65000: system.cpu.iew.lsq.thread0: Read called, load idx: 0, store idx: 5, storeHead: 0 addr: 0x2e10
  65000: system.cpu.iew.lsq.thread0: Forwarding from store idx 1 to load to addr 0x7fffffffee10
  65000: system.cpu.iew: Execute: Executing instructions from IQ.
  65000: system.cpu.iew: Execute: Processing PC (0x401026=>0x40102a).(0=>1), [tid:0] [sn:120].
  65000: system.cpu.iew: Execute: Calculating address for memory reference.
  65000: system.cpu.iew.lsq.thread0: Executing load PC (0x401026=>0x40102a).(0=>1), [sn:120]
  65000: global: RegFile: Access to int register 40, has data 0x7fffffffee10
  65000: system.cpu.iew.lsq.thread0: Read called, load idx: 1, store idx: 5, storeHead: 0 addr: 0x2e14
  65000: system.cpu.iew.lsq.thread0: Forwarding from store idx 2 to load to addr 0x7fffffffee14
  65000: system.cpu.iew: Execute: Executing instructions from IQ.
  65000: system.cpu.iew: Execute: Processing PC (0x40102a=>0x40102e).(0=>1), [tid:0] [sn:130].
  65000: system.cpu.iew: Execute: Calculating address for memory reference.
  65000: system.cpu.iew.lsq.thread0: Executing load PC (0x40102a=>0x40102e).(0=>1), [sn:130]
  65000: global: RegFile: Access to int register 40, has data 0x7fffffffee10
  65000: system.cpu.iew.lsq.thread0: Read called, load idx: 2, store idx: 5, storeHead: 0 addr: 0x2e18
  65000: system.cpu.iew.lsq.thread0: Forwarding from store idx 3 to load to addr 0x7fffffffee18
  65000: system.cpu.iew: Execute: Executing instructions from IQ.
  65000: system.cpu.iew: Execute: Processing PC (0x40102e=>0x401032).(0=>1), [tid:0] [sn:140].
  65000: system.cpu.iew: Execute: Calculating address for memory reference.
  65000: system.cpu.iew.lsq.thread0: Executing load PC (0x40102e=>0x401032).(0=>1), [sn:140]
  65000: global: RegFile: Access to int register 40, has data 0x7fffffffee10
  65000: system.cpu.iew.lsq.thread0: Read called, load idx: 3, store idx: 5, storeHead: 0 addr: 0x2e1c
  65000: system.cpu.iew.lsq.thread0: Forwarding from store idx 4 to load to addr 0x7fffffffee1c
  65000: system.cpu.iew: Execute: Executing instructions from IQ.
  65000: system.cpu.iew: Execute: Processing PC (0x401038=>0x40103c).(0=>1), [tid:0] [sn:180].
  65000: global: RegFile: Setting int register 52 to 0x10
  65000: system.cpu.iew: Current wb cycle: 0, width: 12, numInst: 4
wbActual:4
  65000: system.cpu.iew: Sending instructions to commit, [sn:40] PC (0x401004=>0x40100b).(1=>2).
  65000: system.cpu.iq: Waking dependents of completed instruction.
  65000: system.cpu.memDep0: Completed mem instruction PC (0x401004=>0x40100b).(1=>2) [sn:40].
  65000: memdepentry: Memory dependency entry deleted. memdep_count=7 (0x401004=>0x40100b).(1=>2)
  65000: system.cpu.iq: Completing mem instruction PC: (0x401004=>0x40100b).(1=>2) [sn:40]
  65000: system.cpu.iew: Sending instructions to commit, [sn:60] PC (0x40100b=>0x401013).(1=>2).
  65000: system.cpu.iq: Waking dependents of completed instruction.
  65000: system.cpu.memDep0: Completed mem instruction PC (0x40100b=>0x401013).(1=>2) [sn:60].
  65000: memdepentry: Memory dependency entry deleted. memdep_count=6 (0x40100b=>0x401013).(1=>2)
  65000: system.cpu.iq: Completing mem instruction PC: (0x40100b=>0x401013).(1=>2) [sn:60]
  65000: system.cpu.iew: Sending instructions to commit, [sn:80] PC (0x401013=>0x40101b).(1=>2).
  65000: system.cpu.iq: Waking dependents of completed instruction.
  65000: system.cpu.memDep0: Completed mem instruction PC (0x401013=>0x40101b).(1=>2) [sn:80].
  65000: memdepentry: Memory dependency entry deleted. memdep_count=5 (0x401013=>0x40101b).(1=>2)
  65000: system.cpu.iq: Completing mem instruction PC: (0x401013=>0x40101b).(1=>2) [sn:80]
  65000: system.cpu.iew: Sending instructions to commit, [sn:100] PC (0x40101b=>0x401023).(1=>2).
  65000: system.cpu.iq: Waking dependents of completed instruction.
  65000: system.cpu.memDep0: Completed mem instruction PC (0x40101b=>0x401023).(1=>2) [sn:100].
  65000: memdepentry: Memory dependency entry deleted. memdep_count=4 (0x40101b=>0x401023).(1=>2)
  65000: system.cpu.iq: Completing mem instruction PC: (0x40101b=>0x401023).(1=>2) [sn:100]
  65000: system.cpu.iew: Sending instructions to commit, [sn:180] PC (0x401038=>0x40103c).(0=>1).
  65000: system.cpu.iq: Waking dependents of completed instruction.
  65000: system.cpu.iq: Waking any dependents on register 52 (integer).
  65000: system.cpu.iq: Waking up a dependent instruction, [sn:190] PC (0x401038=>0x40103c).(1=>2).
  65000: global: [sn:190] has 7 ready out of 7 sources. RTI 0)
  65000: system.cpu.iq: Instruction is ready to issue, putting it onto the ready list, PC (0x401038=>0x40103c).(1=>2) opclass:1 [sn:190].
  65000: system.cpu.iew: Setting Destination Register 52 (integer)
  65000: system.cpu.scoreboard: Setting reg 52 (integer) as ready
  65000: system.cpu.iq: Attempting to schedule ready instructions from the IQ.
  65000: system.cpu.iq: Thread 0: Issuing instruction PC (0x401038=>0x40103c).(1=>2) [sn:190]
  65000: system.cpu.iew: Processing [tid:0]
  65000: system.cpu.iew.lsq.thread0: LQ size: 192, #loads occupied: 4
  65000: system.cpu.iew.lsq.thread0: SQ size: 114, #stores occupied: 4
  65000: system.cpu.iew: [tid:0], Dispatch dispatched 2 instructions.
  65000: system.cpu.iew.lsq.thread0: SQ size: 114, #stores occupied: 4
  65000: system.cpu.iew.lsq.thread0: LQ size: 192, #loads occupied: 4
  65000: system.cpu.iew: IQ has 196 free entries (Can schedule: 0).  LQ has 188 free entries. SQ has 110 free entries.
  65000: system.cpu.iew: Activity this cycle.
  65000: system.cpu.commit: Getting instructions from Rename stage.
  65000: system.cpu.commit: Trying to commit instructions in the ROB.
  65000: system.cpu.commit: Trying to commit head instruction, [tid:0] [sn:10]
  65000: system.cpu.commit: [tid:0] [sn:10] Committing instruction with PC (0x401000=>0x401004).(0=>1)
  65000: system.cpu.rob: [tid:0] Retiring head instruction, instruction PC (0x401000=>0x401004).(0=>1), [sn:10]
  65000: system.cpu: Removing committed instruction [tid:0] PC (0x401000=>0x401004).(0=>1) [sn:10]
  65000: system.cpu.commit: [tid:0] Marking PC (0x401000=>0x401004).(1=>2), [sn:20] ready within ROB.
  65000: system.cpu.commit: [tid:0] Marking PC (0x401013=>0x40101b).(0=>1), [sn:70] ready within ROB.
  65000: system.cpu.commit: [tid:0] Marking PC (0x40101b=>0x401023).(0=>1), [sn:90] ready within ROB.
  65000: system.cpu.commit: [tid:0] Instruction [sn:20] PC (0x401000=>0x401004).(1=>2) is head of ROB and ready to commit
  65000: system.cpu.commit: [tid:0] ROB has 19 insts & 493 free entries.
  65000: system.cpu.commit: Activity This Cycle.
  65000: system.cpu: Removing instruction, [tid:0] [sn:10] PC (0x401000=>0x401004).(0=>1)
  65000: system.cpu: Scheduling next tick!
  66000: system.cpu: 

O3CPU: Ticking main, O3CPU.
  66000: system.cpu.fetch: Running stage.
  66000: system.cpu.fetch: There are no more threads available to fetch from.
  66000: system.cpu.fetch: [tid:0] Fetch is waiting cache response!
  66000: system.cpu.decode: Processing [tid:0]
  66000: system.cpu.decode: [tid:0] Bypass moves from Rename: 0
  66000: system.cpu.decode: [tid:0] Not blocked, so attempting to run stage.
  66000: system.cpu.decode: [tid:0] Nothing to do, breaking out early.
  66000: system.cpu.rename: Processing [tid:0]
  66000: system.cpu.rename: [tid:0] Free IQ: 196, Free ROB: 493, Free LQ: 188, Free SQ: 110, FreeRM 63(457 464 511 1022 63 8 2545)
  66000: system.cpu.rename: [tid:0] 2 instructions not yet in ROB
  66000: system.cpu.rename: calcFreeLQEntries: free lqEntries: 188, loadsInProgress: 0, loads dispatchedToLQ: 0
  66000: system.cpu.rename: [tid:0] Not blocked, so attempting to run stage.
  66000: system.cpu.rename: [tid:0] Nothing to do, breaking out early.
  66000: system.cpu.rename: [tid:0] Removing a committed instruction from the history buffer 0 (size=41), until [sn:10].
  66000: system.cpu.rename: [tid:0] Freeing up older rename of reg 17 (integer), [sn:10].
  66000: system.cpu.iew: Issue: Processing [tid:0]
  66000: system.cpu.iew: [tid:0] Not blocked, so attempting to run dispatch.
  66000: system.cpu.iew: Execute: Executing instructions from IQ.
  66000: system.cpu.iew: Execute: Processing PC (0x401038=>0x40103c).(1=>2), [tid:0] [sn:190].
  66000: global: RegFile: Access to int register 40, has data 0x7fffffffee10
  66000: global: RegFile: Access to int register 52, has data 0x10
  66000: global: RegFile: Setting int register 53 to 0x7fffffffee20
  66000: global: RegFile: Setting cc register 13 to 0
  66000: global: RegFile: Setting cc register 14 to 0
  66000: system.cpu.iew: Current wb cycle: 0, width: 12, numInst: 0
wbActual:0
  66000: system.cpu: Activity: 10
  66000: system.cpu.iew: Sending instructions to commit, [sn:190] PC (0x401038=>0x40103c).(1=>2).
  66000: system.cpu.iq: Waking dependents of completed instruction.
  66000: system.cpu.iq: Waking any dependents on register 53 (integer).
  66000: system.cpu.iq: Waking any dependents on register 13 (condition_code).
  66000: system.cpu.iq: Waking any dependents on register 14 (condition_code).
  66000: system.cpu.iq: Reg 4294967295 [invalid] is part of a fix mapping, skipping
  66000: system.cpu.iq: Reg 4294967295 [invalid] is part of a fix mapping, skipping
  66000: system.cpu.iq: Reg 4294967295 [invalid] is part of a fix mapping, skipping
  66000: system.cpu.iew: Setting Destination Register 53 (integer)
  66000: system.cpu.scoreboard: Setting reg 53 (integer) as ready
  66000: system.cpu.iew: Setting Destination Register 13 (condition_code)
  66000: system.cpu.scoreboard: Setting reg 13 (condition_code) as ready
  66000: system.cpu.iew: Setting Destination Register 14 (condition_code)
  66000: system.cpu.scoreboard: Setting reg 14 (condition_code) as ready
  66000: system.cpu.iew: Setting Destination Register 4294967295 (invalid)
  66000: system.cpu.iew: Setting Destination Register 4294967295 (invalid)
  66000: system.cpu.iew: Setting Destination Register 4294967295 (invalid)
  66000: system.cpu.iq: Attempting to schedule ready instructions from the IQ.
  66000: system.cpu.iq: Not able to schedule any instructions.
  66000: system.cpu.iew: Processing [tid:0]
  66000: system.cpu.iq: [tid:0] Committing instructions older than [sn:10]
  66000: system.cpu.iew.lsq.thread0: LQ size: 192, #loads occupied: 4
  66000: system.cpu.iew.lsq.thread0: SQ size: 114, #stores occupied: 4
  66000: system.cpu.iew: [tid:0], Dispatch dispatched 0 instructions.
  66000: system.cpu.iew.lsq.thread0: SQ size: 114, #stores occupied: 4
  66000: system.cpu.iew.lsq.thread0: LQ size: 192, #loads occupied: 4
  66000: system.cpu.iew: IQ has 196 free entries (Can schedule: 0).  LQ has 188 free entries. SQ has 110 free entries.
  66000: system.cpu.iew: Activity this cycle.
  66000: system.cpu.commit: Getting instructions from Rename stage.
  66000: system.cpu.commit: Trying to commit instructions in the ROB.
  66000: system.cpu.commit: Trying to commit head instruction, [tid:0] [sn:20]
  66000: system.cpu.commit: [tid:0] [sn:20] Committing instruction with PC (0x401000=>0x401004).(1=>2)
  66000: system.cpu.rob: [tid:0] Retiring head instruction, instruction PC (0x401000=>0x401004).(1=>2), [sn:20]
  66000: system.cpu: Removing committed instruction [tid:0] PC (0x401000=>0x401004).(1=>2) [sn:20]
  66000: system.cpu.commit: Trying to commit head instruction, [tid:0] [sn:30]
  66000: system.cpu.commit: [tid:0] [sn:30] Committing instruction with PC (0x401004=>0x40100b).(0=>1)
  66000: system.cpu.rob: [tid:0] Retiring head instruction, instruction PC (0x401004=>0x40100b).(0=>1), [sn:30]
  66000: system.cpu: Removing committed instruction [tid:0] PC (0x401004=>0x40100b).(0=>1) [sn:30]
  66000: system.cpu.commit: [tid:0] Marking PC (0x401004=>0x40100b).(1=>2), [sn:40] ready within ROB.
  66000: system.cpu.commit: [tid:0] Marking PC (0x40100b=>0x401013).(1=>2), [sn:60] ready within ROB.
  66000: system.cpu.commit: [tid:0] Marking PC (0x401013=>0x40101b).(1=>2), [sn:80] ready within ROB.
  66000: system.cpu.commit: [tid:0] Marking PC (0x40101b=>0x401023).(1=>2), [sn:100] ready within ROB.
  66000: system.cpu.commit: [tid:0] Marking PC (0x401038=>0x40103c).(0=>1), [sn:180] ready within ROB.
  66000: system.cpu.commit: [tid:0] Instruction [sn:40] PC (0x401004=>0x40100b).(1=>2) is head of ROB and ready to commit
  66000: system.cpu.commit: [tid:0] ROB has 17 insts & 495 free entries.
  66000: system.cpu.commit: Activity This Cycle.
  66000: system.cpu: Removing instruction, [tid:0] [sn:20] PC (0x401000=>0x401004).(1=>2)
  66000: system.cpu: Removing instruction, [tid:0] [sn:30] PC (0x401004=>0x40100b).(0=>1)
  66000: system.cpu: Scheduling next tick!
  67000: system.cpu: 

O3CPU: Ticking main, O3CPU.
  67000: system.cpu.fetch: Running stage.
  67000: system.cpu.fetch: There are no more threads available to fetch from.
  67000: system.cpu.fetch: [tid:0] Fetch is waiting cache response!
  67000: system.cpu.decode: Processing [tid:0]
  67000: system.cpu.decode: [tid:0] Bypass moves from Rename: 0
  67000: system.cpu.decode: [tid:0] Not blocked, so attempting to run stage.
  67000: system.cpu.decode: [tid:0] Nothing to do, breaking out early.
  67000: system.cpu.rename: Processing [tid:0]
  67000: system.cpu.rename: [tid:0] Free IQ: 196, Free ROB: 495, Free LQ: 188, Free SQ: 110, FreeRM 63(458 464 511 1022 63 8 2545)
  67000: system.cpu.rename: [tid:0] 0 instructions not yet in ROB
  67000: system.cpu.rename: calcFreeLQEntries: free lqEntries: 188, loadsInProgress: 0, loads dispatchedToLQ: 0
  67000: system.cpu.rename: [tid:0] Not blocked, so attempting to run stage.
  67000: system.cpu.rename: [tid:0] Nothing to do, breaking out early.
  67000: system.cpu.rename: [tid:0] Removing a committed instruction from the history buffer 0 (size=40), until [sn:30].
  67000: system.cpu.rename: [tid:0] Freeing up older rename of reg 4 (integer), [sn:20].
  67000: system.cpu.rename: [tid:0] Freeing up older rename of reg 0 (condition_code), [sn:20].
  67000: system.cpu.rename: [tid:0] Freeing up older rename of reg 1 (condition_code), [sn:20].
  67000: system.cpu.rename: [tid:0] Freeing up older rename of reg 4294967295 (invalid), [sn:20].
  67000: system.cpu.rename: [tid:0] Freeing up older rename of reg 4294967295 (invalid), [sn:20].
  67000: system.cpu.rename: [tid:0] Freeing up older rename of reg 4294967295 (invalid), [sn:20].
  67000: system.cpu.rename: [tid:0] Freeing up older rename of reg 39 (integer), [sn:30].
  67000: system.cpu.iew: Issue: Processing [tid:0]
  67000: system.cpu.iew: [tid:0] Not blocked, so attempting to run dispatch.
  67000: system.cpu.iq: Attempting to schedule ready instructions from the IQ.
  67000: system.cpu.iq: Not able to schedule any instructions.
  67000: system.cpu.iew: Processing [tid:0]
  67000: system.cpu.iq: [tid:0] Committing instructions older than [sn:30]
  67000: system.cpu.iew.lsq.thread0: LQ size: 192, #loads occupied: 4
  67000: system.cpu.iew.lsq.thread0: SQ size: 114, #stores occupied: 4
  67000: system.cpu.iew: [tid:0], Dispatch dispatched 0 instructions.
  67000: system.cpu.iew.lsq.thread0: SQ size: 114, #stores occupied: 4
  67000: system.cpu.iew.lsq.thread0: LQ size: 192, #loads occupied: 4
  67000: system.cpu.iew: IQ has 196 free entries (Can schedule: 0).  LQ has 188 free entries. SQ has 110 free entries.
  67000: system.cpu.iew: Activity this cycle.
  67000: system.cpu: Activity: 11
  67000: system.cpu.commit: Getting instructions from Rename stage.
  67000: system.cpu.commit: Trying to commit instructions in the ROB.
  67000: system.cpu.commit: Trying to commit head instruction, [tid:0] [sn:40]
  67000: system.cpu.commit: [tid:0] [sn:40] Committing instruction with PC (0x401004=>0x40100b).(1=>2)
  67000: system.cpu.rob: [tid:0] Retiring head instruction, instruction PC (0x401004=>0x40100b).(1=>2), [sn:40]
  67000: system.cpu: Removing committed instruction [tid:0] PC (0x401004=>0x40100b).(1=>2) [sn:40]
  67000: system.cpu.commit: Trying to commit head instruction, [tid:0] [sn:50]
  67000: system.cpu.commit: [tid:0] [sn:50] Committing instruction with PC (0x40100b=>0x401013).(0=>1)
  67000: system.cpu.rob: [tid:0] Retiring head instruction, instruction PC (0x40100b=>0x401013).(0=>1), [sn:50]
  67000: system.cpu: Removing committed instruction [tid:0] PC (0x40100b=>0x401013).(0=>1) [sn:50]
  67000: system.cpu.commit: Trying to commit head instruction, [tid:0] [sn:60]
  67000: system.cpu.commit: [tid:0] [sn:60] Committing instruction with PC (0x40100b=>0x401013).(1=>2)
  67000: system.cpu.rob: [tid:0] Retiring head instruction, instruction PC (0x40100b=>0x401013).(1=>2), [sn:60]
  67000: system.cpu: Removing committed instruction [tid:0] PC (0x40100b=>0x401013).(1=>2) [sn:60]
  67000: system.cpu.commit: Trying to commit head instruction, [tid:0] [sn:70]
  67000: system.cpu.commit: [tid:0] [sn:70] Committing instruction with PC (0x401013=>0x40101b).(0=>1)
  67000: system.cpu.rob: [tid:0] Retiring head instruction, instruction PC (0x401013=>0x40101b).(0=>1), [sn:70]
  67000: system.cpu: Removing committed instruction [tid:0] PC (0x401013=>0x40101b).(0=>1) [sn:70]
  67000: system.cpu.commit: Trying to commit head instruction, [tid:0] [sn:80]
  67000: system.cpu.commit: [tid:0] [sn:80] Committing instruction with PC (0x401013=>0x40101b).(1=>2)
  67000: system.cpu.rob: [tid:0] Retiring head instruction, instruction PC (0x401013=>0x40101b).(1=>2), [sn:80]
  67000: system.cpu: Removing committed instruction [tid:0] PC (0x401013=>0x40101b).(1=>2) [sn:80]
  67000: system.cpu.commit: Trying to commit head instruction, [tid:0] [sn:90]
  67000: system.cpu.commit: [tid:0] [sn:90] Committing instruction with PC (0x40101b=>0x401023).(0=>1)
  67000: system.cpu.rob: [tid:0] Retiring head instruction, instruction PC (0x40101b=>0x401023).(0=>1), [sn:90]
  67000: system.cpu: Removing committed instruction [tid:0] PC (0x40101b=>0x401023).(0=>1) [sn:90]
  67000: system.cpu.commit: [tid:0] Marking PC (0x401038=>0x40103c).(1=>2), [sn:190] ready within ROB.
  67000: system.cpu.commit: [tid:0] Instruction [sn:100] PC (0x40101b=>0x401023).(1=>2) is head of ROB and ready to commit
  67000: system.cpu.commit: [tid:0] ROB has 11 insts & 501 free entries.
  67000: system.cpu.commit: Activity This Cycle.
  67000: system.cpu: Removing instruction, [tid:0] [sn:40] PC (0x401004=>0x40100b).(1=>2)
  67000: system.cpu: Removing instruction, [tid:0] [sn:50] PC (0x40100b=>0x401013).(0=>1)
  67000: system.cpu: Removing instruction, [tid:0] [sn:60] PC (0x40100b=>0x401013).(1=>2)
  67000: system.cpu: Removing instruction, [tid:0] [sn:70] PC (0x401013=>0x40101b).(0=>1)
  67000: system.cpu: Removing instruction, [tid:0] [sn:80] PC (0x401013=>0x40101b).(1=>2)
  67000: system.cpu: Removing instruction, [tid:0] [sn:90] PC (0x40101b=>0x401023).(0=>1)
  67000: system.cpu: Scheduling next tick!
  68000: system.cpu: 

O3CPU: Ticking main, O3CPU.
  68000: system.cpu.fetch: Running stage.
  68000: system.cpu.fetch: There are no more threads available to fetch from.
  68000: system.cpu.fetch: [tid:0] Fetch is waiting cache response!
  68000: system.cpu.decode: Processing [tid:0]
  68000: system.cpu.decode: [tid:0] Bypass moves from Rename: 0
  68000: system.cpu.decode: [tid:0] Not blocked, so attempting to run stage.
  68000: system.cpu.decode: [tid:0] Nothing to do, breaking out early.
  68000: system.cpu.rename: Processing [tid:0]
  68000: system.cpu.rename: [tid:0] Free IQ: 196, Free ROB: 501, Free LQ: 188, Free SQ: 110, FreeRM 63(460 464 511 1022 63 8 2547)
  68000: system.cpu.rename: [tid:0] 0 instructions not yet in ROB
  68000: system.cpu.rename: calcFreeLQEntries: free lqEntries: 188, loadsInProgress: 0, loads dispatchedToLQ: 0
  68000: system.cpu.rename: [tid:0] Not blocked, so attempting to run stage.
  68000: system.cpu.rename: [tid:0] Nothing to do, breaking out early.
  68000: system.cpu.rename: [tid:0] Removing a committed instruction from the history buffer 0 (size=33), until [sn:90].
  68000: system.cpu.rename: [tid:0] Freeing up older rename of reg 41 (integer), [sn:50].
  68000: system.cpu.rename: [tid:0] Freeing up older rename of reg 42 (integer), [sn:70].
  68000: system.cpu.rename: [tid:0] Freeing up older rename of reg 43 (integer), [sn:90].
  68000: system.cpu.iew: Issue: Processing [tid:0]
  68000: system.cpu.iew: [tid:0] Not blocked, so attempting to run dispatch.
  68000: system.cpu.iq: Attempting to schedule ready instructions from the IQ.
  68000: system.cpu.iq: Not able to schedule any instructions.
  68000: system.cpu.iew: Processing [tid:0]
  68000: system.cpu.iew.lsq.thread0: Marking store as able to write back, PC (0x401004=>0x40100b).(1=>2) [sn:40]
  68000: system.cpu.iew.lsq.thread0: Marking store as able to write back, PC (0x40100b=>0x401013).(1=>2) [sn:60]
  68000: system.cpu.iew.lsq.thread0: Marking store as able to write back, PC (0x401013=>0x40101b).(1=>2) [sn:80]
  68000: system.cpu.iq: [tid:0] Committing instructions older than [sn:90]
  68000: system.cpu.iew.lsq.thread0: LQ size: 192, #loads occupied: 4
  68000: system.cpu.iew.lsq.thread0: SQ size: 114, #stores occupied: 4
  68000: system.cpu.iew: [tid:0], Dispatch dispatched 0 instructions.
  68000: system.cpu.iew.lsq.thread0: SQ size: 114, #stores occupied: 4
  68000: system.cpu.iew.lsq.thread0: LQ size: 192, #loads occupied: 4
  68000: system.cpu.iew: IQ has 196 free entries (Can schedule: 0).  LQ has 188 free entries. SQ has 110 free entries.
  68000: system.cpu.iew: IEW switching to active
  68000: system.cpu.iew: Activating stage.
  68000: system.cpu: Activity: 12
  68000: system.cpu.iew: Activity this cycle.
  68000: system.cpu: Activity: 13
  68000: system.cpu.commit: Getting instructions from Rename stage.
  68000: system.cpu.commit: Trying to commit instructions in the ROB.
  68000: system.cpu.commit: Trying to commit head instruction, [tid:0] [sn:100]
  68000: system.cpu.commit: [tid:0] [sn:100] Committing instruction with PC (0x40101b=>0x401023).(1=>2)
  68000: system.cpu.rob: [tid:0] Retiring head instruction, instruction PC (0x40101b=>0x401023).(1=>2), [sn:100]
  68000: system.cpu: Removing committed instruction [tid:0] PC (0x40101b=>0x401023).(1=>2) [sn:100]
  68000: system.cpu.commit: [tid:0] Can't commit, Instruction [sn:110] PC (0x401023=>0x401026).(0=>1) is head of ROB and not ready
  68000: system.cpu.commit: [tid:0] ROB has 10 insts & 502 free entries.
  68000: system.cpu.commit: Activity This Cycle.
  68000: system.cpu.commit: Deactivating stage.
  68000: system.cpu: Activity: 12
  68000: system.cpu: Removing instruction, [tid:0] [sn:100] PC (0x40101b=>0x401023).(1=>2)
  68000: system.cpu: Scheduling next tick!
  69000: system.cpu: CPU already running.
  69000: global: RegFile: Setting int register 48 to 0x14
  69000: system.cpu.iew: Current wb cycle: 0, width: 12, numInst: 0
wbActual:0
  69000: system.cpu.iew: Activity this cycle.
  69000: system.cpu: Activity: 13
  69000: system.cpu: CPU already running.
  69000: global: RegFile: Setting int register 47 to 0xf
  69000: system.cpu.iew: Current wb cycle: 0, width: 12, numInst: 1
wbActual:1
  69000: system.cpu.iew: Activity this cycle.
  69000: system.cpu: CPU already running.
  69000: global: RegFile: Setting int register 46 to 0xa
  69000: system.cpu.iew: Current wb cycle: 0, width: 12, numInst: 2
wbActual:2
  69000: system.cpu.iew: Activity this cycle.
  69000: system.cpu: CPU already running.
  69000: global: RegFile: Setting int register 45 to 0x5
  69000: system.cpu.iew: Current wb cycle: 0, width: 12, numInst: 3
wbActual:3
  69000: system.cpu.iew: Activity this cycle.
  69000: system.cpu: 

O3CPU: Ticking main, O3CPU.
  69000: system.cpu.fetch: Running stage.
  69000: system.cpu.fetch: There are no more threads available to fetch from.
  69000: system.cpu.fetch: [tid:0] Fetch is waiting cache response!
  69000: system.cpu.decode: Processing [tid:0]
  69000: system.cpu.decode: [tid:0] Bypass moves from Rename: 0
  69000: system.cpu.decode: [tid:0] Not blocked, so attempting to run stage.
  69000: system.cpu.decode: [tid:0] Nothing to do, breaking out early.
  69000: system.cpu.rename: Processing [tid:0]
  69000: system.cpu.rename: [tid:0] Free IQ: 196, Free ROB: 502, Free LQ: 188, Free SQ: 110, FreeRM 63(463 464 511 1022 63 8 2547)
  69000: system.cpu.rename: [tid:0] 0 instructions not yet in ROB
  69000: system.cpu.rename: calcFreeLQEntries: free lqEntries: 188, loadsInProgress: 0, loads dispatchedToLQ: 0
  69000: system.cpu.rename: [tid:0] Not blocked, so attempting to run stage.
  69000: system.cpu.rename: [tid:0] Nothing to do, breaking out early.
  69000: system.cpu.rename: [tid:0] Removing a committed instruction from the history buffer 0 (size=30), until [sn:100].
  69000: system.cpu.rename: [tid:0] [sn:100] Old sequence number encountered. Ensure that a syscall happened recently.
  69000: system.cpu.iew: Issue: Processing [tid:0]
  69000: system.cpu.iew: [tid:0] Not blocked, so attempting to run dispatch.
  69000: system.cpu.iew: Sending instructions to commit, [sn:140] PC (0x40102e=>0x401032).(0=>1).
  69000: system.cpu.iq: Waking dependents of completed instruction.
  69000: system.cpu.memDep0: Completed mem instruction PC (0x40102e=>0x401032).(0=>1) [sn:140].
  69000: memdepentry: Memory dependency entry deleted. memdep_count=3 (0x40102e=>0x401032).(0=>1)
  69000: system.cpu.iq: Completing mem instruction PC: (0x40102e=>0x401032).(0=>1) [sn:140]
  69000: system.cpu.iq: Waking any dependents on register 48 (integer).
  69000: system.cpu.iq: Waking up a dependent instruction, [sn:160] PC (0x401034=>0x401036).(0=>1).
  69000: global: [sn:160] has 6 ready out of 7 sources. RTI 0)
  69000: system.cpu.iew: Setting Destination Register 48 (integer)
  69000: system.cpu.scoreboard: Setting reg 48 (integer) as ready
  69000: system.cpu.iew: Sending instructions to commit, [sn:130] PC (0x40102a=>0x40102e).(0=>1).
  69000: system.cpu.iq: Waking dependents of completed instruction.
  69000: system.cpu.memDep0: Completed mem instruction PC (0x40102a=>0x40102e).(0=>1) [sn:130].
  69000: memdepentry: Memory dependency entry deleted. memdep_count=2 (0x40102a=>0x40102e).(0=>1)
  69000: system.cpu.iq: Completing mem instruction PC: (0x40102a=>0x40102e).(0=>1) [sn:130]
  69000: system.cpu.iq: Waking any dependents on register 47 (integer).
  69000: system.cpu.iq: Waking up a dependent instruction, [sn:160] PC (0x401034=>0x401036).(0=>1).
  69000: global: [sn:160] has 7 ready out of 7 sources. RTI 0)
  69000: system.cpu.iq: Instruction is ready to issue, putting it onto the ready list, PC (0x401034=>0x401036).(0=>1) opclass:1 [sn:160].
  69000: system.cpu.iew: Setting Destination Register 47 (integer)
  69000: system.cpu.scoreboard: Setting reg 47 (integer) as ready
  69000: system.cpu.iew: Sending instructions to commit, [sn:120] PC (0x401026=>0x40102a).(0=>1).
  69000: system.cpu.iq: Waking dependents of completed instruction.
  69000: system.cpu.memDep0: Completed mem instruction PC (0x401026=>0x40102a).(0=>1) [sn:120].
  69000: memdepentry: Memory dependency entry deleted. memdep_count=1 (0x401026=>0x40102a).(0=>1)
  69000: system.cpu.iq: Completing mem instruction PC: (0x401026=>0x40102a).(0=>1) [sn:120]
  69000: system.cpu.iq: Waking any dependents on register 46 (integer).
  69000: system.cpu.iq: Waking up a dependent instruction, [sn:150] PC (0x401032=>0x401034).(0=>1).
  69000: global: [sn:150] has 6 ready out of 7 sources. RTI 0)
  69000: system.cpu.iew: Setting Destination Register 46 (integer)
  69000: system.cpu.scoreboard: Setting reg 46 (integer) as ready
  69000: system.cpu.iew: Sending instructions to commit, [sn:110] PC (0x401023=>0x401026).(0=>1).
  69000: system.cpu.iq: Waking dependents of completed instruction.
  69000: system.cpu.memDep0: Completed mem instruction PC (0x401023=>0x401026).(0=>1) [sn:110].
  69000: memdepentry: Memory dependency entry deleted. memdep_count=0 (0x401023=>0x401026).(0=>1)
  69000: system.cpu.iq: Completing mem instruction PC: (0x401023=>0x401026).(0=>1) [sn:110]
  69000: system.cpu.iq: Waking any dependents on register 45 (integer).
  69000: system.cpu.iq: Waking up a dependent instruction, [sn:150] PC (0x401032=>0x401034).(0=>1).
  69000: global: [sn:150] has 7 ready out of 7 sources. RTI 0)
  69000: system.cpu.iq: Instruction is ready to issue, putting it onto the ready list, PC (0x401032=>0x401034).(0=>1) opclass:1 [sn:150].
  69000: system.cpu.iew: Setting Destination Register 45 (integer)
  69000: system.cpu.scoreboard: Setting reg 45 (integer) as ready
  69000: system.cpu.iq: Attempting to schedule ready instructions from the IQ.
  69000: system.cpu.iq: Thread 0: Issuing instruction PC (0x401032=>0x401034).(0=>1) [sn:150]
  69000: system.cpu.iq: Thread 0: Issuing instruction PC (0x401034=>0x401036).(0=>1) [sn:160]
  69000: system.cpu.iew.lsq: [tid:0] Writing back stores. 3 stores available for Writeback.
  69000: system.cpu.iew.lsq.thread0: D-Cache: Writing back store idx:1 PC:(0x401004=>0x40100b).(1=>2) to Addr:0x2e10, data:0x5 [sn:40]
  69000: system.cpu.iew.lsq.thread0: Memory request (pkt: WriteReq [2e10:2e13]) from inst [sn:40] was sent (cache is blocked: 0, cache_got_blocked: 0)
  69000: system.cpu.iew: Processing [tid:0]
  69000: system.cpu.iew.lsq.thread0: Marking store as able to write back, PC (0x40101b=>0x401023).(1=>2) [sn:100]
  69000: system.cpu.iq: [tid:0] Committing instructions older than [sn:100]
  69000: system.cpu.iew.lsq.thread0: LQ size: 192, #loads occupied: 4
  69000: system.cpu.iew.lsq.thread0: SQ size: 114, #stores occupied: 4
  69000: system.cpu.iew: [tid:0], Dispatch dispatched 0 instructions.
  69000: system.cpu.iew.lsq.thread0: SQ size: 114, #stores occupied: 4
  69000: system.cpu.iew.lsq.thread0: LQ size: 192, #loads occupied: 4
  69000: system.cpu.iew: IQ has 202 free entries (Can schedule: 0).  LQ has 188 free entries. SQ has 110 free entries.
  69000: system.cpu.iew: Activity this cycle.
  69000: system.cpu.commit: Getting instructions from Rename stage.
  69000: system.cpu.commit: Trying to commit instructions in the ROB.
  69000: system.cpu.commit: [tid:0] Can't commit, Instruction [sn:110] PC (0x401023=>0x401026).(0=>1) is head of ROB and not ready
  69000: system.cpu.commit: [tid:0] ROB has 10 insts & 502 free entries.
  69000: system.cpu: Scheduling next tick!
  70000: system.cpu: 

O3CPU: Ticking main, O3CPU.
  70000: system.cpu.fetch: Running stage.
  70000: system.cpu.fetch: There are no more threads available to fetch from.
  70000: system.cpu.fetch: [tid:0] Fetch is waiting cache response!
  70000: system.cpu.decode: Processing [tid:0]
  70000: system.cpu.decode: [tid:0] Bypass moves from Rename: 0
  70000: system.cpu.decode: [tid:0] Not blocked, so attempting to run stage.
  70000: system.cpu.decode: [tid:0] Nothing to do, breaking out early.
  70000: system.cpu.rename: Processing [tid:0]
  70000: system.cpu.rename: [tid:0] Free IQ: 202, Free ROB: 502, Free LQ: 188, Free SQ: 110, FreeRM 63(463 464 511 1022 63 8 2547)
  70000: system.cpu.rename: [tid:0] 0 instructions not yet in ROB
  70000: system.cpu.rename: calcFreeLQEntries: free lqEntries: 188, loadsInProgress: 0, loads dispatchedToLQ: 0
  70000: system.cpu.rename: [tid:0] Not blocked, so attempting to run stage.
  70000: system.cpu.rename: [tid:0] Nothing to do, breaking out early.
  70000: system.cpu.iew: Issue: Processing [tid:0]
  70000: system.cpu.iew: [tid:0] Not blocked, so attempting to run dispatch.
  70000: system.cpu.iew: Execute: Executing instructions from IQ.
  70000: system.cpu.iew: Execute: Processing PC (0x401032=>0x401034).(0=>1), [tid:0] [sn:150].
  70000: global: RegFile: Access to int register 46, has data 0xa
  70000: global: RegFile: Access to int register 45, has data 0x5
  70000: global: RegFile: Setting int register 49 to 0xf
  70000: global: RegFile: Setting cc register 7 to 0x4
  70000: global: RegFile: Setting cc register 8 to 0
  70000: system.cpu.iew: Current wb cycle: 0, width: 12, numInst: 0
wbActual:0
  70000: system.cpu.iew: Execute: Executing instructions from IQ.
  70000: system.cpu.iew: Execute: Processing PC (0x401034=>0x401036).(0=>1), [tid:0] [sn:160].
  70000: global: RegFile: Access to int register 48, has data 0x14
  70000: global: RegFile: Access to int register 47, has data 0xf
  70000: global: RegFile: Setting int register 50 to 0x23
  70000: global: RegFile: Setting cc register 9 to 0x10
  70000: global: RegFile: Setting cc register 10 to 0
  70000: system.cpu.iew: Current wb cycle: 0, width: 12, numInst: 1
wbActual:1
  70000: system.cpu: Activity: 14
  70000: system.cpu.iew: Sending instructions to commit, [sn:150] PC (0x401032=>0x401034).(0=>1).
  70000: system.cpu.iq: Waking dependents of completed instruction.
  70000: system.cpu.iq: Waking any dependents on register 49 (integer).
  70000: system.cpu.iq: Waking up a dependent instruction, [sn:170] PC (0x401036=>0x401038).(0=>1).
  70000: global: [sn:170] has 6 ready out of 7 sources. RTI 0)
  70000: system.cpu.iq: Waking any dependents on register 7 (condition_code).
  70000: system.cpu.iq: Waking any dependents on register 8 (condition_code).
  70000: system.cpu.iq: Reg 4294967295 [invalid] is part of a fix mapping, skipping
  70000: system.cpu.iq: Reg 4294967295 [invalid] is part of a fix mapping, skipping
  70000: system.cpu.iq: Reg 4294967295 [invalid] is part of a fix mapping, skipping
  70000: system.cpu.iew: Setting Destination Register 49 (integer)
  70000: system.cpu.scoreboard: Setting reg 49 (integer) as ready
  70000: system.cpu.iew: Setting Destination Register 7 (condition_code)
  70000: system.cpu.scoreboard: Setting reg 7 (condition_code) as ready
  70000: system.cpu.iew: Setting Destination Register 8 (condition_code)
  70000: system.cpu.scoreboard: Setting reg 8 (condition_code) as ready
  70000: system.cpu.iew: Setting Destination Register 4294967295 (invalid)
  70000: system.cpu.iew: Setting Destination Register 4294967295 (invalid)
  70000: system.cpu.iew: Setting Destination Register 4294967295 (invalid)
  70000: system.cpu.iew: Sending instructions to commit, [sn:160] PC (0x401034=>0x401036).(0=>1).
  70000: system.cpu.iq: Waking dependents of completed instruction.
  70000: system.cpu.iq: Waking any dependents on register 50 (integer).
  70000: system.cpu.iq: Waking up a dependent instruction, [sn:170] PC (0x401036=>0x401038).(0=>1).
  70000: global: [sn:170] has 7 ready out of 7 sources. RTI 0)
  70000: system.cpu.iq: Instruction is ready to issue, putting it onto the ready list, PC (0x401036=>0x401038).(0=>1) opclass:1 [sn:170].
  70000: system.cpu.iq: Waking any dependents on register 9 (condition_code).
  70000: system.cpu.iq: Waking any dependents on register 10 (condition_code).
  70000: system.cpu.iq: Reg 4294967295 [invalid] is part of a fix mapping, skipping
  70000: system.cpu.iq: Reg 4294967295 [invalid] is part of a fix mapping, skipping
  70000: system.cpu.iq: Reg 4294967295 [invalid] is part of a fix mapping, skipping
  70000: system.cpu.iew: Setting Destination Register 50 (integer)
  70000: system.cpu.scoreboard: Setting reg 50 (integer) as ready
  70000: system.cpu.iew: Setting Destination Register 9 (condition_code)
  70000: system.cpu.scoreboard: Setting reg 9 (condition_code) as ready
  70000: system.cpu.iew: Setting Destination Register 10 (condition_code)
  70000: system.cpu.scoreboard: Setting reg 10 (condition_code) as ready
  70000: system.cpu.iew: Setting Destination Register 4294967295 (invalid)
  70000: system.cpu.iew: Setting Destination Register 4294967295 (invalid)
  70000: system.cpu.iew: Setting Destination Register 4294967295 (invalid)
  70000: system.cpu.iq: Attempting to schedule ready instructions from the IQ.
  70000: system.cpu.iq: Thread 0: Issuing instruction PC (0x401036=>0x401038).(0=>1) [sn:170]
  70000: system.cpu.iew.lsq: [tid:0] Writing back stores. 4 stores available for Writeback.
  70000: system.cpu.iew: Processing [tid:0]
  70000: system.cpu.iew.lsq.thread0: LQ size: 192, #loads occupied: 4
  70000: system.cpu.iew.lsq.thread0: SQ size: 114, #stores occupied: 4
  70000: system.cpu.iew: [tid:0], Dispatch dispatched 0 instructions.
  70000: system.cpu.iew.lsq.thread0: SQ size: 114, #stores occupied: 4
  70000: system.cpu.iew.lsq.thread0: LQ size: 192, #loads occupied: 4
  70000: system.cpu.iew: IQ has 203 free entries (Can schedule: 0).  LQ has 188 free entries. SQ has 110 free entries.
  70000: system.cpu.iew: Activity this cycle.
  70000: system.cpu.commit: Getting instructions from Rename stage.
  70000: system.cpu.commit: Trying to commit instructions in the ROB.
  70000: system.cpu.commit: [tid:0] Marking PC (0x40102e=>0x401032).(0=>1), [sn:140] ready within ROB.
  70000: system.cpu.commit: [tid:0] Marking PC (0x40102a=>0x40102e).(0=>1), [sn:130] ready within ROB.
  70000: system.cpu.commit: [tid:0] Marking PC (0x401026=>0x40102a).(0=>1), [sn:120] ready within ROB.
  70000: system.cpu.commit: [tid:0] Marking PC (0x401023=>0x401026).(0=>1), [sn:110] ready within ROB.
  70000: system.cpu.commit: [tid:0] Instruction [sn:110] PC (0x401023=>0x401026).(0=>1) is head of ROB and ready to commit
  70000: system.cpu.commit: [tid:0] ROB has 10 insts & 502 free entries.
  70000: system.cpu.commit: Activating stage.
  70000: system.cpu: Activity: 15
  70000: system.cpu: Scheduling next tick!
  71000: system.cpu: 

O3CPU: Ticking main, O3CPU.
  71000: system.cpu.fetch: Running stage.
  71000: system.cpu.fetch: There are no more threads available to fetch from.
  71000: system.cpu.fetch: [tid:0] Fetch is waiting cache response!
  71000: system.cpu.decode: Processing [tid:0]
  71000: system.cpu.decode: [tid:0] Bypass moves from Rename: 0
  71000: system.cpu.decode: [tid:0] Not blocked, so attempting to run stage.
  71000: system.cpu.decode: [tid:0] Nothing to do, breaking out early.
  71000: system.cpu.rename: Processing [tid:0]
  71000: system.cpu.rename: [tid:0] Free IQ: 203, Free ROB: 502, Free LQ: 188, Free SQ: 110, FreeRM 63(463 464 511 1022 63 8 2547)
  71000: system.cpu.rename: [tid:0] 0 instructions not yet in ROB
  71000: system.cpu.rename: calcFreeLQEntries: free lqEntries: 188, loadsInProgress: 0, loads dispatchedToLQ: 0
  71000: system.cpu.rename: [tid:0] Not blocked, so attempting to run stage.
  71000: system.cpu.rename: [tid:0] Nothing to do, breaking out early.
  71000: system.cpu.iew: Issue: Processing [tid:0]
  71000: system.cpu.iew: [tid:0] Not blocked, so attempting to run dispatch.
  71000: system.cpu.iew: Execute: Executing instructions from IQ.
  71000: system.cpu.iew: Execute: Processing PC (0x401036=>0x401038).(0=>1), [tid:0] [sn:170].
  71000: global: RegFile: Access to int register 50, has data 0x23
  71000: global: RegFile: Access to int register 49, has data 0xf
  71000: global: RegFile: Setting int register 51 to 0x14
  71000: global: RegFile: Setting cc register 11 to 0x14
  71000: global: RegFile: Setting cc register 12 to 0
  71000: system.cpu.iew: Current wb cycle: 0, width: 12, numInst: 0
wbActual:0
  71000: system.cpu: Activity: 16
  71000: system.cpu.iew: Sending instructions to commit, [sn:170] PC (0x401036=>0x401038).(0=>1).
  71000: system.cpu.iq: Waking dependents of completed instruction.
  71000: system.cpu.iq: Waking any dependents on register 51 (integer).
  71000: system.cpu.iq: Waking up a dependent instruction, [sn:200] PC (0x40103c=>0x40103e).(0=>1).
  71000: global: [sn:200] has 3 ready out of 3 sources. RTI 0)
  71000: system.cpu.iq: Instruction is ready to issue, putting it onto the ready list, PC (0x40103c=>0x40103e).(0=>1) opclass:1 [sn:200].
  71000: system.cpu.iq: Waking any dependents on register 11 (condition_code).
  71000: system.cpu.iq: Waking any dependents on register 12 (condition_code).
  71000: system.cpu.iq: Reg 4294967295 [invalid] is part of a fix mapping, skipping
  71000: system.cpu.iq: Reg 4294967295 [invalid] is part of a fix mapping, skipping
  71000: system.cpu.iq: Reg 4294967295 [invalid] is part of a fix mapping, skipping
  71000: system.cpu.iew: Setting Destination Register 51 (integer)
  71000: system.cpu.scoreboard: Setting reg 51 (integer) as ready
  71000: system.cpu.iew: Setting Destination Register 11 (condition_code)
  71000: system.cpu.scoreboard: Setting reg 11 (condition_code) as ready
  71000: system.cpu.iew: Setting Destination Register 12 (condition_code)
  71000: system.cpu.scoreboard: Setting reg 12 (condition_code) as ready
  71000: system.cpu.iew: Setting Destination Register 4294967295 (invalid)
  71000: system.cpu.iew: Setting Destination Register 4294967295 (invalid)
  71000: system.cpu.iew: Setting Destination Register 4294967295 (invalid)
  71000: system.cpu.iq: Attempting to schedule ready instructions from the IQ.
  71000: system.cpu.iq: Thread 0: Issuing instruction PC (0x40103c=>0x40103e).(0=>1) [sn:200]
  71000: system.cpu.iew.lsq: [tid:0] Writing back stores. 4 stores available for Writeback.
  71000: system.cpu.iew: Processing [tid:0]
  71000: system.cpu.iew.lsq.thread0: LQ size: 192, #loads occupied: 4
  71000: system.cpu.iew.lsq.thread0: SQ size: 114, #stores occupied: 4
  71000: system.cpu.iew: [tid:0], Dispatch dispatched 0 instructions.
  71000: system.cpu.iew.lsq.thread0: SQ size: 114, #stores occupied: 4
  71000: system.cpu.iew.lsq.thread0: LQ size: 192, #loads occupied: 4
  71000: system.cpu.iew: IQ has 204 free entries (Can schedule: 0).  LQ has 188 free entries. SQ has 110 free entries.
  71000: system.cpu.iew: Activity this cycle.
  71000: system.cpu.commit: Getting instructions from Rename stage.
  71000: system.cpu.commit: Trying to commit instructions in the ROB.
  71000: system.cpu.commit: Trying to commit head instruction, [tid:0] [sn:110]
  71000: system.cpu.commit: [tid:0] [sn:110] Committing instruction with PC (0x401023=>0x401026).(0=>1)
  71000: system.cpu.rob: [tid:0] Retiring head instruction, instruction PC (0x401023=>0x401026).(0=>1), [sn:110]
  71000: system.cpu: Removing committed instruction [tid:0] PC (0x401023=>0x401026).(0=>1) [sn:110]
  71000: system.cpu.memDep0: Committing instruction PC 0x401023 [sn:110].
  71000: system.cpu.commit: Trying to commit head instruction, [tid:0] [sn:120]
  71000: system.cpu.commit: [tid:0] [sn:120] Committing instruction with PC (0x401026=>0x40102a).(0=>1)
  71000: system.cpu.rob: [tid:0] Retiring head instruction, instruction PC (0x401026=>0x40102a).(0=>1), [sn:120]
  71000: system.cpu: Removing committed instruction [tid:0] PC (0x401026=>0x40102a).(0=>1) [sn:120]
  71000: system.cpu.memDep0: Committing instruction PC 0x401026 [sn:120].
  71000: system.cpu.commit: Trying to commit head instruction, [tid:0] [sn:130]
  71000: system.cpu.commit: [tid:0] [sn:130] Committing instruction with PC (0x40102a=>0x40102e).(0=>1)
  71000: system.cpu.rob: [tid:0] Retiring head instruction, instruction PC (0x40102a=>0x40102e).(0=>1), [sn:130]
  71000: system.cpu: Removing committed instruction [tid:0] PC (0x40102a=>0x40102e).(0=>1) [sn:130]
  71000: system.cpu.memDep0: Committing instruction PC 0x40102a [sn:130].
  71000: system.cpu.commit: Trying to commit head instruction, [tid:0] [sn:140]
  71000: system.cpu.commit: [tid:0] [sn:140] Committing instruction with PC (0x40102e=>0x401032).(0=>1)
  71000: system.cpu.rob: [tid:0] Retiring head instruction, instruction PC (0x40102e=>0x401032).(0=>1), [sn:140]
  71000: system.cpu: Removing committed instruction [tid:0] PC (0x40102e=>0x401032).(0=>1) [sn:140]
  71000: system.cpu.memDep0: Committing instruction PC 0x40102e [sn:140].
  71000: system.cpu.commit: [tid:0] Marking PC (0x401032=>0x401034).(0=>1), [sn:150] ready within ROB.
  71000: system.cpu.commit: [tid:0] Marking PC (0x401034=>0x401036).(0=>1), [sn:160] ready within ROB.
  71000: system.cpu.commit: [tid:0] Instruction [sn:150] PC (0x401032=>0x401034).(0=>1) is head of ROB and ready to commit
  71000: system.cpu.commit: [tid:0] ROB has 6 insts & 506 free entries.
  71000: system.cpu.commit: Activity This Cycle.
  71000: system.cpu: Removing instruction, [tid:0] [sn:110] PC (0x401023=>0x401026).(0=>1)
  71000: system.cpu: Removing instruction, [tid:0] [sn:120] PC (0x401026=>0x40102a).(0=>1)
  71000: system.cpu: Removing instruction, [tid:0] [sn:130] PC (0x40102a=>0x40102e).(0=>1)
  71000: system.cpu: Removing instruction, [tid:0] [sn:140] PC (0x40102e=>0x401032).(0=>1)
  71000: system.cpu: Scheduling next tick!
  72000: system.cpu: 

O3CPU: Ticking main, O3CPU.
  72000: system.cpu.fetch: Running stage.
  72000: system.cpu.fetch: There are no more threads available to fetch from.
  72000: system.cpu.fetch: [tid:0] Fetch is waiting cache response!
  72000: system.cpu.decode: Processing [tid:0]
  72000: system.cpu.decode: [tid:0] Bypass moves from Rename: 0
  72000: system.cpu.decode: [tid:0] Not blocked, so attempting to run stage.
  72000: system.cpu.decode: [tid:0] Nothing to do, breaking out early.
  72000: system.cpu.rename: Processing [tid:0]
  72000: system.cpu.rename: [tid:0] Free IQ: 204, Free ROB: 506, Free LQ: 188, Free SQ: 110, FreeRM 63(463 464 511 1022 63 8 2547)
  72000: system.cpu.rename: [tid:0] 0 instructions not yet in ROB
  72000: system.cpu.rename: calcFreeLQEntries: free lqEntries: 188, loadsInProgress: 0, loads dispatchedToLQ: 0
  72000: system.cpu.rename: [tid:0] Not blocked, so attempting to run stage.
  72000: system.cpu.rename: [tid:0] Nothing to do, breaking out early.
  72000: system.cpu.rename: [tid:0] Removing a committed instruction from the history buffer 0 (size=30), until [sn:140].
  72000: system.cpu.rename: [tid:0] Freeing up older rename of reg 0 (integer), [sn:110].
  72000: system.cpu.rename: [tid:0] Freeing up older rename of reg 6 (integer), [sn:120].
  72000: system.cpu.rename: [tid:0] Freeing up older rename of reg 1 (integer), [sn:130].
  72000: system.cpu.rename: [tid:0] Freeing up older rename of reg 2 (integer), [sn:140].
  72000: system.cpu.iew: Issue: Processing [tid:0]
  72000: system.cpu.iew: [tid:0] Not blocked, so attempting to run dispatch.
  72000: system.cpu.iew: Execute: Executing instructions from IQ.
  72000: system.cpu.iew: Execute: Processing PC (0x40103c=>0x40103e).(0=>1), [tid:0] [sn:200].
  72000: global: RegFile: Access to int register 51, has data 0x14
  72000: global: RegFile: Setting int register 54 to 0x14
  72000: system.cpu.iew: Current wb cycle: 0, width: 12, numInst: 0
wbActual:0
  72000: system.cpu: Activity: 17
  72000: system.cpu.iew: Sending instructions to commit, [sn:200] PC (0x40103c=>0x40103e).(0=>1).
  72000: system.cpu.iq: Waking dependents of completed instruction.
  72000: system.cpu.iq: Waking any dependents on register 54 (integer).
  72000: system.cpu.iew: Setting Destination Register 54 (integer)
  72000: system.cpu.scoreboard: Setting reg 54 (integer) as ready
  72000: system.cpu.iq: Attempting to schedule ready instructions from the IQ.
  72000: system.cpu.iq: Not able to schedule any instructions.
  72000: system.cpu.iew.lsq: [tid:0] Writing back stores. 4 stores available for Writeback.
  72000: system.cpu.iew: Processing [tid:0]
  72000: system.cpu.iew.lsq.thread0: Committing head load instruction, PC (0x401023=>0x401026).(0=>1)
  72000: system.cpu.iew.lsq.thread0: Committing head load instruction, PC (0x401026=>0x40102a).(0=>1)
  72000: system.cpu.iew.lsq.thread0: Committing head load instruction, PC (0x40102a=>0x40102e).(0=>1)
  72000: system.cpu.iew.lsq.thread0: Committing head load instruction, PC (0x40102e=>0x401032).(0=>1)
  72000: system.cpu.iq: [tid:0] Committing instructions older than [sn:140]
  72000: system.cpu.iew.lsq.thread0: LQ size: 192, #loads occupied: 0
  72000: system.cpu.iew.lsq.thread0: SQ size: 114, #stores occupied: 4
  72000: system.cpu.iew: [tid:0], Dispatch dispatched 0 instructions.
  72000: system.cpu.iew.lsq.thread0: SQ size: 114, #stores occupied: 4
  72000: system.cpu.iew.lsq.thread0: LQ size: 192, #loads occupied: 0
  72000: system.cpu.iew: IQ has 204 free entries (Can schedule: 0).  LQ has 192 free entries. SQ has 110 free entries.
  72000: system.cpu.iew: Activity this cycle.
  72000: system.cpu.commit: Getting instructions from Rename stage.
  72000: system.cpu.commit: Trying to commit instructions in the ROB.
  72000: system.cpu.commit: Trying to commit head instruction, [tid:0] [sn:150]
  72000: system.cpu.commit: [tid:0] [sn:150] Committing instruction with PC (0x401032=>0x401034).(0=>1)
  72000: system.cpu.rob: [tid:0] Retiring head instruction, instruction PC (0x401032=>0x401034).(0=>1), [sn:150]
  72000: system.cpu: Removing committed instruction [tid:0] PC (0x401032=>0x401034).(0=>1) [sn:150]
  72000: system.cpu.commit: Trying to commit head instruction, [tid:0] [sn:160]
  72000: system.cpu.commit: [tid:0] [sn:160] Committing instruction with PC (0x401034=>0x401036).(0=>1)
  72000: system.cpu.rob: [tid:0] Retiring head instruction, instruction PC (0x401034=>0x401036).(0=>1), [sn:160]
  72000: system.cpu: Removing committed instruction [tid:0] PC (0x401034=>0x401036).(0=>1) [sn:160]
  72000: system.cpu.commit: [tid:0] Marking PC (0x401036=>0x401038).(0=>1), [sn:170] ready within ROB.
  72000: system.cpu.commit: [tid:0] Instruction [sn:170] PC (0x401036=>0x401038).(0=>1) is head of ROB and ready to commit
  72000: system.cpu.commit: [tid:0] ROB has 4 insts & 508 free entries.
  72000: system.cpu.commit: Activity This Cycle.
  72000: system.cpu: Removing instruction, [tid:0] [sn:150] PC (0x401032=>0x401034).(0=>1)
  72000: system.cpu: Removing instruction, [tid:0] [sn:160] PC (0x401034=>0x401036).(0=>1)
  72000: system.cpu: Scheduling next tick!
  73000: system.cpu: 

O3CPU: Ticking main, O3CPU.
  73000: system.cpu.fetch: Running stage.
  73000: system.cpu.fetch: There are no more threads available to fetch from.
  73000: system.cpu.fetch: [tid:0] Fetch is waiting cache response!
  73000: system.cpu.decode: Processing [tid:0]
  73000: system.cpu.decode: [tid:0] Bypass moves from Rename: 0
  73000: system.cpu.decode: [tid:0] Not blocked, so attempting to run stage.
  73000: system.cpu.decode: [tid:0] Nothing to do, breaking out early.
  73000: system.cpu.rename: Processing [tid:0]
  73000: system.cpu.rename: [tid:0] Free IQ: 204, Free ROB: 508, Free LQ: 192, Free SQ: 110, FreeRM 63(467 464 511 1022 63 8 2547)
  73000: system.cpu.rename: [tid:0] 0 instructions not yet in ROB
  73000: system.cpu.rename: calcFreeLQEntries: free lqEntries: 192, loadsInProgress: 0, loads dispatchedToLQ: 0
  73000: system.cpu.rename: [tid:0] Not blocked, so attempting to run stage.
  73000: system.cpu.rename: [tid:0] Nothing to do, breaking out early.
  73000: system.cpu.rename: [tid:0] Removing a committed instruction from the history buffer 0 (size=26), until [sn:160].
  73000: system.cpu.rename: [tid:0] Freeing up older rename of reg 46 (integer), [sn:150].
  73000: system.cpu.rename: [tid:0] Freeing up older rename of reg 5 (condition_code), [sn:150].
  73000: system.cpu.rename: [tid:0] Freeing up older rename of reg 6 (condition_code), [sn:150].
  73000: system.cpu.rename: [tid:0] Freeing up older rename of reg 4294967295 (invalid), [sn:150].
  73000: system.cpu.rename: [tid:0] Freeing up older rename of reg 4294967295 (invalid), [sn:150].
  73000: system.cpu.rename: [tid:0] Freeing up older rename of reg 4294967295 (invalid), [sn:150].
  73000: system.cpu.rename: [tid:0] Freeing up older rename of reg 48 (integer), [sn:160].
  73000: system.cpu.rename: [tid:0] Freeing up older rename of reg 7 (condition_code), [sn:160].
  73000: system.cpu.rename: [tid:0] Freeing up older rename of reg 8 (condition_code), [sn:160].
  73000: system.cpu.rename: [tid:0] Freeing up older rename of reg 4294967295 (invalid), [sn:160].
  73000: system.cpu.rename: [tid:0] Freeing up older rename of reg 4294967295 (invalid), [sn:160].
  73000: system.cpu.rename: [tid:0] Freeing up older rename of reg 4294967295 (invalid), [sn:160].
  73000: system.cpu.iew: Issue: Processing [tid:0]
  73000: system.cpu.iew: [tid:0] Not blocked, so attempting to run dispatch.
  73000: system.cpu.iq: Attempting to schedule ready instructions from the IQ.
  73000: system.cpu.iq: Not able to schedule any instructions.
  73000: system.cpu.iew.lsq: [tid:0] Writing back stores. 4 stores available for Writeback.
  73000: system.cpu.iew: Processing [tid:0]
  73000: system.cpu.iq: [tid:0] Committing instructions older than [sn:160]
  73000: system.cpu.iew.lsq.thread0: LQ size: 192, #loads occupied: 0
  73000: system.cpu.iew.lsq.thread0: SQ size: 114, #stores occupied: 4
  73000: system.cpu.iew: [tid:0], Dispatch dispatched 0 instructions.
  73000: system.cpu.iew.lsq.thread0: SQ size: 114, #stores occupied: 4
  73000: system.cpu.iew.lsq.thread0: LQ size: 192, #loads occupied: 0
  73000: system.cpu.iew: IQ has 204 free entries (Can schedule: 0).  LQ has 192 free entries. SQ has 110 free entries.
  73000: system.cpu.iew: Activity this cycle.
  73000: system.cpu: Activity: 18
  73000: system.cpu.commit: Getting instructions from Rename stage.
  73000: system.cpu.commit: Trying to commit instructions in the ROB.
  73000: system.cpu.commit: Trying to commit head instruction, [tid:0] [sn:170]
  73000: system.cpu.commit: [tid:0] [sn:170] Committing instruction with PC (0x401036=>0x401038).(0=>1)
  73000: system.cpu.rob: [tid:0] Retiring head instruction, instruction PC (0x401036=>0x401038).(0=>1), [sn:170]
  73000: system.cpu: Removing committed instruction [tid:0] PC (0x401036=>0x401038).(0=>1) [sn:170]
  73000: system.cpu.commit: Trying to commit head instruction, [tid:0] [sn:180]
  73000: system.cpu.commit: [tid:0] [sn:180] Committing instruction with PC (0x401038=>0x40103c).(0=>1)
  73000: system.cpu.rob: [tid:0] Retiring head instruction, instruction PC (0x401038=>0x40103c).(0=>1), [sn:180]
  73000: system.cpu: Removing committed instruction [tid:0] PC (0x401038=>0x40103c).(0=>1) [sn:180]
  73000: system.cpu.commit: Trying to commit head instruction, [tid:0] [sn:190]
  73000: system.cpu.commit: [tid:0] [sn:190] Committing instruction with PC (0x401038=>0x40103c).(1=>2)
  73000: system.cpu.rob: [tid:0] Retiring head instruction, instruction PC (0x401038=>0x40103c).(1=>2), [sn:190]
  73000: system.cpu: Removing committed instruction [tid:0] PC (0x401038=>0x40103c).(1=>2) [sn:190]
  73000: system.cpu.commit: [tid:0] Marking PC (0x40103c=>0x40103e).(0=>1), [sn:200] ready within ROB.
  73000: system.cpu.commit: [tid:0] Instruction [sn:200] PC (0x40103c=>0x40103e).(0=>1) is head of ROB and ready to commit
  73000: system.cpu.commit: [tid:0] ROB has 1 insts & 511 free entries.
  73000: system.cpu.commit: Activity This Cycle.
  73000: system.cpu: Removing instruction, [tid:0] [sn:170] PC (0x401036=>0x401038).(0=>1)
  73000: system.cpu: Removing instruction, [tid:0] [sn:180] PC (0x401038=>0x40103c).(0=>1)
  73000: system.cpu: Removing instruction, [tid:0] [sn:190] PC (0x401038=>0x40103c).(1=>2)
  73000: system.cpu: Scheduling next tick!
  74000: system.cpu: 

O3CPU: Ticking main, O3CPU.
  74000: system.cpu.fetch: Running stage.
  74000: system.cpu.fetch: There are no more threads available to fetch from.
  74000: system.cpu.fetch: [tid:0] Fetch is waiting cache response!
  74000: system.cpu.decode: Processing [tid:0]
  74000: system.cpu.decode: [tid:0] Bypass moves from Rename: 0
  74000: system.cpu.decode: [tid:0] Not blocked, so attempting to run stage.
  74000: system.cpu.decode: [tid:0] Nothing to do, breaking out early.
  74000: system.cpu.rename: Processing [tid:0]
  74000: system.cpu.rename: [tid:0] Free IQ: 204, Free ROB: 511, Free LQ: 192, Free SQ: 110, FreeRM 63(469 464 511 1022 63 8 2551)
  74000: system.cpu.rename: [tid:0] 0 instructions not yet in ROB
  74000: system.cpu.rename: calcFreeLQEntries: free lqEntries: 192, loadsInProgress: 0, loads dispatchedToLQ: 0
  74000: system.cpu.rename: [tid:0] Not blocked, so attempting to run stage.
  74000: system.cpu.rename: [tid:0] Nothing to do, breaking out early.
  74000: system.cpu.rename: [tid:0] Removing a committed instruction from the history buffer 0 (size=14), until [sn:190].
  74000: system.cpu.rename: [tid:0] Freeing up older rename of reg 50 (integer), [sn:170].
  74000: system.cpu.rename: [tid:0] Freeing up older rename of reg 9 (condition_code), [sn:170].
  74000: system.cpu.rename: [tid:0] Freeing up older rename of reg 10 (condition_code), [sn:170].
  74000: system.cpu.rename: [tid:0] Freeing up older rename of reg 4294967295 (invalid), [sn:170].
  74000: system.cpu.rename: [tid:0] Freeing up older rename of reg 4294967295 (invalid), [sn:170].
  74000: system.cpu.rename: [tid:0] Freeing up older rename of reg 4294967295 (invalid), [sn:170].
  74000: system.cpu.rename: [tid:0] Freeing up older rename of reg 44 (integer), [sn:180].
  74000: system.cpu.rename: [tid:0] Freeing up older rename of reg 40 (integer), [sn:190].
  74000: system.cpu.rename: [tid:0] Freeing up older rename of reg 11 (condition_code), [sn:190].
  74000: system.cpu.rename: [tid:0] Freeing up older rename of reg 12 (condition_code), [sn:190].
  74000: system.cpu.rename: [tid:0] Freeing up older rename of reg 4294967295 (invalid), [sn:190].
  74000: system.cpu.rename: [tid:0] Freeing up older rename of reg 4294967295 (invalid), [sn:190].
  74000: system.cpu.rename: [tid:0] Freeing up older rename of reg 4294967295 (invalid), [sn:190].
  74000: system.cpu.iew: Issue: Processing [tid:0]
  74000: system.cpu.iew: [tid:0] Not blocked, so attempting to run dispatch.
  74000: system.cpu.iq: Attempting to schedule ready instructions from the IQ.
  74000: system.cpu.iq: Not able to schedule any instructions.
  74000: system.cpu.iew.lsq: [tid:0] Writing back stores. 4 stores available for Writeback.
  74000: system.cpu.iew: Processing [tid:0]
  74000: system.cpu.iq: [tid:0] Committing instructions older than [sn:190]
  74000: system.cpu.iew.lsq.thread0: LQ size: 192, #loads occupied: 0
  74000: system.cpu.iew.lsq.thread0: SQ size: 114, #stores occupied: 4
  74000: system.cpu.iew: [tid:0], Dispatch dispatched 0 instructions.
  74000: system.cpu.iew.lsq.thread0: SQ size: 114, #stores occupied: 4
  74000: system.cpu.iew.lsq.thread0: LQ size: 192, #loads occupied: 0
  74000: system.cpu.iew: IQ has 204 free entries (Can schedule: 0).  LQ has 192 free entries. SQ has 110 free entries.
  74000: system.cpu.iew: Activity this cycle.
  74000: system.cpu: Activity: 19
  74000: system.cpu.commit: Getting instructions from Rename stage.
  74000: system.cpu.commit: Trying to commit instructions in the ROB.
  74000: system.cpu.commit: Trying to commit head instruction, [tid:0] [sn:200]
  74000: system.cpu.commit: [tid:0] [sn:200] Committing instruction with PC (0x40103c=>0x40103e).(0=>1)
  74000: system.cpu.rob: [tid:0] Retiring head instruction, instruction PC (0x40103c=>0x40103e).(0=>1), [sn:200]
  74000: system.cpu: Removing committed instruction [tid:0] PC (0x40103c=>0x40103e).(0=>1) [sn:200]
  74000: system.cpu.commit: [tid:0] ROB has 0 insts & 512 free entries.
  74000: system.cpu.commit: Activity This Cycle.
  74000: system.cpu.commit: Deactivating stage.
  74000: system.cpu: Activity: 18
  74000: system.cpu: Removing instruction, [tid:0] [sn:200] PC (0x40103c=>0x40103e).(0=>1)
  74000: system.cpu: Scheduling next tick!
  75000: system.cpu: 

O3CPU: Ticking main, O3CPU.
  75000: system.cpu.fetch: Running stage.
  75000: system.cpu.fetch: There are no more threads available to fetch from.
  75000: system.cpu.fetch: [tid:0] Fetch is waiting cache response!
  75000: system.cpu.decode: Processing [tid:0]
  75000: system.cpu.decode: [tid:0] Bypass moves from Rename: 0
  75000: system.cpu.decode: [tid:0] Not blocked, so attempting to run stage.
  75000: system.cpu.decode: [tid:0] Nothing to do, breaking out early.
  75000: system.cpu.rename: Processing [tid:0]
  75000: system.cpu.rename: [tid:0] Free IQ: 204, Free ROB: 512, Free LQ: 192, Free SQ: 110, FreeRM 63(472 464 511 1022 63 8 2555)
  75000: system.cpu.rename: [tid:0] 0 instructions not yet in ROB
  75000: system.cpu.rename: calcFreeLQEntries: free lqEntries: 192, loadsInProgress: 0, loads dispatchedToLQ: 0
  75000: system.cpu.rename: [tid:0] Not blocked, so attempting to run stage.
  75000: system.cpu.rename: [tid:0] Nothing to do, breaking out early.
  75000: system.cpu.rename: [tid:0] Removing a committed instruction from the history buffer 0 (size=1), until [sn:200].
  75000: system.cpu.rename: [tid:0] Freeing up older rename of reg 7 (integer), [sn:200].
  75000: system.cpu.iew: Issue: Processing [tid:0]
  75000: system.cpu.iew: [tid:0] Not blocked, so attempting to run dispatch.
  75000: system.cpu.iq: Attempting to schedule ready instructions from the IQ.
  75000: system.cpu.iq: Not able to schedule any instructions.
  75000: system.cpu.iew.lsq: [tid:0] Writing back stores. 4 stores available for Writeback.
  75000: system.cpu.iew: Processing [tid:0]
  75000: system.cpu.iq: [tid:0] Committing instructions older than [sn:200]
  75000: system.cpu.iew.lsq.thread0: LQ size: 192, #loads occupied: 0
  75000: system.cpu.iew.lsq.thread0: SQ size: 114, #stores occupied: 4
  75000: system.cpu.iew: [tid:0], Dispatch dispatched 0 instructions.
  75000: system.cpu.iew.lsq.thread0: SQ size: 114, #stores occupied: 4
  75000: system.cpu.iew.lsq.thread0: LQ size: 192, #loads occupied: 0
  75000: system.cpu.iew: IQ has 204 free entries (Can schedule: 0).  LQ has 192 free entries. SQ has 110 free entries.
  75000: system.cpu.iew: Activity this cycle.
  75000: system.cpu: Activity: 19
  75000: system.cpu.commit: Getting instructions from Rename stage.
  75000: system.cpu.commit: Trying to commit instructions in the ROB.
  75000: system.cpu.commit: [tid:0] ROB has 0 insts & 512 free entries.
O3PipeView:fetch:58000:0x0040100b:0:50:  MOV_M_I : limm   t1d, 0xa
O3PipeView:decode:59000
O3PipeView:rename:60000
O3PipeView:dispatch:62000
O3PipeView:issue:62000
O3PipeView:complete:63000
O3PipeView:retire:67000:store:0
  75000: global: DynInst: [sn:50] Instruction destroyed. Instcount for system.cpu = 19
O3PipeView:fetch:58000:0x00401004:0:30:  MOV_M_I : limm   t1d, 0x5
O3PipeView:decode:59000
O3PipeView:rename:60000
O3PipeView:dispatch:62000
O3PipeView:issue:62000
O3PipeView:complete:63000
O3PipeView:retire:66000:store:0
  75000: global: DynInst: [sn:30] Instruction destroyed. Instcount for system.cpu = 18
O3PipeView:fetch:58000:0x00401000:0:10:  SUB_R_I : limm   t1, 0x10
O3PipeView:decode:59000
O3PipeView:rename:60000
O3PipeView:dispatch:62000
O3PipeView:issue:62000
O3PipeView:complete:63000
O3PipeView:retire:65000:store:0
  75000: global: DynInst: [sn:10] Instruction destroyed. Instcount for system.cpu = 17
  75000: system.cpu: Scheduling next tick!
  76000: system.cpu: 

O3CPU: Ticking main, O3CPU.
  76000: system.cpu.fetch: Running stage.
  76000: system.cpu.fetch: There are no more threads available to fetch from.
  76000: system.cpu.fetch: [tid:0] Fetch is waiting cache response!
  76000: system.cpu.decode: Processing [tid:0]
  76000: system.cpu.decode: [tid:0] Bypass moves from Rename: 0
  76000: system.cpu.decode: [tid:0] Not blocked, so attempting to run stage.
  76000: system.cpu.decode: [tid:0] Nothing to do, breaking out early.
  76000: system.cpu.rename: Processing [tid:0]
  76000: system.cpu.rename: [tid:0] Free IQ: 204, Free ROB: 512, Free LQ: 192, Free SQ: 110, FreeRM 63(473 464 511 1022 63 8 2555)
  76000: system.cpu.rename: [tid:0] 0 instructions not yet in ROB
  76000: system.cpu.rename: calcFreeLQEntries: free lqEntries: 192, loadsInProgress: 0, loads dispatchedToLQ: 0
  76000: system.cpu.rename: [tid:0] Not blocked, so attempting to run stage.
  76000: system.cpu.rename: [tid:0] Nothing to do, breaking out early.
  76000: system.cpu.iew: Issue: Processing [tid:0]
  76000: system.cpu.iew: [tid:0] Not blocked, so attempting to run dispatch.
  76000: system.cpu.iq: Attempting to schedule ready instructions from the IQ.
  76000: system.cpu.iq: Not able to schedule any instructions.
  76000: system.cpu.iew.lsq: [tid:0] Writing back stores. 4 stores available for Writeback.
  76000: system.cpu.iew: Processing [tid:0]
  76000: system.cpu.iew.lsq.thread0: LQ size: 192, #loads occupied: 0
  76000: system.cpu.iew.lsq.thread0: SQ size: 114, #stores occupied: 4
  76000: system.cpu.iew: [tid:0], Dispatch dispatched 0 instructions.
  76000: system.cpu.iew.lsq.thread0: SQ size: 114, #stores occupied: 4
  76000: system.cpu.iew.lsq.thread0: LQ size: 192, #loads occupied: 0
  76000: system.cpu.iew: IQ has 204 free entries (Can schedule: 0).  LQ has 192 free entries. SQ has 110 free entries.
  76000: system.cpu.iew: Activity this cycle.
  76000: system.cpu: Activity: 20
  76000: system.cpu.commit: Getting instructions from Rename stage.
  76000: system.cpu.commit: Trying to commit instructions in the ROB.
  76000: system.cpu.commit: [tid:0] ROB has 0 insts & 512 free entries.
O3PipeView:fetch:59000:0x0040101b:0:90:  MOV_M_I : limm   t1d, 0x14
O3PipeView:decode:60000
O3PipeView:rename:61000
O3PipeView:dispatch:63000
O3PipeView:issue:63000
O3PipeView:complete:64000
O3PipeView:retire:67000:store:0
  76000: global: DynInst: [sn:90] Instruction destroyed. Instcount for system.cpu = 16
O3PipeView:fetch:59000:0x00401013:0:70:  MOV_M_I : limm   t1d, 0xf
O3PipeView:decode:60000
O3PipeView:rename:61000
O3PipeView:dispatch:63000
O3PipeView:issue:63000
O3PipeView:complete:64000
O3PipeView:retire:67000:store:0
  76000: global: DynInst: [sn:70] Instruction destroyed. Instcount for system.cpu = 15
O3PipeView:fetch:58000:0x00401000:1:20:  SUB_R_I : sub   rsp, rsp, t1
O3PipeView:decode:59000
O3PipeView:rename:60000
O3PipeView:dispatch:62000
O3PipeView:issue:63000
O3PipeView:complete:64000
O3PipeView:retire:66000:store:0
  76000: global: DynInst: [sn:20] Instruction destroyed. Instcount for system.cpu = 14
  76000: system.cpu: Scheduling next tick!
  77000: system.cpu: 

O3CPU: Ticking main, O3CPU.
  77000: system.cpu.fetch: Running stage.
  77000: system.cpu.fetch: There are no more threads available to fetch from.
  77000: system.cpu.fetch: [tid:0] Fetch is waiting cache response!
  77000: system.cpu.decode: Processing [tid:0]
  77000: system.cpu.decode: [tid:0] Bypass moves from Rename: 0
  77000: system.cpu.decode: [tid:0] Not blocked, so attempting to run stage.
  77000: system.cpu.decode: [tid:0] Nothing to do, breaking out early.
  77000: system.cpu.rename: Processing [tid:0]
  77000: system.cpu.rename: [tid:0] Free IQ: 204, Free ROB: 512, Free LQ: 192, Free SQ: 110, FreeRM 63(473 464 511 1022 63 8 2555)
  77000: system.cpu.rename: [tid:0] 0 instructions not yet in ROB
  77000: system.cpu.rename: calcFreeLQEntries: free lqEntries: 192, loadsInProgress: 0, loads dispatchedToLQ: 0
  77000: system.cpu.rename: [tid:0] Not blocked, so attempting to run stage.
  77000: system.cpu.rename: [tid:0] Nothing to do, breaking out early.
  77000: system.cpu.iew: Issue: Processing [tid:0]
  77000: system.cpu.iew: [tid:0] Not blocked, so attempting to run dispatch.
  77000: system.cpu.iq: Attempting to schedule ready instructions from the IQ.
  77000: system.cpu.iq: Not able to schedule any instructions.
  77000: system.cpu.iew.lsq: [tid:0] Writing back stores. 4 stores available for Writeback.
  77000: system.cpu.iew: Processing [tid:0]
  77000: system.cpu.iew: [tid:0], Dispatch dispatched 0 instructions.
  77000: system.cpu.iew.lsq.thread0: SQ size: 114, #stores occupied: 4
  77000: system.cpu.iew.lsq.thread0: LQ size: 192, #loads occupied: 0
  77000: system.cpu.iew: IQ has 204 free entries (Can schedule: 0).  LQ has 192 free entries. SQ has 110 free entries.
  77000: system.cpu.commit: Getting instructions from Rename stage.
  77000: system.cpu.commit: Trying to commit instructions in the ROB.
  77000: system.cpu.commit: [tid:0] ROB has 0 insts & 512 free entries.
O3PipeView:fetch:60000:0x00401038:0:180:  ADD_R_I : limm   t1, 0x10
O3PipeView:decode:61000
O3PipeView:rename:62000
O3PipeView:dispatch:64000
O3PipeView:issue:64000
O3PipeView:complete:65000
O3PipeView:retire:73000:store:0
  77000: global: DynInst: [sn:180] Instruction destroyed. Instcount for system.cpu = 13
  77000: system.cpu: Scheduling next tick!
  78000: system.cpu: 

O3CPU: Ticking main, O3CPU.
  78000: system.cpu.fetch: Running stage.
  78000: system.cpu.fetch: There are no more threads available to fetch from.
  78000: system.cpu.fetch: [tid:0] Fetch is waiting cache response!
  78000: system.cpu.decode: Processing [tid:0]
  78000: system.cpu.decode: [tid:0] Bypass moves from Rename: 0
  78000: system.cpu.decode: [tid:0] Not blocked, so attempting to run stage.
  78000: system.cpu.decode: [tid:0] Nothing to do, breaking out early.
  78000: system.cpu.rename: Processing [tid:0]
  78000: system.cpu.rename: [tid:0] Free IQ: 204, Free ROB: 512, Free LQ: 192, Free SQ: 110, FreeRM 63(473 464 511 1022 63 8 2555)
  78000: system.cpu.rename: [tid:0] 0 instructions not yet in ROB
  78000: system.cpu.rename: calcFreeLQEntries: free lqEntries: 192, loadsInProgress: 0, loads dispatchedToLQ: 0
  78000: system.cpu.rename: [tid:0] Not blocked, so attempting to run stage.
  78000: system.cpu.rename: [tid:0] Nothing to do, breaking out early.
  78000: system.cpu.iew: Issue: Processing [tid:0]
  78000: system.cpu.iew: [tid:0] Not blocked, so attempting to run dispatch.
  78000: system.cpu.iq: Attempting to schedule ready instructions from the IQ.
  78000: system.cpu.iq: Not able to schedule any instructions.
  78000: system.cpu.iew.lsq: [tid:0] Writing back stores. 4 stores available for Writeback.
  78000: system.cpu.iew: Processing [tid:0]
  78000: system.cpu.iew: [tid:0], Dispatch dispatched 0 instructions.
  78000: system.cpu.iew.lsq.thread0: SQ size: 114, #stores occupied: 4
  78000: system.cpu.iew.lsq.thread0: LQ size: 192, #loads occupied: 0
  78000: system.cpu.iew: IQ has 204 free entries (Can schedule: 0).  LQ has 192 free entries. SQ has 110 free entries.
  78000: system.cpu.commit: Getting instructions from Rename stage.
  78000: system.cpu.commit: Trying to commit instructions in the ROB.
  78000: system.cpu.commit: [tid:0] ROB has 0 insts & 512 free entries.
O3PipeView:fetch:61000:0x00401038:1:190:  ADD_R_I : add   rsp, rsp, t1
O3PipeView:decode:62000
O3PipeView:rename:63000
O3PipeView:dispatch:65000
O3PipeView:issue:65000
O3PipeView:complete:66000
O3PipeView:retire:73000:store:0
  78000: global: DynInst: [sn:190] Instruction destroyed. Instcount for system.cpu = 12
  78000: system.cpu: Scheduling next tick!
  79000: system.cpu: 

O3CPU: Ticking main, O3CPU.
  79000: system.cpu.fetch: Running stage.
  79000: system.cpu.fetch: There are no more threads available to fetch from.
  79000: system.cpu.fetch: [tid:0] Fetch is waiting cache response!
  79000: system.cpu.decode: Processing [tid:0]
  79000: system.cpu.decode: [tid:0] Bypass moves from Rename: 0
  79000: system.cpu.decode: [tid:0] Not blocked, so attempting to run stage.
  79000: system.cpu.decode: [tid:0] Nothing to do, breaking out early.
  79000: system.cpu.rename: Processing [tid:0]
  79000: system.cpu.rename: [tid:0] Free IQ: 204, Free ROB: 512, Free LQ: 192, Free SQ: 110, FreeRM 63(473 464 511 1022 63 8 2555)
  79000: system.cpu.rename: [tid:0] 0 instructions not yet in ROB
  79000: system.cpu.rename: calcFreeLQEntries: free lqEntries: 192, loadsInProgress: 0, loads dispatchedToLQ: 0
  79000: system.cpu.rename: [tid:0] Not blocked, so attempting to run stage.
  79000: system.cpu.rename: [tid:0] Nothing to do, breaking out early.
  79000: system.cpu.iew: Issue: Processing [tid:0]
  79000: system.cpu.iew: [tid:0] Not blocked, so attempting to run dispatch.
  79000: system.cpu.iq: Attempting to schedule ready instructions from the IQ.
  79000: system.cpu.iq: Not able to schedule any instructions.
  79000: system.cpu.iew.lsq: [tid:0] Writing back stores. 4 stores available for Writeback.
  79000: system.cpu.iew: Processing [tid:0]
  79000: system.cpu.iew: [tid:0], Dispatch dispatched 0 instructions.
  79000: system.cpu.iew.lsq.thread0: SQ size: 114, #stores occupied: 4
  79000: system.cpu.iew.lsq.thread0: LQ size: 192, #loads occupied: 0
  79000: system.cpu.iew: IQ has 204 free entries (Can schedule: 0).  LQ has 192 free entries. SQ has 110 free entries.
  79000: system.cpu.commit: Getting instructions from Rename stage.
  79000: system.cpu.commit: Trying to commit instructions in the ROB.
  79000: system.cpu.commit: [tid:0] ROB has 0 insts & 512 free entries.
  79000: system.cpu: Scheduling next tick!
  80000: system.cpu: 

O3CPU: Ticking main, O3CPU.
  80000: system.cpu.fetch: Running stage.
  80000: system.cpu.fetch: There are no more threads available to fetch from.
  80000: system.cpu.fetch: [tid:0] Fetch is waiting cache response!
  80000: system.cpu.decode: Processing [tid:0]
  80000: system.cpu.decode: [tid:0] Bypass moves from Rename: 0
  80000: system.cpu.decode: [tid:0] Not blocked, so attempting to run stage.
  80000: system.cpu.decode: [tid:0] Nothing to do, breaking out early.
  80000: system.cpu.rename: Processing [tid:0]
  80000: system.cpu.rename: [tid:0] Free IQ: 204, Free ROB: 512, Free LQ: 192, Free SQ: 110, FreeRM 63(473 464 511 1022 63 8 2555)
  80000: system.cpu.rename: [tid:0] 0 instructions not yet in ROB
  80000: system.cpu.rename: calcFreeLQEntries: free lqEntries: 192, loadsInProgress: 0, loads dispatchedToLQ: 0
  80000: system.cpu.rename: [tid:0] Not blocked, so attempting to run stage.
  80000: system.cpu.rename: [tid:0] Nothing to do, breaking out early.
  80000: system.cpu.iew: Issue: Processing [tid:0]
  80000: system.cpu.iew: [tid:0] Not blocked, so attempting to run dispatch.
  80000: system.cpu.iq: Attempting to schedule ready instructions from the IQ.
  80000: system.cpu.iq: Not able to schedule any instructions.
  80000: system.cpu.iew.lsq: [tid:0] Writing back stores. 4 stores available for Writeback.
  80000: system.cpu.iew: Processing [tid:0]
  80000: system.cpu.iew: [tid:0], Dispatch dispatched 0 instructions.
  80000: system.cpu.iew.lsq.thread0: SQ size: 114, #stores occupied: 4
  80000: system.cpu.iew.lsq.thread0: LQ size: 192, #loads occupied: 0
  80000: system.cpu.iew: IQ has 204 free entries (Can schedule: 0).  LQ has 192 free entries. SQ has 110 free entries.
  80000: system.cpu.commit: Getting instructions from Rename stage.
  80000: system.cpu.commit: Trying to commit instructions in the ROB.
  80000: system.cpu.commit: [tid:0] ROB has 0 insts & 512 free entries.
  80000: system.cpu: Scheduling next tick!
  81000: system.cpu: 

O3CPU: Ticking main, O3CPU.
  81000: system.cpu.fetch: Running stage.
  81000: system.cpu.fetch: There are no more threads available to fetch from.
  81000: system.cpu.fetch: [tid:0] Fetch is waiting cache response!
  81000: system.cpu.decode: Processing [tid:0]
  81000: system.cpu.decode: [tid:0] Bypass moves from Rename: 0
  81000: system.cpu.decode: [tid:0] Not blocked, so attempting to run stage.
  81000: system.cpu.decode: [tid:0] Nothing to do, breaking out early.
  81000: system.cpu.rename: Processing [tid:0]
  81000: system.cpu.rename: [tid:0] Free IQ: 204, Free ROB: 512, Free LQ: 192, Free SQ: 110, FreeRM 63(473 464 511 1022 63 8 2555)
  81000: system.cpu.rename: [tid:0] 0 instructions not yet in ROB
  81000: system.cpu.rename: calcFreeLQEntries: free lqEntries: 192, loadsInProgress: 0, loads dispatchedToLQ: 0
  81000: system.cpu.rename: [tid:0] Not blocked, so attempting to run stage.
  81000: system.cpu.rename: [tid:0] Nothing to do, breaking out early.
  81000: system.cpu.iew: Issue: Processing [tid:0]
  81000: system.cpu.iew: [tid:0] Not blocked, so attempting to run dispatch.
  81000: system.cpu.iq: Attempting to schedule ready instructions from the IQ.
  81000: system.cpu.iq: Not able to schedule any instructions.
  81000: system.cpu.iew.lsq: [tid:0] Writing back stores. 4 stores available for Writeback.
  81000: system.cpu.iew: Processing [tid:0]
  81000: system.cpu.iew: [tid:0], Dispatch dispatched 0 instructions.
  81000: system.cpu.iew.lsq.thread0: SQ size: 114, #stores occupied: 4
  81000: system.cpu.iew.lsq.thread0: LQ size: 192, #loads occupied: 0
  81000: system.cpu.iew: IQ has 204 free entries (Can schedule: 0).  LQ has 192 free entries. SQ has 110 free entries.
  81000: system.cpu.commit: Getting instructions from Rename stage.
  81000: system.cpu.commit: Trying to commit instructions in the ROB.
  81000: system.cpu.commit: [tid:0] ROB has 0 insts & 512 free entries.
O3PipeView:fetch:59000:0x00401023:0:110:  MOV_R_M : ld   eax, SS:[t0 + rsp]
O3PipeView:decode:60000
O3PipeView:rename:61000
O3PipeView:dispatch:63000
O3PipeView:issue:64000
O3PipeView:complete:65000
O3PipeView:retire:71000:store:0
  81000: global: DynInst: [sn:110] Instruction destroyed. Instcount for system.cpu = 11
O3PipeView:fetch:59000:0x00401026:0:120:  MOV_R_M : ld   esi, SS:[t0 + rsp + 0x4]
O3PipeView:decode:60000
O3PipeView:rename:61000
O3PipeView:dispatch:63000
O3PipeView:issue:64000
O3PipeView:complete:65000
O3PipeView:retire:71000:store:0
  81000: global: DynInst: [sn:120] Instruction destroyed. Instcount for system.cpu = 10
O3PipeView:fetch:60000:0x0040102a:0:130:  MOV_R_M : ld   ecx, SS:[t0 + rsp + 0x8]
O3PipeView:decode:61000
O3PipeView:rename:62000
O3PipeView:dispatch:64000
O3PipeView:issue:64000
O3PipeView:complete:65000
O3PipeView:retire:71000:store:0
  81000: global: DynInst: [sn:130] Instruction destroyed. Instcount for system.cpu = 9
O3PipeView:fetch:60000:0x0040102e:0:140:  MOV_R_M : ld   edx, SS:[t0 + rsp + 0xc]
O3PipeView:decode:61000
O3PipeView:rename:62000
O3PipeView:dispatch:64000
O3PipeView:issue:64000
O3PipeView:complete:65000
O3PipeView:retire:71000:store:0
  81000: global: DynInst: [sn:140] Instruction destroyed. Instcount for system.cpu = 8
  81000: system.cpu: Scheduling next tick!
  82000: system.cpu: 

O3CPU: Ticking main, O3CPU.
  82000: system.cpu.fetch: Running stage.
  82000: system.cpu.fetch: There are no more threads available to fetch from.
  82000: system.cpu.fetch: [tid:0] Fetch is waiting cache response!
  82000: system.cpu.decode: Processing [tid:0]
  82000: system.cpu.decode: [tid:0] Bypass moves from Rename: 0
  82000: system.cpu.decode: [tid:0] Not blocked, so attempting to run stage.
  82000: system.cpu.decode: [tid:0] Nothing to do, breaking out early.
  82000: system.cpu.rename: Processing [tid:0]
  82000: system.cpu.rename: [tid:0] Free IQ: 204, Free ROB: 512, Free LQ: 192, Free SQ: 110, FreeRM 63(473 464 511 1022 63 8 2555)
  82000: system.cpu.rename: [tid:0] 0 instructions not yet in ROB
  82000: system.cpu.rename: calcFreeLQEntries: free lqEntries: 192, loadsInProgress: 0, loads dispatchedToLQ: 0
  82000: system.cpu.rename: [tid:0] Not blocked, so attempting to run stage.
  82000: system.cpu.rename: [tid:0] Nothing to do, breaking out early.
  82000: system.cpu.iew: Issue: Processing [tid:0]
  82000: system.cpu.iew: [tid:0] Not blocked, so attempting to run dispatch.
  82000: system.cpu.iq: Attempting to schedule ready instructions from the IQ.
  82000: system.cpu.iq: Not able to schedule any instructions.
  82000: system.cpu.iew.lsq: [tid:0] Writing back stores. 4 stores available for Writeback.
  82000: system.cpu.iew: Processing [tid:0]
  82000: system.cpu.iew: [tid:0], Dispatch dispatched 0 instructions.
  82000: system.cpu.iew.lsq.thread0: SQ size: 114, #stores occupied: 4
  82000: system.cpu.iew.lsq.thread0: LQ size: 192, #loads occupied: 0
  82000: system.cpu.iew: IQ has 204 free entries (Can schedule: 0).  LQ has 192 free entries. SQ has 110 free entries.
  82000: system.cpu.commit: Getting instructions from Rename stage.
  82000: system.cpu.commit: Trying to commit instructions in the ROB.
  82000: system.cpu.commit: [tid:0] ROB has 0 insts & 512 free entries.
O3PipeView:fetch:60000:0x00401034:0:160:  ADD_R_R : add   edx, edx, ecx
O3PipeView:decode:61000
O3PipeView:rename:62000
O3PipeView:dispatch:64000
O3PipeView:issue:69000
O3PipeView:complete:70000
O3PipeView:retire:72000:store:0
  82000: global: DynInst: [sn:160] Instruction destroyed. Instcount for system.cpu = 7
O3PipeView:fetch:60000:0x00401032:0:150:  ADD_R_R : add   esi, esi, eax
O3PipeView:decode:61000
O3PipeView:rename:62000
O3PipeView:dispatch:64000
O3PipeView:issue:69000
O3PipeView:complete:70000
O3PipeView:retire:72000:store:0
  82000: global: DynInst: [sn:150] Instruction destroyed. Instcount for system.cpu = 6
  82000: system.cpu: Activity: 19
  82000: system.cpu: Scheduling next tick!
  83000: system.cpu: 

O3CPU: Ticking main, O3CPU.
  83000: system.cpu.fetch: Running stage.
  83000: system.cpu.fetch: There are no more threads available to fetch from.
  83000: system.cpu.fetch: [tid:0] Fetch is waiting cache response!
  83000: system.cpu.decode: Processing [tid:0]
  83000: system.cpu.decode: [tid:0] Bypass moves from Rename: 0
  83000: system.cpu.decode: [tid:0] Not blocked, so attempting to run stage.
  83000: system.cpu.decode: [tid:0] Nothing to do, breaking out early.
  83000: system.cpu.rename: Processing [tid:0]
  83000: system.cpu.rename: [tid:0] Free IQ: 204, Free ROB: 512, Free LQ: 192, Free SQ: 110, FreeRM 63(473 464 511 1022 63 8 2555)
  83000: system.cpu.rename: [tid:0] 0 instructions not yet in ROB
  83000: system.cpu.rename: calcFreeLQEntries: free lqEntries: 192, loadsInProgress: 0, loads dispatchedToLQ: 0
  83000: system.cpu.rename: [tid:0] Not blocked, so attempting to run stage.
  83000: system.cpu.rename: [tid:0] Nothing to do, breaking out early.
  83000: system.cpu.iew: Issue: Processing [tid:0]
  83000: system.cpu.iew: [tid:0] Not blocked, so attempting to run dispatch.
  83000: system.cpu.iq: Attempting to schedule ready instructions from the IQ.
  83000: system.cpu.iq: Not able to schedule any instructions.
  83000: system.cpu.iew.lsq: [tid:0] Writing back stores. 4 stores available for Writeback.
  83000: system.cpu.iew: Processing [tid:0]
  83000: system.cpu.iew: [tid:0], Dispatch dispatched 0 instructions.
  83000: system.cpu.iew.lsq.thread0: SQ size: 114, #stores occupied: 4
  83000: system.cpu.iew.lsq.thread0: LQ size: 192, #loads occupied: 0
  83000: system.cpu.iew: IQ has 204 free entries (Can schedule: 0).  LQ has 192 free entries. SQ has 110 free entries.
  83000: system.cpu.commit: Getting instructions from Rename stage.
  83000: system.cpu.commit: Trying to commit instructions in the ROB.
  83000: system.cpu.commit: [tid:0] ROB has 0 insts & 512 free entries.
O3PipeView:fetch:60000:0x00401036:0:170:  SUB_R_R : sub   edx, edx, esi
O3PipeView:decode:61000
O3PipeView:rename:62000
O3PipeView:dispatch:64000
O3PipeView:issue:70000
O3PipeView:complete:71000
O3PipeView:retire:73000:store:0
  83000: global: DynInst: [sn:170] Instruction destroyed. Instcount for system.cpu = 5
  83000: system.cpu: Activity: 18
  83000: system.cpu: Scheduling next tick!
  84000: system.cpu: 

O3CPU: Ticking main, O3CPU.
  84000: system.cpu.fetch: Running stage.
  84000: system.cpu.fetch: There are no more threads available to fetch from.
  84000: system.cpu.fetch: [tid:0] Fetch is waiting cache response!
  84000: system.cpu.decode: Processing [tid:0]
  84000: system.cpu.decode: [tid:0] Bypass moves from Rename: 0
  84000: system.cpu.decode: [tid:0] Not blocked, so attempting to run stage.
  84000: system.cpu.decode: [tid:0] Nothing to do, breaking out early.
  84000: system.cpu.rename: Processing [tid:0]
  84000: system.cpu.rename: [tid:0] Free IQ: 204, Free ROB: 512, Free LQ: 192, Free SQ: 110, FreeRM 63(473 464 511 1022 63 8 2555)
  84000: system.cpu.rename: [tid:0] 0 instructions not yet in ROB
  84000: system.cpu.rename: calcFreeLQEntries: free lqEntries: 192, loadsInProgress: 0, loads dispatchedToLQ: 0
  84000: system.cpu.rename: [tid:0] Not blocked, so attempting to run stage.
  84000: system.cpu.rename: [tid:0] Nothing to do, breaking out early.
  84000: system.cpu.iew: Issue: Processing [tid:0]
  84000: system.cpu.iew: [tid:0] Not blocked, so attempting to run dispatch.
  84000: system.cpu.iq: Attempting to schedule ready instructions from the IQ.
  84000: system.cpu.iq: Not able to schedule any instructions.
  84000: system.cpu.iew.lsq: [tid:0] Writing back stores. 4 stores available for Writeback.
  84000: system.cpu.iew: Processing [tid:0]
  84000: system.cpu.iew: [tid:0], Dispatch dispatched 0 instructions.
  84000: system.cpu.iew.lsq.thread0: SQ size: 114, #stores occupied: 4
  84000: system.cpu.iew.lsq.thread0: LQ size: 192, #loads occupied: 0
  84000: system.cpu.iew: IQ has 204 free entries (Can schedule: 0).  LQ has 192 free entries. SQ has 110 free entries.
  84000: system.cpu.commit: Getting instructions from Rename stage.
  84000: system.cpu.commit: Trying to commit instructions in the ROB.
  84000: system.cpu.commit: [tid:0] ROB has 0 insts & 512 free entries.
O3PipeView:fetch:61000:0x0040103c:0:200:  MOV_R_R : mov   edi, edi, edx
O3PipeView:decode:62000
O3PipeView:rename:63000
O3PipeView:dispatch:65000
O3PipeView:issue:71000
O3PipeView:complete:72000
O3PipeView:retire:74000:store:0
  84000: global: DynInst: [sn:200] Instruction destroyed. Instcount for system.cpu = 4
  84000: system.cpu: Activity: 17
  84000: system.cpu: Scheduling next tick!
  85000: system.cpu: 

O3CPU: Ticking main, O3CPU.
  85000: system.cpu.fetch: Running stage.
  85000: system.cpu.fetch: There are no more threads available to fetch from.
  85000: system.cpu.fetch: [tid:0] Fetch is waiting cache response!
  85000: system.cpu.decode: Processing [tid:0]
  85000: system.cpu.decode: [tid:0] Bypass moves from Rename: 0
  85000: system.cpu.decode: [tid:0] Not blocked, so attempting to run stage.
  85000: system.cpu.decode: [tid:0] Nothing to do, breaking out early.
  85000: system.cpu.rename: Processing [tid:0]
  85000: system.cpu.rename: [tid:0] Free IQ: 204, Free ROB: 512, Free LQ: 192, Free SQ: 110, FreeRM 63(473 464 511 1022 63 8 2555)
  85000: system.cpu.rename: [tid:0] 0 instructions not yet in ROB
  85000: system.cpu.rename: calcFreeLQEntries: free lqEntries: 192, loadsInProgress: 0, loads dispatchedToLQ: 0
  85000: system.cpu.rename: [tid:0] Not blocked, so attempting to run stage.
  85000: system.cpu.rename: [tid:0] Nothing to do, breaking out early.
  85000: system.cpu.iew: Issue: Processing [tid:0]
  85000: system.cpu.iew: [tid:0] Not blocked, so attempting to run dispatch.
  85000: system.cpu.iq: Attempting to schedule ready instructions from the IQ.
  85000: system.cpu.iq: Not able to schedule any instructions.
  85000: system.cpu.iew.lsq: [tid:0] Writing back stores. 4 stores available for Writeback.
  85000: system.cpu.iew: Processing [tid:0]
  85000: system.cpu.iew: [tid:0], Dispatch dispatched 0 instructions.
  85000: system.cpu.iew.lsq.thread0: SQ size: 114, #stores occupied: 4
  85000: system.cpu.iew.lsq.thread0: LQ size: 192, #loads occupied: 0
  85000: system.cpu.iew: IQ has 204 free entries (Can schedule: 0).  LQ has 192 free entries. SQ has 110 free entries.
  85000: system.cpu.commit: Getting instructions from Rename stage.
  85000: system.cpu.commit: Trying to commit instructions in the ROB.
  85000: system.cpu.commit: [tid:0] ROB has 0 insts & 512 free entries.
  85000: system.cpu: Activity: 16
  85000: system.cpu: Scheduling next tick!
  86000: system.cpu: 

O3CPU: Ticking main, O3CPU.
  86000: system.cpu.fetch: Running stage.
  86000: system.cpu.fetch: There are no more threads available to fetch from.
  86000: system.cpu.fetch: [tid:0] Fetch is waiting cache response!
  86000: system.cpu.decode: Processing [tid:0]
  86000: system.cpu.decode: [tid:0] Bypass moves from Rename: 0
  86000: system.cpu.decode: [tid:0] Not blocked, so attempting to run stage.
  86000: system.cpu.decode: [tid:0] Nothing to do, breaking out early.
  86000: system.cpu.rename: Processing [tid:0]
  86000: system.cpu.rename: [tid:0] Free IQ: 204, Free ROB: 512, Free LQ: 192, Free SQ: 110, FreeRM 63(473 464 511 1022 63 8 2555)
  86000: system.cpu.rename: [tid:0] 0 instructions not yet in ROB
  86000: system.cpu.rename: calcFreeLQEntries: free lqEntries: 192, loadsInProgress: 0, loads dispatchedToLQ: 0
  86000: system.cpu.rename: [tid:0] Not blocked, so attempting to run stage.
  86000: system.cpu.rename: [tid:0] Nothing to do, breaking out early.
  86000: system.cpu.iew: Issue: Processing [tid:0]
  86000: system.cpu.iew: [tid:0] Not blocked, so attempting to run dispatch.
  86000: system.cpu.iq: Attempting to schedule ready instructions from the IQ.
  86000: system.cpu.iq: Not able to schedule any instructions.
  86000: system.cpu.iew.lsq: [tid:0] Writing back stores. 4 stores available for Writeback.
  86000: system.cpu.iew: Processing [tid:0]
  86000: system.cpu.iew: [tid:0], Dispatch dispatched 0 instructions.
  86000: system.cpu.iew.lsq.thread0: SQ size: 114, #stores occupied: 4
  86000: system.cpu.iew.lsq.thread0: LQ size: 192, #loads occupied: 0
  86000: system.cpu.iew: IQ has 204 free entries (Can schedule: 0).  LQ has 192 free entries. SQ has 110 free entries.
  86000: system.cpu.commit: Getting instructions from Rename stage.
  86000: system.cpu.commit: Trying to commit instructions in the ROB.
  86000: system.cpu.commit: [tid:0] ROB has 0 insts & 512 free entries.
  86000: system.cpu: Activity: 15
  86000: system.cpu: Scheduling next tick!
  87000: system.cpu: 

O3CPU: Ticking main, O3CPU.
  87000: system.cpu.fetch: Running stage.
  87000: system.cpu.fetch: There are no more threads available to fetch from.
  87000: system.cpu.fetch: [tid:0] Fetch is waiting cache response!
  87000: system.cpu.decode: Processing [tid:0]
  87000: system.cpu.decode: [tid:0] Bypass moves from Rename: 0
  87000: system.cpu.decode: [tid:0] Not blocked, so attempting to run stage.
  87000: system.cpu.decode: [tid:0] Nothing to do, breaking out early.
  87000: system.cpu.rename: Processing [tid:0]
  87000: system.cpu.rename: [tid:0] Free IQ: 204, Free ROB: 512, Free LQ: 192, Free SQ: 110, FreeRM 63(473 464 511 1022 63 8 2555)
  87000: system.cpu.rename: [tid:0] 0 instructions not yet in ROB
  87000: system.cpu.rename: calcFreeLQEntries: free lqEntries: 192, loadsInProgress: 0, loads dispatchedToLQ: 0
  87000: system.cpu.rename: [tid:0] Not blocked, so attempting to run stage.
  87000: system.cpu.rename: [tid:0] Nothing to do, breaking out early.
  87000: system.cpu.iew: Issue: Processing [tid:0]
  87000: system.cpu.iew: [tid:0] Not blocked, so attempting to run dispatch.
  87000: system.cpu.iq: Attempting to schedule ready instructions from the IQ.
  87000: system.cpu.iq: Not able to schedule any instructions.
  87000: system.cpu.iew.lsq: [tid:0] Writing back stores. 4 stores available for Writeback.
  87000: system.cpu.iew: Processing [tid:0]
  87000: system.cpu.iew: [tid:0], Dispatch dispatched 0 instructions.
  87000: system.cpu.iew.lsq.thread0: SQ size: 114, #stores occupied: 4
  87000: system.cpu.iew.lsq.thread0: LQ size: 192, #loads occupied: 0
  87000: system.cpu.iew: IQ has 204 free entries (Can schedule: 0).  LQ has 192 free entries. SQ has 110 free entries.
  87000: system.cpu.commit: Getting instructions from Rename stage.
  87000: system.cpu.commit: Trying to commit instructions in the ROB.
  87000: system.cpu.commit: [tid:0] ROB has 0 insts & 512 free entries.
  87000: system.cpu: Activity: 14
  87000: system.cpu: Scheduling next tick!
  88000: system.cpu: 

O3CPU: Ticking main, O3CPU.
  88000: system.cpu.fetch: Running stage.
  88000: system.cpu.fetch: There are no more threads available to fetch from.
  88000: system.cpu.fetch: [tid:0] Fetch is waiting cache response!
  88000: system.cpu.decode: Processing [tid:0]
  88000: system.cpu.decode: [tid:0] Bypass moves from Rename: 0
  88000: system.cpu.decode: [tid:0] Not blocked, so attempting to run stage.
  88000: system.cpu.decode: [tid:0] Nothing to do, breaking out early.
  88000: system.cpu.rename: Processing [tid:0]
  88000: system.cpu.rename: [tid:0] Free IQ: 204, Free ROB: 512, Free LQ: 192, Free SQ: 110, FreeRM 63(473 464 511 1022 63 8 2555)
  88000: system.cpu.rename: [tid:0] 0 instructions not yet in ROB
  88000: system.cpu.rename: calcFreeLQEntries: free lqEntries: 192, loadsInProgress: 0, loads dispatchedToLQ: 0
  88000: system.cpu.rename: [tid:0] Not blocked, so attempting to run stage.
  88000: system.cpu.rename: [tid:0] Nothing to do, breaking out early.
  88000: system.cpu.iew: Issue: Processing [tid:0]
  88000: system.cpu.iew: [tid:0] Not blocked, so attempting to run dispatch.
  88000: system.cpu.iq: Attempting to schedule ready instructions from the IQ.
  88000: system.cpu.iq: Not able to schedule any instructions.
  88000: system.cpu.iew.lsq: [tid:0] Writing back stores. 4 stores available for Writeback.
  88000: system.cpu.iew: Processing [tid:0]
  88000: system.cpu.iew: [tid:0], Dispatch dispatched 0 instructions.
  88000: system.cpu.iew.lsq.thread0: SQ size: 114, #stores occupied: 4
  88000: system.cpu.iew.lsq.thread0: LQ size: 192, #loads occupied: 0
  88000: system.cpu.iew: IQ has 204 free entries (Can schedule: 0).  LQ has 192 free entries. SQ has 110 free entries.
  88000: system.cpu.commit: Getting instructions from Rename stage.
  88000: system.cpu.commit: Trying to commit instructions in the ROB.
  88000: system.cpu.commit: [tid:0] ROB has 0 insts & 512 free entries.
  88000: system.cpu: Activity: 13
  88000: system.cpu: Scheduling next tick!
  89000: system.cpu: 

O3CPU: Ticking main, O3CPU.
  89000: system.cpu.fetch: Running stage.
  89000: system.cpu.fetch: There are no more threads available to fetch from.
  89000: system.cpu.fetch: [tid:0] Fetch is waiting cache response!
  89000: system.cpu.decode: Processing [tid:0]
  89000: system.cpu.decode: [tid:0] Bypass moves from Rename: 0
  89000: system.cpu.decode: [tid:0] Not blocked, so attempting to run stage.
  89000: system.cpu.decode: [tid:0] Nothing to do, breaking out early.
  89000: system.cpu.rename: Processing [tid:0]
  89000: system.cpu.rename: [tid:0] Free IQ: 204, Free ROB: 512, Free LQ: 192, Free SQ: 110, FreeRM 63(473 464 511 1022 63 8 2555)
  89000: system.cpu.rename: [tid:0] 0 instructions not yet in ROB
  89000: system.cpu.rename: calcFreeLQEntries: free lqEntries: 192, loadsInProgress: 0, loads dispatchedToLQ: 0
  89000: system.cpu.rename: [tid:0] Not blocked, so attempting to run stage.
  89000: system.cpu.rename: [tid:0] Nothing to do, breaking out early.
  89000: system.cpu.iew: Issue: Processing [tid:0]
  89000: system.cpu.iew: [tid:0] Not blocked, so attempting to run dispatch.
  89000: system.cpu.iq: Attempting to schedule ready instructions from the IQ.
  89000: system.cpu.iq: Not able to schedule any instructions.
  89000: system.cpu.iew.lsq: [tid:0] Writing back stores. 4 stores available for Writeback.
  89000: system.cpu.iew: Processing [tid:0]
  89000: system.cpu.iew: [tid:0], Dispatch dispatched 0 instructions.
  89000: system.cpu.iew.lsq.thread0: SQ size: 114, #stores occupied: 4
  89000: system.cpu.iew.lsq.thread0: LQ size: 192, #loads occupied: 0
  89000: system.cpu.iew: IQ has 204 free entries (Can schedule: 0).  LQ has 192 free entries. SQ has 110 free entries.
  89000: system.cpu.commit: Getting instructions from Rename stage.
  89000: system.cpu.commit: Trying to commit instructions in the ROB.
  89000: system.cpu.commit: [tid:0] ROB has 0 insts & 512 free entries.
  89000: system.cpu: Activity: 12
  89000: system.cpu: Scheduling next tick!
  90000: system.cpu: 

O3CPU: Ticking main, O3CPU.
  90000: system.cpu.fetch: Running stage.
  90000: system.cpu.fetch: There are no more threads available to fetch from.
  90000: system.cpu.fetch: [tid:0] Fetch is waiting cache response!
  90000: system.cpu.decode: Processing [tid:0]
  90000: system.cpu.decode: [tid:0] Bypass moves from Rename: 0
  90000: system.cpu.decode: [tid:0] Not blocked, so attempting to run stage.
  90000: system.cpu.decode: [tid:0] Nothing to do, breaking out early.
  90000: system.cpu.rename: Processing [tid:0]
  90000: system.cpu.rename: [tid:0] Free IQ: 204, Free ROB: 512, Free LQ: 192, Free SQ: 110, FreeRM 63(473 464 511 1022 63 8 2555)
  90000: system.cpu.rename: [tid:0] 0 instructions not yet in ROB
  90000: system.cpu.rename: calcFreeLQEntries: free lqEntries: 192, loadsInProgress: 0, loads dispatchedToLQ: 0
  90000: system.cpu.rename: [tid:0] Not blocked, so attempting to run stage.
  90000: system.cpu.rename: [tid:0] Nothing to do, breaking out early.
  90000: system.cpu.iew: Issue: Processing [tid:0]
  90000: system.cpu.iew: [tid:0] Not blocked, so attempting to run dispatch.
  90000: system.cpu.iq: Attempting to schedule ready instructions from the IQ.
  90000: system.cpu.iq: Not able to schedule any instructions.
  90000: system.cpu.iew.lsq: [tid:0] Writing back stores. 4 stores available for Writeback.
  90000: system.cpu.iew: Processing [tid:0]
  90000: system.cpu.iew: [tid:0], Dispatch dispatched 0 instructions.
  90000: system.cpu.iew.lsq.thread0: SQ size: 114, #stores occupied: 4
  90000: system.cpu.iew.lsq.thread0: LQ size: 192, #loads occupied: 0
  90000: system.cpu.iew: IQ has 204 free entries (Can schedule: 0).  LQ has 192 free entries. SQ has 110 free entries.
  90000: system.cpu.commit: Getting instructions from Rename stage.
  90000: system.cpu.commit: Trying to commit instructions in the ROB.
  90000: system.cpu.commit: [tid:0] ROB has 0 insts & 512 free entries.
  90000: system.cpu: Activity: 11
  90000: system.cpu: Scheduling next tick!
  91000: system.cpu: 

O3CPU: Ticking main, O3CPU.
  91000: system.cpu.fetch: Running stage.
  91000: system.cpu.fetch: There are no more threads available to fetch from.
  91000: system.cpu.fetch: [tid:0] Fetch is waiting cache response!
  91000: system.cpu.decode: Processing [tid:0]
  91000: system.cpu.decode: [tid:0] Bypass moves from Rename: 0
  91000: system.cpu.decode: [tid:0] Not blocked, so attempting to run stage.
  91000: system.cpu.decode: [tid:0] Nothing to do, breaking out early.
  91000: system.cpu.rename: Processing [tid:0]
  91000: system.cpu.rename: [tid:0] Free IQ: 204, Free ROB: 512, Free LQ: 192, Free SQ: 110, FreeRM 63(473 464 511 1022 63 8 2555)
  91000: system.cpu.rename: [tid:0] 0 instructions not yet in ROB
  91000: system.cpu.rename: calcFreeLQEntries: free lqEntries: 192, loadsInProgress: 0, loads dispatchedToLQ: 0
  91000: system.cpu.rename: [tid:0] Not blocked, so attempting to run stage.
  91000: system.cpu.rename: [tid:0] Nothing to do, breaking out early.
  91000: system.cpu.iew: Issue: Processing [tid:0]
  91000: system.cpu.iew: [tid:0] Not blocked, so attempting to run dispatch.
  91000: system.cpu.iq: Attempting to schedule ready instructions from the IQ.
  91000: system.cpu.iq: Not able to schedule any instructions.
  91000: system.cpu.iew.lsq: [tid:0] Writing back stores. 4 stores available for Writeback.
  91000: system.cpu.iew: Processing [tid:0]
  91000: system.cpu.iew: [tid:0], Dispatch dispatched 0 instructions.
  91000: system.cpu.iew.lsq.thread0: SQ size: 114, #stores occupied: 4
  91000: system.cpu.iew.lsq.thread0: LQ size: 192, #loads occupied: 0
  91000: system.cpu.iew: IQ has 204 free entries (Can schedule: 0).  LQ has 192 free entries. SQ has 110 free entries.
  91000: system.cpu.commit: Getting instructions from Rename stage.
  91000: system.cpu.commit: Trying to commit instructions in the ROB.
  91000: system.cpu.commit: [tid:0] ROB has 0 insts & 512 free entries.
  91000: system.cpu: Activity: 10
  91000: system.cpu: Scheduling next tick!
  92000: system.cpu: 

O3CPU: Ticking main, O3CPU.
  92000: system.cpu.fetch: Running stage.
  92000: system.cpu.fetch: There are no more threads available to fetch from.
  92000: system.cpu.fetch: [tid:0] Fetch is waiting cache response!
  92000: system.cpu.decode: Processing [tid:0]
  92000: system.cpu.decode: [tid:0] Bypass moves from Rename: 0
  92000: system.cpu.decode: [tid:0] Not blocked, so attempting to run stage.
  92000: system.cpu.decode: [tid:0] Nothing to do, breaking out early.
  92000: system.cpu.rename: Processing [tid:0]
  92000: system.cpu.rename: [tid:0] Free IQ: 204, Free ROB: 512, Free LQ: 192, Free SQ: 110, FreeRM 63(473 464 511 1022 63 8 2555)
  92000: system.cpu.rename: [tid:0] 0 instructions not yet in ROB
  92000: system.cpu.rename: calcFreeLQEntries: free lqEntries: 192, loadsInProgress: 0, loads dispatchedToLQ: 0
  92000: system.cpu.rename: [tid:0] Not blocked, so attempting to run stage.
  92000: system.cpu.rename: [tid:0] Nothing to do, breaking out early.
  92000: system.cpu.iew: Issue: Processing [tid:0]
  92000: system.cpu.iew: [tid:0] Not blocked, so attempting to run dispatch.
  92000: system.cpu.iq: Attempting to schedule ready instructions from the IQ.
  92000: system.cpu.iq: Not able to schedule any instructions.
  92000: system.cpu.iew.lsq: [tid:0] Writing back stores. 4 stores available for Writeback.
  92000: system.cpu.iew: Processing [tid:0]
  92000: system.cpu.iew: [tid:0], Dispatch dispatched 0 instructions.
  92000: system.cpu.iew.lsq.thread0: SQ size: 114, #stores occupied: 4
  92000: system.cpu.iew.lsq.thread0: LQ size: 192, #loads occupied: 0
  92000: system.cpu.iew: IQ has 204 free entries (Can schedule: 0).  LQ has 192 free entries. SQ has 110 free entries.
  92000: system.cpu.commit: Getting instructions from Rename stage.
  92000: system.cpu.commit: Trying to commit instructions in the ROB.
  92000: system.cpu.commit: [tid:0] ROB has 0 insts & 512 free entries.
  92000: system.cpu: Activity: 9
  92000: system.cpu: Scheduling next tick!
  93000: system.cpu: 

O3CPU: Ticking main, O3CPU.
  93000: system.cpu.fetch: Running stage.
  93000: system.cpu.fetch: There are no more threads available to fetch from.
  93000: system.cpu.fetch: [tid:0] Fetch is waiting cache response!
  93000: system.cpu.decode: Processing [tid:0]
  93000: system.cpu.decode: [tid:0] Bypass moves from Rename: 0
  93000: system.cpu.decode: [tid:0] Not blocked, so attempting to run stage.
  93000: system.cpu.decode: [tid:0] Nothing to do, breaking out early.
  93000: system.cpu.rename: Processing [tid:0]
  93000: system.cpu.rename: [tid:0] Free IQ: 204, Free ROB: 512, Free LQ: 192, Free SQ: 110, FreeRM 63(473 464 511 1022 63 8 2555)
  93000: system.cpu.rename: [tid:0] 0 instructions not yet in ROB
  93000: system.cpu.rename: calcFreeLQEntries: free lqEntries: 192, loadsInProgress: 0, loads dispatchedToLQ: 0
  93000: system.cpu.rename: [tid:0] Not blocked, so attempting to run stage.
  93000: system.cpu.rename: [tid:0] Nothing to do, breaking out early.
  93000: system.cpu.iew: Issue: Processing [tid:0]
  93000: system.cpu.iew: [tid:0] Not blocked, so attempting to run dispatch.
  93000: system.cpu.iq: Attempting to schedule ready instructions from the IQ.
  93000: system.cpu.iq: Not able to schedule any instructions.
  93000: system.cpu.iew.lsq: [tid:0] Writing back stores. 4 stores available for Writeback.
  93000: system.cpu.iew: Processing [tid:0]
  93000: system.cpu.iew: [tid:0], Dispatch dispatched 0 instructions.
  93000: system.cpu.iew.lsq.thread0: SQ size: 114, #stores occupied: 4
  93000: system.cpu.iew.lsq.thread0: LQ size: 192, #loads occupied: 0
  93000: system.cpu.iew: IQ has 204 free entries (Can schedule: 0).  LQ has 192 free entries. SQ has 110 free entries.
  93000: system.cpu.commit: Getting instructions from Rename stage.
  93000: system.cpu.commit: Trying to commit instructions in the ROB.
  93000: system.cpu.commit: [tid:0] ROB has 0 insts & 512 free entries.
  93000: system.cpu: Activity: 8
  93000: system.cpu: Scheduling next tick!
  94000: system.cpu: 

O3CPU: Ticking main, O3CPU.
  94000: system.cpu.fetch: Running stage.
  94000: system.cpu.fetch: There are no more threads available to fetch from.
  94000: system.cpu.fetch: [tid:0] Fetch is waiting cache response!
  94000: system.cpu.decode: Processing [tid:0]
  94000: system.cpu.decode: [tid:0] Bypass moves from Rename: 0
  94000: system.cpu.decode: [tid:0] Not blocked, so attempting to run stage.
  94000: system.cpu.decode: [tid:0] Nothing to do, breaking out early.
  94000: system.cpu.rename: Processing [tid:0]
  94000: system.cpu.rename: [tid:0] Free IQ: 204, Free ROB: 512, Free LQ: 192, Free SQ: 110, FreeRM 63(473 464 511 1022 63 8 2555)
  94000: system.cpu.rename: [tid:0] 0 instructions not yet in ROB
  94000: system.cpu.rename: calcFreeLQEntries: free lqEntries: 192, loadsInProgress: 0, loads dispatchedToLQ: 0
  94000: system.cpu.rename: [tid:0] Not blocked, so attempting to run stage.
  94000: system.cpu.rename: [tid:0] Nothing to do, breaking out early.
  94000: system.cpu.iew: Issue: Processing [tid:0]
  94000: system.cpu.iew: [tid:0] Not blocked, so attempting to run dispatch.
  94000: system.cpu.iq: Attempting to schedule ready instructions from the IQ.
  94000: system.cpu.iq: Not able to schedule any instructions.
  94000: system.cpu.iew.lsq: [tid:0] Writing back stores. 4 stores available for Writeback.
  94000: system.cpu.iew: Processing [tid:0]
  94000: system.cpu.iew: [tid:0], Dispatch dispatched 0 instructions.
  94000: system.cpu.iew.lsq.thread0: SQ size: 114, #stores occupied: 4
  94000: system.cpu.iew.lsq.thread0: LQ size: 192, #loads occupied: 0
  94000: system.cpu.iew: IQ has 204 free entries (Can schedule: 0).  LQ has 192 free entries. SQ has 110 free entries.
  94000: system.cpu.commit: Getting instructions from Rename stage.
  94000: system.cpu.commit: Trying to commit instructions in the ROB.
  94000: system.cpu.commit: [tid:0] ROB has 0 insts & 512 free entries.
  94000: system.cpu: Activity: 7
  94000: system.cpu: Scheduling next tick!
  95000: system.cpu: 

O3CPU: Ticking main, O3CPU.
  95000: system.cpu.fetch: Running stage.
  95000: system.cpu.fetch: There are no more threads available to fetch from.
  95000: system.cpu.fetch: [tid:0] Fetch is waiting cache response!
  95000: system.cpu.decode: Processing [tid:0]
  95000: system.cpu.decode: [tid:0] Bypass moves from Rename: 0
  95000: system.cpu.decode: [tid:0] Not blocked, so attempting to run stage.
  95000: system.cpu.decode: [tid:0] Nothing to do, breaking out early.
  95000: system.cpu.rename: Processing [tid:0]
  95000: system.cpu.rename: [tid:0] Free IQ: 204, Free ROB: 512, Free LQ: 192, Free SQ: 110, FreeRM 63(473 464 511 1022 63 8 2555)
  95000: system.cpu.rename: [tid:0] 0 instructions not yet in ROB
  95000: system.cpu.rename: calcFreeLQEntries: free lqEntries: 192, loadsInProgress: 0, loads dispatchedToLQ: 0
  95000: system.cpu.rename: [tid:0] Not blocked, so attempting to run stage.
  95000: system.cpu.rename: [tid:0] Nothing to do, breaking out early.
  95000: system.cpu.iew: Issue: Processing [tid:0]
  95000: system.cpu.iew: [tid:0] Not blocked, so attempting to run dispatch.
  95000: system.cpu.iq: Attempting to schedule ready instructions from the IQ.
  95000: system.cpu.iq: Not able to schedule any instructions.
  95000: system.cpu.iew.lsq: [tid:0] Writing back stores. 4 stores available for Writeback.
  95000: system.cpu.iew: Processing [tid:0]
  95000: system.cpu.iew: [tid:0], Dispatch dispatched 0 instructions.
  95000: system.cpu.iew.lsq.thread0: SQ size: 114, #stores occupied: 4
  95000: system.cpu.iew.lsq.thread0: LQ size: 192, #loads occupied: 0
  95000: system.cpu.iew: IQ has 204 free entries (Can schedule: 0).  LQ has 192 free entries. SQ has 110 free entries.
  95000: system.cpu.commit: Getting instructions from Rename stage.
  95000: system.cpu.commit: Trying to commit instructions in the ROB.
  95000: system.cpu.commit: [tid:0] ROB has 0 insts & 512 free entries.
  95000: system.cpu: Activity: 6
  95000: system.cpu: Scheduling next tick!
  96000: system.cpu: 

O3CPU: Ticking main, O3CPU.
  96000: system.cpu.fetch: Running stage.
  96000: system.cpu.fetch: There are no more threads available to fetch from.
  96000: system.cpu.fetch: [tid:0] Fetch is waiting cache response!
  96000: system.cpu.decode: Processing [tid:0]
  96000: system.cpu.decode: [tid:0] Bypass moves from Rename: 0
  96000: system.cpu.decode: [tid:0] Not blocked, so attempting to run stage.
  96000: system.cpu.decode: [tid:0] Nothing to do, breaking out early.
  96000: system.cpu.rename: Processing [tid:0]
  96000: system.cpu.rename: [tid:0] Free IQ: 204, Free ROB: 512, Free LQ: 192, Free SQ: 110, FreeRM 63(473 464 511 1022 63 8 2555)
  96000: system.cpu.rename: [tid:0] 0 instructions not yet in ROB
  96000: system.cpu.rename: calcFreeLQEntries: free lqEntries: 192, loadsInProgress: 0, loads dispatchedToLQ: 0
  96000: system.cpu.rename: [tid:0] Not blocked, so attempting to run stage.
  96000: system.cpu.rename: [tid:0] Nothing to do, breaking out early.
  96000: system.cpu.iew: Issue: Processing [tid:0]
  96000: system.cpu.iew: [tid:0] Not blocked, so attempting to run dispatch.
  96000: system.cpu.iq: Attempting to schedule ready instructions from the IQ.
  96000: system.cpu.iq: Not able to schedule any instructions.
  96000: system.cpu.iew.lsq: [tid:0] Writing back stores. 4 stores available for Writeback.
  96000: system.cpu.iew: Processing [tid:0]
  96000: system.cpu.iew: [tid:0], Dispatch dispatched 0 instructions.
  96000: system.cpu.iew.lsq.thread0: SQ size: 114, #stores occupied: 4
  96000: system.cpu.iew.lsq.thread0: LQ size: 192, #loads occupied: 0
  96000: system.cpu.iew: IQ has 204 free entries (Can schedule: 0).  LQ has 192 free entries. SQ has 110 free entries.
  96000: system.cpu.commit: Getting instructions from Rename stage.
  96000: system.cpu.commit: Trying to commit instructions in the ROB.
  96000: system.cpu.commit: [tid:0] ROB has 0 insts & 512 free entries.
  96000: system.cpu: Activity: 5
  96000: system.cpu: Scheduling next tick!
  97000: system.cpu: 

O3CPU: Ticking main, O3CPU.
  97000: system.cpu.fetch: Running stage.
  97000: system.cpu.fetch: There are no more threads available to fetch from.
  97000: system.cpu.fetch: [tid:0] Fetch is waiting cache response!
  97000: system.cpu.decode: Processing [tid:0]
  97000: system.cpu.decode: [tid:0] Bypass moves from Rename: 0
  97000: system.cpu.decode: [tid:0] Not blocked, so attempting to run stage.
  97000: system.cpu.decode: [tid:0] Nothing to do, breaking out early.
  97000: system.cpu.rename: Processing [tid:0]
  97000: system.cpu.rename: [tid:0] Free IQ: 204, Free ROB: 512, Free LQ: 192, Free SQ: 110, FreeRM 63(473 464 511 1022 63 8 2555)
  97000: system.cpu.rename: [tid:0] 0 instructions not yet in ROB
  97000: system.cpu.rename: calcFreeLQEntries: free lqEntries: 192, loadsInProgress: 0, loads dispatchedToLQ: 0
  97000: system.cpu.rename: [tid:0] Not blocked, so attempting to run stage.
  97000: system.cpu.rename: [tid:0] Nothing to do, breaking out early.
  97000: system.cpu.iew: Issue: Processing [tid:0]
  97000: system.cpu.iew: [tid:0] Not blocked, so attempting to run dispatch.
  97000: system.cpu.iq: Attempting to schedule ready instructions from the IQ.
  97000: system.cpu.iq: Not able to schedule any instructions.
  97000: system.cpu.iew.lsq: [tid:0] Writing back stores. 4 stores available for Writeback.
  97000: system.cpu.iew: Processing [tid:0]
  97000: system.cpu.iew: [tid:0], Dispatch dispatched 0 instructions.
  97000: system.cpu.iew.lsq.thread0: SQ size: 114, #stores occupied: 4
  97000: system.cpu.iew.lsq.thread0: LQ size: 192, #loads occupied: 0
  97000: system.cpu.iew: IQ has 204 free entries (Can schedule: 0).  LQ has 192 free entries. SQ has 110 free entries.
  97000: system.cpu.commit: Getting instructions from Rename stage.
  97000: system.cpu.commit: Trying to commit instructions in the ROB.
  97000: system.cpu.commit: [tid:0] ROB has 0 insts & 512 free entries.
  97000: system.cpu: Activity: 4
  97000: system.cpu: Scheduling next tick!
  98000: system.cpu: 

O3CPU: Ticking main, O3CPU.
  98000: system.cpu.fetch: Running stage.
  98000: system.cpu.fetch: There are no more threads available to fetch from.
  98000: system.cpu.fetch: [tid:0] Fetch is waiting cache response!
  98000: system.cpu.decode: Processing [tid:0]
  98000: system.cpu.decode: [tid:0] Bypass moves from Rename: 0
  98000: system.cpu.decode: [tid:0] Not blocked, so attempting to run stage.
  98000: system.cpu.decode: [tid:0] Nothing to do, breaking out early.
  98000: system.cpu.rename: Processing [tid:0]
  98000: system.cpu.rename: [tid:0] Free IQ: 204, Free ROB: 512, Free LQ: 192, Free SQ: 110, FreeRM 63(473 464 511 1022 63 8 2555)
  98000: system.cpu.rename: [tid:0] 0 instructions not yet in ROB
  98000: system.cpu.rename: calcFreeLQEntries: free lqEntries: 192, loadsInProgress: 0, loads dispatchedToLQ: 0
  98000: system.cpu.rename: [tid:0] Not blocked, so attempting to run stage.
  98000: system.cpu.rename: [tid:0] Nothing to do, breaking out early.
  98000: system.cpu.iew: Issue: Processing [tid:0]
  98000: system.cpu.iew: [tid:0] Not blocked, so attempting to run dispatch.
  98000: system.cpu.iq: Attempting to schedule ready instructions from the IQ.
  98000: system.cpu.iq: Not able to schedule any instructions.
  98000: system.cpu.iew.lsq: [tid:0] Writing back stores. 4 stores available for Writeback.
  98000: system.cpu.iew: Processing [tid:0]
  98000: system.cpu.iew: [tid:0], Dispatch dispatched 0 instructions.
  98000: system.cpu.iew.lsq.thread0: SQ size: 114, #stores occupied: 4
  98000: system.cpu.iew.lsq.thread0: LQ size: 192, #loads occupied: 0
  98000: system.cpu.iew: IQ has 204 free entries (Can schedule: 0).  LQ has 192 free entries. SQ has 110 free entries.
  98000: system.cpu.commit: Getting instructions from Rename stage.
  98000: system.cpu.commit: Trying to commit instructions in the ROB.
  98000: system.cpu.commit: [tid:0] ROB has 0 insts & 512 free entries.
  98000: system.cpu: Activity: 3
  98000: system.cpu: Scheduling next tick!
  99000: system.cpu: 

O3CPU: Ticking main, O3CPU.
  99000: system.cpu.fetch: Running stage.
  99000: system.cpu.fetch: There are no more threads available to fetch from.
  99000: system.cpu.fetch: [tid:0] Fetch is waiting cache response!
  99000: system.cpu.decode: Processing [tid:0]
  99000: system.cpu.decode: [tid:0] Bypass moves from Rename: 0
  99000: system.cpu.decode: [tid:0] Not blocked, so attempting to run stage.
  99000: system.cpu.decode: [tid:0] Nothing to do, breaking out early.
  99000: system.cpu.rename: Processing [tid:0]
  99000: system.cpu.rename: [tid:0] Free IQ: 204, Free ROB: 512, Free LQ: 192, Free SQ: 110, FreeRM 63(473 464 511 1022 63 8 2555)
  99000: system.cpu.rename: [tid:0] 0 instructions not yet in ROB
  99000: system.cpu.rename: calcFreeLQEntries: free lqEntries: 192, loadsInProgress: 0, loads dispatchedToLQ: 0
  99000: system.cpu.rename: [tid:0] Not blocked, so attempting to run stage.
  99000: system.cpu.rename: [tid:0] Nothing to do, breaking out early.
  99000: system.cpu.iew: Issue: Processing [tid:0]
  99000: system.cpu.iew: [tid:0] Not blocked, so attempting to run dispatch.
  99000: system.cpu.iq: Attempting to schedule ready instructions from the IQ.
  99000: system.cpu.iq: Not able to schedule any instructions.
  99000: system.cpu.iew.lsq: [tid:0] Writing back stores. 4 stores available for Writeback.
  99000: system.cpu.iew: Processing [tid:0]
  99000: system.cpu.iew: [tid:0], Dispatch dispatched 0 instructions.
  99000: system.cpu.iew.lsq.thread0: SQ size: 114, #stores occupied: 4
  99000: system.cpu.iew.lsq.thread0: LQ size: 192, #loads occupied: 0
  99000: system.cpu.iew: IQ has 204 free entries (Can schedule: 0).  LQ has 192 free entries. SQ has 110 free entries.
  99000: system.cpu.commit: Getting instructions from Rename stage.
  99000: system.cpu.commit: Trying to commit instructions in the ROB.
  99000: system.cpu.commit: [tid:0] ROB has 0 insts & 512 free entries.
  99000: system.cpu: Activity: 2
  99000: system.cpu: Scheduling next tick!
 100000: system.cpu: 

O3CPU: Ticking main, O3CPU.
 100000: system.cpu.fetch: Running stage.
 100000: system.cpu.fetch: There are no more threads available to fetch from.
 100000: system.cpu.fetch: [tid:0] Fetch is waiting cache response!
 100000: system.cpu.decode: Processing [tid:0]
 100000: system.cpu.decode: [tid:0] Bypass moves from Rename: 0
 100000: system.cpu.decode: [tid:0] Not blocked, so attempting to run stage.
 100000: system.cpu.decode: [tid:0] Nothing to do, breaking out early.
 100000: system.cpu.rename: Processing [tid:0]
 100000: system.cpu.rename: [tid:0] Free IQ: 204, Free ROB: 512, Free LQ: 192, Free SQ: 110, FreeRM 63(473 464 511 1022 63 8 2555)
 100000: system.cpu.rename: [tid:0] 0 instructions not yet in ROB
 100000: system.cpu.rename: calcFreeLQEntries: free lqEntries: 192, loadsInProgress: 0, loads dispatchedToLQ: 0
 100000: system.cpu.rename: [tid:0] Not blocked, so attempting to run stage.
 100000: system.cpu.rename: [tid:0] Nothing to do, breaking out early.
 100000: system.cpu.iew: Issue: Processing [tid:0]
 100000: system.cpu.iew: [tid:0] Not blocked, so attempting to run dispatch.
 100000: system.cpu.iq: Attempting to schedule ready instructions from the IQ.
 100000: system.cpu.iq: Not able to schedule any instructions.
 100000: system.cpu.iew.lsq: [tid:0] Writing back stores. 4 stores available for Writeback.
 100000: system.cpu.iew: Processing [tid:0]
 100000: system.cpu.iew: [tid:0], Dispatch dispatched 0 instructions.
 100000: system.cpu.iew.lsq.thread0: SQ size: 114, #stores occupied: 4
 100000: system.cpu.iew.lsq.thread0: LQ size: 192, #loads occupied: 0
 100000: system.cpu.iew: IQ has 204 free entries (Can schedule: 0).  LQ has 192 free entries. SQ has 110 free entries.
 100000: system.cpu.commit: Getting instructions from Rename stage.
 100000: system.cpu.commit: Trying to commit instructions in the ROB.
 100000: system.cpu.commit: [tid:0] ROB has 0 insts & 512 free entries.
 100000: system.cpu: Activity: 1
 100000: system.cpu: Scheduling next tick!
 101000: system.cpu: 

O3CPU: Ticking main, O3CPU.
 101000: system.cpu.fetch: Running stage.
 101000: system.cpu.fetch: There are no more threads available to fetch from.
 101000: system.cpu.fetch: [tid:0] Fetch is waiting cache response!
 101000: system.cpu.decode: Processing [tid:0]
 101000: system.cpu.decode: [tid:0] Bypass moves from Rename: 0
 101000: system.cpu.decode: [tid:0] Not blocked, so attempting to run stage.
 101000: system.cpu.decode: [tid:0] Nothing to do, breaking out early.
 101000: system.cpu.rename: Processing [tid:0]
 101000: system.cpu.rename: [tid:0] Free IQ: 204, Free ROB: 512, Free LQ: 192, Free SQ: 110, FreeRM 63(473 464 511 1022 63 8 2555)
 101000: system.cpu.rename: [tid:0] 0 instructions not yet in ROB
 101000: system.cpu.rename: calcFreeLQEntries: free lqEntries: 192, loadsInProgress: 0, loads dispatchedToLQ: 0
 101000: system.cpu.rename: [tid:0] Not blocked, so attempting to run stage.
 101000: system.cpu.rename: [tid:0] Nothing to do, breaking out early.
 101000: system.cpu.iew: Issue: Processing [tid:0]
 101000: system.cpu.iew: [tid:0] Not blocked, so attempting to run dispatch.
 101000: system.cpu.iq: Attempting to schedule ready instructions from the IQ.
 101000: system.cpu.iq: Not able to schedule any instructions.
 101000: system.cpu.iew.lsq: [tid:0] Writing back stores. 4 stores available for Writeback.
 101000: system.cpu.iew: Processing [tid:0]
 101000: system.cpu.iew: [tid:0], Dispatch dispatched 0 instructions.
 101000: system.cpu.iew.lsq.thread0: SQ size: 114, #stores occupied: 4
 101000: system.cpu.iew.lsq.thread0: LQ size: 192, #loads occupied: 0
 101000: system.cpu.iew: IQ has 204 free entries (Can schedule: 0).  LQ has 192 free entries. SQ has 110 free entries.
 101000: system.cpu.commit: Getting instructions from Rename stage.
 101000: system.cpu.commit: Trying to commit instructions in the ROB.
 101000: system.cpu.commit: [tid:0] ROB has 0 insts & 512 free entries.
 101000: system.cpu: Scheduling next tick!
 102000: system.cpu: 

O3CPU: Ticking main, O3CPU.
 102000: system.cpu.fetch: Running stage.
 102000: system.cpu.fetch: There are no more threads available to fetch from.
 102000: system.cpu.fetch: [tid:0] Fetch is waiting cache response!
 102000: system.cpu.decode: Processing [tid:0]
 102000: system.cpu.decode: [tid:0] Bypass moves from Rename: 0
 102000: system.cpu.decode: [tid:0] Not blocked, so attempting to run stage.
 102000: system.cpu.decode: [tid:0] Nothing to do, breaking out early.
 102000: system.cpu.rename: Processing [tid:0]
 102000: system.cpu.rename: [tid:0] Free IQ: 204, Free ROB: 512, Free LQ: 192, Free SQ: 110, FreeRM 63(473 464 511 1022 63 8 2555)
 102000: system.cpu.rename: [tid:0] 0 instructions not yet in ROB
 102000: system.cpu.rename: calcFreeLQEntries: free lqEntries: 192, loadsInProgress: 0, loads dispatchedToLQ: 0
 102000: system.cpu.rename: [tid:0] Not blocked, so attempting to run stage.
 102000: system.cpu.rename: [tid:0] Nothing to do, breaking out early.
 102000: system.cpu.iew: Issue: Processing [tid:0]
 102000: system.cpu.iew: [tid:0] Not blocked, so attempting to run dispatch.
 102000: system.cpu.iq: Attempting to schedule ready instructions from the IQ.
 102000: system.cpu.iq: Not able to schedule any instructions.
 102000: system.cpu.iew.lsq: [tid:0] Writing back stores. 4 stores available for Writeback.
 102000: system.cpu.iew: Processing [tid:0]
 102000: system.cpu.iew: [tid:0], Dispatch dispatched 0 instructions.
 102000: system.cpu.iew.lsq.thread0: SQ size: 114, #stores occupied: 4
 102000: system.cpu.iew.lsq.thread0: LQ size: 192, #loads occupied: 0
 102000: system.cpu.iew: IQ has 204 free entries (Can schedule: 0).  LQ has 192 free entries. SQ has 110 free entries.
 102000: system.cpu.commit: Getting instructions from Rename stage.
 102000: system.cpu.commit: Trying to commit instructions in the ROB.
 102000: system.cpu.commit: [tid:0] ROB has 0 insts & 512 free entries.
 102000: system.cpu: Scheduling next tick!
 103000: system.cpu: 

O3CPU: Ticking main, O3CPU.
 103000: system.cpu.fetch: Running stage.
 103000: system.cpu.fetch: There are no more threads available to fetch from.
 103000: system.cpu.fetch: [tid:0] Fetch is waiting cache response!
 103000: system.cpu.decode: Processing [tid:0]
 103000: system.cpu.decode: [tid:0] Bypass moves from Rename: 0
 103000: system.cpu.decode: [tid:0] Not blocked, so attempting to run stage.
 103000: system.cpu.decode: [tid:0] Nothing to do, breaking out early.
 103000: system.cpu.rename: Processing [tid:0]
 103000: system.cpu.rename: [tid:0] Free IQ: 204, Free ROB: 512, Free LQ: 192, Free SQ: 110, FreeRM 63(473 464 511 1022 63 8 2555)
 103000: system.cpu.rename: [tid:0] 0 instructions not yet in ROB
 103000: system.cpu.rename: calcFreeLQEntries: free lqEntries: 192, loadsInProgress: 0, loads dispatchedToLQ: 0
 103000: system.cpu.rename: [tid:0] Not blocked, so attempting to run stage.
 103000: system.cpu.rename: [tid:0] Nothing to do, breaking out early.
 103000: system.cpu.iew: Issue: Processing [tid:0]
 103000: system.cpu.iew: [tid:0] Not blocked, so attempting to run dispatch.
 103000: system.cpu.iq: Attempting to schedule ready instructions from the IQ.
 103000: system.cpu.iq: Not able to schedule any instructions.
 103000: system.cpu.iew.lsq: [tid:0] Writing back stores. 4 stores available for Writeback.
 103000: system.cpu.iew: Processing [tid:0]
 103000: system.cpu.iew: [tid:0], Dispatch dispatched 0 instructions.
 103000: system.cpu.iew.lsq.thread0: SQ size: 114, #stores occupied: 4
 103000: system.cpu.iew.lsq.thread0: LQ size: 192, #loads occupied: 0
 103000: system.cpu.iew: IQ has 204 free entries (Can schedule: 0).  LQ has 192 free entries. SQ has 110 free entries.
 103000: system.cpu.commit: Getting instructions from Rename stage.
 103000: system.cpu.commit: Trying to commit instructions in the ROB.
 103000: system.cpu.commit: [tid:0] ROB has 0 insts & 512 free entries.
 103000: system.cpu: Scheduling next tick!
 104000: system.cpu: 

O3CPU: Ticking main, O3CPU.
 104000: system.cpu.fetch: Running stage.
 104000: system.cpu.fetch: There are no more threads available to fetch from.
 104000: system.cpu.fetch: [tid:0] Fetch is waiting cache response!
 104000: system.cpu.decode: Processing [tid:0]
 104000: system.cpu.decode: [tid:0] Bypass moves from Rename: 0
 104000: system.cpu.decode: [tid:0] Not blocked, so attempting to run stage.
 104000: system.cpu.decode: [tid:0] Nothing to do, breaking out early.
 104000: system.cpu.rename: Processing [tid:0]
 104000: system.cpu.rename: [tid:0] Free IQ: 204, Free ROB: 512, Free LQ: 192, Free SQ: 110, FreeRM 63(473 464 511 1022 63 8 2555)
 104000: system.cpu.rename: [tid:0] 0 instructions not yet in ROB
 104000: system.cpu.rename: calcFreeLQEntries: free lqEntries: 192, loadsInProgress: 0, loads dispatchedToLQ: 0
 104000: system.cpu.rename: [tid:0] Not blocked, so attempting to run stage.
 104000: system.cpu.rename: [tid:0] Nothing to do, breaking out early.
 104000: system.cpu.iew: Issue: Processing [tid:0]
 104000: system.cpu.iew: [tid:0] Not blocked, so attempting to run dispatch.
 104000: system.cpu.iq: Attempting to schedule ready instructions from the IQ.
 104000: system.cpu.iq: Not able to schedule any instructions.
 104000: system.cpu.iew.lsq: [tid:0] Writing back stores. 4 stores available for Writeback.
 104000: system.cpu.iew: Processing [tid:0]
 104000: system.cpu.iew: [tid:0], Dispatch dispatched 0 instructions.
 104000: system.cpu.iew.lsq.thread0: SQ size: 114, #stores occupied: 4
 104000: system.cpu.iew.lsq.thread0: LQ size: 192, #loads occupied: 0
 104000: system.cpu.iew: IQ has 204 free entries (Can schedule: 0).  LQ has 192 free entries. SQ has 110 free entries.
 104000: system.cpu.commit: Getting instructions from Rename stage.
 104000: system.cpu.commit: Trying to commit instructions in the ROB.
 104000: system.cpu.commit: [tid:0] ROB has 0 insts & 512 free entries.
 104000: system.cpu: Scheduling next tick!
 105000: system.cpu: 

O3CPU: Ticking main, O3CPU.
 105000: system.cpu.fetch: Running stage.
 105000: system.cpu.fetch: There are no more threads available to fetch from.
 105000: system.cpu.fetch: [tid:0] Fetch is waiting cache response!
 105000: system.cpu.decode: Processing [tid:0]
 105000: system.cpu.decode: [tid:0] Bypass moves from Rename: 0
 105000: system.cpu.decode: [tid:0] Not blocked, so attempting to run stage.
 105000: system.cpu.decode: [tid:0] Nothing to do, breaking out early.
 105000: system.cpu.rename: Processing [tid:0]
 105000: system.cpu.rename: [tid:0] Free IQ: 204, Free ROB: 512, Free LQ: 192, Free SQ: 110, FreeRM 63(473 464 511 1022 63 8 2555)
 105000: system.cpu.rename: [tid:0] 0 instructions not yet in ROB
 105000: system.cpu.rename: calcFreeLQEntries: free lqEntries: 192, loadsInProgress: 0, loads dispatchedToLQ: 0
 105000: system.cpu.rename: [tid:0] Not blocked, so attempting to run stage.
 105000: system.cpu.rename: [tid:0] Nothing to do, breaking out early.
 105000: system.cpu.iew: Issue: Processing [tid:0]
 105000: system.cpu.iew: [tid:0] Not blocked, so attempting to run dispatch.
 105000: system.cpu.iq: Attempting to schedule ready instructions from the IQ.
 105000: system.cpu.iq: Not able to schedule any instructions.
 105000: system.cpu.iew.lsq: [tid:0] Writing back stores. 4 stores available for Writeback.
 105000: system.cpu.iew: Processing [tid:0]
 105000: system.cpu.iew: [tid:0], Dispatch dispatched 0 instructions.
 105000: system.cpu.iew.lsq.thread0: SQ size: 114, #stores occupied: 4
 105000: system.cpu.iew.lsq.thread0: LQ size: 192, #loads occupied: 0
 105000: system.cpu.iew: IQ has 204 free entries (Can schedule: 0).  LQ has 192 free entries. SQ has 110 free entries.
 105000: system.cpu.commit: Getting instructions from Rename stage.
 105000: system.cpu.commit: Trying to commit instructions in the ROB.
 105000: system.cpu.commit: [tid:0] ROB has 0 insts & 512 free entries.
 105000: system.cpu: Scheduling next tick!
 106000: system.cpu: 

O3CPU: Ticking main, O3CPU.
 106000: system.cpu.fetch: Running stage.
 106000: system.cpu.fetch: There are no more threads available to fetch from.
 106000: system.cpu.fetch: [tid:0] Fetch is waiting cache response!
 106000: system.cpu.decode: Processing [tid:0]
 106000: system.cpu.decode: [tid:0] Bypass moves from Rename: 0
 106000: system.cpu.decode: [tid:0] Not blocked, so attempting to run stage.
 106000: system.cpu.decode: [tid:0] Nothing to do, breaking out early.
 106000: system.cpu.rename: Processing [tid:0]
 106000: system.cpu.rename: [tid:0] Free IQ: 204, Free ROB: 512, Free LQ: 192, Free SQ: 110, FreeRM 63(473 464 511 1022 63 8 2555)
 106000: system.cpu.rename: [tid:0] 0 instructions not yet in ROB
 106000: system.cpu.rename: calcFreeLQEntries: free lqEntries: 192, loadsInProgress: 0, loads dispatchedToLQ: 0
 106000: system.cpu.rename: [tid:0] Not blocked, so attempting to run stage.
 106000: system.cpu.rename: [tid:0] Nothing to do, breaking out early.
 106000: system.cpu.iew: Issue: Processing [tid:0]
 106000: system.cpu.iew: [tid:0] Not blocked, so attempting to run dispatch.
 106000: system.cpu.iq: Attempting to schedule ready instructions from the IQ.
 106000: system.cpu.iq: Not able to schedule any instructions.
 106000: system.cpu.iew.lsq: [tid:0] Writing back stores. 4 stores available for Writeback.
 106000: system.cpu.iew: Processing [tid:0]
 106000: system.cpu.iew: [tid:0], Dispatch dispatched 0 instructions.
 106000: system.cpu.iew.lsq.thread0: SQ size: 114, #stores occupied: 4
 106000: system.cpu.iew.lsq.thread0: LQ size: 192, #loads occupied: 0
 106000: system.cpu.iew: IQ has 204 free entries (Can schedule: 0).  LQ has 192 free entries. SQ has 110 free entries.
 106000: system.cpu.commit: Getting instructions from Rename stage.
 106000: system.cpu.commit: Trying to commit instructions in the ROB.
 106000: system.cpu.commit: [tid:0] ROB has 0 insts & 512 free entries.
 106000: system.cpu: Scheduling next tick!
 107000: system.cpu: 

O3CPU: Ticking main, O3CPU.
 107000: system.cpu.fetch: Running stage.
 107000: system.cpu.fetch: There are no more threads available to fetch from.
 107000: system.cpu.fetch: [tid:0] Fetch is waiting cache response!
 107000: system.cpu.decode: Processing [tid:0]
 107000: system.cpu.decode: [tid:0] Bypass moves from Rename: 0
 107000: system.cpu.decode: [tid:0] Not blocked, so attempting to run stage.
 107000: system.cpu.decode: [tid:0] Nothing to do, breaking out early.
 107000: system.cpu.rename: Processing [tid:0]
 107000: system.cpu.rename: [tid:0] Free IQ: 204, Free ROB: 512, Free LQ: 192, Free SQ: 110, FreeRM 63(473 464 511 1022 63 8 2555)
 107000: system.cpu.rename: [tid:0] 0 instructions not yet in ROB
 107000: system.cpu.rename: calcFreeLQEntries: free lqEntries: 192, loadsInProgress: 0, loads dispatchedToLQ: 0
 107000: system.cpu.rename: [tid:0] Not blocked, so attempting to run stage.
 107000: system.cpu.rename: [tid:0] Nothing to do, breaking out early.
 107000: system.cpu.iew: Issue: Processing [tid:0]
 107000: system.cpu.iew: [tid:0] Not blocked, so attempting to run dispatch.
 107000: system.cpu.iq: Attempting to schedule ready instructions from the IQ.
 107000: system.cpu.iq: Not able to schedule any instructions.
 107000: system.cpu.iew.lsq: [tid:0] Writing back stores. 4 stores available for Writeback.
 107000: system.cpu.iew: Processing [tid:0]
 107000: system.cpu.iew: [tid:0], Dispatch dispatched 0 instructions.
 107000: system.cpu.iew.lsq.thread0: SQ size: 114, #stores occupied: 4
 107000: system.cpu.iew.lsq.thread0: LQ size: 192, #loads occupied: 0
 107000: system.cpu.iew: IQ has 204 free entries (Can schedule: 0).  LQ has 192 free entries. SQ has 110 free entries.
 107000: system.cpu.commit: Getting instructions from Rename stage.
 107000: system.cpu.commit: Trying to commit instructions in the ROB.
 107000: system.cpu.commit: [tid:0] ROB has 0 insts & 512 free entries.
 107000: system.cpu: Scheduling next tick!
 108000: system.cpu: 

O3CPU: Ticking main, O3CPU.
 108000: system.cpu.fetch: Running stage.
 108000: system.cpu.fetch: There are no more threads available to fetch from.
 108000: system.cpu.fetch: [tid:0] Fetch is waiting cache response!
 108000: system.cpu.decode: Processing [tid:0]
 108000: system.cpu.decode: [tid:0] Bypass moves from Rename: 0
 108000: system.cpu.decode: [tid:0] Not blocked, so attempting to run stage.
 108000: system.cpu.decode: [tid:0] Nothing to do, breaking out early.
 108000: system.cpu.rename: Processing [tid:0]
 108000: system.cpu.rename: [tid:0] Free IQ: 204, Free ROB: 512, Free LQ: 192, Free SQ: 110, FreeRM 63(473 464 511 1022 63 8 2555)
 108000: system.cpu.rename: [tid:0] 0 instructions not yet in ROB
 108000: system.cpu.rename: calcFreeLQEntries: free lqEntries: 192, loadsInProgress: 0, loads dispatchedToLQ: 0
 108000: system.cpu.rename: [tid:0] Not blocked, so attempting to run stage.
 108000: system.cpu.rename: [tid:0] Nothing to do, breaking out early.
 108000: system.cpu.iew: Issue: Processing [tid:0]
 108000: system.cpu.iew: [tid:0] Not blocked, so attempting to run dispatch.
 108000: system.cpu.iq: Attempting to schedule ready instructions from the IQ.
 108000: system.cpu.iq: Not able to schedule any instructions.
 108000: system.cpu.iew.lsq: [tid:0] Writing back stores. 4 stores available for Writeback.
 108000: system.cpu.iew: Processing [tid:0]
 108000: system.cpu.iew: [tid:0], Dispatch dispatched 0 instructions.
 108000: system.cpu.iew.lsq.thread0: SQ size: 114, #stores occupied: 4
 108000: system.cpu.iew.lsq.thread0: LQ size: 192, #loads occupied: 0
 108000: system.cpu.iew: IQ has 204 free entries (Can schedule: 0).  LQ has 192 free entries. SQ has 110 free entries.
 108000: system.cpu.commit: Getting instructions from Rename stage.
 108000: system.cpu.commit: Trying to commit instructions in the ROB.
 108000: system.cpu.commit: [tid:0] ROB has 0 insts & 512 free entries.
 108000: system.cpu: Scheduling next tick!
 109000: system.cpu: 

O3CPU: Ticking main, O3CPU.
 109000: system.cpu.fetch: Running stage.
 109000: system.cpu.fetch: There are no more threads available to fetch from.
 109000: system.cpu.fetch: [tid:0] Fetch is waiting cache response!
 109000: system.cpu.decode: Processing [tid:0]
 109000: system.cpu.decode: [tid:0] Bypass moves from Rename: 0
 109000: system.cpu.decode: [tid:0] Not blocked, so attempting to run stage.
 109000: system.cpu.decode: [tid:0] Nothing to do, breaking out early.
 109000: system.cpu.rename: Processing [tid:0]
 109000: system.cpu.rename: [tid:0] Free IQ: 204, Free ROB: 512, Free LQ: 192, Free SQ: 110, FreeRM 63(473 464 511 1022 63 8 2555)
 109000: system.cpu.rename: [tid:0] 0 instructions not yet in ROB
 109000: system.cpu.rename: calcFreeLQEntries: free lqEntries: 192, loadsInProgress: 0, loads dispatchedToLQ: 0
 109000: system.cpu.rename: [tid:0] Not blocked, so attempting to run stage.
 109000: system.cpu.rename: [tid:0] Nothing to do, breaking out early.
 109000: system.cpu.iew: Issue: Processing [tid:0]
 109000: system.cpu.iew: [tid:0] Not blocked, so attempting to run dispatch.
 109000: system.cpu.iq: Attempting to schedule ready instructions from the IQ.
 109000: system.cpu.iq: Not able to schedule any instructions.
 109000: system.cpu.iew.lsq: [tid:0] Writing back stores. 4 stores available for Writeback.
 109000: system.cpu.iew: Processing [tid:0]
 109000: system.cpu.iew: [tid:0], Dispatch dispatched 0 instructions.
 109000: system.cpu.iew.lsq.thread0: SQ size: 114, #stores occupied: 4
 109000: system.cpu.iew.lsq.thread0: LQ size: 192, #loads occupied: 0
 109000: system.cpu.iew: IQ has 204 free entries (Can schedule: 0).  LQ has 192 free entries. SQ has 110 free entries.
 109000: system.cpu.commit: Getting instructions from Rename stage.
 109000: system.cpu.commit: Trying to commit instructions in the ROB.
 109000: system.cpu.commit: [tid:0] ROB has 0 insts & 512 free entries.
 109000: system.cpu: Scheduling next tick!
 110000: system.cpu: 

O3CPU: Ticking main, O3CPU.
 110000: system.cpu.fetch: Running stage.
 110000: system.cpu.fetch: There are no more threads available to fetch from.
 110000: system.cpu.fetch: [tid:0] Fetch is waiting cache response!
 110000: system.cpu.decode: Processing [tid:0]
 110000: system.cpu.decode: [tid:0] Bypass moves from Rename: 0
 110000: system.cpu.decode: [tid:0] Not blocked, so attempting to run stage.
 110000: system.cpu.decode: [tid:0] Nothing to do, breaking out early.
 110000: system.cpu.rename: Processing [tid:0]
 110000: system.cpu.rename: [tid:0] Free IQ: 204, Free ROB: 512, Free LQ: 192, Free SQ: 110, FreeRM 63(473 464 511 1022 63 8 2555)
 110000: system.cpu.rename: [tid:0] 0 instructions not yet in ROB
 110000: system.cpu.rename: calcFreeLQEntries: free lqEntries: 192, loadsInProgress: 0, loads dispatchedToLQ: 0
 110000: system.cpu.rename: [tid:0] Not blocked, so attempting to run stage.
 110000: system.cpu.rename: [tid:0] Nothing to do, breaking out early.
 110000: system.cpu.iew: Issue: Processing [tid:0]
 110000: system.cpu.iew: [tid:0] Not blocked, so attempting to run dispatch.
 110000: system.cpu.iq: Attempting to schedule ready instructions from the IQ.
 110000: system.cpu.iq: Not able to schedule any instructions.
 110000: system.cpu.iew.lsq: [tid:0] Writing back stores. 4 stores available for Writeback.
 110000: system.cpu.iew: Processing [tid:0]
 110000: system.cpu.iew: [tid:0], Dispatch dispatched 0 instructions.
 110000: system.cpu.iew.lsq.thread0: SQ size: 114, #stores occupied: 4
 110000: system.cpu.iew.lsq.thread0: LQ size: 192, #loads occupied: 0
 110000: system.cpu.iew: IQ has 204 free entries (Can schedule: 0).  LQ has 192 free entries. SQ has 110 free entries.
 110000: system.cpu.commit: Getting instructions from Rename stage.
 110000: system.cpu.commit: Trying to commit instructions in the ROB.
 110000: system.cpu.commit: [tid:0] ROB has 0 insts & 512 free entries.
 110000: system.cpu: Scheduling next tick!
 111000: system.cpu: 

O3CPU: Ticking main, O3CPU.
 111000: system.cpu.fetch: Running stage.
 111000: system.cpu.fetch: There are no more threads available to fetch from.
 111000: system.cpu.fetch: [tid:0] Fetch is waiting cache response!
 111000: system.cpu.decode: Processing [tid:0]
 111000: system.cpu.decode: [tid:0] Bypass moves from Rename: 0
 111000: system.cpu.decode: [tid:0] Not blocked, so attempting to run stage.
 111000: system.cpu.decode: [tid:0] Nothing to do, breaking out early.
 111000: system.cpu.rename: Processing [tid:0]
 111000: system.cpu.rename: [tid:0] Free IQ: 204, Free ROB: 512, Free LQ: 192, Free SQ: 110, FreeRM 63(473 464 511 1022 63 8 2555)
 111000: system.cpu.rename: [tid:0] 0 instructions not yet in ROB
 111000: system.cpu.rename: calcFreeLQEntries: free lqEntries: 192, loadsInProgress: 0, loads dispatchedToLQ: 0
 111000: system.cpu.rename: [tid:0] Not blocked, so attempting to run stage.
 111000: system.cpu.rename: [tid:0] Nothing to do, breaking out early.
 111000: system.cpu.iew: Issue: Processing [tid:0]
 111000: system.cpu.iew: [tid:0] Not blocked, so attempting to run dispatch.
 111000: system.cpu.iq: Attempting to schedule ready instructions from the IQ.
 111000: system.cpu.iq: Not able to schedule any instructions.
 111000: system.cpu.iew.lsq: [tid:0] Writing back stores. 4 stores available for Writeback.
 111000: system.cpu.iew: Processing [tid:0]
 111000: system.cpu.iew: [tid:0], Dispatch dispatched 0 instructions.
 111000: system.cpu.iew.lsq.thread0: SQ size: 114, #stores occupied: 4
 111000: system.cpu.iew.lsq.thread0: LQ size: 192, #loads occupied: 0
 111000: system.cpu.iew: IQ has 204 free entries (Can schedule: 0).  LQ has 192 free entries. SQ has 110 free entries.
 111000: system.cpu.commit: Getting instructions from Rename stage.
 111000: system.cpu.commit: Trying to commit instructions in the ROB.
 111000: system.cpu.commit: [tid:0] ROB has 0 insts & 512 free entries.
 111000: system.cpu: Scheduling next tick!
 112000: system.cpu: 

O3CPU: Ticking main, O3CPU.
 112000: system.cpu.fetch: Running stage.
 112000: system.cpu.fetch: There are no more threads available to fetch from.
 112000: system.cpu.fetch: [tid:0] Fetch is waiting cache response!
 112000: system.cpu.decode: Processing [tid:0]
 112000: system.cpu.decode: [tid:0] Bypass moves from Rename: 0
 112000: system.cpu.decode: [tid:0] Not blocked, so attempting to run stage.
 112000: system.cpu.decode: [tid:0] Nothing to do, breaking out early.
 112000: system.cpu.rename: Processing [tid:0]
 112000: system.cpu.rename: [tid:0] Free IQ: 204, Free ROB: 512, Free LQ: 192, Free SQ: 110, FreeRM 63(473 464 511 1022 63 8 2555)
 112000: system.cpu.rename: [tid:0] 0 instructions not yet in ROB
 112000: system.cpu.rename: calcFreeLQEntries: free lqEntries: 192, loadsInProgress: 0, loads dispatchedToLQ: 0
 112000: system.cpu.rename: [tid:0] Not blocked, so attempting to run stage.
 112000: system.cpu.rename: [tid:0] Nothing to do, breaking out early.
 112000: system.cpu.iew: Issue: Processing [tid:0]
 112000: system.cpu.iew: [tid:0] Not blocked, so attempting to run dispatch.
 112000: system.cpu.iq: Attempting to schedule ready instructions from the IQ.
 112000: system.cpu.iq: Not able to schedule any instructions.
 112000: system.cpu.iew.lsq: [tid:0] Writing back stores. 4 stores available for Writeback.
 112000: system.cpu.iew: Processing [tid:0]
 112000: system.cpu.iew: [tid:0], Dispatch dispatched 0 instructions.
 112000: system.cpu.iew.lsq.thread0: SQ size: 114, #stores occupied: 4
 112000: system.cpu.iew.lsq.thread0: LQ size: 192, #loads occupied: 0
 112000: system.cpu.iew: IQ has 204 free entries (Can schedule: 0).  LQ has 192 free entries. SQ has 110 free entries.
 112000: system.cpu.commit: Getting instructions from Rename stage.
 112000: system.cpu.commit: Trying to commit instructions in the ROB.
 112000: system.cpu.commit: [tid:0] ROB has 0 insts & 512 free entries.
 112000: system.cpu: Scheduling next tick!
 113000: system.cpu: 

O3CPU: Ticking main, O3CPU.
 113000: system.cpu.fetch: Running stage.
 113000: system.cpu.fetch: There are no more threads available to fetch from.
 113000: system.cpu.fetch: [tid:0] Fetch is waiting cache response!
 113000: system.cpu.decode: Processing [tid:0]
 113000: system.cpu.decode: [tid:0] Bypass moves from Rename: 0
 113000: system.cpu.decode: [tid:0] Not blocked, so attempting to run stage.
 113000: system.cpu.decode: [tid:0] Nothing to do, breaking out early.
 113000: system.cpu.rename: Processing [tid:0]
 113000: system.cpu.rename: [tid:0] Free IQ: 204, Free ROB: 512, Free LQ: 192, Free SQ: 110, FreeRM 63(473 464 511 1022 63 8 2555)
 113000: system.cpu.rename: [tid:0] 0 instructions not yet in ROB
 113000: system.cpu.rename: calcFreeLQEntries: free lqEntries: 192, loadsInProgress: 0, loads dispatchedToLQ: 0
 113000: system.cpu.rename: [tid:0] Not blocked, so attempting to run stage.
 113000: system.cpu.rename: [tid:0] Nothing to do, breaking out early.
 113000: system.cpu.iew: Issue: Processing [tid:0]
 113000: system.cpu.iew: [tid:0] Not blocked, so attempting to run dispatch.
 113000: system.cpu.iq: Attempting to schedule ready instructions from the IQ.
 113000: system.cpu.iq: Not able to schedule any instructions.
 113000: system.cpu.iew.lsq: [tid:0] Writing back stores. 4 stores available for Writeback.
 113000: system.cpu.iew: Processing [tid:0]
 113000: system.cpu.iew: [tid:0], Dispatch dispatched 0 instructions.
 113000: system.cpu.iew.lsq.thread0: SQ size: 114, #stores occupied: 4
 113000: system.cpu.iew.lsq.thread0: LQ size: 192, #loads occupied: 0
 113000: system.cpu.iew: IQ has 204 free entries (Can schedule: 0).  LQ has 192 free entries. SQ has 110 free entries.
 113000: system.cpu.commit: Getting instructions from Rename stage.
 113000: system.cpu.commit: Trying to commit instructions in the ROB.
 113000: system.cpu.commit: [tid:0] ROB has 0 insts & 512 free entries.
 113000: system.cpu: Scheduling next tick!
 114000: system.cpu: 

O3CPU: Ticking main, O3CPU.
 114000: system.cpu.fetch: Running stage.
 114000: system.cpu.fetch: There are no more threads available to fetch from.
 114000: system.cpu.fetch: [tid:0] Fetch is waiting cache response!
 114000: system.cpu.decode: Processing [tid:0]
 114000: system.cpu.decode: [tid:0] Bypass moves from Rename: 0
 114000: system.cpu.decode: [tid:0] Not blocked, so attempting to run stage.
 114000: system.cpu.decode: [tid:0] Nothing to do, breaking out early.
 114000: system.cpu.rename: Processing [tid:0]
 114000: system.cpu.rename: [tid:0] Free IQ: 204, Free ROB: 512, Free LQ: 192, Free SQ: 110, FreeRM 63(473 464 511 1022 63 8 2555)
 114000: system.cpu.rename: [tid:0] 0 instructions not yet in ROB
 114000: system.cpu.rename: calcFreeLQEntries: free lqEntries: 192, loadsInProgress: 0, loads dispatchedToLQ: 0
 114000: system.cpu.rename: [tid:0] Not blocked, so attempting to run stage.
 114000: system.cpu.rename: [tid:0] Nothing to do, breaking out early.
 114000: system.cpu.iew: Issue: Processing [tid:0]
 114000: system.cpu.iew: [tid:0] Not blocked, so attempting to run dispatch.
 114000: system.cpu.iq: Attempting to schedule ready instructions from the IQ.
 114000: system.cpu.iq: Not able to schedule any instructions.
 114000: system.cpu.iew.lsq: [tid:0] Writing back stores. 4 stores available for Writeback.
 114000: system.cpu.iew: Processing [tid:0]
 114000: system.cpu.iew: [tid:0], Dispatch dispatched 0 instructions.
 114000: system.cpu.iew.lsq.thread0: SQ size: 114, #stores occupied: 4
 114000: system.cpu.iew.lsq.thread0: LQ size: 192, #loads occupied: 0
 114000: system.cpu.iew: IQ has 204 free entries (Can schedule: 0).  LQ has 192 free entries. SQ has 110 free entries.
 114000: system.cpu.commit: Getting instructions from Rename stage.
 114000: system.cpu.commit: Trying to commit instructions in the ROB.
 114000: system.cpu.commit: [tid:0] ROB has 0 insts & 512 free entries.
 114000: system.cpu: Scheduling next tick!
 115000: system.cpu: 

O3CPU: Ticking main, O3CPU.
 115000: system.cpu.fetch: Running stage.
 115000: system.cpu.fetch: There are no more threads available to fetch from.
 115000: system.cpu.fetch: [tid:0] Fetch is waiting cache response!
 115000: system.cpu.decode: Processing [tid:0]
 115000: system.cpu.decode: [tid:0] Bypass moves from Rename: 0
 115000: system.cpu.decode: [tid:0] Not blocked, so attempting to run stage.
 115000: system.cpu.decode: [tid:0] Nothing to do, breaking out early.
 115000: system.cpu.rename: Processing [tid:0]
 115000: system.cpu.rename: [tid:0] Free IQ: 204, Free ROB: 512, Free LQ: 192, Free SQ: 110, FreeRM 63(473 464 511 1022 63 8 2555)
 115000: system.cpu.rename: [tid:0] 0 instructions not yet in ROB
 115000: system.cpu.rename: calcFreeLQEntries: free lqEntries: 192, loadsInProgress: 0, loads dispatchedToLQ: 0
 115000: system.cpu.rename: [tid:0] Not blocked, so attempting to run stage.
 115000: system.cpu.rename: [tid:0] Nothing to do, breaking out early.
 115000: system.cpu.iew: Issue: Processing [tid:0]
 115000: system.cpu.iew: [tid:0] Not blocked, so attempting to run dispatch.
 115000: system.cpu.iq: Attempting to schedule ready instructions from the IQ.
 115000: system.cpu.iq: Not able to schedule any instructions.
 115000: system.cpu.iew.lsq: [tid:0] Writing back stores. 4 stores available for Writeback.
 115000: system.cpu.iew: Processing [tid:0]
 115000: system.cpu.iew: [tid:0], Dispatch dispatched 0 instructions.
 115000: system.cpu.iew.lsq.thread0: SQ size: 114, #stores occupied: 4
 115000: system.cpu.iew.lsq.thread0: LQ size: 192, #loads occupied: 0
 115000: system.cpu.iew: IQ has 204 free entries (Can schedule: 0).  LQ has 192 free entries. SQ has 110 free entries.
 115000: system.cpu.commit: Getting instructions from Rename stage.
 115000: system.cpu.commit: Trying to commit instructions in the ROB.
 115000: system.cpu.commit: [tid:0] ROB has 0 insts & 512 free entries.
 115000: system.cpu: Scheduling next tick!
 116000: system.cpu: 

O3CPU: Ticking main, O3CPU.
 116000: system.cpu.fetch: Running stage.
 116000: system.cpu.fetch: There are no more threads available to fetch from.
 116000: system.cpu.fetch: [tid:0] Fetch is waiting cache response!
 116000: system.cpu.decode: Processing [tid:0]
 116000: system.cpu.decode: [tid:0] Bypass moves from Rename: 0
 116000: system.cpu.decode: [tid:0] Not blocked, so attempting to run stage.
 116000: system.cpu.decode: [tid:0] Nothing to do, breaking out early.
 116000: system.cpu.rename: Processing [tid:0]
 116000: system.cpu.rename: [tid:0] Free IQ: 204, Free ROB: 512, Free LQ: 192, Free SQ: 110, FreeRM 63(473 464 511 1022 63 8 2555)
 116000: system.cpu.rename: [tid:0] 0 instructions not yet in ROB
 116000: system.cpu.rename: calcFreeLQEntries: free lqEntries: 192, loadsInProgress: 0, loads dispatchedToLQ: 0
 116000: system.cpu.rename: [tid:0] Not blocked, so attempting to run stage.
 116000: system.cpu.rename: [tid:0] Nothing to do, breaking out early.
 116000: system.cpu.iew: Issue: Processing [tid:0]
 116000: system.cpu.iew: [tid:0] Not blocked, so attempting to run dispatch.
 116000: system.cpu.iq: Attempting to schedule ready instructions from the IQ.
 116000: system.cpu.iq: Not able to schedule any instructions.
 116000: system.cpu.iew.lsq: [tid:0] Writing back stores. 4 stores available for Writeback.
 116000: system.cpu.iew: Processing [tid:0]
 116000: system.cpu.iew: [tid:0], Dispatch dispatched 0 instructions.
 116000: system.cpu.iew.lsq.thread0: SQ size: 114, #stores occupied: 4
 116000: system.cpu.iew.lsq.thread0: LQ size: 192, #loads occupied: 0
 116000: system.cpu.iew: IQ has 204 free entries (Can schedule: 0).  LQ has 192 free entries. SQ has 110 free entries.
 116000: system.cpu.commit: Getting instructions from Rename stage.
 116000: system.cpu.commit: Trying to commit instructions in the ROB.
 116000: system.cpu.commit: [tid:0] ROB has 0 insts & 512 free entries.
 116000: system.cpu: Scheduling next tick!
 117000: system.cpu: 

O3CPU: Ticking main, O3CPU.
 117000: system.cpu.fetch: Running stage.
 117000: system.cpu.fetch: There are no more threads available to fetch from.
 117000: system.cpu.fetch: [tid:0] Fetch is waiting cache response!
 117000: system.cpu.decode: Processing [tid:0]
 117000: system.cpu.decode: [tid:0] Bypass moves from Rename: 0
 117000: system.cpu.decode: [tid:0] Not blocked, so attempting to run stage.
 117000: system.cpu.decode: [tid:0] Nothing to do, breaking out early.
 117000: system.cpu.rename: Processing [tid:0]
 117000: system.cpu.rename: [tid:0] Free IQ: 204, Free ROB: 512, Free LQ: 192, Free SQ: 110, FreeRM 63(473 464 511 1022 63 8 2555)
 117000: system.cpu.rename: [tid:0] 0 instructions not yet in ROB
 117000: system.cpu.rename: calcFreeLQEntries: free lqEntries: 192, loadsInProgress: 0, loads dispatchedToLQ: 0
 117000: system.cpu.rename: [tid:0] Not blocked, so attempting to run stage.
 117000: system.cpu.rename: [tid:0] Nothing to do, breaking out early.
 117000: system.cpu.iew: Issue: Processing [tid:0]
 117000: system.cpu.iew: [tid:0] Not blocked, so attempting to run dispatch.
 117000: system.cpu.iq: Attempting to schedule ready instructions from the IQ.
 117000: system.cpu.iq: Not able to schedule any instructions.
 117000: system.cpu.iew.lsq: [tid:0] Writing back stores. 4 stores available for Writeback.
 117000: system.cpu.iew: Processing [tid:0]
 117000: system.cpu.iew: [tid:0], Dispatch dispatched 0 instructions.
 117000: system.cpu.iew.lsq.thread0: SQ size: 114, #stores occupied: 4
 117000: system.cpu.iew.lsq.thread0: LQ size: 192, #loads occupied: 0
 117000: system.cpu.iew: IQ has 204 free entries (Can schedule: 0).  LQ has 192 free entries. SQ has 110 free entries.
 117000: system.cpu.commit: Getting instructions from Rename stage.
 117000: system.cpu.commit: Trying to commit instructions in the ROB.
 117000: system.cpu.commit: [tid:0] ROB has 0 insts & 512 free entries.
 117000: system.cpu: Scheduling next tick!
 118000: system.cpu: 

O3CPU: Ticking main, O3CPU.
 118000: system.cpu.fetch: Running stage.
 118000: system.cpu.fetch: There are no more threads available to fetch from.
 118000: system.cpu.fetch: [tid:0] Fetch is waiting cache response!
 118000: system.cpu.decode: Processing [tid:0]
 118000: system.cpu.decode: [tid:0] Bypass moves from Rename: 0
 118000: system.cpu.decode: [tid:0] Not blocked, so attempting to run stage.
 118000: system.cpu.decode: [tid:0] Nothing to do, breaking out early.
 118000: system.cpu.rename: Processing [tid:0]
 118000: system.cpu.rename: [tid:0] Free IQ: 204, Free ROB: 512, Free LQ: 192, Free SQ: 110, FreeRM 63(473 464 511 1022 63 8 2555)
 118000: system.cpu.rename: [tid:0] 0 instructions not yet in ROB
 118000: system.cpu.rename: calcFreeLQEntries: free lqEntries: 192, loadsInProgress: 0, loads dispatchedToLQ: 0
 118000: system.cpu.rename: [tid:0] Not blocked, so attempting to run stage.
 118000: system.cpu.rename: [tid:0] Nothing to do, breaking out early.
 118000: system.cpu.iew: Issue: Processing [tid:0]
 118000: system.cpu.iew: [tid:0] Not blocked, so attempting to run dispatch.
 118000: system.cpu.iq: Attempting to schedule ready instructions from the IQ.
 118000: system.cpu.iq: Not able to schedule any instructions.
 118000: system.cpu.iew.lsq: [tid:0] Writing back stores. 4 stores available for Writeback.
 118000: system.cpu.iew: Processing [tid:0]
 118000: system.cpu.iew: [tid:0], Dispatch dispatched 0 instructions.
 118000: system.cpu.iew.lsq.thread0: SQ size: 114, #stores occupied: 4
 118000: system.cpu.iew.lsq.thread0: LQ size: 192, #loads occupied: 0
 118000: system.cpu.iew: IQ has 204 free entries (Can schedule: 0).  LQ has 192 free entries. SQ has 110 free entries.
 118000: system.cpu.commit: Getting instructions from Rename stage.
 118000: system.cpu.commit: Trying to commit instructions in the ROB.
 118000: system.cpu.commit: [tid:0] ROB has 0 insts & 512 free entries.
 118000: system.cpu: Scheduling next tick!
 118001: system.cpu.icache_port: Fetch unit received timing
 118001: system.cpu.fetch: [tid:0] Waking up from cache miss.
 118001: system.cpu: CPU already running.
 118001: system.cpu.fetch: [tid:0] Activating fetch due to cache completion
 118001: system.cpu.fetch: Activating stage.
 118001: system.cpu: Activity: 2
 119000: system.cpu: 

O3CPU: Ticking main, O3CPU.
 119000: system.cpu.fetch: Running stage.
 119000: system.cpu.fetch: Attempting to fetch from [tid:0]
 119000: system.cpu.fetch: [tid:0] Icache miss is complete.
 119000: system.cpu.fetch: [tid:0] Adding instructions to queue to decode.
 119000: system.cpu.decoder: Decode: Decoded mov instruction: 
{
	leg = 0,
	rex = 0x48,
	vex/xop = 0,
	op = {
		type = one byte,
		op = 0xc7,
		},
	modRM = 0xc0,
	sib = 0,
	immediate = 0x3c,
	displacement = 0
	dispSize = 0}

 119000: global: DynInst: [sn:210] Instruction created. Instcount for system.cpu = 5
 119000: system.cpu.fetch: [tid:0] Instruction PC (0x40103e=>0x401045).(0=>1) created [sn:210].
 119000: system.cpu.fetch: [tid:0] Instruction is:   MOV_R_I : limm   rax, 0x3c
 119000: system.cpu.fetch: [tid:0] Fetch queue entry created (1/128).
 119000: system.cpu.decoder: Decode: Decoded syscall instruction: 
{
	leg = 0,
	rex = 0,
	vex/xop = 0,
	op = {
		type = two byte,
		op = 0x5,
		},
	modRM = 0,
	sib = 0,
	immediate = 0,
	displacement = 0
	dispSize = 0}

 119000: global: DynInst: [sn:220] Instruction created. Instcount for system.cpu = 6
 119000: system.cpu.fetch: [tid:0] Instruction PC (0x401045=>0x401047).(0=>1) created [sn:220].
 119000: system.cpu.fetch: [tid:0] Instruction is:   syscall   
 119000: system.cpu.fetch: [tid:0] Fetch queue entry created (2/128).
 119000: system.cpu.decoder: Decode: Decoded add instruction: 
{
	leg = 0,
	rex = 0,
	vex/xop = 0,
	op = {
		type = one byte,
		op = 0,
		},
	modRM = 0,
	sib = 0,
	immediate = 0,
	displacement = 0
	dispSize = 0}

 119000: global: DynInst: [sn:230] Instruction created. Instcount for system.cpu = 7
 119000: system.cpu.fetch: [tid:0] Instruction PC (0x401047=>0x401049).(0=>1) created [sn:230].
 119000: system.cpu.fetch: [tid:0] Instruction is:   ADD_M_R : ldst   t1b, DS:[rax]
 119000: system.cpu.fetch: [tid:0] Fetch queue entry created (3/128).
 119000: global: DynInst: [sn:240] Instruction created. Instcount for system.cpu = 8
 119000: system.cpu.fetch: [tid:0] Instruction PC (0x401047=>0x401049).(1=>2) created [sn:240].
 119000: system.cpu.fetch: [tid:0] Instruction is:   ADD_M_R : add   t1b, t1b, al
 119000: system.cpu.fetch: [tid:0] Fetch queue entry created (4/128).
 119000: global: DynInst: [sn:250] Instruction created. Instcount for system.cpu = 9
 119000: system.cpu.fetch: [tid:0] Instruction PC (0x401047=>0x401049).(2=>3) created [sn:250].
 119000: system.cpu.fetch: [tid:0] Instruction is:   ADD_M_R : st   t1b, DS:[rax]
 119000: system.cpu.fetch: [tid:0] Fetch queue entry created (5/128).
 119000: system.cpu.decoder: Decode: Decoded add instruction: 
{
	leg = 0,
	rex = 0,
	vex/xop = 0,
	op = {
		type = one byte,
		op = 0,
		},
	modRM = 0,
	sib = 0,
	immediate = 0,
	displacement = 0
	dispSize = 0}

 119000: global: DynInst: [sn:260] Instruction created. Instcount for system.cpu = 10
 119000: system.cpu.fetch: [tid:0] Instruction PC (0x401049=>0x40104b).(0=>1) created [sn:260].
 119000: system.cpu.fetch: [tid:0] Instruction is:   ADD_M_R : ldst   t1b, DS:[rax]
 119000: system.cpu.fetch: [tid:0] Fetch queue entry created (6/128).
 119000: system.cpu.fetch: [tid:0] Done fetching, reached fetch bandwidth for this cycle.
 119000: system.cpu.fetch: [tid:0] [sn:210] Sending instruction to decode from fetch queue. Fetch queue size: 6.
 119000: system.cpu.fetch: [tid:0] [sn:220] Sending instruction to decode from fetch queue. Fetch queue size: 5.
 119000: system.cpu.fetch: [tid:0] [sn:230] Sending instruction to decode from fetch queue. Fetch queue size: 4.
 119000: system.cpu.fetch: [tid:0] [sn:240] Sending instruction to decode from fetch queue. Fetch queue size: 3.
 119000: system.cpu.fetch: [tid:0] [sn:250] Sending instruction to decode from fetch queue. Fetch queue size: 2.
 119000: system.cpu.fetch: [tid:0] [sn:260] Sending instruction to decode from fetch queue. Fetch queue size: 1.
 119000: system.cpu.fetch: Activity this cycle.
 119000: system.cpu: Activity: 3
 119000: system.cpu.decode: Processing [tid:0]
 119000: system.cpu.decode: [tid:0] Bypass moves from Rename: 0
 119000: system.cpu.decode: [tid:0] Not blocked, so attempting to run stage.
 119000: system.cpu.decode: [tid:0] Nothing to do, breaking out early.
 119000: system.cpu.rename: Processing [tid:0]
 119000: system.cpu.rename: [tid:0] Free IQ: 204, Free ROB: 512, Free LQ: 192, Free SQ: 110, FreeRM 63(473 464 511 1022 63 8 2555)
 119000: system.cpu.rename: [tid:0] 0 instructions not yet in ROB
 119000: system.cpu.rename: calcFreeLQEntries: free lqEntries: 192, loadsInProgress: 0, loads dispatchedToLQ: 0
 119000: system.cpu.rename: [tid:0] Not blocked, so attempting to run stage.
 119000: system.cpu.rename: [tid:0] Nothing to do, breaking out early.
 119000: system.cpu.iew: Issue: Processing [tid:0]
 119000: system.cpu.iew: [tid:0] Not blocked, so attempting to run dispatch.
 119000: system.cpu.iq: Attempting to schedule ready instructions from the IQ.
 119000: system.cpu.iq: Not able to schedule any instructions.
 119000: system.cpu.iew.lsq: [tid:0] Writing back stores. 4 stores available for Writeback.
 119000: system.cpu.iew: Processing [tid:0]
 119000: system.cpu.iew: [tid:0], Dispatch dispatched 0 instructions.
 119000: system.cpu.iew.lsq.thread0: SQ size: 114, #stores occupied: 4
 119000: system.cpu.iew.lsq.thread0: LQ size: 192, #loads occupied: 0
 119000: system.cpu.iew: IQ has 204 free entries (Can schedule: 0).  LQ has 192 free entries. SQ has 110 free entries.
 119000: system.cpu.commit: Getting instructions from Rename stage.
 119000: system.cpu.commit: Trying to commit instructions in the ROB.
 119000: system.cpu.commit: [tid:0] ROB has 0 insts & 512 free entries.
 119000: system.cpu: Scheduling next tick!
 120000: system.cpu: 

O3CPU: Ticking main, O3CPU.
 120000: system.cpu.fetch: Running stage.
 120000: system.cpu.fetch: Attempting to fetch from [tid:0]
 120000: system.cpu.fetch: [tid:0] Adding instructions to queue to decode.
 120000: global: DynInst: [sn:270] Instruction created. Instcount for system.cpu = 11
 120000: system.cpu.fetch: [tid:0] Instruction PC (0x401049=>0x40104b).(1=>2) created [sn:270].
 120000: system.cpu.fetch: [tid:0] Instruction is:   ADD_M_R : add   t1b, t1b, al
 120000: system.cpu.fetch: [tid:0] Fetch queue entry created (1/128).
 120000: global: DynInst: [sn:280] Instruction created. Instcount for system.cpu = 12
 120000: system.cpu.fetch: [tid:0] Instruction PC (0x401049=>0x40104b).(2=>3) created [sn:280].
 120000: system.cpu.fetch: [tid:0] Instruction is:   ADD_M_R : st   t1b, DS:[rax]
 120000: system.cpu.fetch: [tid:0] Fetch queue entry created (2/128).
 120000: system.cpu.decoder: Decode: Decoded add instruction: 
{
	leg = 0,
	rex = 0,
	vex/xop = 0,
	op = {
		type = one byte,
		op = 0,
		},
	modRM = 0,
	sib = 0,
	immediate = 0,
	displacement = 0
	dispSize = 0}

 120000: global: DynInst: [sn:290] Instruction created. Instcount for system.cpu = 13
 120000: system.cpu.fetch: [tid:0] Instruction PC (0x40104b=>0x40104d).(0=>1) created [sn:290].
 120000: system.cpu.fetch: [tid:0] Instruction is:   ADD_M_R : ldst   t1b, DS:[rax]
 120000: system.cpu.fetch: [tid:0] Fetch queue entry created (3/128).
 120000: global: DynInst: [sn:300] Instruction created. Instcount for system.cpu = 14
 120000: system.cpu.fetch: [tid:0] Instruction PC (0x40104b=>0x40104d).(1=>2) created [sn:300].
 120000: system.cpu.fetch: [tid:0] Instruction is:   ADD_M_R : add   t1b, t1b, al
 120000: system.cpu.fetch: [tid:0] Fetch queue entry created (4/128).
 120000: global: DynInst: [sn:310] Instruction created. Instcount for system.cpu = 15
 120000: system.cpu.fetch: [tid:0] Instruction PC (0x40104b=>0x40104d).(2=>3) created [sn:310].
 120000: system.cpu.fetch: [tid:0] Instruction is:   ADD_M_R : st   t1b, DS:[rax]
 120000: system.cpu.fetch: [tid:0] Fetch queue entry created (5/128).
 120000: system.cpu.decoder: Decode: Decoded add instruction: 
{
	leg = 0,
	rex = 0,
	vex/xop = 0,
	op = {
		type = one byte,
		op = 0,
		},
	modRM = 0,
	sib = 0,
	immediate = 0,
	displacement = 0
	dispSize = 0}

 120000: global: DynInst: [sn:320] Instruction created. Instcount for system.cpu = 16
 120000: system.cpu.fetch: [tid:0] Instruction PC (0x40104d=>0x40104f).(0=>1) created [sn:320].
 120000: system.cpu.fetch: [tid:0] Instruction is:   ADD_M_R : ldst   t1b, DS:[rax]
 120000: system.cpu.fetch: [tid:0] Fetch queue entry created (6/128).
 120000: system.cpu.fetch: [tid:0] Done fetching, reached fetch bandwidth for this cycle.
 120000: system.cpu.fetch: [tid:0] [sn:270] Sending instruction to decode from fetch queue. Fetch queue size: 6.
 120000: system.cpu.fetch: [tid:0] [sn:280] Sending instruction to decode from fetch queue. Fetch queue size: 5.
 120000: system.cpu.fetch: [tid:0] [sn:290] Sending instruction to decode from fetch queue. Fetch queue size: 4.
 120000: system.cpu.fetch: [tid:0] [sn:300] Sending instruction to decode from fetch queue. Fetch queue size: 3.
 120000: system.cpu.fetch: [tid:0] [sn:310] Sending instruction to decode from fetch queue. Fetch queue size: 2.
 120000: system.cpu.fetch: [tid:0] [sn:320] Sending instruction to decode from fetch queue. Fetch queue size: 1.
 120000: system.cpu.fetch: Activity this cycle.
 120000: system.cpu: Activity: 4
 120000: system.cpu.decode: Processing [tid:0]
 120000: system.cpu.decode: [tid:0] Bypass moves from Rename: 0
 120000: system.cpu.decode: [tid:0] Not blocked, so attempting to run stage.
 120000: system.cpu.decode: [tid:0] Sending instruction to rename.
 120000: system.cpu.decode: [tid:0] Processing instruction [sn:210] with PC (0x40103e=>0x401045).(0=>1)
 120000: system.cpu.decode: [tid:0] Processing instruction [sn:220] with PC (0x401045=>0x401047).(0=>1)
 120000: system.cpu.decode: [tid:0] Processing instruction [sn:230] with PC (0x401047=>0x401049).(0=>1)
 120000: system.cpu.decode: [tid:0] Processing instruction [sn:240] with PC (0x401047=>0x401049).(1=>2)
 120000: system.cpu.decode: [tid:0] Processing instruction [sn:250] with PC (0x401047=>0x401049).(2=>3)
 120000: system.cpu.decode: [tid:0] Processing instruction [sn:260] with PC (0x401049=>0x40104b).(0=>1)
 120000: system.cpu.decode: Activity this cycle.
 120000: system.cpu.rename: Processing [tid:0]
 120000: system.cpu.rename: [tid:0] Free IQ: 204, Free ROB: 512, Free LQ: 192, Free SQ: 110, FreeRM 63(473 464 511 1022 63 8 2555)
 120000: system.cpu.rename: [tid:0] 0 instructions not yet in ROB
 120000: system.cpu.rename: calcFreeLQEntries: free lqEntries: 192, loadsInProgress: 0, loads dispatchedToLQ: 0
 120000: system.cpu.rename: [tid:0] Not blocked, so attempting to run stage.
 120000: system.cpu.rename: [tid:0] Nothing to do, breaking out early.
 120000: system.cpu.iew: Issue: Processing [tid:0]
 120000: system.cpu.iew: [tid:0] Not blocked, so attempting to run dispatch.
 120000: system.cpu.iq: Attempting to schedule ready instructions from the IQ.
 120000: system.cpu.iq: Not able to schedule any instructions.
 120000: system.cpu.iew.lsq: [tid:0] Writing back stores. 4 stores available for Writeback.
 120000: system.cpu.iew: Processing [tid:0]
 120000: system.cpu.iew: [tid:0], Dispatch dispatched 0 instructions.
 120000: system.cpu.iew.lsq.thread0: SQ size: 114, #stores occupied: 4
 120000: system.cpu.iew.lsq.thread0: LQ size: 192, #loads occupied: 0
 120000: system.cpu.iew: IQ has 204 free entries (Can schedule: 0).  LQ has 192 free entries. SQ has 110 free entries.
 120000: system.cpu.commit: Getting instructions from Rename stage.
 120000: system.cpu.commit: Trying to commit instructions in the ROB.
 120000: system.cpu.commit: [tid:0] ROB has 0 insts & 512 free entries.
 120000: system.cpu: Scheduling next tick!
 121000: system.cpu: 

O3CPU: Ticking main, O3CPU.
 121000: system.cpu.fetch: Running stage.
 121000: system.cpu.fetch: Attempting to fetch from [tid:0]
 121000: system.cpu.fetch: [tid:0] Adding instructions to queue to decode.
 121000: global: DynInst: [sn:330] Instruction created. Instcount for system.cpu = 17
 121000: system.cpu.fetch: [tid:0] Instruction PC (0x40104d=>0x40104f).(1=>2) created [sn:330].
 121000: system.cpu.fetch: [tid:0] Instruction is:   ADD_M_R : add   t1b, t1b, al
 121000: system.cpu.fetch: [tid:0] Fetch queue entry created (1/128).
 121000: global: DynInst: [sn:340] Instruction created. Instcount for system.cpu = 18
 121000: system.cpu.fetch: [tid:0] Instruction PC (0x40104d=>0x40104f).(2=>3) created [sn:340].
 121000: system.cpu.fetch: [tid:0] Instruction is:   ADD_M_R : st   t1b, DS:[rax]
 121000: system.cpu.fetch: [tid:0] Fetch queue entry created (2/128).
 121000: system.cpu.decoder: Decode: Decoded add instruction: 
{
	leg = 0,
	rex = 0,
	vex/xop = 0,
	op = {
		type = one byte,
		op = 0,
		},
	modRM = 0,
	sib = 0,
	immediate = 0,
	displacement = 0
	dispSize = 0}

 121000: global: DynInst: [sn:350] Instruction created. Instcount for system.cpu = 19
 121000: system.cpu.fetch: [tid:0] Instruction PC (0x40104f=>0x401051).(0=>1) created [sn:350].
 121000: system.cpu.fetch: [tid:0] Instruction is:   ADD_M_R : ldst   t1b, DS:[rax]
 121000: system.cpu.fetch: [tid:0] Fetch queue entry created (3/128).
 121000: global: DynInst: [sn:360] Instruction created. Instcount for system.cpu = 20
 121000: system.cpu.fetch: [tid:0] Instruction PC (0x40104f=>0x401051).(1=>2) created [sn:360].
 121000: system.cpu.fetch: [tid:0] Instruction is:   ADD_M_R : add   t1b, t1b, al
 121000: system.cpu.fetch: [tid:0] Fetch queue entry created (4/128).
 121000: global: DynInst: [sn:370] Instruction created. Instcount for system.cpu = 21
 121000: system.cpu.fetch: [tid:0] Instruction PC (0x40104f=>0x401051).(2=>3) created [sn:370].
 121000: system.cpu.fetch: [tid:0] Instruction is:   ADD_M_R : st   t1b, DS:[rax]
 121000: system.cpu.fetch: [tid:0] Fetch queue entry created (5/128).
 121000: system.cpu.decoder: Decode: Decoded add instruction: 
{
	leg = 0,
	rex = 0,
	vex/xop = 0,
	op = {
		type = one byte,
		op = 0,
		},
	modRM = 0,
	sib = 0,
	immediate = 0,
	displacement = 0
	dispSize = 0}

 121000: global: DynInst: [sn:380] Instruction created. Instcount for system.cpu = 22
 121000: system.cpu.fetch: [tid:0] Instruction PC (0x401051=>0x401053).(0=>1) created [sn:380].
 121000: system.cpu.fetch: [tid:0] Instruction is:   ADD_M_R : ldst   t1b, DS:[rax]
 121000: system.cpu.fetch: [tid:0] Fetch queue entry created (6/128).
 121000: system.cpu.fetch: [tid:0] Done fetching, reached fetch bandwidth for this cycle.
 121000: system.cpu.fetch: [tid:0] [sn:330] Sending instruction to decode from fetch queue. Fetch queue size: 6.
 121000: system.cpu.fetch: [tid:0] [sn:340] Sending instruction to decode from fetch queue. Fetch queue size: 5.
 121000: system.cpu.fetch: [tid:0] [sn:350] Sending instruction to decode from fetch queue. Fetch queue size: 4.
 121000: system.cpu.fetch: [tid:0] [sn:360] Sending instruction to decode from fetch queue. Fetch queue size: 3.
 121000: system.cpu.fetch: [tid:0] [sn:370] Sending instruction to decode from fetch queue. Fetch queue size: 2.
 121000: system.cpu.fetch: [tid:0] [sn:380] Sending instruction to decode from fetch queue. Fetch queue size: 1.
 121000: system.cpu.fetch: Activity this cycle.
 121000: system.cpu: Activity: 5
 121000: system.cpu.decode: Processing [tid:0]
 121000: system.cpu.decode: [tid:0] Bypass moves from Rename: 0
 121000: system.cpu.decode: [tid:0] Not blocked, so attempting to run stage.
 121000: system.cpu.decode: [tid:0] Sending instruction to rename.
 121000: system.cpu.decode: [tid:0] Processing instruction [sn:270] with PC (0x401049=>0x40104b).(1=>2)
 121000: system.cpu.decode: [tid:0] Processing instruction [sn:280] with PC (0x401049=>0x40104b).(2=>3)
 121000: system.cpu.decode: [tid:0] Processing instruction [sn:290] with PC (0x40104b=>0x40104d).(0=>1)
 121000: system.cpu.decode: [tid:0] Processing instruction [sn:300] with PC (0x40104b=>0x40104d).(1=>2)
 121000: system.cpu.decode: [tid:0] Processing instruction [sn:310] with PC (0x40104b=>0x40104d).(2=>3)
 121000: system.cpu.decode: [tid:0] Processing instruction [sn:320] with PC (0x40104d=>0x40104f).(0=>1)
 121000: system.cpu.decode: Activity this cycle.
 121000: system.cpu.rename: Processing [tid:0]
 121000: system.cpu.rename: [tid:0] Free IQ: 204, Free ROB: 512, Free LQ: 192, Free SQ: 110, FreeRM 63(473 464 511 1022 63 8 2555)
 121000: system.cpu.rename: [tid:0] 0 instructions not yet in ROB
 121000: system.cpu.rename: calcFreeLQEntries: free lqEntries: 192, loadsInProgress: 0, loads dispatchedToLQ: 0
 121000: system.cpu.rename: [tid:0] Not blocked, so attempting to run stage.
 121000: system.cpu.rename: [tid:0] 6 available instructions to send iew.
 121000: system.cpu.rename: [tid:0] 0 insts pipelining from Rename | 0 insts dispatched to IQ last cycle.
 121000: system.cpu.rename: [tid:0] Sending instructions to IEW.
 121000: system.cpu.rename: [tid:0] Processing instruction [sn:210] with PC (0x40103e=>0x401045).(0=>1).
 121000: global: Renamed reg rax to physical reg 55 (55) old mapping was 45 (45)
 121000: system.cpu.rename: [tid:0] Renaming arch reg 0 (integer) to physical reg 55 (55).
 121000: system.cpu.rename: [tid:0] [sn:210] Adding instruction to history buffer (size=1).
 121000: system.cpu.rename: [tid:0] Processing instruction [sn:220] with PC (0x401045=>0x401047).(0=>1).
 121000: system.cpu.rename: calcFreeLQEntries: free lqEntries: 192, loadsInProgress: 0, loads dispatchedToLQ: 0
 121000: system.cpu.rename: [tid:0] Processing instruction [sn:230] with PC (0x401047=>0x401049).(0=>1).
 121000: system.cpu.rename: [tid:0] Mascot prediction for load [sn:230] type: 0; distance1: 0; distance2: 0
 121000: system.cpu.rename: [tid:0] Looking up invalid arch reg 0, got phys reg 4294967295 (invalid)
 121000: system.cpu.rename: [tid:0] Register 4294967295 (flat: 4294967295) (invalid) is ready.
 121000: global: [sn:230] has 1 ready out of 4 sources. RTI 0)
 121000: system.cpu.rename: [tid:0] Looking up integer arch reg 0, got phys reg 55 (integer)
 121000: system.cpu.rename: [tid:0] Register 55 (flat: 55) (integer) is not ready.
 121000: system.cpu.rename: [tid:0] Looking up integer arch reg 17, got phys reg 52 (integer)
 121000: system.cpu.rename: [tid:0] Register 52 (flat: 52) (integer) is ready.
 121000: global: [sn:230] has 2 ready out of 4 sources. RTI 0)
 121000: system.cpu.rename: [tid:0] Looking up miscellaneous arch reg 155, got phys reg 155 (miscellaneous)
 121000: system.cpu.rename: [tid:0] Register 155 (flat: 0) (miscellaneous) is ready.
 121000: global: [sn:230] has 3 ready out of 4 sources. RTI 0)
 121000: global: Renamed reg t1 to physical reg 56 (56) old mapping was 52 (52)
 121000: system.cpu.rename: [tid:0] Renaming arch reg 17 (integer) to physical reg 56 (56).
 121000: system.cpu.rename: [tid:0] [sn:230] Adding instruction to history buffer (size=2).
 121000: system.cpu.rename: [tid:0] Processing instruction [sn:240] with PC (0x401047=>0x401049).(1=>2).
 121000: system.cpu.rename: [tid:0] Looking up integer arch reg 17, got phys reg 56 (integer)
 121000: system.cpu.rename: [tid:0] Register 56 (flat: 56) (integer) is not ready.
 121000: system.cpu.rename: [tid:0] Looking up integer arch reg 0, got phys reg 55 (integer)
 121000: system.cpu.rename: [tid:0] Register 55 (flat: 55) (integer) is not ready.
 121000: system.cpu.rename: [tid:0] Looking up integer arch reg 17, got phys reg 56 (integer)
 121000: system.cpu.rename: [tid:0] Register 56 (flat: 56) (integer) is not ready.
 121000: system.cpu.rename: [tid:0] Looking up invalid arch reg 0, got phys reg 4294967295 (invalid)
 121000: system.cpu.rename: [tid:0] Register 4294967295 (flat: 4294967295) (invalid) is ready.
 121000: global: [sn:240] has 1 ready out of 8 sources. RTI 0)
 121000: system.cpu.rename: [tid:0] Looking up invalid arch reg 0, got phys reg 4294967295 (invalid)
 121000: system.cpu.rename: [tid:0] Register 4294967295 (flat: 4294967295) (invalid) is ready.
 121000: global: [sn:240] has 2 ready out of 8 sources. RTI 0)
 121000: system.cpu.rename: [tid:0] Looking up invalid arch reg 0, got phys reg 4294967295 (invalid)
 121000: system.cpu.rename: [tid:0] Register 4294967295 (flat: 4294967295) (invalid) is ready.
 121000: global: [sn:240] has 3 ready out of 8 sources. RTI 0)
 121000: system.cpu.rename: [tid:0] Looking up invalid arch reg 0, got phys reg 4294967295 (invalid)
 121000: system.cpu.rename: [tid:0] Register 4294967295 (flat: 4294967295) (invalid) is ready.
 121000: global: [sn:240] has 4 ready out of 8 sources. RTI 0)
 121000: system.cpu.rename: [tid:0] Looking up invalid arch reg 0, got phys reg 4294967295 (invalid)
 121000: system.cpu.rename: [tid:0] Register 4294967295 (flat: 4294967295) (invalid) is ready.
 121000: global: [sn:240] has 5 ready out of 8 sources. RTI 0)
 121000: global: Renamed reg t1 to physical reg 57 (57) old mapping was 56 (56)
 121000: system.cpu.rename: [tid:0] Renaming arch reg 17 (integer) to physical reg 57 (57).
 121000: system.cpu.rename: [tid:0] [sn:240] Adding instruction to history buffer (size=3).
 121000: global: Renamed reg condition_code[0] to physical reg 2647 (2647) old mapping was 2645 (2645)
 121000: system.cpu.rename: [tid:0] Renaming arch reg 0 (condition_code) to physical reg 15 (2647).
 121000: system.cpu.rename: [tid:0] [sn:240] Adding instruction to history buffer (size=4).
 121000: global: Renamed reg condition_code[1] to physical reg 2648 (2648) old mapping was 2646 (2646)
 121000: system.cpu.rename: [tid:0] Renaming arch reg 1 (condition_code) to physical reg 16 (2648).
 121000: system.cpu.rename: [tid:0] [sn:240] Adding instruction to history buffer (size=5).
 121000: system.cpu.rename: [tid:0] Renaming arch reg 0 (invalid) to physical reg 4294967295 (4294967295).
 121000: system.cpu.rename: [tid:0] [sn:240] Adding instruction to history buffer (size=6).
 121000: system.cpu.rename: [tid:0] Renaming arch reg 0 (invalid) to physical reg 4294967295 (4294967295).
 121000: system.cpu.rename: [tid:0] [sn:240] Adding instruction to history buffer (size=7).
 121000: system.cpu.rename: [tid:0] Renaming arch reg 0 (invalid) to physical reg 4294967295 (4294967295).
 121000: system.cpu.rename: [tid:0] [sn:240] Adding instruction to history buffer (size=8).
 121000: system.cpu.rename: calcFreeSQEntries: free sqEntries: 110, storesInProgress: 0, stores dispatchedToSQ: 0
 121000: system.cpu.rename: [tid:0] Processing instruction [sn:250] with PC (0x401047=>0x401049).(2=>3).
 121000: system.cpu.rename: [tid:0] Looking up invalid arch reg 0, got phys reg 4294967295 (invalid)
 121000: system.cpu.rename: [tid:0] Register 4294967295 (flat: 4294967295) (invalid) is ready.
 121000: global: [sn:250] has 1 ready out of 4 sources. RTI 0)
 121000: system.cpu.rename: [tid:0] Looking up integer arch reg 0, got phys reg 55 (integer)
 121000: system.cpu.rename: [tid:0] Register 55 (flat: 55) (integer) is not ready.
 121000: system.cpu.rename: [tid:0] Looking up integer arch reg 17, got phys reg 57 (integer)
 121000: system.cpu.rename: [tid:0] Register 57 (flat: 57) (integer) is not ready.
 121000: system.cpu.rename: [tid:0] Looking up miscellaneous arch reg 155, got phys reg 155 (miscellaneous)
 121000: system.cpu.rename: [tid:0] Register 155 (flat: 0) (miscellaneous) is ready.
 121000: global: [sn:250] has 2 ready out of 4 sources. RTI 0)
 121000: system.cpu.rename: calcFreeLQEntries: free lqEntries: 192, loadsInProgress: 1, loads dispatchedToLQ: 0
 121000: system.cpu.rename: [tid:0] Processing instruction [sn:260] with PC (0x401049=>0x40104b).(0=>1).
 121000: system.cpu.rename: [tid:0] Mascot prediction for load [sn:260] type: 0; distance1: 0; distance2: 0
 121000: system.cpu.rename: [tid:0] Looking up invalid arch reg 0, got phys reg 4294967295 (invalid)
 121000: system.cpu.rename: [tid:0] Register 4294967295 (flat: 4294967295) (invalid) is ready.
 121000: global: [sn:260] has 1 ready out of 4 sources. RTI 0)
 121000: system.cpu.rename: [tid:0] Looking up integer arch reg 0, got phys reg 55 (integer)
 121000: system.cpu.rename: [tid:0] Register 55 (flat: 55) (integer) is not ready.
 121000: system.cpu.rename: [tid:0] Looking up integer arch reg 17, got phys reg 57 (integer)
 121000: system.cpu.rename: [tid:0] Register 57 (flat: 57) (integer) is not ready.
 121000: system.cpu.rename: [tid:0] Looking up miscellaneous arch reg 155, got phys reg 155 (miscellaneous)
 121000: system.cpu.rename: [tid:0] Register 155 (flat: 0) (miscellaneous) is ready.
 121000: global: [sn:260] has 2 ready out of 4 sources. RTI 0)
 121000: global: Renamed reg t1 to physical reg 58 (58) old mapping was 57 (57)
 121000: system.cpu.rename: [tid:0] Renaming arch reg 17 (integer) to physical reg 58 (58).
 121000: system.cpu.rename: [tid:0] [sn:260] Adding instruction to history buffer (size=9).
 121000: system.cpu.rename: Activity this cycle.
 121000: system.cpu.iew: Issue: Processing [tid:0]
 121000: system.cpu.iew: [tid:0] Not blocked, so attempting to run dispatch.
 121000: system.cpu.iq: Attempting to schedule ready instructions from the IQ.
 121000: system.cpu.iq: Not able to schedule any instructions.
 121000: system.cpu.iew.lsq: [tid:0] Writing back stores. 4 stores available for Writeback.
 121000: system.cpu.iew: Processing [tid:0]
 121000: system.cpu.iew: [tid:0], Dispatch dispatched 0 instructions.
 121000: system.cpu.iew.lsq.thread0: SQ size: 114, #stores occupied: 4
 121000: system.cpu.iew.lsq.thread0: LQ size: 192, #loads occupied: 0
 121000: system.cpu.iew: IQ has 204 free entries (Can schedule: 0).  LQ has 192 free entries. SQ has 110 free entries.
 121000: system.cpu.commit: Getting instructions from Rename stage.
 121000: system.cpu.commit: Trying to commit instructions in the ROB.
 121000: system.cpu.commit: [tid:0] ROB has 0 insts & 512 free entries.
 121000: system.cpu: Scheduling next tick!
 122000: system.cpu: 

O3CPU: Ticking main, O3CPU.
 122000: system.cpu.fetch: Running stage.
 122000: system.cpu.fetch: Attempting to fetch from [tid:0]
 122000: system.cpu.fetch: [tid:0] Adding instructions to queue to decode.
 122000: global: DynInst: [sn:390] Instruction created. Instcount for system.cpu = 23
 122000: system.cpu.fetch: [tid:0] Instruction PC (0x401051=>0x401053).(1=>2) created [sn:390].
 122000: system.cpu.fetch: [tid:0] Instruction is:   ADD_M_R : add   t1b, t1b, al
 122000: system.cpu.fetch: [tid:0] Fetch queue entry created (1/128).
 122000: global: DynInst: [sn:400] Instruction created. Instcount for system.cpu = 24
 122000: system.cpu.fetch: [tid:0] Instruction PC (0x401051=>0x401053).(2=>3) created [sn:400].
 122000: system.cpu.fetch: [tid:0] Instruction is:   ADD_M_R : st   t1b, DS:[rax]
 122000: system.cpu.fetch: [tid:0] Fetch queue entry created (2/128).
 122000: system.cpu.decoder: Decode: Decoded add instruction: 
{
	leg = 0,
	rex = 0,
	vex/xop = 0,
	op = {
		type = one byte,
		op = 0,
		},
	modRM = 0,
	sib = 0,
	immediate = 0,
	displacement = 0
	dispSize = 0}

 122000: global: DynInst: [sn:410] Instruction created. Instcount for system.cpu = 25
 122000: system.cpu.fetch: [tid:0] Instruction PC (0x401053=>0x401055).(0=>1) created [sn:410].
 122000: system.cpu.fetch: [tid:0] Instruction is:   ADD_M_R : ldst   t1b, DS:[rax]
 122000: system.cpu.fetch: [tid:0] Fetch queue entry created (3/128).
 122000: global: DynInst: [sn:420] Instruction created. Instcount for system.cpu = 26
 122000: system.cpu.fetch: [tid:0] Instruction PC (0x401053=>0x401055).(1=>2) created [sn:420].
 122000: system.cpu.fetch: [tid:0] Instruction is:   ADD_M_R : add   t1b, t1b, al
 122000: system.cpu.fetch: [tid:0] Fetch queue entry created (4/128).
 122000: global: DynInst: [sn:430] Instruction created. Instcount for system.cpu = 27
 122000: system.cpu.fetch: [tid:0] Instruction PC (0x401053=>0x401055).(2=>3) created [sn:430].
 122000: system.cpu.fetch: [tid:0] Instruction is:   ADD_M_R : st   t1b, DS:[rax]
 122000: system.cpu.fetch: [tid:0] Fetch queue entry created (5/128).
 122000: system.cpu.decoder: Decode: Decoded add instruction: 
{
	leg = 0,
	rex = 0,
	vex/xop = 0,
	op = {
		type = one byte,
		op = 0,
		},
	modRM = 0,
	sib = 0,
	immediate = 0,
	displacement = 0
	dispSize = 0}

 122000: global: DynInst: [sn:440] Instruction created. Instcount for system.cpu = 28
 122000: system.cpu.fetch: [tid:0] Instruction PC (0x401055=>0x401057).(0=>1) created [sn:440].
 122000: system.cpu.fetch: [tid:0] Instruction is:   ADD_M_R : ldst   t1b, DS:[rax]
 122000: system.cpu.fetch: [tid:0] Fetch queue entry created (6/128).
 122000: system.cpu.fetch: [tid:0] Done fetching, reached fetch bandwidth for this cycle.
 122000: system.cpu.fetch: [tid:0] [sn:390] Sending instruction to decode from fetch queue. Fetch queue size: 6.
 122000: system.cpu.fetch: [tid:0] [sn:400] Sending instruction to decode from fetch queue. Fetch queue size: 5.
 122000: system.cpu.fetch: [tid:0] [sn:410] Sending instruction to decode from fetch queue. Fetch queue size: 4.
 122000: system.cpu.fetch: [tid:0] [sn:420] Sending instruction to decode from fetch queue. Fetch queue size: 3.
 122000: system.cpu.fetch: [tid:0] [sn:430] Sending instruction to decode from fetch queue. Fetch queue size: 2.
 122000: system.cpu.fetch: [tid:0] [sn:440] Sending instruction to decode from fetch queue. Fetch queue size: 1.
 122000: system.cpu.fetch: Activity this cycle.
 122000: system.cpu: Activity: 6
 122000: system.cpu.decode: Processing [tid:0]
 122000: system.cpu.decode: [tid:0] Bypass moves from Rename: 0
 122000: system.cpu.decode: [tid:0] Not blocked, so attempting to run stage.
 122000: system.cpu.decode: [tid:0] Sending instruction to rename.
 122000: system.cpu.decode: [tid:0] Processing instruction [sn:330] with PC (0x40104d=>0x40104f).(1=>2)
 122000: system.cpu.decode: [tid:0] Processing instruction [sn:340] with PC (0x40104d=>0x40104f).(2=>3)
 122000: system.cpu.decode: [tid:0] Processing instruction [sn:350] with PC (0x40104f=>0x401051).(0=>1)
 122000: system.cpu.decode: [tid:0] Processing instruction [sn:360] with PC (0x40104f=>0x401051).(1=>2)
 122000: system.cpu.decode: [tid:0] Processing instruction [sn:370] with PC (0x40104f=>0x401051).(2=>3)
 122000: system.cpu.decode: [tid:0] Processing instruction [sn:380] with PC (0x401051=>0x401053).(0=>1)
 122000: system.cpu.decode: Activity this cycle.
 122000: system.cpu.rename: Processing [tid:0]
 122000: system.cpu.rename: [tid:0] Free IQ: 204, Free ROB: 512, Free LQ: 192, Free SQ: 110, FreeRM 63(469 464 511 1022 63 8 2553)
 122000: system.cpu.rename: [tid:0] 6 instructions not yet in ROB
 122000: system.cpu.rename: calcFreeLQEntries: free lqEntries: 192, loadsInProgress: 2, loads dispatchedToLQ: 0
 122000: system.cpu.rename: [tid:0] Not blocked, so attempting to run stage.
 122000: system.cpu.rename: [tid:0] 6 available instructions to send iew.
 122000: system.cpu.rename: [tid:0] 6 insts pipelining from Rename | 0 insts dispatched to IQ last cycle.
 122000: system.cpu.rename: [tid:0] Sending instructions to IEW.
 122000: system.cpu.rename: [tid:0] Processing instruction [sn:270] with PC (0x401049=>0x40104b).(1=>2).
 122000: system.cpu.rename: [tid:0] Looking up integer arch reg 17, got phys reg 58 (integer)
 122000: system.cpu.rename: [tid:0] Register 58 (flat: 58) (integer) is not ready.
 122000: system.cpu.rename: [tid:0] Looking up integer arch reg 0, got phys reg 55 (integer)
 122000: system.cpu.rename: [tid:0] Register 55 (flat: 55) (integer) is not ready.
 122000: system.cpu.rename: [tid:0] Looking up integer arch reg 17, got phys reg 58 (integer)
 122000: system.cpu.rename: [tid:0] Register 58 (flat: 58) (integer) is not ready.
 122000: system.cpu.rename: [tid:0] Looking up invalid arch reg 0, got phys reg 4294967295 (invalid)
 122000: system.cpu.rename: [tid:0] Register 4294967295 (flat: 4294967295) (invalid) is ready.
 122000: global: [sn:270] has 1 ready out of 8 sources. RTI 0)
 122000: system.cpu.rename: [tid:0] Looking up invalid arch reg 0, got phys reg 4294967295 (invalid)
 122000: system.cpu.rename: [tid:0] Register 4294967295 (flat: 4294967295) (invalid) is ready.
 122000: global: [sn:270] has 2 ready out of 8 sources. RTI 0)
 122000: system.cpu.rename: [tid:0] Looking up invalid arch reg 0, got phys reg 4294967295 (invalid)
 122000: system.cpu.rename: [tid:0] Register 4294967295 (flat: 4294967295) (invalid) is ready.
 122000: global: [sn:270] has 3 ready out of 8 sources. RTI 0)
 122000: system.cpu.rename: [tid:0] Looking up invalid arch reg 0, got phys reg 4294967295 (invalid)
 122000: system.cpu.rename: [tid:0] Register 4294967295 (flat: 4294967295) (invalid) is ready.
 122000: global: [sn:270] has 4 ready out of 8 sources. RTI 0)
 122000: system.cpu.rename: [tid:0] Looking up invalid arch reg 0, got phys reg 4294967295 (invalid)
 122000: system.cpu.rename: [tid:0] Register 4294967295 (flat: 4294967295) (invalid) is ready.
 122000: global: [sn:270] has 5 ready out of 8 sources. RTI 0)
 122000: global: Renamed reg t1 to physical reg 59 (59) old mapping was 58 (58)
 122000: system.cpu.rename: [tid:0] Renaming arch reg 17 (integer) to physical reg 59 (59).
 122000: system.cpu.rename: [tid:0] [sn:270] Adding instruction to history buffer (size=10).
 122000: global: Renamed reg condition_code[0] to physical reg 2649 (2649) old mapping was 2647 (2647)
 122000: system.cpu.rename: [tid:0] Renaming arch reg 0 (condition_code) to physical reg 17 (2649).
 122000: system.cpu.rename: [tid:0] [sn:270] Adding instruction to history buffer (size=11).
 122000: global: Renamed reg condition_code[1] to physical reg 2650 (2650) old mapping was 2648 (2648)
 122000: system.cpu.rename: [tid:0] Renaming arch reg 1 (condition_code) to physical reg 18 (2650).
 122000: system.cpu.rename: [tid:0] [sn:270] Adding instruction to history buffer (size=12).
 122000: system.cpu.rename: [tid:0] Renaming arch reg 0 (invalid) to physical reg 4294967295 (4294967295).
 122000: system.cpu.rename: [tid:0] [sn:270] Adding instruction to history buffer (size=13).
 122000: system.cpu.rename: [tid:0] Renaming arch reg 0 (invalid) to physical reg 4294967295 (4294967295).
 122000: system.cpu.rename: [tid:0] [sn:270] Adding instruction to history buffer (size=14).
 122000: system.cpu.rename: [tid:0] Renaming arch reg 0 (invalid) to physical reg 4294967295 (4294967295).
 122000: system.cpu.rename: [tid:0] [sn:270] Adding instruction to history buffer (size=15).
 122000: system.cpu.rename: calcFreeSQEntries: free sqEntries: 110, storesInProgress: 1, stores dispatchedToSQ: 0
 122000: system.cpu.rename: [tid:0] Processing instruction [sn:280] with PC (0x401049=>0x40104b).(2=>3).
 122000: system.cpu.rename: [tid:0] Looking up invalid arch reg 0, got phys reg 4294967295 (invalid)
 122000: system.cpu.rename: [tid:0] Register 4294967295 (flat: 4294967295) (invalid) is ready.
 122000: global: [sn:280] has 1 ready out of 4 sources. RTI 0)
 122000: system.cpu.rename: [tid:0] Looking up integer arch reg 0, got phys reg 55 (integer)
 122000: system.cpu.rename: [tid:0] Register 55 (flat: 55) (integer) is not ready.
 122000: system.cpu.rename: [tid:0] Looking up integer arch reg 17, got phys reg 59 (integer)
 122000: system.cpu.rename: [tid:0] Register 59 (flat: 59) (integer) is not ready.
 122000: system.cpu.rename: [tid:0] Looking up miscellaneous arch reg 155, got phys reg 155 (miscellaneous)
 122000: system.cpu.rename: [tid:0] Register 155 (flat: 0) (miscellaneous) is ready.
 122000: global: [sn:280] has 2 ready out of 4 sources. RTI 0)
 122000: system.cpu.rename: calcFreeLQEntries: free lqEntries: 192, loadsInProgress: 2, loads dispatchedToLQ: 0
 122000: system.cpu.rename: [tid:0] Processing instruction [sn:290] with PC (0x40104b=>0x40104d).(0=>1).
 122000: system.cpu.rename: [tid:0] Mascot prediction for load [sn:290] type: 0; distance1: 0; distance2: 0
 122000: system.cpu.rename: [tid:0] Looking up invalid arch reg 0, got phys reg 4294967295 (invalid)
 122000: system.cpu.rename: [tid:0] Register 4294967295 (flat: 4294967295) (invalid) is ready.
 122000: global: [sn:290] has 1 ready out of 4 sources. RTI 0)
 122000: system.cpu.rename: [tid:0] Looking up integer arch reg 0, got phys reg 55 (integer)
 122000: system.cpu.rename: [tid:0] Register 55 (flat: 55) (integer) is not ready.
 122000: system.cpu.rename: [tid:0] Looking up integer arch reg 17, got phys reg 59 (integer)
 122000: system.cpu.rename: [tid:0] Register 59 (flat: 59) (integer) is not ready.
 122000: system.cpu.rename: [tid:0] Looking up miscellaneous arch reg 155, got phys reg 155 (miscellaneous)
 122000: system.cpu.rename: [tid:0] Register 155 (flat: 0) (miscellaneous) is ready.
 122000: global: [sn:290] has 2 ready out of 4 sources. RTI 0)
 122000: global: Renamed reg t1 to physical reg 60 (60) old mapping was 59 (59)
 122000: system.cpu.rename: [tid:0] Renaming arch reg 17 (integer) to physical reg 60 (60).
 122000: system.cpu.rename: [tid:0] [sn:290] Adding instruction to history buffer (size=16).
 122000: system.cpu.rename: [tid:0] Processing instruction [sn:300] with PC (0x40104b=>0x40104d).(1=>2).
 122000: system.cpu.rename: [tid:0] Looking up integer arch reg 17, got phys reg 60 (integer)
 122000: system.cpu.rename: [tid:0] Register 60 (flat: 60) (integer) is not ready.
 122000: system.cpu.rename: [tid:0] Looking up integer arch reg 0, got phys reg 55 (integer)
 122000: system.cpu.rename: [tid:0] Register 55 (flat: 55) (integer) is not ready.
 122000: system.cpu.rename: [tid:0] Looking up integer arch reg 17, got phys reg 60 (integer)
 122000: system.cpu.rename: [tid:0] Register 60 (flat: 60) (integer) is not ready.
 122000: system.cpu.rename: [tid:0] Looking up invalid arch reg 0, got phys reg 4294967295 (invalid)
 122000: system.cpu.rename: [tid:0] Register 4294967295 (flat: 4294967295) (invalid) is ready.
 122000: global: [sn:300] has 1 ready out of 8 sources. RTI 0)
 122000: system.cpu.rename: [tid:0] Looking up invalid arch reg 0, got phys reg 4294967295 (invalid)
 122000: system.cpu.rename: [tid:0] Register 4294967295 (flat: 4294967295) (invalid) is ready.
 122000: global: [sn:300] has 2 ready out of 8 sources. RTI 0)
 122000: system.cpu.rename: [tid:0] Looking up invalid arch reg 0, got phys reg 4294967295 (invalid)
 122000: system.cpu.rename: [tid:0] Register 4294967295 (flat: 4294967295) (invalid) is ready.
 122000: global: [sn:300] has 3 ready out of 8 sources. RTI 0)
 122000: system.cpu.rename: [tid:0] Looking up invalid arch reg 0, got phys reg 4294967295 (invalid)
 122000: system.cpu.rename: [tid:0] Register 4294967295 (flat: 4294967295) (invalid) is ready.
 122000: global: [sn:300] has 4 ready out of 8 sources. RTI 0)
 122000: system.cpu.rename: [tid:0] Looking up invalid arch reg 0, got phys reg 4294967295 (invalid)
 122000: system.cpu.rename: [tid:0] Register 4294967295 (flat: 4294967295) (invalid) is ready.
 122000: global: [sn:300] has 5 ready out of 8 sources. RTI 0)
 122000: global: Renamed reg t1 to physical reg 61 (61) old mapping was 60 (60)
 122000: system.cpu.rename: [tid:0] Renaming arch reg 17 (integer) to physical reg 61 (61).
 122000: system.cpu.rename: [tid:0] [sn:300] Adding instruction to history buffer (size=17).
 122000: global: Renamed reg condition_code[0] to physical reg 2651 (2651) old mapping was 2649 (2649)
 122000: system.cpu.rename: [tid:0] Renaming arch reg 0 (condition_code) to physical reg 19 (2651).
 122000: system.cpu.rename: [tid:0] [sn:300] Adding instruction to history buffer (size=18).
 122000: global: Renamed reg condition_code[1] to physical reg 2652 (2652) old mapping was 2650 (2650)
 122000: system.cpu.rename: [tid:0] Renaming arch reg 1 (condition_code) to physical reg 20 (2652).
 122000: system.cpu.rename: [tid:0] [sn:300] Adding instruction to history buffer (size=19).
 122000: system.cpu.rename: [tid:0] Renaming arch reg 0 (invalid) to physical reg 4294967295 (4294967295).
 122000: system.cpu.rename: [tid:0] [sn:300] Adding instruction to history buffer (size=20).
 122000: system.cpu.rename: [tid:0] Renaming arch reg 0 (invalid) to physical reg 4294967295 (4294967295).
 122000: system.cpu.rename: [tid:0] [sn:300] Adding instruction to history buffer (size=21).
 122000: system.cpu.rename: [tid:0] Renaming arch reg 0 (invalid) to physical reg 4294967295 (4294967295).
 122000: system.cpu.rename: [tid:0] [sn:300] Adding instruction to history buffer (size=22).
 122000: system.cpu.rename: calcFreeSQEntries: free sqEntries: 110, storesInProgress: 2, stores dispatchedToSQ: 0
 122000: system.cpu.rename: [tid:0] Processing instruction [sn:310] with PC (0x40104b=>0x40104d).(2=>3).
 122000: system.cpu.rename: [tid:0] Looking up invalid arch reg 0, got phys reg 4294967295 (invalid)
 122000: system.cpu.rename: [tid:0] Register 4294967295 (flat: 4294967295) (invalid) is ready.
 122000: global: [sn:310] has 1 ready out of 4 sources. RTI 0)
 122000: system.cpu.rename: [tid:0] Looking up integer arch reg 0, got phys reg 55 (integer)
 122000: system.cpu.rename: [tid:0] Register 55 (flat: 55) (integer) is not ready.
 122000: system.cpu.rename: [tid:0] Looking up integer arch reg 17, got phys reg 61 (integer)
 122000: system.cpu.rename: [tid:0] Register 61 (flat: 61) (integer) is not ready.
 122000: system.cpu.rename: [tid:0] Looking up miscellaneous arch reg 155, got phys reg 155 (miscellaneous)
 122000: system.cpu.rename: [tid:0] Register 155 (flat: 0) (miscellaneous) is ready.
 122000: global: [sn:310] has 2 ready out of 4 sources. RTI 0)
 122000: system.cpu.rename: calcFreeLQEntries: free lqEntries: 192, loadsInProgress: 3, loads dispatchedToLQ: 0
 122000: system.cpu.rename: [tid:0] Processing instruction [sn:320] with PC (0x40104d=>0x40104f).(0=>1).
 122000: system.cpu.rename: [tid:0] Mascot prediction for load [sn:320] type: 0; distance1: 0; distance2: 0
 122000: system.cpu.rename: [tid:0] Looking up invalid arch reg 0, got phys reg 4294967295 (invalid)
 122000: system.cpu.rename: [tid:0] Register 4294967295 (flat: 4294967295) (invalid) is ready.
 122000: global: [sn:320] has 1 ready out of 4 sources. RTI 0)
 122000: system.cpu.rename: [tid:0] Looking up integer arch reg 0, got phys reg 55 (integer)
 122000: system.cpu.rename: [tid:0] Register 55 (flat: 55) (integer) is not ready.
 122000: system.cpu.rename: [tid:0] Looking up integer arch reg 17, got phys reg 61 (integer)
 122000: system.cpu.rename: [tid:0] Register 61 (flat: 61) (integer) is not ready.
 122000: system.cpu.rename: [tid:0] Looking up miscellaneous arch reg 155, got phys reg 155 (miscellaneous)
 122000: system.cpu.rename: [tid:0] Register 155 (flat: 0) (miscellaneous) is ready.
 122000: global: [sn:320] has 2 ready out of 4 sources. RTI 0)
 122000: global: Renamed reg t1 to physical reg 62 (62) old mapping was 61 (61)
 122000: system.cpu.rename: [tid:0] Renaming arch reg 17 (integer) to physical reg 62 (62).
 122000: system.cpu.rename: [tid:0] [sn:320] Adding instruction to history buffer (size=23).
 122000: system.cpu.rename: Activity this cycle.
 122000: system.cpu.iew: Issue: Processing [tid:0]
 122000: system.cpu.iew: [tid:0] Not blocked, so attempting to run dispatch.
 122000: system.cpu.iq: Attempting to schedule ready instructions from the IQ.
 122000: system.cpu.iq: Not able to schedule any instructions.
 122000: system.cpu.iew.lsq: [tid:0] Writing back stores. 4 stores available for Writeback.
 122000: system.cpu.iew: Processing [tid:0]
 122000: system.cpu.iew: [tid:0], Dispatch dispatched 0 instructions.
 122000: system.cpu.iew.lsq.thread0: SQ size: 114, #stores occupied: 4
 122000: system.cpu.iew.lsq.thread0: LQ size: 192, #loads occupied: 0
 122000: system.cpu.iew: IQ has 204 free entries (Can schedule: 0).  LQ has 192 free entries. SQ has 110 free entries.
 122000: system.cpu.commit: Getting instructions from Rename stage.
 122000: system.cpu.commit: [tid:0] [sn:210] Inserting PC (0x40103e=>0x401045).(0=>1) into ROB.
 122000: system.cpu.rob: Adding inst PC (0x40103e=>0x401045).(0=>1) to the ROB.
 122000: system.cpu.rob: [tid:0] Now has 1 instructions.
 122000: system.cpu.commit: [tid:0] [sn:220] Inserting PC (0x401045=>0x401047).(0=>1) into ROB.
 122000: system.cpu.rob: Adding inst PC (0x401045=>0x401047).(0=>1) to the ROB.
 122000: system.cpu.rob: [tid:0] Now has 2 instructions.
 122000: system.cpu.commit: [tid:0] [sn:230] Inserting PC (0x401047=>0x401049).(0=>1) into ROB.
 122000: system.cpu.rob: Adding inst PC (0x401047=>0x401049).(0=>1) to the ROB.
 122000: system.cpu.rob: [tid:0] Now has 3 instructions.
 122000: system.cpu.commit: [tid:0] [sn:240] Inserting PC (0x401047=>0x401049).(1=>2) into ROB.
 122000: system.cpu.rob: Adding inst PC (0x401047=>0x401049).(1=>2) to the ROB.
 122000: system.cpu.rob: [tid:0] Now has 4 instructions.
 122000: system.cpu.commit: [tid:0] [sn:250] Inserting PC (0x401047=>0x401049).(2=>3) into ROB.
 122000: system.cpu.rob: Adding inst PC (0x401047=>0x401049).(2=>3) to the ROB.
 122000: system.cpu.rob: [tid:0] Now has 5 instructions.
 122000: system.cpu.commit: [tid:0] [sn:260] Inserting PC (0x401049=>0x40104b).(0=>1) into ROB.
 122000: system.cpu.rob: Adding inst PC (0x401049=>0x40104b).(0=>1) to the ROB.
 122000: system.cpu.rob: [tid:0] Now has 6 instructions.
 122000: system.cpu.commit: Trying to commit instructions in the ROB.
 122000: system.cpu.commit: [tid:0] Can't commit, Instruction [sn:210] PC (0x40103e=>0x401045).(0=>1) is head of ROB and not ready
 122000: system.cpu.commit: [tid:0] ROB has 6 insts & 506 free entries.
 122000: system.cpu.commit: Activity This Cycle.
 122000: system.cpu: Scheduling next tick!
 123000: system.cpu: 

O3CPU: Ticking main, O3CPU.
 123000: system.cpu.fetch: Running stage.
 123000: system.cpu.fetch: Attempting to fetch from [tid:0]
 123000: system.cpu.fetch: [tid:0] Adding instructions to queue to decode.
 123000: global: DynInst: [sn:450] Instruction created. Instcount for system.cpu = 29
 123000: system.cpu.fetch: [tid:0] Instruction PC (0x401055=>0x401057).(1=>2) created [sn:450].
 123000: system.cpu.fetch: [tid:0] Instruction is:   ADD_M_R : add   t1b, t1b, al
 123000: system.cpu.fetch: [tid:0] Fetch queue entry created (1/128).
 123000: global: DynInst: [sn:460] Instruction created. Instcount for system.cpu = 30
 123000: system.cpu.fetch: [tid:0] Instruction PC (0x401055=>0x401057).(2=>3) created [sn:460].
 123000: system.cpu.fetch: [tid:0] Instruction is:   ADD_M_R : st   t1b, DS:[rax]
 123000: system.cpu.fetch: [tid:0] Fetch queue entry created (2/128).
 123000: system.cpu.decoder: Decode: Decoded add instruction: 
{
	leg = 0,
	rex = 0,
	vex/xop = 0,
	op = {
		type = one byte,
		op = 0,
		},
	modRM = 0,
	sib = 0,
	immediate = 0,
	displacement = 0
	dispSize = 0}

 123000: global: DynInst: [sn:470] Instruction created. Instcount for system.cpu = 31
 123000: system.cpu.fetch: [tid:0] Instruction PC (0x401057=>0x401059).(0=>1) created [sn:470].
 123000: system.cpu.fetch: [tid:0] Instruction is:   ADD_M_R : ldst   t1b, DS:[rax]
 123000: system.cpu.fetch: [tid:0] Fetch queue entry created (3/128).
 123000: global: DynInst: [sn:480] Instruction created. Instcount for system.cpu = 32
 123000: system.cpu.fetch: [tid:0] Instruction PC (0x401057=>0x401059).(1=>2) created [sn:480].
 123000: system.cpu.fetch: [tid:0] Instruction is:   ADD_M_R : add   t1b, t1b, al
 123000: system.cpu.fetch: [tid:0] Fetch queue entry created (4/128).
 123000: global: DynInst: [sn:490] Instruction created. Instcount for system.cpu = 33
 123000: system.cpu.fetch: [tid:0] Instruction PC (0x401057=>0x401059).(2=>3) created [sn:490].
 123000: system.cpu.fetch: [tid:0] Instruction is:   ADD_M_R : st   t1b, DS:[rax]
 123000: system.cpu.fetch: [tid:0] Fetch queue entry created (5/128).
 123000: system.cpu.decoder: Decode: Decoded add instruction: 
{
	leg = 0,
	rex = 0,
	vex/xop = 0,
	op = {
		type = one byte,
		op = 0,
		},
	modRM = 0,
	sib = 0,
	immediate = 0,
	displacement = 0
	dispSize = 0}

 123000: global: DynInst: [sn:500] Instruction created. Instcount for system.cpu = 34
 123000: system.cpu.fetch: [tid:0] Instruction PC (0x401059=>0x40105b).(0=>1) created [sn:500].
 123000: system.cpu.fetch: [tid:0] Instruction is:   ADD_M_R : ldst   t1b, DS:[rax]
 123000: system.cpu.fetch: [tid:0] Fetch queue entry created (6/128).
 123000: system.cpu.fetch: [tid:0] Done fetching, reached fetch bandwidth for this cycle.
 123000: system.cpu.fetch: [tid:0] [sn:450] Sending instruction to decode from fetch queue. Fetch queue size: 6.
 123000: system.cpu.fetch: [tid:0] [sn:460] Sending instruction to decode from fetch queue. Fetch queue size: 5.
 123000: system.cpu.fetch: [tid:0] [sn:470] Sending instruction to decode from fetch queue. Fetch queue size: 4.
 123000: system.cpu.fetch: [tid:0] [sn:480] Sending instruction to decode from fetch queue. Fetch queue size: 3.
 123000: system.cpu.fetch: [tid:0] [sn:490] Sending instruction to decode from fetch queue. Fetch queue size: 2.
 123000: system.cpu.fetch: [tid:0] [sn:500] Sending instruction to decode from fetch queue. Fetch queue size: 1.
 123000: system.cpu.fetch: Activity this cycle.
 123000: system.cpu: Activity: 7
 123000: system.cpu.decode: Processing [tid:0]
 123000: system.cpu.decode: [tid:0] Bypass moves from Rename: 0
 123000: system.cpu.decode: [tid:0] Not blocked, so attempting to run stage.
 123000: system.cpu.decode: [tid:0] Sending instruction to rename.
 123000: system.cpu.decode: [tid:0] Processing instruction [sn:390] with PC (0x401051=>0x401053).(1=>2)
 123000: system.cpu.decode: [tid:0] Processing instruction [sn:400] with PC (0x401051=>0x401053).(2=>3)
 123000: system.cpu.decode: [tid:0] Processing instruction [sn:410] with PC (0x401053=>0x401055).(0=>1)
 123000: system.cpu.decode: [tid:0] Processing instruction [sn:420] with PC (0x401053=>0x401055).(1=>2)
 123000: system.cpu.decode: [tid:0] Processing instruction [sn:430] with PC (0x401053=>0x401055).(2=>3)
 123000: system.cpu.decode: [tid:0] Processing instruction [sn:440] with PC (0x401055=>0x401057).(0=>1)
 123000: system.cpu.decode: Activity this cycle.
 123000: system.cpu.rename: Processing [tid:0]
 123000: system.cpu.rename: [tid:0] Free IQ: 204, Free ROB: 506, Free LQ: 192, Free SQ: 110, FreeRM 63(465 464 511 1022 63 8 2549)
 123000: system.cpu.rename: [tid:0] 12 instructions not yet in ROB
 123000: system.cpu.rename: calcFreeLQEntries: free lqEntries: 192, loadsInProgress: 4, loads dispatchedToLQ: 0
 123000: system.cpu.rename: [tid:0] Not blocked, so attempting to run stage.
 123000: system.cpu.rename: [tid:0] 6 available instructions to send iew.
 123000: system.cpu.rename: [tid:0] 12 insts pipelining from Rename | 0 insts dispatched to IQ last cycle.
 123000: system.cpu.rename: [tid:0] Sending instructions to IEW.
 123000: system.cpu.rename: [tid:0] Processing instruction [sn:330] with PC (0x40104d=>0x40104f).(1=>2).
 123000: system.cpu.rename: [tid:0] Looking up integer arch reg 17, got phys reg 62 (integer)
 123000: system.cpu.rename: [tid:0] Register 62 (flat: 62) (integer) is not ready.
 123000: system.cpu.rename: [tid:0] Looking up integer arch reg 0, got phys reg 55 (integer)
 123000: system.cpu.rename: [tid:0] Register 55 (flat: 55) (integer) is not ready.
 123000: system.cpu.rename: [tid:0] Looking up integer arch reg 17, got phys reg 62 (integer)
 123000: system.cpu.rename: [tid:0] Register 62 (flat: 62) (integer) is not ready.
 123000: system.cpu.rename: [tid:0] Looking up invalid arch reg 0, got phys reg 4294967295 (invalid)
 123000: system.cpu.rename: [tid:0] Register 4294967295 (flat: 4294967295) (invalid) is ready.
 123000: global: [sn:330] has 1 ready out of 8 sources. RTI 0)
 123000: system.cpu.rename: [tid:0] Looking up invalid arch reg 0, got phys reg 4294967295 (invalid)
 123000: system.cpu.rename: [tid:0] Register 4294967295 (flat: 4294967295) (invalid) is ready.
 123000: global: [sn:330] has 2 ready out of 8 sources. RTI 0)
 123000: system.cpu.rename: [tid:0] Looking up invalid arch reg 0, got phys reg 4294967295 (invalid)
 123000: system.cpu.rename: [tid:0] Register 4294967295 (flat: 4294967295) (invalid) is ready.
 123000: global: [sn:330] has 3 ready out of 8 sources. RTI 0)
 123000: system.cpu.rename: [tid:0] Looking up invalid arch reg 0, got phys reg 4294967295 (invalid)
 123000: system.cpu.rename: [tid:0] Register 4294967295 (flat: 4294967295) (invalid) is ready.
 123000: global: [sn:330] has 4 ready out of 8 sources. RTI 0)
 123000: system.cpu.rename: [tid:0] Looking up invalid arch reg 0, got phys reg 4294967295 (invalid)
 123000: system.cpu.rename: [tid:0] Register 4294967295 (flat: 4294967295) (invalid) is ready.
 123000: global: [sn:330] has 5 ready out of 8 sources. RTI 0)
 123000: global: Renamed reg t1 to physical reg 63 (63) old mapping was 62 (62)
 123000: system.cpu.rename: [tid:0] Renaming arch reg 17 (integer) to physical reg 63 (63).
 123000: system.cpu.rename: [tid:0] [sn:330] Adding instruction to history buffer (size=24).
 123000: global: Renamed reg condition_code[0] to physical reg 2653 (2653) old mapping was 2651 (2651)
 123000: system.cpu.rename: [tid:0] Renaming arch reg 0 (condition_code) to physical reg 21 (2653).
 123000: system.cpu.rename: [tid:0] [sn:330] Adding instruction to history buffer (size=25).
 123000: global: Renamed reg condition_code[1] to physical reg 2654 (2654) old mapping was 2652 (2652)
 123000: system.cpu.rename: [tid:0] Renaming arch reg 1 (condition_code) to physical reg 22 (2654).
 123000: system.cpu.rename: [tid:0] [sn:330] Adding instruction to history buffer (size=26).
 123000: system.cpu.rename: [tid:0] Renaming arch reg 0 (invalid) to physical reg 4294967295 (4294967295).
 123000: system.cpu.rename: [tid:0] [sn:330] Adding instruction to history buffer (size=27).
 123000: system.cpu.rename: [tid:0] Renaming arch reg 0 (invalid) to physical reg 4294967295 (4294967295).
 123000: system.cpu.rename: [tid:0] [sn:330] Adding instruction to history buffer (size=28).
 123000: system.cpu.rename: [tid:0] Renaming arch reg 0 (invalid) to physical reg 4294967295 (4294967295).
 123000: system.cpu.rename: [tid:0] [sn:330] Adding instruction to history buffer (size=29).
 123000: system.cpu.rename: calcFreeSQEntries: free sqEntries: 110, storesInProgress: 3, stores dispatchedToSQ: 0
 123000: system.cpu.rename: [tid:0] Processing instruction [sn:340] with PC (0x40104d=>0x40104f).(2=>3).
 123000: system.cpu.rename: [tid:0] Looking up invalid arch reg 0, got phys reg 4294967295 (invalid)
 123000: system.cpu.rename: [tid:0] Register 4294967295 (flat: 4294967295) (invalid) is ready.
 123000: global: [sn:340] has 1 ready out of 4 sources. RTI 0)
 123000: system.cpu.rename: [tid:0] Looking up integer arch reg 0, got phys reg 55 (integer)
 123000: system.cpu.rename: [tid:0] Register 55 (flat: 55) (integer) is not ready.
 123000: system.cpu.rename: [tid:0] Looking up integer arch reg 17, got phys reg 63 (integer)
 123000: system.cpu.rename: [tid:0] Register 63 (flat: 63) (integer) is not ready.
 123000: system.cpu.rename: [tid:0] Looking up miscellaneous arch reg 155, got phys reg 155 (miscellaneous)
 123000: system.cpu.rename: [tid:0] Register 155 (flat: 0) (miscellaneous) is ready.
 123000: global: [sn:340] has 2 ready out of 4 sources. RTI 0)
 123000: system.cpu.rename: calcFreeLQEntries: free lqEntries: 192, loadsInProgress: 4, loads dispatchedToLQ: 0
 123000: system.cpu.rename: [tid:0] Processing instruction [sn:350] with PC (0x40104f=>0x401051).(0=>1).
 123000: system.cpu.rename: [tid:0] Mascot prediction for load [sn:350] type: 0; distance1: 0; distance2: 0
 123000: system.cpu.rename: [tid:0] Looking up invalid arch reg 0, got phys reg 4294967295 (invalid)
 123000: system.cpu.rename: [tid:0] Register 4294967295 (flat: 4294967295) (invalid) is ready.
 123000: global: [sn:350] has 1 ready out of 4 sources. RTI 0)
 123000: system.cpu.rename: [tid:0] Looking up integer arch reg 0, got phys reg 55 (integer)
 123000: system.cpu.rename: [tid:0] Register 55 (flat: 55) (integer) is not ready.
 123000: system.cpu.rename: [tid:0] Looking up integer arch reg 17, got phys reg 63 (integer)
 123000: system.cpu.rename: [tid:0] Register 63 (flat: 63) (integer) is not ready.
 123000: system.cpu.rename: [tid:0] Looking up miscellaneous arch reg 155, got phys reg 155 (miscellaneous)
 123000: system.cpu.rename: [tid:0] Register 155 (flat: 0) (miscellaneous) is ready.
 123000: global: [sn:350] has 2 ready out of 4 sources. RTI 0)
 123000: global: Renamed reg t1 to physical reg 64 (64) old mapping was 63 (63)
 123000: system.cpu.rename: [tid:0] Renaming arch reg 17 (integer) to physical reg 64 (64).
 123000: system.cpu.rename: [tid:0] [sn:350] Adding instruction to history buffer (size=30).
 123000: system.cpu.rename: [tid:0] Processing instruction [sn:360] with PC (0x40104f=>0x401051).(1=>2).
 123000: system.cpu.rename: [tid:0] Looking up integer arch reg 17, got phys reg 64 (integer)
 123000: system.cpu.rename: [tid:0] Register 64 (flat: 64) (integer) is not ready.
 123000: system.cpu.rename: [tid:0] Looking up integer arch reg 0, got phys reg 55 (integer)
 123000: system.cpu.rename: [tid:0] Register 55 (flat: 55) (integer) is not ready.
 123000: system.cpu.rename: [tid:0] Looking up integer arch reg 17, got phys reg 64 (integer)
 123000: system.cpu.rename: [tid:0] Register 64 (flat: 64) (integer) is not ready.
 123000: system.cpu.rename: [tid:0] Looking up invalid arch reg 0, got phys reg 4294967295 (invalid)
 123000: system.cpu.rename: [tid:0] Register 4294967295 (flat: 4294967295) (invalid) is ready.
 123000: global: [sn:360] has 1 ready out of 8 sources. RTI 0)
 123000: system.cpu.rename: [tid:0] Looking up invalid arch reg 0, got phys reg 4294967295 (invalid)
 123000: system.cpu.rename: [tid:0] Register 4294967295 (flat: 4294967295) (invalid) is ready.
 123000: global: [sn:360] has 2 ready out of 8 sources. RTI 0)
 123000: system.cpu.rename: [tid:0] Looking up invalid arch reg 0, got phys reg 4294967295 (invalid)
 123000: system.cpu.rename: [tid:0] Register 4294967295 (flat: 4294967295) (invalid) is ready.
 123000: global: [sn:360] has 3 ready out of 8 sources. RTI 0)
 123000: system.cpu.rename: [tid:0] Looking up invalid arch reg 0, got phys reg 4294967295 (invalid)
 123000: system.cpu.rename: [tid:0] Register 4294967295 (flat: 4294967295) (invalid) is ready.
 123000: global: [sn:360] has 4 ready out of 8 sources. RTI 0)
 123000: system.cpu.rename: [tid:0] Looking up invalid arch reg 0, got phys reg 4294967295 (invalid)
 123000: system.cpu.rename: [tid:0] Register 4294967295 (flat: 4294967295) (invalid) is ready.
 123000: global: [sn:360] has 5 ready out of 8 sources. RTI 0)
 123000: global: Renamed reg t1 to physical reg 65 (65) old mapping was 64 (64)
 123000: system.cpu.rename: [tid:0] Renaming arch reg 17 (integer) to physical reg 65 (65).
 123000: system.cpu.rename: [tid:0] [sn:360] Adding instruction to history buffer (size=31).
 123000: global: Renamed reg condition_code[0] to physical reg 2655 (2655) old mapping was 2653 (2653)
 123000: system.cpu.rename: [tid:0] Renaming arch reg 0 (condition_code) to physical reg 23 (2655).
 123000: system.cpu.rename: [tid:0] [sn:360] Adding instruction to history buffer (size=32).
 123000: global: Renamed reg condition_code[1] to physical reg 2656 (2656) old mapping was 2654 (2654)
 123000: system.cpu.rename: [tid:0] Renaming arch reg 1 (condition_code) to physical reg 24 (2656).
 123000: system.cpu.rename: [tid:0] [sn:360] Adding instruction to history buffer (size=33).
 123000: system.cpu.rename: [tid:0] Renaming arch reg 0 (invalid) to physical reg 4294967295 (4294967295).
 123000: system.cpu.rename: [tid:0] [sn:360] Adding instruction to history buffer (size=34).
 123000: system.cpu.rename: [tid:0] Renaming arch reg 0 (invalid) to physical reg 4294967295 (4294967295).
 123000: system.cpu.rename: [tid:0] [sn:360] Adding instruction to history buffer (size=35).
 123000: system.cpu.rename: [tid:0] Renaming arch reg 0 (invalid) to physical reg 4294967295 (4294967295).
 123000: system.cpu.rename: [tid:0] [sn:360] Adding instruction to history buffer (size=36).
 123000: system.cpu.rename: calcFreeSQEntries: free sqEntries: 110, storesInProgress: 4, stores dispatchedToSQ: 0
 123000: system.cpu.rename: [tid:0] Processing instruction [sn:370] with PC (0x40104f=>0x401051).(2=>3).
 123000: system.cpu.rename: [tid:0] Looking up invalid arch reg 0, got phys reg 4294967295 (invalid)
 123000: system.cpu.rename: [tid:0] Register 4294967295 (flat: 4294967295) (invalid) is ready.
 123000: global: [sn:370] has 1 ready out of 4 sources. RTI 0)
 123000: system.cpu.rename: [tid:0] Looking up integer arch reg 0, got phys reg 55 (integer)
 123000: system.cpu.rename: [tid:0] Register 55 (flat: 55) (integer) is not ready.
 123000: system.cpu.rename: [tid:0] Looking up integer arch reg 17, got phys reg 65 (integer)
 123000: system.cpu.rename: [tid:0] Register 65 (flat: 65) (integer) is not ready.
 123000: system.cpu.rename: [tid:0] Looking up miscellaneous arch reg 155, got phys reg 155 (miscellaneous)
 123000: system.cpu.rename: [tid:0] Register 155 (flat: 0) (miscellaneous) is ready.
 123000: global: [sn:370] has 2 ready out of 4 sources. RTI 0)
 123000: system.cpu.rename: calcFreeLQEntries: free lqEntries: 192, loadsInProgress: 5, loads dispatchedToLQ: 0
 123000: system.cpu.rename: [tid:0] Processing instruction [sn:380] with PC (0x401051=>0x401053).(0=>1).
 123000: system.cpu.rename: [tid:0] Mascot prediction for load [sn:380] type: 0; distance1: 0; distance2: 0
 123000: system.cpu.rename: [tid:0] Looking up invalid arch reg 0, got phys reg 4294967295 (invalid)
 123000: system.cpu.rename: [tid:0] Register 4294967295 (flat: 4294967295) (invalid) is ready.
 123000: global: [sn:380] has 1 ready out of 4 sources. RTI 0)
 123000: system.cpu.rename: [tid:0] Looking up integer arch reg 0, got phys reg 55 (integer)
 123000: system.cpu.rename: [tid:0] Register 55 (flat: 55) (integer) is not ready.
 123000: system.cpu.rename: [tid:0] Looking up integer arch reg 17, got phys reg 65 (integer)
 123000: system.cpu.rename: [tid:0] Register 65 (flat: 65) (integer) is not ready.
 123000: system.cpu.rename: [tid:0] Looking up miscellaneous arch reg 155, got phys reg 155 (miscellaneous)
 123000: system.cpu.rename: [tid:0] Register 155 (flat: 0) (miscellaneous) is ready.
 123000: global: [sn:380] has 2 ready out of 4 sources. RTI 0)
 123000: global: Renamed reg t1 to physical reg 66 (66) old mapping was 65 (65)
 123000: system.cpu.rename: [tid:0] Renaming arch reg 17 (integer) to physical reg 66 (66).
 123000: system.cpu.rename: [tid:0] [sn:380] Adding instruction to history buffer (size=37).
 123000: system.cpu.rename: Activity this cycle.
 123000: system.cpu.iew: Issue: Processing [tid:0]
 123000: system.cpu.iew: [tid:0] Not blocked, so attempting to run dispatch.
 123000: system.cpu.iew: [tid:0] Issue: Adding PC (0x40103e=>0x401045).(0=>1) [sn:210] [tid:0] to IQ.
 123000: system.cpu.iq: Adding instruction [sn:210] PC (0x40103e=>0x401045).(0=>1) to the IQ.
 123000: system.cpu.iq: Instruction is ready to issue, putting it onto the ready list, PC (0x40103e=>0x401045).(0=>1) opclass:1 [sn:210].
 123000: system.cpu.iew: [tid:0] Issue: Adding PC (0x401045=>0x401047).(0=>1) [sn:220] [tid:0] to IQ.
 123000: system.cpu.iq: Adding instruction [sn:220] PC (0x401045=>0x401047).(0=>1) to the IQ.
 123000: system.cpu.iq: Instruction is ready to issue, putting it onto the ready list, PC (0x401045=>0x401047).(0=>1) opclass:1 [sn:220].
 123000: system.cpu.iew: [tid:0] Issue: Adding PC (0x401047=>0x401049).(0=>1) [sn:230] [tid:0] to IQ.
 123000: system.cpu.iew: [tid:0] Issue: Memory instruction encountered, adding to LSQ.
 123000: system.cpu.iew.lsq.thread0: Inserting load PC (0x401047=>0x401049).(0=>1), idx:4 [sn:230]
 123000: system.cpu.iq: Adding instruction [sn:230] PC (0x401047=>0x401049).(0=>1) to the IQ.
 123000: system.cpu.iq: Instruction PC (0x401047=>0x401049).(0=>1) has src reg 55 (integer) that is being added to the dependency chain.
 123000: memdepentry: Memory dependency entry created. memdep_count=1 (0x401047=>0x401049).(0=>1)
 123000: system.cpu.memDep0: No dependency for inst PC (0x401047=>0x401049).(0=>1) [sn:230].
 123000: system.cpu.iew: [tid:0] Issue: Adding PC (0x401047=>0x401049).(1=>2) [sn:240] [tid:0] to IQ.
 123000: system.cpu.iq: Adding instruction [sn:240] PC (0x401047=>0x401049).(1=>2) to the IQ.
 123000: system.cpu.iq: Instruction PC (0x401047=>0x401049).(1=>2) has src reg 56 (integer) that is being added to the dependency chain.
 123000: system.cpu.iq: Instruction PC (0x401047=>0x401049).(1=>2) has src reg 55 (integer) that is being added to the dependency chain.
 123000: system.cpu.iq: Instruction PC (0x401047=>0x401049).(1=>2) has src reg 56 (integer) that is being added to the dependency chain.
 123000: system.cpu.iew: [tid:0] Issue: Adding PC (0x401047=>0x401049).(2=>3) [sn:250] [tid:0] to IQ.
 123000: system.cpu.iew: [tid:0] Issue: Memory instruction encountered, adding to LSQ.
 123000: system.cpu.iew.lsq.thread0: Inserting store PC (0x401047=>0x401049).(2=>3), idx:4 [sn:250]
 123000: system.cpu.iq: Adding instruction [sn:250] PC (0x401047=>0x401049).(2=>3) to the IQ.
 123000: system.cpu.iq: Instruction PC (0x401047=>0x401049).(2=>3) has src reg 55 (integer) that is being added to the dependency chain.
 123000: system.cpu.iq: Instruction PC (0x401047=>0x401049).(2=>3) has src reg 57 (integer) that is being added to the dependency chain.
 123000: memdepentry: Memory dependency entry created. memdep_count=2 (0x401047=>0x401049).(2=>3)
 123000: system.cpu.memDep0: No dependency for inst PC (0x401047=>0x401049).(2=>3) [sn:250].
 123000: system.cpu.memDep0: Inserting store/atomic PC (0x401047=>0x401049).(2=>3) [sn:250].
 123000: system.cpu.iew: [tid:0] Issue: Adding PC (0x401049=>0x40104b).(0=>1) [sn:260] [tid:0] to IQ.
 123000: system.cpu.iew: [tid:0] Issue: Memory instruction encountered, adding to LSQ.
 123000: system.cpu.iew.lsq.thread0: Inserting load PC (0x401049=>0x40104b).(0=>1), idx:5 [sn:260]
 123000: system.cpu.iq: Adding instruction [sn:260] PC (0x401049=>0x40104b).(0=>1) to the IQ.
 123000: system.cpu.iq: Instruction PC (0x401049=>0x40104b).(0=>1) has src reg 55 (integer) that is being added to the dependency chain.
 123000: system.cpu.iq: Instruction PC (0x401049=>0x40104b).(0=>1) has src reg 57 (integer) that is being added to the dependency chain.
 123000: memdepentry: Memory dependency entry created. memdep_count=3 (0x401049=>0x40104b).(0=>1)
 123000: system.cpu.memDep0: No dependency for inst PC (0x401049=>0x40104b).(0=>1) [sn:260].
 123000: system.cpu.iq: Attempting to schedule ready instructions from the IQ.
 123000: system.cpu.iq: Thread 0: Issuing instruction PC (0x40103e=>0x401045).(0=>1) [sn:210]
 123000: system.cpu.iq: Thread 0: Issuing instruction PC (0x401045=>0x401047).(0=>1) [sn:220]
 123000: system.cpu.iew.lsq: [tid:0] Writing back stores. 4 stores available for Writeback.
 123000: system.cpu.iew: Processing [tid:0]
 123000: system.cpu.iew: [tid:0], Dispatch dispatched 6 instructions.
 123000: system.cpu.iew.lsq.thread0: SQ size: 114, #stores occupied: 5
 123000: system.cpu.iew.lsq.thread0: LQ size: 192, #loads occupied: 2
 123000: system.cpu.iew: IQ has 200 free entries (Can schedule: 0).  LQ has 190 free entries. SQ has 109 free entries.
 123000: system.cpu.commit: Getting instructions from Rename stage.
 123000: system.cpu.commit: [tid:0] [sn:270] Inserting PC (0x401049=>0x40104b).(1=>2) into ROB.
 123000: system.cpu.rob: Adding inst PC (0x401049=>0x40104b).(1=>2) to the ROB.
 123000: system.cpu.rob: [tid:0] Now has 7 instructions.
 123000: system.cpu.commit: [tid:0] [sn:280] Inserting PC (0x401049=>0x40104b).(2=>3) into ROB.
 123000: system.cpu.rob: Adding inst PC (0x401049=>0x40104b).(2=>3) to the ROB.
 123000: system.cpu.rob: [tid:0] Now has 8 instructions.
 123000: system.cpu.commit: [tid:0] [sn:290] Inserting PC (0x40104b=>0x40104d).(0=>1) into ROB.
 123000: system.cpu.rob: Adding inst PC (0x40104b=>0x40104d).(0=>1) to the ROB.
 123000: system.cpu.rob: [tid:0] Now has 9 instructions.
 123000: system.cpu.commit: [tid:0] [sn:300] Inserting PC (0x40104b=>0x40104d).(1=>2) into ROB.
 123000: system.cpu.rob: Adding inst PC (0x40104b=>0x40104d).(1=>2) to the ROB.
 123000: system.cpu.rob: [tid:0] Now has 10 instructions.
 123000: system.cpu.commit: [tid:0] [sn:310] Inserting PC (0x40104b=>0x40104d).(2=>3) into ROB.
 123000: system.cpu.rob: Adding inst PC (0x40104b=>0x40104d).(2=>3) to the ROB.
 123000: system.cpu.rob: [tid:0] Now has 11 instructions.
 123000: system.cpu.commit: [tid:0] [sn:320] Inserting PC (0x40104d=>0x40104f).(0=>1) into ROB.
 123000: system.cpu.rob: Adding inst PC (0x40104d=>0x40104f).(0=>1) to the ROB.
 123000: system.cpu.rob: [tid:0] Now has 12 instructions.
 123000: system.cpu.commit: Trying to commit instructions in the ROB.
 123000: system.cpu.commit: [tid:0] Can't commit, Instruction [sn:210] PC (0x40103e=>0x401045).(0=>1) is head of ROB and not ready
 123000: system.cpu.commit: [tid:0] ROB has 12 insts & 500 free entries.
 123000: system.cpu.commit: Activity This Cycle.
 123000: system.cpu: Scheduling next tick!
 124000: system.cpu: 

O3CPU: Ticking main, O3CPU.
 124000: system.cpu.fetch: Running stage.
 124000: system.cpu.fetch: Attempting to fetch from [tid:0]
 124000: system.cpu.fetch: [tid:0] Adding instructions to queue to decode.
 124000: global: DynInst: [sn:510] Instruction created. Instcount for system.cpu = 35
 124000: system.cpu.fetch: [tid:0] Instruction PC (0x401059=>0x40105b).(1=>2) created [sn:510].
 124000: system.cpu.fetch: [tid:0] Instruction is:   ADD_M_R : add   t1b, t1b, al
 124000: system.cpu.fetch: [tid:0] Fetch queue entry created (1/128).
 124000: global: DynInst: [sn:520] Instruction created. Instcount for system.cpu = 36
 124000: system.cpu.fetch: [tid:0] Instruction PC (0x401059=>0x40105b).(2=>3) created [sn:520].
 124000: system.cpu.fetch: [tid:0] Instruction is:   ADD_M_R : st   t1b, DS:[rax]
 124000: system.cpu.fetch: [tid:0] Fetch queue entry created (2/128).
 124000: system.cpu.decoder: Decode: Decoded add instruction: 
{
	leg = 0,
	rex = 0,
	vex/xop = 0,
	op = {
		type = one byte,
		op = 0,
		},
	modRM = 0,
	sib = 0,
	immediate = 0,
	displacement = 0
	dispSize = 0}

 124000: global: DynInst: [sn:530] Instruction created. Instcount for system.cpu = 37
 124000: system.cpu.fetch: [tid:0] Instruction PC (0x40105b=>0x40105d).(0=>1) created [sn:530].
 124000: system.cpu.fetch: [tid:0] Instruction is:   ADD_M_R : ldst   t1b, DS:[rax]
 124000: system.cpu.fetch: [tid:0] Fetch queue entry created (3/128).
 124000: global: DynInst: [sn:540] Instruction created. Instcount for system.cpu = 38
 124000: system.cpu.fetch: [tid:0] Instruction PC (0x40105b=>0x40105d).(1=>2) created [sn:540].
 124000: system.cpu.fetch: [tid:0] Instruction is:   ADD_M_R : add   t1b, t1b, al
 124000: system.cpu.fetch: [tid:0] Fetch queue entry created (4/128).
 124000: global: DynInst: [sn:550] Instruction created. Instcount for system.cpu = 39
 124000: system.cpu.fetch: [tid:0] Instruction PC (0x40105b=>0x40105d).(2=>3) created [sn:550].
 124000: system.cpu.fetch: [tid:0] Instruction is:   ADD_M_R : st   t1b, DS:[rax]
 124000: system.cpu.fetch: [tid:0] Fetch queue entry created (5/128).
 124000: system.cpu.decoder: Decode: Decoded add instruction: 
{
	leg = 0,
	rex = 0,
	vex/xop = 0,
	op = {
		type = one byte,
		op = 0,
		},
	modRM = 0,
	sib = 0,
	immediate = 0,
	displacement = 0
	dispSize = 0}

 124000: global: DynInst: [sn:560] Instruction created. Instcount for system.cpu = 40
 124000: system.cpu.fetch: [tid:0] Instruction PC (0x40105d=>0x40105f).(0=>1) created [sn:560].
 124000: system.cpu.fetch: [tid:0] Instruction is:   ADD_M_R : ldst   t1b, DS:[rax]
 124000: system.cpu.fetch: [tid:0] Fetch queue entry created (6/128).
 124000: system.cpu.fetch: [tid:0] Done fetching, reached fetch bandwidth for this cycle.
 124000: system.cpu.fetch: [tid:0] [sn:510] Sending instruction to decode from fetch queue. Fetch queue size: 6.
 124000: system.cpu.fetch: [tid:0] [sn:520] Sending instruction to decode from fetch queue. Fetch queue size: 5.
 124000: system.cpu.fetch: [tid:0] [sn:530] Sending instruction to decode from fetch queue. Fetch queue size: 4.
 124000: system.cpu.fetch: [tid:0] [sn:540] Sending instruction to decode from fetch queue. Fetch queue size: 3.
 124000: system.cpu.fetch: [tid:0] [sn:550] Sending instruction to decode from fetch queue. Fetch queue size: 2.
 124000: system.cpu.fetch: [tid:0] [sn:560] Sending instruction to decode from fetch queue. Fetch queue size: 1.
 124000: system.cpu.fetch: Activity this cycle.
 124000: system.cpu: Activity: 8
 124000: system.cpu.decode: Processing [tid:0]
 124000: system.cpu.decode: [tid:0] Bypass moves from Rename: 0
 124000: system.cpu.decode: [tid:0] Not blocked, so attempting to run stage.
 124000: system.cpu.decode: [tid:0] Sending instruction to rename.
 124000: system.cpu.decode: [tid:0] Processing instruction [sn:450] with PC (0x401055=>0x401057).(1=>2)
 124000: system.cpu.decode: [tid:0] Processing instruction [sn:460] with PC (0x401055=>0x401057).(2=>3)
 124000: system.cpu.decode: [tid:0] Processing instruction [sn:470] with PC (0x401057=>0x401059).(0=>1)
 124000: system.cpu.decode: [tid:0] Processing instruction [sn:480] with PC (0x401057=>0x401059).(1=>2)
 124000: system.cpu.decode: [tid:0] Processing instruction [sn:490] with PC (0x401057=>0x401059).(2=>3)
 124000: system.cpu.decode: [tid:0] Processing instruction [sn:500] with PC (0x401059=>0x40105b).(0=>1)
 124000: system.cpu.decode: Activity this cycle.
 124000: system.cpu.rename: Processing [tid:0]
 124000: system.cpu.rename: [tid:0] Free IQ: 204, Free ROB: 500, Free LQ: 192, Free SQ: 110, FreeRM 63(461 464 511 1022 63 8 2545)
 124000: system.cpu.rename: [tid:0] 18 instructions not yet in ROB
 124000: system.cpu.rename: calcFreeLQEntries: free lqEntries: 192, loadsInProgress: 6, loads dispatchedToLQ: 2
 124000: system.cpu.rename: [tid:0] Not blocked, so attempting to run stage.
 124000: system.cpu.rename: [tid:0] 6 available instructions to send iew.
 124000: system.cpu.rename: [tid:0] 18 insts pipelining from Rename | 6 insts dispatched to IQ last cycle.
 124000: system.cpu.rename: [tid:0] Sending instructions to IEW.
 124000: system.cpu.rename: [tid:0] Processing instruction [sn:390] with PC (0x401051=>0x401053).(1=>2).
 124000: system.cpu.rename: [tid:0] Looking up integer arch reg 17, got phys reg 66 (integer)
 124000: system.cpu.rename: [tid:0] Register 66 (flat: 66) (integer) is not ready.
 124000: system.cpu.rename: [tid:0] Looking up integer arch reg 0, got phys reg 55 (integer)
 124000: system.cpu.rename: [tid:0] Register 55 (flat: 55) (integer) is not ready.
 124000: system.cpu.rename: [tid:0] Looking up integer arch reg 17, got phys reg 66 (integer)
 124000: system.cpu.rename: [tid:0] Register 66 (flat: 66) (integer) is not ready.
 124000: system.cpu.rename: [tid:0] Looking up invalid arch reg 0, got phys reg 4294967295 (invalid)
 124000: system.cpu.rename: [tid:0] Register 4294967295 (flat: 4294967295) (invalid) is ready.
 124000: global: [sn:390] has 1 ready out of 8 sources. RTI 0)
 124000: system.cpu.rename: [tid:0] Looking up invalid arch reg 0, got phys reg 4294967295 (invalid)
 124000: system.cpu.rename: [tid:0] Register 4294967295 (flat: 4294967295) (invalid) is ready.
 124000: global: [sn:390] has 2 ready out of 8 sources. RTI 0)
 124000: system.cpu.rename: [tid:0] Looking up invalid arch reg 0, got phys reg 4294967295 (invalid)
 124000: system.cpu.rename: [tid:0] Register 4294967295 (flat: 4294967295) (invalid) is ready.
 124000: global: [sn:390] has 3 ready out of 8 sources. RTI 0)
 124000: system.cpu.rename: [tid:0] Looking up invalid arch reg 0, got phys reg 4294967295 (invalid)
 124000: system.cpu.rename: [tid:0] Register 4294967295 (flat: 4294967295) (invalid) is ready.
 124000: global: [sn:390] has 4 ready out of 8 sources. RTI 0)
 124000: system.cpu.rename: [tid:0] Looking up invalid arch reg 0, got phys reg 4294967295 (invalid)
 124000: system.cpu.rename: [tid:0] Register 4294967295 (flat: 4294967295) (invalid) is ready.
 124000: global: [sn:390] has 5 ready out of 8 sources. RTI 0)
 124000: global: Renamed reg t1 to physical reg 67 (67) old mapping was 66 (66)
 124000: system.cpu.rename: [tid:0] Renaming arch reg 17 (integer) to physical reg 67 (67).
 124000: system.cpu.rename: [tid:0] [sn:390] Adding instruction to history buffer (size=38).
 124000: global: Renamed reg condition_code[0] to physical reg 2657 (2657) old mapping was 2655 (2655)
 124000: system.cpu.rename: [tid:0] Renaming arch reg 0 (condition_code) to physical reg 25 (2657).
 124000: system.cpu.rename: [tid:0] [sn:390] Adding instruction to history buffer (size=39).
 124000: global: Renamed reg condition_code[1] to physical reg 2658 (2658) old mapping was 2656 (2656)
 124000: system.cpu.rename: [tid:0] Renaming arch reg 1 (condition_code) to physical reg 26 (2658).
 124000: system.cpu.rename: [tid:0] [sn:390] Adding instruction to history buffer (size=40).
 124000: system.cpu.rename: [tid:0] Renaming arch reg 0 (invalid) to physical reg 4294967295 (4294967295).
 124000: system.cpu.rename: [tid:0] [sn:390] Adding instruction to history buffer (size=41).
 124000: system.cpu.rename: [tid:0] Renaming arch reg 0 (invalid) to physical reg 4294967295 (4294967295).
 124000: system.cpu.rename: [tid:0] [sn:390] Adding instruction to history buffer (size=42).
 124000: system.cpu.rename: [tid:0] Renaming arch reg 0 (invalid) to physical reg 4294967295 (4294967295).
 124000: system.cpu.rename: [tid:0] [sn:390] Adding instruction to history buffer (size=43).
 124000: system.cpu.rename: calcFreeSQEntries: free sqEntries: 110, storesInProgress: 5, stores dispatchedToSQ: 1
 124000: system.cpu.rename: [tid:0] Processing instruction [sn:400] with PC (0x401051=>0x401053).(2=>3).
 124000: system.cpu.rename: [tid:0] Looking up invalid arch reg 0, got phys reg 4294967295 (invalid)
 124000: system.cpu.rename: [tid:0] Register 4294967295 (flat: 4294967295) (invalid) is ready.
 124000: global: [sn:400] has 1 ready out of 4 sources. RTI 0)
 124000: system.cpu.rename: [tid:0] Looking up integer arch reg 0, got phys reg 55 (integer)
 124000: system.cpu.rename: [tid:0] Register 55 (flat: 55) (integer) is not ready.
 124000: system.cpu.rename: [tid:0] Looking up integer arch reg 17, got phys reg 67 (integer)
 124000: system.cpu.rename: [tid:0] Register 67 (flat: 67) (integer) is not ready.
 124000: system.cpu.rename: [tid:0] Looking up miscellaneous arch reg 155, got phys reg 155 (miscellaneous)
 124000: system.cpu.rename: [tid:0] Register 155 (flat: 0) (miscellaneous) is ready.
 124000: global: [sn:400] has 2 ready out of 4 sources. RTI 0)
 124000: system.cpu.rename: calcFreeLQEntries: free lqEntries: 192, loadsInProgress: 6, loads dispatchedToLQ: 2
 124000: system.cpu.rename: [tid:0] Processing instruction [sn:410] with PC (0x401053=>0x401055).(0=>1).
 124000: system.cpu.rename: [tid:0] Mascot prediction for load [sn:410] type: 0; distance1: 0; distance2: 0
 124000: system.cpu.rename: [tid:0] Looking up invalid arch reg 0, got phys reg 4294967295 (invalid)
 124000: system.cpu.rename: [tid:0] Register 4294967295 (flat: 4294967295) (invalid) is ready.
 124000: global: [sn:410] has 1 ready out of 4 sources. RTI 0)
 124000: system.cpu.rename: [tid:0] Looking up integer arch reg 0, got phys reg 55 (integer)
 124000: system.cpu.rename: [tid:0] Register 55 (flat: 55) (integer) is not ready.
 124000: system.cpu.rename: [tid:0] Looking up integer arch reg 17, got phys reg 67 (integer)
 124000: system.cpu.rename: [tid:0] Register 67 (flat: 67) (integer) is not ready.
 124000: system.cpu.rename: [tid:0] Looking up miscellaneous arch reg 155, got phys reg 155 (miscellaneous)
 124000: system.cpu.rename: [tid:0] Register 155 (flat: 0) (miscellaneous) is ready.
 124000: global: [sn:410] has 2 ready out of 4 sources. RTI 0)
 124000: global: Renamed reg t1 to physical reg 68 (68) old mapping was 67 (67)
 124000: system.cpu.rename: [tid:0] Renaming arch reg 17 (integer) to physical reg 68 (68).
 124000: system.cpu.rename: [tid:0] [sn:410] Adding instruction to history buffer (size=44).
 124000: system.cpu.rename: [tid:0] Processing instruction [sn:420] with PC (0x401053=>0x401055).(1=>2).
 124000: system.cpu.rename: [tid:0] Looking up integer arch reg 17, got phys reg 68 (integer)
 124000: system.cpu.rename: [tid:0] Register 68 (flat: 68) (integer) is not ready.
 124000: system.cpu.rename: [tid:0] Looking up integer arch reg 0, got phys reg 55 (integer)
 124000: system.cpu.rename: [tid:0] Register 55 (flat: 55) (integer) is not ready.
 124000: system.cpu.rename: [tid:0] Looking up integer arch reg 17, got phys reg 68 (integer)
 124000: system.cpu.rename: [tid:0] Register 68 (flat: 68) (integer) is not ready.
 124000: system.cpu.rename: [tid:0] Looking up invalid arch reg 0, got phys reg 4294967295 (invalid)
 124000: system.cpu.rename: [tid:0] Register 4294967295 (flat: 4294967295) (invalid) is ready.
 124000: global: [sn:420] has 1 ready out of 8 sources. RTI 0)
 124000: system.cpu.rename: [tid:0] Looking up invalid arch reg 0, got phys reg 4294967295 (invalid)
 124000: system.cpu.rename: [tid:0] Register 4294967295 (flat: 4294967295) (invalid) is ready.
 124000: global: [sn:420] has 2 ready out of 8 sources. RTI 0)
 124000: system.cpu.rename: [tid:0] Looking up invalid arch reg 0, got phys reg 4294967295 (invalid)
 124000: system.cpu.rename: [tid:0] Register 4294967295 (flat: 4294967295) (invalid) is ready.
 124000: global: [sn:420] has 3 ready out of 8 sources. RTI 0)
 124000: system.cpu.rename: [tid:0] Looking up invalid arch reg 0, got phys reg 4294967295 (invalid)
 124000: system.cpu.rename: [tid:0] Register 4294967295 (flat: 4294967295) (invalid) is ready.
 124000: global: [sn:420] has 4 ready out of 8 sources. RTI 0)
 124000: system.cpu.rename: [tid:0] Looking up invalid arch reg 0, got phys reg 4294967295 (invalid)
 124000: system.cpu.rename: [tid:0] Register 4294967295 (flat: 4294967295) (invalid) is ready.
 124000: global: [sn:420] has 5 ready out of 8 sources. RTI 0)
 124000: global: Renamed reg t1 to physical reg 69 (69) old mapping was 68 (68)
 124000: system.cpu.rename: [tid:0] Renaming arch reg 17 (integer) to physical reg 69 (69).
 124000: system.cpu.rename: [tid:0] [sn:420] Adding instruction to history buffer (size=45).
 124000: global: Renamed reg condition_code[0] to physical reg 2659 (2659) old mapping was 2657 (2657)
 124000: system.cpu.rename: [tid:0] Renaming arch reg 0 (condition_code) to physical reg 27 (2659).
 124000: system.cpu.rename: [tid:0] [sn:420] Adding instruction to history buffer (size=46).
 124000: global: Renamed reg condition_code[1] to physical reg 2660 (2660) old mapping was 2658 (2658)
 124000: system.cpu.rename: [tid:0] Renaming arch reg 1 (condition_code) to physical reg 28 (2660).
 124000: system.cpu.rename: [tid:0] [sn:420] Adding instruction to history buffer (size=47).
 124000: system.cpu.rename: [tid:0] Renaming arch reg 0 (invalid) to physical reg 4294967295 (4294967295).
 124000: system.cpu.rename: [tid:0] [sn:420] Adding instruction to history buffer (size=48).
 124000: system.cpu.rename: [tid:0] Renaming arch reg 0 (invalid) to physical reg 4294967295 (4294967295).
 124000: system.cpu.rename: [tid:0] [sn:420] Adding instruction to history buffer (size=49).
 124000: system.cpu.rename: [tid:0] Renaming arch reg 0 (invalid) to physical reg 4294967295 (4294967295).
 124000: system.cpu.rename: [tid:0] [sn:420] Adding instruction to history buffer (size=50).
 124000: system.cpu.rename: calcFreeSQEntries: free sqEntries: 110, storesInProgress: 6, stores dispatchedToSQ: 1
 124000: system.cpu.rename: [tid:0] Processing instruction [sn:430] with PC (0x401053=>0x401055).(2=>3).
 124000: system.cpu.rename: [tid:0] Looking up invalid arch reg 0, got phys reg 4294967295 (invalid)
 124000: system.cpu.rename: [tid:0] Register 4294967295 (flat: 4294967295) (invalid) is ready.
 124000: global: [sn:430] has 1 ready out of 4 sources. RTI 0)
 124000: system.cpu.rename: [tid:0] Looking up integer arch reg 0, got phys reg 55 (integer)
 124000: system.cpu.rename: [tid:0] Register 55 (flat: 55) (integer) is not ready.
 124000: system.cpu.rename: [tid:0] Looking up integer arch reg 17, got phys reg 69 (integer)
 124000: system.cpu.rename: [tid:0] Register 69 (flat: 69) (integer) is not ready.
 124000: system.cpu.rename: [tid:0] Looking up miscellaneous arch reg 155, got phys reg 155 (miscellaneous)
 124000: system.cpu.rename: [tid:0] Register 155 (flat: 0) (miscellaneous) is ready.
 124000: global: [sn:430] has 2 ready out of 4 sources. RTI 0)
 124000: system.cpu.rename: calcFreeLQEntries: free lqEntries: 192, loadsInProgress: 7, loads dispatchedToLQ: 2
 124000: system.cpu.rename: [tid:0] Processing instruction [sn:440] with PC (0x401055=>0x401057).(0=>1).
 124000: system.cpu.rename: [tid:0] Mascot prediction for load [sn:440] type: 0; distance1: 0; distance2: 0
 124000: system.cpu.rename: [tid:0] Looking up invalid arch reg 0, got phys reg 4294967295 (invalid)
 124000: system.cpu.rename: [tid:0] Register 4294967295 (flat: 4294967295) (invalid) is ready.
 124000: global: [sn:440] has 1 ready out of 4 sources. RTI 0)
 124000: system.cpu.rename: [tid:0] Looking up integer arch reg 0, got phys reg 55 (integer)
 124000: system.cpu.rename: [tid:0] Register 55 (flat: 55) (integer) is not ready.
 124000: system.cpu.rename: [tid:0] Looking up integer arch reg 17, got phys reg 69 (integer)
 124000: system.cpu.rename: [tid:0] Register 69 (flat: 69) (integer) is not ready.
 124000: system.cpu.rename: [tid:0] Looking up miscellaneous arch reg 155, got phys reg 155 (miscellaneous)
 124000: system.cpu.rename: [tid:0] Register 155 (flat: 0) (miscellaneous) is ready.
 124000: global: [sn:440] has 2 ready out of 4 sources. RTI 0)
 124000: global: Renamed reg t1 to physical reg 70 (70) old mapping was 69 (69)
 124000: system.cpu.rename: [tid:0] Renaming arch reg 17 (integer) to physical reg 70 (70).
 124000: system.cpu.rename: [tid:0] [sn:440] Adding instruction to history buffer (size=51).
 124000: system.cpu.rename: Activity this cycle.
 124000: system.cpu.iew: Issue: Processing [tid:0]
 124000: system.cpu.iew: [tid:0] Not blocked, so attempting to run dispatch.
 124000: system.cpu.iew: [tid:0] Issue: Adding PC (0x401049=>0x40104b).(1=>2) [sn:270] [tid:0] to IQ.
 124000: system.cpu.iq: Adding instruction [sn:270] PC (0x401049=>0x40104b).(1=>2) to the IQ.
 124000: system.cpu.iq: Instruction PC (0x401049=>0x40104b).(1=>2) has src reg 58 (integer) that is being added to the dependency chain.
 124000: system.cpu.iq: Instruction PC (0x401049=>0x40104b).(1=>2) has src reg 55 (integer) that is being added to the dependency chain.
 124000: system.cpu.iq: Instruction PC (0x401049=>0x40104b).(1=>2) has src reg 58 (integer) that is being added to the dependency chain.
 124000: system.cpu.iew: [tid:0] Issue: Adding PC (0x401049=>0x40104b).(2=>3) [sn:280] [tid:0] to IQ.
 124000: system.cpu.iew: [tid:0] Issue: Memory instruction encountered, adding to LSQ.
 124000: system.cpu.iew.lsq.thread0: Inserting store PC (0x401049=>0x40104b).(2=>3), idx:5 [sn:280]
 124000: system.cpu.iq: Adding instruction [sn:280] PC (0x401049=>0x40104b).(2=>3) to the IQ.
 124000: system.cpu.iq: Instruction PC (0x401049=>0x40104b).(2=>3) has src reg 55 (integer) that is being added to the dependency chain.
 124000: system.cpu.iq: Instruction PC (0x401049=>0x40104b).(2=>3) has src reg 59 (integer) that is being added to the dependency chain.
 124000: memdepentry: Memory dependency entry created. memdep_count=4 (0x401049=>0x40104b).(2=>3)
 124000: system.cpu.memDep0: No dependency for inst PC (0x401049=>0x40104b).(2=>3) [sn:280].
 124000: system.cpu.memDep0: Inserting store/atomic PC (0x401049=>0x40104b).(2=>3) [sn:280].
 124000: system.cpu.iew: [tid:0] Issue: Adding PC (0x40104b=>0x40104d).(0=>1) [sn:290] [tid:0] to IQ.
 124000: system.cpu.iew: [tid:0] Issue: Memory instruction encountered, adding to LSQ.
 124000: system.cpu.iew.lsq.thread0: Inserting load PC (0x40104b=>0x40104d).(0=>1), idx:6 [sn:290]
 124000: system.cpu.iq: Adding instruction [sn:290] PC (0x40104b=>0x40104d).(0=>1) to the IQ.
 124000: system.cpu.iq: Instruction PC (0x40104b=>0x40104d).(0=>1) has src reg 55 (integer) that is being added to the dependency chain.
 124000: system.cpu.iq: Instruction PC (0x40104b=>0x40104d).(0=>1) has src reg 59 (integer) that is being added to the dependency chain.
 124000: memdepentry: Memory dependency entry created. memdep_count=5 (0x40104b=>0x40104d).(0=>1)
 124000: system.cpu.memDep0: No dependency for inst PC (0x40104b=>0x40104d).(0=>1) [sn:290].
 124000: system.cpu.iew: [tid:0] Issue: Adding PC (0x40104b=>0x40104d).(1=>2) [sn:300] [tid:0] to IQ.
 124000: system.cpu.iq: Adding instruction [sn:300] PC (0x40104b=>0x40104d).(1=>2) to the IQ.
 124000: system.cpu.iq: Instruction PC (0x40104b=>0x40104d).(1=>2) has src reg 60 (integer) that is being added to the dependency chain.
 124000: system.cpu.iq: Instruction PC (0x40104b=>0x40104d).(1=>2) has src reg 55 (integer) that is being added to the dependency chain.
 124000: system.cpu.iq: Instruction PC (0x40104b=>0x40104d).(1=>2) has src reg 60 (integer) that is being added to the dependency chain.
 124000: system.cpu.iew: [tid:0] Issue: Adding PC (0x40104b=>0x40104d).(2=>3) [sn:310] [tid:0] to IQ.
 124000: system.cpu.iew: [tid:0] Issue: Memory instruction encountered, adding to LSQ.
 124000: system.cpu.iew.lsq.thread0: Inserting store PC (0x40104b=>0x40104d).(2=>3), idx:6 [sn:310]
 124000: system.cpu.iq: Adding instruction [sn:310] PC (0x40104b=>0x40104d).(2=>3) to the IQ.
 124000: system.cpu.iq: Instruction PC (0x40104b=>0x40104d).(2=>3) has src reg 55 (integer) that is being added to the dependency chain.
 124000: system.cpu.iq: Instruction PC (0x40104b=>0x40104d).(2=>3) has src reg 61 (integer) that is being added to the dependency chain.
 124000: memdepentry: Memory dependency entry created. memdep_count=6 (0x40104b=>0x40104d).(2=>3)
 124000: system.cpu.memDep0: No dependency for inst PC (0x40104b=>0x40104d).(2=>3) [sn:310].
 124000: system.cpu.memDep0: Inserting store/atomic PC (0x40104b=>0x40104d).(2=>3) [sn:310].
 124000: system.cpu.iew: [tid:0] Issue: Adding PC (0x40104d=>0x40104f).(0=>1) [sn:320] [tid:0] to IQ.
 124000: system.cpu.iew: [tid:0] Issue: Memory instruction encountered, adding to LSQ.
 124000: system.cpu.iew.lsq.thread0: Inserting load PC (0x40104d=>0x40104f).(0=>1), idx:7 [sn:320]
 124000: system.cpu.iq: Adding instruction [sn:320] PC (0x40104d=>0x40104f).(0=>1) to the IQ.
 124000: system.cpu.iq: Instruction PC (0x40104d=>0x40104f).(0=>1) has src reg 55 (integer) that is being added to the dependency chain.
 124000: system.cpu.iq: Instruction PC (0x40104d=>0x40104f).(0=>1) has src reg 61 (integer) that is being added to the dependency chain.
 124000: memdepentry: Memory dependency entry created. memdep_count=7 (0x40104d=>0x40104f).(0=>1)
 124000: system.cpu.memDep0: No dependency for inst PC (0x40104d=>0x40104f).(0=>1) [sn:320].
 124000: system.cpu.iew: Execute: Executing instructions from IQ.
 124000: system.cpu.iew: Execute: Processing PC (0x40103e=>0x401045).(0=>1), [tid:0] [sn:210].
 124000: global: RegFile: Setting int register 55 to 0x3c
 124000: system.cpu.iew: Current wb cycle: 0, width: 12, numInst: 0
wbActual:0
 124000: system.cpu.iew: Execute: Executing instructions from IQ.
 124000: system.cpu.iew: Execute: Processing PC (0x401045=>0x401047).(0=>1), [tid:0] [sn:220].
 124000: system.cpu.iew: Current wb cycle: 0, width: 12, numInst: 1
wbActual:1
 124000: system.cpu.iew: Sending instructions to commit, [sn:210] PC (0x40103e=>0x401045).(0=>1).
 124000: system.cpu.iq: Waking dependents of completed instruction.
 124000: system.cpu.iq: Waking any dependents on register 55 (integer).
 124000: system.cpu.iq: Waking up a dependent instruction, [sn:320] PC (0x40104d=>0x40104f).(0=>1).
 124000: global: [sn:320] has 3 ready out of 4 sources. RTI 0)
 124000: system.cpu.iq: Waking up a dependent instruction, [sn:310] PC (0x40104b=>0x40104d).(2=>3).
 124000: global: [sn:310] has 3 ready out of 4 sources. RTI 0)
 124000: system.cpu.iq: Waking up a dependent instruction, [sn:300] PC (0x40104b=>0x40104d).(1=>2).
 124000: global: [sn:300] has 6 ready out of 8 sources. RTI 0)
 124000: system.cpu.iq: Waking up a dependent instruction, [sn:290] PC (0x40104b=>0x40104d).(0=>1).
 124000: global: [sn:290] has 3 ready out of 4 sources. RTI 0)
 124000: system.cpu.iq: Waking up a dependent instruction, [sn:280] PC (0x401049=>0x40104b).(2=>3).
 124000: global: [sn:280] has 3 ready out of 4 sources. RTI 0)
 124000: system.cpu.iq: Waking up a dependent instruction, [sn:270] PC (0x401049=>0x40104b).(1=>2).
 124000: global: [sn:270] has 6 ready out of 8 sources. RTI 0)
 124000: system.cpu.iq: Waking up a dependent instruction, [sn:260] PC (0x401049=>0x40104b).(0=>1).
 124000: global: [sn:260] has 3 ready out of 4 sources. RTI 0)
 124000: system.cpu.iq: Waking up a dependent instruction, [sn:250] PC (0x401047=>0x401049).(2=>3).
 124000: global: [sn:250] has 3 ready out of 4 sources. RTI 0)
 124000: system.cpu.iq: Waking up a dependent instruction, [sn:240] PC (0x401047=>0x401049).(1=>2).
 124000: global: [sn:240] has 6 ready out of 8 sources. RTI 0)
 124000: system.cpu.iq: Waking up a dependent instruction, [sn:230] PC (0x401047=>0x401049).(0=>1).
 124000: global: [sn:230] has 4 ready out of 4 sources. RTI 0)
 124000: system.cpu.iq: Checking if memory instruction can issue.
 124000: system.cpu.memDep0: Marking registers as ready for instruction PC (0x401047=>0x401049).(0=>1) [sn:230].
 124000: system.cpu.memDep0: Instruction has its memory dependencies resolved, adding it to the ready list.
 124000: system.cpu.memDep0: Adding instruction [sn:230] to the ready list.
 124000: system.cpu.iq: Instruction is ready to issue, putting it onto the ready list, PC (0x401047=>0x401049).(0=>1) opclass:52 [sn:230].
 124000: system.cpu.iew: Setting Destination Register 55 (integer)
 124000: system.cpu.scoreboard: Setting reg 55 (integer) as ready
 124000: system.cpu.iew: Sending instructions to commit, [sn:220] PC (0x401045=>0x401047).(0=>1).
 124000: system.cpu.iq: Attempting to schedule ready instructions from the IQ.
 124000: system.cpu.iq: Thread 0: Issuing instruction PC (0x401047=>0x401049).(0=>1) [sn:230]
 124000: system.cpu.memDep0: Issuing instruction PC 0x401047 [sn:230].
 124000: system.cpu.iew.lsq: [tid:0] Writing back stores. 4 stores available for Writeback.
 124000: system.cpu.iew: Processing [tid:0]
 124000: system.cpu.iew.lsq.thread0: LQ size: 192, #loads occupied: 4
 124000: system.cpu.iew.lsq.thread0: SQ size: 114, #stores occupied: 7
 124000: system.cpu.iew: [tid:0], Dispatch dispatched 6 instructions.
 124000: system.cpu.iew.lsq.thread0: SQ size: 114, #stores occupied: 7
 124000: system.cpu.iew.lsq.thread0: LQ size: 192, #loads occupied: 4
 124000: system.cpu.iew: IQ has 194 free entries (Can schedule: 0).  LQ has 188 free entries. SQ has 107 free entries.
 124000: system.cpu.iew: Activity this cycle.
 124000: system.cpu.commit: Getting instructions from Rename stage.
 124000: system.cpu.commit: [tid:0] [sn:330] Inserting PC (0x40104d=>0x40104f).(1=>2) into ROB.
 124000: system.cpu.rob: Adding inst PC (0x40104d=>0x40104f).(1=>2) to the ROB.
 124000: system.cpu.rob: [tid:0] Now has 13 instructions.
 124000: system.cpu.commit: [tid:0] [sn:340] Inserting PC (0x40104d=>0x40104f).(2=>3) into ROB.
 124000: system.cpu.rob: Adding inst PC (0x40104d=>0x40104f).(2=>3) to the ROB.
 124000: system.cpu.rob: [tid:0] Now has 14 instructions.
 124000: system.cpu.commit: [tid:0] [sn:350] Inserting PC (0x40104f=>0x401051).(0=>1) into ROB.
 124000: system.cpu.rob: Adding inst PC (0x40104f=>0x401051).(0=>1) to the ROB.
 124000: system.cpu.rob: [tid:0] Now has 15 instructions.
 124000: system.cpu.commit: [tid:0] [sn:360] Inserting PC (0x40104f=>0x401051).(1=>2) into ROB.
 124000: system.cpu.rob: Adding inst PC (0x40104f=>0x401051).(1=>2) to the ROB.
 124000: system.cpu.rob: [tid:0] Now has 16 instructions.
 124000: system.cpu.commit: [tid:0] [sn:370] Inserting PC (0x40104f=>0x401051).(2=>3) into ROB.
 124000: system.cpu.rob: Adding inst PC (0x40104f=>0x401051).(2=>3) to the ROB.
 124000: system.cpu.rob: [tid:0] Now has 17 instructions.
 124000: system.cpu.commit: [tid:0] [sn:380] Inserting PC (0x401051=>0x401053).(0=>1) into ROB.
 124000: system.cpu.rob: Adding inst PC (0x401051=>0x401053).(0=>1) to the ROB.
 124000: system.cpu.rob: [tid:0] Now has 18 instructions.
 124000: system.cpu.commit: Trying to commit instructions in the ROB.
 124000: system.cpu.commit: [tid:0] Can't commit, Instruction [sn:210] PC (0x40103e=>0x401045).(0=>1) is head of ROB and not ready
 124000: system.cpu.commit: [tid:0] ROB has 18 insts & 494 free entries.
 124000: system.cpu.commit: Activity This Cycle.
 124000: system.cpu: Scheduling next tick!
 125000: system.cpu: 

O3CPU: Ticking main, O3CPU.
 125000: system.cpu.fetch: Running stage.
 125000: system.cpu.fetch: Attempting to fetch from [tid:0]
 125000: system.cpu.fetch: [tid:0] Adding instructions to queue to decode.
 125000: global: DynInst: [sn:570] Instruction created. Instcount for system.cpu = 41
 125000: system.cpu.fetch: [tid:0] Instruction PC (0x40105d=>0x40105f).(1=>2) created [sn:570].
 125000: system.cpu.fetch: [tid:0] Instruction is:   ADD_M_R : add   t1b, t1b, al
 125000: system.cpu.fetch: [tid:0] Fetch queue entry created (1/128).
 125000: global: DynInst: [sn:580] Instruction created. Instcount for system.cpu = 42
 125000: system.cpu.fetch: [tid:0] Instruction PC (0x40105d=>0x40105f).(2=>3) created [sn:580].
 125000: system.cpu.fetch: [tid:0] Instruction is:   ADD_M_R : st   t1b, DS:[rax]
 125000: system.cpu.fetch: [tid:0] Fetch queue entry created (2/128).
 125000: system.cpu.decoder: Decode: Decoded add instruction: 
{
	leg = 0,
	rex = 0,
	vex/xop = 0,
	op = {
		type = one byte,
		op = 0,
		},
	modRM = 0,
	sib = 0,
	immediate = 0,
	displacement = 0
	dispSize = 0}

 125000: global: DynInst: [sn:590] Instruction created. Instcount for system.cpu = 43
 125000: system.cpu.fetch: [tid:0] Instruction PC (0x40105f=>0x401061).(0=>1) created [sn:590].
 125000: system.cpu.fetch: [tid:0] Instruction is:   ADD_M_R : ldst   t1b, DS:[rax]
 125000: system.cpu.fetch: [tid:0] Fetch queue entry created (3/128).
 125000: global: DynInst: [sn:600] Instruction created. Instcount for system.cpu = 44
 125000: system.cpu.fetch: [tid:0] Instruction PC (0x40105f=>0x401061).(1=>2) created [sn:600].
 125000: system.cpu.fetch: [tid:0] Instruction is:   ADD_M_R : add   t1b, t1b, al
 125000: system.cpu.fetch: [tid:0] Fetch queue entry created (4/128).
 125000: global: DynInst: [sn:610] Instruction created. Instcount for system.cpu = 45
 125000: system.cpu.fetch: [tid:0] Instruction PC (0x40105f=>0x401061).(2=>3) created [sn:610].
 125000: system.cpu.fetch: [tid:0] Instruction is:   ADD_M_R : st   t1b, DS:[rax]
 125000: system.cpu.fetch: [tid:0] Fetch queue entry created (5/128).
 125000: system.cpu.decoder: Decode: Decoded add instruction: 
{
	leg = 0,
	rex = 0,
	vex/xop = 0,
	op = {
		type = one byte,
		op = 0,
		},
	modRM = 0,
	sib = 0,
	immediate = 0,
	displacement = 0
	dispSize = 0}

 125000: global: DynInst: [sn:620] Instruction created. Instcount for system.cpu = 46
 125000: system.cpu.fetch: [tid:0] Instruction PC (0x401061=>0x401063).(0=>1) created [sn:620].
 125000: system.cpu.fetch: [tid:0] Instruction is:   ADD_M_R : ldst   t1b, DS:[rax]
 125000: system.cpu.fetch: [tid:0] Fetch queue entry created (6/128).
 125000: system.cpu.fetch: [tid:0] Done fetching, reached fetch bandwidth for this cycle.
 125000: system.cpu.fetch: [tid:0] [sn:570] Sending instruction to decode from fetch queue. Fetch queue size: 6.
 125000: system.cpu.fetch: [tid:0] [sn:580] Sending instruction to decode from fetch queue. Fetch queue size: 5.
 125000: system.cpu.fetch: [tid:0] [sn:590] Sending instruction to decode from fetch queue. Fetch queue size: 4.
 125000: system.cpu.fetch: [tid:0] [sn:600] Sending instruction to decode from fetch queue. Fetch queue size: 3.
 125000: system.cpu.fetch: [tid:0] [sn:610] Sending instruction to decode from fetch queue. Fetch queue size: 2.
 125000: system.cpu.fetch: [tid:0] [sn:620] Sending instruction to decode from fetch queue. Fetch queue size: 1.
 125000: system.cpu.fetch: Activity this cycle.
 125000: system.cpu: Activity: 9
 125000: system.cpu.decode: Processing [tid:0]
 125000: system.cpu.decode: [tid:0] Bypass moves from Rename: 0
 125000: system.cpu.decode: [tid:0] Not blocked, so attempting to run stage.
 125000: system.cpu.decode: [tid:0] Sending instruction to rename.
 125000: system.cpu.decode: [tid:0] Processing instruction [sn:510] with PC (0x401059=>0x40105b).(1=>2)
 125000: system.cpu.decode: [tid:0] Processing instruction [sn:520] with PC (0x401059=>0x40105b).(2=>3)
 125000: system.cpu.decode: [tid:0] Processing instruction [sn:530] with PC (0x40105b=>0x40105d).(0=>1)
 125000: system.cpu.decode: [tid:0] Processing instruction [sn:540] with PC (0x40105b=>0x40105d).(1=>2)
 125000: system.cpu.decode: [tid:0] Processing instruction [sn:550] with PC (0x40105b=>0x40105d).(2=>3)
 125000: system.cpu.decode: [tid:0] Processing instruction [sn:560] with PC (0x40105d=>0x40105f).(0=>1)
 125000: system.cpu.decode: Activity this cycle.
 125000: system.cpu.rename: Processing [tid:0]
 125000: system.cpu.rename: [tid:0] Free IQ: 194, Free ROB: 494, Free LQ: 188, Free SQ: 107, FreeRM 63(457 464 511 1022 63 8 2541)
 125000: system.cpu.rename: [tid:0] 18 instructions not yet in ROB
 125000: system.cpu.rename: calcFreeLQEntries: free lqEntries: 188, loadsInProgress: 6, loads dispatchedToLQ: 2
 125000: system.cpu.rename: [tid:0] Not blocked, so attempting to run stage.
 125000: system.cpu.rename: [tid:0] 6 available instructions to send iew.
 125000: system.cpu.rename: [tid:0] 18 insts pipelining from Rename | 6 insts dispatched to IQ last cycle.
 125000: system.cpu.rename: [tid:0] Sending instructions to IEW.
 125000: system.cpu.rename: [tid:0] Processing instruction [sn:450] with PC (0x401055=>0x401057).(1=>2).
 125000: system.cpu.rename: [tid:0] Looking up integer arch reg 17, got phys reg 70 (integer)
 125000: system.cpu.rename: [tid:0] Register 70 (flat: 70) (integer) is not ready.
 125000: system.cpu.rename: [tid:0] Looking up integer arch reg 0, got phys reg 55 (integer)
 125000: system.cpu.rename: [tid:0] Register 55 (flat: 55) (integer) is ready.
 125000: global: [sn:450] has 1 ready out of 8 sources. RTI 0)
 125000: system.cpu.rename: [tid:0] Looking up integer arch reg 17, got phys reg 70 (integer)
 125000: system.cpu.rename: [tid:0] Register 70 (flat: 70) (integer) is not ready.
 125000: system.cpu.rename: [tid:0] Looking up invalid arch reg 0, got phys reg 4294967295 (invalid)
 125000: system.cpu.rename: [tid:0] Register 4294967295 (flat: 4294967295) (invalid) is ready.
 125000: global: [sn:450] has 2 ready out of 8 sources. RTI 0)
 125000: system.cpu.rename: [tid:0] Looking up invalid arch reg 0, got phys reg 4294967295 (invalid)
 125000: system.cpu.rename: [tid:0] Register 4294967295 (flat: 4294967295) (invalid) is ready.
 125000: global: [sn:450] has 3 ready out of 8 sources. RTI 0)
 125000: system.cpu.rename: [tid:0] Looking up invalid arch reg 0, got phys reg 4294967295 (invalid)
 125000: system.cpu.rename: [tid:0] Register 4294967295 (flat: 4294967295) (invalid) is ready.
 125000: global: [sn:450] has 4 ready out of 8 sources. RTI 0)
 125000: system.cpu.rename: [tid:0] Looking up invalid arch reg 0, got phys reg 4294967295 (invalid)
 125000: system.cpu.rename: [tid:0] Register 4294967295 (flat: 4294967295) (invalid) is ready.
 125000: global: [sn:450] has 5 ready out of 8 sources. RTI 0)
 125000: system.cpu.rename: [tid:0] Looking up invalid arch reg 0, got phys reg 4294967295 (invalid)
 125000: system.cpu.rename: [tid:0] Register 4294967295 (flat: 4294967295) (invalid) is ready.
 125000: global: [sn:450] has 6 ready out of 8 sources. RTI 0)
 125000: global: Renamed reg t1 to physical reg 71 (71) old mapping was 70 (70)
 125000: system.cpu.rename: [tid:0] Renaming arch reg 17 (integer) to physical reg 71 (71).
 125000: system.cpu.rename: [tid:0] [sn:450] Adding instruction to history buffer (size=52).
 125000: global: Renamed reg condition_code[0] to physical reg 2661 (2661) old mapping was 2659 (2659)
 125000: system.cpu.rename: [tid:0] Renaming arch reg 0 (condition_code) to physical reg 29 (2661).
 125000: system.cpu.rename: [tid:0] [sn:450] Adding instruction to history buffer (size=53).
 125000: global: Renamed reg condition_code[1] to physical reg 2662 (2662) old mapping was 2660 (2660)
 125000: system.cpu.rename: [tid:0] Renaming arch reg 1 (condition_code) to physical reg 30 (2662).
 125000: system.cpu.rename: [tid:0] [sn:450] Adding instruction to history buffer (size=54).
 125000: system.cpu.rename: [tid:0] Renaming arch reg 0 (invalid) to physical reg 4294967295 (4294967295).
 125000: system.cpu.rename: [tid:0] [sn:450] Adding instruction to history buffer (size=55).
 125000: system.cpu.rename: [tid:0] Renaming arch reg 0 (invalid) to physical reg 4294967295 (4294967295).
 125000: system.cpu.rename: [tid:0] [sn:450] Adding instruction to history buffer (size=56).
 125000: system.cpu.rename: [tid:0] Renaming arch reg 0 (invalid) to physical reg 4294967295 (4294967295).
 125000: system.cpu.rename: [tid:0] [sn:450] Adding instruction to history buffer (size=57).
 125000: system.cpu.rename: calcFreeSQEntries: free sqEntries: 107, storesInProgress: 6, stores dispatchedToSQ: 2
 125000: system.cpu.rename: [tid:0] Processing instruction [sn:460] with PC (0x401055=>0x401057).(2=>3).
 125000: system.cpu.rename: [tid:0] Looking up invalid arch reg 0, got phys reg 4294967295 (invalid)
 125000: system.cpu.rename: [tid:0] Register 4294967295 (flat: 4294967295) (invalid) is ready.
 125000: global: [sn:460] has 1 ready out of 4 sources. RTI 0)
 125000: system.cpu.rename: [tid:0] Looking up integer arch reg 0, got phys reg 55 (integer)
 125000: system.cpu.rename: [tid:0] Register 55 (flat: 55) (integer) is ready.
 125000: global: [sn:460] has 2 ready out of 4 sources. RTI 0)
 125000: system.cpu.rename: [tid:0] Looking up integer arch reg 17, got phys reg 71 (integer)
 125000: system.cpu.rename: [tid:0] Register 71 (flat: 71) (integer) is not ready.
 125000: system.cpu.rename: [tid:0] Looking up miscellaneous arch reg 155, got phys reg 155 (miscellaneous)
 125000: system.cpu.rename: [tid:0] Register 155 (flat: 0) (miscellaneous) is ready.
 125000: global: [sn:460] has 3 ready out of 4 sources. RTI 0)
 125000: system.cpu.rename: calcFreeLQEntries: free lqEntries: 188, loadsInProgress: 6, loads dispatchedToLQ: 2
 125000: system.cpu.rename: [tid:0] Processing instruction [sn:470] with PC (0x401057=>0x401059).(0=>1).
 125000: system.cpu.rename: [tid:0] Mascot prediction for load [sn:470] type: 0; distance1: 0; distance2: 0
 125000: system.cpu.rename: [tid:0] Looking up invalid arch reg 0, got phys reg 4294967295 (invalid)
 125000: system.cpu.rename: [tid:0] Register 4294967295 (flat: 4294967295) (invalid) is ready.
 125000: global: [sn:470] has 1 ready out of 4 sources. RTI 0)
 125000: system.cpu.rename: [tid:0] Looking up integer arch reg 0, got phys reg 55 (integer)
 125000: system.cpu.rename: [tid:0] Register 55 (flat: 55) (integer) is ready.
 125000: global: [sn:470] has 2 ready out of 4 sources. RTI 0)
 125000: system.cpu.rename: [tid:0] Looking up integer arch reg 17, got phys reg 71 (integer)
 125000: system.cpu.rename: [tid:0] Register 71 (flat: 71) (integer) is not ready.
 125000: system.cpu.rename: [tid:0] Looking up miscellaneous arch reg 155, got phys reg 155 (miscellaneous)
 125000: system.cpu.rename: [tid:0] Register 155 (flat: 0) (miscellaneous) is ready.
 125000: global: [sn:470] has 3 ready out of 4 sources. RTI 0)
 125000: global: Renamed reg t1 to physical reg 72 (72) old mapping was 71 (71)
 125000: system.cpu.rename: [tid:0] Renaming arch reg 17 (integer) to physical reg 72 (72).
 125000: system.cpu.rename: [tid:0] [sn:470] Adding instruction to history buffer (size=58).
 125000: system.cpu.rename: [tid:0] Processing instruction [sn:480] with PC (0x401057=>0x401059).(1=>2).
 125000: system.cpu.rename: [tid:0] Looking up integer arch reg 17, got phys reg 72 (integer)
 125000: system.cpu.rename: [tid:0] Register 72 (flat: 72) (integer) is not ready.
 125000: system.cpu.rename: [tid:0] Looking up integer arch reg 0, got phys reg 55 (integer)
 125000: system.cpu.rename: [tid:0] Register 55 (flat: 55) (integer) is ready.
 125000: global: [sn:480] has 1 ready out of 8 sources. RTI 0)
 125000: system.cpu.rename: [tid:0] Looking up integer arch reg 17, got phys reg 72 (integer)
 125000: system.cpu.rename: [tid:0] Register 72 (flat: 72) (integer) is not ready.
 125000: system.cpu.rename: [tid:0] Looking up invalid arch reg 0, got phys reg 4294967295 (invalid)
 125000: system.cpu.rename: [tid:0] Register 4294967295 (flat: 4294967295) (invalid) is ready.
 125000: global: [sn:480] has 2 ready out of 8 sources. RTI 0)
 125000: system.cpu.rename: [tid:0] Looking up invalid arch reg 0, got phys reg 4294967295 (invalid)
 125000: system.cpu.rename: [tid:0] Register 4294967295 (flat: 4294967295) (invalid) is ready.
 125000: global: [sn:480] has 3 ready out of 8 sources. RTI 0)
 125000: system.cpu.rename: [tid:0] Looking up invalid arch reg 0, got phys reg 4294967295 (invalid)
 125000: system.cpu.rename: [tid:0] Register 4294967295 (flat: 4294967295) (invalid) is ready.
 125000: global: [sn:480] has 4 ready out of 8 sources. RTI 0)
 125000: system.cpu.rename: [tid:0] Looking up invalid arch reg 0, got phys reg 4294967295 (invalid)
 125000: system.cpu.rename: [tid:0] Register 4294967295 (flat: 4294967295) (invalid) is ready.
 125000: global: [sn:480] has 5 ready out of 8 sources. RTI 0)
 125000: system.cpu.rename: [tid:0] Looking up invalid arch reg 0, got phys reg 4294967295 (invalid)
 125000: system.cpu.rename: [tid:0] Register 4294967295 (flat: 4294967295) (invalid) is ready.
 125000: global: [sn:480] has 6 ready out of 8 sources. RTI 0)
 125000: global: Renamed reg t1 to physical reg 73 (73) old mapping was 72 (72)
 125000: system.cpu.rename: [tid:0] Renaming arch reg 17 (integer) to physical reg 73 (73).
 125000: system.cpu.rename: [tid:0] [sn:480] Adding instruction to history buffer (size=59).
 125000: global: Renamed reg condition_code[0] to physical reg 2663 (2663) old mapping was 2661 (2661)
 125000: system.cpu.rename: [tid:0] Renaming arch reg 0 (condition_code) to physical reg 31 (2663).
 125000: system.cpu.rename: [tid:0] [sn:480] Adding instruction to history buffer (size=60).
 125000: global: Renamed reg condition_code[1] to physical reg 2664 (2664) old mapping was 2662 (2662)
 125000: system.cpu.rename: [tid:0] Renaming arch reg 1 (condition_code) to physical reg 32 (2664).
 125000: system.cpu.rename: [tid:0] [sn:480] Adding instruction to history buffer (size=61).
 125000: system.cpu.rename: [tid:0] Renaming arch reg 0 (invalid) to physical reg 4294967295 (4294967295).
 125000: system.cpu.rename: [tid:0] [sn:480] Adding instruction to history buffer (size=62).
 125000: system.cpu.rename: [tid:0] Renaming arch reg 0 (invalid) to physical reg 4294967295 (4294967295).
 125000: system.cpu.rename: [tid:0] [sn:480] Adding instruction to history buffer (size=63).
 125000: system.cpu.rename: [tid:0] Renaming arch reg 0 (invalid) to physical reg 4294967295 (4294967295).
 125000: system.cpu.rename: [tid:0] [sn:480] Adding instruction to history buffer (size=64).
 125000: system.cpu.rename: calcFreeSQEntries: free sqEntries: 107, storesInProgress: 7, stores dispatchedToSQ: 2
 125000: system.cpu.rename: [tid:0] Processing instruction [sn:490] with PC (0x401057=>0x401059).(2=>3).
 125000: system.cpu.rename: [tid:0] Looking up invalid arch reg 0, got phys reg 4294967295 (invalid)
 125000: system.cpu.rename: [tid:0] Register 4294967295 (flat: 4294967295) (invalid) is ready.
 125000: global: [sn:490] has 1 ready out of 4 sources. RTI 0)
 125000: system.cpu.rename: [tid:0] Looking up integer arch reg 0, got phys reg 55 (integer)
 125000: system.cpu.rename: [tid:0] Register 55 (flat: 55) (integer) is ready.
 125000: global: [sn:490] has 2 ready out of 4 sources. RTI 0)
 125000: system.cpu.rename: [tid:0] Looking up integer arch reg 17, got phys reg 73 (integer)
 125000: system.cpu.rename: [tid:0] Register 73 (flat: 73) (integer) is not ready.
 125000: system.cpu.rename: [tid:0] Looking up miscellaneous arch reg 155, got phys reg 155 (miscellaneous)
 125000: system.cpu.rename: [tid:0] Register 155 (flat: 0) (miscellaneous) is ready.
 125000: global: [sn:490] has 3 ready out of 4 sources. RTI 0)
 125000: system.cpu.rename: calcFreeLQEntries: free lqEntries: 188, loadsInProgress: 7, loads dispatchedToLQ: 2
 125000: system.cpu.rename: [tid:0] Processing instruction [sn:500] with PC (0x401059=>0x40105b).(0=>1).
 125000: system.cpu.rename: [tid:0] Mascot prediction for load [sn:500] type: 0; distance1: 0; distance2: 0
 125000: system.cpu.rename: [tid:0] Looking up invalid arch reg 0, got phys reg 4294967295 (invalid)
 125000: system.cpu.rename: [tid:0] Register 4294967295 (flat: 4294967295) (invalid) is ready.
 125000: global: [sn:500] has 1 ready out of 4 sources. RTI 0)
 125000: system.cpu.rename: [tid:0] Looking up integer arch reg 0, got phys reg 55 (integer)
 125000: system.cpu.rename: [tid:0] Register 55 (flat: 55) (integer) is ready.
 125000: global: [sn:500] has 2 ready out of 4 sources. RTI 0)
 125000: system.cpu.rename: [tid:0] Looking up integer arch reg 17, got phys reg 73 (integer)
 125000: system.cpu.rename: [tid:0] Register 73 (flat: 73) (integer) is not ready.
 125000: system.cpu.rename: [tid:0] Looking up miscellaneous arch reg 155, got phys reg 155 (miscellaneous)
 125000: system.cpu.rename: [tid:0] Register 155 (flat: 0) (miscellaneous) is ready.
 125000: global: [sn:500] has 3 ready out of 4 sources. RTI 0)
 125000: global: Renamed reg t1 to physical reg 74 (74) old mapping was 73 (73)
 125000: system.cpu.rename: [tid:0] Renaming arch reg 17 (integer) to physical reg 74 (74).
 125000: system.cpu.rename: [tid:0] [sn:500] Adding instruction to history buffer (size=65).
 125000: system.cpu.rename: Activity this cycle.
 125000: system.cpu.iew: Issue: Processing [tid:0]
 125000: system.cpu.iew: [tid:0] Not blocked, so attempting to run dispatch.
 125000: system.cpu.iew: [tid:0] Issue: Adding PC (0x40104d=>0x40104f).(1=>2) [sn:330] [tid:0] to IQ.
 125000: system.cpu.iq: Adding instruction [sn:330] PC (0x40104d=>0x40104f).(1=>2) to the IQ.
 125000: system.cpu.iq: Instruction PC (0x40104d=>0x40104f).(1=>2) has src reg 62 (integer) that is being added to the dependency chain.
 125000: system.cpu.iq: Instruction PC (0x40104d=>0x40104f).(1=>2) has src reg 55 (integer) that became ready before it reached the IQ.
 125000: global: [sn:330] has 6 ready out of 8 sources. RTI 0)
 125000: system.cpu.iq: Instruction PC (0x40104d=>0x40104f).(1=>2) has src reg 62 (integer) that is being added to the dependency chain.
 125000: system.cpu.iew: [tid:0] Issue: Adding PC (0x40104d=>0x40104f).(2=>3) [sn:340] [tid:0] to IQ.
 125000: system.cpu.iew: [tid:0] Issue: Memory instruction encountered, adding to LSQ.
 125000: system.cpu.iew.lsq.thread0: Inserting store PC (0x40104d=>0x40104f).(2=>3), idx:7 [sn:340]
 125000: system.cpu.iq: Adding instruction [sn:340] PC (0x40104d=>0x40104f).(2=>3) to the IQ.
 125000: system.cpu.iq: Instruction PC (0x40104d=>0x40104f).(2=>3) has src reg 55 (integer) that became ready before it reached the IQ.
 125000: global: [sn:340] has 3 ready out of 4 sources. RTI 0)
 125000: system.cpu.iq: Instruction PC (0x40104d=>0x40104f).(2=>3) has src reg 63 (integer) that is being added to the dependency chain.
 125000: memdepentry: Memory dependency entry created. memdep_count=8 (0x40104d=>0x40104f).(2=>3)
 125000: system.cpu.memDep0: No dependency for inst PC (0x40104d=>0x40104f).(2=>3) [sn:340].
 125000: system.cpu.memDep0: Inserting store/atomic PC (0x40104d=>0x40104f).(2=>3) [sn:340].
 125000: system.cpu.iew: [tid:0] Issue: Adding PC (0x40104f=>0x401051).(0=>1) [sn:350] [tid:0] to IQ.
 125000: system.cpu.iew: [tid:0] Issue: Memory instruction encountered, adding to LSQ.
 125000: system.cpu.iew.lsq.thread0: Inserting load PC (0x40104f=>0x401051).(0=>1), idx:8 [sn:350]
 125000: system.cpu.iq: Adding instruction [sn:350] PC (0x40104f=>0x401051).(0=>1) to the IQ.
 125000: system.cpu.iq: Instruction PC (0x40104f=>0x401051).(0=>1) has src reg 55 (integer) that became ready before it reached the IQ.
 125000: global: [sn:350] has 3 ready out of 4 sources. RTI 0)
 125000: system.cpu.iq: Instruction PC (0x40104f=>0x401051).(0=>1) has src reg 63 (integer) that is being added to the dependency chain.
 125000: memdepentry: Memory dependency entry created. memdep_count=9 (0x40104f=>0x401051).(0=>1)
 125000: system.cpu.memDep0: No dependency for inst PC (0x40104f=>0x401051).(0=>1) [sn:350].
 125000: system.cpu.iew: [tid:0] Issue: Adding PC (0x40104f=>0x401051).(1=>2) [sn:360] [tid:0] to IQ.
 125000: system.cpu.iq: Adding instruction [sn:360] PC (0x40104f=>0x401051).(1=>2) to the IQ.
 125000: system.cpu.iq: Instruction PC (0x40104f=>0x401051).(1=>2) has src reg 64 (integer) that is being added to the dependency chain.
 125000: system.cpu.iq: Instruction PC (0x40104f=>0x401051).(1=>2) has src reg 55 (integer) that became ready before it reached the IQ.
 125000: global: [sn:360] has 6 ready out of 8 sources. RTI 0)
 125000: system.cpu.iq: Instruction PC (0x40104f=>0x401051).(1=>2) has src reg 64 (integer) that is being added to the dependency chain.
 125000: system.cpu.iew: [tid:0] Issue: Adding PC (0x40104f=>0x401051).(2=>3) [sn:370] [tid:0] to IQ.
 125000: system.cpu.iew: [tid:0] Issue: Memory instruction encountered, adding to LSQ.
 125000: system.cpu.iew.lsq.thread0: Inserting store PC (0x40104f=>0x401051).(2=>3), idx:8 [sn:370]
 125000: system.cpu.iq: Adding instruction [sn:370] PC (0x40104f=>0x401051).(2=>3) to the IQ.
 125000: system.cpu.iq: Instruction PC (0x40104f=>0x401051).(2=>3) has src reg 55 (integer) that became ready before it reached the IQ.
 125000: global: [sn:370] has 3 ready out of 4 sources. RTI 0)
 125000: system.cpu.iq: Instruction PC (0x40104f=>0x401051).(2=>3) has src reg 65 (integer) that is being added to the dependency chain.
 125000: memdepentry: Memory dependency entry created. memdep_count=10 (0x40104f=>0x401051).(2=>3)
 125000: system.cpu.memDep0: No dependency for inst PC (0x40104f=>0x401051).(2=>3) [sn:370].
 125000: system.cpu.memDep0: Inserting store/atomic PC (0x40104f=>0x401051).(2=>3) [sn:370].
 125000: system.cpu.iew: [tid:0] Issue: Adding PC (0x401051=>0x401053).(0=>1) [sn:380] [tid:0] to IQ.
 125000: system.cpu.iew: [tid:0] Issue: Memory instruction encountered, adding to LSQ.
 125000: system.cpu.iew.lsq.thread0: Inserting load PC (0x401051=>0x401053).(0=>1), idx:9 [sn:380]
 125000: system.cpu.iq: Adding instruction [sn:380] PC (0x401051=>0x401053).(0=>1) to the IQ.
 125000: system.cpu.iq: Instruction PC (0x401051=>0x401053).(0=>1) has src reg 55 (integer) that became ready before it reached the IQ.
 125000: global: [sn:380] has 3 ready out of 4 sources. RTI 0)
 125000: system.cpu.iq: Instruction PC (0x401051=>0x401053).(0=>1) has src reg 65 (integer) that is being added to the dependency chain.
 125000: memdepentry: Memory dependency entry created. memdep_count=11 (0x401051=>0x401053).(0=>1)
 125000: system.cpu.memDep0: No dependency for inst PC (0x401051=>0x401053).(0=>1) [sn:380].
 125000: system.cpu.iew: Execute: Executing instructions from IQ.
 125000: system.cpu.iew: Execute: Processing PC (0x401047=>0x401049).(0=>1), [tid:0] [sn:230].
 125000: system.cpu.iew: Execute: Calculating address for memory reference.
 125000: system.cpu.iew.lsq.thread0: Executing load PC (0x401047=>0x401049).(0=>1), [sn:230]
 125000: global: RegFile: Access to int register 55, has data 0x3c
 125000: system.cpu.iew.lsq.thread0: Load [sn:230] not executed from fault
 125000: system.cpu.iew: Current wb cycle: 0, width: 12, numInst: 0
wbActual:0
 125000: system.cpu.iew: Activity this cycle.
 125000: system.cpu.iew: Sending instructions to commit, [sn:230] PC (0x401047=>0x401049).(0=>1).
 125000: system.cpu.iq: Attempting to schedule ready instructions from the IQ.
 125000: system.cpu.iq: Not able to schedule any instructions.
 125000: system.cpu.iew.lsq: [tid:0] Writing back stores. 4 stores available for Writeback.
 125000: system.cpu.iew: Processing [tid:0]
 125000: system.cpu.iew.lsq.thread0: LQ size: 192, #loads occupied: 6
 125000: system.cpu.iew.lsq.thread0: SQ size: 114, #stores occupied: 9
 125000: system.cpu.iew: [tid:0], Dispatch dispatched 6 instructions.
 125000: system.cpu.iew.lsq.thread0: SQ size: 114, #stores occupied: 9
 125000: system.cpu.iew.lsq.thread0: LQ size: 192, #loads occupied: 6
 125000: system.cpu.iew: IQ has 188 free entries (Can schedule: 0).  LQ has 186 free entries. SQ has 105 free entries.
 125000: system.cpu.iew: Activity this cycle.
 125000: system.cpu.commit: Getting instructions from Rename stage.
 125000: system.cpu.commit: [tid:0] [sn:390] Inserting PC (0x401051=>0x401053).(1=>2) into ROB.
 125000: system.cpu.rob: Adding inst PC (0x401051=>0x401053).(1=>2) to the ROB.
 125000: system.cpu.rob: [tid:0] Now has 19 instructions.
 125000: system.cpu.commit: [tid:0] [sn:400] Inserting PC (0x401051=>0x401053).(2=>3) into ROB.
 125000: system.cpu.rob: Adding inst PC (0x401051=>0x401053).(2=>3) to the ROB.
 125000: system.cpu.rob: [tid:0] Now has 20 instructions.
 125000: system.cpu.commit: [tid:0] [sn:410] Inserting PC (0x401053=>0x401055).(0=>1) into ROB.
 125000: system.cpu.rob: Adding inst PC (0x401053=>0x401055).(0=>1) to the ROB.
 125000: system.cpu.rob: [tid:0] Now has 21 instructions.
 125000: system.cpu.commit: [tid:0] [sn:420] Inserting PC (0x401053=>0x401055).(1=>2) into ROB.
 125000: system.cpu.rob: Adding inst PC (0x401053=>0x401055).(1=>2) to the ROB.
 125000: system.cpu.rob: [tid:0] Now has 22 instructions.
 125000: system.cpu.commit: [tid:0] [sn:430] Inserting PC (0x401053=>0x401055).(2=>3) into ROB.
 125000: system.cpu.rob: Adding inst PC (0x401053=>0x401055).(2=>3) to the ROB.
 125000: system.cpu.rob: [tid:0] Now has 23 instructions.
 125000: system.cpu.commit: [tid:0] [sn:440] Inserting PC (0x401055=>0x401057).(0=>1) into ROB.
 125000: system.cpu.rob: Adding inst PC (0x401055=>0x401057).(0=>1) to the ROB.
 125000: system.cpu.rob: [tid:0] Now has 24 instructions.
 125000: system.cpu.commit: Trying to commit instructions in the ROB.
 125000: system.cpu.commit: [tid:0] Marking PC (0x40103e=>0x401045).(0=>1), [sn:210] ready within ROB.
 125000: system.cpu.commit: [tid:0] Marking PC (0x401045=>0x401047).(0=>1), [sn:220] ready within ROB.
 125000: system.cpu.commit: [tid:0] Instruction [sn:210] PC (0x40103e=>0x401045).(0=>1) is head of ROB and ready to commit
 125000: system.cpu.commit: [tid:0] ROB has 24 insts & 488 free entries.
 125000: system.cpu.commit: Activity This Cycle.
 125000: system.cpu.commit: Activating stage.
 125000: system.cpu: Activity: 10
 125000: system.cpu: Scheduling next tick!
 126000: system.cpu: 

O3CPU: Ticking main, O3CPU.
 126000: system.cpu.fetch: Running stage.
 126000: system.cpu.fetch: Attempting to fetch from [tid:0]
 126000: system.cpu.fetch: [tid:0] Adding instructions to queue to decode.
 126000: global: DynInst: [sn:630] Instruction created. Instcount for system.cpu = 47
 126000: system.cpu.fetch: [tid:0] Instruction PC (0x401061=>0x401063).(1=>2) created [sn:630].
 126000: system.cpu.fetch: [tid:0] Instruction is:   ADD_M_R : add   t1b, t1b, al
 126000: system.cpu.fetch: [tid:0] Fetch queue entry created (1/128).
 126000: global: DynInst: [sn:640] Instruction created. Instcount for system.cpu = 48
 126000: system.cpu.fetch: [tid:0] Instruction PC (0x401061=>0x401063).(2=>3) created [sn:640].
 126000: system.cpu.fetch: [tid:0] Instruction is:   ADD_M_R : st   t1b, DS:[rax]
 126000: system.cpu.fetch: [tid:0] Fetch queue entry created (2/128).
 126000: system.cpu.decoder: Decode: Decoded add instruction: 
{
	leg = 0,
	rex = 0,
	vex/xop = 0,
	op = {
		type = one byte,
		op = 0,
		},
	modRM = 0,
	sib = 0,
	immediate = 0,
	displacement = 0
	dispSize = 0}

 126000: global: DynInst: [sn:650] Instruction created. Instcount for system.cpu = 49
 126000: system.cpu.fetch: [tid:0] Instruction PC (0x401063=>0x401065).(0=>1) created [sn:650].
 126000: system.cpu.fetch: [tid:0] Instruction is:   ADD_M_R : ldst   t1b, DS:[rax]
 126000: system.cpu.fetch: [tid:0] Fetch queue entry created (3/128).
 126000: global: DynInst: [sn:660] Instruction created. Instcount for system.cpu = 50
 126000: system.cpu.fetch: [tid:0] Instruction PC (0x401063=>0x401065).(1=>2) created [sn:660].
 126000: system.cpu.fetch: [tid:0] Instruction is:   ADD_M_R : add   t1b, t1b, al
 126000: system.cpu.fetch: [tid:0] Fetch queue entry created (4/128).
 126000: global: DynInst: [sn:670] Instruction created. Instcount for system.cpu = 51
 126000: system.cpu.fetch: [tid:0] Instruction PC (0x401063=>0x401065).(2=>3) created [sn:670].
 126000: system.cpu.fetch: [tid:0] Instruction is:   ADD_M_R : st   t1b, DS:[rax]
 126000: system.cpu.fetch: [tid:0] Fetch queue entry created (5/128).
 126000: system.cpu.decoder: Decode: Decoded add instruction: 
{
	leg = 0,
	rex = 0,
	vex/xop = 0,
	op = {
		type = one byte,
		op = 0,
		},
	modRM = 0,
	sib = 0,
	immediate = 0,
	displacement = 0
	dispSize = 0}

 126000: global: DynInst: [sn:680] Instruction created. Instcount for system.cpu = 52
 126000: system.cpu.fetch: [tid:0] Instruction PC (0x401065=>0x401067).(0=>1) created [sn:680].
 126000: system.cpu.fetch: [tid:0] Instruction is:   ADD_M_R : ldst   t1b, DS:[rax]
 126000: system.cpu.fetch: [tid:0] Fetch queue entry created (6/128).
 126000: system.cpu.fetch: [tid:0] Done fetching, reached fetch bandwidth for this cycle.
 126000: system.cpu.fetch: [tid:0] [sn:630] Sending instruction to decode from fetch queue. Fetch queue size: 6.
 126000: system.cpu.fetch: [tid:0] [sn:640] Sending instruction to decode from fetch queue. Fetch queue size: 5.
 126000: system.cpu.fetch: [tid:0] [sn:650] Sending instruction to decode from fetch queue. Fetch queue size: 4.
 126000: system.cpu.fetch: [tid:0] [sn:660] Sending instruction to decode from fetch queue. Fetch queue size: 3.
 126000: system.cpu.fetch: [tid:0] [sn:670] Sending instruction to decode from fetch queue. Fetch queue size: 2.
 126000: system.cpu.fetch: [tid:0] [sn:680] Sending instruction to decode from fetch queue. Fetch queue size: 1.
 126000: system.cpu.fetch: Activity this cycle.
 126000: system.cpu: Activity: 11
 126000: system.cpu.decode: Processing [tid:0]
 126000: system.cpu.decode: [tid:0] Bypass moves from Rename: 0
 126000: system.cpu.decode: [tid:0] Not blocked, so attempting to run stage.
 126000: system.cpu.decode: [tid:0] Sending instruction to rename.
 126000: system.cpu.decode: [tid:0] Processing instruction [sn:570] with PC (0x40105d=>0x40105f).(1=>2)
 126000: system.cpu.decode: [tid:0] Processing instruction [sn:580] with PC (0x40105d=>0x40105f).(2=>3)
 126000: system.cpu.decode: [tid:0] Processing instruction [sn:590] with PC (0x40105f=>0x401061).(0=>1)
 126000: system.cpu.decode: [tid:0] Processing instruction [sn:600] with PC (0x40105f=>0x401061).(1=>2)
 126000: system.cpu.decode: [tid:0] Processing instruction [sn:610] with PC (0x40105f=>0x401061).(2=>3)
 126000: system.cpu.decode: [tid:0] Processing instruction [sn:620] with PC (0x401061=>0x401063).(0=>1)
 126000: system.cpu.decode: Activity this cycle.
 126000: system.cpu.rename: Processing [tid:0]
 126000: system.cpu.rename: [tid:0] Free IQ: 188, Free ROB: 488, Free LQ: 186, Free SQ: 105, FreeRM 63(453 464 511 1022 63 8 2537)
 126000: system.cpu.rename: [tid:0] 18 instructions not yet in ROB
 126000: system.cpu.rename: calcFreeLQEntries: free lqEntries: 186, loadsInProgress: 6, loads dispatchedToLQ: 2
 126000: system.cpu.rename: [tid:0] Not blocked, so attempting to run stage.
 126000: system.cpu.rename: [tid:0] 6 available instructions to send iew.
 126000: system.cpu.rename: [tid:0] 18 insts pipelining from Rename | 6 insts dispatched to IQ last cycle.
 126000: system.cpu.rename: [tid:0] Sending instructions to IEW.
 126000: system.cpu.rename: [tid:0] Processing instruction [sn:510] with PC (0x401059=>0x40105b).(1=>2).
 126000: system.cpu.rename: [tid:0] Looking up integer arch reg 17, got phys reg 74 (integer)
 126000: system.cpu.rename: [tid:0] Register 74 (flat: 74) (integer) is not ready.
 126000: system.cpu.rename: [tid:0] Looking up integer arch reg 0, got phys reg 55 (integer)
 126000: system.cpu.rename: [tid:0] Register 55 (flat: 55) (integer) is ready.
 126000: global: [sn:510] has 1 ready out of 8 sources. RTI 0)
 126000: system.cpu.rename: [tid:0] Looking up integer arch reg 17, got phys reg 74 (integer)
 126000: system.cpu.rename: [tid:0] Register 74 (flat: 74) (integer) is not ready.
 126000: system.cpu.rename: [tid:0] Looking up invalid arch reg 0, got phys reg 4294967295 (invalid)
 126000: system.cpu.rename: [tid:0] Register 4294967295 (flat: 4294967295) (invalid) is ready.
 126000: global: [sn:510] has 2 ready out of 8 sources. RTI 0)
 126000: system.cpu.rename: [tid:0] Looking up invalid arch reg 0, got phys reg 4294967295 (invalid)
 126000: system.cpu.rename: [tid:0] Register 4294967295 (flat: 4294967295) (invalid) is ready.
 126000: global: [sn:510] has 3 ready out of 8 sources. RTI 0)
 126000: system.cpu.rename: [tid:0] Looking up invalid arch reg 0, got phys reg 4294967295 (invalid)
 126000: system.cpu.rename: [tid:0] Register 4294967295 (flat: 4294967295) (invalid) is ready.
 126000: global: [sn:510] has 4 ready out of 8 sources. RTI 0)
 126000: system.cpu.rename: [tid:0] Looking up invalid arch reg 0, got phys reg 4294967295 (invalid)
 126000: system.cpu.rename: [tid:0] Register 4294967295 (flat: 4294967295) (invalid) is ready.
 126000: global: [sn:510] has 5 ready out of 8 sources. RTI 0)
 126000: system.cpu.rename: [tid:0] Looking up invalid arch reg 0, got phys reg 4294967295 (invalid)
 126000: system.cpu.rename: [tid:0] Register 4294967295 (flat: 4294967295) (invalid) is ready.
 126000: global: [sn:510] has 6 ready out of 8 sources. RTI 0)
 126000: global: Renamed reg t1 to physical reg 75 (75) old mapping was 74 (74)
 126000: system.cpu.rename: [tid:0] Renaming arch reg 17 (integer) to physical reg 75 (75).
 126000: system.cpu.rename: [tid:0] [sn:510] Adding instruction to history buffer (size=66).
 126000: global: Renamed reg condition_code[0] to physical reg 2665 (2665) old mapping was 2663 (2663)
 126000: system.cpu.rename: [tid:0] Renaming arch reg 0 (condition_code) to physical reg 33 (2665).
 126000: system.cpu.rename: [tid:0] [sn:510] Adding instruction to history buffer (size=67).
 126000: global: Renamed reg condition_code[1] to physical reg 2666 (2666) old mapping was 2664 (2664)
 126000: system.cpu.rename: [tid:0] Renaming arch reg 1 (condition_code) to physical reg 34 (2666).
 126000: system.cpu.rename: [tid:0] [sn:510] Adding instruction to history buffer (size=68).
 126000: system.cpu.rename: [tid:0] Renaming arch reg 0 (invalid) to physical reg 4294967295 (4294967295).
 126000: system.cpu.rename: [tid:0] [sn:510] Adding instruction to history buffer (size=69).
 126000: system.cpu.rename: [tid:0] Renaming arch reg 0 (invalid) to physical reg 4294967295 (4294967295).
 126000: system.cpu.rename: [tid:0] [sn:510] Adding instruction to history buffer (size=70).
 126000: system.cpu.rename: [tid:0] Renaming arch reg 0 (invalid) to physical reg 4294967295 (4294967295).
 126000: system.cpu.rename: [tid:0] [sn:510] Adding instruction to history buffer (size=71).
 126000: system.cpu.rename: calcFreeSQEntries: free sqEntries: 105, storesInProgress: 6, stores dispatchedToSQ: 2
 126000: system.cpu.rename: [tid:0] Processing instruction [sn:520] with PC (0x401059=>0x40105b).(2=>3).
 126000: system.cpu.rename: [tid:0] Looking up invalid arch reg 0, got phys reg 4294967295 (invalid)
 126000: system.cpu.rename: [tid:0] Register 4294967295 (flat: 4294967295) (invalid) is ready.
 126000: global: [sn:520] has 1 ready out of 4 sources. RTI 0)
 126000: system.cpu.rename: [tid:0] Looking up integer arch reg 0, got phys reg 55 (integer)
 126000: system.cpu.rename: [tid:0] Register 55 (flat: 55) (integer) is ready.
 126000: global: [sn:520] has 2 ready out of 4 sources. RTI 0)
 126000: system.cpu.rename: [tid:0] Looking up integer arch reg 17, got phys reg 75 (integer)
 126000: system.cpu.rename: [tid:0] Register 75 (flat: 75) (integer) is not ready.
 126000: system.cpu.rename: [tid:0] Looking up miscellaneous arch reg 155, got phys reg 155 (miscellaneous)
 126000: system.cpu.rename: [tid:0] Register 155 (flat: 0) (miscellaneous) is ready.
 126000: global: [sn:520] has 3 ready out of 4 sources. RTI 0)
 126000: system.cpu.rename: calcFreeLQEntries: free lqEntries: 186, loadsInProgress: 6, loads dispatchedToLQ: 2
 126000: system.cpu.rename: [tid:0] Processing instruction [sn:530] with PC (0x40105b=>0x40105d).(0=>1).
 126000: system.cpu.rename: [tid:0] Mascot prediction for load [sn:530] type: 0; distance1: 0; distance2: 0
 126000: system.cpu.rename: [tid:0] Looking up invalid arch reg 0, got phys reg 4294967295 (invalid)
 126000: system.cpu.rename: [tid:0] Register 4294967295 (flat: 4294967295) (invalid) is ready.
 126000: global: [sn:530] has 1 ready out of 4 sources. RTI 0)
 126000: system.cpu.rename: [tid:0] Looking up integer arch reg 0, got phys reg 55 (integer)
 126000: system.cpu.rename: [tid:0] Register 55 (flat: 55) (integer) is ready.
 126000: global: [sn:530] has 2 ready out of 4 sources. RTI 0)
 126000: system.cpu.rename: [tid:0] Looking up integer arch reg 17, got phys reg 75 (integer)
 126000: system.cpu.rename: [tid:0] Register 75 (flat: 75) (integer) is not ready.
 126000: system.cpu.rename: [tid:0] Looking up miscellaneous arch reg 155, got phys reg 155 (miscellaneous)
 126000: system.cpu.rename: [tid:0] Register 155 (flat: 0) (miscellaneous) is ready.
 126000: global: [sn:530] has 3 ready out of 4 sources. RTI 0)
 126000: global: Renamed reg t1 to physical reg 76 (76) old mapping was 75 (75)
 126000: system.cpu.rename: [tid:0] Renaming arch reg 17 (integer) to physical reg 76 (76).
 126000: system.cpu.rename: [tid:0] [sn:530] Adding instruction to history buffer (size=72).
 126000: system.cpu.rename: [tid:0] Processing instruction [sn:540] with PC (0x40105b=>0x40105d).(1=>2).
 126000: system.cpu.rename: [tid:0] Looking up integer arch reg 17, got phys reg 76 (integer)
 126000: system.cpu.rename: [tid:0] Register 76 (flat: 76) (integer) is not ready.
 126000: system.cpu.rename: [tid:0] Looking up integer arch reg 0, got phys reg 55 (integer)
 126000: system.cpu.rename: [tid:0] Register 55 (flat: 55) (integer) is ready.
 126000: global: [sn:540] has 1 ready out of 8 sources. RTI 0)
 126000: system.cpu.rename: [tid:0] Looking up integer arch reg 17, got phys reg 76 (integer)
 126000: system.cpu.rename: [tid:0] Register 76 (flat: 76) (integer) is not ready.
 126000: system.cpu.rename: [tid:0] Looking up invalid arch reg 0, got phys reg 4294967295 (invalid)
 126000: system.cpu.rename: [tid:0] Register 4294967295 (flat: 4294967295) (invalid) is ready.
 126000: global: [sn:540] has 2 ready out of 8 sources. RTI 0)
 126000: system.cpu.rename: [tid:0] Looking up invalid arch reg 0, got phys reg 4294967295 (invalid)
 126000: system.cpu.rename: [tid:0] Register 4294967295 (flat: 4294967295) (invalid) is ready.
 126000: global: [sn:540] has 3 ready out of 8 sources. RTI 0)
 126000: system.cpu.rename: [tid:0] Looking up invalid arch reg 0, got phys reg 4294967295 (invalid)
 126000: system.cpu.rename: [tid:0] Register 4294967295 (flat: 4294967295) (invalid) is ready.
 126000: global: [sn:540] has 4 ready out of 8 sources. RTI 0)
 126000: system.cpu.rename: [tid:0] Looking up invalid arch reg 0, got phys reg 4294967295 (invalid)
 126000: system.cpu.rename: [tid:0] Register 4294967295 (flat: 4294967295) (invalid) is ready.
 126000: global: [sn:540] has 5 ready out of 8 sources. RTI 0)
 126000: system.cpu.rename: [tid:0] Looking up invalid arch reg 0, got phys reg 4294967295 (invalid)
 126000: system.cpu.rename: [tid:0] Register 4294967295 (flat: 4294967295) (invalid) is ready.
 126000: global: [sn:540] has 6 ready out of 8 sources. RTI 0)
 126000: global: Renamed reg t1 to physical reg 77 (77) old mapping was 76 (76)
 126000: system.cpu.rename: [tid:0] Renaming arch reg 17 (integer) to physical reg 77 (77).
 126000: system.cpu.rename: [tid:0] [sn:540] Adding instruction to history buffer (size=73).
 126000: global: Renamed reg condition_code[0] to physical reg 2667 (2667) old mapping was 2665 (2665)
 126000: system.cpu.rename: [tid:0] Renaming arch reg 0 (condition_code) to physical reg 35 (2667).
 126000: system.cpu.rename: [tid:0] [sn:540] Adding instruction to history buffer (size=74).
 126000: global: Renamed reg condition_code[1] to physical reg 2668 (2668) old mapping was 2666 (2666)
 126000: system.cpu.rename: [tid:0] Renaming arch reg 1 (condition_code) to physical reg 36 (2668).
 126000: system.cpu.rename: [tid:0] [sn:540] Adding instruction to history buffer (size=75).
 126000: system.cpu.rename: [tid:0] Renaming arch reg 0 (invalid) to physical reg 4294967295 (4294967295).
 126000: system.cpu.rename: [tid:0] [sn:540] Adding instruction to history buffer (size=76).
 126000: system.cpu.rename: [tid:0] Renaming arch reg 0 (invalid) to physical reg 4294967295 (4294967295).
 126000: system.cpu.rename: [tid:0] [sn:540] Adding instruction to history buffer (size=77).
 126000: system.cpu.rename: [tid:0] Renaming arch reg 0 (invalid) to physical reg 4294967295 (4294967295).
 126000: system.cpu.rename: [tid:0] [sn:540] Adding instruction to history buffer (size=78).
 126000: system.cpu.rename: calcFreeSQEntries: free sqEntries: 105, storesInProgress: 7, stores dispatchedToSQ: 2
 126000: system.cpu.rename: [tid:0] Processing instruction [sn:550] with PC (0x40105b=>0x40105d).(2=>3).
 126000: system.cpu.rename: [tid:0] Looking up invalid arch reg 0, got phys reg 4294967295 (invalid)
 126000: system.cpu.rename: [tid:0] Register 4294967295 (flat: 4294967295) (invalid) is ready.
 126000: global: [sn:550] has 1 ready out of 4 sources. RTI 0)
 126000: system.cpu.rename: [tid:0] Looking up integer arch reg 0, got phys reg 55 (integer)
 126000: system.cpu.rename: [tid:0] Register 55 (flat: 55) (integer) is ready.
 126000: global: [sn:550] has 2 ready out of 4 sources. RTI 0)
 126000: system.cpu.rename: [tid:0] Looking up integer arch reg 17, got phys reg 77 (integer)
 126000: system.cpu.rename: [tid:0] Register 77 (flat: 77) (integer) is not ready.
 126000: system.cpu.rename: [tid:0] Looking up miscellaneous arch reg 155, got phys reg 155 (miscellaneous)
 126000: system.cpu.rename: [tid:0] Register 155 (flat: 0) (miscellaneous) is ready.
 126000: global: [sn:550] has 3 ready out of 4 sources. RTI 0)
 126000: system.cpu.rename: calcFreeLQEntries: free lqEntries: 186, loadsInProgress: 7, loads dispatchedToLQ: 2
 126000: system.cpu.rename: [tid:0] Processing instruction [sn:560] with PC (0x40105d=>0x40105f).(0=>1).
 126000: system.cpu.rename: [tid:0] Mascot prediction for load [sn:560] type: 0; distance1: 0; distance2: 0
 126000: system.cpu.rename: [tid:0] Looking up invalid arch reg 0, got phys reg 4294967295 (invalid)
 126000: system.cpu.rename: [tid:0] Register 4294967295 (flat: 4294967295) (invalid) is ready.
 126000: global: [sn:560] has 1 ready out of 4 sources. RTI 0)
 126000: system.cpu.rename: [tid:0] Looking up integer arch reg 0, got phys reg 55 (integer)
 126000: system.cpu.rename: [tid:0] Register 55 (flat: 55) (integer) is ready.
 126000: global: [sn:560] has 2 ready out of 4 sources. RTI 0)
 126000: system.cpu.rename: [tid:0] Looking up integer arch reg 17, got phys reg 77 (integer)
 126000: system.cpu.rename: [tid:0] Register 77 (flat: 77) (integer) is not ready.
 126000: system.cpu.rename: [tid:0] Looking up miscellaneous arch reg 155, got phys reg 155 (miscellaneous)
 126000: system.cpu.rename: [tid:0] Register 155 (flat: 0) (miscellaneous) is ready.
 126000: global: [sn:560] has 3 ready out of 4 sources. RTI 0)
 126000: global: Renamed reg t1 to physical reg 78 (78) old mapping was 77 (77)
 126000: system.cpu.rename: [tid:0] Renaming arch reg 17 (integer) to physical reg 78 (78).
 126000: system.cpu.rename: [tid:0] [sn:560] Adding instruction to history buffer (size=79).
 126000: system.cpu.rename: Activity this cycle.
 126000: system.cpu.iew: Issue: Processing [tid:0]
 126000: system.cpu.iew: [tid:0] Not blocked, so attempting to run dispatch.
 126000: system.cpu.iew: [tid:0] Issue: Adding PC (0x401051=>0x401053).(1=>2) [sn:390] [tid:0] to IQ.
 126000: system.cpu.iq: Adding instruction [sn:390] PC (0x401051=>0x401053).(1=>2) to the IQ.
 126000: system.cpu.iq: Instruction PC (0x401051=>0x401053).(1=>2) has src reg 66 (integer) that is being added to the dependency chain.
 126000: system.cpu.iq: Instruction PC (0x401051=>0x401053).(1=>2) has src reg 55 (integer) that became ready before it reached the IQ.
 126000: global: [sn:390] has 6 ready out of 8 sources. RTI 0)
 126000: system.cpu.iq: Instruction PC (0x401051=>0x401053).(1=>2) has src reg 66 (integer) that is being added to the dependency chain.
 126000: system.cpu.iew: [tid:0] Issue: Adding PC (0x401051=>0x401053).(2=>3) [sn:400] [tid:0] to IQ.
 126000: system.cpu.iew: [tid:0] Issue: Memory instruction encountered, adding to LSQ.
 126000: system.cpu.iew.lsq.thread0: Inserting store PC (0x401051=>0x401053).(2=>3), idx:9 [sn:400]
 126000: system.cpu.iq: Adding instruction [sn:400] PC (0x401051=>0x401053).(2=>3) to the IQ.
 126000: system.cpu.iq: Instruction PC (0x401051=>0x401053).(2=>3) has src reg 55 (integer) that became ready before it reached the IQ.
 126000: global: [sn:400] has 3 ready out of 4 sources. RTI 0)
 126000: system.cpu.iq: Instruction PC (0x401051=>0x401053).(2=>3) has src reg 67 (integer) that is being added to the dependency chain.
 126000: memdepentry: Memory dependency entry created. memdep_count=12 (0x401051=>0x401053).(2=>3)
 126000: system.cpu.memDep0: No dependency for inst PC (0x401051=>0x401053).(2=>3) [sn:400].
 126000: system.cpu.memDep0: Inserting store/atomic PC (0x401051=>0x401053).(2=>3) [sn:400].
 126000: system.cpu.iew: [tid:0] Issue: Adding PC (0x401053=>0x401055).(0=>1) [sn:410] [tid:0] to IQ.
 126000: system.cpu.iew: [tid:0] Issue: Memory instruction encountered, adding to LSQ.
 126000: system.cpu.iew.lsq.thread0: Inserting load PC (0x401053=>0x401055).(0=>1), idx:10 [sn:410]
 126000: system.cpu.iq: Adding instruction [sn:410] PC (0x401053=>0x401055).(0=>1) to the IQ.
 126000: system.cpu.iq: Instruction PC (0x401053=>0x401055).(0=>1) has src reg 55 (integer) that became ready before it reached the IQ.
 126000: global: [sn:410] has 3 ready out of 4 sources. RTI 0)
 126000: system.cpu.iq: Instruction PC (0x401053=>0x401055).(0=>1) has src reg 67 (integer) that is being added to the dependency chain.
 126000: memdepentry: Memory dependency entry created. memdep_count=13 (0x401053=>0x401055).(0=>1)
 126000: system.cpu.memDep0: No dependency for inst PC (0x401053=>0x401055).(0=>1) [sn:410].
 126000: system.cpu.iew: [tid:0] Issue: Adding PC (0x401053=>0x401055).(1=>2) [sn:420] [tid:0] to IQ.
 126000: system.cpu.iq: Adding instruction [sn:420] PC (0x401053=>0x401055).(1=>2) to the IQ.
 126000: system.cpu.iq: Instruction PC (0x401053=>0x401055).(1=>2) has src reg 68 (integer) that is being added to the dependency chain.
 126000: system.cpu.iq: Instruction PC (0x401053=>0x401055).(1=>2) has src reg 55 (integer) that became ready before it reached the IQ.
 126000: global: [sn:420] has 6 ready out of 8 sources. RTI 0)
 126000: system.cpu.iq: Instruction PC (0x401053=>0x401055).(1=>2) has src reg 68 (integer) that is being added to the dependency chain.
 126000: system.cpu.iew: [tid:0] Issue: Adding PC (0x401053=>0x401055).(2=>3) [sn:430] [tid:0] to IQ.
 126000: system.cpu.iew: [tid:0] Issue: Memory instruction encountered, adding to LSQ.
 126000: system.cpu.iew.lsq.thread0: Inserting store PC (0x401053=>0x401055).(2=>3), idx:10 [sn:430]
 126000: system.cpu.iq: Adding instruction [sn:430] PC (0x401053=>0x401055).(2=>3) to the IQ.
 126000: system.cpu.iq: Instruction PC (0x401053=>0x401055).(2=>3) has src reg 55 (integer) that became ready before it reached the IQ.
 126000: global: [sn:430] has 3 ready out of 4 sources. RTI 0)
 126000: system.cpu.iq: Instruction PC (0x401053=>0x401055).(2=>3) has src reg 69 (integer) that is being added to the dependency chain.
 126000: memdepentry: Memory dependency entry created. memdep_count=14 (0x401053=>0x401055).(2=>3)
 126000: system.cpu.memDep0: No dependency for inst PC (0x401053=>0x401055).(2=>3) [sn:430].
 126000: system.cpu.memDep0: Inserting store/atomic PC (0x401053=>0x401055).(2=>3) [sn:430].
 126000: system.cpu.iew: [tid:0] Issue: Adding PC (0x401055=>0x401057).(0=>1) [sn:440] [tid:0] to IQ.
 126000: system.cpu.iew: [tid:0] Issue: Memory instruction encountered, adding to LSQ.
 126000: system.cpu.iew.lsq.thread0: Inserting load PC (0x401055=>0x401057).(0=>1), idx:11 [sn:440]
 126000: system.cpu.iq: Adding instruction [sn:440] PC (0x401055=>0x401057).(0=>1) to the IQ.
 126000: system.cpu.iq: Instruction PC (0x401055=>0x401057).(0=>1) has src reg 55 (integer) that became ready before it reached the IQ.
 126000: global: [sn:440] has 3 ready out of 4 sources. RTI 0)
 126000: system.cpu.iq: Instruction PC (0x401055=>0x401057).(0=>1) has src reg 69 (integer) that is being added to the dependency chain.
 126000: memdepentry: Memory dependency entry created. memdep_count=15 (0x401055=>0x401057).(0=>1)
 126000: system.cpu.memDep0: No dependency for inst PC (0x401055=>0x401057).(0=>1) [sn:440].
 126000: system.cpu.iq: Attempting to schedule ready instructions from the IQ.
 126000: system.cpu.iq: Not able to schedule any instructions.
 126000: system.cpu.iew.lsq: [tid:0] Writing back stores. 4 stores available for Writeback.
 126000: system.cpu.iew: Processing [tid:0]
 126000: system.cpu.iew: [tid:0], Dispatch dispatched 6 instructions.
 126000: system.cpu.iew.lsq.thread0: SQ size: 114, #stores occupied: 11
 126000: system.cpu.iew.lsq.thread0: LQ size: 192, #loads occupied: 8
 126000: system.cpu.iew: IQ has 182 free entries (Can schedule: 0).  LQ has 184 free entries. SQ has 103 free entries.
 126000: system.cpu.commit: Getting instructions from Rename stage.
 126000: system.cpu.commit: [tid:0] [sn:450] Inserting PC (0x401055=>0x401057).(1=>2) into ROB.
 126000: system.cpu.rob: Adding inst PC (0x401055=>0x401057).(1=>2) to the ROB.
 126000: system.cpu.rob: [tid:0] Now has 25 instructions.
 126000: system.cpu.commit: [tid:0] [sn:460] Inserting PC (0x401055=>0x401057).(2=>3) into ROB.
 126000: system.cpu.rob: Adding inst PC (0x401055=>0x401057).(2=>3) to the ROB.
 126000: system.cpu.rob: [tid:0] Now has 26 instructions.
 126000: system.cpu.commit: [tid:0] [sn:470] Inserting PC (0x401057=>0x401059).(0=>1) into ROB.
 126000: system.cpu.rob: Adding inst PC (0x401057=>0x401059).(0=>1) to the ROB.
 126000: system.cpu.rob: [tid:0] Now has 27 instructions.
 126000: system.cpu.commit: [tid:0] [sn:480] Inserting PC (0x401057=>0x401059).(1=>2) into ROB.
 126000: system.cpu.rob: Adding inst PC (0x401057=>0x401059).(1=>2) to the ROB.
 126000: system.cpu.rob: [tid:0] Now has 28 instructions.
 126000: system.cpu.commit: [tid:0] [sn:490] Inserting PC (0x401057=>0x401059).(2=>3) into ROB.
 126000: system.cpu.rob: Adding inst PC (0x401057=>0x401059).(2=>3) to the ROB.
 126000: system.cpu.rob: [tid:0] Now has 29 instructions.
 126000: system.cpu.commit: [tid:0] [sn:500] Inserting PC (0x401059=>0x40105b).(0=>1) into ROB.
 126000: system.cpu.rob: Adding inst PC (0x401059=>0x40105b).(0=>1) to the ROB.
 126000: system.cpu.rob: [tid:0] Now has 30 instructions.
 126000: system.cpu.commit: Trying to commit instructions in the ROB.
 126000: system.cpu.commit: Trying to commit head instruction, [tid:0] [sn:210]
 126000: system.cpu.commit: [tid:0] [sn:210] Committing instruction with PC (0x40103e=>0x401045).(0=>1)
 126000: system.cpu.rob: [tid:0] Retiring head instruction, instruction PC (0x40103e=>0x401045).(0=>1), [sn:210]
 126000: system.cpu: Removing committed instruction [tid:0] PC (0x40103e=>0x401045).(0=>1) [sn:210]
 126000: system.cpu.commit: Trying to commit head instruction, [tid:0] [sn:220]
 126000: system.cpu.commit: Inst [tid:0] [sn:220] PC (0x401045=>0x401047).(0=>1) has a fault
 126000: system.cpu.commit: [tid:0] [sn:220] Stores outstanding, fault must wait.
 126000: system.cpu.commit: Unable to commit head instruction PC:(0x401045=>0x401047).(0=>1) [tid:0] [sn:220].
 126000: system.cpu.commit: [tid:0] Marking PC (0x401047=>0x401049).(0=>1), [sn:230] ready within ROB.
 126000: system.cpu.commit: [tid:0] Instruction [sn:220] PC (0x401045=>0x401047).(0=>1) is head of ROB and ready to commit
 126000: system.cpu.commit: [tid:0] ROB has 29 insts & 483 free entries.
 126000: system.cpu.commit: Activity This Cycle.
 126000: system.cpu: Removing instruction, [tid:0] [sn:210] PC (0x40103e=>0x401045).(0=>1)
 126000: system.cpu: Scheduling next tick!
 127000: system.cpu: 

O3CPU: Ticking main, O3CPU.
 127000: system.cpu.fetch: Running stage.
 127000: system.cpu.fetch: Attempting to fetch from [tid:0]
 127000: system.cpu.fetch: [tid:0] Adding instructions to queue to decode.
 127000: global: DynInst: [sn:690] Instruction created. Instcount for system.cpu = 53
 127000: system.cpu.fetch: [tid:0] Instruction PC (0x401065=>0x401067).(1=>2) created [sn:690].
 127000: system.cpu.fetch: [tid:0] Instruction is:   ADD_M_R : add   t1b, t1b, al
 127000: system.cpu.fetch: [tid:0] Fetch queue entry created (1/128).
 127000: global: DynInst: [sn:700] Instruction created. Instcount for system.cpu = 54
 127000: system.cpu.fetch: [tid:0] Instruction PC (0x401065=>0x401067).(2=>3) created [sn:700].
 127000: system.cpu.fetch: [tid:0] Instruction is:   ADD_M_R : st   t1b, DS:[rax]
 127000: system.cpu.fetch: [tid:0] Fetch queue entry created (2/128).
 127000: system.cpu.decoder: Decode: Decoded add instruction: 
{
	leg = 0,
	rex = 0,
	vex/xop = 0,
	op = {
		type = one byte,
		op = 0,
		},
	modRM = 0,
	sib = 0,
	immediate = 0,
	displacement = 0
	dispSize = 0}

 127000: global: DynInst: [sn:710] Instruction created. Instcount for system.cpu = 55
 127000: system.cpu.fetch: [tid:0] Instruction PC (0x401067=>0x401069).(0=>1) created [sn:710].
 127000: system.cpu.fetch: [tid:0] Instruction is:   ADD_M_R : ldst   t1b, DS:[rax]
 127000: system.cpu.fetch: [tid:0] Fetch queue entry created (3/128).
 127000: global: DynInst: [sn:720] Instruction created. Instcount for system.cpu = 56
 127000: system.cpu.fetch: [tid:0] Instruction PC (0x401067=>0x401069).(1=>2) created [sn:720].
 127000: system.cpu.fetch: [tid:0] Instruction is:   ADD_M_R : add   t1b, t1b, al
 127000: system.cpu.fetch: [tid:0] Fetch queue entry created (4/128).
 127000: global: DynInst: [sn:730] Instruction created. Instcount for system.cpu = 57
 127000: system.cpu.fetch: [tid:0] Instruction PC (0x401067=>0x401069).(2=>3) created [sn:730].
 127000: system.cpu.fetch: [tid:0] Instruction is:   ADD_M_R : st   t1b, DS:[rax]
 127000: system.cpu.fetch: [tid:0] Fetch queue entry created (5/128).
 127000: system.cpu.decoder: Decode: Decoded add instruction: 
{
	leg = 0,
	rex = 0,
	vex/xop = 0,
	op = {
		type = one byte,
		op = 0,
		},
	modRM = 0,
	sib = 0,
	immediate = 0,
	displacement = 0
	dispSize = 0}

 127000: global: DynInst: [sn:740] Instruction created. Instcount for system.cpu = 58
 127000: system.cpu.fetch: [tid:0] Instruction PC (0x401069=>0x40106b).(0=>1) created [sn:740].
 127000: system.cpu.fetch: [tid:0] Instruction is:   ADD_M_R : ldst   t1b, DS:[rax]
 127000: system.cpu.fetch: [tid:0] Fetch queue entry created (6/128).
 127000: system.cpu.fetch: [tid:0] Done fetching, reached fetch bandwidth for this cycle.
 127000: system.cpu.fetch: [tid:0] [sn:690] Sending instruction to decode from fetch queue. Fetch queue size: 6.
 127000: system.cpu.fetch: [tid:0] [sn:700] Sending instruction to decode from fetch queue. Fetch queue size: 5.
 127000: system.cpu.fetch: [tid:0] [sn:710] Sending instruction to decode from fetch queue. Fetch queue size: 4.
 127000: system.cpu.fetch: [tid:0] [sn:720] Sending instruction to decode from fetch queue. Fetch queue size: 3.
 127000: system.cpu.fetch: [tid:0] [sn:730] Sending instruction to decode from fetch queue. Fetch queue size: 2.
 127000: system.cpu.fetch: [tid:0] [sn:740] Sending instruction to decode from fetch queue. Fetch queue size: 1.
 127000: system.cpu.fetch: Activity this cycle.
 127000: system.cpu: Activity: 12
 127000: system.cpu.decode: Processing [tid:0]
 127000: system.cpu.decode: [tid:0] Bypass moves from Rename: 0
 127000: system.cpu.decode: [tid:0] Not blocked, so attempting to run stage.
 127000: system.cpu.decode: [tid:0] Sending instruction to rename.
 127000: system.cpu.decode: [tid:0] Processing instruction [sn:630] with PC (0x401061=>0x401063).(1=>2)
 127000: system.cpu.decode: [tid:0] Processing instruction [sn:640] with PC (0x401061=>0x401063).(2=>3)
 127000: system.cpu.decode: [tid:0] Processing instruction [sn:650] with PC (0x401063=>0x401065).(0=>1)
 127000: system.cpu.decode: [tid:0] Processing instruction [sn:660] with PC (0x401063=>0x401065).(1=>2)
 127000: system.cpu.decode: [tid:0] Processing instruction [sn:670] with PC (0x401063=>0x401065).(2=>3)
 127000: system.cpu.decode: [tid:0] Processing instruction [sn:680] with PC (0x401065=>0x401067).(0=>1)
 127000: system.cpu.decode: Activity this cycle.
 127000: system.cpu.rename: Processing [tid:0]
 127000: system.cpu.rename: [tid:0] Free IQ: 188, Free ROB: 483, Free LQ: 186, Free SQ: 105, FreeRM 63(449 464 511 1022 63 8 2533)
 127000: system.cpu.rename: [tid:0] 18 instructions not yet in ROB
 127000: system.cpu.rename: calcFreeLQEntries: free lqEntries: 186, loadsInProgress: 6, loads dispatchedToLQ: 2
 127000: system.cpu.rename: [tid:0] Not blocked, so attempting to run stage.
 127000: system.cpu.rename: [tid:0] 6 available instructions to send iew.
 127000: system.cpu.rename: [tid:0] 18 insts pipelining from Rename | 6 insts dispatched to IQ last cycle.
 127000: system.cpu.rename: [tid:0] Sending instructions to IEW.
 127000: system.cpu.rename: [tid:0] Processing instruction [sn:570] with PC (0x40105d=>0x40105f).(1=>2).
 127000: system.cpu.rename: [tid:0] Looking up integer arch reg 17, got phys reg 78 (integer)
 127000: system.cpu.rename: [tid:0] Register 78 (flat: 78) (integer) is not ready.
 127000: system.cpu.rename: [tid:0] Looking up integer arch reg 0, got phys reg 55 (integer)
 127000: system.cpu.rename: [tid:0] Register 55 (flat: 55) (integer) is ready.
 127000: global: [sn:570] has 1 ready out of 8 sources. RTI 0)
 127000: system.cpu.rename: [tid:0] Looking up integer arch reg 17, got phys reg 78 (integer)
 127000: system.cpu.rename: [tid:0] Register 78 (flat: 78) (integer) is not ready.
 127000: system.cpu.rename: [tid:0] Looking up invalid arch reg 0, got phys reg 4294967295 (invalid)
 127000: system.cpu.rename: [tid:0] Register 4294967295 (flat: 4294967295) (invalid) is ready.
 127000: global: [sn:570] has 2 ready out of 8 sources. RTI 0)
 127000: system.cpu.rename: [tid:0] Looking up invalid arch reg 0, got phys reg 4294967295 (invalid)
 127000: system.cpu.rename: [tid:0] Register 4294967295 (flat: 4294967295) (invalid) is ready.
 127000: global: [sn:570] has 3 ready out of 8 sources. RTI 0)
 127000: system.cpu.rename: [tid:0] Looking up invalid arch reg 0, got phys reg 4294967295 (invalid)
 127000: system.cpu.rename: [tid:0] Register 4294967295 (flat: 4294967295) (invalid) is ready.
 127000: global: [sn:570] has 4 ready out of 8 sources. RTI 0)
 127000: system.cpu.rename: [tid:0] Looking up invalid arch reg 0, got phys reg 4294967295 (invalid)
 127000: system.cpu.rename: [tid:0] Register 4294967295 (flat: 4294967295) (invalid) is ready.
 127000: global: [sn:570] has 5 ready out of 8 sources. RTI 0)
 127000: system.cpu.rename: [tid:0] Looking up invalid arch reg 0, got phys reg 4294967295 (invalid)
 127000: system.cpu.rename: [tid:0] Register 4294967295 (flat: 4294967295) (invalid) is ready.
 127000: global: [sn:570] has 6 ready out of 8 sources. RTI 0)
 127000: global: Renamed reg t1 to physical reg 79 (79) old mapping was 78 (78)
 127000: system.cpu.rename: [tid:0] Renaming arch reg 17 (integer) to physical reg 79 (79).
 127000: system.cpu.rename: [tid:0] [sn:570] Adding instruction to history buffer (size=80).
 127000: global: Renamed reg condition_code[0] to physical reg 2669 (2669) old mapping was 2667 (2667)
 127000: system.cpu.rename: [tid:0] Renaming arch reg 0 (condition_code) to physical reg 37 (2669).
 127000: system.cpu.rename: [tid:0] [sn:570] Adding instruction to history buffer (size=81).
 127000: global: Renamed reg condition_code[1] to physical reg 2670 (2670) old mapping was 2668 (2668)
 127000: system.cpu.rename: [tid:0] Renaming arch reg 1 (condition_code) to physical reg 38 (2670).
 127000: system.cpu.rename: [tid:0] [sn:570] Adding instruction to history buffer (size=82).
 127000: system.cpu.rename: [tid:0] Renaming arch reg 0 (invalid) to physical reg 4294967295 (4294967295).
 127000: system.cpu.rename: [tid:0] [sn:570] Adding instruction to history buffer (size=83).
 127000: system.cpu.rename: [tid:0] Renaming arch reg 0 (invalid) to physical reg 4294967295 (4294967295).
 127000: system.cpu.rename: [tid:0] [sn:570] Adding instruction to history buffer (size=84).
 127000: system.cpu.rename: [tid:0] Renaming arch reg 0 (invalid) to physical reg 4294967295 (4294967295).
 127000: system.cpu.rename: [tid:0] [sn:570] Adding instruction to history buffer (size=85).
 127000: system.cpu.rename: calcFreeSQEntries: free sqEntries: 105, storesInProgress: 6, stores dispatchedToSQ: 2
 127000: system.cpu.rename: [tid:0] Processing instruction [sn:580] with PC (0x40105d=>0x40105f).(2=>3).
 127000: system.cpu.rename: [tid:0] Looking up invalid arch reg 0, got phys reg 4294967295 (invalid)
 127000: system.cpu.rename: [tid:0] Register 4294967295 (flat: 4294967295) (invalid) is ready.
 127000: global: [sn:580] has 1 ready out of 4 sources. RTI 0)
 127000: system.cpu.rename: [tid:0] Looking up integer arch reg 0, got phys reg 55 (integer)
 127000: system.cpu.rename: [tid:0] Register 55 (flat: 55) (integer) is ready.
 127000: global: [sn:580] has 2 ready out of 4 sources. RTI 0)
 127000: system.cpu.rename: [tid:0] Looking up integer arch reg 17, got phys reg 79 (integer)
 127000: system.cpu.rename: [tid:0] Register 79 (flat: 79) (integer) is not ready.
 127000: system.cpu.rename: [tid:0] Looking up miscellaneous arch reg 155, got phys reg 155 (miscellaneous)
 127000: system.cpu.rename: [tid:0] Register 155 (flat: 0) (miscellaneous) is ready.
 127000: global: [sn:580] has 3 ready out of 4 sources. RTI 0)
 127000: system.cpu.rename: calcFreeLQEntries: free lqEntries: 186, loadsInProgress: 6, loads dispatchedToLQ: 2
 127000: system.cpu.rename: [tid:0] Processing instruction [sn:590] with PC (0x40105f=>0x401061).(0=>1).
 127000: system.cpu.rename: [tid:0] Mascot prediction for load [sn:590] type: 0; distance1: 0; distance2: 0
 127000: system.cpu.rename: [tid:0] Looking up invalid arch reg 0, got phys reg 4294967295 (invalid)
 127000: system.cpu.rename: [tid:0] Register 4294967295 (flat: 4294967295) (invalid) is ready.
 127000: global: [sn:590] has 1 ready out of 4 sources. RTI 0)
 127000: system.cpu.rename: [tid:0] Looking up integer arch reg 0, got phys reg 55 (integer)
 127000: system.cpu.rename: [tid:0] Register 55 (flat: 55) (integer) is ready.
 127000: global: [sn:590] has 2 ready out of 4 sources. RTI 0)
 127000: system.cpu.rename: [tid:0] Looking up integer arch reg 17, got phys reg 79 (integer)
 127000: system.cpu.rename: [tid:0] Register 79 (flat: 79) (integer) is not ready.
 127000: system.cpu.rename: [tid:0] Looking up miscellaneous arch reg 155, got phys reg 155 (miscellaneous)
 127000: system.cpu.rename: [tid:0] Register 155 (flat: 0) (miscellaneous) is ready.
 127000: global: [sn:590] has 3 ready out of 4 sources. RTI 0)
 127000: global: Renamed reg t1 to physical reg 80 (80) old mapping was 79 (79)
 127000: system.cpu.rename: [tid:0] Renaming arch reg 17 (integer) to physical reg 80 (80).
 127000: system.cpu.rename: [tid:0] [sn:590] Adding instruction to history buffer (size=86).
 127000: system.cpu.rename: [tid:0] Processing instruction [sn:600] with PC (0x40105f=>0x401061).(1=>2).
 127000: system.cpu.rename: [tid:0] Looking up integer arch reg 17, got phys reg 80 (integer)
 127000: system.cpu.rename: [tid:0] Register 80 (flat: 80) (integer) is not ready.
 127000: system.cpu.rename: [tid:0] Looking up integer arch reg 0, got phys reg 55 (integer)
 127000: system.cpu.rename: [tid:0] Register 55 (flat: 55) (integer) is ready.
 127000: global: [sn:600] has 1 ready out of 8 sources. RTI 0)
 127000: system.cpu.rename: [tid:0] Looking up integer arch reg 17, got phys reg 80 (integer)
 127000: system.cpu.rename: [tid:0] Register 80 (flat: 80) (integer) is not ready.
 127000: system.cpu.rename: [tid:0] Looking up invalid arch reg 0, got phys reg 4294967295 (invalid)
 127000: system.cpu.rename: [tid:0] Register 4294967295 (flat: 4294967295) (invalid) is ready.
 127000: global: [sn:600] has 2 ready out of 8 sources. RTI 0)
 127000: system.cpu.rename: [tid:0] Looking up invalid arch reg 0, got phys reg 4294967295 (invalid)
 127000: system.cpu.rename: [tid:0] Register 4294967295 (flat: 4294967295) (invalid) is ready.
 127000: global: [sn:600] has 3 ready out of 8 sources. RTI 0)
 127000: system.cpu.rename: [tid:0] Looking up invalid arch reg 0, got phys reg 4294967295 (invalid)
 127000: system.cpu.rename: [tid:0] Register 4294967295 (flat: 4294967295) (invalid) is ready.
 127000: global: [sn:600] has 4 ready out of 8 sources. RTI 0)
 127000: system.cpu.rename: [tid:0] Looking up invalid arch reg 0, got phys reg 4294967295 (invalid)
 127000: system.cpu.rename: [tid:0] Register 4294967295 (flat: 4294967295) (invalid) is ready.
 127000: global: [sn:600] has 5 ready out of 8 sources. RTI 0)
 127000: system.cpu.rename: [tid:0] Looking up invalid arch reg 0, got phys reg 4294967295 (invalid)
 127000: system.cpu.rename: [tid:0] Register 4294967295 (flat: 4294967295) (invalid) is ready.
 127000: global: [sn:600] has 6 ready out of 8 sources. RTI 0)
 127000: global: Renamed reg t1 to physical reg 81 (81) old mapping was 80 (80)
 127000: system.cpu.rename: [tid:0] Renaming arch reg 17 (integer) to physical reg 81 (81).
 127000: system.cpu.rename: [tid:0] [sn:600] Adding instruction to history buffer (size=87).
 127000: global: Renamed reg condition_code[0] to physical reg 2671 (2671) old mapping was 2669 (2669)
 127000: system.cpu.rename: [tid:0] Renaming arch reg 0 (condition_code) to physical reg 39 (2671).
 127000: system.cpu.rename: [tid:0] [sn:600] Adding instruction to history buffer (size=88).
 127000: global: Renamed reg condition_code[1] to physical reg 2672 (2672) old mapping was 2670 (2670)
 127000: system.cpu.rename: [tid:0] Renaming arch reg 1 (condition_code) to physical reg 40 (2672).
 127000: system.cpu.rename: [tid:0] [sn:600] Adding instruction to history buffer (size=89).
 127000: system.cpu.rename: [tid:0] Renaming arch reg 0 (invalid) to physical reg 4294967295 (4294967295).
 127000: system.cpu.rename: [tid:0] [sn:600] Adding instruction to history buffer (size=90).
 127000: system.cpu.rename: [tid:0] Renaming arch reg 0 (invalid) to physical reg 4294967295 (4294967295).
 127000: system.cpu.rename: [tid:0] [sn:600] Adding instruction to history buffer (size=91).
 127000: system.cpu.rename: [tid:0] Renaming arch reg 0 (invalid) to physical reg 4294967295 (4294967295).
 127000: system.cpu.rename: [tid:0] [sn:600] Adding instruction to history buffer (size=92).
 127000: system.cpu.rename: calcFreeSQEntries: free sqEntries: 105, storesInProgress: 7, stores dispatchedToSQ: 2
 127000: system.cpu.rename: [tid:0] Processing instruction [sn:610] with PC (0x40105f=>0x401061).(2=>3).
 127000: system.cpu.rename: [tid:0] Looking up invalid arch reg 0, got phys reg 4294967295 (invalid)
 127000: system.cpu.rename: [tid:0] Register 4294967295 (flat: 4294967295) (invalid) is ready.
 127000: global: [sn:610] has 1 ready out of 4 sources. RTI 0)
 127000: system.cpu.rename: [tid:0] Looking up integer arch reg 0, got phys reg 55 (integer)
 127000: system.cpu.rename: [tid:0] Register 55 (flat: 55) (integer) is ready.
 127000: global: [sn:610] has 2 ready out of 4 sources. RTI 0)
 127000: system.cpu.rename: [tid:0] Looking up integer arch reg 17, got phys reg 81 (integer)
 127000: system.cpu.rename: [tid:0] Register 81 (flat: 81) (integer) is not ready.
 127000: system.cpu.rename: [tid:0] Looking up miscellaneous arch reg 155, got phys reg 155 (miscellaneous)
 127000: system.cpu.rename: [tid:0] Register 155 (flat: 0) (miscellaneous) is ready.
 127000: global: [sn:610] has 3 ready out of 4 sources. RTI 0)
 127000: system.cpu.rename: calcFreeLQEntries: free lqEntries: 186, loadsInProgress: 7, loads dispatchedToLQ: 2
 127000: system.cpu.rename: [tid:0] Processing instruction [sn:620] with PC (0x401061=>0x401063).(0=>1).
 127000: system.cpu.rename: [tid:0] Mascot prediction for load [sn:620] type: 0; distance1: 0; distance2: 0
 127000: system.cpu.rename: [tid:0] Looking up invalid arch reg 0, got phys reg 4294967295 (invalid)
 127000: system.cpu.rename: [tid:0] Register 4294967295 (flat: 4294967295) (invalid) is ready.
 127000: global: [sn:620] has 1 ready out of 4 sources. RTI 0)
 127000: system.cpu.rename: [tid:0] Looking up integer arch reg 0, got phys reg 55 (integer)
 127000: system.cpu.rename: [tid:0] Register 55 (flat: 55) (integer) is ready.
 127000: global: [sn:620] has 2 ready out of 4 sources. RTI 0)
 127000: system.cpu.rename: [tid:0] Looking up integer arch reg 17, got phys reg 81 (integer)
 127000: system.cpu.rename: [tid:0] Register 81 (flat: 81) (integer) is not ready.
 127000: system.cpu.rename: [tid:0] Looking up miscellaneous arch reg 155, got phys reg 155 (miscellaneous)
 127000: system.cpu.rename: [tid:0] Register 155 (flat: 0) (miscellaneous) is ready.
 127000: global: [sn:620] has 3 ready out of 4 sources. RTI 0)
 127000: global: Renamed reg t1 to physical reg 82 (82) old mapping was 81 (81)
 127000: system.cpu.rename: [tid:0] Renaming arch reg 17 (integer) to physical reg 82 (82).
 127000: system.cpu.rename: [tid:0] [sn:620] Adding instruction to history buffer (size=93).
 127000: system.cpu.rename: Activity this cycle.
 127000: system.cpu.rename: [tid:0] Removing a committed instruction from the history buffer 0 (size=93), until [sn:210].
 127000: system.cpu.rename: [tid:0] Freeing up older rename of reg 45 (integer), [sn:210].
 127000: system.cpu.iew: Issue: Processing [tid:0]
 127000: system.cpu.iew: [tid:0] Not blocked, so attempting to run dispatch.
 127000: system.cpu.iew: [tid:0] Issue: Adding PC (0x401055=>0x401057).(1=>2) [sn:450] [tid:0] to IQ.
 127000: system.cpu.iq: Adding instruction [sn:450] PC (0x401055=>0x401057).(1=>2) to the IQ.
 127000: system.cpu.iq: Instruction PC (0x401055=>0x401057).(1=>2) has src reg 70 (integer) that is being added to the dependency chain.
 127000: system.cpu.iq: Instruction PC (0x401055=>0x401057).(1=>2) has src reg 70 (integer) that is being added to the dependency chain.
 127000: system.cpu.iew: [tid:0] Issue: Adding PC (0x401055=>0x401057).(2=>3) [sn:460] [tid:0] to IQ.
 127000: system.cpu.iew: [tid:0] Issue: Memory instruction encountered, adding to LSQ.
 127000: system.cpu.iew.lsq.thread0: Inserting store PC (0x401055=>0x401057).(2=>3), idx:11 [sn:460]
 127000: system.cpu.iq: Adding instruction [sn:460] PC (0x401055=>0x401057).(2=>3) to the IQ.
 127000: system.cpu.iq: Instruction PC (0x401055=>0x401057).(2=>3) has src reg 71 (integer) that is being added to the dependency chain.
 127000: memdepentry: Memory dependency entry created. memdep_count=16 (0x401055=>0x401057).(2=>3)
 127000: system.cpu.memDep0: No dependency for inst PC (0x401055=>0x401057).(2=>3) [sn:460].
 127000: system.cpu.memDep0: Inserting store/atomic PC (0x401055=>0x401057).(2=>3) [sn:460].
 127000: system.cpu.iew: [tid:0] Issue: Adding PC (0x401057=>0x401059).(0=>1) [sn:470] [tid:0] to IQ.
 127000: system.cpu.iew: [tid:0] Issue: Memory instruction encountered, adding to LSQ.
 127000: system.cpu.iew.lsq.thread0: Inserting load PC (0x401057=>0x401059).(0=>1), idx:12 [sn:470]
 127000: system.cpu.iq: Adding instruction [sn:470] PC (0x401057=>0x401059).(0=>1) to the IQ.
 127000: system.cpu.iq: Instruction PC (0x401057=>0x401059).(0=>1) has src reg 71 (integer) that is being added to the dependency chain.
 127000: memdepentry: Memory dependency entry created. memdep_count=17 (0x401057=>0x401059).(0=>1)
 127000: system.cpu.memDep0: No dependency for inst PC (0x401057=>0x401059).(0=>1) [sn:470].
 127000: system.cpu.iew: [tid:0] Issue: Adding PC (0x401057=>0x401059).(1=>2) [sn:480] [tid:0] to IQ.
 127000: system.cpu.iq: Adding instruction [sn:480] PC (0x401057=>0x401059).(1=>2) to the IQ.
 127000: system.cpu.iq: Instruction PC (0x401057=>0x401059).(1=>2) has src reg 72 (integer) that is being added to the dependency chain.
 127000: system.cpu.iq: Instruction PC (0x401057=>0x401059).(1=>2) has src reg 72 (integer) that is being added to the dependency chain.
 127000: system.cpu.iew: [tid:0] Issue: Adding PC (0x401057=>0x401059).(2=>3) [sn:490] [tid:0] to IQ.
 127000: system.cpu.iew: [tid:0] Issue: Memory instruction encountered, adding to LSQ.
 127000: system.cpu.iew.lsq.thread0: Inserting store PC (0x401057=>0x401059).(2=>3), idx:12 [sn:490]
 127000: system.cpu.iq: Adding instruction [sn:490] PC (0x401057=>0x401059).(2=>3) to the IQ.
 127000: system.cpu.iq: Instruction PC (0x401057=>0x401059).(2=>3) has src reg 73 (integer) that is being added to the dependency chain.
 127000: memdepentry: Memory dependency entry created. memdep_count=18 (0x401057=>0x401059).(2=>3)
 127000: system.cpu.memDep0: No dependency for inst PC (0x401057=>0x401059).(2=>3) [sn:490].
 127000: system.cpu.memDep0: Inserting store/atomic PC (0x401057=>0x401059).(2=>3) [sn:490].
 127000: system.cpu.iew: [tid:0] Issue: Adding PC (0x401059=>0x40105b).(0=>1) [sn:500] [tid:0] to IQ.
 127000: system.cpu.iew: [tid:0] Issue: Memory instruction encountered, adding to LSQ.
 127000: system.cpu.iew.lsq.thread0: Inserting load PC (0x401059=>0x40105b).(0=>1), idx:13 [sn:500]
 127000: system.cpu.iq: Adding instruction [sn:500] PC (0x401059=>0x40105b).(0=>1) to the IQ.
 127000: system.cpu.iq: Instruction PC (0x401059=>0x40105b).(0=>1) has src reg 73 (integer) that is being added to the dependency chain.
 127000: memdepentry: Memory dependency entry created. memdep_count=19 (0x401059=>0x40105b).(0=>1)
 127000: system.cpu.memDep0: No dependency for inst PC (0x401059=>0x40105b).(0=>1) [sn:500].
 127000: system.cpu.iq: Attempting to schedule ready instructions from the IQ.
 127000: system.cpu.iq: Not able to schedule any instructions.
 127000: system.cpu.iew.lsq: [tid:0] Writing back stores. 4 stores available for Writeback.
 127000: system.cpu.iew: Processing [tid:0]
 127000: system.cpu.iq: [tid:0] Committing instructions older than [sn:210]
 127000: system.cpu.iew: [tid:0], Dispatch dispatched 6 instructions.
 127000: system.cpu.iew.lsq.thread0: SQ size: 114, #stores occupied: 13
 127000: system.cpu.iew.lsq.thread0: LQ size: 192, #loads occupied: 10
 127000: system.cpu.iew: IQ has 176 free entries (Can schedule: 0).  LQ has 182 free entries. SQ has 101 free entries.
 127000: system.cpu.commit: Getting instructions from Rename stage.
 127000: system.cpu.commit: [tid:0] [sn:510] Inserting PC (0x401059=>0x40105b).(1=>2) into ROB.
 127000: system.cpu.rob: Adding inst PC (0x401059=>0x40105b).(1=>2) to the ROB.
 127000: system.cpu.rob: [tid:0] Now has 30 instructions.
 127000: system.cpu.commit: [tid:0] [sn:520] Inserting PC (0x401059=>0x40105b).(2=>3) into ROB.
 127000: system.cpu.rob: Adding inst PC (0x401059=>0x40105b).(2=>3) to the ROB.
 127000: system.cpu.rob: [tid:0] Now has 31 instructions.
 127000: system.cpu.commit: [tid:0] [sn:530] Inserting PC (0x40105b=>0x40105d).(0=>1) into ROB.
 127000: system.cpu.rob: Adding inst PC (0x40105b=>0x40105d).(0=>1) to the ROB.
 127000: system.cpu.rob: [tid:0] Now has 32 instructions.
 127000: system.cpu.commit: [tid:0] [sn:540] Inserting PC (0x40105b=>0x40105d).(1=>2) into ROB.
 127000: system.cpu.rob: Adding inst PC (0x40105b=>0x40105d).(1=>2) to the ROB.
 127000: system.cpu.rob: [tid:0] Now has 33 instructions.
 127000: system.cpu.commit: [tid:0] [sn:550] Inserting PC (0x40105b=>0x40105d).(2=>3) into ROB.
 127000: system.cpu.rob: Adding inst PC (0x40105b=>0x40105d).(2=>3) to the ROB.
 127000: system.cpu.rob: [tid:0] Now has 34 instructions.
 127000: system.cpu.commit: [tid:0] [sn:560] Inserting PC (0x40105d=>0x40105f).(0=>1) into ROB.
 127000: system.cpu.rob: Adding inst PC (0x40105d=>0x40105f).(0=>1) to the ROB.
 127000: system.cpu.rob: [tid:0] Now has 35 instructions.
 127000: system.cpu.commit: Trying to commit instructions in the ROB.
 127000: system.cpu.commit: Trying to commit head instruction, [tid:0] [sn:220]
 127000: system.cpu.commit: Inst [tid:0] [sn:220] PC (0x401045=>0x401047).(0=>1) has a fault
 127000: system.cpu.commit: [tid:0] [sn:220] Stores outstanding, fault must wait.
 127000: system.cpu.commit: Unable to commit head instruction PC:(0x401045=>0x401047).(0=>1) [tid:0] [sn:220].
 127000: system.cpu.commit: [tid:0] Instruction [sn:220] PC (0x401045=>0x401047).(0=>1) is head of ROB and ready to commit
 127000: system.cpu.commit: [tid:0] ROB has 35 insts & 477 free entries.
 127000: system.cpu.commit: Activity This Cycle.
 127000: system.cpu: Scheduling next tick!
 128000: system.cpu: 

O3CPU: Ticking main, O3CPU.
 128000: system.cpu.fetch: Running stage.
 128000: system.cpu.fetch: Attempting to fetch from [tid:0]
 128000: system.cpu.fetch: [tid:0] Adding instructions to queue to decode.
 128000: global: DynInst: [sn:750] Instruction created. Instcount for system.cpu = 59
 128000: system.cpu.fetch: [tid:0] Instruction PC (0x401069=>0x40106b).(1=>2) created [sn:750].
 128000: system.cpu.fetch: [tid:0] Instruction is:   ADD_M_R : add   t1b, t1b, al
 128000: system.cpu.fetch: [tid:0] Fetch queue entry created (1/128).
 128000: global: DynInst: [sn:760] Instruction created. Instcount for system.cpu = 60
 128000: system.cpu.fetch: [tid:0] Instruction PC (0x401069=>0x40106b).(2=>3) created [sn:760].
 128000: system.cpu.fetch: [tid:0] Instruction is:   ADD_M_R : st   t1b, DS:[rax]
 128000: system.cpu.fetch: [tid:0] Fetch queue entry created (2/128).
 128000: system.cpu.decoder: Decode: Decoded add instruction: 
{
	leg = 0,
	rex = 0,
	vex/xop = 0,
	op = {
		type = one byte,
		op = 0,
		},
	modRM = 0,
	sib = 0,
	immediate = 0,
	displacement = 0
	dispSize = 0}

 128000: global: DynInst: [sn:770] Instruction created. Instcount for system.cpu = 61
 128000: system.cpu.fetch: [tid:0] Instruction PC (0x40106b=>0x40106d).(0=>1) created [sn:770].
 128000: system.cpu.fetch: [tid:0] Instruction is:   ADD_M_R : ldst   t1b, DS:[rax]
 128000: system.cpu.fetch: [tid:0] Fetch queue entry created (3/128).
 128000: global: DynInst: [sn:780] Instruction created. Instcount for system.cpu = 62
 128000: system.cpu.fetch: [tid:0] Instruction PC (0x40106b=>0x40106d).(1=>2) created [sn:780].
 128000: system.cpu.fetch: [tid:0] Instruction is:   ADD_M_R : add   t1b, t1b, al
 128000: system.cpu.fetch: [tid:0] Fetch queue entry created (4/128).
 128000: global: DynInst: [sn:790] Instruction created. Instcount for system.cpu = 63
 128000: system.cpu.fetch: [tid:0] Instruction PC (0x40106b=>0x40106d).(2=>3) created [sn:790].
 128000: system.cpu.fetch: [tid:0] Instruction is:   ADD_M_R : st   t1b, DS:[rax]
 128000: system.cpu.fetch: [tid:0] Fetch queue entry created (5/128).
 128000: system.cpu.decoder: Decode: Decoded add instruction: 
{
	leg = 0,
	rex = 0,
	vex/xop = 0,
	op = {
		type = one byte,
		op = 0,
		},
	modRM = 0,
	sib = 0,
	immediate = 0,
	displacement = 0
	dispSize = 0}

 128000: global: DynInst: [sn:800] Instruction created. Instcount for system.cpu = 64
 128000: system.cpu.fetch: [tid:0] Instruction PC (0x40106d=>0x40106f).(0=>1) created [sn:800].
 128000: system.cpu.fetch: [tid:0] Instruction is:   ADD_M_R : ldst   t1b, DS:[rax]
 128000: system.cpu.fetch: [tid:0] Fetch queue entry created (6/128).
 128000: system.cpu.fetch: [tid:0] Done fetching, reached fetch bandwidth for this cycle.
 128000: system.cpu.fetch: [tid:0] [sn:750] Sending instruction to decode from fetch queue. Fetch queue size: 6.
 128000: system.cpu.fetch: [tid:0] [sn:760] Sending instruction to decode from fetch queue. Fetch queue size: 5.
 128000: system.cpu.fetch: [tid:0] [sn:770] Sending instruction to decode from fetch queue. Fetch queue size: 4.
 128000: system.cpu.fetch: [tid:0] [sn:780] Sending instruction to decode from fetch queue. Fetch queue size: 3.
 128000: system.cpu.fetch: [tid:0] [sn:790] Sending instruction to decode from fetch queue. Fetch queue size: 2.
 128000: system.cpu.fetch: [tid:0] [sn:800] Sending instruction to decode from fetch queue. Fetch queue size: 1.
 128000: system.cpu.fetch: Activity this cycle.
 128000: system.cpu: Activity: 13
 128000: system.cpu.decode: Processing [tid:0]
 128000: system.cpu.decode: [tid:0] Bypass moves from Rename: 0
 128000: system.cpu.decode: [tid:0] Not blocked, so attempting to run stage.
 128000: system.cpu.decode: [tid:0] Sending instruction to rename.
 128000: system.cpu.decode: [tid:0] Processing instruction [sn:690] with PC (0x401065=>0x401067).(1=>2)
 128000: system.cpu.decode: [tid:0] Processing instruction [sn:700] with PC (0x401065=>0x401067).(2=>3)
 128000: system.cpu.decode: [tid:0] Processing instruction [sn:710] with PC (0x401067=>0x401069).(0=>1)
 128000: system.cpu.decode: [tid:0] Processing instruction [sn:720] with PC (0x401067=>0x401069).(1=>2)
 128000: system.cpu.decode: [tid:0] Processing instruction [sn:730] with PC (0x401067=>0x401069).(2=>3)
 128000: system.cpu.decode: [tid:0] Processing instruction [sn:740] with PC (0x401069=>0x40106b).(0=>1)
 128000: system.cpu.decode: Activity this cycle.
 128000: system.cpu.rename: Processing [tid:0]
 128000: system.cpu.rename: [tid:0] Free IQ: 188, Free ROB: 477, Free LQ: 186, Free SQ: 105, FreeRM 63(446 464 511 1022 63 8 2529)
 128000: system.cpu.rename: [tid:0] 18 instructions not yet in ROB
 128000: system.cpu.rename: calcFreeLQEntries: free lqEntries: 186, loadsInProgress: 6, loads dispatchedToLQ: 2
 128000: system.cpu.rename: [tid:0] Not blocked, so attempting to run stage.
 128000: system.cpu.rename: [tid:0] 6 available instructions to send iew.
 128000: system.cpu.rename: [tid:0] 18 insts pipelining from Rename | 6 insts dispatched to IQ last cycle.
 128000: system.cpu.rename: [tid:0] Sending instructions to IEW.
 128000: system.cpu.rename: [tid:0] Processing instruction [sn:630] with PC (0x401061=>0x401063).(1=>2).
 128000: system.cpu.rename: [tid:0] Looking up integer arch reg 17, got phys reg 82 (integer)
 128000: system.cpu.rename: [tid:0] Register 82 (flat: 82) (integer) is not ready.
 128000: system.cpu.rename: [tid:0] Looking up integer arch reg 0, got phys reg 55 (integer)
 128000: system.cpu.rename: [tid:0] Register 55 (flat: 55) (integer) is ready.
 128000: global: [sn:630] has 1 ready out of 8 sources. RTI 0)
 128000: system.cpu.rename: [tid:0] Looking up integer arch reg 17, got phys reg 82 (integer)
 128000: system.cpu.rename: [tid:0] Register 82 (flat: 82) (integer) is not ready.
 128000: system.cpu.rename: [tid:0] Looking up invalid arch reg 0, got phys reg 4294967295 (invalid)
 128000: system.cpu.rename: [tid:0] Register 4294967295 (flat: 4294967295) (invalid) is ready.
 128000: global: [sn:630] has 2 ready out of 8 sources. RTI 0)
 128000: system.cpu.rename: [tid:0] Looking up invalid arch reg 0, got phys reg 4294967295 (invalid)
 128000: system.cpu.rename: [tid:0] Register 4294967295 (flat: 4294967295) (invalid) is ready.
 128000: global: [sn:630] has 3 ready out of 8 sources. RTI 0)
 128000: system.cpu.rename: [tid:0] Looking up invalid arch reg 0, got phys reg 4294967295 (invalid)
 128000: system.cpu.rename: [tid:0] Register 4294967295 (flat: 4294967295) (invalid) is ready.
 128000: global: [sn:630] has 4 ready out of 8 sources. RTI 0)
 128000: system.cpu.rename: [tid:0] Looking up invalid arch reg 0, got phys reg 4294967295 (invalid)
 128000: system.cpu.rename: [tid:0] Register 4294967295 (flat: 4294967295) (invalid) is ready.
 128000: global: [sn:630] has 5 ready out of 8 sources. RTI 0)
 128000: system.cpu.rename: [tid:0] Looking up invalid arch reg 0, got phys reg 4294967295 (invalid)
 128000: system.cpu.rename: [tid:0] Register 4294967295 (flat: 4294967295) (invalid) is ready.
 128000: global: [sn:630] has 6 ready out of 8 sources. RTI 0)
 128000: global: Renamed reg t1 to physical reg 83 (83) old mapping was 82 (82)
 128000: system.cpu.rename: [tid:0] Renaming arch reg 17 (integer) to physical reg 83 (83).
 128000: system.cpu.rename: [tid:0] [sn:630] Adding instruction to history buffer (size=93).
 128000: global: Renamed reg condition_code[0] to physical reg 2673 (2673) old mapping was 2671 (2671)
 128000: system.cpu.rename: [tid:0] Renaming arch reg 0 (condition_code) to physical reg 41 (2673).
 128000: system.cpu.rename: [tid:0] [sn:630] Adding instruction to history buffer (size=94).
 128000: global: Renamed reg condition_code[1] to physical reg 2674 (2674) old mapping was 2672 (2672)
 128000: system.cpu.rename: [tid:0] Renaming arch reg 1 (condition_code) to physical reg 42 (2674).
 128000: system.cpu.rename: [tid:0] [sn:630] Adding instruction to history buffer (size=95).
 128000: system.cpu.rename: [tid:0] Renaming arch reg 0 (invalid) to physical reg 4294967295 (4294967295).
 128000: system.cpu.rename: [tid:0] [sn:630] Adding instruction to history buffer (size=96).
 128000: system.cpu.rename: [tid:0] Renaming arch reg 0 (invalid) to physical reg 4294967295 (4294967295).
 128000: system.cpu.rename: [tid:0] [sn:630] Adding instruction to history buffer (size=97).
 128000: system.cpu.rename: [tid:0] Renaming arch reg 0 (invalid) to physical reg 4294967295 (4294967295).
 128000: system.cpu.rename: [tid:0] [sn:630] Adding instruction to history buffer (size=98).
 128000: system.cpu.rename: calcFreeSQEntries: free sqEntries: 105, storesInProgress: 6, stores dispatchedToSQ: 2
 128000: system.cpu.rename: [tid:0] Processing instruction [sn:640] with PC (0x401061=>0x401063).(2=>3).
 128000: system.cpu.rename: [tid:0] Looking up invalid arch reg 0, got phys reg 4294967295 (invalid)
 128000: system.cpu.rename: [tid:0] Register 4294967295 (flat: 4294967295) (invalid) is ready.
 128000: global: [sn:640] has 1 ready out of 4 sources. RTI 0)
 128000: system.cpu.rename: [tid:0] Looking up integer arch reg 0, got phys reg 55 (integer)
 128000: system.cpu.rename: [tid:0] Register 55 (flat: 55) (integer) is ready.
 128000: global: [sn:640] has 2 ready out of 4 sources. RTI 0)
 128000: system.cpu.rename: [tid:0] Looking up integer arch reg 17, got phys reg 83 (integer)
 128000: system.cpu.rename: [tid:0] Register 83 (flat: 83) (integer) is not ready.
 128000: system.cpu.rename: [tid:0] Looking up miscellaneous arch reg 155, got phys reg 155 (miscellaneous)
 128000: system.cpu.rename: [tid:0] Register 155 (flat: 0) (miscellaneous) is ready.
 128000: global: [sn:640] has 3 ready out of 4 sources. RTI 0)
 128000: system.cpu.rename: calcFreeLQEntries: free lqEntries: 186, loadsInProgress: 6, loads dispatchedToLQ: 2
 128000: system.cpu.rename: [tid:0] Processing instruction [sn:650] with PC (0x401063=>0x401065).(0=>1).
 128000: system.cpu.rename: [tid:0] Mascot prediction for load [sn:650] type: 0; distance1: 0; distance2: 0
 128000: system.cpu.rename: [tid:0] Looking up invalid arch reg 0, got phys reg 4294967295 (invalid)
 128000: system.cpu.rename: [tid:0] Register 4294967295 (flat: 4294967295) (invalid) is ready.
 128000: global: [sn:650] has 1 ready out of 4 sources. RTI 0)
 128000: system.cpu.rename: [tid:0] Looking up integer arch reg 0, got phys reg 55 (integer)
 128000: system.cpu.rename: [tid:0] Register 55 (flat: 55) (integer) is ready.
 128000: global: [sn:650] has 2 ready out of 4 sources. RTI 0)
 128000: system.cpu.rename: [tid:0] Looking up integer arch reg 17, got phys reg 83 (integer)
 128000: system.cpu.rename: [tid:0] Register 83 (flat: 83) (integer) is not ready.
 128000: system.cpu.rename: [tid:0] Looking up miscellaneous arch reg 155, got phys reg 155 (miscellaneous)
 128000: system.cpu.rename: [tid:0] Register 155 (flat: 0) (miscellaneous) is ready.
 128000: global: [sn:650] has 3 ready out of 4 sources. RTI 0)
 128000: global: Renamed reg t1 to physical reg 84 (84) old mapping was 83 (83)
 128000: system.cpu.rename: [tid:0] Renaming arch reg 17 (integer) to physical reg 84 (84).
 128000: system.cpu.rename: [tid:0] [sn:650] Adding instruction to history buffer (size=99).
 128000: system.cpu.rename: [tid:0] Processing instruction [sn:660] with PC (0x401063=>0x401065).(1=>2).
 128000: system.cpu.rename: [tid:0] Looking up integer arch reg 17, got phys reg 84 (integer)
 128000: system.cpu.rename: [tid:0] Register 84 (flat: 84) (integer) is not ready.
 128000: system.cpu.rename: [tid:0] Looking up integer arch reg 0, got phys reg 55 (integer)
 128000: system.cpu.rename: [tid:0] Register 55 (flat: 55) (integer) is ready.
 128000: global: [sn:660] has 1 ready out of 8 sources. RTI 0)
 128000: system.cpu.rename: [tid:0] Looking up integer arch reg 17, got phys reg 84 (integer)
 128000: system.cpu.rename: [tid:0] Register 84 (flat: 84) (integer) is not ready.
 128000: system.cpu.rename: [tid:0] Looking up invalid arch reg 0, got phys reg 4294967295 (invalid)
 128000: system.cpu.rename: [tid:0] Register 4294967295 (flat: 4294967295) (invalid) is ready.
 128000: global: [sn:660] has 2 ready out of 8 sources. RTI 0)
 128000: system.cpu.rename: [tid:0] Looking up invalid arch reg 0, got phys reg 4294967295 (invalid)
 128000: system.cpu.rename: [tid:0] Register 4294967295 (flat: 4294967295) (invalid) is ready.
 128000: global: [sn:660] has 3 ready out of 8 sources. RTI 0)
 128000: system.cpu.rename: [tid:0] Looking up invalid arch reg 0, got phys reg 4294967295 (invalid)
 128000: system.cpu.rename: [tid:0] Register 4294967295 (flat: 4294967295) (invalid) is ready.
 128000: global: [sn:660] has 4 ready out of 8 sources. RTI 0)
 128000: system.cpu.rename: [tid:0] Looking up invalid arch reg 0, got phys reg 4294967295 (invalid)
 128000: system.cpu.rename: [tid:0] Register 4294967295 (flat: 4294967295) (invalid) is ready.
 128000: global: [sn:660] has 5 ready out of 8 sources. RTI 0)
 128000: system.cpu.rename: [tid:0] Looking up invalid arch reg 0, got phys reg 4294967295 (invalid)
 128000: system.cpu.rename: [tid:0] Register 4294967295 (flat: 4294967295) (invalid) is ready.
 128000: global: [sn:660] has 6 ready out of 8 sources. RTI 0)
 128000: global: Renamed reg t1 to physical reg 85 (85) old mapping was 84 (84)
 128000: system.cpu.rename: [tid:0] Renaming arch reg 17 (integer) to physical reg 85 (85).
 128000: system.cpu.rename: [tid:0] [sn:660] Adding instruction to history buffer (size=100).
 128000: global: Renamed reg condition_code[0] to physical reg 2675 (2675) old mapping was 2673 (2673)
 128000: system.cpu.rename: [tid:0] Renaming arch reg 0 (condition_code) to physical reg 43 (2675).
 128000: system.cpu.rename: [tid:0] [sn:660] Adding instruction to history buffer (size=101).
 128000: global: Renamed reg condition_code[1] to physical reg 2676 (2676) old mapping was 2674 (2674)
 128000: system.cpu.rename: [tid:0] Renaming arch reg 1 (condition_code) to physical reg 44 (2676).
 128000: system.cpu.rename: [tid:0] [sn:660] Adding instruction to history buffer (size=102).
 128000: system.cpu.rename: [tid:0] Renaming arch reg 0 (invalid) to physical reg 4294967295 (4294967295).
 128000: system.cpu.rename: [tid:0] [sn:660] Adding instruction to history buffer (size=103).
 128000: system.cpu.rename: [tid:0] Renaming arch reg 0 (invalid) to physical reg 4294967295 (4294967295).
 128000: system.cpu.rename: [tid:0] [sn:660] Adding instruction to history buffer (size=104).
 128000: system.cpu.rename: [tid:0] Renaming arch reg 0 (invalid) to physical reg 4294967295 (4294967295).
 128000: system.cpu.rename: [tid:0] [sn:660] Adding instruction to history buffer (size=105).
 128000: system.cpu.rename: calcFreeSQEntries: free sqEntries: 105, storesInProgress: 7, stores dispatchedToSQ: 2
 128000: system.cpu.rename: [tid:0] Processing instruction [sn:670] with PC (0x401063=>0x401065).(2=>3).
 128000: system.cpu.rename: [tid:0] Looking up invalid arch reg 0, got phys reg 4294967295 (invalid)
 128000: system.cpu.rename: [tid:0] Register 4294967295 (flat: 4294967295) (invalid) is ready.
 128000: global: [sn:670] has 1 ready out of 4 sources. RTI 0)
 128000: system.cpu.rename: [tid:0] Looking up integer arch reg 0, got phys reg 55 (integer)
 128000: system.cpu.rename: [tid:0] Register 55 (flat: 55) (integer) is ready.
 128000: global: [sn:670] has 2 ready out of 4 sources. RTI 0)
 128000: system.cpu.rename: [tid:0] Looking up integer arch reg 17, got phys reg 85 (integer)
 128000: system.cpu.rename: [tid:0] Register 85 (flat: 85) (integer) is not ready.
 128000: system.cpu.rename: [tid:0] Looking up miscellaneous arch reg 155, got phys reg 155 (miscellaneous)
 128000: system.cpu.rename: [tid:0] Register 155 (flat: 0) (miscellaneous) is ready.
 128000: global: [sn:670] has 3 ready out of 4 sources. RTI 0)
 128000: system.cpu.rename: calcFreeLQEntries: free lqEntries: 186, loadsInProgress: 7, loads dispatchedToLQ: 2
 128000: system.cpu.rename: [tid:0] Processing instruction [sn:680] with PC (0x401065=>0x401067).(0=>1).
 128000: system.cpu.rename: [tid:0] Mascot prediction for load [sn:680] type: 0; distance1: 0; distance2: 0
 128000: system.cpu.rename: [tid:0] Looking up invalid arch reg 0, got phys reg 4294967295 (invalid)
 128000: system.cpu.rename: [tid:0] Register 4294967295 (flat: 4294967295) (invalid) is ready.
 128000: global: [sn:680] has 1 ready out of 4 sources. RTI 0)
 128000: system.cpu.rename: [tid:0] Looking up integer arch reg 0, got phys reg 55 (integer)
 128000: system.cpu.rename: [tid:0] Register 55 (flat: 55) (integer) is ready.
 128000: global: [sn:680] has 2 ready out of 4 sources. RTI 0)
 128000: system.cpu.rename: [tid:0] Looking up integer arch reg 17, got phys reg 85 (integer)
 128000: system.cpu.rename: [tid:0] Register 85 (flat: 85) (integer) is not ready.
 128000: system.cpu.rename: [tid:0] Looking up miscellaneous arch reg 155, got phys reg 155 (miscellaneous)
 128000: system.cpu.rename: [tid:0] Register 155 (flat: 0) (miscellaneous) is ready.
 128000: global: [sn:680] has 3 ready out of 4 sources. RTI 0)
 128000: global: Renamed reg t1 to physical reg 86 (86) old mapping was 85 (85)
 128000: system.cpu.rename: [tid:0] Renaming arch reg 17 (integer) to physical reg 86 (86).
 128000: system.cpu.rename: [tid:0] [sn:680] Adding instruction to history buffer (size=106).
 128000: system.cpu.rename: Activity this cycle.
 128000: system.cpu.iew: Issue: Processing [tid:0]
 128000: system.cpu.iew: [tid:0] Not blocked, so attempting to run dispatch.
 128000: system.cpu.iew: [tid:0] Issue: Adding PC (0x401059=>0x40105b).(1=>2) [sn:510] [tid:0] to IQ.
 128000: system.cpu.iq: Adding instruction [sn:510] PC (0x401059=>0x40105b).(1=>2) to the IQ.
 128000: system.cpu.iq: Instruction PC (0x401059=>0x40105b).(1=>2) has src reg 74 (integer) that is being added to the dependency chain.
 128000: system.cpu.iq: Instruction PC (0x401059=>0x40105b).(1=>2) has src reg 74 (integer) that is being added to the dependency chain.
 128000: system.cpu.iew: [tid:0] Issue: Adding PC (0x401059=>0x40105b).(2=>3) [sn:520] [tid:0] to IQ.
 128000: system.cpu.iew: [tid:0] Issue: Memory instruction encountered, adding to LSQ.
 128000: system.cpu.iew.lsq.thread0: Inserting store PC (0x401059=>0x40105b).(2=>3), idx:13 [sn:520]
 128000: system.cpu.iq: Adding instruction [sn:520] PC (0x401059=>0x40105b).(2=>3) to the IQ.
 128000: system.cpu.iq: Instruction PC (0x401059=>0x40105b).(2=>3) has src reg 75 (integer) that is being added to the dependency chain.
 128000: memdepentry: Memory dependency entry created. memdep_count=20 (0x401059=>0x40105b).(2=>3)
 128000: system.cpu.memDep0: No dependency for inst PC (0x401059=>0x40105b).(2=>3) [sn:520].
 128000: system.cpu.memDep0: Inserting store/atomic PC (0x401059=>0x40105b).(2=>3) [sn:520].
 128000: system.cpu.iew: [tid:0] Issue: Adding PC (0x40105b=>0x40105d).(0=>1) [sn:530] [tid:0] to IQ.
 128000: system.cpu.iew: [tid:0] Issue: Memory instruction encountered, adding to LSQ.
 128000: system.cpu.iew.lsq.thread0: Inserting load PC (0x40105b=>0x40105d).(0=>1), idx:14 [sn:530]
 128000: system.cpu.iq: Adding instruction [sn:530] PC (0x40105b=>0x40105d).(0=>1) to the IQ.
 128000: system.cpu.iq: Instruction PC (0x40105b=>0x40105d).(0=>1) has src reg 75 (integer) that is being added to the dependency chain.
 128000: memdepentry: Memory dependency entry created. memdep_count=21 (0x40105b=>0x40105d).(0=>1)
 128000: system.cpu.memDep0: No dependency for inst PC (0x40105b=>0x40105d).(0=>1) [sn:530].
 128000: system.cpu.iew: [tid:0] Issue: Adding PC (0x40105b=>0x40105d).(1=>2) [sn:540] [tid:0] to IQ.
 128000: system.cpu.iq: Adding instruction [sn:540] PC (0x40105b=>0x40105d).(1=>2) to the IQ.
 128000: system.cpu.iq: Instruction PC (0x40105b=>0x40105d).(1=>2) has src reg 76 (integer) that is being added to the dependency chain.
 128000: system.cpu.iq: Instruction PC (0x40105b=>0x40105d).(1=>2) has src reg 76 (integer) that is being added to the dependency chain.
 128000: system.cpu.iew: [tid:0] Issue: Adding PC (0x40105b=>0x40105d).(2=>3) [sn:550] [tid:0] to IQ.
 128000: system.cpu.iew: [tid:0] Issue: Memory instruction encountered, adding to LSQ.
 128000: system.cpu.iew.lsq.thread0: Inserting store PC (0x40105b=>0x40105d).(2=>3), idx:14 [sn:550]
 128000: system.cpu.iq: Adding instruction [sn:550] PC (0x40105b=>0x40105d).(2=>3) to the IQ.
 128000: system.cpu.iq: Instruction PC (0x40105b=>0x40105d).(2=>3) has src reg 77 (integer) that is being added to the dependency chain.
 128000: memdepentry: Memory dependency entry created. memdep_count=22 (0x40105b=>0x40105d).(2=>3)
 128000: system.cpu.memDep0: No dependency for inst PC (0x40105b=>0x40105d).(2=>3) [sn:550].
 128000: system.cpu.memDep0: Inserting store/atomic PC (0x40105b=>0x40105d).(2=>3) [sn:550].
 128000: system.cpu.iew: [tid:0] Issue: Adding PC (0x40105d=>0x40105f).(0=>1) [sn:560] [tid:0] to IQ.
 128000: system.cpu.iew: [tid:0] Issue: Memory instruction encountered, adding to LSQ.
 128000: system.cpu.iew.lsq.thread0: Inserting load PC (0x40105d=>0x40105f).(0=>1), idx:15 [sn:560]
 128000: system.cpu.iq: Adding instruction [sn:560] PC (0x40105d=>0x40105f).(0=>1) to the IQ.
 128000: system.cpu.iq: Instruction PC (0x40105d=>0x40105f).(0=>1) has src reg 77 (integer) that is being added to the dependency chain.
 128000: memdepentry: Memory dependency entry created. memdep_count=23 (0x40105d=>0x40105f).(0=>1)
 128000: system.cpu.memDep0: No dependency for inst PC (0x40105d=>0x40105f).(0=>1) [sn:560].
 128000: system.cpu.iq: Attempting to schedule ready instructions from the IQ.
 128000: system.cpu.iq: Not able to schedule any instructions.
 128000: system.cpu.iew.lsq: [tid:0] Writing back stores. 4 stores available for Writeback.
 128000: system.cpu.iew: Processing [tid:0]
 128000: system.cpu.iew.lsq.thread0: LQ size: 192, #loads occupied: 12
 128000: system.cpu.iew.lsq.thread0: SQ size: 114, #stores occupied: 15
 128000: system.cpu.iew: [tid:0], Dispatch dispatched 6 instructions.
 128000: system.cpu.iew.lsq.thread0: SQ size: 114, #stores occupied: 15
 128000: system.cpu.iew.lsq.thread0: LQ size: 192, #loads occupied: 12
 128000: system.cpu.iew: IQ has 170 free entries (Can schedule: 0).  LQ has 180 free entries. SQ has 99 free entries.
 128000: system.cpu.iew: Activity this cycle.
 128000: system.cpu.commit: Getting instructions from Rename stage.
 128000: system.cpu.commit: [tid:0] [sn:570] Inserting PC (0x40105d=>0x40105f).(1=>2) into ROB.
 128000: system.cpu.rob: Adding inst PC (0x40105d=>0x40105f).(1=>2) to the ROB.
 128000: system.cpu.rob: [tid:0] Now has 36 instructions.
 128000: system.cpu.commit: [tid:0] [sn:580] Inserting PC (0x40105d=>0x40105f).(2=>3) into ROB.
 128000: system.cpu.rob: Adding inst PC (0x40105d=>0x40105f).(2=>3) to the ROB.
 128000: system.cpu.rob: [tid:0] Now has 37 instructions.
 128000: system.cpu.commit: [tid:0] [sn:590] Inserting PC (0x40105f=>0x401061).(0=>1) into ROB.
 128000: system.cpu.rob: Adding inst PC (0x40105f=>0x401061).(0=>1) to the ROB.
 128000: system.cpu.rob: [tid:0] Now has 38 instructions.
 128000: system.cpu.commit: [tid:0] [sn:600] Inserting PC (0x40105f=>0x401061).(1=>2) into ROB.
 128000: system.cpu.rob: Adding inst PC (0x40105f=>0x401061).(1=>2) to the ROB.
 128000: system.cpu.rob: [tid:0] Now has 39 instructions.
 128000: system.cpu.commit: [tid:0] [sn:610] Inserting PC (0x40105f=>0x401061).(2=>3) into ROB.
 128000: system.cpu.rob: Adding inst PC (0x40105f=>0x401061).(2=>3) to the ROB.
 128000: system.cpu.rob: [tid:0] Now has 40 instructions.
 128000: system.cpu.commit: [tid:0] [sn:620] Inserting PC (0x401061=>0x401063).(0=>1) into ROB.
 128000: system.cpu.rob: Adding inst PC (0x401061=>0x401063).(0=>1) to the ROB.
 128000: system.cpu.rob: [tid:0] Now has 41 instructions.
 128000: system.cpu.commit: Trying to commit instructions in the ROB.
 128000: system.cpu.commit: Trying to commit head instruction, [tid:0] [sn:220]
 128000: system.cpu.commit: Inst [tid:0] [sn:220] PC (0x401045=>0x401047).(0=>1) has a fault
 128000: system.cpu.commit: [tid:0] [sn:220] Stores outstanding, fault must wait.
 128000: system.cpu.commit: Unable to commit head instruction PC:(0x401045=>0x401047).(0=>1) [tid:0] [sn:220].
 128000: system.cpu.commit: [tid:0] Instruction [sn:220] PC (0x401045=>0x401047).(0=>1) is head of ROB and ready to commit
 128000: system.cpu.commit: [tid:0] ROB has 41 insts & 471 free entries.
 128000: system.cpu.commit: Activity This Cycle.
 128000: system.cpu: Scheduling next tick!
 129000: system.cpu: CPU already running.
 129000: system.cpu: Activity: 14
 129000: system.cpu.iew.lsq.thread0: Completing store [sn:40], idx:0, store head idx:1
O3PipeView:fetch:58000:0x00401004:1:40:  MOV_M_I : st   t1d, SS:[t0 + rsp]
O3PipeView:decode:59000
O3PipeView:rename:60000
O3PipeView:dispatch:62000
O3PipeView:issue:64000
O3PipeView:complete:65000
O3PipeView:retire:67000:store:129000
 129000: global: DynInst: [sn:40] Instruction destroyed. Instcount for system.cpu = 63
 129000: system.cpu: 

O3CPU: Ticking main, O3CPU.
 129000: system.cpu.fetch: Running stage.
 129000: system.cpu.fetch: Attempting to fetch from [tid:0]
 129000: system.cpu.fetch: [tid:0] Adding instructions to queue to decode.
 129000: global: DynInst: [sn:810] Instruction created. Instcount for system.cpu = 64
 129000: system.cpu.fetch: [tid:0] Instruction PC (0x40106d=>0x40106f).(1=>2) created [sn:810].
 129000: system.cpu.fetch: [tid:0] Instruction is:   ADD_M_R : add   t1b, t1b, al
 129000: system.cpu.fetch: [tid:0] Fetch queue entry created (1/128).
 129000: global: DynInst: [sn:820] Instruction created. Instcount for system.cpu = 65
 129000: system.cpu.fetch: [tid:0] Instruction PC (0x40106d=>0x40106f).(2=>3) created [sn:820].
 129000: system.cpu.fetch: [tid:0] Instruction is:   ADD_M_R : st   t1b, DS:[rax]
 129000: system.cpu.fetch: [tid:0] Fetch queue entry created (2/128).
 129000: system.cpu.decoder: Decode: Decoded add instruction: 
{
	leg = 0,
	rex = 0,
	vex/xop = 0,
	op = {
		type = one byte,
		op = 0,
		},
	modRM = 0,
	sib = 0,
	immediate = 0,
	displacement = 0
	dispSize = 0}

 129000: global: DynInst: [sn:830] Instruction created. Instcount for system.cpu = 66
 129000: system.cpu.fetch: [tid:0] Instruction PC (0x40106f=>0x401071).(0=>1) created [sn:830].
 129000: system.cpu.fetch: [tid:0] Instruction is:   ADD_M_R : ldst   t1b, DS:[rax]
 129000: system.cpu.fetch: [tid:0] Fetch queue entry created (3/128).
 129000: global: DynInst: [sn:840] Instruction created. Instcount for system.cpu = 67
 129000: system.cpu.fetch: [tid:0] Instruction PC (0x40106f=>0x401071).(1=>2) created [sn:840].
 129000: system.cpu.fetch: [tid:0] Instruction is:   ADD_M_R : add   t1b, t1b, al
 129000: system.cpu.fetch: [tid:0] Fetch queue entry created (4/128).
 129000: global: DynInst: [sn:850] Instruction created. Instcount for system.cpu = 68
 129000: system.cpu.fetch: [tid:0] Instruction PC (0x40106f=>0x401071).(2=>3) created [sn:850].
 129000: system.cpu.fetch: [tid:0] Instruction is:   ADD_M_R : st   t1b, DS:[rax]
 129000: system.cpu.fetch: [tid:0] Fetch queue entry created (5/128).
 129000: system.cpu.decoder: Decode: Decoded add instruction: 
{
	leg = 0,
	rex = 0,
	vex/xop = 0,
	op = {
		type = one byte,
		op = 0,
		},
	modRM = 0,
	sib = 0,
	immediate = 0,
	displacement = 0
	dispSize = 0}

 129000: global: DynInst: [sn:860] Instruction created. Instcount for system.cpu = 69
 129000: system.cpu.fetch: [tid:0] Instruction PC (0x401071=>0x401073).(0=>1) created [sn:860].
 129000: system.cpu.fetch: [tid:0] Instruction is:   ADD_M_R : ldst   t1b, DS:[rax]
 129000: system.cpu.fetch: [tid:0] Fetch queue entry created (6/128).
 129000: system.cpu.fetch: [tid:0] Done fetching, reached fetch bandwidth for this cycle.
 129000: system.cpu.fetch: [tid:0] [sn:810] Sending instruction to decode from fetch queue. Fetch queue size: 6.
 129000: system.cpu.fetch: [tid:0] [sn:820] Sending instruction to decode from fetch queue. Fetch queue size: 5.
 129000: system.cpu.fetch: [tid:0] [sn:830] Sending instruction to decode from fetch queue. Fetch queue size: 4.
 129000: system.cpu.fetch: [tid:0] [sn:840] Sending instruction to decode from fetch queue. Fetch queue size: 3.
 129000: system.cpu.fetch: [tid:0] [sn:850] Sending instruction to decode from fetch queue. Fetch queue size: 2.
 129000: system.cpu.fetch: [tid:0] [sn:860] Sending instruction to decode from fetch queue. Fetch queue size: 1.
 129000: system.cpu.fetch: Activity this cycle.
 129000: system.cpu.decode: Processing [tid:0]
 129000: system.cpu.decode: [tid:0] Bypass moves from Rename: 0
 129000: system.cpu.decode: [tid:0] Not blocked, so attempting to run stage.
 129000: system.cpu.decode: [tid:0] Sending instruction to rename.
 129000: system.cpu.decode: [tid:0] Processing instruction [sn:750] with PC (0x401069=>0x40106b).(1=>2)
 129000: system.cpu.decode: [tid:0] Processing instruction [sn:760] with PC (0x401069=>0x40106b).(2=>3)
 129000: system.cpu.decode: [tid:0] Processing instruction [sn:770] with PC (0x40106b=>0x40106d).(0=>1)
 129000: system.cpu.decode: [tid:0] Processing instruction [sn:780] with PC (0x40106b=>0x40106d).(1=>2)
 129000: system.cpu.decode: [tid:0] Processing instruction [sn:790] with PC (0x40106b=>0x40106d).(2=>3)
 129000: system.cpu.decode: [tid:0] Processing instruction [sn:800] with PC (0x40106d=>0x40106f).(0=>1)
 129000: system.cpu.decode: Activity this cycle.
 129000: system.cpu.rename: Processing [tid:0]
 129000: system.cpu.rename: [tid:0] Free IQ: 170, Free ROB: 471, Free LQ: 180, Free SQ: 99, FreeRM 63(442 464 511 1022 63 8 2525)
 129000: system.cpu.rename: [tid:0] 18 instructions not yet in ROB
 129000: system.cpu.rename: calcFreeLQEntries: free lqEntries: 180, loadsInProgress: 6, loads dispatchedToLQ: 2
 129000: system.cpu.rename: [tid:0] Not blocked, so attempting to run stage.
 129000: system.cpu.rename: [tid:0] 6 available instructions to send iew.
 129000: system.cpu.rename: [tid:0] 18 insts pipelining from Rename | 6 insts dispatched to IQ last cycle.
 129000: system.cpu.rename: [tid:0] Sending instructions to IEW.
 129000: system.cpu.rename: [tid:0] Processing instruction [sn:690] with PC (0x401065=>0x401067).(1=>2).
 129000: system.cpu.rename: [tid:0] Looking up integer arch reg 17, got phys reg 86 (integer)
 129000: system.cpu.rename: [tid:0] Register 86 (flat: 86) (integer) is not ready.
 129000: system.cpu.rename: [tid:0] Looking up integer arch reg 0, got phys reg 55 (integer)
 129000: system.cpu.rename: [tid:0] Register 55 (flat: 55) (integer) is ready.
 129000: global: [sn:690] has 1 ready out of 8 sources. RTI 0)
 129000: system.cpu.rename: [tid:0] Looking up integer arch reg 17, got phys reg 86 (integer)
 129000: system.cpu.rename: [tid:0] Register 86 (flat: 86) (integer) is not ready.
 129000: system.cpu.rename: [tid:0] Looking up invalid arch reg 0, got phys reg 4294967295 (invalid)
 129000: system.cpu.rename: [tid:0] Register 4294967295 (flat: 4294967295) (invalid) is ready.
 129000: global: [sn:690] has 2 ready out of 8 sources. RTI 0)
 129000: system.cpu.rename: [tid:0] Looking up invalid arch reg 0, got phys reg 4294967295 (invalid)
 129000: system.cpu.rename: [tid:0] Register 4294967295 (flat: 4294967295) (invalid) is ready.
 129000: global: [sn:690] has 3 ready out of 8 sources. RTI 0)
 129000: system.cpu.rename: [tid:0] Looking up invalid arch reg 0, got phys reg 4294967295 (invalid)
 129000: system.cpu.rename: [tid:0] Register 4294967295 (flat: 4294967295) (invalid) is ready.
 129000: global: [sn:690] has 4 ready out of 8 sources. RTI 0)
 129000: system.cpu.rename: [tid:0] Looking up invalid arch reg 0, got phys reg 4294967295 (invalid)
 129000: system.cpu.rename: [tid:0] Register 4294967295 (flat: 4294967295) (invalid) is ready.
 129000: global: [sn:690] has 5 ready out of 8 sources. RTI 0)
 129000: system.cpu.rename: [tid:0] Looking up invalid arch reg 0, got phys reg 4294967295 (invalid)
 129000: system.cpu.rename: [tid:0] Register 4294967295 (flat: 4294967295) (invalid) is ready.
 129000: global: [sn:690] has 6 ready out of 8 sources. RTI 0)
 129000: global: Renamed reg t1 to physical reg 87 (87) old mapping was 86 (86)
 129000: system.cpu.rename: [tid:0] Renaming arch reg 17 (integer) to physical reg 87 (87).
 129000: system.cpu.rename: [tid:0] [sn:690] Adding instruction to history buffer (size=107).
 129000: global: Renamed reg condition_code[0] to physical reg 2677 (2677) old mapping was 2675 (2675)
 129000: system.cpu.rename: [tid:0] Renaming arch reg 0 (condition_code) to physical reg 45 (2677).
 129000: system.cpu.rename: [tid:0] [sn:690] Adding instruction to history buffer (size=108).
 129000: global: Renamed reg condition_code[1] to physical reg 2678 (2678) old mapping was 2676 (2676)
 129000: system.cpu.rename: [tid:0] Renaming arch reg 1 (condition_code) to physical reg 46 (2678).
 129000: system.cpu.rename: [tid:0] [sn:690] Adding instruction to history buffer (size=109).
 129000: system.cpu.rename: [tid:0] Renaming arch reg 0 (invalid) to physical reg 4294967295 (4294967295).
 129000: system.cpu.rename: [tid:0] [sn:690] Adding instruction to history buffer (size=110).
 129000: system.cpu.rename: [tid:0] Renaming arch reg 0 (invalid) to physical reg 4294967295 (4294967295).
 129000: system.cpu.rename: [tid:0] [sn:690] Adding instruction to history buffer (size=111).
 129000: system.cpu.rename: [tid:0] Renaming arch reg 0 (invalid) to physical reg 4294967295 (4294967295).
 129000: system.cpu.rename: [tid:0] [sn:690] Adding instruction to history buffer (size=112).
 129000: system.cpu.rename: calcFreeSQEntries: free sqEntries: 99, storesInProgress: 6, stores dispatchedToSQ: 2
 129000: system.cpu.rename: [tid:0] Processing instruction [sn:700] with PC (0x401065=>0x401067).(2=>3).
 129000: system.cpu.rename: [tid:0] Looking up invalid arch reg 0, got phys reg 4294967295 (invalid)
 129000: system.cpu.rename: [tid:0] Register 4294967295 (flat: 4294967295) (invalid) is ready.
 129000: global: [sn:700] has 1 ready out of 4 sources. RTI 0)
 129000: system.cpu.rename: [tid:0] Looking up integer arch reg 0, got phys reg 55 (integer)
 129000: system.cpu.rename: [tid:0] Register 55 (flat: 55) (integer) is ready.
 129000: global: [sn:700] has 2 ready out of 4 sources. RTI 0)
 129000: system.cpu.rename: [tid:0] Looking up integer arch reg 17, got phys reg 87 (integer)
 129000: system.cpu.rename: [tid:0] Register 87 (flat: 87) (integer) is not ready.
 129000: system.cpu.rename: [tid:0] Looking up miscellaneous arch reg 155, got phys reg 155 (miscellaneous)
 129000: system.cpu.rename: [tid:0] Register 155 (flat: 0) (miscellaneous) is ready.
 129000: global: [sn:700] has 3 ready out of 4 sources. RTI 0)
 129000: system.cpu.rename: calcFreeLQEntries: free lqEntries: 180, loadsInProgress: 6, loads dispatchedToLQ: 2
 129000: system.cpu.rename: [tid:0] Processing instruction [sn:710] with PC (0x401067=>0x401069).(0=>1).
 129000: system.cpu.rename: [tid:0] Mascot prediction for load [sn:710] type: 0; distance1: 0; distance2: 0
 129000: system.cpu.rename: [tid:0] Looking up invalid arch reg 0, got phys reg 4294967295 (invalid)
 129000: system.cpu.rename: [tid:0] Register 4294967295 (flat: 4294967295) (invalid) is ready.
 129000: global: [sn:710] has 1 ready out of 4 sources. RTI 0)
 129000: system.cpu.rename: [tid:0] Looking up integer arch reg 0, got phys reg 55 (integer)
 129000: system.cpu.rename: [tid:0] Register 55 (flat: 55) (integer) is ready.
 129000: global: [sn:710] has 2 ready out of 4 sources. RTI 0)
 129000: system.cpu.rename: [tid:0] Looking up integer arch reg 17, got phys reg 87 (integer)
 129000: system.cpu.rename: [tid:0] Register 87 (flat: 87) (integer) is not ready.
 129000: system.cpu.rename: [tid:0] Looking up miscellaneous arch reg 155, got phys reg 155 (miscellaneous)
 129000: system.cpu.rename: [tid:0] Register 155 (flat: 0) (miscellaneous) is ready.
 129000: global: [sn:710] has 3 ready out of 4 sources. RTI 0)
 129000: global: Renamed reg t1 to physical reg 88 (88) old mapping was 87 (87)
 129000: system.cpu.rename: [tid:0] Renaming arch reg 17 (integer) to physical reg 88 (88).
 129000: system.cpu.rename: [tid:0] [sn:710] Adding instruction to history buffer (size=113).
 129000: system.cpu.rename: [tid:0] Processing instruction [sn:720] with PC (0x401067=>0x401069).(1=>2).
 129000: system.cpu.rename: [tid:0] Looking up integer arch reg 17, got phys reg 88 (integer)
 129000: system.cpu.rename: [tid:0] Register 88 (flat: 88) (integer) is not ready.
 129000: system.cpu.rename: [tid:0] Looking up integer arch reg 0, got phys reg 55 (integer)
 129000: system.cpu.rename: [tid:0] Register 55 (flat: 55) (integer) is ready.
 129000: global: [sn:720] has 1 ready out of 8 sources. RTI 0)
 129000: system.cpu.rename: [tid:0] Looking up integer arch reg 17, got phys reg 88 (integer)
 129000: system.cpu.rename: [tid:0] Register 88 (flat: 88) (integer) is not ready.
 129000: system.cpu.rename: [tid:0] Looking up invalid arch reg 0, got phys reg 4294967295 (invalid)
 129000: system.cpu.rename: [tid:0] Register 4294967295 (flat: 4294967295) (invalid) is ready.
 129000: global: [sn:720] has 2 ready out of 8 sources. RTI 0)
 129000: system.cpu.rename: [tid:0] Looking up invalid arch reg 0, got phys reg 4294967295 (invalid)
 129000: system.cpu.rename: [tid:0] Register 4294967295 (flat: 4294967295) (invalid) is ready.
 129000: global: [sn:720] has 3 ready out of 8 sources. RTI 0)
 129000: system.cpu.rename: [tid:0] Looking up invalid arch reg 0, got phys reg 4294967295 (invalid)
 129000: system.cpu.rename: [tid:0] Register 4294967295 (flat: 4294967295) (invalid) is ready.
 129000: global: [sn:720] has 4 ready out of 8 sources. RTI 0)
 129000: system.cpu.rename: [tid:0] Looking up invalid arch reg 0, got phys reg 4294967295 (invalid)
 129000: system.cpu.rename: [tid:0] Register 4294967295 (flat: 4294967295) (invalid) is ready.
 129000: global: [sn:720] has 5 ready out of 8 sources. RTI 0)
 129000: system.cpu.rename: [tid:0] Looking up invalid arch reg 0, got phys reg 4294967295 (invalid)
 129000: system.cpu.rename: [tid:0] Register 4294967295 (flat: 4294967295) (invalid) is ready.
 129000: global: [sn:720] has 6 ready out of 8 sources. RTI 0)
 129000: global: Renamed reg t1 to physical reg 89 (89) old mapping was 88 (88)
 129000: system.cpu.rename: [tid:0] Renaming arch reg 17 (integer) to physical reg 89 (89).
 129000: system.cpu.rename: [tid:0] [sn:720] Adding instruction to history buffer (size=114).
 129000: global: Renamed reg condition_code[0] to physical reg 2679 (2679) old mapping was 2677 (2677)
 129000: system.cpu.rename: [tid:0] Renaming arch reg 0 (condition_code) to physical reg 47 (2679).
 129000: system.cpu.rename: [tid:0] [sn:720] Adding instruction to history buffer (size=115).
 129000: global: Renamed reg condition_code[1] to physical reg 2680 (2680) old mapping was 2678 (2678)
 129000: system.cpu.rename: [tid:0] Renaming arch reg 1 (condition_code) to physical reg 48 (2680).
 129000: system.cpu.rename: [tid:0] [sn:720] Adding instruction to history buffer (size=116).
 129000: system.cpu.rename: [tid:0] Renaming arch reg 0 (invalid) to physical reg 4294967295 (4294967295).
 129000: system.cpu.rename: [tid:0] [sn:720] Adding instruction to history buffer (size=117).
 129000: system.cpu.rename: [tid:0] Renaming arch reg 0 (invalid) to physical reg 4294967295 (4294967295).
 129000: system.cpu.rename: [tid:0] [sn:720] Adding instruction to history buffer (size=118).
 129000: system.cpu.rename: [tid:0] Renaming arch reg 0 (invalid) to physical reg 4294967295 (4294967295).
 129000: system.cpu.rename: [tid:0] [sn:720] Adding instruction to history buffer (size=119).
 129000: system.cpu.rename: calcFreeSQEntries: free sqEntries: 99, storesInProgress: 7, stores dispatchedToSQ: 2
 129000: system.cpu.rename: [tid:0] Processing instruction [sn:730] with PC (0x401067=>0x401069).(2=>3).
 129000: system.cpu.rename: [tid:0] Looking up invalid arch reg 0, got phys reg 4294967295 (invalid)
 129000: system.cpu.rename: [tid:0] Register 4294967295 (flat: 4294967295) (invalid) is ready.
 129000: global: [sn:730] has 1 ready out of 4 sources. RTI 0)
 129000: system.cpu.rename: [tid:0] Looking up integer arch reg 0, got phys reg 55 (integer)
 129000: system.cpu.rename: [tid:0] Register 55 (flat: 55) (integer) is ready.
 129000: global: [sn:730] has 2 ready out of 4 sources. RTI 0)
 129000: system.cpu.rename: [tid:0] Looking up integer arch reg 17, got phys reg 89 (integer)
 129000: system.cpu.rename: [tid:0] Register 89 (flat: 89) (integer) is not ready.
 129000: system.cpu.rename: [tid:0] Looking up miscellaneous arch reg 155, got phys reg 155 (miscellaneous)
 129000: system.cpu.rename: [tid:0] Register 155 (flat: 0) (miscellaneous) is ready.
 129000: global: [sn:730] has 3 ready out of 4 sources. RTI 0)
 129000: system.cpu.rename: calcFreeLQEntries: free lqEntries: 180, loadsInProgress: 7, loads dispatchedToLQ: 2
 129000: system.cpu.rename: [tid:0] Processing instruction [sn:740] with PC (0x401069=>0x40106b).(0=>1).
 129000: system.cpu.rename: [tid:0] Mascot prediction for load [sn:740] type: 0; distance1: 0; distance2: 0
 129000: system.cpu.rename: [tid:0] Looking up invalid arch reg 0, got phys reg 4294967295 (invalid)
 129000: system.cpu.rename: [tid:0] Register 4294967295 (flat: 4294967295) (invalid) is ready.
 129000: global: [sn:740] has 1 ready out of 4 sources. RTI 0)
 129000: system.cpu.rename: [tid:0] Looking up integer arch reg 0, got phys reg 55 (integer)
 129000: system.cpu.rename: [tid:0] Register 55 (flat: 55) (integer) is ready.
 129000: global: [sn:740] has 2 ready out of 4 sources. RTI 0)
 129000: system.cpu.rename: [tid:0] Looking up integer arch reg 17, got phys reg 89 (integer)
 129000: system.cpu.rename: [tid:0] Register 89 (flat: 89) (integer) is not ready.
 129000: system.cpu.rename: [tid:0] Looking up miscellaneous arch reg 155, got phys reg 155 (miscellaneous)
 129000: system.cpu.rename: [tid:0] Register 155 (flat: 0) (miscellaneous) is ready.
 129000: global: [sn:740] has 3 ready out of 4 sources. RTI 0)
 129000: global: Renamed reg t1 to physical reg 90 (90) old mapping was 89 (89)
 129000: system.cpu.rename: [tid:0] Renaming arch reg 17 (integer) to physical reg 90 (90).
 129000: system.cpu.rename: [tid:0] [sn:740] Adding instruction to history buffer (size=120).
 129000: system.cpu.rename: Activity this cycle.
 129000: system.cpu.iew: Issue: Processing [tid:0]
 129000: system.cpu.iew: [tid:0] Not blocked, so attempting to run dispatch.
 129000: system.cpu.iew: [tid:0] Issue: Adding PC (0x40105d=>0x40105f).(1=>2) [sn:570] [tid:0] to IQ.
 129000: system.cpu.iq: Adding instruction [sn:570] PC (0x40105d=>0x40105f).(1=>2) to the IQ.
 129000: system.cpu.iq: Instruction PC (0x40105d=>0x40105f).(1=>2) has src reg 78 (integer) that is being added to the dependency chain.
 129000: system.cpu.iq: Instruction PC (0x40105d=>0x40105f).(1=>2) has src reg 78 (integer) that is being added to the dependency chain.
 129000: system.cpu.iew: [tid:0] Issue: Adding PC (0x40105d=>0x40105f).(2=>3) [sn:580] [tid:0] to IQ.
 129000: system.cpu.iew: [tid:0] Issue: Memory instruction encountered, adding to LSQ.
 129000: system.cpu.iew.lsq.thread0: Inserting store PC (0x40105d=>0x40105f).(2=>3), idx:15 [sn:580]
 129000: system.cpu.iq: Adding instruction [sn:580] PC (0x40105d=>0x40105f).(2=>3) to the IQ.
 129000: system.cpu.iq: Instruction PC (0x40105d=>0x40105f).(2=>3) has src reg 79 (integer) that is being added to the dependency chain.
 129000: memdepentry: Memory dependency entry created. memdep_count=24 (0x40105d=>0x40105f).(2=>3)
 129000: system.cpu.memDep0: No dependency for inst PC (0x40105d=>0x40105f).(2=>3) [sn:580].
 129000: system.cpu.memDep0: Inserting store/atomic PC (0x40105d=>0x40105f).(2=>3) [sn:580].
 129000: system.cpu.iew: [tid:0] Issue: Adding PC (0x40105f=>0x401061).(0=>1) [sn:590] [tid:0] to IQ.
 129000: system.cpu.iew: [tid:0] Issue: Memory instruction encountered, adding to LSQ.
 129000: system.cpu.iew.lsq.thread0: Inserting load PC (0x40105f=>0x401061).(0=>1), idx:16 [sn:590]
 129000: system.cpu.iq: Adding instruction [sn:590] PC (0x40105f=>0x401061).(0=>1) to the IQ.
 129000: system.cpu.iq: Instruction PC (0x40105f=>0x401061).(0=>1) has src reg 79 (integer) that is being added to the dependency chain.
 129000: memdepentry: Memory dependency entry created. memdep_count=25 (0x40105f=>0x401061).(0=>1)
 129000: system.cpu.memDep0: No dependency for inst PC (0x40105f=>0x401061).(0=>1) [sn:590].
 129000: system.cpu.iew: [tid:0] Issue: Adding PC (0x40105f=>0x401061).(1=>2) [sn:600] [tid:0] to IQ.
 129000: system.cpu.iq: Adding instruction [sn:600] PC (0x40105f=>0x401061).(1=>2) to the IQ.
 129000: system.cpu.iq: Instruction PC (0x40105f=>0x401061).(1=>2) has src reg 80 (integer) that is being added to the dependency chain.
 129000: system.cpu.iq: Instruction PC (0x40105f=>0x401061).(1=>2) has src reg 80 (integer) that is being added to the dependency chain.
 129000: system.cpu.iew: [tid:0] Issue: Adding PC (0x40105f=>0x401061).(2=>3) [sn:610] [tid:0] to IQ.
 129000: system.cpu.iew: [tid:0] Issue: Memory instruction encountered, adding to LSQ.
 129000: system.cpu.iew.lsq.thread0: Inserting store PC (0x40105f=>0x401061).(2=>3), idx:16 [sn:610]
 129000: system.cpu.iq: Adding instruction [sn:610] PC (0x40105f=>0x401061).(2=>3) to the IQ.
 129000: system.cpu.iq: Instruction PC (0x40105f=>0x401061).(2=>3) has src reg 81 (integer) that is being added to the dependency chain.
 129000: memdepentry: Memory dependency entry created. memdep_count=26 (0x40105f=>0x401061).(2=>3)
 129000: system.cpu.memDep0: No dependency for inst PC (0x40105f=>0x401061).(2=>3) [sn:610].
 129000: system.cpu.memDep0: Inserting store/atomic PC (0x40105f=>0x401061).(2=>3) [sn:610].
 129000: system.cpu.iew: [tid:0] Issue: Adding PC (0x401061=>0x401063).(0=>1) [sn:620] [tid:0] to IQ.
 129000: system.cpu.iew: [tid:0] Issue: Memory instruction encountered, adding to LSQ.
 129000: system.cpu.iew.lsq.thread0: Inserting load PC (0x401061=>0x401063).(0=>1), idx:17 [sn:620]
 129000: system.cpu.iq: Adding instruction [sn:620] PC (0x401061=>0x401063).(0=>1) to the IQ.
 129000: system.cpu.iq: Instruction PC (0x401061=>0x401063).(0=>1) has src reg 81 (integer) that is being added to the dependency chain.
 129000: memdepentry: Memory dependency entry created. memdep_count=27 (0x401061=>0x401063).(0=>1)
 129000: system.cpu.memDep0: No dependency for inst PC (0x401061=>0x401063).(0=>1) [sn:620].
 129000: system.cpu.iq: Attempting to schedule ready instructions from the IQ.
 129000: system.cpu.iq: Not able to schedule any instructions.
 129000: system.cpu.iew.lsq: [tid:0] Writing back stores. 3 stores available for Writeback.
 129000: system.cpu.iew.lsq.thread0: D-Cache: Writing back store idx:2 PC:(0x40100b=>0x401013).(1=>2) to Addr:0x2e14, data:0xa [sn:60]
 129000: system.cpu.iew.lsq.thread0: Memory request (pkt: WriteResp [2e14:2e17]) from inst [sn:60] was sent (cache is blocked: 0, cache_got_blocked: 0)
 129000: system.cpu.iew: Processing [tid:0]
 129000: system.cpu.iew.lsq.thread0: LQ size: 192, #loads occupied: 14
 129000: system.cpu.iew.lsq.thread0: SQ size: 114, #stores occupied: 16
 129000: system.cpu.iew: [tid:0], Dispatch dispatched 6 instructions.
 129000: system.cpu.iew.lsq.thread0: SQ size: 114, #stores occupied: 16
 129000: system.cpu.iew.lsq.thread0: LQ size: 192, #loads occupied: 14
 129000: system.cpu.iew: IQ has 164 free entries (Can schedule: 0).  LQ has 178 free entries. SQ has 98 free entries.
 129000: system.cpu.iew: Activity this cycle.
 129000: system.cpu.commit: Getting instructions from Rename stage.
 129000: system.cpu.commit: [tid:0] [sn:630] Inserting PC (0x401061=>0x401063).(1=>2) into ROB.
 129000: system.cpu.rob: Adding inst PC (0x401061=>0x401063).(1=>2) to the ROB.
 129000: system.cpu.rob: [tid:0] Now has 42 instructions.
 129000: system.cpu.commit: [tid:0] [sn:640] Inserting PC (0x401061=>0x401063).(2=>3) into ROB.
 129000: system.cpu.rob: Adding inst PC (0x401061=>0x401063).(2=>3) to the ROB.
 129000: system.cpu.rob: [tid:0] Now has 43 instructions.
 129000: system.cpu.commit: [tid:0] [sn:650] Inserting PC (0x401063=>0x401065).(0=>1) into ROB.
 129000: system.cpu.rob: Adding inst PC (0x401063=>0x401065).(0=>1) to the ROB.
 129000: system.cpu.rob: [tid:0] Now has 44 instructions.
 129000: system.cpu.commit: [tid:0] [sn:660] Inserting PC (0x401063=>0x401065).(1=>2) into ROB.
 129000: system.cpu.rob: Adding inst PC (0x401063=>0x401065).(1=>2) to the ROB.
 129000: system.cpu.rob: [tid:0] Now has 45 instructions.
 129000: system.cpu.commit: [tid:0] [sn:670] Inserting PC (0x401063=>0x401065).(2=>3) into ROB.
 129000: system.cpu.rob: Adding inst PC (0x401063=>0x401065).(2=>3) to the ROB.
 129000: system.cpu.rob: [tid:0] Now has 46 instructions.
 129000: system.cpu.commit: [tid:0] [sn:680] Inserting PC (0x401065=>0x401067).(0=>1) into ROB.
 129000: system.cpu.rob: Adding inst PC (0x401065=>0x401067).(0=>1) to the ROB.
 129000: system.cpu.rob: [tid:0] Now has 47 instructions.
 129000: system.cpu.commit: Trying to commit instructions in the ROB.
 129000: system.cpu.commit: Trying to commit head instruction, [tid:0] [sn:220]
 129000: system.cpu.commit: Inst [tid:0] [sn:220] PC (0x401045=>0x401047).(0=>1) has a fault
 129000: system.cpu.commit: [tid:0] [sn:220] Stores outstanding, fault must wait.
 129000: system.cpu.commit: Unable to commit head instruction PC:(0x401045=>0x401047).(0=>1) [tid:0] [sn:220].
 129000: system.cpu.commit: [tid:0] Instruction [sn:220] PC (0x401045=>0x401047).(0=>1) is head of ROB and ready to commit
 129000: system.cpu.commit: [tid:0] ROB has 47 insts & 465 free entries.
 129000: system.cpu.commit: Activity This Cycle.
 129000: system.cpu: Scheduling next tick!
 130000: system.cpu: 

O3CPU: Ticking main, O3CPU.
 130000: system.cpu.fetch: Running stage.
 130000: system.cpu.fetch: Attempting to fetch from [tid:0]
 130000: system.cpu.fetch: [tid:0] Adding instructions to queue to decode.
 130000: global: DynInst: [sn:870] Instruction created. Instcount for system.cpu = 70
 130000: system.cpu.fetch: [tid:0] Instruction PC (0x401071=>0x401073).(1=>2) created [sn:870].
 130000: system.cpu.fetch: [tid:0] Instruction is:   ADD_M_R : add   t1b, t1b, al
 130000: system.cpu.fetch: [tid:0] Fetch queue entry created (1/128).
 130000: global: DynInst: [sn:880] Instruction created. Instcount for system.cpu = 71
 130000: system.cpu.fetch: [tid:0] Instruction PC (0x401071=>0x401073).(2=>3) created [sn:880].
 130000: system.cpu.fetch: [tid:0] Instruction is:   ADD_M_R : st   t1b, DS:[rax]
 130000: system.cpu.fetch: [tid:0] Fetch queue entry created (2/128).
 130000: system.cpu.decoder: Decode: Decoded add instruction: 
{
	leg = 0,
	rex = 0,
	vex/xop = 0,
	op = {
		type = one byte,
		op = 0,
		},
	modRM = 0,
	sib = 0,
	immediate = 0,
	displacement = 0
	dispSize = 0}

 130000: global: DynInst: [sn:890] Instruction created. Instcount for system.cpu = 72
 130000: system.cpu.fetch: [tid:0] Instruction PC (0x401073=>0x401075).(0=>1) created [sn:890].
 130000: system.cpu.fetch: [tid:0] Instruction is:   ADD_M_R : ldst   t1b, DS:[rax]
 130000: system.cpu.fetch: [tid:0] Fetch queue entry created (3/128).
 130000: global: DynInst: [sn:900] Instruction created. Instcount for system.cpu = 73
 130000: system.cpu.fetch: [tid:0] Instruction PC (0x401073=>0x401075).(1=>2) created [sn:900].
 130000: system.cpu.fetch: [tid:0] Instruction is:   ADD_M_R : add   t1b, t1b, al
 130000: system.cpu.fetch: [tid:0] Fetch queue entry created (4/128).
 130000: global: DynInst: [sn:910] Instruction created. Instcount for system.cpu = 74
 130000: system.cpu.fetch: [tid:0] Instruction PC (0x401073=>0x401075).(2=>3) created [sn:910].
 130000: system.cpu.fetch: [tid:0] Instruction is:   ADD_M_R : st   t1b, DS:[rax]
 130000: system.cpu.fetch: [tid:0] Fetch queue entry created (5/128).
 130000: system.cpu.decoder: Decode: Decoded add instruction: 
{
	leg = 0,
	rex = 0,
	vex/xop = 0,
	op = {
		type = one byte,
		op = 0,
		},
	modRM = 0,
	sib = 0,
	immediate = 0,
	displacement = 0
	dispSize = 0}

 130000: global: DynInst: [sn:920] Instruction created. Instcount for system.cpu = 75
 130000: system.cpu.fetch: [tid:0] Instruction PC (0x401075=>0x401077).(0=>1) created [sn:920].
 130000: system.cpu.fetch: [tid:0] Instruction is:   ADD_M_R : ldst   t1b, DS:[rax]
 130000: system.cpu.fetch: [tid:0] Fetch queue entry created (6/128).
 130000: system.cpu.fetch: [tid:0] Done fetching, reached fetch bandwidth for this cycle.
 130000: system.cpu.fetch: [tid:0] [sn:870] Sending instruction to decode from fetch queue. Fetch queue size: 6.
 130000: system.cpu.fetch: [tid:0] [sn:880] Sending instruction to decode from fetch queue. Fetch queue size: 5.
 130000: system.cpu.fetch: [tid:0] [sn:890] Sending instruction to decode from fetch queue. Fetch queue size: 4.
 130000: system.cpu.fetch: [tid:0] [sn:900] Sending instruction to decode from fetch queue. Fetch queue size: 3.
 130000: system.cpu.fetch: [tid:0] [sn:910] Sending instruction to decode from fetch queue. Fetch queue size: 2.
 130000: system.cpu.fetch: [tid:0] [sn:920] Sending instruction to decode from fetch queue. Fetch queue size: 1.
 130000: system.cpu.fetch: Activity this cycle.
 130000: system.cpu: Activity: 15
 130000: system.cpu.decode: Processing [tid:0]
 130000: system.cpu.decode: [tid:0] Bypass moves from Rename: 0
 130000: system.cpu.decode: [tid:0] Not blocked, so attempting to run stage.
 130000: system.cpu.decode: [tid:0] Sending instruction to rename.
 130000: system.cpu.decode: [tid:0] Processing instruction [sn:810] with PC (0x40106d=>0x40106f).(1=>2)
 130000: system.cpu.decode: [tid:0] Processing instruction [sn:820] with PC (0x40106d=>0x40106f).(2=>3)
 130000: system.cpu.decode: [tid:0] Processing instruction [sn:830] with PC (0x40106f=>0x401071).(0=>1)
 130000: system.cpu.decode: [tid:0] Processing instruction [sn:840] with PC (0x40106f=>0x401071).(1=>2)
 130000: system.cpu.decode: [tid:0] Processing instruction [sn:850] with PC (0x40106f=>0x401071).(2=>3)
 130000: system.cpu.decode: [tid:0] Processing instruction [sn:860] with PC (0x401071=>0x401073).(0=>1)
 130000: system.cpu.decode: Activity this cycle.
 130000: system.cpu.rename: Processing [tid:0]
 130000: system.cpu.rename: [tid:0] Free IQ: 164, Free ROB: 465, Free LQ: 178, Free SQ: 98, FreeRM 63(438 464 511 1022 63 8 2521)
 130000: system.cpu.rename: [tid:0] 18 instructions not yet in ROB
 130000: system.cpu.rename: calcFreeLQEntries: free lqEntries: 178, loadsInProgress: 6, loads dispatchedToLQ: 2
 130000: system.cpu.rename: [tid:0] Not blocked, so attempting to run stage.
 130000: system.cpu.rename: [tid:0] 6 available instructions to send iew.
 130000: system.cpu.rename: [tid:0] 18 insts pipelining from Rename | 6 insts dispatched to IQ last cycle.
 130000: system.cpu.rename: [tid:0] Sending instructions to IEW.
 130000: system.cpu.rename: [tid:0] Processing instruction [sn:750] with PC (0x401069=>0x40106b).(1=>2).
 130000: system.cpu.rename: [tid:0] Looking up integer arch reg 17, got phys reg 90 (integer)
 130000: system.cpu.rename: [tid:0] Register 90 (flat: 90) (integer) is not ready.
 130000: system.cpu.rename: [tid:0] Looking up integer arch reg 0, got phys reg 55 (integer)
 130000: system.cpu.rename: [tid:0] Register 55 (flat: 55) (integer) is ready.
 130000: global: [sn:750] has 1 ready out of 8 sources. RTI 0)
 130000: system.cpu.rename: [tid:0] Looking up integer arch reg 17, got phys reg 90 (integer)
 130000: system.cpu.rename: [tid:0] Register 90 (flat: 90) (integer) is not ready.
 130000: system.cpu.rename: [tid:0] Looking up invalid arch reg 0, got phys reg 4294967295 (invalid)
 130000: system.cpu.rename: [tid:0] Register 4294967295 (flat: 4294967295) (invalid) is ready.
 130000: global: [sn:750] has 2 ready out of 8 sources. RTI 0)
 130000: system.cpu.rename: [tid:0] Looking up invalid arch reg 0, got phys reg 4294967295 (invalid)
 130000: system.cpu.rename: [tid:0] Register 4294967295 (flat: 4294967295) (invalid) is ready.
 130000: global: [sn:750] has 3 ready out of 8 sources. RTI 0)
 130000: system.cpu.rename: [tid:0] Looking up invalid arch reg 0, got phys reg 4294967295 (invalid)
 130000: system.cpu.rename: [tid:0] Register 4294967295 (flat: 4294967295) (invalid) is ready.
 130000: global: [sn:750] has 4 ready out of 8 sources. RTI 0)
 130000: system.cpu.rename: [tid:0] Looking up invalid arch reg 0, got phys reg 4294967295 (invalid)
 130000: system.cpu.rename: [tid:0] Register 4294967295 (flat: 4294967295) (invalid) is ready.
 130000: global: [sn:750] has 5 ready out of 8 sources. RTI 0)
 130000: system.cpu.rename: [tid:0] Looking up invalid arch reg 0, got phys reg 4294967295 (invalid)
 130000: system.cpu.rename: [tid:0] Register 4294967295 (flat: 4294967295) (invalid) is ready.
 130000: global: [sn:750] has 6 ready out of 8 sources. RTI 0)
 130000: global: Renamed reg t1 to physical reg 91 (91) old mapping was 90 (90)
 130000: system.cpu.rename: [tid:0] Renaming arch reg 17 (integer) to physical reg 91 (91).
 130000: system.cpu.rename: [tid:0] [sn:750] Adding instruction to history buffer (size=121).
 130000: global: Renamed reg condition_code[0] to physical reg 2681 (2681) old mapping was 2679 (2679)
 130000: system.cpu.rename: [tid:0] Renaming arch reg 0 (condition_code) to physical reg 49 (2681).
 130000: system.cpu.rename: [tid:0] [sn:750] Adding instruction to history buffer (size=122).
 130000: global: Renamed reg condition_code[1] to physical reg 2682 (2682) old mapping was 2680 (2680)
 130000: system.cpu.rename: [tid:0] Renaming arch reg 1 (condition_code) to physical reg 50 (2682).
 130000: system.cpu.rename: [tid:0] [sn:750] Adding instruction to history buffer (size=123).
 130000: system.cpu.rename: [tid:0] Renaming arch reg 0 (invalid) to physical reg 4294967295 (4294967295).
 130000: system.cpu.rename: [tid:0] [sn:750] Adding instruction to history buffer (size=124).
 130000: system.cpu.rename: [tid:0] Renaming arch reg 0 (invalid) to physical reg 4294967295 (4294967295).
 130000: system.cpu.rename: [tid:0] [sn:750] Adding instruction to history buffer (size=125).
 130000: system.cpu.rename: [tid:0] Renaming arch reg 0 (invalid) to physical reg 4294967295 (4294967295).
 130000: system.cpu.rename: [tid:0] [sn:750] Adding instruction to history buffer (size=126).
 130000: system.cpu.rename: calcFreeSQEntries: free sqEntries: 98, storesInProgress: 6, stores dispatchedToSQ: 2
 130000: system.cpu.rename: [tid:0] Processing instruction [sn:760] with PC (0x401069=>0x40106b).(2=>3).
 130000: system.cpu.rename: [tid:0] Looking up invalid arch reg 0, got phys reg 4294967295 (invalid)
 130000: system.cpu.rename: [tid:0] Register 4294967295 (flat: 4294967295) (invalid) is ready.
 130000: global: [sn:760] has 1 ready out of 4 sources. RTI 0)
 130000: system.cpu.rename: [tid:0] Looking up integer arch reg 0, got phys reg 55 (integer)
 130000: system.cpu.rename: [tid:0] Register 55 (flat: 55) (integer) is ready.
 130000: global: [sn:760] has 2 ready out of 4 sources. RTI 0)
 130000: system.cpu.rename: [tid:0] Looking up integer arch reg 17, got phys reg 91 (integer)
 130000: system.cpu.rename: [tid:0] Register 91 (flat: 91) (integer) is not ready.
 130000: system.cpu.rename: [tid:0] Looking up miscellaneous arch reg 155, got phys reg 155 (miscellaneous)
 130000: system.cpu.rename: [tid:0] Register 155 (flat: 0) (miscellaneous) is ready.
 130000: global: [sn:760] has 3 ready out of 4 sources. RTI 0)
 130000: system.cpu.rename: calcFreeLQEntries: free lqEntries: 178, loadsInProgress: 6, loads dispatchedToLQ: 2
 130000: system.cpu.rename: [tid:0] Processing instruction [sn:770] with PC (0x40106b=>0x40106d).(0=>1).
 130000: system.cpu.rename: [tid:0] Mascot prediction for load [sn:770] type: 0; distance1: 0; distance2: 0
 130000: system.cpu.rename: [tid:0] Looking up invalid arch reg 0, got phys reg 4294967295 (invalid)
 130000: system.cpu.rename: [tid:0] Register 4294967295 (flat: 4294967295) (invalid) is ready.
 130000: global: [sn:770] has 1 ready out of 4 sources. RTI 0)
 130000: system.cpu.rename: [tid:0] Looking up integer arch reg 0, got phys reg 55 (integer)
 130000: system.cpu.rename: [tid:0] Register 55 (flat: 55) (integer) is ready.
 130000: global: [sn:770] has 2 ready out of 4 sources. RTI 0)
 130000: system.cpu.rename: [tid:0] Looking up integer arch reg 17, got phys reg 91 (integer)
 130000: system.cpu.rename: [tid:0] Register 91 (flat: 91) (integer) is not ready.
 130000: system.cpu.rename: [tid:0] Looking up miscellaneous arch reg 155, got phys reg 155 (miscellaneous)
 130000: system.cpu.rename: [tid:0] Register 155 (flat: 0) (miscellaneous) is ready.
 130000: global: [sn:770] has 3 ready out of 4 sources. RTI 0)
 130000: global: Renamed reg t1 to physical reg 92 (92) old mapping was 91 (91)
 130000: system.cpu.rename: [tid:0] Renaming arch reg 17 (integer) to physical reg 92 (92).
 130000: system.cpu.rename: [tid:0] [sn:770] Adding instruction to history buffer (size=127).
 130000: system.cpu.rename: [tid:0] Processing instruction [sn:780] with PC (0x40106b=>0x40106d).(1=>2).
 130000: system.cpu.rename: [tid:0] Looking up integer arch reg 17, got phys reg 92 (integer)
 130000: system.cpu.rename: [tid:0] Register 92 (flat: 92) (integer) is not ready.
 130000: system.cpu.rename: [tid:0] Looking up integer arch reg 0, got phys reg 55 (integer)
 130000: system.cpu.rename: [tid:0] Register 55 (flat: 55) (integer) is ready.
 130000: global: [sn:780] has 1 ready out of 8 sources. RTI 0)
 130000: system.cpu.rename: [tid:0] Looking up integer arch reg 17, got phys reg 92 (integer)
 130000: system.cpu.rename: [tid:0] Register 92 (flat: 92) (integer) is not ready.
 130000: system.cpu.rename: [tid:0] Looking up invalid arch reg 0, got phys reg 4294967295 (invalid)
 130000: system.cpu.rename: [tid:0] Register 4294967295 (flat: 4294967295) (invalid) is ready.
 130000: global: [sn:780] has 2 ready out of 8 sources. RTI 0)
 130000: system.cpu.rename: [tid:0] Looking up invalid arch reg 0, got phys reg 4294967295 (invalid)
 130000: system.cpu.rename: [tid:0] Register 4294967295 (flat: 4294967295) (invalid) is ready.
 130000: global: [sn:780] has 3 ready out of 8 sources. RTI 0)
 130000: system.cpu.rename: [tid:0] Looking up invalid arch reg 0, got phys reg 4294967295 (invalid)
 130000: system.cpu.rename: [tid:0] Register 4294967295 (flat: 4294967295) (invalid) is ready.
 130000: global: [sn:780] has 4 ready out of 8 sources. RTI 0)
 130000: system.cpu.rename: [tid:0] Looking up invalid arch reg 0, got phys reg 4294967295 (invalid)
 130000: system.cpu.rename: [tid:0] Register 4294967295 (flat: 4294967295) (invalid) is ready.
 130000: global: [sn:780] has 5 ready out of 8 sources. RTI 0)
 130000: system.cpu.rename: [tid:0] Looking up invalid arch reg 0, got phys reg 4294967295 (invalid)
 130000: system.cpu.rename: [tid:0] Register 4294967295 (flat: 4294967295) (invalid) is ready.
 130000: global: [sn:780] has 6 ready out of 8 sources. RTI 0)
 130000: global: Renamed reg t1 to physical reg 93 (93) old mapping was 92 (92)
 130000: system.cpu.rename: [tid:0] Renaming arch reg 17 (integer) to physical reg 93 (93).
 130000: system.cpu.rename: [tid:0] [sn:780] Adding instruction to history buffer (size=128).
 130000: global: Renamed reg condition_code[0] to physical reg 2683 (2683) old mapping was 2681 (2681)
 130000: system.cpu.rename: [tid:0] Renaming arch reg 0 (condition_code) to physical reg 51 (2683).
 130000: system.cpu.rename: [tid:0] [sn:780] Adding instruction to history buffer (size=129).
 130000: global: Renamed reg condition_code[1] to physical reg 2684 (2684) old mapping was 2682 (2682)
 130000: system.cpu.rename: [tid:0] Renaming arch reg 1 (condition_code) to physical reg 52 (2684).
 130000: system.cpu.rename: [tid:0] [sn:780] Adding instruction to history buffer (size=130).
 130000: system.cpu.rename: [tid:0] Renaming arch reg 0 (invalid) to physical reg 4294967295 (4294967295).
 130000: system.cpu.rename: [tid:0] [sn:780] Adding instruction to history buffer (size=131).
 130000: system.cpu.rename: [tid:0] Renaming arch reg 0 (invalid) to physical reg 4294967295 (4294967295).
 130000: system.cpu.rename: [tid:0] [sn:780] Adding instruction to history buffer (size=132).
 130000: system.cpu.rename: [tid:0] Renaming arch reg 0 (invalid) to physical reg 4294967295 (4294967295).
 130000: system.cpu.rename: [tid:0] [sn:780] Adding instruction to history buffer (size=133).
 130000: system.cpu.rename: calcFreeSQEntries: free sqEntries: 98, storesInProgress: 7, stores dispatchedToSQ: 2
 130000: system.cpu.rename: [tid:0] Processing instruction [sn:790] with PC (0x40106b=>0x40106d).(2=>3).
 130000: system.cpu.rename: [tid:0] Looking up invalid arch reg 0, got phys reg 4294967295 (invalid)
 130000: system.cpu.rename: [tid:0] Register 4294967295 (flat: 4294967295) (invalid) is ready.
 130000: global: [sn:790] has 1 ready out of 4 sources. RTI 0)
 130000: system.cpu.rename: [tid:0] Looking up integer arch reg 0, got phys reg 55 (integer)
 130000: system.cpu.rename: [tid:0] Register 55 (flat: 55) (integer) is ready.
 130000: global: [sn:790] has 2 ready out of 4 sources. RTI 0)
 130000: system.cpu.rename: [tid:0] Looking up integer arch reg 17, got phys reg 93 (integer)
 130000: system.cpu.rename: [tid:0] Register 93 (flat: 93) (integer) is not ready.
 130000: system.cpu.rename: [tid:0] Looking up miscellaneous arch reg 155, got phys reg 155 (miscellaneous)
 130000: system.cpu.rename: [tid:0] Register 155 (flat: 0) (miscellaneous) is ready.
 130000: global: [sn:790] has 3 ready out of 4 sources. RTI 0)
 130000: system.cpu.rename: calcFreeLQEntries: free lqEntries: 178, loadsInProgress: 7, loads dispatchedToLQ: 2
 130000: system.cpu.rename: [tid:0] Processing instruction [sn:800] with PC (0x40106d=>0x40106f).(0=>1).
 130000: system.cpu.rename: [tid:0] Mascot prediction for load [sn:800] type: 0; distance1: 0; distance2: 0
 130000: system.cpu.rename: [tid:0] Looking up invalid arch reg 0, got phys reg 4294967295 (invalid)
 130000: system.cpu.rename: [tid:0] Register 4294967295 (flat: 4294967295) (invalid) is ready.
 130000: global: [sn:800] has 1 ready out of 4 sources. RTI 0)
 130000: system.cpu.rename: [tid:0] Looking up integer arch reg 0, got phys reg 55 (integer)
 130000: system.cpu.rename: [tid:0] Register 55 (flat: 55) (integer) is ready.
 130000: global: [sn:800] has 2 ready out of 4 sources. RTI 0)
 130000: system.cpu.rename: [tid:0] Looking up integer arch reg 17, got phys reg 93 (integer)
 130000: system.cpu.rename: [tid:0] Register 93 (flat: 93) (integer) is not ready.
 130000: system.cpu.rename: [tid:0] Looking up miscellaneous arch reg 155, got phys reg 155 (miscellaneous)
 130000: system.cpu.rename: [tid:0] Register 155 (flat: 0) (miscellaneous) is ready.
 130000: global: [sn:800] has 3 ready out of 4 sources. RTI 0)
 130000: global: Renamed reg t1 to physical reg 94 (94) old mapping was 93 (93)
 130000: system.cpu.rename: [tid:0] Renaming arch reg 17 (integer) to physical reg 94 (94).
 130000: system.cpu.rename: [tid:0] [sn:800] Adding instruction to history buffer (size=134).
 130000: system.cpu.rename: Activity this cycle.
 130000: system.cpu.iew: Issue: Processing [tid:0]
 130000: system.cpu.iew: [tid:0] Not blocked, so attempting to run dispatch.
 130000: system.cpu.iew: [tid:0] Issue: Adding PC (0x401061=>0x401063).(1=>2) [sn:630] [tid:0] to IQ.
 130000: system.cpu.iq: Adding instruction [sn:630] PC (0x401061=>0x401063).(1=>2) to the IQ.
 130000: system.cpu.iq: Instruction PC (0x401061=>0x401063).(1=>2) has src reg 82 (integer) that is being added to the dependency chain.
 130000: system.cpu.iq: Instruction PC (0x401061=>0x401063).(1=>2) has src reg 82 (integer) that is being added to the dependency chain.
 130000: system.cpu.iew: [tid:0] Issue: Adding PC (0x401061=>0x401063).(2=>3) [sn:640] [tid:0] to IQ.
 130000: system.cpu.iew: [tid:0] Issue: Memory instruction encountered, adding to LSQ.
 130000: system.cpu.iew.lsq.thread0: Inserting store PC (0x401061=>0x401063).(2=>3), idx:17 [sn:640]
 130000: system.cpu.iq: Adding instruction [sn:640] PC (0x401061=>0x401063).(2=>3) to the IQ.
 130000: system.cpu.iq: Instruction PC (0x401061=>0x401063).(2=>3) has src reg 83 (integer) that is being added to the dependency chain.
 130000: memdepentry: Memory dependency entry created. memdep_count=28 (0x401061=>0x401063).(2=>3)
 130000: system.cpu.memDep0: No dependency for inst PC (0x401061=>0x401063).(2=>3) [sn:640].
 130000: system.cpu.memDep0: Inserting store/atomic PC (0x401061=>0x401063).(2=>3) [sn:640].
 130000: system.cpu.iew: [tid:0] Issue: Adding PC (0x401063=>0x401065).(0=>1) [sn:650] [tid:0] to IQ.
 130000: system.cpu.iew: [tid:0] Issue: Memory instruction encountered, adding to LSQ.
 130000: system.cpu.iew.lsq.thread0: Inserting load PC (0x401063=>0x401065).(0=>1), idx:18 [sn:650]
 130000: system.cpu.iq: Adding instruction [sn:650] PC (0x401063=>0x401065).(0=>1) to the IQ.
 130000: system.cpu.iq: Instruction PC (0x401063=>0x401065).(0=>1) has src reg 83 (integer) that is being added to the dependency chain.
 130000: memdepentry: Memory dependency entry created. memdep_count=29 (0x401063=>0x401065).(0=>1)
 130000: system.cpu.memDep0: No dependency for inst PC (0x401063=>0x401065).(0=>1) [sn:650].
 130000: system.cpu.iew: [tid:0] Issue: Adding PC (0x401063=>0x401065).(1=>2) [sn:660] [tid:0] to IQ.
 130000: system.cpu.iq: Adding instruction [sn:660] PC (0x401063=>0x401065).(1=>2) to the IQ.
 130000: system.cpu.iq: Instruction PC (0x401063=>0x401065).(1=>2) has src reg 84 (integer) that is being added to the dependency chain.
 130000: system.cpu.iq: Instruction PC (0x401063=>0x401065).(1=>2) has src reg 84 (integer) that is being added to the dependency chain.
 130000: system.cpu.iew: [tid:0] Issue: Adding PC (0x401063=>0x401065).(2=>3) [sn:670] [tid:0] to IQ.
 130000: system.cpu.iew: [tid:0] Issue: Memory instruction encountered, adding to LSQ.
 130000: system.cpu.iew.lsq.thread0: Inserting store PC (0x401063=>0x401065).(2=>3), idx:18 [sn:670]
 130000: system.cpu.iq: Adding instruction [sn:670] PC (0x401063=>0x401065).(2=>3) to the IQ.
 130000: system.cpu.iq: Instruction PC (0x401063=>0x401065).(2=>3) has src reg 85 (integer) that is being added to the dependency chain.
 130000: memdepentry: Memory dependency entry created. memdep_count=30 (0x401063=>0x401065).(2=>3)
 130000: system.cpu.memDep0: No dependency for inst PC (0x401063=>0x401065).(2=>3) [sn:670].
 130000: system.cpu.memDep0: Inserting store/atomic PC (0x401063=>0x401065).(2=>3) [sn:670].
 130000: system.cpu.iew: [tid:0] Issue: Adding PC (0x401065=>0x401067).(0=>1) [sn:680] [tid:0] to IQ.
 130000: system.cpu.iew: [tid:0] Issue: Memory instruction encountered, adding to LSQ.
 130000: system.cpu.iew.lsq.thread0: Inserting load PC (0x401065=>0x401067).(0=>1), idx:19 [sn:680]
 130000: system.cpu.iq: Adding instruction [sn:680] PC (0x401065=>0x401067).(0=>1) to the IQ.
 130000: system.cpu.iq: Instruction PC (0x401065=>0x401067).(0=>1) has src reg 85 (integer) that is being added to the dependency chain.
 130000: memdepentry: Memory dependency entry created. memdep_count=31 (0x401065=>0x401067).(0=>1)
 130000: system.cpu.memDep0: No dependency for inst PC (0x401065=>0x401067).(0=>1) [sn:680].
 130000: system.cpu.iq: Attempting to schedule ready instructions from the IQ.
 130000: system.cpu.iq: Not able to schedule any instructions.
 130000: system.cpu.iew.lsq: [tid:0] Writing back stores. 3 stores available for Writeback.
 130000: system.cpu.iew: Processing [tid:0]
 130000: system.cpu.iew: [tid:0], Dispatch dispatched 6 instructions.
 130000: system.cpu.iew.lsq.thread0: SQ size: 114, #stores occupied: 18
 130000: system.cpu.iew.lsq.thread0: LQ size: 192, #loads occupied: 16
 130000: system.cpu.iew: IQ has 158 free entries (Can schedule: 0).  LQ has 176 free entries. SQ has 96 free entries.
 130000: system.cpu.commit: Getting instructions from Rename stage.
 130000: system.cpu.commit: [tid:0] [sn:690] Inserting PC (0x401065=>0x401067).(1=>2) into ROB.
 130000: system.cpu.rob: Adding inst PC (0x401065=>0x401067).(1=>2) to the ROB.
 130000: system.cpu.rob: [tid:0] Now has 48 instructions.
 130000: system.cpu.commit: [tid:0] [sn:700] Inserting PC (0x401065=>0x401067).(2=>3) into ROB.
 130000: system.cpu.rob: Adding inst PC (0x401065=>0x401067).(2=>3) to the ROB.
 130000: system.cpu.rob: [tid:0] Now has 49 instructions.
 130000: system.cpu.commit: [tid:0] [sn:710] Inserting PC (0x401067=>0x401069).(0=>1) into ROB.
 130000: system.cpu.rob: Adding inst PC (0x401067=>0x401069).(0=>1) to the ROB.
 130000: system.cpu.rob: [tid:0] Now has 50 instructions.
 130000: system.cpu.commit: [tid:0] [sn:720] Inserting PC (0x401067=>0x401069).(1=>2) into ROB.
 130000: system.cpu.rob: Adding inst PC (0x401067=>0x401069).(1=>2) to the ROB.
 130000: system.cpu.rob: [tid:0] Now has 51 instructions.
 130000: system.cpu.commit: [tid:0] [sn:730] Inserting PC (0x401067=>0x401069).(2=>3) into ROB.
 130000: system.cpu.rob: Adding inst PC (0x401067=>0x401069).(2=>3) to the ROB.
 130000: system.cpu.rob: [tid:0] Now has 52 instructions.
 130000: system.cpu.commit: [tid:0] [sn:740] Inserting PC (0x401069=>0x40106b).(0=>1) into ROB.
 130000: system.cpu.rob: Adding inst PC (0x401069=>0x40106b).(0=>1) to the ROB.
 130000: system.cpu.rob: [tid:0] Now has 53 instructions.
 130000: system.cpu.commit: Trying to commit instructions in the ROB.
 130000: system.cpu.commit: Trying to commit head instruction, [tid:0] [sn:220]
 130000: system.cpu.commit: Inst [tid:0] [sn:220] PC (0x401045=>0x401047).(0=>1) has a fault
 130000: system.cpu.commit: [tid:0] [sn:220] Stores outstanding, fault must wait.
 130000: system.cpu.commit: Unable to commit head instruction PC:(0x401045=>0x401047).(0=>1) [tid:0] [sn:220].
 130000: system.cpu.commit: [tid:0] Instruction [sn:220] PC (0x401045=>0x401047).(0=>1) is head of ROB and ready to commit
 130000: system.cpu.commit: [tid:0] ROB has 53 insts & 459 free entries.
 130000: system.cpu.commit: Activity This Cycle.
 130000: system.cpu: Scheduling next tick!
 131000: system.cpu: CPU already running.
 131000: system.cpu: Activity: 16
 131000: system.cpu.iew.lsq.thread0: Completing store [sn:60], idx:1, store head idx:2
O3PipeView:fetch:58000:0x0040100b:1:60:  MOV_M_I : st   t1d, SS:[t0 + rsp + 0x4]
O3PipeView:decode:59000
O3PipeView:rename:60000
O3PipeView:dispatch:62000
O3PipeView:issue:64000
O3PipeView:complete:65000
O3PipeView:retire:67000:store:131000
 131000: global: DynInst: [sn:60] Instruction destroyed. Instcount for system.cpu = 74
 131000: system.cpu: 

O3CPU: Ticking main, O3CPU.
 131000: system.cpu.fetch: Running stage.
 131000: system.cpu.fetch: Attempting to fetch from [tid:0]
 131000: system.cpu.fetch: [tid:0] Adding instructions to queue to decode.
 131000: global: DynInst: [sn:930] Instruction created. Instcount for system.cpu = 75
 131000: system.cpu.fetch: [tid:0] Instruction PC (0x401075=>0x401077).(1=>2) created [sn:930].
 131000: system.cpu.fetch: [tid:0] Instruction is:   ADD_M_R : add   t1b, t1b, al
 131000: system.cpu.fetch: [tid:0] Fetch queue entry created (1/128).
 131000: global: DynInst: [sn:940] Instruction created. Instcount for system.cpu = 76
 131000: system.cpu.fetch: [tid:0] Instruction PC (0x401075=>0x401077).(2=>3) created [sn:940].
 131000: system.cpu.fetch: [tid:0] Instruction is:   ADD_M_R : st   t1b, DS:[rax]
 131000: system.cpu.fetch: [tid:0] Fetch queue entry created (2/128).
 131000: system.cpu.decoder: Decode: Decoded add instruction: 
{
	leg = 0,
	rex = 0,
	vex/xop = 0,
	op = {
		type = one byte,
		op = 0,
		},
	modRM = 0,
	sib = 0,
	immediate = 0,
	displacement = 0
	dispSize = 0}

 131000: global: DynInst: [sn:950] Instruction created. Instcount for system.cpu = 77
 131000: system.cpu.fetch: [tid:0] Instruction PC (0x401077=>0x401079).(0=>1) created [sn:950].
 131000: system.cpu.fetch: [tid:0] Instruction is:   ADD_M_R : ldst   t1b, DS:[rax]
 131000: system.cpu.fetch: [tid:0] Fetch queue entry created (3/128).
 131000: global: DynInst: [sn:960] Instruction created. Instcount for system.cpu = 78
 131000: system.cpu.fetch: [tid:0] Instruction PC (0x401077=>0x401079).(1=>2) created [sn:960].
 131000: system.cpu.fetch: [tid:0] Instruction is:   ADD_M_R : add   t1b, t1b, al
 131000: system.cpu.fetch: [tid:0] Fetch queue entry created (4/128).
 131000: global: DynInst: [sn:970] Instruction created. Instcount for system.cpu = 79
 131000: system.cpu.fetch: [tid:0] Instruction PC (0x401077=>0x401079).(2=>3) created [sn:970].
 131000: system.cpu.fetch: [tid:0] Instruction is:   ADD_M_R : st   t1b, DS:[rax]
 131000: system.cpu.fetch: [tid:0] Fetch queue entry created (5/128).
 131000: system.cpu.decoder: Decode: Decoded add instruction: 
{
	leg = 0,
	rex = 0,
	vex/xop = 0,
	op = {
		type = one byte,
		op = 0,
		},
	modRM = 0,
	sib = 0,
	immediate = 0,
	displacement = 0
	dispSize = 0}

 131000: global: DynInst: [sn:980] Instruction created. Instcount for system.cpu = 80
 131000: system.cpu.fetch: [tid:0] Instruction PC (0x401079=>0x40107b).(0=>1) created [sn:980].
 131000: system.cpu.fetch: [tid:0] Instruction is:   ADD_M_R : ldst   t1b, DS:[rax]
 131000: system.cpu.fetch: [tid:0] Fetch queue entry created (6/128).
 131000: system.cpu.fetch: [tid:0] Done fetching, reached fetch bandwidth for this cycle.
 131000: system.cpu.fetch: [tid:0] [sn:930] Sending instruction to decode from fetch queue. Fetch queue size: 6.
 131000: system.cpu.fetch: [tid:0] [sn:940] Sending instruction to decode from fetch queue. Fetch queue size: 5.
 131000: system.cpu.fetch: [tid:0] [sn:950] Sending instruction to decode from fetch queue. Fetch queue size: 4.
 131000: system.cpu.fetch: [tid:0] [sn:960] Sending instruction to decode from fetch queue. Fetch queue size: 3.
 131000: system.cpu.fetch: [tid:0] [sn:970] Sending instruction to decode from fetch queue. Fetch queue size: 2.
 131000: system.cpu.fetch: [tid:0] [sn:980] Sending instruction to decode from fetch queue. Fetch queue size: 1.
 131000: system.cpu.fetch: Activity this cycle.
 131000: system.cpu.decode: Processing [tid:0]
 131000: system.cpu.decode: [tid:0] Bypass moves from Rename: 0
 131000: system.cpu.decode: [tid:0] Not blocked, so attempting to run stage.
 131000: system.cpu.decode: [tid:0] Sending instruction to rename.
 131000: system.cpu.decode: [tid:0] Processing instruction [sn:870] with PC (0x401071=>0x401073).(1=>2)
 131000: system.cpu.decode: [tid:0] Processing instruction [sn:880] with PC (0x401071=>0x401073).(2=>3)
 131000: system.cpu.decode: [tid:0] Processing instruction [sn:890] with PC (0x401073=>0x401075).(0=>1)
 131000: system.cpu.decode: [tid:0] Processing instruction [sn:900] with PC (0x401073=>0x401075).(1=>2)
 131000: system.cpu.decode: [tid:0] Processing instruction [sn:910] with PC (0x401073=>0x401075).(2=>3)
 131000: system.cpu.decode: [tid:0] Processing instruction [sn:920] with PC (0x401075=>0x401077).(0=>1)
 131000: system.cpu.decode: Activity this cycle.
 131000: system.cpu.rename: Processing [tid:0]
 131000: system.cpu.rename: [tid:0] Free IQ: 164, Free ROB: 459, Free LQ: 178, Free SQ: 98, FreeRM 63(434 464 511 1022 63 8 2517)
 131000: system.cpu.rename: [tid:0] 18 instructions not yet in ROB
 131000: system.cpu.rename: calcFreeLQEntries: free lqEntries: 178, loadsInProgress: 6, loads dispatchedToLQ: 2
 131000: system.cpu.rename: [tid:0] Not blocked, so attempting to run stage.
 131000: system.cpu.rename: [tid:0] 6 available instructions to send iew.
 131000: system.cpu.rename: [tid:0] 18 insts pipelining from Rename | 6 insts dispatched to IQ last cycle.
 131000: system.cpu.rename: [tid:0] Sending instructions to IEW.
 131000: system.cpu.rename: [tid:0] Processing instruction [sn:810] with PC (0x40106d=>0x40106f).(1=>2).
 131000: system.cpu.rename: [tid:0] Looking up integer arch reg 17, got phys reg 94 (integer)
 131000: system.cpu.rename: [tid:0] Register 94 (flat: 94) (integer) is not ready.
 131000: system.cpu.rename: [tid:0] Looking up integer arch reg 0, got phys reg 55 (integer)
 131000: system.cpu.rename: [tid:0] Register 55 (flat: 55) (integer) is ready.
 131000: global: [sn:810] has 1 ready out of 8 sources. RTI 0)
 131000: system.cpu.rename: [tid:0] Looking up integer arch reg 17, got phys reg 94 (integer)
 131000: system.cpu.rename: [tid:0] Register 94 (flat: 94) (integer) is not ready.
 131000: system.cpu.rename: [tid:0] Looking up invalid arch reg 0, got phys reg 4294967295 (invalid)
 131000: system.cpu.rename: [tid:0] Register 4294967295 (flat: 4294967295) (invalid) is ready.
 131000: global: [sn:810] has 2 ready out of 8 sources. RTI 0)
 131000: system.cpu.rename: [tid:0] Looking up invalid arch reg 0, got phys reg 4294967295 (invalid)
 131000: system.cpu.rename: [tid:0] Register 4294967295 (flat: 4294967295) (invalid) is ready.
 131000: global: [sn:810] has 3 ready out of 8 sources. RTI 0)
 131000: system.cpu.rename: [tid:0] Looking up invalid arch reg 0, got phys reg 4294967295 (invalid)
 131000: system.cpu.rename: [tid:0] Register 4294967295 (flat: 4294967295) (invalid) is ready.
 131000: global: [sn:810] has 4 ready out of 8 sources. RTI 0)
 131000: system.cpu.rename: [tid:0] Looking up invalid arch reg 0, got phys reg 4294967295 (invalid)
 131000: system.cpu.rename: [tid:0] Register 4294967295 (flat: 4294967295) (invalid) is ready.
 131000: global: [sn:810] has 5 ready out of 8 sources. RTI 0)
 131000: system.cpu.rename: [tid:0] Looking up invalid arch reg 0, got phys reg 4294967295 (invalid)
 131000: system.cpu.rename: [tid:0] Register 4294967295 (flat: 4294967295) (invalid) is ready.
 131000: global: [sn:810] has 6 ready out of 8 sources. RTI 0)
 131000: global: Renamed reg t1 to physical reg 95 (95) old mapping was 94 (94)
 131000: system.cpu.rename: [tid:0] Renaming arch reg 17 (integer) to physical reg 95 (95).
 131000: system.cpu.rename: [tid:0] [sn:810] Adding instruction to history buffer (size=135).
 131000: global: Renamed reg condition_code[0] to physical reg 2685 (2685) old mapping was 2683 (2683)
 131000: system.cpu.rename: [tid:0] Renaming arch reg 0 (condition_code) to physical reg 53 (2685).
 131000: system.cpu.rename: [tid:0] [sn:810] Adding instruction to history buffer (size=136).
 131000: global: Renamed reg condition_code[1] to physical reg 2686 (2686) old mapping was 2684 (2684)
 131000: system.cpu.rename: [tid:0] Renaming arch reg 1 (condition_code) to physical reg 54 (2686).
 131000: system.cpu.rename: [tid:0] [sn:810] Adding instruction to history buffer (size=137).
 131000: system.cpu.rename: [tid:0] Renaming arch reg 0 (invalid) to physical reg 4294967295 (4294967295).
 131000: system.cpu.rename: [tid:0] [sn:810] Adding instruction to history buffer (size=138).
 131000: system.cpu.rename: [tid:0] Renaming arch reg 0 (invalid) to physical reg 4294967295 (4294967295).
 131000: system.cpu.rename: [tid:0] [sn:810] Adding instruction to history buffer (size=139).
 131000: system.cpu.rename: [tid:0] Renaming arch reg 0 (invalid) to physical reg 4294967295 (4294967295).
 131000: system.cpu.rename: [tid:0] [sn:810] Adding instruction to history buffer (size=140).
 131000: system.cpu.rename: calcFreeSQEntries: free sqEntries: 98, storesInProgress: 6, stores dispatchedToSQ: 2
 131000: system.cpu.rename: [tid:0] Processing instruction [sn:820] with PC (0x40106d=>0x40106f).(2=>3).
 131000: system.cpu.rename: [tid:0] Looking up invalid arch reg 0, got phys reg 4294967295 (invalid)
 131000: system.cpu.rename: [tid:0] Register 4294967295 (flat: 4294967295) (invalid) is ready.
 131000: global: [sn:820] has 1 ready out of 4 sources. RTI 0)
 131000: system.cpu.rename: [tid:0] Looking up integer arch reg 0, got phys reg 55 (integer)
 131000: system.cpu.rename: [tid:0] Register 55 (flat: 55) (integer) is ready.
 131000: global: [sn:820] has 2 ready out of 4 sources. RTI 0)
 131000: system.cpu.rename: [tid:0] Looking up integer arch reg 17, got phys reg 95 (integer)
 131000: system.cpu.rename: [tid:0] Register 95 (flat: 95) (integer) is not ready.
 131000: system.cpu.rename: [tid:0] Looking up miscellaneous arch reg 155, got phys reg 155 (miscellaneous)
 131000: system.cpu.rename: [tid:0] Register 155 (flat: 0) (miscellaneous) is ready.
 131000: global: [sn:820] has 3 ready out of 4 sources. RTI 0)
 131000: system.cpu.rename: calcFreeLQEntries: free lqEntries: 178, loadsInProgress: 6, loads dispatchedToLQ: 2
 131000: system.cpu.rename: [tid:0] Processing instruction [sn:830] with PC (0x40106f=>0x401071).(0=>1).
 131000: system.cpu.rename: [tid:0] Mascot prediction for load [sn:830] type: 0; distance1: 0; distance2: 0
 131000: system.cpu.rename: [tid:0] Looking up invalid arch reg 0, got phys reg 4294967295 (invalid)
 131000: system.cpu.rename: [tid:0] Register 4294967295 (flat: 4294967295) (invalid) is ready.
 131000: global: [sn:830] has 1 ready out of 4 sources. RTI 0)
 131000: system.cpu.rename: [tid:0] Looking up integer arch reg 0, got phys reg 55 (integer)
 131000: system.cpu.rename: [tid:0] Register 55 (flat: 55) (integer) is ready.
 131000: global: [sn:830] has 2 ready out of 4 sources. RTI 0)
 131000: system.cpu.rename: [tid:0] Looking up integer arch reg 17, got phys reg 95 (integer)
 131000: system.cpu.rename: [tid:0] Register 95 (flat: 95) (integer) is not ready.
 131000: system.cpu.rename: [tid:0] Looking up miscellaneous arch reg 155, got phys reg 155 (miscellaneous)
 131000: system.cpu.rename: [tid:0] Register 155 (flat: 0) (miscellaneous) is ready.
 131000: global: [sn:830] has 3 ready out of 4 sources. RTI 0)
 131000: global: Renamed reg t1 to physical reg 96 (96) old mapping was 95 (95)
 131000: system.cpu.rename: [tid:0] Renaming arch reg 17 (integer) to physical reg 96 (96).
 131000: system.cpu.rename: [tid:0] [sn:830] Adding instruction to history buffer (size=141).
 131000: system.cpu.rename: [tid:0] Processing instruction [sn:840] with PC (0x40106f=>0x401071).(1=>2).
 131000: system.cpu.rename: [tid:0] Looking up integer arch reg 17, got phys reg 96 (integer)
 131000: system.cpu.rename: [tid:0] Register 96 (flat: 96) (integer) is not ready.
 131000: system.cpu.rename: [tid:0] Looking up integer arch reg 0, got phys reg 55 (integer)
 131000: system.cpu.rename: [tid:0] Register 55 (flat: 55) (integer) is ready.
 131000: global: [sn:840] has 1 ready out of 8 sources. RTI 0)
 131000: system.cpu.rename: [tid:0] Looking up integer arch reg 17, got phys reg 96 (integer)
 131000: system.cpu.rename: [tid:0] Register 96 (flat: 96) (integer) is not ready.
 131000: system.cpu.rename: [tid:0] Looking up invalid arch reg 0, got phys reg 4294967295 (invalid)
 131000: system.cpu.rename: [tid:0] Register 4294967295 (flat: 4294967295) (invalid) is ready.
 131000: global: [sn:840] has 2 ready out of 8 sources. RTI 0)
 131000: system.cpu.rename: [tid:0] Looking up invalid arch reg 0, got phys reg 4294967295 (invalid)
 131000: system.cpu.rename: [tid:0] Register 4294967295 (flat: 4294967295) (invalid) is ready.
 131000: global: [sn:840] has 3 ready out of 8 sources. RTI 0)
 131000: system.cpu.rename: [tid:0] Looking up invalid arch reg 0, got phys reg 4294967295 (invalid)
 131000: system.cpu.rename: [tid:0] Register 4294967295 (flat: 4294967295) (invalid) is ready.
 131000: global: [sn:840] has 4 ready out of 8 sources. RTI 0)
 131000: system.cpu.rename: [tid:0] Looking up invalid arch reg 0, got phys reg 4294967295 (invalid)
 131000: system.cpu.rename: [tid:0] Register 4294967295 (flat: 4294967295) (invalid) is ready.
 131000: global: [sn:840] has 5 ready out of 8 sources. RTI 0)
 131000: system.cpu.rename: [tid:0] Looking up invalid arch reg 0, got phys reg 4294967295 (invalid)
 131000: system.cpu.rename: [tid:0] Register 4294967295 (flat: 4294967295) (invalid) is ready.
 131000: global: [sn:840] has 6 ready out of 8 sources. RTI 0)
 131000: global: Renamed reg t1 to physical reg 97 (97) old mapping was 96 (96)
 131000: system.cpu.rename: [tid:0] Renaming arch reg 17 (integer) to physical reg 97 (97).
 131000: system.cpu.rename: [tid:0] [sn:840] Adding instruction to history buffer (size=142).
 131000: global: Renamed reg condition_code[0] to physical reg 2687 (2687) old mapping was 2685 (2685)
 131000: system.cpu.rename: [tid:0] Renaming arch reg 0 (condition_code) to physical reg 55 (2687).
 131000: system.cpu.rename: [tid:0] [sn:840] Adding instruction to history buffer (size=143).
 131000: global: Renamed reg condition_code[1] to physical reg 2688 (2688) old mapping was 2686 (2686)
 131000: system.cpu.rename: [tid:0] Renaming arch reg 1 (condition_code) to physical reg 56 (2688).
 131000: system.cpu.rename: [tid:0] [sn:840] Adding instruction to history buffer (size=144).
 131000: system.cpu.rename: [tid:0] Renaming arch reg 0 (invalid) to physical reg 4294967295 (4294967295).
 131000: system.cpu.rename: [tid:0] [sn:840] Adding instruction to history buffer (size=145).
 131000: system.cpu.rename: [tid:0] Renaming arch reg 0 (invalid) to physical reg 4294967295 (4294967295).
 131000: system.cpu.rename: [tid:0] [sn:840] Adding instruction to history buffer (size=146).
 131000: system.cpu.rename: [tid:0] Renaming arch reg 0 (invalid) to physical reg 4294967295 (4294967295).
 131000: system.cpu.rename: [tid:0] [sn:840] Adding instruction to history buffer (size=147).
 131000: system.cpu.rename: calcFreeSQEntries: free sqEntries: 98, storesInProgress: 7, stores dispatchedToSQ: 2
 131000: system.cpu.rename: [tid:0] Processing instruction [sn:850] with PC (0x40106f=>0x401071).(2=>3).
 131000: system.cpu.rename: [tid:0] Looking up invalid arch reg 0, got phys reg 4294967295 (invalid)
 131000: system.cpu.rename: [tid:0] Register 4294967295 (flat: 4294967295) (invalid) is ready.
 131000: global: [sn:850] has 1 ready out of 4 sources. RTI 0)
 131000: system.cpu.rename: [tid:0] Looking up integer arch reg 0, got phys reg 55 (integer)
 131000: system.cpu.rename: [tid:0] Register 55 (flat: 55) (integer) is ready.
 131000: global: [sn:850] has 2 ready out of 4 sources. RTI 0)
 131000: system.cpu.rename: [tid:0] Looking up integer arch reg 17, got phys reg 97 (integer)
 131000: system.cpu.rename: [tid:0] Register 97 (flat: 97) (integer) is not ready.
 131000: system.cpu.rename: [tid:0] Looking up miscellaneous arch reg 155, got phys reg 155 (miscellaneous)
 131000: system.cpu.rename: [tid:0] Register 155 (flat: 0) (miscellaneous) is ready.
 131000: global: [sn:850] has 3 ready out of 4 sources. RTI 0)
 131000: system.cpu.rename: calcFreeLQEntries: free lqEntries: 178, loadsInProgress: 7, loads dispatchedToLQ: 2
 131000: system.cpu.rename: [tid:0] Processing instruction [sn:860] with PC (0x401071=>0x401073).(0=>1).
 131000: system.cpu.rename: [tid:0] Mascot prediction for load [sn:860] type: 0; distance1: 0; distance2: 0
 131000: system.cpu.rename: [tid:0] Looking up invalid arch reg 0, got phys reg 4294967295 (invalid)
 131000: system.cpu.rename: [tid:0] Register 4294967295 (flat: 4294967295) (invalid) is ready.
 131000: global: [sn:860] has 1 ready out of 4 sources. RTI 0)
 131000: system.cpu.rename: [tid:0] Looking up integer arch reg 0, got phys reg 55 (integer)
 131000: system.cpu.rename: [tid:0] Register 55 (flat: 55) (integer) is ready.
 131000: global: [sn:860] has 2 ready out of 4 sources. RTI 0)
 131000: system.cpu.rename: [tid:0] Looking up integer arch reg 17, got phys reg 97 (integer)
 131000: system.cpu.rename: [tid:0] Register 97 (flat: 97) (integer) is not ready.
 131000: system.cpu.rename: [tid:0] Looking up miscellaneous arch reg 155, got phys reg 155 (miscellaneous)
 131000: system.cpu.rename: [tid:0] Register 155 (flat: 0) (miscellaneous) is ready.
 131000: global: [sn:860] has 3 ready out of 4 sources. RTI 0)
 131000: global: Renamed reg t1 to physical reg 98 (98) old mapping was 97 (97)
 131000: system.cpu.rename: [tid:0] Renaming arch reg 17 (integer) to physical reg 98 (98).
 131000: system.cpu.rename: [tid:0] [sn:860] Adding instruction to history buffer (size=148).
 131000: system.cpu.rename: Activity this cycle.
 131000: system.cpu.iew: Issue: Processing [tid:0]
 131000: system.cpu.iew: [tid:0] Not blocked, so attempting to run dispatch.
 131000: system.cpu.iew: [tid:0] Issue: Adding PC (0x401065=>0x401067).(1=>2) [sn:690] [tid:0] to IQ.
 131000: system.cpu.iq: Adding instruction [sn:690] PC (0x401065=>0x401067).(1=>2) to the IQ.
 131000: system.cpu.iq: Instruction PC (0x401065=>0x401067).(1=>2) has src reg 86 (integer) that is being added to the dependency chain.
 131000: system.cpu.iq: Instruction PC (0x401065=>0x401067).(1=>2) has src reg 86 (integer) that is being added to the dependency chain.
 131000: system.cpu.iew: [tid:0] Issue: Adding PC (0x401065=>0x401067).(2=>3) [sn:700] [tid:0] to IQ.
 131000: system.cpu.iew: [tid:0] Issue: Memory instruction encountered, adding to LSQ.
 131000: system.cpu.iew.lsq.thread0: Inserting store PC (0x401065=>0x401067).(2=>3), idx:19 [sn:700]
 131000: system.cpu.iq: Adding instruction [sn:700] PC (0x401065=>0x401067).(2=>3) to the IQ.
 131000: system.cpu.iq: Instruction PC (0x401065=>0x401067).(2=>3) has src reg 87 (integer) that is being added to the dependency chain.
 131000: memdepentry: Memory dependency entry created. memdep_count=32 (0x401065=>0x401067).(2=>3)
 131000: system.cpu.memDep0: No dependency for inst PC (0x401065=>0x401067).(2=>3) [sn:700].
 131000: system.cpu.memDep0: Inserting store/atomic PC (0x401065=>0x401067).(2=>3) [sn:700].
 131000: system.cpu.iew: [tid:0] Issue: Adding PC (0x401067=>0x401069).(0=>1) [sn:710] [tid:0] to IQ.
 131000: system.cpu.iew: [tid:0] Issue: Memory instruction encountered, adding to LSQ.
 131000: system.cpu.iew.lsq.thread0: Inserting load PC (0x401067=>0x401069).(0=>1), idx:20 [sn:710]
 131000: system.cpu.iq: Adding instruction [sn:710] PC (0x401067=>0x401069).(0=>1) to the IQ.
 131000: system.cpu.iq: Instruction PC (0x401067=>0x401069).(0=>1) has src reg 87 (integer) that is being added to the dependency chain.
 131000: memdepentry: Memory dependency entry created. memdep_count=33 (0x401067=>0x401069).(0=>1)
 131000: system.cpu.memDep0: No dependency for inst PC (0x401067=>0x401069).(0=>1) [sn:710].
 131000: system.cpu.iew: [tid:0] Issue: Adding PC (0x401067=>0x401069).(1=>2) [sn:720] [tid:0] to IQ.
 131000: system.cpu.iq: Adding instruction [sn:720] PC (0x401067=>0x401069).(1=>2) to the IQ.
 131000: system.cpu.iq: Instruction PC (0x401067=>0x401069).(1=>2) has src reg 88 (integer) that is being added to the dependency chain.
 131000: system.cpu.iq: Instruction PC (0x401067=>0x401069).(1=>2) has src reg 88 (integer) that is being added to the dependency chain.
 131000: system.cpu.iew: [tid:0] Issue: Adding PC (0x401067=>0x401069).(2=>3) [sn:730] [tid:0] to IQ.
 131000: system.cpu.iew: [tid:0] Issue: Memory instruction encountered, adding to LSQ.
 131000: system.cpu.iew.lsq.thread0: Inserting store PC (0x401067=>0x401069).(2=>3), idx:20 [sn:730]
 131000: system.cpu.iq: Adding instruction [sn:730] PC (0x401067=>0x401069).(2=>3) to the IQ.
 131000: system.cpu.iq: Instruction PC (0x401067=>0x401069).(2=>3) has src reg 89 (integer) that is being added to the dependency chain.
 131000: memdepentry: Memory dependency entry created. memdep_count=34 (0x401067=>0x401069).(2=>3)
 131000: system.cpu.memDep0: No dependency for inst PC (0x401067=>0x401069).(2=>3) [sn:730].
 131000: system.cpu.memDep0: Inserting store/atomic PC (0x401067=>0x401069).(2=>3) [sn:730].
 131000: system.cpu.iew: [tid:0] Issue: Adding PC (0x401069=>0x40106b).(0=>1) [sn:740] [tid:0] to IQ.
 131000: system.cpu.iew: [tid:0] Issue: Memory instruction encountered, adding to LSQ.
 131000: system.cpu.iew.lsq.thread0: Inserting load PC (0x401069=>0x40106b).(0=>1), idx:21 [sn:740]
 131000: system.cpu.iq: Adding instruction [sn:740] PC (0x401069=>0x40106b).(0=>1) to the IQ.
 131000: system.cpu.iq: Instruction PC (0x401069=>0x40106b).(0=>1) has src reg 89 (integer) that is being added to the dependency chain.
 131000: memdepentry: Memory dependency entry created. memdep_count=35 (0x401069=>0x40106b).(0=>1)
 131000: system.cpu.memDep0: No dependency for inst PC (0x401069=>0x40106b).(0=>1) [sn:740].
 131000: system.cpu.iq: Attempting to schedule ready instructions from the IQ.
 131000: system.cpu.iq: Not able to schedule any instructions.
 131000: system.cpu.iew.lsq: [tid:0] Writing back stores. 2 stores available for Writeback.
 131000: system.cpu.iew.lsq.thread0: D-Cache: Writing back store idx:3 PC:(0x401013=>0x40101b).(1=>2) to Addr:0x2e18, data:0xf [sn:80]
 131000: system.cpu.iew.lsq.thread0: Memory request (pkt: WriteResp [2e18:2e1b]) from inst [sn:80] was sent (cache is blocked: 0, cache_got_blocked: 0)
 131000: system.cpu.iew: Processing [tid:0]
 131000: system.cpu.iew.lsq.thread0: LQ size: 192, #loads occupied: 18
 131000: system.cpu.iew.lsq.thread0: SQ size: 114, #stores occupied: 19
 131000: system.cpu.iew: [tid:0], Dispatch dispatched 6 instructions.
 131000: system.cpu.iew.lsq.thread0: SQ size: 114, #stores occupied: 19
 131000: system.cpu.iew.lsq.thread0: LQ size: 192, #loads occupied: 18
 131000: system.cpu.iew: IQ has 152 free entries (Can schedule: 0).  LQ has 174 free entries. SQ has 95 free entries.
 131000: system.cpu.iew: Activity this cycle.
 131000: system.cpu.commit: Getting instructions from Rename stage.
 131000: system.cpu.commit: [tid:0] [sn:750] Inserting PC (0x401069=>0x40106b).(1=>2) into ROB.
 131000: system.cpu.rob: Adding inst PC (0x401069=>0x40106b).(1=>2) to the ROB.
 131000: system.cpu.rob: [tid:0] Now has 54 instructions.
 131000: system.cpu.commit: [tid:0] [sn:760] Inserting PC (0x401069=>0x40106b).(2=>3) into ROB.
 131000: system.cpu.rob: Adding inst PC (0x401069=>0x40106b).(2=>3) to the ROB.
 131000: system.cpu.rob: [tid:0] Now has 55 instructions.
 131000: system.cpu.commit: [tid:0] [sn:770] Inserting PC (0x40106b=>0x40106d).(0=>1) into ROB.
 131000: system.cpu.rob: Adding inst PC (0x40106b=>0x40106d).(0=>1) to the ROB.
 131000: system.cpu.rob: [tid:0] Now has 56 instructions.
 131000: system.cpu.commit: [tid:0] [sn:780] Inserting PC (0x40106b=>0x40106d).(1=>2) into ROB.
 131000: system.cpu.rob: Adding inst PC (0x40106b=>0x40106d).(1=>2) to the ROB.
 131000: system.cpu.rob: [tid:0] Now has 57 instructions.
 131000: system.cpu.commit: [tid:0] [sn:790] Inserting PC (0x40106b=>0x40106d).(2=>3) into ROB.
 131000: system.cpu.rob: Adding inst PC (0x40106b=>0x40106d).(2=>3) to the ROB.
 131000: system.cpu.rob: [tid:0] Now has 58 instructions.
 131000: system.cpu.commit: [tid:0] [sn:800] Inserting PC (0x40106d=>0x40106f).(0=>1) into ROB.
 131000: system.cpu.rob: Adding inst PC (0x40106d=>0x40106f).(0=>1) to the ROB.
 131000: system.cpu.rob: [tid:0] Now has 59 instructions.
 131000: system.cpu.commit: Trying to commit instructions in the ROB.
 131000: system.cpu.commit: Trying to commit head instruction, [tid:0] [sn:220]
 131000: system.cpu.commit: Inst [tid:0] [sn:220] PC (0x401045=>0x401047).(0=>1) has a fault
 131000: system.cpu.commit: [tid:0] [sn:220] Stores outstanding, fault must wait.
 131000: system.cpu.commit: Unable to commit head instruction PC:(0x401045=>0x401047).(0=>1) [tid:0] [sn:220].
 131000: system.cpu.commit: [tid:0] Instruction [sn:220] PC (0x401045=>0x401047).(0=>1) is head of ROB and ready to commit
 131000: system.cpu.commit: [tid:0] ROB has 59 insts & 453 free entries.
 131000: system.cpu.commit: Activity This Cycle.
 131000: system.cpu: Scheduling next tick!
 132000: system.cpu: 

O3CPU: Ticking main, O3CPU.
 132000: system.cpu.fetch: Running stage.
 132000: system.cpu.fetch: Attempting to fetch from [tid:0]
 132000: system.cpu.fetch: [tid:0] Adding instructions to queue to decode.
 132000: global: DynInst: [sn:990] Instruction created. Instcount for system.cpu = 81
 132000: system.cpu.fetch: [tid:0] Instruction PC (0x401079=>0x40107b).(1=>2) created [sn:990].
 132000: system.cpu.fetch: [tid:0] Instruction is:   ADD_M_R : add   t1b, t1b, al
 132000: system.cpu.fetch: [tid:0] Fetch queue entry created (1/128).
 132000: global: DynInst: [sn:1000] Instruction created. Instcount for system.cpu = 82
 132000: system.cpu.fetch: [tid:0] Instruction PC (0x401079=>0x40107b).(2=>3) created [sn:1000].
 132000: system.cpu.fetch: [tid:0] Instruction is:   ADD_M_R : st   t1b, DS:[rax]
 132000: system.cpu.fetch: [tid:0] Fetch queue entry created (2/128).
 132000: system.cpu.decoder: Decode: Decoded add instruction: 
{
	leg = 0,
	rex = 0,
	vex/xop = 0,
	op = {
		type = one byte,
		op = 0,
		},
	modRM = 0,
	sib = 0,
	immediate = 0,
	displacement = 0
	dispSize = 0}

 132000: global: DynInst: [sn:1010] Instruction created. Instcount for system.cpu = 83
 132000: system.cpu.fetch: [tid:0] Instruction PC (0x40107b=>0x40107d).(0=>1) created [sn:1010].
 132000: system.cpu.fetch: [tid:0] Instruction is:   ADD_M_R : ldst   t1b, DS:[rax]
 132000: system.cpu.fetch: [tid:0] Fetch queue entry created (3/128).
 132000: global: DynInst: [sn:1020] Instruction created. Instcount for system.cpu = 84
 132000: system.cpu.fetch: [tid:0] Instruction PC (0x40107b=>0x40107d).(1=>2) created [sn:1020].
 132000: system.cpu.fetch: [tid:0] Instruction is:   ADD_M_R : add   t1b, t1b, al
 132000: system.cpu.fetch: [tid:0] Fetch queue entry created (4/128).
 132000: global: DynInst: [sn:1030] Instruction created. Instcount for system.cpu = 85
 132000: system.cpu.fetch: [tid:0] Instruction PC (0x40107b=>0x40107d).(2=>3) created [sn:1030].
 132000: system.cpu.fetch: [tid:0] Instruction is:   ADD_M_R : st   t1b, DS:[rax]
 132000: system.cpu.fetch: [tid:0] Fetch queue entry created (5/128).
 132000: system.cpu.decoder: Decode: Decoded add instruction: 
{
	leg = 0,
	rex = 0,
	vex/xop = 0,
	op = {
		type = one byte,
		op = 0,
		},
	modRM = 0,
	sib = 0,
	immediate = 0,
	displacement = 0
	dispSize = 0}

 132000: global: DynInst: [sn:1040] Instruction created. Instcount for system.cpu = 86
 132000: system.cpu.fetch: [tid:0] Instruction PC (0x40107d=>0x40107f).(0=>1) created [sn:1040].
 132000: system.cpu.fetch: [tid:0] Instruction is:   ADD_M_R : ldst   t1b, DS:[rax]
 132000: system.cpu.fetch: [tid:0] Fetch queue entry created (6/128).
 132000: system.cpu.fetch: [tid:0] Done fetching, reached fetch bandwidth for this cycle.
 132000: system.cpu.fetch: [tid:0] [sn:990] Sending instruction to decode from fetch queue. Fetch queue size: 6.
 132000: system.cpu.fetch: [tid:0] [sn:1000] Sending instruction to decode from fetch queue. Fetch queue size: 5.
 132000: system.cpu.fetch: [tid:0] [sn:1010] Sending instruction to decode from fetch queue. Fetch queue size: 4.
 132000: system.cpu.fetch: [tid:0] [sn:1020] Sending instruction to decode from fetch queue. Fetch queue size: 3.
 132000: system.cpu.fetch: [tid:0] [sn:1030] Sending instruction to decode from fetch queue. Fetch queue size: 2.
 132000: system.cpu.fetch: [tid:0] [sn:1040] Sending instruction to decode from fetch queue. Fetch queue size: 1.
 132000: system.cpu.fetch: Activity this cycle.
 132000: system.cpu: Activity: 17
 132000: system.cpu.decode: Processing [tid:0]
 132000: system.cpu.decode: [tid:0] Bypass moves from Rename: 0
 132000: system.cpu.decode: [tid:0] Not blocked, so attempting to run stage.
 132000: system.cpu.decode: [tid:0] Sending instruction to rename.
 132000: system.cpu.decode: [tid:0] Processing instruction [sn:930] with PC (0x401075=>0x401077).(1=>2)
 132000: system.cpu.decode: [tid:0] Processing instruction [sn:940] with PC (0x401075=>0x401077).(2=>3)
 132000: system.cpu.decode: [tid:0] Processing instruction [sn:950] with PC (0x401077=>0x401079).(0=>1)
 132000: system.cpu.decode: [tid:0] Processing instruction [sn:960] with PC (0x401077=>0x401079).(1=>2)
 132000: system.cpu.decode: [tid:0] Processing instruction [sn:970] with PC (0x401077=>0x401079).(2=>3)
 132000: system.cpu.decode: [tid:0] Processing instruction [sn:980] with PC (0x401079=>0x40107b).(0=>1)
 132000: system.cpu.decode: Activity this cycle.
 132000: system.cpu.rename: Processing [tid:0]
 132000: system.cpu.rename: [tid:0] Free IQ: 152, Free ROB: 453, Free LQ: 174, Free SQ: 95, FreeRM 63(430 464 511 1022 63 8 2513)
 132000: system.cpu.rename: [tid:0] 18 instructions not yet in ROB
 132000: system.cpu.rename: calcFreeLQEntries: free lqEntries: 174, loadsInProgress: 6, loads dispatchedToLQ: 2
 132000: system.cpu.rename: [tid:0] Not blocked, so attempting to run stage.
 132000: system.cpu.rename: [tid:0] 6 available instructions to send iew.
 132000: system.cpu.rename: [tid:0] 18 insts pipelining from Rename | 6 insts dispatched to IQ last cycle.
 132000: system.cpu.rename: [tid:0] Sending instructions to IEW.
 132000: system.cpu.rename: [tid:0] Processing instruction [sn:870] with PC (0x401071=>0x401073).(1=>2).
 132000: system.cpu.rename: [tid:0] Looking up integer arch reg 17, got phys reg 98 (integer)
 132000: system.cpu.rename: [tid:0] Register 98 (flat: 98) (integer) is not ready.
 132000: system.cpu.rename: [tid:0] Looking up integer arch reg 0, got phys reg 55 (integer)
 132000: system.cpu.rename: [tid:0] Register 55 (flat: 55) (integer) is ready.
 132000: global: [sn:870] has 1 ready out of 8 sources. RTI 0)
 132000: system.cpu.rename: [tid:0] Looking up integer arch reg 17, got phys reg 98 (integer)
 132000: system.cpu.rename: [tid:0] Register 98 (flat: 98) (integer) is not ready.
 132000: system.cpu.rename: [tid:0] Looking up invalid arch reg 0, got phys reg 4294967295 (invalid)
 132000: system.cpu.rename: [tid:0] Register 4294967295 (flat: 4294967295) (invalid) is ready.
 132000: global: [sn:870] has 2 ready out of 8 sources. RTI 0)
 132000: system.cpu.rename: [tid:0] Looking up invalid arch reg 0, got phys reg 4294967295 (invalid)
 132000: system.cpu.rename: [tid:0] Register 4294967295 (flat: 4294967295) (invalid) is ready.
 132000: global: [sn:870] has 3 ready out of 8 sources. RTI 0)
 132000: system.cpu.rename: [tid:0] Looking up invalid arch reg 0, got phys reg 4294967295 (invalid)
 132000: system.cpu.rename: [tid:0] Register 4294967295 (flat: 4294967295) (invalid) is ready.
 132000: global: [sn:870] has 4 ready out of 8 sources. RTI 0)
 132000: system.cpu.rename: [tid:0] Looking up invalid arch reg 0, got phys reg 4294967295 (invalid)
 132000: system.cpu.rename: [tid:0] Register 4294967295 (flat: 4294967295) (invalid) is ready.
 132000: global: [sn:870] has 5 ready out of 8 sources. RTI 0)
 132000: system.cpu.rename: [tid:0] Looking up invalid arch reg 0, got phys reg 4294967295 (invalid)
 132000: system.cpu.rename: [tid:0] Register 4294967295 (flat: 4294967295) (invalid) is ready.
 132000: global: [sn:870] has 6 ready out of 8 sources. RTI 0)
 132000: global: Renamed reg t1 to physical reg 99 (99) old mapping was 98 (98)
 132000: system.cpu.rename: [tid:0] Renaming arch reg 17 (integer) to physical reg 99 (99).
 132000: system.cpu.rename: [tid:0] [sn:870] Adding instruction to history buffer (size=149).
 132000: global: Renamed reg condition_code[0] to physical reg 2689 (2689) old mapping was 2687 (2687)
 132000: system.cpu.rename: [tid:0] Renaming arch reg 0 (condition_code) to physical reg 57 (2689).
 132000: system.cpu.rename: [tid:0] [sn:870] Adding instruction to history buffer (size=150).
 132000: global: Renamed reg condition_code[1] to physical reg 2690 (2690) old mapping was 2688 (2688)
 132000: system.cpu.rename: [tid:0] Renaming arch reg 1 (condition_code) to physical reg 58 (2690).
 132000: system.cpu.rename: [tid:0] [sn:870] Adding instruction to history buffer (size=151).
 132000: system.cpu.rename: [tid:0] Renaming arch reg 0 (invalid) to physical reg 4294967295 (4294967295).
 132000: system.cpu.rename: [tid:0] [sn:870] Adding instruction to history buffer (size=152).
 132000: system.cpu.rename: [tid:0] Renaming arch reg 0 (invalid) to physical reg 4294967295 (4294967295).
 132000: system.cpu.rename: [tid:0] [sn:870] Adding instruction to history buffer (size=153).
 132000: system.cpu.rename: [tid:0] Renaming arch reg 0 (invalid) to physical reg 4294967295 (4294967295).
 132000: system.cpu.rename: [tid:0] [sn:870] Adding instruction to history buffer (size=154).
 132000: system.cpu.rename: calcFreeSQEntries: free sqEntries: 95, storesInProgress: 6, stores dispatchedToSQ: 2
 132000: system.cpu.rename: [tid:0] Processing instruction [sn:880] with PC (0x401071=>0x401073).(2=>3).
 132000: system.cpu.rename: [tid:0] Looking up invalid arch reg 0, got phys reg 4294967295 (invalid)
 132000: system.cpu.rename: [tid:0] Register 4294967295 (flat: 4294967295) (invalid) is ready.
 132000: global: [sn:880] has 1 ready out of 4 sources. RTI 0)
 132000: system.cpu.rename: [tid:0] Looking up integer arch reg 0, got phys reg 55 (integer)
 132000: system.cpu.rename: [tid:0] Register 55 (flat: 55) (integer) is ready.
 132000: global: [sn:880] has 2 ready out of 4 sources. RTI 0)
 132000: system.cpu.rename: [tid:0] Looking up integer arch reg 17, got phys reg 99 (integer)
 132000: system.cpu.rename: [tid:0] Register 99 (flat: 99) (integer) is not ready.
 132000: system.cpu.rename: [tid:0] Looking up miscellaneous arch reg 155, got phys reg 155 (miscellaneous)
 132000: system.cpu.rename: [tid:0] Register 155 (flat: 0) (miscellaneous) is ready.
 132000: global: [sn:880] has 3 ready out of 4 sources. RTI 0)
 132000: system.cpu.rename: calcFreeLQEntries: free lqEntries: 174, loadsInProgress: 6, loads dispatchedToLQ: 2
 132000: system.cpu.rename: [tid:0] Processing instruction [sn:890] with PC (0x401073=>0x401075).(0=>1).
 132000: system.cpu.rename: [tid:0] Mascot prediction for load [sn:890] type: 0; distance1: 0; distance2: 0
 132000: system.cpu.rename: [tid:0] Looking up invalid arch reg 0, got phys reg 4294967295 (invalid)
 132000: system.cpu.rename: [tid:0] Register 4294967295 (flat: 4294967295) (invalid) is ready.
 132000: global: [sn:890] has 1 ready out of 4 sources. RTI 0)
 132000: system.cpu.rename: [tid:0] Looking up integer arch reg 0, got phys reg 55 (integer)
 132000: system.cpu.rename: [tid:0] Register 55 (flat: 55) (integer) is ready.
 132000: global: [sn:890] has 2 ready out of 4 sources. RTI 0)
 132000: system.cpu.rename: [tid:0] Looking up integer arch reg 17, got phys reg 99 (integer)
 132000: system.cpu.rename: [tid:0] Register 99 (flat: 99) (integer) is not ready.
 132000: system.cpu.rename: [tid:0] Looking up miscellaneous arch reg 155, got phys reg 155 (miscellaneous)
 132000: system.cpu.rename: [tid:0] Register 155 (flat: 0) (miscellaneous) is ready.
 132000: global: [sn:890] has 3 ready out of 4 sources. RTI 0)
 132000: global: Renamed reg t1 to physical reg 100 (100) old mapping was 99 (99)
 132000: system.cpu.rename: [tid:0] Renaming arch reg 17 (integer) to physical reg 100 (100).
 132000: system.cpu.rename: [tid:0] [sn:890] Adding instruction to history buffer (size=155).
 132000: system.cpu.rename: [tid:0] Processing instruction [sn:900] with PC (0x401073=>0x401075).(1=>2).
 132000: system.cpu.rename: [tid:0] Looking up integer arch reg 17, got phys reg 100 (integer)
 132000: system.cpu.rename: [tid:0] Register 100 (flat: 100) (integer) is not ready.
 132000: system.cpu.rename: [tid:0] Looking up integer arch reg 0, got phys reg 55 (integer)
 132000: system.cpu.rename: [tid:0] Register 55 (flat: 55) (integer) is ready.
 132000: global: [sn:900] has 1 ready out of 8 sources. RTI 0)
 132000: system.cpu.rename: [tid:0] Looking up integer arch reg 17, got phys reg 100 (integer)
 132000: system.cpu.rename: [tid:0] Register 100 (flat: 100) (integer) is not ready.
 132000: system.cpu.rename: [tid:0] Looking up invalid arch reg 0, got phys reg 4294967295 (invalid)
 132000: system.cpu.rename: [tid:0] Register 4294967295 (flat: 4294967295) (invalid) is ready.
 132000: global: [sn:900] has 2 ready out of 8 sources. RTI 0)
 132000: system.cpu.rename: [tid:0] Looking up invalid arch reg 0, got phys reg 4294967295 (invalid)
 132000: system.cpu.rename: [tid:0] Register 4294967295 (flat: 4294967295) (invalid) is ready.
 132000: global: [sn:900] has 3 ready out of 8 sources. RTI 0)
 132000: system.cpu.rename: [tid:0] Looking up invalid arch reg 0, got phys reg 4294967295 (invalid)
 132000: system.cpu.rename: [tid:0] Register 4294967295 (flat: 4294967295) (invalid) is ready.
 132000: global: [sn:900] has 4 ready out of 8 sources. RTI 0)
 132000: system.cpu.rename: [tid:0] Looking up invalid arch reg 0, got phys reg 4294967295 (invalid)
 132000: system.cpu.rename: [tid:0] Register 4294967295 (flat: 4294967295) (invalid) is ready.
 132000: global: [sn:900] has 5 ready out of 8 sources. RTI 0)
 132000: system.cpu.rename: [tid:0] Looking up invalid arch reg 0, got phys reg 4294967295 (invalid)
 132000: system.cpu.rename: [tid:0] Register 4294967295 (flat: 4294967295) (invalid) is ready.
 132000: global: [sn:900] has 6 ready out of 8 sources. RTI 0)
 132000: global: Renamed reg t1 to physical reg 101 (101) old mapping was 100 (100)
 132000: system.cpu.rename: [tid:0] Renaming arch reg 17 (integer) to physical reg 101 (101).
 132000: system.cpu.rename: [tid:0] [sn:900] Adding instruction to history buffer (size=156).
 132000: global: Renamed reg condition_code[0] to physical reg 2691 (2691) old mapping was 2689 (2689)
 132000: system.cpu.rename: [tid:0] Renaming arch reg 0 (condition_code) to physical reg 59 (2691).
 132000: system.cpu.rename: [tid:0] [sn:900] Adding instruction to history buffer (size=157).
 132000: global: Renamed reg condition_code[1] to physical reg 2692 (2692) old mapping was 2690 (2690)
 132000: system.cpu.rename: [tid:0] Renaming arch reg 1 (condition_code) to physical reg 60 (2692).
 132000: system.cpu.rename: [tid:0] [sn:900] Adding instruction to history buffer (size=158).
 132000: system.cpu.rename: [tid:0] Renaming arch reg 0 (invalid) to physical reg 4294967295 (4294967295).
 132000: system.cpu.rename: [tid:0] [sn:900] Adding instruction to history buffer (size=159).
 132000: system.cpu.rename: [tid:0] Renaming arch reg 0 (invalid) to physical reg 4294967295 (4294967295).
 132000: system.cpu.rename: [tid:0] [sn:900] Adding instruction to history buffer (size=160).
 132000: system.cpu.rename: [tid:0] Renaming arch reg 0 (invalid) to physical reg 4294967295 (4294967295).
 132000: system.cpu.rename: [tid:0] [sn:900] Adding instruction to history buffer (size=161).
 132000: system.cpu.rename: calcFreeSQEntries: free sqEntries: 95, storesInProgress: 7, stores dispatchedToSQ: 2
 132000: system.cpu.rename: [tid:0] Processing instruction [sn:910] with PC (0x401073=>0x401075).(2=>3).
 132000: system.cpu.rename: [tid:0] Looking up invalid arch reg 0, got phys reg 4294967295 (invalid)
 132000: system.cpu.rename: [tid:0] Register 4294967295 (flat: 4294967295) (invalid) is ready.
 132000: global: [sn:910] has 1 ready out of 4 sources. RTI 0)
 132000: system.cpu.rename: [tid:0] Looking up integer arch reg 0, got phys reg 55 (integer)
 132000: system.cpu.rename: [tid:0] Register 55 (flat: 55) (integer) is ready.
 132000: global: [sn:910] has 2 ready out of 4 sources. RTI 0)
 132000: system.cpu.rename: [tid:0] Looking up integer arch reg 17, got phys reg 101 (integer)
 132000: system.cpu.rename: [tid:0] Register 101 (flat: 101) (integer) is not ready.
 132000: system.cpu.rename: [tid:0] Looking up miscellaneous arch reg 155, got phys reg 155 (miscellaneous)
 132000: system.cpu.rename: [tid:0] Register 155 (flat: 0) (miscellaneous) is ready.
 132000: global: [sn:910] has 3 ready out of 4 sources. RTI 0)
 132000: system.cpu.rename: calcFreeLQEntries: free lqEntries: 174, loadsInProgress: 7, loads dispatchedToLQ: 2
 132000: system.cpu.rename: [tid:0] Processing instruction [sn:920] with PC (0x401075=>0x401077).(0=>1).
 132000: system.cpu.rename: [tid:0] Mascot prediction for load [sn:920] type: 0; distance1: 0; distance2: 0
 132000: system.cpu.rename: [tid:0] Looking up invalid arch reg 0, got phys reg 4294967295 (invalid)
 132000: system.cpu.rename: [tid:0] Register 4294967295 (flat: 4294967295) (invalid) is ready.
 132000: global: [sn:920] has 1 ready out of 4 sources. RTI 0)
 132000: system.cpu.rename: [tid:0] Looking up integer arch reg 0, got phys reg 55 (integer)
 132000: system.cpu.rename: [tid:0] Register 55 (flat: 55) (integer) is ready.
 132000: global: [sn:920] has 2 ready out of 4 sources. RTI 0)
 132000: system.cpu.rename: [tid:0] Looking up integer arch reg 17, got phys reg 101 (integer)
 132000: system.cpu.rename: [tid:0] Register 101 (flat: 101) (integer) is not ready.
 132000: system.cpu.rename: [tid:0] Looking up miscellaneous arch reg 155, got phys reg 155 (miscellaneous)
 132000: system.cpu.rename: [tid:0] Register 155 (flat: 0) (miscellaneous) is ready.
 132000: global: [sn:920] has 3 ready out of 4 sources. RTI 0)
 132000: global: Renamed reg t1 to physical reg 102 (102) old mapping was 101 (101)
 132000: system.cpu.rename: [tid:0] Renaming arch reg 17 (integer) to physical reg 102 (102).
 132000: system.cpu.rename: [tid:0] [sn:920] Adding instruction to history buffer (size=162).
 132000: system.cpu.rename: Activity this cycle.
 132000: system.cpu.iew: Issue: Processing [tid:0]
 132000: system.cpu.iew: [tid:0] Not blocked, so attempting to run dispatch.
 132000: system.cpu.iew: [tid:0] Issue: Adding PC (0x401069=>0x40106b).(1=>2) [sn:750] [tid:0] to IQ.
 132000: system.cpu.iq: Adding instruction [sn:750] PC (0x401069=>0x40106b).(1=>2) to the IQ.
 132000: system.cpu.iq: Instruction PC (0x401069=>0x40106b).(1=>2) has src reg 90 (integer) that is being added to the dependency chain.
 132000: system.cpu.iq: Instruction PC (0x401069=>0x40106b).(1=>2) has src reg 90 (integer) that is being added to the dependency chain.
 132000: system.cpu.iew: [tid:0] Issue: Adding PC (0x401069=>0x40106b).(2=>3) [sn:760] [tid:0] to IQ.
 132000: system.cpu.iew: [tid:0] Issue: Memory instruction encountered, adding to LSQ.
 132000: system.cpu.iew.lsq.thread0: Inserting store PC (0x401069=>0x40106b).(2=>3), idx:21 [sn:760]
 132000: system.cpu.iq: Adding instruction [sn:760] PC (0x401069=>0x40106b).(2=>3) to the IQ.
 132000: system.cpu.iq: Instruction PC (0x401069=>0x40106b).(2=>3) has src reg 91 (integer) that is being added to the dependency chain.
 132000: memdepentry: Memory dependency entry created. memdep_count=36 (0x401069=>0x40106b).(2=>3)
 132000: system.cpu.memDep0: No dependency for inst PC (0x401069=>0x40106b).(2=>3) [sn:760].
 132000: system.cpu.memDep0: Inserting store/atomic PC (0x401069=>0x40106b).(2=>3) [sn:760].
 132000: system.cpu.iew: [tid:0] Issue: Adding PC (0x40106b=>0x40106d).(0=>1) [sn:770] [tid:0] to IQ.
 132000: system.cpu.iew: [tid:0] Issue: Memory instruction encountered, adding to LSQ.
 132000: system.cpu.iew.lsq.thread0: Inserting load PC (0x40106b=>0x40106d).(0=>1), idx:22 [sn:770]
 132000: system.cpu.iq: Adding instruction [sn:770] PC (0x40106b=>0x40106d).(0=>1) to the IQ.
 132000: system.cpu.iq: Instruction PC (0x40106b=>0x40106d).(0=>1) has src reg 91 (integer) that is being added to the dependency chain.
 132000: memdepentry: Memory dependency entry created. memdep_count=37 (0x40106b=>0x40106d).(0=>1)
 132000: system.cpu.memDep0: No dependency for inst PC (0x40106b=>0x40106d).(0=>1) [sn:770].
 132000: system.cpu.iew: [tid:0] Issue: Adding PC (0x40106b=>0x40106d).(1=>2) [sn:780] [tid:0] to IQ.
 132000: system.cpu.iq: Adding instruction [sn:780] PC (0x40106b=>0x40106d).(1=>2) to the IQ.
 132000: system.cpu.iq: Instruction PC (0x40106b=>0x40106d).(1=>2) has src reg 92 (integer) that is being added to the dependency chain.
 132000: system.cpu.iq: Instruction PC (0x40106b=>0x40106d).(1=>2) has src reg 92 (integer) that is being added to the dependency chain.
 132000: system.cpu.iew: [tid:0] Issue: Adding PC (0x40106b=>0x40106d).(2=>3) [sn:790] [tid:0] to IQ.
 132000: system.cpu.iew: [tid:0] Issue: Memory instruction encountered, adding to LSQ.
 132000: system.cpu.iew.lsq.thread0: Inserting store PC (0x40106b=>0x40106d).(2=>3), idx:22 [sn:790]
 132000: system.cpu.iq: Adding instruction [sn:790] PC (0x40106b=>0x40106d).(2=>3) to the IQ.
 132000: system.cpu.iq: Instruction PC (0x40106b=>0x40106d).(2=>3) has src reg 93 (integer) that is being added to the dependency chain.
 132000: memdepentry: Memory dependency entry created. memdep_count=38 (0x40106b=>0x40106d).(2=>3)
 132000: system.cpu.memDep0: No dependency for inst PC (0x40106b=>0x40106d).(2=>3) [sn:790].
 132000: system.cpu.memDep0: Inserting store/atomic PC (0x40106b=>0x40106d).(2=>3) [sn:790].
 132000: system.cpu.iew: [tid:0] Issue: Adding PC (0x40106d=>0x40106f).(0=>1) [sn:800] [tid:0] to IQ.
 132000: system.cpu.iew: [tid:0] Issue: Memory instruction encountered, adding to LSQ.
 132000: system.cpu.iew.lsq.thread0: Inserting load PC (0x40106d=>0x40106f).(0=>1), idx:23 [sn:800]
 132000: system.cpu.iq: Adding instruction [sn:800] PC (0x40106d=>0x40106f).(0=>1) to the IQ.
 132000: system.cpu.iq: Instruction PC (0x40106d=>0x40106f).(0=>1) has src reg 93 (integer) that is being added to the dependency chain.
 132000: memdepentry: Memory dependency entry created. memdep_count=39 (0x40106d=>0x40106f).(0=>1)
 132000: system.cpu.memDep0: No dependency for inst PC (0x40106d=>0x40106f).(0=>1) [sn:800].
 132000: system.cpu.iq: Attempting to schedule ready instructions from the IQ.
 132000: system.cpu.iq: Not able to schedule any instructions.
 132000: system.cpu.iew.lsq: [tid:0] Writing back stores. 2 stores available for Writeback.
 132000: system.cpu.iew: Processing [tid:0]
 132000: system.cpu.iew: [tid:0], Dispatch dispatched 6 instructions.
 132000: system.cpu.iew.lsq.thread0: SQ size: 114, #stores occupied: 21
 132000: system.cpu.iew.lsq.thread0: LQ size: 192, #loads occupied: 20
 132000: system.cpu.iew: IQ has 146 free entries (Can schedule: 0).  LQ has 172 free entries. SQ has 93 free entries.
 132000: system.cpu.commit: Getting instructions from Rename stage.
 132000: system.cpu.commit: [tid:0] [sn:810] Inserting PC (0x40106d=>0x40106f).(1=>2) into ROB.
 132000: system.cpu.rob: Adding inst PC (0x40106d=>0x40106f).(1=>2) to the ROB.
 132000: system.cpu.rob: [tid:0] Now has 60 instructions.
 132000: system.cpu.commit: [tid:0] [sn:820] Inserting PC (0x40106d=>0x40106f).(2=>3) into ROB.
 132000: system.cpu.rob: Adding inst PC (0x40106d=>0x40106f).(2=>3) to the ROB.
 132000: system.cpu.rob: [tid:0] Now has 61 instructions.
 132000: system.cpu.commit: [tid:0] [sn:830] Inserting PC (0x40106f=>0x401071).(0=>1) into ROB.
 132000: system.cpu.rob: Adding inst PC (0x40106f=>0x401071).(0=>1) to the ROB.
 132000: system.cpu.rob: [tid:0] Now has 62 instructions.
 132000: system.cpu.commit: [tid:0] [sn:840] Inserting PC (0x40106f=>0x401071).(1=>2) into ROB.
 132000: system.cpu.rob: Adding inst PC (0x40106f=>0x401071).(1=>2) to the ROB.
 132000: system.cpu.rob: [tid:0] Now has 63 instructions.
 132000: system.cpu.commit: [tid:0] [sn:850] Inserting PC (0x40106f=>0x401071).(2=>3) into ROB.
 132000: system.cpu.rob: Adding inst PC (0x40106f=>0x401071).(2=>3) to the ROB.
 132000: system.cpu.rob: [tid:0] Now has 64 instructions.
 132000: system.cpu.commit: [tid:0] [sn:860] Inserting PC (0x401071=>0x401073).(0=>1) into ROB.
 132000: system.cpu.rob: Adding inst PC (0x401071=>0x401073).(0=>1) to the ROB.
 132000: system.cpu.rob: [tid:0] Now has 65 instructions.
 132000: system.cpu.commit: Trying to commit instructions in the ROB.
 132000: system.cpu.commit: Trying to commit head instruction, [tid:0] [sn:220]
 132000: system.cpu.commit: Inst [tid:0] [sn:220] PC (0x401045=>0x401047).(0=>1) has a fault
 132000: system.cpu.commit: [tid:0] [sn:220] Stores outstanding, fault must wait.
 132000: system.cpu.commit: Unable to commit head instruction PC:(0x401045=>0x401047).(0=>1) [tid:0] [sn:220].
 132000: system.cpu.commit: [tid:0] Instruction [sn:220] PC (0x401045=>0x401047).(0=>1) is head of ROB and ready to commit
 132000: system.cpu.commit: [tid:0] ROB has 65 insts & 447 free entries.
 132000: system.cpu.commit: Activity This Cycle.
 132000: system.cpu: Scheduling next tick!
 133000: system.cpu: CPU already running.
 133000: system.cpu: Activity: 18
 133000: system.cpu.iew.lsq.thread0: Completing store [sn:80], idx:2, store head idx:3
O3PipeView:fetch:59000:0x00401013:1:80:  MOV_M_I : st   t1d, SS:[t0 + rsp + 0x8]
O3PipeView:decode:60000
O3PipeView:rename:61000
O3PipeView:dispatch:63000
O3PipeView:issue:64000
O3PipeView:complete:65000
O3PipeView:retire:67000:store:133000
 133000: global: DynInst: [sn:80] Instruction destroyed. Instcount for system.cpu = 85
 133000: system.cpu: 

O3CPU: Ticking main, O3CPU.
 133000: system.cpu.fetch: Running stage.
 133000: system.cpu.fetch: Attempting to fetch from [tid:0]
 133000: system.cpu.fetch: [tid:0] Adding instructions to queue to decode.
 133000: global: DynInst: [sn:1050] Instruction created. Instcount for system.cpu = 86
 133000: system.cpu.fetch: [tid:0] Instruction PC (0x40107d=>0x40107f).(1=>2) created [sn:1050].
 133000: system.cpu.fetch: [tid:0] Instruction is:   ADD_M_R : add   t1b, t1b, al
 133000: system.cpu.fetch: [tid:0] Fetch queue entry created (1/128).
 133000: global: DynInst: [sn:1060] Instruction created. Instcount for system.cpu = 87
 133000: system.cpu.fetch: [tid:0] Instruction PC (0x40107d=>0x40107f).(2=>3) created [sn:1060].
 133000: system.cpu.fetch: [tid:0] Instruction is:   ADD_M_R : st   t1b, DS:[rax]
 133000: system.cpu.fetch: [tid:0] Fetch queue entry created (2/128).
 133000: system.cpu.fetch: [tid:0] Issuing a pipelined I-cache access, starting at PC (0x40107f=>0x401087).(0=>1).
 133000: system.cpu.fetch: [tid:0] Fetching cache line 0x401080 for addr 0x401080
 133000: system.cpu: CPU already running.
 133000: system.cpu.fetch: Fetch: Doing instruction read.
 133000: system.cpu.fetch: [tid:0] Doing Icache access.
 133000: system.cpu.fetch: [tid:0] Activity: Waiting on I-cache response.
 133000: system.cpu.fetch: Deactivating stage.
 133000: system.cpu: Activity: 17
 133000: system.cpu.fetch: [tid:0] [sn:1050] Sending instruction to decode from fetch queue. Fetch queue size: 2.
 133000: system.cpu.fetch: [tid:0] [sn:1060] Sending instruction to decode from fetch queue. Fetch queue size: 1.
 133000: system.cpu.fetch: Activity this cycle.
 133000: system.cpu.decode: Processing [tid:0]
 133000: system.cpu.decode: [tid:0] Bypass moves from Rename: 0
 133000: system.cpu.decode: [tid:0] Not blocked, so attempting to run stage.
 133000: system.cpu.decode: [tid:0] Sending instruction to rename.
 133000: system.cpu.decode: [tid:0] Processing instruction [sn:990] with PC (0x401079=>0x40107b).(1=>2)
 133000: system.cpu.decode: [tid:0] Processing instruction [sn:1000] with PC (0x401079=>0x40107b).(2=>3)
 133000: system.cpu.decode: [tid:0] Processing instruction [sn:1010] with PC (0x40107b=>0x40107d).(0=>1)
 133000: system.cpu.decode: [tid:0] Processing instruction [sn:1020] with PC (0x40107b=>0x40107d).(1=>2)
 133000: system.cpu.decode: [tid:0] Processing instruction [sn:1030] with PC (0x40107b=>0x40107d).(2=>3)
 133000: system.cpu.decode: [tid:0] Processing instruction [sn:1040] with PC (0x40107d=>0x40107f).(0=>1)
 133000: system.cpu.decode: Activity this cycle.
 133000: system.cpu.rename: Processing [tid:0]
 133000: system.cpu.rename: [tid:0] Free IQ: 152, Free ROB: 447, Free LQ: 174, Free SQ: 95, FreeRM 63(426 464 511 1022 63 8 2509)
 133000: system.cpu.rename: [tid:0] 18 instructions not yet in ROB
 133000: system.cpu.rename: calcFreeLQEntries: free lqEntries: 174, loadsInProgress: 6, loads dispatchedToLQ: 2
 133000: system.cpu.rename: [tid:0] Not blocked, so attempting to run stage.
 133000: system.cpu.rename: [tid:0] 6 available instructions to send iew.
 133000: system.cpu.rename: [tid:0] 18 insts pipelining from Rename | 6 insts dispatched to IQ last cycle.
 133000: system.cpu.rename: [tid:0] Sending instructions to IEW.
 133000: system.cpu.rename: [tid:0] Processing instruction [sn:930] with PC (0x401075=>0x401077).(1=>2).
 133000: system.cpu.rename: [tid:0] Looking up integer arch reg 17, got phys reg 102 (integer)
 133000: system.cpu.rename: [tid:0] Register 102 (flat: 102) (integer) is not ready.
 133000: system.cpu.rename: [tid:0] Looking up integer arch reg 0, got phys reg 55 (integer)
 133000: system.cpu.rename: [tid:0] Register 55 (flat: 55) (integer) is ready.
 133000: global: [sn:930] has 1 ready out of 8 sources. RTI 0)
 133000: system.cpu.rename: [tid:0] Looking up integer arch reg 17, got phys reg 102 (integer)
 133000: system.cpu.rename: [tid:0] Register 102 (flat: 102) (integer) is not ready.
 133000: system.cpu.rename: [tid:0] Looking up invalid arch reg 0, got phys reg 4294967295 (invalid)
 133000: system.cpu.rename: [tid:0] Register 4294967295 (flat: 4294967295) (invalid) is ready.
 133000: global: [sn:930] has 2 ready out of 8 sources. RTI 0)
 133000: system.cpu.rename: [tid:0] Looking up invalid arch reg 0, got phys reg 4294967295 (invalid)
 133000: system.cpu.rename: [tid:0] Register 4294967295 (flat: 4294967295) (invalid) is ready.
 133000: global: [sn:930] has 3 ready out of 8 sources. RTI 0)
 133000: system.cpu.rename: [tid:0] Looking up invalid arch reg 0, got phys reg 4294967295 (invalid)
 133000: system.cpu.rename: [tid:0] Register 4294967295 (flat: 4294967295) (invalid) is ready.
 133000: global: [sn:930] has 4 ready out of 8 sources. RTI 0)
 133000: system.cpu.rename: [tid:0] Looking up invalid arch reg 0, got phys reg 4294967295 (invalid)
 133000: system.cpu.rename: [tid:0] Register 4294967295 (flat: 4294967295) (invalid) is ready.
 133000: global: [sn:930] has 5 ready out of 8 sources. RTI 0)
 133000: system.cpu.rename: [tid:0] Looking up invalid arch reg 0, got phys reg 4294967295 (invalid)
 133000: system.cpu.rename: [tid:0] Register 4294967295 (flat: 4294967295) (invalid) is ready.
 133000: global: [sn:930] has 6 ready out of 8 sources. RTI 0)
 133000: global: Renamed reg t1 to physical reg 103 (103) old mapping was 102 (102)
 133000: system.cpu.rename: [tid:0] Renaming arch reg 17 (integer) to physical reg 103 (103).
 133000: system.cpu.rename: [tid:0] [sn:930] Adding instruction to history buffer (size=163).
 133000: global: Renamed reg condition_code[0] to physical reg 2693 (2693) old mapping was 2691 (2691)
 133000: system.cpu.rename: [tid:0] Renaming arch reg 0 (condition_code) to physical reg 61 (2693).
 133000: system.cpu.rename: [tid:0] [sn:930] Adding instruction to history buffer (size=164).
 133000: global: Renamed reg condition_code[1] to physical reg 2694 (2694) old mapping was 2692 (2692)
 133000: system.cpu.rename: [tid:0] Renaming arch reg 1 (condition_code) to physical reg 62 (2694).
 133000: system.cpu.rename: [tid:0] [sn:930] Adding instruction to history buffer (size=165).
 133000: system.cpu.rename: [tid:0] Renaming arch reg 0 (invalid) to physical reg 4294967295 (4294967295).
 133000: system.cpu.rename: [tid:0] [sn:930] Adding instruction to history buffer (size=166).
 133000: system.cpu.rename: [tid:0] Renaming arch reg 0 (invalid) to physical reg 4294967295 (4294967295).
 133000: system.cpu.rename: [tid:0] [sn:930] Adding instruction to history buffer (size=167).
 133000: system.cpu.rename: [tid:0] Renaming arch reg 0 (invalid) to physical reg 4294967295 (4294967295).
 133000: system.cpu.rename: [tid:0] [sn:930] Adding instruction to history buffer (size=168).
 133000: system.cpu.rename: calcFreeSQEntries: free sqEntries: 95, storesInProgress: 6, stores dispatchedToSQ: 2
 133000: system.cpu.rename: [tid:0] Processing instruction [sn:940] with PC (0x401075=>0x401077).(2=>3).
 133000: system.cpu.rename: [tid:0] Looking up invalid arch reg 0, got phys reg 4294967295 (invalid)
 133000: system.cpu.rename: [tid:0] Register 4294967295 (flat: 4294967295) (invalid) is ready.
 133000: global: [sn:940] has 1 ready out of 4 sources. RTI 0)
 133000: system.cpu.rename: [tid:0] Looking up integer arch reg 0, got phys reg 55 (integer)
 133000: system.cpu.rename: [tid:0] Register 55 (flat: 55) (integer) is ready.
 133000: global: [sn:940] has 2 ready out of 4 sources. RTI 0)
 133000: system.cpu.rename: [tid:0] Looking up integer arch reg 17, got phys reg 103 (integer)
 133000: system.cpu.rename: [tid:0] Register 103 (flat: 103) (integer) is not ready.
 133000: system.cpu.rename: [tid:0] Looking up miscellaneous arch reg 155, got phys reg 155 (miscellaneous)
 133000: system.cpu.rename: [tid:0] Register 155 (flat: 0) (miscellaneous) is ready.
 133000: global: [sn:940] has 3 ready out of 4 sources. RTI 0)
 133000: system.cpu.rename: calcFreeLQEntries: free lqEntries: 174, loadsInProgress: 6, loads dispatchedToLQ: 2
 133000: system.cpu.rename: [tid:0] Processing instruction [sn:950] with PC (0x401077=>0x401079).(0=>1).
 133000: system.cpu.rename: [tid:0] Mascot prediction for load [sn:950] type: 0; distance1: 0; distance2: 0
 133000: system.cpu.rename: [tid:0] Looking up invalid arch reg 0, got phys reg 4294967295 (invalid)
 133000: system.cpu.rename: [tid:0] Register 4294967295 (flat: 4294967295) (invalid) is ready.
 133000: global: [sn:950] has 1 ready out of 4 sources. RTI 0)
 133000: system.cpu.rename: [tid:0] Looking up integer arch reg 0, got phys reg 55 (integer)
 133000: system.cpu.rename: [tid:0] Register 55 (flat: 55) (integer) is ready.
 133000: global: [sn:950] has 2 ready out of 4 sources. RTI 0)
 133000: system.cpu.rename: [tid:0] Looking up integer arch reg 17, got phys reg 103 (integer)
 133000: system.cpu.rename: [tid:0] Register 103 (flat: 103) (integer) is not ready.
 133000: system.cpu.rename: [tid:0] Looking up miscellaneous arch reg 155, got phys reg 155 (miscellaneous)
 133000: system.cpu.rename: [tid:0] Register 155 (flat: 0) (miscellaneous) is ready.
 133000: global: [sn:950] has 3 ready out of 4 sources. RTI 0)
 133000: global: Renamed reg t1 to physical reg 104 (104) old mapping was 103 (103)
 133000: system.cpu.rename: [tid:0] Renaming arch reg 17 (integer) to physical reg 104 (104).
 133000: system.cpu.rename: [tid:0] [sn:950] Adding instruction to history buffer (size=169).
 133000: system.cpu.rename: [tid:0] Processing instruction [sn:960] with PC (0x401077=>0x401079).(1=>2).
 133000: system.cpu.rename: [tid:0] Looking up integer arch reg 17, got phys reg 104 (integer)
 133000: system.cpu.rename: [tid:0] Register 104 (flat: 104) (integer) is not ready.
 133000: system.cpu.rename: [tid:0] Looking up integer arch reg 0, got phys reg 55 (integer)
 133000: system.cpu.rename: [tid:0] Register 55 (flat: 55) (integer) is ready.
 133000: global: [sn:960] has 1 ready out of 8 sources. RTI 0)
 133000: system.cpu.rename: [tid:0] Looking up integer arch reg 17, got phys reg 104 (integer)
 133000: system.cpu.rename: [tid:0] Register 104 (flat: 104) (integer) is not ready.
 133000: system.cpu.rename: [tid:0] Looking up invalid arch reg 0, got phys reg 4294967295 (invalid)
 133000: system.cpu.rename: [tid:0] Register 4294967295 (flat: 4294967295) (invalid) is ready.
 133000: global: [sn:960] has 2 ready out of 8 sources. RTI 0)
 133000: system.cpu.rename: [tid:0] Looking up invalid arch reg 0, got phys reg 4294967295 (invalid)
 133000: system.cpu.rename: [tid:0] Register 4294967295 (flat: 4294967295) (invalid) is ready.
 133000: global: [sn:960] has 3 ready out of 8 sources. RTI 0)
 133000: system.cpu.rename: [tid:0] Looking up invalid arch reg 0, got phys reg 4294967295 (invalid)
 133000: system.cpu.rename: [tid:0] Register 4294967295 (flat: 4294967295) (invalid) is ready.
 133000: global: [sn:960] has 4 ready out of 8 sources. RTI 0)
 133000: system.cpu.rename: [tid:0] Looking up invalid arch reg 0, got phys reg 4294967295 (invalid)
 133000: system.cpu.rename: [tid:0] Register 4294967295 (flat: 4294967295) (invalid) is ready.
 133000: global: [sn:960] has 5 ready out of 8 sources. RTI 0)
 133000: system.cpu.rename: [tid:0] Looking up invalid arch reg 0, got phys reg 4294967295 (invalid)
 133000: system.cpu.rename: [tid:0] Register 4294967295 (flat: 4294967295) (invalid) is ready.
 133000: global: [sn:960] has 6 ready out of 8 sources. RTI 0)
 133000: global: Renamed reg t1 to physical reg 105 (105) old mapping was 104 (104)
 133000: system.cpu.rename: [tid:0] Renaming arch reg 17 (integer) to physical reg 105 (105).
 133000: system.cpu.rename: [tid:0] [sn:960] Adding instruction to history buffer (size=170).
 133000: global: Renamed reg condition_code[0] to physical reg 2695 (2695) old mapping was 2693 (2693)
 133000: system.cpu.rename: [tid:0] Renaming arch reg 0 (condition_code) to physical reg 63 (2695).
 133000: system.cpu.rename: [tid:0] [sn:960] Adding instruction to history buffer (size=171).
 133000: global: Renamed reg condition_code[1] to physical reg 2696 (2696) old mapping was 2694 (2694)
 133000: system.cpu.rename: [tid:0] Renaming arch reg 1 (condition_code) to physical reg 64 (2696).
 133000: system.cpu.rename: [tid:0] [sn:960] Adding instruction to history buffer (size=172).
 133000: system.cpu.rename: [tid:0] Renaming arch reg 0 (invalid) to physical reg 4294967295 (4294967295).
 133000: system.cpu.rename: [tid:0] [sn:960] Adding instruction to history buffer (size=173).
 133000: system.cpu.rename: [tid:0] Renaming arch reg 0 (invalid) to physical reg 4294967295 (4294967295).
 133000: system.cpu.rename: [tid:0] [sn:960] Adding instruction to history buffer (size=174).
 133000: system.cpu.rename: [tid:0] Renaming arch reg 0 (invalid) to physical reg 4294967295 (4294967295).
 133000: system.cpu.rename: [tid:0] [sn:960] Adding instruction to history buffer (size=175).
 133000: system.cpu.rename: calcFreeSQEntries: free sqEntries: 95, storesInProgress: 7, stores dispatchedToSQ: 2
 133000: system.cpu.rename: [tid:0] Processing instruction [sn:970] with PC (0x401077=>0x401079).(2=>3).
 133000: system.cpu.rename: [tid:0] Looking up invalid arch reg 0, got phys reg 4294967295 (invalid)
 133000: system.cpu.rename: [tid:0] Register 4294967295 (flat: 4294967295) (invalid) is ready.
 133000: global: [sn:970] has 1 ready out of 4 sources. RTI 0)
 133000: system.cpu.rename: [tid:0] Looking up integer arch reg 0, got phys reg 55 (integer)
 133000: system.cpu.rename: [tid:0] Register 55 (flat: 55) (integer) is ready.
 133000: global: [sn:970] has 2 ready out of 4 sources. RTI 0)
 133000: system.cpu.rename: [tid:0] Looking up integer arch reg 17, got phys reg 105 (integer)
 133000: system.cpu.rename: [tid:0] Register 105 (flat: 105) (integer) is not ready.
 133000: system.cpu.rename: [tid:0] Looking up miscellaneous arch reg 155, got phys reg 155 (miscellaneous)
 133000: system.cpu.rename: [tid:0] Register 155 (flat: 0) (miscellaneous) is ready.
 133000: global: [sn:970] has 3 ready out of 4 sources. RTI 0)
 133000: system.cpu.rename: calcFreeLQEntries: free lqEntries: 174, loadsInProgress: 7, loads dispatchedToLQ: 2
 133000: system.cpu.rename: [tid:0] Processing instruction [sn:980] with PC (0x401079=>0x40107b).(0=>1).
 133000: system.cpu.rename: [tid:0] Mascot prediction for load [sn:980] type: 0; distance1: 0; distance2: 0
 133000: system.cpu.rename: [tid:0] Looking up invalid arch reg 0, got phys reg 4294967295 (invalid)
 133000: system.cpu.rename: [tid:0] Register 4294967295 (flat: 4294967295) (invalid) is ready.
 133000: global: [sn:980] has 1 ready out of 4 sources. RTI 0)
 133000: system.cpu.rename: [tid:0] Looking up integer arch reg 0, got phys reg 55 (integer)
 133000: system.cpu.rename: [tid:0] Register 55 (flat: 55) (integer) is ready.
 133000: global: [sn:980] has 2 ready out of 4 sources. RTI 0)
 133000: system.cpu.rename: [tid:0] Looking up integer arch reg 17, got phys reg 105 (integer)
 133000: system.cpu.rename: [tid:0] Register 105 (flat: 105) (integer) is not ready.
 133000: system.cpu.rename: [tid:0] Looking up miscellaneous arch reg 155, got phys reg 155 (miscellaneous)
 133000: system.cpu.rename: [tid:0] Register 155 (flat: 0) (miscellaneous) is ready.
 133000: global: [sn:980] has 3 ready out of 4 sources. RTI 0)
 133000: global: Renamed reg t1 to physical reg 106 (106) old mapping was 105 (105)
 133000: system.cpu.rename: [tid:0] Renaming arch reg 17 (integer) to physical reg 106 (106).
 133000: system.cpu.rename: [tid:0] [sn:980] Adding instruction to history buffer (size=176).
 133000: system.cpu.rename: Activity this cycle.
 133000: system.cpu.iew: Issue: Processing [tid:0]
 133000: system.cpu.iew: [tid:0] Not blocked, so attempting to run dispatch.
 133000: system.cpu.iew: [tid:0] Issue: Adding PC (0x40106d=>0x40106f).(1=>2) [sn:810] [tid:0] to IQ.
 133000: system.cpu.iq: Adding instruction [sn:810] PC (0x40106d=>0x40106f).(1=>2) to the IQ.
 133000: system.cpu.iq: Instruction PC (0x40106d=>0x40106f).(1=>2) has src reg 94 (integer) that is being added to the dependency chain.
 133000: system.cpu.iq: Instruction PC (0x40106d=>0x40106f).(1=>2) has src reg 94 (integer) that is being added to the dependency chain.
 133000: system.cpu.iew: [tid:0] Issue: Adding PC (0x40106d=>0x40106f).(2=>3) [sn:820] [tid:0] to IQ.
 133000: system.cpu.iew: [tid:0] Issue: Memory instruction encountered, adding to LSQ.
 133000: system.cpu.iew.lsq.thread0: Inserting store PC (0x40106d=>0x40106f).(2=>3), idx:23 [sn:820]
 133000: system.cpu.iq: Adding instruction [sn:820] PC (0x40106d=>0x40106f).(2=>3) to the IQ.
 133000: system.cpu.iq: Instruction PC (0x40106d=>0x40106f).(2=>3) has src reg 95 (integer) that is being added to the dependency chain.
 133000: memdepentry: Memory dependency entry created. memdep_count=40 (0x40106d=>0x40106f).(2=>3)
 133000: system.cpu.memDep0: No dependency for inst PC (0x40106d=>0x40106f).(2=>3) [sn:820].
 133000: system.cpu.memDep0: Inserting store/atomic PC (0x40106d=>0x40106f).(2=>3) [sn:820].
 133000: system.cpu.iew: [tid:0] Issue: Adding PC (0x40106f=>0x401071).(0=>1) [sn:830] [tid:0] to IQ.
 133000: system.cpu.iew: [tid:0] Issue: Memory instruction encountered, adding to LSQ.
 133000: system.cpu.iew.lsq.thread0: Inserting load PC (0x40106f=>0x401071).(0=>1), idx:24 [sn:830]
 133000: system.cpu.iq: Adding instruction [sn:830] PC (0x40106f=>0x401071).(0=>1) to the IQ.
 133000: system.cpu.iq: Instruction PC (0x40106f=>0x401071).(0=>1) has src reg 95 (integer) that is being added to the dependency chain.
 133000: memdepentry: Memory dependency entry created. memdep_count=41 (0x40106f=>0x401071).(0=>1)
 133000: system.cpu.memDep0: No dependency for inst PC (0x40106f=>0x401071).(0=>1) [sn:830].
 133000: system.cpu.iew: [tid:0] Issue: Adding PC (0x40106f=>0x401071).(1=>2) [sn:840] [tid:0] to IQ.
 133000: system.cpu.iq: Adding instruction [sn:840] PC (0x40106f=>0x401071).(1=>2) to the IQ.
 133000: system.cpu.iq: Instruction PC (0x40106f=>0x401071).(1=>2) has src reg 96 (integer) that is being added to the dependency chain.
 133000: system.cpu.iq: Instruction PC (0x40106f=>0x401071).(1=>2) has src reg 96 (integer) that is being added to the dependency chain.
 133000: system.cpu.iew: [tid:0] Issue: Adding PC (0x40106f=>0x401071).(2=>3) [sn:850] [tid:0] to IQ.
 133000: system.cpu.iew: [tid:0] Issue: Memory instruction encountered, adding to LSQ.
 133000: system.cpu.iew.lsq.thread0: Inserting store PC (0x40106f=>0x401071).(2=>3), idx:24 [sn:850]
 133000: system.cpu.iq: Adding instruction [sn:850] PC (0x40106f=>0x401071).(2=>3) to the IQ.
 133000: system.cpu.iq: Instruction PC (0x40106f=>0x401071).(2=>3) has src reg 97 (integer) that is being added to the dependency chain.
 133000: memdepentry: Memory dependency entry created. memdep_count=42 (0x40106f=>0x401071).(2=>3)
 133000: system.cpu.memDep0: No dependency for inst PC (0x40106f=>0x401071).(2=>3) [sn:850].
 133000: system.cpu.memDep0: Inserting store/atomic PC (0x40106f=>0x401071).(2=>3) [sn:850].
 133000: system.cpu.iew: [tid:0] Issue: Adding PC (0x401071=>0x401073).(0=>1) [sn:860] [tid:0] to IQ.
 133000: system.cpu.iew: [tid:0] Issue: Memory instruction encountered, adding to LSQ.
 133000: system.cpu.iew.lsq.thread0: Inserting load PC (0x401071=>0x401073).(0=>1), idx:25 [sn:860]
 133000: system.cpu.iq: Adding instruction [sn:860] PC (0x401071=>0x401073).(0=>1) to the IQ.
 133000: system.cpu.iq: Instruction PC (0x401071=>0x401073).(0=>1) has src reg 97 (integer) that is being added to the dependency chain.
 133000: memdepentry: Memory dependency entry created. memdep_count=43 (0x401071=>0x401073).(0=>1)
 133000: system.cpu.memDep0: No dependency for inst PC (0x401071=>0x401073).(0=>1) [sn:860].
 133000: system.cpu.iq: Attempting to schedule ready instructions from the IQ.
 133000: system.cpu.iq: Not able to schedule any instructions.
 133000: system.cpu.iew.lsq: [tid:0] Writing back stores. 1 stores available for Writeback.
 133000: system.cpu.iew.lsq.thread0: D-Cache: Writing back store idx:4 PC:(0x40101b=>0x401023).(1=>2) to Addr:0x2e1c, data:0x14 [sn:100]
 133000: system.cpu.iew.lsq.thread0: Memory request (pkt: WriteResp [2e1c:2e1f]) from inst [sn:100] was sent (cache is blocked: 0, cache_got_blocked: 0)
 133000: system.cpu.iew: Processing [tid:0]
 133000: system.cpu.iew.lsq.thread0: LQ size: 192, #loads occupied: 22
 133000: system.cpu.iew.lsq.thread0: SQ size: 114, #stores occupied: 22
 133000: system.cpu.iew: [tid:0], Dispatch dispatched 6 instructions.
 133000: system.cpu.iew.lsq.thread0: SQ size: 114, #stores occupied: 22
 133000: system.cpu.iew.lsq.thread0: LQ size: 192, #loads occupied: 22
 133000: system.cpu.iew: IQ has 140 free entries (Can schedule: 0).  LQ has 170 free entries. SQ has 92 free entries.
 133000: system.cpu.iew: IEW switching to idle
 133000: system.cpu.iew: Deactivating stage.
 133000: system.cpu: Activity: 16
 133000: system.cpu.iew: Activity this cycle.
 133000: system.cpu.commit: Getting instructions from Rename stage.
 133000: system.cpu.commit: [tid:0] [sn:870] Inserting PC (0x401071=>0x401073).(1=>2) into ROB.
 133000: system.cpu.rob: Adding inst PC (0x401071=>0x401073).(1=>2) to the ROB.
 133000: system.cpu.rob: [tid:0] Now has 66 instructions.
 133000: system.cpu.commit: [tid:0] [sn:880] Inserting PC (0x401071=>0x401073).(2=>3) into ROB.
 133000: system.cpu.rob: Adding inst PC (0x401071=>0x401073).(2=>3) to the ROB.
 133000: system.cpu.rob: [tid:0] Now has 67 instructions.
 133000: system.cpu.commit: [tid:0] [sn:890] Inserting PC (0x401073=>0x401075).(0=>1) into ROB.
 133000: system.cpu.rob: Adding inst PC (0x401073=>0x401075).(0=>1) to the ROB.
 133000: system.cpu.rob: [tid:0] Now has 68 instructions.
 133000: system.cpu.commit: [tid:0] [sn:900] Inserting PC (0x401073=>0x401075).(1=>2) into ROB.
 133000: system.cpu.rob: Adding inst PC (0x401073=>0x401075).(1=>2) to the ROB.
 133000: system.cpu.rob: [tid:0] Now has 69 instructions.
 133000: system.cpu.commit: [tid:0] [sn:910] Inserting PC (0x401073=>0x401075).(2=>3) into ROB.
 133000: system.cpu.rob: Adding inst PC (0x401073=>0x401075).(2=>3) to the ROB.
 133000: system.cpu.rob: [tid:0] Now has 70 instructions.
 133000: system.cpu.commit: [tid:0] [sn:920] Inserting PC (0x401075=>0x401077).(0=>1) into ROB.
 133000: system.cpu.rob: Adding inst PC (0x401075=>0x401077).(0=>1) to the ROB.
 133000: system.cpu.rob: [tid:0] Now has 71 instructions.
 133000: system.cpu.commit: Trying to commit instructions in the ROB.
 133000: system.cpu.commit: Trying to commit head instruction, [tid:0] [sn:220]
 133000: system.cpu.commit: Inst [tid:0] [sn:220] PC (0x401045=>0x401047).(0=>1) has a fault
 133000: system.cpu.commit: [tid:0] [sn:220] Stores outstanding, fault must wait.
 133000: system.cpu.commit: Unable to commit head instruction PC:(0x401045=>0x401047).(0=>1) [tid:0] [sn:220].
 133000: system.cpu.commit: [tid:0] Instruction [sn:220] PC (0x401045=>0x401047).(0=>1) is head of ROB and ready to commit
 133000: system.cpu.commit: [tid:0] ROB has 71 insts & 441 free entries.
 133000: system.cpu.commit: Activity This Cycle.
 133000: system.cpu: Scheduling next tick!
 134000: system.cpu: 

O3CPU: Ticking main, O3CPU.
 134000: system.cpu.fetch: Running stage.
 134000: system.cpu.fetch: There are no more threads available to fetch from.
 134000: system.cpu.fetch: [tid:0] Fetch is waiting cache response!
 134000: system.cpu.decode: Processing [tid:0]
 134000: system.cpu.decode: [tid:0] Bypass moves from Rename: 0
 134000: system.cpu.decode: [tid:0] Not blocked, so attempting to run stage.
 134000: system.cpu.decode: [tid:0] Sending instruction to rename.
 134000: system.cpu.decode: [tid:0] Processing instruction [sn:1050] with PC (0x40107d=>0x40107f).(1=>2)
 134000: system.cpu.decode: [tid:0] Processing instruction [sn:1060] with PC (0x40107d=>0x40107f).(2=>3)
 134000: system.cpu.decode: Activity this cycle.
 134000: system.cpu: Activity: 17
 134000: system.cpu.rename: Processing [tid:0]
 134000: system.cpu.rename: [tid:0] Free IQ: 140, Free ROB: 441, Free LQ: 170, Free SQ: 92, FreeRM 63(422 464 511 1022 63 8 2505)
 134000: system.cpu.rename: [tid:0] 18 instructions not yet in ROB
 134000: system.cpu.rename: calcFreeLQEntries: free lqEntries: 170, loadsInProgress: 6, loads dispatchedToLQ: 2
 134000: system.cpu.rename: [tid:0] Not blocked, so attempting to run stage.
 134000: system.cpu.rename: [tid:0] 6 available instructions to send iew.
 134000: system.cpu.rename: [tid:0] 18 insts pipelining from Rename | 6 insts dispatched to IQ last cycle.
 134000: system.cpu.rename: [tid:0] Sending instructions to IEW.
 134000: system.cpu.rename: [tid:0] Processing instruction [sn:990] with PC (0x401079=>0x40107b).(1=>2).
 134000: system.cpu.rename: [tid:0] Looking up integer arch reg 17, got phys reg 106 (integer)
 134000: system.cpu.rename: [tid:0] Register 106 (flat: 106) (integer) is not ready.
 134000: system.cpu.rename: [tid:0] Looking up integer arch reg 0, got phys reg 55 (integer)
 134000: system.cpu.rename: [tid:0] Register 55 (flat: 55) (integer) is ready.
 134000: global: [sn:990] has 1 ready out of 8 sources. RTI 0)
 134000: system.cpu.rename: [tid:0] Looking up integer arch reg 17, got phys reg 106 (integer)
 134000: system.cpu.rename: [tid:0] Register 106 (flat: 106) (integer) is not ready.
 134000: system.cpu.rename: [tid:0] Looking up invalid arch reg 0, got phys reg 4294967295 (invalid)
 134000: system.cpu.rename: [tid:0] Register 4294967295 (flat: 4294967295) (invalid) is ready.
 134000: global: [sn:990] has 2 ready out of 8 sources. RTI 0)
 134000: system.cpu.rename: [tid:0] Looking up invalid arch reg 0, got phys reg 4294967295 (invalid)
 134000: system.cpu.rename: [tid:0] Register 4294967295 (flat: 4294967295) (invalid) is ready.
 134000: global: [sn:990] has 3 ready out of 8 sources. RTI 0)
 134000: system.cpu.rename: [tid:0] Looking up invalid arch reg 0, got phys reg 4294967295 (invalid)
 134000: system.cpu.rename: [tid:0] Register 4294967295 (flat: 4294967295) (invalid) is ready.
 134000: global: [sn:990] has 4 ready out of 8 sources. RTI 0)
 134000: system.cpu.rename: [tid:0] Looking up invalid arch reg 0, got phys reg 4294967295 (invalid)
 134000: system.cpu.rename: [tid:0] Register 4294967295 (flat: 4294967295) (invalid) is ready.
 134000: global: [sn:990] has 5 ready out of 8 sources. RTI 0)
 134000: system.cpu.rename: [tid:0] Looking up invalid arch reg 0, got phys reg 4294967295 (invalid)
 134000: system.cpu.rename: [tid:0] Register 4294967295 (flat: 4294967295) (invalid) is ready.
 134000: global: [sn:990] has 6 ready out of 8 sources. RTI 0)
 134000: global: Renamed reg t1 to physical reg 107 (107) old mapping was 106 (106)
 134000: system.cpu.rename: [tid:0] Renaming arch reg 17 (integer) to physical reg 107 (107).
 134000: system.cpu.rename: [tid:0] [sn:990] Adding instruction to history buffer (size=177).
 134000: global: Renamed reg condition_code[0] to physical reg 2697 (2697) old mapping was 2695 (2695)
 134000: system.cpu.rename: [tid:0] Renaming arch reg 0 (condition_code) to physical reg 65 (2697).
 134000: system.cpu.rename: [tid:0] [sn:990] Adding instruction to history buffer (size=178).
 134000: global: Renamed reg condition_code[1] to physical reg 2698 (2698) old mapping was 2696 (2696)
 134000: system.cpu.rename: [tid:0] Renaming arch reg 1 (condition_code) to physical reg 66 (2698).
 134000: system.cpu.rename: [tid:0] [sn:990] Adding instruction to history buffer (size=179).
 134000: system.cpu.rename: [tid:0] Renaming arch reg 0 (invalid) to physical reg 4294967295 (4294967295).
 134000: system.cpu.rename: [tid:0] [sn:990] Adding instruction to history buffer (size=180).
 134000: system.cpu.rename: [tid:0] Renaming arch reg 0 (invalid) to physical reg 4294967295 (4294967295).
 134000: system.cpu.rename: [tid:0] [sn:990] Adding instruction to history buffer (size=181).
 134000: system.cpu.rename: [tid:0] Renaming arch reg 0 (invalid) to physical reg 4294967295 (4294967295).
 134000: system.cpu.rename: [tid:0] [sn:990] Adding instruction to history buffer (size=182).
 134000: system.cpu.rename: calcFreeSQEntries: free sqEntries: 92, storesInProgress: 6, stores dispatchedToSQ: 2
 134000: system.cpu.rename: [tid:0] Processing instruction [sn:1000] with PC (0x401079=>0x40107b).(2=>3).
 134000: system.cpu.rename: [tid:0] Looking up invalid arch reg 0, got phys reg 4294967295 (invalid)
 134000: system.cpu.rename: [tid:0] Register 4294967295 (flat: 4294967295) (invalid) is ready.
 134000: global: [sn:1000] has 1 ready out of 4 sources. RTI 0)
 134000: system.cpu.rename: [tid:0] Looking up integer arch reg 0, got phys reg 55 (integer)
 134000: system.cpu.rename: [tid:0] Register 55 (flat: 55) (integer) is ready.
 134000: global: [sn:1000] has 2 ready out of 4 sources. RTI 0)
 134000: system.cpu.rename: [tid:0] Looking up integer arch reg 17, got phys reg 107 (integer)
 134000: system.cpu.rename: [tid:0] Register 107 (flat: 107) (integer) is not ready.
 134000: system.cpu.rename: [tid:0] Looking up miscellaneous arch reg 155, got phys reg 155 (miscellaneous)
 134000: system.cpu.rename: [tid:0] Register 155 (flat: 0) (miscellaneous) is ready.
 134000: global: [sn:1000] has 3 ready out of 4 sources. RTI 0)
 134000: system.cpu.rename: calcFreeLQEntries: free lqEntries: 170, loadsInProgress: 6, loads dispatchedToLQ: 2
 134000: system.cpu.rename: [tid:0] Processing instruction [sn:1010] with PC (0x40107b=>0x40107d).(0=>1).
 134000: system.cpu.rename: [tid:0] Mascot prediction for load [sn:1010] type: 0; distance1: 0; distance2: 0
 134000: system.cpu.rename: [tid:0] Looking up invalid arch reg 0, got phys reg 4294967295 (invalid)
 134000: system.cpu.rename: [tid:0] Register 4294967295 (flat: 4294967295) (invalid) is ready.
 134000: global: [sn:1010] has 1 ready out of 4 sources. RTI 0)
 134000: system.cpu.rename: [tid:0] Looking up integer arch reg 0, got phys reg 55 (integer)
 134000: system.cpu.rename: [tid:0] Register 55 (flat: 55) (integer) is ready.
 134000: global: [sn:1010] has 2 ready out of 4 sources. RTI 0)
 134000: system.cpu.rename: [tid:0] Looking up integer arch reg 17, got phys reg 107 (integer)
 134000: system.cpu.rename: [tid:0] Register 107 (flat: 107) (integer) is not ready.
 134000: system.cpu.rename: [tid:0] Looking up miscellaneous arch reg 155, got phys reg 155 (miscellaneous)
 134000: system.cpu.rename: [tid:0] Register 155 (flat: 0) (miscellaneous) is ready.
 134000: global: [sn:1010] has 3 ready out of 4 sources. RTI 0)
 134000: global: Renamed reg t1 to physical reg 108 (108) old mapping was 107 (107)
 134000: system.cpu.rename: [tid:0] Renaming arch reg 17 (integer) to physical reg 108 (108).
 134000: system.cpu.rename: [tid:0] [sn:1010] Adding instruction to history buffer (size=183).
 134000: system.cpu.rename: [tid:0] Processing instruction [sn:1020] with PC (0x40107b=>0x40107d).(1=>2).
 134000: system.cpu.rename: [tid:0] Looking up integer arch reg 17, got phys reg 108 (integer)
 134000: system.cpu.rename: [tid:0] Register 108 (flat: 108) (integer) is not ready.
 134000: system.cpu.rename: [tid:0] Looking up integer arch reg 0, got phys reg 55 (integer)
 134000: system.cpu.rename: [tid:0] Register 55 (flat: 55) (integer) is ready.
 134000: global: [sn:1020] has 1 ready out of 8 sources. RTI 0)
 134000: system.cpu.rename: [tid:0] Looking up integer arch reg 17, got phys reg 108 (integer)
 134000: system.cpu.rename: [tid:0] Register 108 (flat: 108) (integer) is not ready.
 134000: system.cpu.rename: [tid:0] Looking up invalid arch reg 0, got phys reg 4294967295 (invalid)
 134000: system.cpu.rename: [tid:0] Register 4294967295 (flat: 4294967295) (invalid) is ready.
 134000: global: [sn:1020] has 2 ready out of 8 sources. RTI 0)
 134000: system.cpu.rename: [tid:0] Looking up invalid arch reg 0, got phys reg 4294967295 (invalid)
 134000: system.cpu.rename: [tid:0] Register 4294967295 (flat: 4294967295) (invalid) is ready.
 134000: global: [sn:1020] has 3 ready out of 8 sources. RTI 0)
 134000: system.cpu.rename: [tid:0] Looking up invalid arch reg 0, got phys reg 4294967295 (invalid)
 134000: system.cpu.rename: [tid:0] Register 4294967295 (flat: 4294967295) (invalid) is ready.
 134000: global: [sn:1020] has 4 ready out of 8 sources. RTI 0)
 134000: system.cpu.rename: [tid:0] Looking up invalid arch reg 0, got phys reg 4294967295 (invalid)
 134000: system.cpu.rename: [tid:0] Register 4294967295 (flat: 4294967295) (invalid) is ready.
 134000: global: [sn:1020] has 5 ready out of 8 sources. RTI 0)
 134000: system.cpu.rename: [tid:0] Looking up invalid arch reg 0, got phys reg 4294967295 (invalid)
 134000: system.cpu.rename: [tid:0] Register 4294967295 (flat: 4294967295) (invalid) is ready.
 134000: global: [sn:1020] has 6 ready out of 8 sources. RTI 0)
 134000: global: Renamed reg t1 to physical reg 109 (109) old mapping was 108 (108)
 134000: system.cpu.rename: [tid:0] Renaming arch reg 17 (integer) to physical reg 109 (109).
 134000: system.cpu.rename: [tid:0] [sn:1020] Adding instruction to history buffer (size=184).
 134000: global: Renamed reg condition_code[0] to physical reg 2699 (2699) old mapping was 2697 (2697)
 134000: system.cpu.rename: [tid:0] Renaming arch reg 0 (condition_code) to physical reg 67 (2699).
 134000: system.cpu.rename: [tid:0] [sn:1020] Adding instruction to history buffer (size=185).
 134000: global: Renamed reg condition_code[1] to physical reg 2700 (2700) old mapping was 2698 (2698)
 134000: system.cpu.rename: [tid:0] Renaming arch reg 1 (condition_code) to physical reg 68 (2700).
 134000: system.cpu.rename: [tid:0] [sn:1020] Adding instruction to history buffer (size=186).
 134000: system.cpu.rename: [tid:0] Renaming arch reg 0 (invalid) to physical reg 4294967295 (4294967295).
 134000: system.cpu.rename: [tid:0] [sn:1020] Adding instruction to history buffer (size=187).
 134000: system.cpu.rename: [tid:0] Renaming arch reg 0 (invalid) to physical reg 4294967295 (4294967295).
 134000: system.cpu.rename: [tid:0] [sn:1020] Adding instruction to history buffer (size=188).
 134000: system.cpu.rename: [tid:0] Renaming arch reg 0 (invalid) to physical reg 4294967295 (4294967295).
 134000: system.cpu.rename: [tid:0] [sn:1020] Adding instruction to history buffer (size=189).
 134000: system.cpu.rename: calcFreeSQEntries: free sqEntries: 92, storesInProgress: 7, stores dispatchedToSQ: 2
 134000: system.cpu.rename: [tid:0] Processing instruction [sn:1030] with PC (0x40107b=>0x40107d).(2=>3).
 134000: system.cpu.rename: [tid:0] Looking up invalid arch reg 0, got phys reg 4294967295 (invalid)
 134000: system.cpu.rename: [tid:0] Register 4294967295 (flat: 4294967295) (invalid) is ready.
 134000: global: [sn:1030] has 1 ready out of 4 sources. RTI 0)
 134000: system.cpu.rename: [tid:0] Looking up integer arch reg 0, got phys reg 55 (integer)
 134000: system.cpu.rename: [tid:0] Register 55 (flat: 55) (integer) is ready.
 134000: global: [sn:1030] has 2 ready out of 4 sources. RTI 0)
 134000: system.cpu.rename: [tid:0] Looking up integer arch reg 17, got phys reg 109 (integer)
 134000: system.cpu.rename: [tid:0] Register 109 (flat: 109) (integer) is not ready.
 134000: system.cpu.rename: [tid:0] Looking up miscellaneous arch reg 155, got phys reg 155 (miscellaneous)
 134000: system.cpu.rename: [tid:0] Register 155 (flat: 0) (miscellaneous) is ready.
 134000: global: [sn:1030] has 3 ready out of 4 sources. RTI 0)
 134000: system.cpu.rename: calcFreeLQEntries: free lqEntries: 170, loadsInProgress: 7, loads dispatchedToLQ: 2
 134000: system.cpu.rename: [tid:0] Processing instruction [sn:1040] with PC (0x40107d=>0x40107f).(0=>1).
 134000: system.cpu.rename: [tid:0] Mascot prediction for load [sn:1040] type: 0; distance1: 0; distance2: 0
 134000: system.cpu.rename: [tid:0] Looking up invalid arch reg 0, got phys reg 4294967295 (invalid)
 134000: system.cpu.rename: [tid:0] Register 4294967295 (flat: 4294967295) (invalid) is ready.
 134000: global: [sn:1040] has 1 ready out of 4 sources. RTI 0)
 134000: system.cpu.rename: [tid:0] Looking up integer arch reg 0, got phys reg 55 (integer)
 134000: system.cpu.rename: [tid:0] Register 55 (flat: 55) (integer) is ready.
 134000: global: [sn:1040] has 2 ready out of 4 sources. RTI 0)
 134000: system.cpu.rename: [tid:0] Looking up integer arch reg 17, got phys reg 109 (integer)
 134000: system.cpu.rename: [tid:0] Register 109 (flat: 109) (integer) is not ready.
 134000: system.cpu.rename: [tid:0] Looking up miscellaneous arch reg 155, got phys reg 155 (miscellaneous)
 134000: system.cpu.rename: [tid:0] Register 155 (flat: 0) (miscellaneous) is ready.
 134000: global: [sn:1040] has 3 ready out of 4 sources. RTI 0)
 134000: global: Renamed reg t1 to physical reg 110 (110) old mapping was 109 (109)
 134000: system.cpu.rename: [tid:0] Renaming arch reg 17 (integer) to physical reg 110 (110).
 134000: system.cpu.rename: [tid:0] [sn:1040] Adding instruction to history buffer (size=190).
 134000: system.cpu.rename: Activity this cycle.
 134000: system.cpu.iew: Issue: Processing [tid:0]
 134000: system.cpu.iew: [tid:0] Not blocked, so attempting to run dispatch.
 134000: system.cpu.iew: [tid:0] Issue: Adding PC (0x401071=>0x401073).(1=>2) [sn:870] [tid:0] to IQ.
 134000: system.cpu.iq: Adding instruction [sn:870] PC (0x401071=>0x401073).(1=>2) to the IQ.
 134000: system.cpu.iq: Instruction PC (0x401071=>0x401073).(1=>2) has src reg 98 (integer) that is being added to the dependency chain.
 134000: system.cpu.iq: Instruction PC (0x401071=>0x401073).(1=>2) has src reg 98 (integer) that is being added to the dependency chain.
 134000: system.cpu.iew: [tid:0] Issue: Adding PC (0x401071=>0x401073).(2=>3) [sn:880] [tid:0] to IQ.
 134000: system.cpu.iew: [tid:0] Issue: Memory instruction encountered, adding to LSQ.
 134000: system.cpu.iew.lsq.thread0: Inserting store PC (0x401071=>0x401073).(2=>3), idx:25 [sn:880]
 134000: system.cpu.iq: Adding instruction [sn:880] PC (0x401071=>0x401073).(2=>3) to the IQ.
 134000: system.cpu.iq: Instruction PC (0x401071=>0x401073).(2=>3) has src reg 99 (integer) that is being added to the dependency chain.
 134000: memdepentry: Memory dependency entry created. memdep_count=44 (0x401071=>0x401073).(2=>3)
 134000: system.cpu.memDep0: No dependency for inst PC (0x401071=>0x401073).(2=>3) [sn:880].
 134000: system.cpu.memDep0: Inserting store/atomic PC (0x401071=>0x401073).(2=>3) [sn:880].
 134000: system.cpu.iew: [tid:0] Issue: Adding PC (0x401073=>0x401075).(0=>1) [sn:890] [tid:0] to IQ.
 134000: system.cpu.iew: [tid:0] Issue: Memory instruction encountered, adding to LSQ.
 134000: system.cpu.iew.lsq.thread0: Inserting load PC (0x401073=>0x401075).(0=>1), idx:26 [sn:890]
 134000: system.cpu.iq: Adding instruction [sn:890] PC (0x401073=>0x401075).(0=>1) to the IQ.
 134000: system.cpu.iq: Instruction PC (0x401073=>0x401075).(0=>1) has src reg 99 (integer) that is being added to the dependency chain.
 134000: memdepentry: Memory dependency entry created. memdep_count=45 (0x401073=>0x401075).(0=>1)
 134000: system.cpu.memDep0: No dependency for inst PC (0x401073=>0x401075).(0=>1) [sn:890].
 134000: system.cpu.iew: [tid:0] Issue: Adding PC (0x401073=>0x401075).(1=>2) [sn:900] [tid:0] to IQ.
 134000: system.cpu.iq: Adding instruction [sn:900] PC (0x401073=>0x401075).(1=>2) to the IQ.
 134000: system.cpu.iq: Instruction PC (0x401073=>0x401075).(1=>2) has src reg 100 (integer) that is being added to the dependency chain.
 134000: system.cpu.iq: Instruction PC (0x401073=>0x401075).(1=>2) has src reg 100 (integer) that is being added to the dependency chain.
 134000: system.cpu.iew: [tid:0] Issue: Adding PC (0x401073=>0x401075).(2=>3) [sn:910] [tid:0] to IQ.
 134000: system.cpu.iew: [tid:0] Issue: Memory instruction encountered, adding to LSQ.
 134000: system.cpu.iew.lsq.thread0: Inserting store PC (0x401073=>0x401075).(2=>3), idx:26 [sn:910]
 134000: system.cpu.iq: Adding instruction [sn:910] PC (0x401073=>0x401075).(2=>3) to the IQ.
 134000: system.cpu.iq: Instruction PC (0x401073=>0x401075).(2=>3) has src reg 101 (integer) that is being added to the dependency chain.
 134000: memdepentry: Memory dependency entry created. memdep_count=46 (0x401073=>0x401075).(2=>3)
 134000: system.cpu.memDep0: No dependency for inst PC (0x401073=>0x401075).(2=>3) [sn:910].
 134000: system.cpu.memDep0: Inserting store/atomic PC (0x401073=>0x401075).(2=>3) [sn:910].
 134000: system.cpu.iew: [tid:0] Issue: Adding PC (0x401075=>0x401077).(0=>1) [sn:920] [tid:0] to IQ.
 134000: system.cpu.iew: [tid:0] Issue: Memory instruction encountered, adding to LSQ.
 134000: system.cpu.iew.lsq.thread0: Inserting load PC (0x401075=>0x401077).(0=>1), idx:27 [sn:920]
 134000: system.cpu.iq: Adding instruction [sn:920] PC (0x401075=>0x401077).(0=>1) to the IQ.
 134000: system.cpu.iq: Instruction PC (0x401075=>0x401077).(0=>1) has src reg 101 (integer) that is being added to the dependency chain.
 134000: memdepentry: Memory dependency entry created. memdep_count=47 (0x401075=>0x401077).(0=>1)
 134000: system.cpu.memDep0: No dependency for inst PC (0x401075=>0x401077).(0=>1) [sn:920].
 134000: system.cpu.iq: Attempting to schedule ready instructions from the IQ.
 134000: system.cpu.iq: Not able to schedule any instructions.
 134000: system.cpu.iew.lsq: [tid:0] Writing back stores. 1 stores available for Writeback.
 134000: system.cpu.iew: Processing [tid:0]
 134000: system.cpu.iew: [tid:0], Dispatch dispatched 6 instructions.
 134000: system.cpu.iew.lsq.thread0: SQ size: 114, #stores occupied: 24
 134000: system.cpu.iew.lsq.thread0: LQ size: 192, #loads occupied: 24
 134000: system.cpu.iew: IQ has 134 free entries (Can schedule: 0).  LQ has 168 free entries. SQ has 90 free entries.
 134000: system.cpu.commit: Getting instructions from Rename stage.
 134000: system.cpu.commit: [tid:0] [sn:930] Inserting PC (0x401075=>0x401077).(1=>2) into ROB.
 134000: system.cpu.rob: Adding inst PC (0x401075=>0x401077).(1=>2) to the ROB.
 134000: system.cpu.rob: [tid:0] Now has 72 instructions.
 134000: system.cpu.commit: [tid:0] [sn:940] Inserting PC (0x401075=>0x401077).(2=>3) into ROB.
 134000: system.cpu.rob: Adding inst PC (0x401075=>0x401077).(2=>3) to the ROB.
 134000: system.cpu.rob: [tid:0] Now has 73 instructions.
 134000: system.cpu.commit: [tid:0] [sn:950] Inserting PC (0x401077=>0x401079).(0=>1) into ROB.
 134000: system.cpu.rob: Adding inst PC (0x401077=>0x401079).(0=>1) to the ROB.
 134000: system.cpu.rob: [tid:0] Now has 74 instructions.
 134000: system.cpu.commit: [tid:0] [sn:960] Inserting PC (0x401077=>0x401079).(1=>2) into ROB.
 134000: system.cpu.rob: Adding inst PC (0x401077=>0x401079).(1=>2) to the ROB.
 134000: system.cpu.rob: [tid:0] Now has 75 instructions.
 134000: system.cpu.commit: [tid:0] [sn:970] Inserting PC (0x401077=>0x401079).(2=>3) into ROB.
 134000: system.cpu.rob: Adding inst PC (0x401077=>0x401079).(2=>3) to the ROB.
 134000: system.cpu.rob: [tid:0] Now has 76 instructions.
 134000: system.cpu.commit: [tid:0] [sn:980] Inserting PC (0x401079=>0x40107b).(0=>1) into ROB.
 134000: system.cpu.rob: Adding inst PC (0x401079=>0x40107b).(0=>1) to the ROB.
 134000: system.cpu.rob: [tid:0] Now has 77 instructions.
 134000: system.cpu.commit: Trying to commit instructions in the ROB.
 134000: system.cpu.commit: Trying to commit head instruction, [tid:0] [sn:220]
 134000: system.cpu.commit: Inst [tid:0] [sn:220] PC (0x401045=>0x401047).(0=>1) has a fault
 134000: system.cpu.commit: [tid:0] [sn:220] Stores outstanding, fault must wait.
 134000: system.cpu.commit: Unable to commit head instruction PC:(0x401045=>0x401047).(0=>1) [tid:0] [sn:220].
 134000: system.cpu.commit: [tid:0] Instruction [sn:220] PC (0x401045=>0x401047).(0=>1) is head of ROB and ready to commit
 134000: system.cpu.commit: [tid:0] ROB has 77 insts & 435 free entries.
 134000: system.cpu.commit: Activity This Cycle.
 134000: system.cpu: Scheduling next tick!
 135000: system.cpu: CPU already running.
 135000: system.cpu: Activity: 18
 135000: system.cpu.iew.lsq.thread0: Completing store [sn:100], idx:3, store head idx:4
O3PipeView:fetch:59000:0x0040101b:1:100:  MOV_M_I : st   t1d, SS:[t0 + rsp + 0xc]
O3PipeView:decode:60000
O3PipeView:rename:61000
O3PipeView:dispatch:63000
O3PipeView:issue:64000
O3PipeView:complete:65000
O3PipeView:retire:68000:store:135000
 135000: global: DynInst: [sn:100] Instruction destroyed. Instcount for system.cpu = 86
 135000: system.cpu: 

O3CPU: Ticking main, O3CPU.
 135000: system.cpu.fetch: Running stage.
 135000: system.cpu.fetch: There are no more threads available to fetch from.
 135000: system.cpu.fetch: [tid:0] Fetch is waiting cache response!
 135000: system.cpu.decode: Processing [tid:0]
 135000: system.cpu.decode: [tid:0] Bypass moves from Rename: 0
 135000: system.cpu.decode: [tid:0] Not blocked, so attempting to run stage.
 135000: system.cpu.decode: [tid:0] Nothing to do, breaking out early.
 135000: system.cpu.rename: Processing [tid:0]
 135000: system.cpu.rename: [tid:0] Free IQ: 140, Free ROB: 435, Free LQ: 170, Free SQ: 92, FreeRM 63(418 464 511 1022 63 8 2501)
 135000: system.cpu.rename: [tid:0] 18 instructions not yet in ROB
 135000: system.cpu.rename: calcFreeLQEntries: free lqEntries: 170, loadsInProgress: 6, loads dispatchedToLQ: 2
 135000: system.cpu.rename: [tid:0] Not blocked, so attempting to run stage.
 135000: system.cpu.rename: [tid:0] 2 available instructions to send iew.
 135000: system.cpu.rename: [tid:0] 18 insts pipelining from Rename | 6 insts dispatched to IQ last cycle.
 135000: system.cpu.rename: [tid:0] Sending instructions to IEW.
 135000: system.cpu.rename: [tid:0] Processing instruction [sn:1050] with PC (0x40107d=>0x40107f).(1=>2).
 135000: system.cpu.rename: [tid:0] Looking up integer arch reg 17, got phys reg 110 (integer)
 135000: system.cpu.rename: [tid:0] Register 110 (flat: 110) (integer) is not ready.
 135000: system.cpu.rename: [tid:0] Looking up integer arch reg 0, got phys reg 55 (integer)
 135000: system.cpu.rename: [tid:0] Register 55 (flat: 55) (integer) is ready.
 135000: global: [sn:1050] has 1 ready out of 8 sources. RTI 0)
 135000: system.cpu.rename: [tid:0] Looking up integer arch reg 17, got phys reg 110 (integer)
 135000: system.cpu.rename: [tid:0] Register 110 (flat: 110) (integer) is not ready.
 135000: system.cpu.rename: [tid:0] Looking up invalid arch reg 0, got phys reg 4294967295 (invalid)
 135000: system.cpu.rename: [tid:0] Register 4294967295 (flat: 4294967295) (invalid) is ready.
 135000: global: [sn:1050] has 2 ready out of 8 sources. RTI 0)
 135000: system.cpu.rename: [tid:0] Looking up invalid arch reg 0, got phys reg 4294967295 (invalid)
 135000: system.cpu.rename: [tid:0] Register 4294967295 (flat: 4294967295) (invalid) is ready.
 135000: global: [sn:1050] has 3 ready out of 8 sources. RTI 0)
 135000: system.cpu.rename: [tid:0] Looking up invalid arch reg 0, got phys reg 4294967295 (invalid)
 135000: system.cpu.rename: [tid:0] Register 4294967295 (flat: 4294967295) (invalid) is ready.
 135000: global: [sn:1050] has 4 ready out of 8 sources. RTI 0)
 135000: system.cpu.rename: [tid:0] Looking up invalid arch reg 0, got phys reg 4294967295 (invalid)
 135000: system.cpu.rename: [tid:0] Register 4294967295 (flat: 4294967295) (invalid) is ready.
 135000: global: [sn:1050] has 5 ready out of 8 sources. RTI 0)
 135000: system.cpu.rename: [tid:0] Looking up invalid arch reg 0, got phys reg 4294967295 (invalid)
 135000: system.cpu.rename: [tid:0] Register 4294967295 (flat: 4294967295) (invalid) is ready.
 135000: global: [sn:1050] has 6 ready out of 8 sources. RTI 0)
 135000: global: Renamed reg t1 to physical reg 111 (111) old mapping was 110 (110)
 135000: system.cpu.rename: [tid:0] Renaming arch reg 17 (integer) to physical reg 111 (111).
 135000: system.cpu.rename: [tid:0] [sn:1050] Adding instruction to history buffer (size=191).
 135000: global: Renamed reg condition_code[0] to physical reg 2701 (2701) old mapping was 2699 (2699)
 135000: system.cpu.rename: [tid:0] Renaming arch reg 0 (condition_code) to physical reg 69 (2701).
 135000: system.cpu.rename: [tid:0] [sn:1050] Adding instruction to history buffer (size=192).
 135000: global: Renamed reg condition_code[1] to physical reg 2702 (2702) old mapping was 2700 (2700)
 135000: system.cpu.rename: [tid:0] Renaming arch reg 1 (condition_code) to physical reg 70 (2702).
 135000: system.cpu.rename: [tid:0] [sn:1050] Adding instruction to history buffer (size=193).
 135000: system.cpu.rename: [tid:0] Renaming arch reg 0 (invalid) to physical reg 4294967295 (4294967295).
 135000: system.cpu.rename: [tid:0] [sn:1050] Adding instruction to history buffer (size=194).
 135000: system.cpu.rename: [tid:0] Renaming arch reg 0 (invalid) to physical reg 4294967295 (4294967295).
 135000: system.cpu.rename: [tid:0] [sn:1050] Adding instruction to history buffer (size=195).
 135000: system.cpu.rename: [tid:0] Renaming arch reg 0 (invalid) to physical reg 4294967295 (4294967295).
 135000: system.cpu.rename: [tid:0] [sn:1050] Adding instruction to history buffer (size=196).
 135000: system.cpu.rename: calcFreeSQEntries: free sqEntries: 92, storesInProgress: 6, stores dispatchedToSQ: 2
 135000: system.cpu.rename: [tid:0] Processing instruction [sn:1060] with PC (0x40107d=>0x40107f).(2=>3).
 135000: system.cpu.rename: [tid:0] Looking up invalid arch reg 0, got phys reg 4294967295 (invalid)
 135000: system.cpu.rename: [tid:0] Register 4294967295 (flat: 4294967295) (invalid) is ready.
 135000: global: [sn:1060] has 1 ready out of 4 sources. RTI 0)
 135000: system.cpu.rename: [tid:0] Looking up integer arch reg 0, got phys reg 55 (integer)
 135000: system.cpu.rename: [tid:0] Register 55 (flat: 55) (integer) is ready.
 135000: global: [sn:1060] has 2 ready out of 4 sources. RTI 0)
 135000: system.cpu.rename: [tid:0] Looking up integer arch reg 17, got phys reg 111 (integer)
 135000: system.cpu.rename: [tid:0] Register 111 (flat: 111) (integer) is not ready.
 135000: system.cpu.rename: [tid:0] Looking up miscellaneous arch reg 155, got phys reg 155 (miscellaneous)
 135000: system.cpu.rename: [tid:0] Register 155 (flat: 0) (miscellaneous) is ready.
 135000: global: [sn:1060] has 3 ready out of 4 sources. RTI 0)
 135000: system.cpu.rename: Activity this cycle.
 135000: system.cpu.iew: Issue: Processing [tid:0]
 135000: system.cpu.iew: [tid:0] Not blocked, so attempting to run dispatch.
 135000: system.cpu.iew: [tid:0] Issue: Adding PC (0x401075=>0x401077).(1=>2) [sn:930] [tid:0] to IQ.
 135000: system.cpu.iq: Adding instruction [sn:930] PC (0x401075=>0x401077).(1=>2) to the IQ.
 135000: system.cpu.iq: Instruction PC (0x401075=>0x401077).(1=>2) has src reg 102 (integer) that is being added to the dependency chain.
 135000: system.cpu.iq: Instruction PC (0x401075=>0x401077).(1=>2) has src reg 102 (integer) that is being added to the dependency chain.
 135000: system.cpu.iew: [tid:0] Issue: Adding PC (0x401075=>0x401077).(2=>3) [sn:940] [tid:0] to IQ.
 135000: system.cpu.iew: [tid:0] Issue: Memory instruction encountered, adding to LSQ.
 135000: system.cpu.iew.lsq.thread0: Inserting store PC (0x401075=>0x401077).(2=>3), idx:27 [sn:940]
 135000: system.cpu.iq: Adding instruction [sn:940] PC (0x401075=>0x401077).(2=>3) to the IQ.
 135000: system.cpu.iq: Instruction PC (0x401075=>0x401077).(2=>3) has src reg 103 (integer) that is being added to the dependency chain.
 135000: memdepentry: Memory dependency entry created. memdep_count=48 (0x401075=>0x401077).(2=>3)
 135000: system.cpu.memDep0: No dependency for inst PC (0x401075=>0x401077).(2=>3) [sn:940].
 135000: system.cpu.memDep0: Inserting store/atomic PC (0x401075=>0x401077).(2=>3) [sn:940].
 135000: system.cpu.iew: [tid:0] Issue: Adding PC (0x401077=>0x401079).(0=>1) [sn:950] [tid:0] to IQ.
 135000: system.cpu.iew: [tid:0] Issue: Memory instruction encountered, adding to LSQ.
 135000: system.cpu.iew.lsq.thread0: Inserting load PC (0x401077=>0x401079).(0=>1), idx:28 [sn:950]
 135000: system.cpu.iq: Adding instruction [sn:950] PC (0x401077=>0x401079).(0=>1) to the IQ.
 135000: system.cpu.iq: Instruction PC (0x401077=>0x401079).(0=>1) has src reg 103 (integer) that is being added to the dependency chain.
 135000: memdepentry: Memory dependency entry created. memdep_count=49 (0x401077=>0x401079).(0=>1)
 135000: system.cpu.memDep0: No dependency for inst PC (0x401077=>0x401079).(0=>1) [sn:950].
 135000: system.cpu.iew: [tid:0] Issue: Adding PC (0x401077=>0x401079).(1=>2) [sn:960] [tid:0] to IQ.
 135000: system.cpu.iq: Adding instruction [sn:960] PC (0x401077=>0x401079).(1=>2) to the IQ.
 135000: system.cpu.iq: Instruction PC (0x401077=>0x401079).(1=>2) has src reg 104 (integer) that is being added to the dependency chain.
 135000: system.cpu.iq: Instruction PC (0x401077=>0x401079).(1=>2) has src reg 104 (integer) that is being added to the dependency chain.
 135000: system.cpu.iew: [tid:0] Issue: Adding PC (0x401077=>0x401079).(2=>3) [sn:970] [tid:0] to IQ.
 135000: system.cpu.iew: [tid:0] Issue: Memory instruction encountered, adding to LSQ.
 135000: system.cpu.iew.lsq.thread0: Inserting store PC (0x401077=>0x401079).(2=>3), idx:28 [sn:970]
 135000: system.cpu.iq: Adding instruction [sn:970] PC (0x401077=>0x401079).(2=>3) to the IQ.
 135000: system.cpu.iq: Instruction PC (0x401077=>0x401079).(2=>3) has src reg 105 (integer) that is being added to the dependency chain.
 135000: memdepentry: Memory dependency entry created. memdep_count=50 (0x401077=>0x401079).(2=>3)
 135000: system.cpu.memDep0: No dependency for inst PC (0x401077=>0x401079).(2=>3) [sn:970].
 135000: system.cpu.memDep0: Inserting store/atomic PC (0x401077=>0x401079).(2=>3) [sn:970].
 135000: system.cpu.iew: [tid:0] Issue: Adding PC (0x401079=>0x40107b).(0=>1) [sn:980] [tid:0] to IQ.
 135000: system.cpu.iew: [tid:0] Issue: Memory instruction encountered, adding to LSQ.
 135000: system.cpu.iew.lsq.thread0: Inserting load PC (0x401079=>0x40107b).(0=>1), idx:29 [sn:980]
 135000: system.cpu.iq: Adding instruction [sn:980] PC (0x401079=>0x40107b).(0=>1) to the IQ.
 135000: system.cpu.iq: Instruction PC (0x401079=>0x40107b).(0=>1) has src reg 105 (integer) that is being added to the dependency chain.
 135000: memdepentry: Memory dependency entry created. memdep_count=51 (0x401079=>0x40107b).(0=>1)
 135000: system.cpu.memDep0: No dependency for inst PC (0x401079=>0x40107b).(0=>1) [sn:980].
 135000: system.cpu.iq: Attempting to schedule ready instructions from the IQ.
 135000: system.cpu.iq: Not able to schedule any instructions.
 135000: system.cpu.iew: Processing [tid:0]
 135000: system.cpu.iew.lsq.thread0: LQ size: 192, #loads occupied: 26
 135000: system.cpu.iew.lsq.thread0: SQ size: 114, #stores occupied: 25
 135000: system.cpu.iew: [tid:0], Dispatch dispatched 6 instructions.
 135000: system.cpu.iew.lsq.thread0: SQ size: 114, #stores occupied: 25
 135000: system.cpu.iew.lsq.thread0: LQ size: 192, #loads occupied: 26
 135000: system.cpu.iew: IQ has 128 free entries (Can schedule: 0).  LQ has 166 free entries. SQ has 89 free entries.
 135000: system.cpu.iew: Activity this cycle.
 135000: system.cpu.commit: Getting instructions from Rename stage.
 135000: system.cpu.commit: [tid:0] [sn:990] Inserting PC (0x401079=>0x40107b).(1=>2) into ROB.
 135000: system.cpu.rob: Adding inst PC (0x401079=>0x40107b).(1=>2) to the ROB.
 135000: system.cpu.rob: [tid:0] Now has 78 instructions.
 135000: system.cpu.commit: [tid:0] [sn:1000] Inserting PC (0x401079=>0x40107b).(2=>3) into ROB.
 135000: system.cpu.rob: Adding inst PC (0x401079=>0x40107b).(2=>3) to the ROB.
 135000: system.cpu.rob: [tid:0] Now has 79 instructions.
 135000: system.cpu.commit: [tid:0] [sn:1010] Inserting PC (0x40107b=>0x40107d).(0=>1) into ROB.
 135000: system.cpu.rob: Adding inst PC (0x40107b=>0x40107d).(0=>1) to the ROB.
 135000: system.cpu.rob: [tid:0] Now has 80 instructions.
 135000: system.cpu.commit: [tid:0] [sn:1020] Inserting PC (0x40107b=>0x40107d).(1=>2) into ROB.
 135000: system.cpu.rob: Adding inst PC (0x40107b=>0x40107d).(1=>2) to the ROB.
 135000: system.cpu.rob: [tid:0] Now has 81 instructions.
 135000: system.cpu.commit: [tid:0] [sn:1030] Inserting PC (0x40107b=>0x40107d).(2=>3) into ROB.
 135000: system.cpu.rob: Adding inst PC (0x40107b=>0x40107d).(2=>3) to the ROB.
 135000: system.cpu.rob: [tid:0] Now has 82 instructions.
 135000: system.cpu.commit: [tid:0] [sn:1040] Inserting PC (0x40107d=>0x40107f).(0=>1) into ROB.
 135000: system.cpu.rob: Adding inst PC (0x40107d=>0x40107f).(0=>1) to the ROB.
 135000: system.cpu.rob: [tid:0] Now has 83 instructions.
 135000: system.cpu.commit: Trying to commit instructions in the ROB.
 135000: system.cpu.commit: Trying to commit head instruction, [tid:0] [sn:220]
 135000: system.cpu.commit: Inst [tid:0] [sn:220] PC (0x401045=>0x401047).(0=>1) has a fault
 135000: global: RegFile: Access to int register 55, has data 0x3c
 135000: global: RegFile: Access to int register 54, has data 0x14
 135000: global: Calling halt on Thread Context 0
 135000: system.cpu: Thread 0 is inserted to exitingThreads list
 135000: global: RegFile: Setting int register 55 to 0x14
 135000: system.cpu.commit: [tid:0] [sn:220] Committing instruction with fault
 135000: system.cpu.commit: Generating trap event for [tid:0]
 135000: system.cpu.commit: Unable to commit head instruction PC:(0x401045=>0x401047).(0=>1) [tid:0] [sn:220].
 135000: system.cpu.commit: [tid:0] Instruction [sn:220] PC (0x401045=>0x401047).(0=>1) is head of ROB and ready to commit
 135000: system.cpu.commit: [tid:0] ROB has 83 insts & 429 free entries.
 135000: system.cpu.commit: Activity This Cycle.
 135000: system.cpu: Scheduling next tick!
