      0: Creating MemDepUnit 0 object.
      0: Creating MemDepUnit 1 object.
      0: Creating MemDepUnit 2 object.
      0: Creating MemDepUnit 3 object.
      0: system.cpu.iq: IQ sharing policy set to Partitioned:559 entries per thread.
      0: system.cpu.iew.lsq: LSQ sharing policy set to Partitioned: 132 entries per LQ | 72 entries per SQ
      0: system.cpu.iew.lsq.thread0: Creating LSQUnit0 object.
      0: system.cpu.freelist: Creating new free list object.
      0: system.cpu.rob: ROB sharing policy set to Partitioned
      0: system.cpu: Creating O3CPU object.
      0: system.cpu: Workload[0] process is 0      0: global: Calling activate on Thread Context 0
      0: system.cpu: [tid:0] Calling activate thread.
      0: system.cpu: [tid:0] Adding to active threads list
      0: system.cpu: Activity: 1
      0: system.cpu.fetch: Waking up from quiesce
      0: global: RegFile: Setting int register 4 to 0x7fffffffee20
      0: system.cpu.commit: Generating TC squash event for [tid:0]
      0: system.cpu.fetch: Activating stage.
      0: system.cpu: Activity: 2
      0: system.cpu.iew.lsq.thread0: LQ size: 132, #loads occupied: 0
      0: system.cpu.iew.lsq.thread0: SQ size: 72, #stores occupied: 0
      0: system.cpu: Activity: 3
      0: system.cpu.iew.lsq.thread0: LQ size: 132, #loads occupied: 0
      0: system.cpu.iew.lsq.thread0: SQ size: 72, #stores occupied: 0
      0: system.cpu.rob: Setting active threads list pointer.
      0: system.cpu: Activity: 4
      0: system.cpu: 

O3CPU: Ticking main, O3CPU.
      0: system.cpu.fetch: Running stage.
      0: system.cpu.fetch: Attempting to fetch from [tid:0]
      0: system.cpu.fetch: [tid:0] Attempting to translate and read instruction, starting at PC (0x401000=>0x401008).(0=>1).
      0: system.cpu.fetch: [tid:0] Fetching cache line 0x401000 for addr 0x401000
      0: system.cpu: CPU already running.
      0: system.cpu.fetch: Fetch: Doing instruction read.
      0: system.cpu.fetch: [tid:0] Doing Icache access.
      0: system.cpu.fetch: [tid:0] Activity: Waiting on I-cache response.
      0: system.cpu.fetch: Deactivating stage.
      0: system.cpu: Activity: 3
      0: system.cpu.decode: Processing [tid:0]
      0: system.cpu.decode: [tid:0] Not blocked, so attempting to run stage.
      0: system.cpu.decode: [tid:0] Nothing to do, breaking out early.
      0: system.cpu.rename: Processing [tid:0]
      0: system.cpu.rename: [tid:0] Free IQ: 559, Free ROB: 918, Free LQ: 132, Free SQ: 72, FreeRM 127(879 870 917 1834 127 8 4585)
      0: system.cpu.rename: [tid:0] 0 instructions not yet in ROB
      0: system.cpu.rename: calcFreeLQEntries: free lqEntries: 132, loadsInProgress: 0, loads dispatchedToLQ: 0
      0: system.cpu.rename: [tid:0] Not blocked, so attempting to run stage.
      0: system.cpu.rename: [tid:0] Nothing to do, breaking out early.
      0: system.cpu.iew: Issue: Processing [tid:0]
      0: system.cpu.iew: [tid:0] Not blocked, so attempting to run dispatch.
      0: system.cpu.iq: Attempting to schedule ready instructions from the IQ.
      0: system.cpu.iq: Not able to schedule any instructions.
      0: system.cpu.iew: Processing [tid:0]
      0: system.cpu.iew.lsq.thread0: LQ size: 132, #loads occupied: 0
      0: system.cpu.iew.lsq.thread0: SQ size: 72, #stores occupied: 0
      0: system.cpu.iew: [tid:0], Dispatch dispatched 0 instructions.
      0: system.cpu.iew.lsq.thread0: SQ size: 72, #stores occupied: 0
      0: system.cpu.iew.lsq.thread0: LQ size: 132, #loads occupied: 0
      0: system.cpu.iew: IQ has 559 free entries (Can schedule: 0).  LQ has 132 free entries. SQ has 72 free entries.
      0: system.cpu.iew: IEW switching to idle
      0: system.cpu.iew: Deactivating stage.
      0: system.cpu: Activity: 2
      0: system.cpu.iew: Activity this cycle.
      0: system.cpu.rob: Does not need to squash due to being empty [sn:0]
      0: system.cpu.commit: Squashing from TC, restarting at PC (0x401000=>0x401008).(0=>1)
      0: system.cpu.commit: [tid:0] ROB has 0 insts & 918 free entries.
      0: system.cpu.commit: Activity This Cycle.
      0: system.cpu: Scheduling next tick!
   1000: system.cpu: 

O3CPU: Ticking main, O3CPU.
   1000: system.cpu.fetch: [tid:0] Squashing instructions due to squash from commit.
   1000: system.cpu.fetch: [tid:0] Squash from commit.
   1000: system.cpu.fetch: [tid:0] Squashing, setting PC to: (0x401000=>0x401008).(0=>1).
   1000: system.cpu.fetch: [tid:0] Squashing outstanding Icache miss.
   1000: system.cpu: Thread 0: Deleting instructions from instruction list.
   1000: system.cpu.fetch: Running stage.
   1000: system.cpu.fetch: There are no more threads available to fetch from.
   1000: system.cpu.fetch: [tid:0] Fetch is squashing!
   1000: system.cpu.fetch: [tid:0] Activating stage.
   1000: system.cpu: Activity: 3
   1000: system.cpu.decode: Processing [tid:0]
   1000: system.cpu.decode: [tid:0] Squashing instructions due to squash from commit.
   1000: system.cpu.decode: [tid:0] Squashing.
   1000: system.cpu.rename: Processing [tid:0]
   1000: system.cpu.rename: [tid:0] Free IQ: 559, Free ROB: 918, Free LQ: 132, Free SQ: 72, FreeRM 127(879 870 917 1834 127 8 4585)
   1000: system.cpu.rename: [tid:0] 0 instructions not yet in ROB
   1000: system.cpu.rename: [tid:0] Squashing instructions due to squash from commit.
   1000: system.cpu.rename: [tid:0] [squash sn:0] Squashing instructions.
   1000: system.cpu.iew: Issue: Processing [tid:0]
   1000: system.cpu.iew: [tid:0] Squashing all instructions.
   1000: system.cpu.iq: [tid:0] Starting to squash instructions in the IQ.
   1000: system.cpu.iq: [tid:0] Squashing until sequence number 0!
   1000: system.cpu.iew.lsq.thread0: Squashing until [sn:0]!(Loads:0 Stores:0)
   1000: system.cpu.iew: Removing skidbuffer instructions until [sn:0] [tid:0]
   1000: system.cpu.iew: [tid:0] Removing incoming rename instructions
   1000: system.cpu.iq: Attempting to schedule ready instructions from the IQ.
   1000: system.cpu.iq: Not able to schedule any instructions.
   1000: system.cpu.iew: Processing [tid:0]
   1000: system.cpu.iew.lsq.thread0: LQ size: 132, #loads occupied: 0
   1000: system.cpu.iew.lsq.thread0: SQ size: 72, #stores occupied: 0
   1000: system.cpu.iew: [tid:0], Dispatch dispatched 0 instructions.
   1000: system.cpu.iew.lsq.thread0: SQ size: 72, #stores occupied: 0
   1000: system.cpu.iew.lsq.thread0: LQ size: 132, #loads occupied: 0
   1000: system.cpu.iew: IQ has 559 free entries (Can schedule: 0).  LQ has 132 free entries. SQ has 72 free entries.
   1000: system.cpu.iew: Activity this cycle.
   1000: system.cpu: Activity: 4
   1000: system.cpu.commit: Getting instructions from Rename stage.
   1000: system.cpu.commit: Trying to commit instructions in the ROB.
   1000: system.cpu.commit: [tid:0] ROB has 0 insts & 918 free entries.
   1000: system.cpu.commit: Deactivating stage.
   1000: system.cpu: Activity: 3
   1000: system.cpu: Scheduling next tick!
   2000: system.cpu: 

O3CPU: Ticking main, O3CPU.
   2000: system.cpu.fetch: [tid:0] Done squashing, switching to running.
   2000: system.cpu.fetch: Running stage.
   2000: system.cpu.fetch: Attempting to fetch from [tid:0]
   2000: system.cpu.fetch: [tid:0] Attempting to translate and read instruction, starting at PC (0x401000=>0x401008).(0=>1).
   2000: system.cpu.fetch: [tid:0] Fetching cache line 0x401000 for addr 0x401000
   2000: system.cpu: CPU already running.
   2000: system.cpu.fetch: Fetch: Doing instruction read.
   2000: system.cpu.fetch: [tid:0] Doing Icache access.
   2000: system.cpu.fetch: [tid:0] Activity: Waiting on I-cache response.
   2000: system.cpu.fetch: Deactivating stage.
   2000: system.cpu: Activity: 2
   2000: system.cpu.decode: Processing [tid:0]
   2000: system.cpu.decode: [tid:0] Done squashing, switching to running.
   2000: system.cpu.decode: [tid:0] Not blocked, so attempting to run stage.
   2000: system.cpu.decode: [tid:0] Nothing to do, breaking out early.
   2000: system.cpu.rename: Processing [tid:0]
   2000: system.cpu.rename: [tid:0] Free IQ: 559, Free ROB: 918, Free LQ: 132, Free SQ: 72, FreeRM 127(879 870 917 1834 127 8 4585)
   2000: system.cpu.rename: [tid:0] 0 instructions not yet in ROB
   2000: system.cpu.rename: calcFreeLQEntries: free lqEntries: 132, loadsInProgress: 0, loads dispatchedToLQ: 0
   2000: system.cpu.rename: [tid:0] Done squashing, switching to running.
   2000: system.cpu.rename: [tid:0] Not blocked, so attempting to run stage.
   2000: system.cpu.rename: [tid:0] Nothing to do, breaking out early.
   2000: system.cpu.iew: Issue: Processing [tid:0]
   2000: system.cpu.iew: [tid:0] Done squashing, switching to running.
   2000: system.cpu.iew: [tid:0] Not blocked, so attempting to run dispatch.
   2000: system.cpu.iq: Attempting to schedule ready instructions from the IQ.
   2000: system.cpu.iq: Not able to schedule any instructions.
   2000: system.cpu.iew: Processing [tid:0]
   2000: system.cpu.iew: [tid:0], Dispatch dispatched 0 instructions.
   2000: system.cpu.iew.lsq.thread0: SQ size: 72, #stores occupied: 0
   2000: system.cpu.iew.lsq.thread0: LQ size: 132, #loads occupied: 0
   2000: system.cpu.iew: IQ has 559 free entries (Can schedule: 0).  LQ has 132 free entries. SQ has 72 free entries.
   2000: system.cpu.commit: Getting instructions from Rename stage.
   2000: system.cpu.commit: Trying to commit instructions in the ROB.
   2000: system.cpu.commit: [tid:0] ROB has 0 insts & 918 free entries.
   2000: system.cpu: Scheduling next tick!
   3000: system.cpu: 

O3CPU: Ticking main, O3CPU.
   3000: system.cpu.fetch: Running stage.
   3000: system.cpu.fetch: There are no more threads available to fetch from.
   3000: system.cpu.fetch: [tid:0] Fetch is waiting cache response!
   3000: system.cpu.decode: Processing [tid:0]
   3000: system.cpu.decode: [tid:0] Not blocked, so attempting to run stage.
   3000: system.cpu.decode: [tid:0] Nothing to do, breaking out early.
   3000: system.cpu.rename: Processing [tid:0]
   3000: system.cpu.rename: [tid:0] Free IQ: 559, Free ROB: 918, Free LQ: 132, Free SQ: 72, FreeRM 127(879 870 917 1834 127 8 4585)
   3000: system.cpu.rename: [tid:0] 0 instructions not yet in ROB
   3000: system.cpu.rename: calcFreeLQEntries: free lqEntries: 132, loadsInProgress: 0, loads dispatchedToLQ: 0
   3000: system.cpu.rename: [tid:0] Not blocked, so attempting to run stage.
   3000: system.cpu.rename: [tid:0] Nothing to do, breaking out early.
   3000: system.cpu.iew: Issue: Processing [tid:0]
   3000: system.cpu.iew: [tid:0] Not blocked, so attempting to run dispatch.
   3000: system.cpu.iq: Attempting to schedule ready instructions from the IQ.
   3000: system.cpu.iq: Not able to schedule any instructions.
   3000: system.cpu.iew: Processing [tid:0]
   3000: system.cpu.iew: [tid:0], Dispatch dispatched 0 instructions.
   3000: system.cpu.iew.lsq.thread0: SQ size: 72, #stores occupied: 0
   3000: system.cpu.iew.lsq.thread0: LQ size: 132, #loads occupied: 0
   3000: system.cpu.iew: IQ has 559 free entries (Can schedule: 0).  LQ has 132 free entries. SQ has 72 free entries.
   3000: system.cpu.commit: Getting instructions from Rename stage.
   3000: system.cpu.commit: Trying to commit instructions in the ROB.
   3000: system.cpu.commit: [tid:0] ROB has 0 insts & 918 free entries.
   3000: system.cpu: Scheduling next tick!
   4000: system.cpu: 

O3CPU: Ticking main, O3CPU.
   4000: system.cpu.fetch: Running stage.
   4000: system.cpu.fetch: There are no more threads available to fetch from.
   4000: system.cpu.fetch: [tid:0] Fetch is waiting cache response!
   4000: system.cpu.decode: Processing [tid:0]
   4000: system.cpu.decode: [tid:0] Not blocked, so attempting to run stage.
   4000: system.cpu.decode: [tid:0] Nothing to do, breaking out early.
   4000: system.cpu.rename: Processing [tid:0]
   4000: system.cpu.rename: [tid:0] Free IQ: 559, Free ROB: 918, Free LQ: 132, Free SQ: 72, FreeRM 127(879 870 917 1834 127 8 4585)
   4000: system.cpu.rename: [tid:0] 0 instructions not yet in ROB
   4000: system.cpu.rename: calcFreeLQEntries: free lqEntries: 132, loadsInProgress: 0, loads dispatchedToLQ: 0
   4000: system.cpu.rename: [tid:0] Not blocked, so attempting to run stage.
   4000: system.cpu.rename: [tid:0] Nothing to do, breaking out early.
   4000: system.cpu.iew: Issue: Processing [tid:0]
   4000: system.cpu.iew: [tid:0] Not blocked, so attempting to run dispatch.
   4000: system.cpu.iq: Attempting to schedule ready instructions from the IQ.
   4000: system.cpu.iq: Not able to schedule any instructions.
   4000: system.cpu.iew: Processing [tid:0]
   4000: system.cpu.iew: [tid:0], Dispatch dispatched 0 instructions.
   4000: system.cpu.iew.lsq.thread0: SQ size: 72, #stores occupied: 0
   4000: system.cpu.iew.lsq.thread0: LQ size: 132, #loads occupied: 0
   4000: system.cpu.iew: IQ has 559 free entries (Can schedule: 0).  LQ has 132 free entries. SQ has 72 free entries.
   4000: system.cpu.commit: Getting instructions from Rename stage.
   4000: system.cpu.commit: Trying to commit instructions in the ROB.
   4000: system.cpu.commit: [tid:0] ROB has 0 insts & 918 free entries.
   4000: system.cpu: Scheduling next tick!
   5000: system.cpu: 

O3CPU: Ticking main, O3CPU.
   5000: system.cpu.fetch: Running stage.
   5000: system.cpu.fetch: There are no more threads available to fetch from.
   5000: system.cpu.fetch: [tid:0] Fetch is waiting cache response!
   5000: system.cpu.decode: Processing [tid:0]
   5000: system.cpu.decode: [tid:0] Not blocked, so attempting to run stage.
   5000: system.cpu.decode: [tid:0] Nothing to do, breaking out early.
   5000: system.cpu.rename: Processing [tid:0]
   5000: system.cpu.rename: [tid:0] Free IQ: 559, Free ROB: 918, Free LQ: 132, Free SQ: 72, FreeRM 127(879 870 917 1834 127 8 4585)
   5000: system.cpu.rename: [tid:0] 0 instructions not yet in ROB
   5000: system.cpu.rename: calcFreeLQEntries: free lqEntries: 132, loadsInProgress: 0, loads dispatchedToLQ: 0
   5000: system.cpu.rename: [tid:0] Not blocked, so attempting to run stage.
   5000: system.cpu.rename: [tid:0] Nothing to do, breaking out early.
   5000: system.cpu.iew: Issue: Processing [tid:0]
   5000: system.cpu.iew: [tid:0] Not blocked, so attempting to run dispatch.
   5000: system.cpu.iq: Attempting to schedule ready instructions from the IQ.
   5000: system.cpu.iq: Not able to schedule any instructions.
   5000: system.cpu.iew: Processing [tid:0]
   5000: system.cpu.iew: [tid:0], Dispatch dispatched 0 instructions.
   5000: system.cpu.iew.lsq.thread0: SQ size: 72, #stores occupied: 0
   5000: system.cpu.iew.lsq.thread0: LQ size: 132, #loads occupied: 0
   5000: system.cpu.iew: IQ has 559 free entries (Can schedule: 0).  LQ has 132 free entries. SQ has 72 free entries.
   5000: system.cpu.commit: Getting instructions from Rename stage.
   5000: system.cpu.commit: Trying to commit instructions in the ROB.
   5000: system.cpu.commit: [tid:0] ROB has 0 insts & 918 free entries.
   5000: system.cpu: Scheduling next tick!
   6000: system.cpu: 

O3CPU: Ticking main, O3CPU.
   6000: system.cpu.fetch: Running stage.
   6000: system.cpu.fetch: There are no more threads available to fetch from.
   6000: system.cpu.fetch: [tid:0] Fetch is waiting cache response!
   6000: system.cpu.decode: Processing [tid:0]
   6000: system.cpu.decode: [tid:0] Not blocked, so attempting to run stage.
   6000: system.cpu.decode: [tid:0] Nothing to do, breaking out early.
   6000: system.cpu.rename: Processing [tid:0]
   6000: system.cpu.rename: [tid:0] Free IQ: 559, Free ROB: 918, Free LQ: 132, Free SQ: 72, FreeRM 127(879 870 917 1834 127 8 4585)
   6000: system.cpu.rename: [tid:0] 0 instructions not yet in ROB
   6000: system.cpu.rename: calcFreeLQEntries: free lqEntries: 132, loadsInProgress: 0, loads dispatchedToLQ: 0
   6000: system.cpu.rename: [tid:0] Not blocked, so attempting to run stage.
   6000: system.cpu.rename: [tid:0] Nothing to do, breaking out early.
   6000: system.cpu.iew: Issue: Processing [tid:0]
   6000: system.cpu.iew: [tid:0] Not blocked, so attempting to run dispatch.
   6000: system.cpu.iq: Attempting to schedule ready instructions from the IQ.
   6000: system.cpu.iq: Not able to schedule any instructions.
   6000: system.cpu.iew: Processing [tid:0]
   6000: system.cpu.iew: [tid:0], Dispatch dispatched 0 instructions.
   6000: system.cpu.iew.lsq.thread0: SQ size: 72, #stores occupied: 0
   6000: system.cpu.iew.lsq.thread0: LQ size: 132, #loads occupied: 0
   6000: system.cpu.iew: IQ has 559 free entries (Can schedule: 0).  LQ has 132 free entries. SQ has 72 free entries.
   6000: system.cpu.commit: Getting instructions from Rename stage.
   6000: system.cpu.commit: Trying to commit instructions in the ROB.
   6000: system.cpu.commit: [tid:0] ROB has 0 insts & 918 free entries.
   6000: system.cpu: Scheduling next tick!
   7000: system.cpu: 

O3CPU: Ticking main, O3CPU.
   7000: system.cpu.fetch: Running stage.
   7000: system.cpu.fetch: There are no more threads available to fetch from.
   7000: system.cpu.fetch: [tid:0] Fetch is waiting cache response!
   7000: system.cpu.decode: Processing [tid:0]
   7000: system.cpu.decode: [tid:0] Not blocked, so attempting to run stage.
   7000: system.cpu.decode: [tid:0] Nothing to do, breaking out early.
   7000: system.cpu.rename: Processing [tid:0]
   7000: system.cpu.rename: [tid:0] Free IQ: 559, Free ROB: 918, Free LQ: 132, Free SQ: 72, FreeRM 127(879 870 917 1834 127 8 4585)
   7000: system.cpu.rename: [tid:0] 0 instructions not yet in ROB
   7000: system.cpu.rename: calcFreeLQEntries: free lqEntries: 132, loadsInProgress: 0, loads dispatchedToLQ: 0
   7000: system.cpu.rename: [tid:0] Not blocked, so attempting to run stage.
   7000: system.cpu.rename: [tid:0] Nothing to do, breaking out early.
   7000: system.cpu.iew: Issue: Processing [tid:0]
   7000: system.cpu.iew: [tid:0] Not blocked, so attempting to run dispatch.
   7000: system.cpu.iq: Attempting to schedule ready instructions from the IQ.
   7000: system.cpu.iq: Not able to schedule any instructions.
   7000: system.cpu.iew: Processing [tid:0]
   7000: system.cpu.iew: [tid:0], Dispatch dispatched 0 instructions.
   7000: system.cpu.iew.lsq.thread0: SQ size: 72, #stores occupied: 0
   7000: system.cpu.iew.lsq.thread0: LQ size: 132, #loads occupied: 0
   7000: system.cpu.iew: IQ has 559 free entries (Can schedule: 0).  LQ has 132 free entries. SQ has 72 free entries.
   7000: system.cpu.commit: Getting instructions from Rename stage.
   7000: system.cpu.commit: Trying to commit instructions in the ROB.
   7000: system.cpu.commit: [tid:0] ROB has 0 insts & 918 free entries.
   7000: system.cpu: Scheduling next tick!
   8000: system.cpu: 

O3CPU: Ticking main, O3CPU.
   8000: system.cpu.fetch: Running stage.
   8000: system.cpu.fetch: There are no more threads available to fetch from.
   8000: system.cpu.fetch: [tid:0] Fetch is waiting cache response!
   8000: system.cpu.decode: Processing [tid:0]
   8000: system.cpu.decode: [tid:0] Not blocked, so attempting to run stage.
   8000: system.cpu.decode: [tid:0] Nothing to do, breaking out early.
   8000: system.cpu.rename: Processing [tid:0]
   8000: system.cpu.rename: [tid:0] Free IQ: 559, Free ROB: 918, Free LQ: 132, Free SQ: 72, FreeRM 127(879 870 917 1834 127 8 4585)
   8000: system.cpu.rename: [tid:0] 0 instructions not yet in ROB
   8000: system.cpu.rename: calcFreeLQEntries: free lqEntries: 132, loadsInProgress: 0, loads dispatchedToLQ: 0
   8000: system.cpu.rename: [tid:0] Not blocked, so attempting to run stage.
   8000: system.cpu.rename: [tid:0] Nothing to do, breaking out early.
   8000: system.cpu.iew: Issue: Processing [tid:0]
   8000: system.cpu.iew: [tid:0] Not blocked, so attempting to run dispatch.
   8000: system.cpu.iq: Attempting to schedule ready instructions from the IQ.
   8000: system.cpu.iq: Not able to schedule any instructions.
   8000: system.cpu.iew: Processing [tid:0]
   8000: system.cpu.iew: [tid:0], Dispatch dispatched 0 instructions.
   8000: system.cpu.iew.lsq.thread0: SQ size: 72, #stores occupied: 0
   8000: system.cpu.iew.lsq.thread0: LQ size: 132, #loads occupied: 0
   8000: system.cpu.iew: IQ has 559 free entries (Can schedule: 0).  LQ has 132 free entries. SQ has 72 free entries.
   8000: system.cpu.commit: Getting instructions from Rename stage.
   8000: system.cpu.commit: Trying to commit instructions in the ROB.
   8000: system.cpu.commit: [tid:0] ROB has 0 insts & 918 free entries.
   8000: system.cpu: Scheduling next tick!
   9000: system.cpu: 

O3CPU: Ticking main, O3CPU.
   9000: system.cpu.fetch: Running stage.
   9000: system.cpu.fetch: There are no more threads available to fetch from.
   9000: system.cpu.fetch: [tid:0] Fetch is waiting cache response!
   9000: system.cpu.decode: Processing [tid:0]
   9000: system.cpu.decode: [tid:0] Not blocked, so attempting to run stage.
   9000: system.cpu.decode: [tid:0] Nothing to do, breaking out early.
   9000: system.cpu.rename: Processing [tid:0]
   9000: system.cpu.rename: [tid:0] Free IQ: 559, Free ROB: 918, Free LQ: 132, Free SQ: 72, FreeRM 127(879 870 917 1834 127 8 4585)
   9000: system.cpu.rename: [tid:0] 0 instructions not yet in ROB
   9000: system.cpu.rename: calcFreeLQEntries: free lqEntries: 132, loadsInProgress: 0, loads dispatchedToLQ: 0
   9000: system.cpu.rename: [tid:0] Not blocked, so attempting to run stage.
   9000: system.cpu.rename: [tid:0] Nothing to do, breaking out early.
   9000: system.cpu.iew: Issue: Processing [tid:0]
   9000: system.cpu.iew: [tid:0] Not blocked, so attempting to run dispatch.
   9000: system.cpu.iq: Attempting to schedule ready instructions from the IQ.
   9000: system.cpu.iq: Not able to schedule any instructions.
   9000: system.cpu.iew: Processing [tid:0]
   9000: system.cpu.iew: [tid:0], Dispatch dispatched 0 instructions.
   9000: system.cpu.iew.lsq.thread0: SQ size: 72, #stores occupied: 0
   9000: system.cpu.iew.lsq.thread0: LQ size: 132, #loads occupied: 0
   9000: system.cpu.iew: IQ has 559 free entries (Can schedule: 0).  LQ has 132 free entries. SQ has 72 free entries.
   9000: system.cpu.commit: Getting instructions from Rename stage.
   9000: system.cpu.commit: Trying to commit instructions in the ROB.
   9000: system.cpu.commit: [tid:0] ROB has 0 insts & 918 free entries.
   9000: system.cpu: Scheduling next tick!
  10000: system.cpu: 

O3CPU: Ticking main, O3CPU.
  10000: system.cpu.fetch: Running stage.
  10000: system.cpu.fetch: There are no more threads available to fetch from.
  10000: system.cpu.fetch: [tid:0] Fetch is waiting cache response!
  10000: system.cpu.decode: Processing [tid:0]
  10000: system.cpu.decode: [tid:0] Not blocked, so attempting to run stage.
  10000: system.cpu.decode: [tid:0] Nothing to do, breaking out early.
  10000: system.cpu.rename: Processing [tid:0]
  10000: system.cpu.rename: [tid:0] Free IQ: 559, Free ROB: 918, Free LQ: 132, Free SQ: 72, FreeRM 127(879 870 917 1834 127 8 4585)
  10000: system.cpu.rename: [tid:0] 0 instructions not yet in ROB
  10000: system.cpu.rename: calcFreeLQEntries: free lqEntries: 132, loadsInProgress: 0, loads dispatchedToLQ: 0
  10000: system.cpu.rename: [tid:0] Not blocked, so attempting to run stage.
  10000: system.cpu.rename: [tid:0] Nothing to do, breaking out early.
  10000: system.cpu.iew: Issue: Processing [tid:0]
  10000: system.cpu.iew: [tid:0] Not blocked, so attempting to run dispatch.
  10000: system.cpu.iq: Attempting to schedule ready instructions from the IQ.
  10000: system.cpu.iq: Not able to schedule any instructions.
  10000: system.cpu.iew: Processing [tid:0]
  10000: system.cpu.iew: [tid:0], Dispatch dispatched 0 instructions.
  10000: system.cpu.iew.lsq.thread0: SQ size: 72, #stores occupied: 0
  10000: system.cpu.iew.lsq.thread0: LQ size: 132, #loads occupied: 0
  10000: system.cpu.iew: IQ has 559 free entries (Can schedule: 0).  LQ has 132 free entries. SQ has 72 free entries.
  10000: system.cpu.commit: Getting instructions from Rename stage.
  10000: system.cpu.commit: Trying to commit instructions in the ROB.
  10000: system.cpu.commit: [tid:0] ROB has 0 insts & 918 free entries.
  10000: system.cpu: Activity: 1
  10000: system.cpu: Scheduling next tick!
  11000: system.cpu: 

O3CPU: Ticking main, O3CPU.
  11000: system.cpu.fetch: Running stage.
  11000: system.cpu.fetch: There are no more threads available to fetch from.
  11000: system.cpu.fetch: [tid:0] Fetch is waiting cache response!
  11000: system.cpu.decode: Processing [tid:0]
  11000: system.cpu.decode: [tid:0] Not blocked, so attempting to run stage.
  11000: system.cpu.decode: [tid:0] Nothing to do, breaking out early.
  11000: system.cpu.rename: Processing [tid:0]
  11000: system.cpu.rename: [tid:0] Free IQ: 559, Free ROB: 918, Free LQ: 132, Free SQ: 72, FreeRM 127(879 870 917 1834 127 8 4585)
  11000: system.cpu.rename: [tid:0] 0 instructions not yet in ROB
  11000: system.cpu.rename: calcFreeLQEntries: free lqEntries: 132, loadsInProgress: 0, loads dispatchedToLQ: 0
  11000: system.cpu.rename: [tid:0] Not blocked, so attempting to run stage.
  11000: system.cpu.rename: [tid:0] Nothing to do, breaking out early.
  11000: system.cpu.iew: Issue: Processing [tid:0]
  11000: system.cpu.iew: [tid:0] Not blocked, so attempting to run dispatch.
  11000: system.cpu.iq: Attempting to schedule ready instructions from the IQ.
  11000: system.cpu.iq: Not able to schedule any instructions.
  11000: system.cpu.iew: Processing [tid:0]
  11000: system.cpu.iew: [tid:0], Dispatch dispatched 0 instructions.
  11000: system.cpu.iew.lsq.thread0: SQ size: 72, #stores occupied: 0
  11000: system.cpu.iew.lsq.thread0: LQ size: 132, #loads occupied: 0
  11000: system.cpu.iew: IQ has 559 free entries (Can schedule: 0).  LQ has 132 free entries. SQ has 72 free entries.
  11000: system.cpu.commit: Getting instructions from Rename stage.
  11000: system.cpu.commit: Trying to commit instructions in the ROB.
  11000: system.cpu.commit: [tid:0] ROB has 0 insts & 918 free entries.
  11000: system.cpu: Activity: 0
  11000: system.cpu: No activity left!
  11000: system.cpu: Idle!
  86000: system.cpu.icache_port: Fetch unit received timing
  86000: system.cpu.fetch: [tid:0] Waking up from cache miss.
  86001: system.cpu.icache_port: Fetch unit received timing
  86001: system.cpu.fetch: [tid:0] Waking up from cache miss.
  86001: system.cpu: Waking up CPU
  86001: system.cpu.fetch: [tid:0] Activating fetch due to cache completion
  86001: system.cpu.fetch: Activating stage.
  86001: system.cpu: Activity: 1
  87000: system.cpu: 

O3CPU: Ticking main, O3CPU.
  87000: system.cpu.fetch: Running stage.
  87000: system.cpu.fetch: Attempting to fetch from [tid:0]
  87000: system.cpu.fetch: [tid:0] Icache miss is complete.
  87000: system.cpu.fetch: [tid:0] Adding instructions to queue to decode.
  87000: system.cpu.decoder: Decode: Decoded sub instruction: 
{
	leg = 0,
	rex = 0x48,
	vex/xop = 0,
	op = {
		type = one byte,
		op = 0x83,
		},
	modRM = 0xec,
	sib = 0,
	immediate = 0x10,
	displacement = 0
	dispSize = 0}

  87000: global: DynInst: [sn:1] Instruction created. Instcount for system.cpu = 1
  87000: system.cpu.fetch: [tid:0] Instruction PC (0x401000=>0x401004).(0=>1) created [sn:1].
  87000: system.cpu.fetch: [tid:0] Instruction is:   SUB_R_I : limm   t1, 0x10
  87000: system.cpu.fetch: [tid:0] Fetch queue entry created (1/128).
  87000: global: DynInst: [sn:2] Instruction created. Instcount for system.cpu = 2
  87000: system.cpu.fetch: [tid:0] Instruction PC (0x401000=>0x401004).(1=>2) created [sn:2].
  87000: system.cpu.fetch: [tid:0] Instruction is:   SUB_R_I : sub   rsp, rsp, t1
  87000: system.cpu.fetch: [tid:0] Fetch queue entry created (2/128).
  87000: system.cpu.decoder: Decode: Decoded mov instruction: 
{
	leg = 0,
	rex = 0,
	vex/xop = 0,
	op = {
		type = one byte,
		op = 0xc7,
		},
	modRM = 0x4,
	sib = 0x24,
	immediate = 0x5,
	displacement = 0
	dispSize = 0}

  87000: global: DynInst: [sn:3] Instruction created. Instcount for system.cpu = 3
  87000: system.cpu.fetch: [tid:0] Instruction PC (0x401004=>0x40100b).(0=>1) created [sn:3].
  87000: system.cpu.fetch: [tid:0] Instruction is:   MOV_M_I : limm   t1d, 0x5
  87000: system.cpu.fetch: [tid:0] Fetch queue entry created (3/128).
  87000: global: DynInst: [sn:4] Instruction created. Instcount for system.cpu = 4
  87000: system.cpu.fetch: [tid:0] Instruction PC (0x401004=>0x40100b).(1=>2) created [sn:4].
  87000: system.cpu.fetch: [tid:0] Instruction is:   MOV_M_I : st   t1d, SS:[t0 + rsp]
  87000: system.cpu.fetch: [tid:0] Fetch queue entry created (4/128).
  87000: system.cpu.decoder: Decode: Decoded mov instruction: 
{
	leg = 0,
	rex = 0,
	vex/xop = 0,
	op = {
		type = one byte,
		op = 0xc7,
		},
	modRM = 0x44,
	sib = 0x24,
	immediate = 0xa,
	displacement = 0x4
	dispSize = 1}

  87000: global: DynInst: [sn:5] Instruction created. Instcount for system.cpu = 5
  87000: system.cpu.fetch: [tid:0] Instruction PC (0x40100b=>0x401013).(0=>1) created [sn:5].
  87000: system.cpu.fetch: [tid:0] Instruction is:   MOV_M_I : limm   t1d, 0xa
  87000: system.cpu.fetch: [tid:0] Fetch queue entry created (5/128).
  87000: global: DynInst: [sn:6] Instruction created. Instcount for system.cpu = 6
  87000: system.cpu.fetch: [tid:0] Instruction PC (0x40100b=>0x401013).(1=>2) created [sn:6].
  87000: system.cpu.fetch: [tid:0] Instruction is:   MOV_M_I : st   t1d, SS:[t0 + rsp + 0x4]
  87000: system.cpu.fetch: [tid:0] Fetch queue entry created (6/128).
  87000: system.cpu.decoder: Decode: Decoded mov instruction: 
{
	leg = 0,
	rex = 0,
	vex/xop = 0,
	op = {
		type = one byte,
		op = 0xc7,
		},
	modRM = 0x44,
	sib = 0x24,
	immediate = 0xf,
	displacement = 0x8
	dispSize = 1}

  87000: global: DynInst: [sn:7] Instruction created. Instcount for system.cpu = 7
  87000: system.cpu.fetch: [tid:0] Instruction PC (0x401013=>0x40101b).(0=>1) created [sn:7].
  87000: system.cpu.fetch: [tid:0] Instruction is:   MOV_M_I : limm   t1d, 0xf
  87000: system.cpu.fetch: [tid:0] Fetch queue entry created (7/128).
  87000: global: DynInst: [sn:8] Instruction created. Instcount for system.cpu = 8
  87000: system.cpu.fetch: [tid:0] Instruction PC (0x401013=>0x40101b).(1=>2) created [sn:8].
  87000: system.cpu.fetch: [tid:0] Instruction is:   MOV_M_I : st   t1d, SS:[t0 + rsp + 0x8]
  87000: system.cpu.fetch: [tid:0] Fetch queue entry created (8/128).
  87000: system.cpu.decoder: Decode: Decoded mov instruction: 
{
	leg = 0,
	rex = 0,
	vex/xop = 0,
	op = {
		type = one byte,
		op = 0xc7,
		},
	modRM = 0x44,
	sib = 0x24,
	immediate = 0x14,
	displacement = 0xc
	dispSize = 1}

  87000: global: DynInst: [sn:9] Instruction created. Instcount for system.cpu = 9
  87000: system.cpu.fetch: [tid:0] Instruction PC (0x40101b=>0x401023).(0=>1) created [sn:9].
  87000: system.cpu.fetch: [tid:0] Instruction is:   MOV_M_I : limm   t1d, 0x14
  87000: system.cpu.fetch: [tid:0] Fetch queue entry created (9/128).
  87000: global: DynInst: [sn:10] Instruction created. Instcount for system.cpu = 10
  87000: system.cpu.fetch: [tid:0] Instruction PC (0x40101b=>0x401023).(1=>2) created [sn:10].
  87000: system.cpu.fetch: [tid:0] Instruction is:   MOV_M_I : st   t1d, SS:[t0 + rsp + 0xc]
  87000: system.cpu.fetch: [tid:0] Fetch queue entry created (10/128).
  87000: system.cpu.fetch: [tid:0] Done fetching, reached fetch bandwidth for this cycle.
  87000: system.cpu.fetch: [tid:0] [sn:1] Sending instruction to decode from fetch queue. Fetch queue size: 10.
  87000: system.cpu.fetch: [tid:0] [sn:2] Sending instruction to decode from fetch queue. Fetch queue size: 9.
  87000: system.cpu.fetch: [tid:0] [sn:3] Sending instruction to decode from fetch queue. Fetch queue size: 8.
  87000: system.cpu.fetch: [tid:0] [sn:4] Sending instruction to decode from fetch queue. Fetch queue size: 7.
  87000: system.cpu.fetch: [tid:0] [sn:5] Sending instruction to decode from fetch queue. Fetch queue size: 6.
  87000: system.cpu.fetch: [tid:0] [sn:6] Sending instruction to decode from fetch queue. Fetch queue size: 5.
  87000: system.cpu.fetch: [tid:0] [sn:7] Sending instruction to decode from fetch queue. Fetch queue size: 4.
  87000: system.cpu.fetch: [tid:0] [sn:8] Sending instruction to decode from fetch queue. Fetch queue size: 3.
  87000: system.cpu.fetch: [tid:0] [sn:9] Sending instruction to decode from fetch queue. Fetch queue size: 2.
  87000: system.cpu.fetch: [tid:0] [sn:10] Sending instruction to decode from fetch queue. Fetch queue size: 1.
  87000: system.cpu.fetch: Activity this cycle.
  87000: system.cpu: Activity: 2
  87000: system.cpu.decode: Processing [tid:0]
  87000: system.cpu.decode: [tid:0] Not blocked, so attempting to run stage.
  87000: system.cpu.decode: [tid:0] Nothing to do, breaking out early.
  87000: system.cpu.rename: Processing [tid:0]
  87000: system.cpu.rename: [tid:0] Free IQ: 559, Free ROB: 918, Free LQ: 132, Free SQ: 72, FreeRM 127(879 870 917 1834 127 8 4585)
  87000: system.cpu.rename: [tid:0] 0 instructions not yet in ROB
  87000: system.cpu.rename: calcFreeLQEntries: free lqEntries: 132, loadsInProgress: 0, loads dispatchedToLQ: 0
  87000: system.cpu.rename: [tid:0] Not blocked, so attempting to run stage.
  87000: system.cpu.rename: [tid:0] Nothing to do, breaking out early.
  87000: system.cpu.iew: Issue: Processing [tid:0]
  87000: system.cpu.iew: [tid:0] Not blocked, so attempting to run dispatch.
  87000: system.cpu.iq: Attempting to schedule ready instructions from the IQ.
  87000: system.cpu.iq: Not able to schedule any instructions.
  87000: system.cpu.iew: Processing [tid:0]
  87000: system.cpu.iew: [tid:0], Dispatch dispatched 0 instructions.
  87000: system.cpu.iew.lsq.thread0: SQ size: 72, #stores occupied: 0
  87000: system.cpu.iew.lsq.thread0: LQ size: 132, #loads occupied: 0
  87000: system.cpu.iew: IQ has 559 free entries (Can schedule: 0).  LQ has 132 free entries. SQ has 72 free entries.
  87000: system.cpu.commit: Getting instructions from Rename stage.
  87000: system.cpu.commit: Trying to commit instructions in the ROB.
  87000: system.cpu.commit: [tid:0] ROB has 0 insts & 918 free entries.
  87000: system.cpu: Scheduling next tick!
  88000: system.cpu: 

O3CPU: Ticking main, O3CPU.
  88000: system.cpu.fetch: Running stage.
  88000: system.cpu.fetch: Attempting to fetch from [tid:0]
  88000: system.cpu.fetch: [tid:0] Adding instructions to queue to decode.
  88000: system.cpu.decoder: Decode: Decoded mov instruction: 
{
	leg = 0,
	rex = 0,
	vex/xop = 0,
	op = {
		type = one byte,
		op = 0x8b,
		},
	modRM = 0x4,
	sib = 0x24,
	immediate = 0,
	displacement = 0
	dispSize = 0}

  88000: global: DynInst: [sn:11] Instruction created. Instcount for system.cpu = 11
  88000: system.cpu.fetch: [tid:0] Instruction PC (0x401023=>0x401026).(0=>1) created [sn:11].
  88000: system.cpu.fetch: [tid:0] Instruction is:   MOV_R_M : ld   eax, SS:[t0 + rsp]
  88000: system.cpu.fetch: [tid:0] Fetch queue entry created (1/128).
  88000: system.cpu.decoder: Decode: Decoded mov instruction: 
{
	leg = 0,
	rex = 0,
	vex/xop = 0,
	op = {
		type = one byte,
		op = 0x8b,
		},
	modRM = 0x74,
	sib = 0x24,
	immediate = 0,
	displacement = 0x4
	dispSize = 1}

  88000: global: DynInst: [sn:12] Instruction created. Instcount for system.cpu = 12
  88000: system.cpu.fetch: [tid:0] Instruction PC (0x401026=>0x40102a).(0=>1) created [sn:12].
  88000: system.cpu.fetch: [tid:0] Instruction is:   MOV_R_M : ld   esi, SS:[t0 + rsp + 0x4]
  88000: system.cpu.fetch: [tid:0] Fetch queue entry created (2/128).
  88000: system.cpu.decoder: Decode: Decoded mov instruction: 
{
	leg = 0,
	rex = 0,
	vex/xop = 0,
	op = {
		type = one byte,
		op = 0x8b,
		},
	modRM = 0x4c,
	sib = 0x24,
	immediate = 0,
	displacement = 0x8
	dispSize = 1}

  88000: global: DynInst: [sn:13] Instruction created. Instcount for system.cpu = 13
  88000: system.cpu.fetch: [tid:0] Instruction PC (0x40102a=>0x40102e).(0=>1) created [sn:13].
  88000: system.cpu.fetch: [tid:0] Instruction is:   MOV_R_M : ld   ecx, SS:[t0 + rsp + 0x8]
  88000: system.cpu.fetch: [tid:0] Fetch queue entry created (3/128).
  88000: system.cpu.decoder: Decode: Decoded mov instruction: 
{
	leg = 0,
	rex = 0,
	vex/xop = 0,
	op = {
		type = one byte,
		op = 0x8b,
		},
	modRM = 0x54,
	sib = 0x24,
	immediate = 0,
	displacement = 0xc
	dispSize = 1}

  88000: global: DynInst: [sn:14] Instruction created. Instcount for system.cpu = 14
  88000: system.cpu.fetch: [tid:0] Instruction PC (0x40102e=>0x401032).(0=>1) created [sn:14].
  88000: system.cpu.fetch: [tid:0] Instruction is:   MOV_R_M : ld   edx, SS:[t0 + rsp + 0xc]
  88000: system.cpu.fetch: [tid:0] Fetch queue entry created (4/128).
  88000: system.cpu.decoder: Decode: Decoded add instruction: 
{
	leg = 0,
	rex = 0,
	vex/xop = 0,
	op = {
		type = one byte,
		op = 0x1,
		},
	modRM = 0xc6,
	sib = 0,
	immediate = 0,
	displacement = 0
	dispSize = 0}

  88000: global: DynInst: [sn:15] Instruction created. Instcount for system.cpu = 15
  88000: system.cpu.fetch: [tid:0] Instruction PC (0x401032=>0x401034).(0=>1) created [sn:15].
  88000: system.cpu.fetch: [tid:0] Instruction is:   ADD_R_R : add   esi, esi, eax
  88000: system.cpu.fetch: [tid:0] Fetch queue entry created (5/128).
  88000: system.cpu.decoder: Decode: Decoded add instruction: 
{
	leg = 0,
	rex = 0,
	vex/xop = 0,
	op = {
		type = one byte,
		op = 0x1,
		},
	modRM = 0xca,
	sib = 0,
	immediate = 0,
	displacement = 0
	dispSize = 0}

  88000: global: DynInst: [sn:16] Instruction created. Instcount for system.cpu = 16
  88000: system.cpu.fetch: [tid:0] Instruction PC (0x401034=>0x401036).(0=>1) created [sn:16].
  88000: system.cpu.fetch: [tid:0] Instruction is:   ADD_R_R : add   edx, edx, ecx
  88000: system.cpu.fetch: [tid:0] Fetch queue entry created (6/128).
  88000: system.cpu.decoder: Decode: Decoded sub instruction: 
{
	leg = 0,
	rex = 0,
	vex/xop = 0,
	op = {
		type = one byte,
		op = 0x29,
		},
	modRM = 0xf2,
	sib = 0,
	immediate = 0,
	displacement = 0
	dispSize = 0}

  88000: global: DynInst: [sn:17] Instruction created. Instcount for system.cpu = 17
  88000: system.cpu.fetch: [tid:0] Instruction PC (0x401036=>0x401038).(0=>1) created [sn:17].
  88000: system.cpu.fetch: [tid:0] Instruction is:   SUB_R_R : sub   edx, edx, esi
  88000: system.cpu.fetch: [tid:0] Fetch queue entry created (7/128).
  88000: system.cpu.decoder: Decode: Decoded add instruction: 
{
	leg = 0,
	rex = 0x48,
	vex/xop = 0,
	op = {
		type = one byte,
		op = 0x83,
		},
	modRM = 0xc4,
	sib = 0,
	immediate = 0x10,
	displacement = 0
	dispSize = 0}

  88000: global: DynInst: [sn:18] Instruction created. Instcount for system.cpu = 18
  88000: system.cpu.fetch: [tid:0] Instruction PC (0x401038=>0x40103c).(0=>1) created [sn:18].
  88000: system.cpu.fetch: [tid:0] Instruction is:   ADD_R_I : limm   t1, 0x10
  88000: system.cpu.fetch: [tid:0] Fetch queue entry created (8/128).
  88000: global: DynInst: [sn:19] Instruction created. Instcount for system.cpu = 19
  88000: system.cpu.fetch: [tid:0] Instruction PC (0x401038=>0x40103c).(1=>2) created [sn:19].
  88000: system.cpu.fetch: [tid:0] Instruction is:   ADD_R_I : add   rsp, rsp, t1
  88000: system.cpu.fetch: [tid:0] Fetch queue entry created (9/128).
  88000: system.cpu.decoder: Decode: Decoded mov instruction: 
{
	leg = 0,
	rex = 0,
	vex/xop = 0,
	op = {
		type = one byte,
		op = 0x89,
		},
	modRM = 0xd7,
	sib = 0,
	immediate = 0,
	displacement = 0
	dispSize = 0}

  88000: global: DynInst: [sn:20] Instruction created. Instcount for system.cpu = 20
  88000: system.cpu.fetch: [tid:0] Instruction PC (0x40103c=>0x40103e).(0=>1) created [sn:20].
  88000: system.cpu.fetch: [tid:0] Instruction is:   MOV_R_R : mov   edi, edi, edx
  88000: system.cpu.fetch: [tid:0] Fetch queue entry created (10/128).
  88000: system.cpu.fetch: [tid:0] Done fetching, reached fetch bandwidth for this cycle.
  88000: system.cpu.fetch: [tid:0] [sn:11] Sending instruction to decode from fetch queue. Fetch queue size: 10.
  88000: system.cpu.fetch: [tid:0] [sn:12] Sending instruction to decode from fetch queue. Fetch queue size: 9.
  88000: system.cpu.fetch: [tid:0] [sn:13] Sending instruction to decode from fetch queue. Fetch queue size: 8.
  88000: system.cpu.fetch: [tid:0] [sn:14] Sending instruction to decode from fetch queue. Fetch queue size: 7.
  88000: system.cpu.fetch: [tid:0] [sn:15] Sending instruction to decode from fetch queue. Fetch queue size: 6.
  88000: system.cpu.fetch: [tid:0] [sn:16] Sending instruction to decode from fetch queue. Fetch queue size: 5.
  88000: system.cpu.fetch: [tid:0] [sn:17] Sending instruction to decode from fetch queue. Fetch queue size: 4.
  88000: system.cpu.fetch: [tid:0] [sn:18] Sending instruction to decode from fetch queue. Fetch queue size: 3.
  88000: system.cpu.fetch: [tid:0] [sn:19] Sending instruction to decode from fetch queue. Fetch queue size: 2.
  88000: system.cpu.fetch: [tid:0] [sn:20] Sending instruction to decode from fetch queue. Fetch queue size: 1.
  88000: system.cpu.fetch: Activity this cycle.
  88000: system.cpu: Activity: 3
  88000: system.cpu.decode: Processing [tid:0]
  88000: system.cpu.decode: [tid:0] Not blocked, so attempting to run stage.
  88000: system.cpu.decode: [tid:0] Sending instruction to rename.
  88000: system.cpu.decode: [tid:0] Processing instruction [sn:1] with PC (0x401000=>0x401004).(0=>1)
  88000: system.cpu.decode: [tid:0] Processing instruction [sn:2] with PC (0x401000=>0x401004).(1=>2)
  88000: system.cpu.decode: [tid:0] Processing instruction [sn:3] with PC (0x401004=>0x40100b).(0=>1)
  88000: system.cpu.decode: [tid:0] Processing instruction [sn:4] with PC (0x401004=>0x40100b).(1=>2)
  88000: system.cpu.decode: [tid:0] Processing instruction [sn:5] with PC (0x40100b=>0x401013).(0=>1)
  88000: system.cpu.decode: [tid:0] Processing instruction [sn:6] with PC (0x40100b=>0x401013).(1=>2)
  88000: system.cpu.decode: [tid:0] Processing instruction [sn:7] with PC (0x401013=>0x40101b).(0=>1)
  88000: system.cpu.decode: [tid:0] Processing instruction [sn:8] with PC (0x401013=>0x40101b).(1=>2)
  88000: system.cpu.decode: [tid:0] Processing instruction [sn:9] with PC (0x40101b=>0x401023).(0=>1)
  88000: system.cpu.decode: [tid:0] Processing instruction [sn:10] with PC (0x40101b=>0x401023).(1=>2)
  88000: system.cpu.decode: Activity this cycle.
  88000: system.cpu.rename: Processing [tid:0]
  88000: system.cpu.rename: [tid:0] Free IQ: 559, Free ROB: 918, Free LQ: 132, Free SQ: 72, FreeRM 127(879 870 917 1834 127 8 4585)
  88000: system.cpu.rename: [tid:0] 0 instructions not yet in ROB
  88000: system.cpu.rename: calcFreeLQEntries: free lqEntries: 132, loadsInProgress: 0, loads dispatchedToLQ: 0
  88000: system.cpu.rename: [tid:0] Not blocked, so attempting to run stage.
  88000: system.cpu.rename: [tid:0] Nothing to do, breaking out early.
  88000: system.cpu.iew: Issue: Processing [tid:0]
  88000: system.cpu.iew: [tid:0] Not blocked, so attempting to run dispatch.
  88000: system.cpu.iq: Attempting to schedule ready instructions from the IQ.
  88000: system.cpu.iq: Not able to schedule any instructions.
  88000: system.cpu.iew: Processing [tid:0]
  88000: system.cpu.iew: [tid:0], Dispatch dispatched 0 instructions.
  88000: system.cpu.iew.lsq.thread0: SQ size: 72, #stores occupied: 0
  88000: system.cpu.iew.lsq.thread0: LQ size: 132, #loads occupied: 0
  88000: system.cpu.iew: IQ has 559 free entries (Can schedule: 0).  LQ has 132 free entries. SQ has 72 free entries.
  88000: system.cpu.commit: Getting instructions from Rename stage.
  88000: system.cpu.commit: Trying to commit instructions in the ROB.
  88000: system.cpu.commit: [tid:0] ROB has 0 insts & 918 free entries.
  88000: system.cpu: Scheduling next tick!
  89000: system.cpu: 

O3CPU: Ticking main, O3CPU.
  89000: system.cpu.fetch: Running stage.
  89000: system.cpu.fetch: Attempting to fetch from [tid:0]
  89000: system.cpu.fetch: [tid:0] Adding instructions to queue to decode.
  89000: system.cpu.fetch: [tid:0] Issuing a pipelined I-cache access, starting at PC (0x40103e=>0x401046).(0=>1).
  89000: system.cpu.fetch: [tid:0] Fetching cache line 0x401040 for addr 0x401040
  89000: system.cpu: CPU already running.
  89000: system.cpu.fetch: Fetch: Doing instruction read.
  89000: system.cpu.fetch: [tid:0] Doing Icache access.
  89000: system.cpu.fetch: [tid:0] Activity: Waiting on I-cache response.
  89000: system.cpu.fetch: Deactivating stage.
  89000: system.cpu: Activity: 2
  89000: system.cpu.decode: Processing [tid:0]
  89000: system.cpu.decode: [tid:0] Not blocked, so attempting to run stage.
  89000: system.cpu.decode: [tid:0] Sending instruction to rename.
  89000: system.cpu.decode: [tid:0] Processing instruction [sn:11] with PC (0x401023=>0x401026).(0=>1)
  89000: system.cpu.decode: [tid:0] Processing instruction [sn:12] with PC (0x401026=>0x40102a).(0=>1)
  89000: system.cpu.decode: [tid:0] Processing instruction [sn:13] with PC (0x40102a=>0x40102e).(0=>1)
  89000: system.cpu.decode: [tid:0] Processing instruction [sn:14] with PC (0x40102e=>0x401032).(0=>1)
  89000: system.cpu.decode: [tid:0] Processing instruction [sn:15] with PC (0x401032=>0x401034).(0=>1)
  89000: system.cpu.decode: [tid:0] Processing instruction [sn:16] with PC (0x401034=>0x401036).(0=>1)
  89000: system.cpu.decode: [tid:0] Processing instruction [sn:17] with PC (0x401036=>0x401038).(0=>1)
  89000: system.cpu.decode: [tid:0] Processing instruction [sn:18] with PC (0x401038=>0x40103c).(0=>1)
  89000: system.cpu.decode: [tid:0] Processing instruction [sn:19] with PC (0x401038=>0x40103c).(1=>2)
  89000: system.cpu.decode: [tid:0] Processing instruction [sn:20] with PC (0x40103c=>0x40103e).(0=>1)
  89000: system.cpu.decode: Activity this cycle.
  89000: system.cpu: Activity: 3
  89000: system.cpu.rename: Processing [tid:0]
  89000: system.cpu.rename: [tid:0] Free IQ: 559, Free ROB: 918, Free LQ: 132, Free SQ: 72, FreeRM 127(879 870 917 1834 127 8 4585)
  89000: system.cpu.rename: [tid:0] 0 instructions not yet in ROB
  89000: system.cpu.rename: calcFreeLQEntries: free lqEntries: 132, loadsInProgress: 0, loads dispatchedToLQ: 0
  89000: system.cpu.rename: [tid:0] Not blocked, so attempting to run stage.
  89000: system.cpu.rename: [tid:0] 10 available instructions to send iew.
  89000: system.cpu.rename: [tid:0] 0 insts pipelining from Rename | 0 insts dispatched to IQ last cycle.
  89000: system.cpu.rename: [tid:0] Sending instructions to IEW.
  89000: system.cpu.rename: [tid:0] Processing instruction [sn:1] with PC (0x401000=>0x401004).(0=>1).
  89000: global: Renamed reg t1 (17) to physical reg 39 (39) old mapping was 17 (17)
  89000: system.cpu.rename: [tid:0] Renaming arch reg 17 (integer) to physical reg 39 (39).
  89000: system.cpu.rename: [tid:0] Sending instructions to IEW.
  89000: system.cpu.rename: [tid:0] Processing instruction [sn:2] with PC (0x401000=>0x401004).(1=>2).
  89000: system.cpu.rename: [tid:0] Looking up integer arch reg 4, got phys reg 4 (integer) (bypassed: no)
  89000: system.cpu.rename: [tid:0] Register 4 (flat: 4) (integer) is ready.
  89000: global: [sn:2] has 1 ready out of 7 sources. RTI 0)
  89000: system.cpu.rename: [tid:0] Looking up integer arch reg 17, got phys reg 39 (integer) (bypassed: no)
  89000: system.cpu.rename: [tid:0] Register 39 (flat: 39) (integer) is not ready.
  89000: system.cpu.rename: [tid:0] Looking up invalid arch reg 0, got phys reg 4294967295 (invalid) (bypassed: no)
  89000: system.cpu.rename: [tid:0] Register 4294967295 (flat: 4294967295) (invalid) is ready.
  89000: global: [sn:2] has 2 ready out of 7 sources. RTI 0)
  89000: system.cpu.rename: [tid:0] Looking up invalid arch reg 0, got phys reg 4294967295 (invalid) (bypassed: no)
  89000: system.cpu.rename: [tid:0] Register 4294967295 (flat: 4294967295) (invalid) is ready.
  89000: global: [sn:2] has 3 ready out of 7 sources. RTI 0)
  89000: system.cpu.rename: [tid:0] Looking up invalid arch reg 0, got phys reg 4294967295 (invalid) (bypassed: no)
  89000: system.cpu.rename: [tid:0] Register 4294967295 (flat: 4294967295) (invalid) is ready.
  89000: global: [sn:2] has 4 ready out of 7 sources. RTI 0)
  89000: system.cpu.rename: [tid:0] Looking up invalid arch reg 0, got phys reg 4294967295 (invalid) (bypassed: no)
  89000: system.cpu.rename: [tid:0] Register 4294967295 (flat: 4294967295) (invalid) is ready.
  89000: global: [sn:2] has 5 ready out of 7 sources. RTI 0)
  89000: system.cpu.rename: [tid:0] Looking up invalid arch reg 0, got phys reg 4294967295 (invalid) (bypassed: no)
  89000: system.cpu.rename: [tid:0] Register 4294967295 (flat: 4294967295) (invalid) is ready.
  89000: global: [sn:2] has 6 ready out of 7 sources. RTI 0)
  89000: global: Renamed reg rsp (4) to physical reg 40 (40) old mapping was 4 (4)
  89000: system.cpu.rename: [tid:0] Renaming arch reg 4 (integer) to physical reg 40 (40).
  89000: global: Renamed reg condition_code[0] (0) to physical reg 4731 (4731) old mapping was 4726 (4726)
  89000: system.cpu.rename: [tid:0] Renaming arch reg 0 (condition_code) to physical reg 5 (4731).
  89000: global: Renamed reg condition_code[1] (1) to physical reg 4732 (4732) old mapping was 4727 (4727)
  89000: system.cpu.rename: [tid:0] Renaming arch reg 1 (condition_code) to physical reg 6 (4732).
  89000: system.cpu.rename: [tid:0] Renaming arch reg 0 (invalid) to physical reg 4294967295 (4294967295).
  89000: system.cpu.rename: [tid:0] Renaming arch reg 0 (invalid) to physical reg 4294967295 (4294967295).
  89000: system.cpu.rename: [tid:0] Renaming arch reg 0 (invalid) to physical reg 4294967295 (4294967295).
  89000: system.cpu.rename: [tid:0] Sending instructions to IEW.
  89000: system.cpu.rename: [tid:0] Processing instruction [sn:3] with PC (0x401004=>0x40100b).(0=>1).
  89000: global: Renamed reg t1 (17) to physical reg 41 (41) old mapping was 39 (39)
  89000: system.cpu.rename: [tid:0] Renaming arch reg 17 (integer) to physical reg 41 (41).
  89000: system.cpu.rename: [tid:0] Sending instructions to IEW.
  89000: system.cpu.rename: calcFreeSQEntries: free sqEntries: 72, storesInProgress: 0, stores dispatchedToSQ: 0
  89000: system.cpu.rename: [tid:0] Processing instruction [sn:4] with PC (0x401004=>0x40100b).(1=>2).
  89000: system.cpu.rename: [tid:0] Looking up invalid arch reg 0, got phys reg 4294967295 (invalid) (bypassed: no)
  89000: system.cpu.rename: [tid:0] Register 4294967295 (flat: 4294967295) (invalid) is ready.
  89000: global: [sn:4] has 1 ready out of 4 sources. RTI 0)
  89000: system.cpu.rename: [tid:0] Looking up integer arch reg 4, got phys reg 40 (integer) (bypassed: no)
  89000: system.cpu.rename: [tid:0] Register 40 (flat: 40) (integer) is not ready.
  89000: system.cpu.rename: [tid:0] Looking up integer arch reg 17, got phys reg 41 (integer) (bypassed: no)
  89000: system.cpu.rename: [tid:0] Register 41 (flat: 41) (integer) is not ready.
  89000: system.cpu.rename: [tid:0] Looking up miscellaneous arch reg 154, got phys reg 154 (miscellaneous) (bypassed: no)
  89000: system.cpu.rename: [tid:0] Register 154 (flat: 0) (miscellaneous) is ready.
  89000: global: [sn:4] has 2 ready out of 4 sources. RTI 0)
  89000: system.cpu.rename: [tid:0] Sending instructions to IEW.
  89000: system.cpu.rename: [tid:0] Processing instruction [sn:5] with PC (0x40100b=>0x401013).(0=>1).
  89000: global: Renamed reg t1 (17) to physical reg 42 (42) old mapping was 41 (41)
  89000: system.cpu.rename: [tid:0] Renaming arch reg 17 (integer) to physical reg 42 (42).
  89000: system.cpu.rename: [tid:0] Sending instructions to IEW.
  89000: system.cpu.rename: calcFreeSQEntries: free sqEntries: 72, storesInProgress: 1, stores dispatchedToSQ: 0
  89000: system.cpu.rename: [tid:0] Processing instruction [sn:6] with PC (0x40100b=>0x401013).(1=>2).
  89000: system.cpu.rename: [tid:0] Looking up invalid arch reg 0, got phys reg 4294967295 (invalid) (bypassed: no)
  89000: system.cpu.rename: [tid:0] Register 4294967295 (flat: 4294967295) (invalid) is ready.
  89000: global: [sn:6] has 1 ready out of 4 sources. RTI 0)
  89000: system.cpu.rename: [tid:0] Looking up integer arch reg 4, got phys reg 40 (integer) (bypassed: no)
  89000: system.cpu.rename: [tid:0] Register 40 (flat: 40) (integer) is not ready.
  89000: system.cpu.rename: [tid:0] Looking up integer arch reg 17, got phys reg 42 (integer) (bypassed: no)
  89000: system.cpu.rename: [tid:0] Register 42 (flat: 42) (integer) is not ready.
  89000: system.cpu.rename: [tid:0] Looking up miscellaneous arch reg 154, got phys reg 154 (miscellaneous) (bypassed: no)
  89000: system.cpu.rename: [tid:0] Register 154 (flat: 0) (miscellaneous) is ready.
  89000: global: [sn:6] has 2 ready out of 4 sources. RTI 0)
  89000: system.cpu.rename: [tid:0] Sending instructions to IEW.
  89000: system.cpu.rename: [tid:0] Processing instruction [sn:7] with PC (0x401013=>0x40101b).(0=>1).
  89000: global: Renamed reg t1 (17) to physical reg 43 (43) old mapping was 42 (42)
  89000: system.cpu.rename: [tid:0] Renaming arch reg 17 (integer) to physical reg 43 (43).
  89000: system.cpu.rename: [tid:0] Sending instructions to IEW.
  89000: system.cpu.rename: calcFreeSQEntries: free sqEntries: 72, storesInProgress: 2, stores dispatchedToSQ: 0
  89000: system.cpu.rename: [tid:0] Processing instruction [sn:8] with PC (0x401013=>0x40101b).(1=>2).
  89000: system.cpu.rename: [tid:0] Looking up invalid arch reg 0, got phys reg 4294967295 (invalid) (bypassed: no)
  89000: system.cpu.rename: [tid:0] Register 4294967295 (flat: 4294967295) (invalid) is ready.
  89000: global: [sn:8] has 1 ready out of 4 sources. RTI 0)
  89000: system.cpu.rename: [tid:0] Looking up integer arch reg 4, got phys reg 40 (integer) (bypassed: no)
  89000: system.cpu.rename: [tid:0] Register 40 (flat: 40) (integer) is not ready.
  89000: system.cpu.rename: [tid:0] Looking up integer arch reg 17, got phys reg 43 (integer) (bypassed: no)
  89000: system.cpu.rename: [tid:0] Register 43 (flat: 43) (integer) is not ready.
  89000: system.cpu.rename: [tid:0] Looking up miscellaneous arch reg 154, got phys reg 154 (miscellaneous) (bypassed: no)
  89000: system.cpu.rename: [tid:0] Register 154 (flat: 0) (miscellaneous) is ready.
  89000: global: [sn:8] has 2 ready out of 4 sources. RTI 0)
  89000: system.cpu.rename: [tid:0] Sending instructions to IEW.
  89000: system.cpu.rename: [tid:0] Processing instruction [sn:9] with PC (0x40101b=>0x401023).(0=>1).
  89000: global: Renamed reg t1 (17) to physical reg 44 (44) old mapping was 43 (43)
  89000: system.cpu.rename: [tid:0] Renaming arch reg 17 (integer) to physical reg 44 (44).
  89000: system.cpu.rename: [tid:0] Sending instructions to IEW.
  89000: system.cpu.rename: calcFreeSQEntries: free sqEntries: 72, storesInProgress: 3, stores dispatchedToSQ: 0
  89000: system.cpu.rename: [tid:0] Processing instruction [sn:10] with PC (0x40101b=>0x401023).(1=>2).
  89000: system.cpu.rename: [tid:0] Looking up invalid arch reg 0, got phys reg 4294967295 (invalid) (bypassed: no)
  89000: system.cpu.rename: [tid:0] Register 4294967295 (flat: 4294967295) (invalid) is ready.
  89000: global: [sn:10] has 1 ready out of 4 sources. RTI 0)
  89000: system.cpu.rename: [tid:0] Looking up integer arch reg 4, got phys reg 40 (integer) (bypassed: no)
  89000: system.cpu.rename: [tid:0] Register 40 (flat: 40) (integer) is not ready.
  89000: system.cpu.rename: [tid:0] Looking up integer arch reg 17, got phys reg 44 (integer) (bypassed: no)
  89000: system.cpu.rename: [tid:0] Register 44 (flat: 44) (integer) is not ready.
  89000: system.cpu.rename: [tid:0] Looking up miscellaneous arch reg 154, got phys reg 154 (miscellaneous) (bypassed: no)
  89000: system.cpu.rename: [tid:0] Register 154 (flat: 0) (miscellaneous) is ready.
  89000: global: [sn:10] has 2 ready out of 4 sources. RTI 0)
  89000: system.cpu.rename: Activity this cycle.
  89000: system.cpu.iew: Issue: Processing [tid:0]
  89000: system.cpu.iew: [tid:0] Not blocked, so attempting to run dispatch.
  89000: system.cpu.iq: Attempting to schedule ready instructions from the IQ.
  89000: system.cpu.iq: Not able to schedule any instructions.
  89000: system.cpu.iew: Processing [tid:0]
  89000: system.cpu.iew: [tid:0], Dispatch dispatched 0 instructions.
  89000: system.cpu.iew.lsq.thread0: SQ size: 72, #stores occupied: 0
  89000: system.cpu.iew.lsq.thread0: LQ size: 132, #loads occupied: 0
  89000: system.cpu.iew: IQ has 559 free entries (Can schedule: 0).  LQ has 132 free entries. SQ has 72 free entries.
  89000: system.cpu.commit: Getting instructions from Rename stage.
  89000: system.cpu.commit: Trying to commit instructions in the ROB.
  89000: system.cpu.commit: [tid:0] ROB has 0 insts & 918 free entries.
  89000: system.cpu: Scheduling next tick!
  90000: system.cpu: 

O3CPU: Ticking main, O3CPU.
  90000: system.cpu.fetch: Running stage.
  90000: system.cpu.fetch: There are no more threads available to fetch from.
  90000: system.cpu.fetch: [tid:0] Fetch is waiting cache response!
  90000: system.cpu.decode: Processing [tid:0]
  90000: system.cpu.decode: [tid:0] Not blocked, so attempting to run stage.
  90000: system.cpu.decode: [tid:0] Nothing to do, breaking out early.
  90000: system.cpu.rename: Processing [tid:0]
  90000: system.cpu.rename: [tid:0] Free IQ: 559, Free ROB: 918, Free LQ: 132, Free SQ: 72, FreeRM 127(873 870 917 1834 127 8 4583)
  90000: system.cpu.rename: [tid:0] 10 instructions not yet in ROB
  90000: system.cpu.rename: calcFreeLQEntries: free lqEntries: 132, loadsInProgress: 0, loads dispatchedToLQ: 0
  90000: system.cpu.rename: [tid:0] Not blocked, so attempting to run stage.
  90000: system.cpu.rename: [tid:0] 10 available instructions to send iew.
  90000: system.cpu.rename: [tid:0] 10 insts pipelining from Rename | 0 insts dispatched to IQ last cycle.
  90000: system.cpu.rename: [tid:0] Sending instructions to IEW.
  90000: system.cpu.rename: calcFreeLQEntries: free lqEntries: 132, loadsInProgress: 0, loads dispatchedToLQ: 0
  90000: system.cpu.rename: [tid:0] Processing instruction [sn:11] with PC (0x401023=>0x401026).(0=>1).
  90000: system.cpu.rename: [tid:0] Looking up invalid arch reg 0, got phys reg 4294967295 (invalid) (bypassed: no)
  90000: system.cpu.rename: [tid:0] Register 4294967295 (flat: 4294967295) (invalid) is ready.
  90000: global: [sn:11] has 1 ready out of 3 sources. RTI 0)
  90000: system.cpu.rename: [tid:0] Looking up integer arch reg 4, got phys reg 40 (integer) (bypassed: no)
  90000: system.cpu.rename: [tid:0] Register 40 (flat: 40) (integer) is not ready.
  90000: system.cpu.rename: [tid:0] Looking up miscellaneous arch reg 154, got phys reg 154 (miscellaneous) (bypassed: no)
  90000: system.cpu.rename: [tid:0] Register 154 (flat: 0) (miscellaneous) is ready.
  90000: global: [sn:11] has 2 ready out of 3 sources. RTI 0)
  90000: global: Renamed reg rax (0) to physical reg 45 (45) old mapping was 0 (0)
  90000: system.cpu.rename: [tid:0] Querying SMB Predictor for load [sn:11] with PC (0x401023=>0x401026).(0=>1).
  90000: system.cpu.rename: [tid:0] SMB Predictor predicted store with sequence number 4 as source of load [sn:11].
  90000: system.cpu.rename: [tid:0] Bypassing load [sn:11] to store [sn:4] with physical reg 41 (41).
  90000: system.cpu.rename: [tid:0] Renaming arch reg 0 (integer) to physical reg 45 (45).
  90000: system.cpu.rename: [tid:0] Sending instructions to IEW.
  90000: system.cpu.rename: calcFreeLQEntries: free lqEntries: 132, loadsInProgress: 1, loads dispatchedToLQ: 0
  90000: system.cpu.rename: [tid:0] Processing instruction [sn:12] with PC (0x401026=>0x40102a).(0=>1).
  90000: system.cpu.rename: [tid:0] Looking up invalid arch reg 0, got phys reg 4294967295 (invalid) (bypassed: no)
  90000: system.cpu.rename: [tid:0] Register 4294967295 (flat: 4294967295) (invalid) is ready.
  90000: global: [sn:12] has 1 ready out of 3 sources. RTI 0)
  90000: system.cpu.rename: [tid:0] Looking up integer arch reg 4, got phys reg 40 (integer) (bypassed: no)
  90000: system.cpu.rename: [tid:0] Register 40 (flat: 40) (integer) is not ready.
  90000: system.cpu.rename: [tid:0] Looking up miscellaneous arch reg 154, got phys reg 154 (miscellaneous) (bypassed: no)
  90000: system.cpu.rename: [tid:0] Register 154 (flat: 0) (miscellaneous) is ready.
  90000: global: [sn:12] has 2 ready out of 3 sources. RTI 0)
  90000: global: Renamed reg rsi (6) to physical reg 46 (46) old mapping was 6 (6)
  90000: system.cpu.rename: [tid:0] Querying SMB Predictor for load [sn:12] with PC (0x401026=>0x40102a).(0=>1).
  90000: system.cpu.rename: [tid:0] SMB Predictor predicted store with sequence number 6 as source of load [sn:12].
  90000: system.cpu.rename: [tid:0] Bypassing load [sn:12] to store [sn:6] with physical reg 42 (42).
  90000: system.cpu.rename: [tid:0] Renaming arch reg 6 (integer) to physical reg 46 (46).
  90000: system.cpu.rename: [tid:0] Sending instructions to IEW.
  90000: system.cpu.rename: calcFreeLQEntries: free lqEntries: 132, loadsInProgress: 2, loads dispatchedToLQ: 0
  90000: system.cpu.rename: [tid:0] Processing instruction [sn:13] with PC (0x40102a=>0x40102e).(0=>1).
  90000: system.cpu.rename: [tid:0] Looking up invalid arch reg 0, got phys reg 4294967295 (invalid) (bypassed: no)
  90000: system.cpu.rename: [tid:0] Register 4294967295 (flat: 4294967295) (invalid) is ready.
  90000: global: [sn:13] has 1 ready out of 3 sources. RTI 0)
  90000: system.cpu.rename: [tid:0] Looking up integer arch reg 4, got phys reg 40 (integer) (bypassed: no)
  90000: system.cpu.rename: [tid:0] Register 40 (flat: 40) (integer) is not ready.
  90000: system.cpu.rename: [tid:0] Looking up miscellaneous arch reg 154, got phys reg 154 (miscellaneous) (bypassed: no)
  90000: system.cpu.rename: [tid:0] Register 154 (flat: 0) (miscellaneous) is ready.
  90000: global: [sn:13] has 2 ready out of 3 sources. RTI 0)
  90000: global: Renamed reg rcx (1) to physical reg 47 (47) old mapping was 1 (1)
  90000: system.cpu.rename: [tid:0] Querying SMB Predictor for load [sn:13] with PC (0x40102a=>0x40102e).(0=>1).
  90000: system.cpu.rename: [tid:0] SMB Predictor predicted store with sequence number 6 as source of load [sn:13].
  90000: system.cpu.rename: [tid:0] Bypassing load [sn:13] to store [sn:6] with physical reg 42 (42).
  90000: system.cpu.rename: [tid:0] Renaming arch reg 1 (integer) to physical reg 47 (47).
  90000: system.cpu.rename: [tid:0] Sending instructions to IEW.
  90000: system.cpu.rename: calcFreeLQEntries: free lqEntries: 132, loadsInProgress: 3, loads dispatchedToLQ: 0
  90000: system.cpu.rename: [tid:0] Processing instruction [sn:14] with PC (0x40102e=>0x401032).(0=>1).
  90000: system.cpu.rename: [tid:0] Looking up invalid arch reg 0, got phys reg 4294967295 (invalid) (bypassed: no)
  90000: system.cpu.rename: [tid:0] Register 4294967295 (flat: 4294967295) (invalid) is ready.
  90000: global: [sn:14] has 1 ready out of 3 sources. RTI 0)
  90000: system.cpu.rename: [tid:0] Looking up integer arch reg 4, got phys reg 40 (integer) (bypassed: no)
  90000: system.cpu.rename: [tid:0] Register 40 (flat: 40) (integer) is not ready.
  90000: system.cpu.rename: [tid:0] Looking up miscellaneous arch reg 154, got phys reg 154 (miscellaneous) (bypassed: no)
  90000: system.cpu.rename: [tid:0] Register 154 (flat: 0) (miscellaneous) is ready.
  90000: global: [sn:14] has 2 ready out of 3 sources. RTI 0)
  90000: global: Renamed reg rdx (2) to physical reg 48 (48) old mapping was 2 (2)
  90000: system.cpu.rename: [tid:0] Querying SMB Predictor for load [sn:14] with PC (0x40102e=>0x401032).(0=>1).
  90000: system.cpu.rename: [tid:0] SMB Predictor predicted store with sequence number 10 as source of load [sn:14].
  90000: system.cpu.rename: [tid:0] Bypassing load [sn:14] to store [sn:10] with physical reg 44 (44).
  90000: system.cpu.rename: [tid:0] Renaming arch reg 2 (integer) to physical reg 48 (48).
  90000: system.cpu.rename: [tid:0] Sending instructions to IEW.
  90000: system.cpu.rename: [tid:0] Processing instruction [sn:15] with PC (0x401032=>0x401034).(0=>1).
  90000: system.cpu.rename: [tid:0] Looking up integer arch reg 6, got phys reg 42 (integer) (bypassed: yes)
  90000: system.cpu.rename: [tid:0] Register 42 (flat: 42) (integer) is not ready.
  90000: system.cpu.rename: [tid:0] Looking up integer arch reg 0, got phys reg 41 (integer) (bypassed: yes)
  90000: system.cpu.rename: [tid:0] Register 41 (flat: 41) (integer) is not ready.
  90000: system.cpu.rename: [tid:0] Looking up invalid arch reg 0, got phys reg 4294967295 (invalid) (bypassed: no)
  90000: system.cpu.rename: [tid:0] Register 4294967295 (flat: 4294967295) (invalid) is ready.
  90000: global: [sn:15] has 1 ready out of 7 sources. RTI 0)
  90000: system.cpu.rename: [tid:0] Looking up invalid arch reg 0, got phys reg 4294967295 (invalid) (bypassed: no)
  90000: system.cpu.rename: [tid:0] Register 4294967295 (flat: 4294967295) (invalid) is ready.
  90000: global: [sn:15] has 2 ready out of 7 sources. RTI 0)
  90000: system.cpu.rename: [tid:0] Looking up invalid arch reg 0, got phys reg 4294967295 (invalid) (bypassed: no)
  90000: system.cpu.rename: [tid:0] Register 4294967295 (flat: 4294967295) (invalid) is ready.
  90000: global: [sn:15] has 3 ready out of 7 sources. RTI 0)
  90000: system.cpu.rename: [tid:0] Looking up invalid arch reg 0, got phys reg 4294967295 (invalid) (bypassed: no)
  90000: system.cpu.rename: [tid:0] Register 4294967295 (flat: 4294967295) (invalid) is ready.
  90000: global: [sn:15] has 4 ready out of 7 sources. RTI 0)
  90000: system.cpu.rename: [tid:0] Looking up invalid arch reg 0, got phys reg 4294967295 (invalid) (bypassed: no)
  90000: system.cpu.rename: [tid:0] Register 4294967295 (flat: 4294967295) (invalid) is ready.
  90000: global: [sn:15] has 5 ready out of 7 sources. RTI 0)
  90000: global: Renamed reg rsi (6) to physical reg 49 (49) old mapping was 46 (46)
  90000: system.cpu.rename: [tid:0] Renaming arch reg 6 (integer) to physical reg 49 (49).
  90000: global: Renamed reg condition_code[0] (0) to physical reg 4733 (4733) old mapping was 4731 (4731)
  90000: system.cpu.rename: [tid:0] Renaming arch reg 0 (condition_code) to physical reg 7 (4733).
  90000: global: Renamed reg condition_code[1] (1) to physical reg 4734 (4734) old mapping was 4732 (4732)
  90000: system.cpu.rename: [tid:0] Renaming arch reg 1 (condition_code) to physical reg 8 (4734).
  90000: system.cpu.rename: [tid:0] Renaming arch reg 0 (invalid) to physical reg 4294967295 (4294967295).
  90000: system.cpu.rename: [tid:0] Renaming arch reg 0 (invalid) to physical reg 4294967295 (4294967295).
  90000: system.cpu.rename: [tid:0] Renaming arch reg 0 (invalid) to physical reg 4294967295 (4294967295).
  90000: system.cpu.rename: [tid:0] Sending instructions to IEW.
  90000: system.cpu.rename: [tid:0] Processing instruction [sn:16] with PC (0x401034=>0x401036).(0=>1).
  90000: system.cpu.rename: [tid:0] Looking up integer arch reg 2, got phys reg 44 (integer) (bypassed: yes)
  90000: system.cpu.rename: [tid:0] Register 44 (flat: 44) (integer) is not ready.
  90000: system.cpu.rename: [tid:0] Looking up integer arch reg 1, got phys reg 42 (integer) (bypassed: yes)
  90000: system.cpu.rename: [tid:0] Register 42 (flat: 42) (integer) is not ready.
  90000: system.cpu.rename: [tid:0] Looking up invalid arch reg 0, got phys reg 4294967295 (invalid) (bypassed: no)
  90000: system.cpu.rename: [tid:0] Register 4294967295 (flat: 4294967295) (invalid) is ready.
  90000: global: [sn:16] has 1 ready out of 7 sources. RTI 0)
  90000: system.cpu.rename: [tid:0] Looking up invalid arch reg 0, got phys reg 4294967295 (invalid) (bypassed: no)
  90000: system.cpu.rename: [tid:0] Register 4294967295 (flat: 4294967295) (invalid) is ready.
  90000: global: [sn:16] has 2 ready out of 7 sources. RTI 0)
  90000: system.cpu.rename: [tid:0] Looking up invalid arch reg 0, got phys reg 4294967295 (invalid) (bypassed: no)
  90000: system.cpu.rename: [tid:0] Register 4294967295 (flat: 4294967295) (invalid) is ready.
  90000: global: [sn:16] has 3 ready out of 7 sources. RTI 0)
  90000: system.cpu.rename: [tid:0] Looking up invalid arch reg 0, got phys reg 4294967295 (invalid) (bypassed: no)
  90000: system.cpu.rename: [tid:0] Register 4294967295 (flat: 4294967295) (invalid) is ready.
  90000: global: [sn:16] has 4 ready out of 7 sources. RTI 0)
  90000: system.cpu.rename: [tid:0] Looking up invalid arch reg 0, got phys reg 4294967295 (invalid) (bypassed: no)
  90000: system.cpu.rename: [tid:0] Register 4294967295 (flat: 4294967295) (invalid) is ready.
  90000: global: [sn:16] has 5 ready out of 7 sources. RTI 0)
  90000: global: Renamed reg rdx (2) to physical reg 50 (50) old mapping was 48 (48)
  90000: system.cpu.rename: [tid:0] Renaming arch reg 2 (integer) to physical reg 50 (50).
  90000: global: Renamed reg condition_code[0] (0) to physical reg 4735 (4735) old mapping was 4733 (4733)
  90000: system.cpu.rename: [tid:0] Renaming arch reg 0 (condition_code) to physical reg 9 (4735).
  90000: global: Renamed reg condition_code[1] (1) to physical reg 4736 (4736) old mapping was 4734 (4734)
  90000: system.cpu.rename: [tid:0] Renaming arch reg 1 (condition_code) to physical reg 10 (4736).
  90000: system.cpu.rename: [tid:0] Renaming arch reg 0 (invalid) to physical reg 4294967295 (4294967295).
  90000: system.cpu.rename: [tid:0] Renaming arch reg 0 (invalid) to physical reg 4294967295 (4294967295).
  90000: system.cpu.rename: [tid:0] Renaming arch reg 0 (invalid) to physical reg 4294967295 (4294967295).
  90000: system.cpu.rename: [tid:0] Sending instructions to IEW.
  90000: system.cpu.rename: [tid:0] Processing instruction [sn:17] with PC (0x401036=>0x401038).(0=>1).
  90000: system.cpu.rename: [tid:0] Looking up integer arch reg 2, got phys reg 50 (integer) (bypassed: no)
  90000: system.cpu.rename: [tid:0] Register 50 (flat: 50) (integer) is not ready.
  90000: system.cpu.rename: [tid:0] Looking up integer arch reg 6, got phys reg 49 (integer) (bypassed: no)
  90000: system.cpu.rename: [tid:0] Register 49 (flat: 49) (integer) is not ready.
  90000: system.cpu.rename: [tid:0] Looking up invalid arch reg 0, got phys reg 4294967295 (invalid) (bypassed: no)
  90000: system.cpu.rename: [tid:0] Register 4294967295 (flat: 4294967295) (invalid) is ready.
  90000: global: [sn:17] has 1 ready out of 7 sources. RTI 0)
  90000: system.cpu.rename: [tid:0] Looking up invalid arch reg 0, got phys reg 4294967295 (invalid) (bypassed: no)
  90000: system.cpu.rename: [tid:0] Register 4294967295 (flat: 4294967295) (invalid) is ready.
  90000: global: [sn:17] has 2 ready out of 7 sources. RTI 0)
  90000: system.cpu.rename: [tid:0] Looking up invalid arch reg 0, got phys reg 4294967295 (invalid) (bypassed: no)
  90000: system.cpu.rename: [tid:0] Register 4294967295 (flat: 4294967295) (invalid) is ready.
  90000: global: [sn:17] has 3 ready out of 7 sources. RTI 0)
  90000: system.cpu.rename: [tid:0] Looking up invalid arch reg 0, got phys reg 4294967295 (invalid) (bypassed: no)
  90000: system.cpu.rename: [tid:0] Register 4294967295 (flat: 4294967295) (invalid) is ready.
  90000: global: [sn:17] has 4 ready out of 7 sources. RTI 0)
  90000: system.cpu.rename: [tid:0] Looking up invalid arch reg 0, got phys reg 4294967295 (invalid) (bypassed: no)
  90000: system.cpu.rename: [tid:0] Register 4294967295 (flat: 4294967295) (invalid) is ready.
  90000: global: [sn:17] has 5 ready out of 7 sources. RTI 0)
  90000: global: Renamed reg rdx (2) to physical reg 51 (51) old mapping was 50 (50)
  90000: system.cpu.rename: [tid:0] Renaming arch reg 2 (integer) to physical reg 51 (51).
  90000: global: Renamed reg condition_code[0] (0) to physical reg 4737 (4737) old mapping was 4735 (4735)
  90000: system.cpu.rename: [tid:0] Renaming arch reg 0 (condition_code) to physical reg 11 (4737).
  90000: global: Renamed reg condition_code[1] (1) to physical reg 4738 (4738) old mapping was 4736 (4736)
  90000: system.cpu.rename: [tid:0] Renaming arch reg 1 (condition_code) to physical reg 12 (4738).
  90000: system.cpu.rename: [tid:0] Renaming arch reg 0 (invalid) to physical reg 4294967295 (4294967295).
  90000: system.cpu.rename: [tid:0] Renaming arch reg 0 (invalid) to physical reg 4294967295 (4294967295).
  90000: system.cpu.rename: [tid:0] Renaming arch reg 0 (invalid) to physical reg 4294967295 (4294967295).
  90000: system.cpu.rename: [tid:0] Sending instructions to IEW.
  90000: system.cpu.rename: [tid:0] Processing instruction [sn:18] with PC (0x401038=>0x40103c).(0=>1).
  90000: global: Renamed reg t1 (17) to physical reg 52 (52) old mapping was 44 (44)
  90000: system.cpu.rename: [tid:0] Renaming arch reg 17 (integer) to physical reg 52 (52).
  90000: system.cpu.rename: [tid:0] Sending instructions to IEW.
  90000: system.cpu.rename: [tid:0] Processing instruction [sn:19] with PC (0x401038=>0x40103c).(1=>2).
  90000: system.cpu.rename: [tid:0] Looking up integer arch reg 4, got phys reg 40 (integer) (bypassed: no)
  90000: system.cpu.rename: [tid:0] Register 40 (flat: 40) (integer) is not ready.
  90000: system.cpu.rename: [tid:0] Looking up integer arch reg 17, got phys reg 52 (integer) (bypassed: no)
  90000: system.cpu.rename: [tid:0] Register 52 (flat: 52) (integer) is not ready.
  90000: system.cpu.rename: [tid:0] Looking up invalid arch reg 0, got phys reg 4294967295 (invalid) (bypassed: no)
  90000: system.cpu.rename: [tid:0] Register 4294967295 (flat: 4294967295) (invalid) is ready.
  90000: global: [sn:19] has 1 ready out of 7 sources. RTI 0)
  90000: system.cpu.rename: [tid:0] Looking up invalid arch reg 0, got phys reg 4294967295 (invalid) (bypassed: no)
  90000: system.cpu.rename: [tid:0] Register 4294967295 (flat: 4294967295) (invalid) is ready.
  90000: global: [sn:19] has 2 ready out of 7 sources. RTI 0)
  90000: system.cpu.rename: [tid:0] Looking up invalid arch reg 0, got phys reg 4294967295 (invalid) (bypassed: no)
  90000: system.cpu.rename: [tid:0] Register 4294967295 (flat: 4294967295) (invalid) is ready.
  90000: global: [sn:19] has 3 ready out of 7 sources. RTI 0)
  90000: system.cpu.rename: [tid:0] Looking up invalid arch reg 0, got phys reg 4294967295 (invalid) (bypassed: no)
  90000: system.cpu.rename: [tid:0] Register 4294967295 (flat: 4294967295) (invalid) is ready.
  90000: global: [sn:19] has 4 ready out of 7 sources. RTI 0)
  90000: system.cpu.rename: [tid:0] Looking up invalid arch reg 0, got phys reg 4294967295 (invalid) (bypassed: no)
  90000: system.cpu.rename: [tid:0] Register 4294967295 (flat: 4294967295) (invalid) is ready.
  90000: global: [sn:19] has 5 ready out of 7 sources. RTI 0)
  90000: global: Renamed reg rsp (4) to physical reg 53 (53) old mapping was 40 (40)
  90000: system.cpu.rename: [tid:0] Renaming arch reg 4 (integer) to physical reg 53 (53).
  90000: global: Renamed reg condition_code[0] (0) to physical reg 4739 (4739) old mapping was 4737 (4737)
  90000: system.cpu.rename: [tid:0] Renaming arch reg 0 (condition_code) to physical reg 13 (4739).
  90000: global: Renamed reg condition_code[1] (1) to physical reg 4740 (4740) old mapping was 4738 (4738)
  90000: system.cpu.rename: [tid:0] Renaming arch reg 1 (condition_code) to physical reg 14 (4740).
  90000: system.cpu.rename: [tid:0] Renaming arch reg 0 (invalid) to physical reg 4294967295 (4294967295).
  90000: system.cpu.rename: [tid:0] Renaming arch reg 0 (invalid) to physical reg 4294967295 (4294967295).
  90000: system.cpu.rename: [tid:0] Renaming arch reg 0 (invalid) to physical reg 4294967295 (4294967295).
  90000: system.cpu.rename: [tid:0] Sending instructions to IEW.
  90000: system.cpu.rename: [tid:0] Processing instruction [sn:20] with PC (0x40103c=>0x40103e).(0=>1).
  90000: system.cpu.rename: [tid:0] Looking up invalid arch reg 0, got phys reg 4294967295 (invalid) (bypassed: no)
  90000: system.cpu.rename: [tid:0] Register 4294967295 (flat: 4294967295) (invalid) is ready.
  90000: global: [sn:20] has 1 ready out of 3 sources. RTI 0)
  90000: system.cpu.rename: [tid:0] Looking up integer arch reg 2, got phys reg 51 (integer) (bypassed: no)
  90000: system.cpu.rename: [tid:0] Register 51 (flat: 51) (integer) is not ready.
  90000: system.cpu.rename: [tid:0] Looking up invalid arch reg 0, got phys reg 4294967295 (invalid) (bypassed: no)
  90000: system.cpu.rename: [tid:0] Register 4294967295 (flat: 4294967295) (invalid) is ready.
  90000: global: [sn:20] has 2 ready out of 3 sources. RTI 0)
  90000: global: Renamed reg rdi (7) to physical reg 54 (54) old mapping was 7 (7)
  90000: system.cpu.rename: [tid:0] Renaming arch reg 7 (integer) to physical reg 54 (54).
  90000: system.cpu.rename: Activity this cycle.
  90000: system.cpu: Activity: 4
  90000: system.cpu.iew: Issue: Processing [tid:0]
  90000: system.cpu.iew: [tid:0] Not blocked, so attempting to run dispatch.
  90000: system.cpu.iq: Attempting to schedule ready instructions from the IQ.
  90000: system.cpu.iq: Not able to schedule any instructions.
  90000: system.cpu.iew: Processing [tid:0]
  90000: system.cpu.iew: [tid:0], Dispatch dispatched 0 instructions.
  90000: system.cpu.iew.lsq.thread0: SQ size: 72, #stores occupied: 0
  90000: system.cpu.iew.lsq.thread0: LQ size: 132, #loads occupied: 0
  90000: system.cpu.iew: IQ has 559 free entries (Can schedule: 0).  LQ has 132 free entries. SQ has 72 free entries.
  90000: system.cpu.commit: Getting instructions from Rename stage.
  90000: system.cpu.commit: [tid:0] [sn:1] Inserting PC (0x401000=>0x401004).(0=>1) into ROB.
  90000: system.cpu.rob: Adding inst PC (0x401000=>0x401004).(0=>1) to the ROB.
  90000: system.cpu.rob: [tid:0] Now has 1 instructions.
  90000: system.cpu.commit: [tid:0] [sn:2] Inserting PC (0x401000=>0x401004).(1=>2) into ROB.
  90000: system.cpu.rob: Adding inst PC (0x401000=>0x401004).(1=>2) to the ROB.
  90000: system.cpu.rob: [tid:0] Now has 2 instructions.
  90000: system.cpu.commit: [tid:0] [sn:3] Inserting PC (0x401004=>0x40100b).(0=>1) into ROB.
  90000: system.cpu.rob: Adding inst PC (0x401004=>0x40100b).(0=>1) to the ROB.
  90000: system.cpu.rob: [tid:0] Now has 3 instructions.
  90000: system.cpu.commit: [tid:0] [sn:4] Inserting PC (0x401004=>0x40100b).(1=>2) into ROB.
  90000: system.cpu.rob: Adding inst PC (0x401004=>0x40100b).(1=>2) to the ROB.
  90000: system.cpu.rob: [tid:0] Now has 4 instructions.
  90000: system.cpu.commit: [tid:0] [sn:5] Inserting PC (0x40100b=>0x401013).(0=>1) into ROB.
  90000: system.cpu.rob: Adding inst PC (0x40100b=>0x401013).(0=>1) to the ROB.
  90000: system.cpu.rob: [tid:0] Now has 5 instructions.
  90000: system.cpu.commit: [tid:0] [sn:6] Inserting PC (0x40100b=>0x401013).(1=>2) into ROB.
  90000: system.cpu.rob: Adding inst PC (0x40100b=>0x401013).(1=>2) to the ROB.
  90000: system.cpu.rob: [tid:0] Now has 6 instructions.
  90000: system.cpu.commit: [tid:0] [sn:7] Inserting PC (0x401013=>0x40101b).(0=>1) into ROB.
  90000: system.cpu.rob: Adding inst PC (0x401013=>0x40101b).(0=>1) to the ROB.
  90000: system.cpu.rob: [tid:0] Now has 7 instructions.
  90000: system.cpu.commit: [tid:0] [sn:8] Inserting PC (0x401013=>0x40101b).(1=>2) into ROB.
  90000: system.cpu.rob: Adding inst PC (0x401013=>0x40101b).(1=>2) to the ROB.
  90000: system.cpu.rob: [tid:0] Now has 8 instructions.
  90000: system.cpu.commit: [tid:0] [sn:9] Inserting PC (0x40101b=>0x401023).(0=>1) into ROB.
  90000: system.cpu.rob: Adding inst PC (0x40101b=>0x401023).(0=>1) to the ROB.
  90000: system.cpu.rob: [tid:0] Now has 9 instructions.
  90000: system.cpu.commit: [tid:0] [sn:10] Inserting PC (0x40101b=>0x401023).(1=>2) into ROB.
  90000: system.cpu.rob: Adding inst PC (0x40101b=>0x401023).(1=>2) to the ROB.
  90000: system.cpu.rob: [tid:0] Now has 10 instructions.
  90000: system.cpu.commit: Trying to commit instructions in the ROB.
  90000: system.cpu.commit: [tid:0] Can't commit, Instruction [sn:1] PC (0x401000=>0x401004).(0=>1) is head of ROB and not ready
  90000: system.cpu.commit: [tid:0] ROB has 10 insts & 908 free entries.
  90000: system.cpu.commit: Activity This Cycle.
  90000: system.cpu: Scheduling next tick!
  91000: system.cpu: 

O3CPU: Ticking main, O3CPU.
  91000: system.cpu.fetch: Running stage.
  91000: system.cpu.fetch: There are no more threads available to fetch from.
  91000: system.cpu.fetch: [tid:0] Fetch is waiting cache response!
  91000: system.cpu.decode: Processing [tid:0]
  91000: system.cpu.decode: [tid:0] Not blocked, so attempting to run stage.
  91000: system.cpu.decode: [tid:0] Nothing to do, breaking out early.
  91000: system.cpu.rename: Processing [tid:0]
  91000: system.cpu.rename: [tid:0] Free IQ: 559, Free ROB: 908, Free LQ: 132, Free SQ: 72, FreeRM 127(863 870 917 1834 127 8 4575)
  91000: system.cpu.rename: [tid:0] 20 instructions not yet in ROB
  91000: system.cpu.rename: calcFreeLQEntries: free lqEntries: 132, loadsInProgress: 4, loads dispatchedToLQ: 0
  91000: system.cpu.rename: [tid:0] Not blocked, so attempting to run stage.
  91000: system.cpu.rename: [tid:0] Nothing to do, breaking out early.
  91000: system.cpu.iew: Issue: Processing [tid:0]
  91000: system.cpu.iew: [tid:0] Not blocked, so attempting to run dispatch.
  91000: system.cpu.iew: [tid:0] Issue: Adding PC (0x401000=>0x401004).(0=>1) [sn:1] [tid:0] to IQ.
  91000: system.cpu.iq: Adding instruction [sn:1] PC (0x401000=>0x401004).(0=>1) to the IQ.
  91000: system.cpu.iq: Instruction is ready to issue, putting it onto the ready list, PC (0x401000=>0x401004).(0=>1) opclass:1 [sn:1].
  91000: system.cpu.iew: [tid:0] Issue: Adding PC (0x401000=>0x401004).(1=>2) [sn:2] [tid:0] to IQ.
  91000: system.cpu.iq: Adding instruction [sn:2] PC (0x401000=>0x401004).(1=>2) to the IQ.
  91000: system.cpu.iq: Instruction PC (0x401000=>0x401004).(1=>2) has src reg 39 (integer) that is being added to the dependency chain.
  91000: system.cpu.iew: [tid:0] Issue: Adding PC (0x401004=>0x40100b).(0=>1) [sn:3] [tid:0] to IQ.
  91000: system.cpu.iq: Adding instruction [sn:3] PC (0x401004=>0x40100b).(0=>1) to the IQ.
  91000: system.cpu.iq: Instruction is ready to issue, putting it onto the ready list, PC (0x401004=>0x40100b).(0=>1) opclass:1 [sn:3].
  91000: system.cpu.iew: [tid:0] Issue: Adding PC (0x401004=>0x40100b).(1=>2) [sn:4] [tid:0] to IQ.
  91000: system.cpu.iew: [tid:0] Issue: Memory instruction encountered, adding to LSQ.
  91000: system.cpu.iew.lsq.thread0: Inserting store PC (0x401004=>0x40100b).(1=>2), idx:0 [sn:4]
  91000: system.cpu.iq: Adding instruction [sn:4] PC (0x401004=>0x40100b).(1=>2) to the IQ.
  91000: system.cpu.iq: Instruction PC (0x401004=>0x40100b).(1=>2) has src reg 40 (integer) that is being added to the dependency chain.
  91000: system.cpu.iq: Instruction PC (0x401004=>0x40100b).(1=>2) has src reg 41 (integer) that is being added to the dependency chain.
  91000: system.cpu.memDep0: No dependency for inst PC (0x401004=>0x40100b).(1=>2) [sn:4].
  91000: system.cpu.memDep0: Inserting store/atomic PC (0x401004=>0x40100b).(1=>2) [sn:4].
  91000: system.cpu.iew: [tid:0] Issue: Adding PC (0x40100b=>0x401013).(0=>1) [sn:5] [tid:0] to IQ.
  91000: system.cpu.iq: Adding instruction [sn:5] PC (0x40100b=>0x401013).(0=>1) to the IQ.
  91000: system.cpu.iq: Instruction is ready to issue, putting it onto the ready list, PC (0x40100b=>0x401013).(0=>1) opclass:1 [sn:5].
  91000: system.cpu.iew: [tid:0] Issue: Adding PC (0x40100b=>0x401013).(1=>2) [sn:6] [tid:0] to IQ.
  91000: system.cpu.iew: [tid:0] Issue: Memory instruction encountered, adding to LSQ.
  91000: system.cpu.iew.lsq.thread0: Inserting store PC (0x40100b=>0x401013).(1=>2), idx:1 [sn:6]
  91000: system.cpu.iq: Adding instruction [sn:6] PC (0x40100b=>0x401013).(1=>2) to the IQ.
  91000: system.cpu.iq: Instruction PC (0x40100b=>0x401013).(1=>2) has src reg 40 (integer) that is being added to the dependency chain.
  91000: system.cpu.iq: Instruction PC (0x40100b=>0x401013).(1=>2) has src reg 42 (integer) that is being added to the dependency chain.
  91000: system.cpu.memDep0: No dependency for inst PC (0x40100b=>0x401013).(1=>2) [sn:6].
  91000: system.cpu.memDep0: Inserting store/atomic PC (0x40100b=>0x401013).(1=>2) [sn:6].
  91000: system.cpu.iew: [tid:0] Issue: Adding PC (0x401013=>0x40101b).(0=>1) [sn:7] [tid:0] to IQ.
  91000: system.cpu.iq: Adding instruction [sn:7] PC (0x401013=>0x40101b).(0=>1) to the IQ.
  91000: system.cpu.iq: Instruction is ready to issue, putting it onto the ready list, PC (0x401013=>0x40101b).(0=>1) opclass:1 [sn:7].
  91000: system.cpu.iew: [tid:0] Issue: Adding PC (0x401013=>0x40101b).(1=>2) [sn:8] [tid:0] to IQ.
  91000: system.cpu.iew: [tid:0] Issue: Memory instruction encountered, adding to LSQ.
  91000: system.cpu.iew.lsq.thread0: Inserting store PC (0x401013=>0x40101b).(1=>2), idx:2 [sn:8]
  91000: system.cpu.iq: Adding instruction [sn:8] PC (0x401013=>0x40101b).(1=>2) to the IQ.
  91000: system.cpu.iq: Instruction PC (0x401013=>0x40101b).(1=>2) has src reg 40 (integer) that is being added to the dependency chain.
  91000: system.cpu.iq: Instruction PC (0x401013=>0x40101b).(1=>2) has src reg 43 (integer) that is being added to the dependency chain.
  91000: system.cpu.memDep0: No dependency for inst PC (0x401013=>0x40101b).(1=>2) [sn:8].
  91000: system.cpu.memDep0: Inserting store/atomic PC (0x401013=>0x40101b).(1=>2) [sn:8].
  91000: system.cpu.iew: [tid:0] Issue: Adding PC (0x40101b=>0x401023).(0=>1) [sn:9] [tid:0] to IQ.
  91000: system.cpu.iq: Adding instruction [sn:9] PC (0x40101b=>0x401023).(0=>1) to the IQ.
  91000: system.cpu.iq: Instruction is ready to issue, putting it onto the ready list, PC (0x40101b=>0x401023).(0=>1) opclass:1 [sn:9].
  91000: system.cpu.iew: [tid:0] Issue: Adding PC (0x40101b=>0x401023).(1=>2) [sn:10] [tid:0] to IQ.
  91000: system.cpu.iew: [tid:0] Issue: Memory instruction encountered, adding to LSQ.
  91000: system.cpu.iew.lsq.thread0: Inserting store PC (0x40101b=>0x401023).(1=>2), idx:3 [sn:10]
  91000: system.cpu.iq: Adding instruction [sn:10] PC (0x40101b=>0x401023).(1=>2) to the IQ.
  91000: system.cpu.iq: Instruction PC (0x40101b=>0x401023).(1=>2) has src reg 40 (integer) that is being added to the dependency chain.
  91000: system.cpu.iq: Instruction PC (0x40101b=>0x401023).(1=>2) has src reg 44 (integer) that is being added to the dependency chain.
  91000: system.cpu.memDep0: No dependency for inst PC (0x40101b=>0x401023).(1=>2) [sn:10].
  91000: system.cpu.memDep0: Inserting store/atomic PC (0x40101b=>0x401023).(1=>2) [sn:10].
  91000: system.cpu.iq: Attempting to schedule ready instructions from the IQ.
  91000: system.cpu.iq: Thread 0: Issuing instruction PC (0x401000=>0x401004).(0=>1) [sn:1]
  91000: system.cpu.iq: Thread 0: Issuing instruction PC (0x401004=>0x40100b).(0=>1) [sn:3]
  91000: system.cpu.iq: Thread 0: Issuing instruction PC (0x40100b=>0x401013).(0=>1) [sn:5]
  91000: system.cpu.iq: Thread 0: Issuing instruction PC (0x401013=>0x40101b).(0=>1) [sn:7]
  91000: system.cpu.iq: Thread 0: Issuing instruction PC (0x40101b=>0x401023).(0=>1) [sn:9]
  91000: system.cpu: Activity: 5
  91000: system.cpu.iew: Processing [tid:0]
  91000: system.cpu.iew: [tid:0], Dispatch dispatched 10 instructions.
  91000: system.cpu.iew.lsq.thread0: SQ size: 72, #stores occupied: 4
  91000: system.cpu.iew.lsq.thread0: LQ size: 132, #loads occupied: 0
  91000: system.cpu.iew: IQ has 554 free entries (Can schedule: 0).  LQ has 132 free entries. SQ has 68 free entries.
  91000: system.cpu.commit: Getting instructions from Rename stage.
  91000: system.cpu.commit: [tid:0] [sn:11] Inserting PC (0x401023=>0x401026).(0=>1) into ROB.
  91000: system.cpu.rob: Adding inst PC (0x401023=>0x401026).(0=>1) to the ROB.
  91000: system.cpu.rob: [tid:0] Now has 11 instructions.
  91000: system.cpu.commit: [tid:0] [sn:12] Inserting PC (0x401026=>0x40102a).(0=>1) into ROB.
  91000: system.cpu.rob: Adding inst PC (0x401026=>0x40102a).(0=>1) to the ROB.
  91000: system.cpu.rob: [tid:0] Now has 12 instructions.
  91000: system.cpu.commit: [tid:0] [sn:13] Inserting PC (0x40102a=>0x40102e).(0=>1) into ROB.
  91000: system.cpu.rob: Adding inst PC (0x40102a=>0x40102e).(0=>1) to the ROB.
  91000: system.cpu.rob: [tid:0] Now has 13 instructions.
  91000: system.cpu.commit: [tid:0] [sn:14] Inserting PC (0x40102e=>0x401032).(0=>1) into ROB.
  91000: system.cpu.rob: Adding inst PC (0x40102e=>0x401032).(0=>1) to the ROB.
  91000: system.cpu.rob: [tid:0] Now has 14 instructions.
  91000: system.cpu.commit: [tid:0] [sn:15] Inserting PC (0x401032=>0x401034).(0=>1) into ROB.
  91000: system.cpu.rob: Adding inst PC (0x401032=>0x401034).(0=>1) to the ROB.
  91000: system.cpu.rob: [tid:0] Now has 15 instructions.
  91000: system.cpu.commit: [tid:0] [sn:16] Inserting PC (0x401034=>0x401036).(0=>1) into ROB.
  91000: system.cpu.rob: Adding inst PC (0x401034=>0x401036).(0=>1) to the ROB.
  91000: system.cpu.rob: [tid:0] Now has 16 instructions.
  91000: system.cpu.commit: [tid:0] [sn:17] Inserting PC (0x401036=>0x401038).(0=>1) into ROB.
  91000: system.cpu.rob: Adding inst PC (0x401036=>0x401038).(0=>1) to the ROB.
  91000: system.cpu.rob: [tid:0] Now has 17 instructions.
  91000: system.cpu.commit: [tid:0] [sn:18] Inserting PC (0x401038=>0x40103c).(0=>1) into ROB.
  91000: system.cpu.rob: Adding inst PC (0x401038=>0x40103c).(0=>1) to the ROB.
  91000: system.cpu.rob: [tid:0] Now has 18 instructions.
  91000: system.cpu.commit: [tid:0] [sn:19] Inserting PC (0x401038=>0x40103c).(1=>2) into ROB.
  91000: system.cpu.rob: Adding inst PC (0x401038=>0x40103c).(1=>2) to the ROB.
  91000: system.cpu.rob: [tid:0] Now has 19 instructions.
  91000: system.cpu.commit: [tid:0] [sn:20] Inserting PC (0x40103c=>0x40103e).(0=>1) into ROB.
  91000: system.cpu.rob: Adding inst PC (0x40103c=>0x40103e).(0=>1) to the ROB.
  91000: system.cpu.rob: [tid:0] Now has 20 instructions.
  91000: system.cpu.commit: Trying to commit instructions in the ROB.
  91000: system.cpu.commit: [tid:0] Can't commit, Instruction [sn:1] PC (0x401000=>0x401004).(0=>1) is head of ROB and not ready
  91000: system.cpu.commit: [tid:0] ROB has 20 insts & 898 free entries.
  91000: system.cpu.commit: Activity This Cycle.
  91000: system.cpu: Scheduling next tick!
  92000: system.cpu: 

O3CPU: Ticking main, O3CPU.
  92000: system.cpu.fetch: Running stage.
  92000: system.cpu.fetch: There are no more threads available to fetch from.
  92000: system.cpu.fetch: [tid:0] Fetch is waiting cache response!
  92000: system.cpu.decode: Processing [tid:0]
  92000: system.cpu.decode: [tid:0] Not blocked, so attempting to run stage.
  92000: system.cpu.decode: [tid:0] Nothing to do, breaking out early.
  92000: system.cpu.rename: Processing [tid:0]
  92000: system.cpu.rename: [tid:0] Free IQ: 559, Free ROB: 898, Free LQ: 132, Free SQ: 72, FreeRM 127(863 870 917 1834 127 8 4575)
  92000: system.cpu.rename: [tid:0] 20 instructions not yet in ROB
  92000: system.cpu.rename: calcFreeLQEntries: free lqEntries: 132, loadsInProgress: 4, loads dispatchedToLQ: 0
  92000: system.cpu.rename: [tid:0] Not blocked, so attempting to run stage.
  92000: system.cpu.rename: [tid:0] Nothing to do, breaking out early.
  92000: system.cpu.iew: Issue: Processing [tid:0]
  92000: system.cpu.iew: [tid:0] Not blocked, so attempting to run dispatch.
  92000: system.cpu.iew: [tid:0] Issue: Adding PC (0x401023=>0x401026).(0=>1) [sn:11] [tid:0] to IQ.
  92000: system.cpu.iew: [tid:0] Issue: Memory instruction encountered, adding to LSQ.
  92000: system.cpu.iew.lsq.thread0: Inserting load PC (0x401023=>0x401026).(0=>1), idx:0 [sn:11]
  92000: system.cpu.iq: Adding instruction [sn:11] PC (0x401023=>0x401026).(0=>1) to the IQ.
  92000: system.cpu.iq: Instruction PC (0x401023=>0x401026).(0=>1) has src reg 40 (integer) that is being added to the dependency chain.
  92000: system.cpu.memDep0: Adding to dependency list; inst PC (0x401023=>0x401026).(0=>1) [sn:11] is dependent on [sn:4].
  92000: system.cpu.iew: [tid:0] Issue: Adding PC (0x401026=>0x40102a).(0=>1) [sn:12] [tid:0] to IQ.
  92000: system.cpu.iew: [tid:0] Issue: Memory instruction encountered, adding to LSQ.
  92000: system.cpu.iew.lsq.thread0: Inserting load PC (0x401026=>0x40102a).(0=>1), idx:1 [sn:12]
  92000: system.cpu.iq: Adding instruction [sn:12] PC (0x401026=>0x40102a).(0=>1) to the IQ.
  92000: system.cpu.iq: Instruction PC (0x401026=>0x40102a).(0=>1) has src reg 40 (integer) that is being added to the dependency chain.
  92000: system.cpu.memDep0: Adding to dependency list; inst PC (0x401026=>0x40102a).(0=>1) [sn:12] is dependent on [sn:6].
  92000: system.cpu.iew: [tid:0] Issue: Adding PC (0x40102a=>0x40102e).(0=>1) [sn:13] [tid:0] to IQ.
  92000: system.cpu.iew: [tid:0] Issue: Memory instruction encountered, adding to LSQ.
  92000: system.cpu.iew.lsq.thread0: Inserting load PC (0x40102a=>0x40102e).(0=>1), idx:2 [sn:13]
  92000: system.cpu.iq: Adding instruction [sn:13] PC (0x40102a=>0x40102e).(0=>1) to the IQ.
  92000: system.cpu.iq: Instruction PC (0x40102a=>0x40102e).(0=>1) has src reg 40 (integer) that is being added to the dependency chain.
  92000: system.cpu.memDep0: Adding to dependency list; inst PC (0x40102a=>0x40102e).(0=>1) [sn:13] is dependent on [sn:6].
  92000: system.cpu.iew: [tid:0] Issue: Adding PC (0x40102e=>0x401032).(0=>1) [sn:14] [tid:0] to IQ.
  92000: system.cpu.iew: [tid:0] Issue: Memory instruction encountered, adding to LSQ.
  92000: system.cpu.iew.lsq.thread0: Inserting load PC (0x40102e=>0x401032).(0=>1), idx:3 [sn:14]
  92000: system.cpu.iq: Adding instruction [sn:14] PC (0x40102e=>0x401032).(0=>1) to the IQ.
  92000: system.cpu.iq: Instruction PC (0x40102e=>0x401032).(0=>1) has src reg 40 (integer) that is being added to the dependency chain.
  92000: system.cpu.memDep0: Adding to dependency list; inst PC (0x40102e=>0x401032).(0=>1) [sn:14] is dependent on [sn:10].
  92000: system.cpu.iew: [tid:0] Issue: Adding PC (0x401032=>0x401034).(0=>1) [sn:15] [tid:0] to IQ.
  92000: system.cpu.iq: Adding instruction [sn:15] PC (0x401032=>0x401034).(0=>1) to the IQ.
  92000: system.cpu.iq: Instruction PC (0x401032=>0x401034).(0=>1) has src reg 42 (integer) that is being added to the dependency chain.
  92000: system.cpu.iq: Instruction PC (0x401032=>0x401034).(0=>1) has src reg 41 (integer) that is being added to the dependency chain.
  92000: system.cpu.iew: [tid:0] Issue: Adding PC (0x401034=>0x401036).(0=>1) [sn:16] [tid:0] to IQ.
  92000: system.cpu.iq: Adding instruction [sn:16] PC (0x401034=>0x401036).(0=>1) to the IQ.
  92000: system.cpu.iq: Instruction PC (0x401034=>0x401036).(0=>1) has src reg 44 (integer) that is being added to the dependency chain.
  92000: system.cpu.iq: Instruction PC (0x401034=>0x401036).(0=>1) has src reg 42 (integer) that is being added to the dependency chain.
  92000: system.cpu.iew: [tid:0] Issue: Adding PC (0x401036=>0x401038).(0=>1) [sn:17] [tid:0] to IQ.
  92000: system.cpu.iq: Adding instruction [sn:17] PC (0x401036=>0x401038).(0=>1) to the IQ.
  92000: system.cpu.iq: Instruction PC (0x401036=>0x401038).(0=>1) has src reg 50 (integer) that is being added to the dependency chain.
  92000: system.cpu.iq: Instruction PC (0x401036=>0x401038).(0=>1) has src reg 49 (integer) that is being added to the dependency chain.
  92000: system.cpu.iew: [tid:0] Issue: Adding PC (0x401038=>0x40103c).(0=>1) [sn:18] [tid:0] to IQ.
  92000: system.cpu.iq: Adding instruction [sn:18] PC (0x401038=>0x40103c).(0=>1) to the IQ.
  92000: system.cpu.iq: Instruction is ready to issue, putting it onto the ready list, PC (0x401038=>0x40103c).(0=>1) opclass:1 [sn:18].
  92000: system.cpu.iew: [tid:0] Issue: Adding PC (0x401038=>0x40103c).(1=>2) [sn:19] [tid:0] to IQ.
  92000: system.cpu.iq: Adding instruction [sn:19] PC (0x401038=>0x40103c).(1=>2) to the IQ.
  92000: system.cpu.iq: Instruction PC (0x401038=>0x40103c).(1=>2) has src reg 40 (integer) that is being added to the dependency chain.
  92000: system.cpu.iq: Instruction PC (0x401038=>0x40103c).(1=>2) has src reg 52 (integer) that is being added to the dependency chain.
  92000: system.cpu.iew: [tid:0] Issue: Adding PC (0x40103c=>0x40103e).(0=>1) [sn:20] [tid:0] to IQ.
  92000: system.cpu.iq: Adding instruction [sn:20] PC (0x40103c=>0x40103e).(0=>1) to the IQ.
  92000: system.cpu.iq: Instruction PC (0x40103c=>0x40103e).(0=>1) has src reg 51 (integer) that is being added to the dependency chain.
  92000: system.cpu.iew: Execute: Executing instructions from IQ.
  92000: system.cpu.iew: Execute: Processing PC (0x401000=>0x401004).(0=>1), [tid:0] [sn:1].
  92000: global: RegFile: Setting int register 39 to 0x10
  92000: system.cpu.iew: Adding instruction [sn:1] to commit queue.
  92000: system.cpu.iew: Current wb cycle: 0, width: 19, numInst: 0
wbActual:0
  92000: system.cpu.iew: Execute: Executing instructions from IQ.
  92000: system.cpu.iew: Execute: Processing PC (0x401004=>0x40100b).(0=>1), [tid:0] [sn:3].
  92000: global: RegFile: Setting int register 41 to 0x5
  92000: system.cpu.iew: Adding instruction [sn:3] to commit queue.
  92000: system.cpu.iew: Current wb cycle: 0, width: 19, numInst: 1
wbActual:1
  92000: system.cpu.iew: Execute: Executing instructions from IQ.
  92000: system.cpu.iew: Execute: Processing PC (0x40100b=>0x401013).(0=>1), [tid:0] [sn:5].
  92000: global: RegFile: Setting int register 42 to 0xa
  92000: system.cpu.iew: Adding instruction [sn:5] to commit queue.
  92000: system.cpu.iew: Current wb cycle: 0, width: 19, numInst: 2
wbActual:2
  92000: system.cpu.iew: Execute: Executing instructions from IQ.
  92000: system.cpu.iew: Execute: Processing PC (0x401013=>0x40101b).(0=>1), [tid:0] [sn:7].
  92000: global: RegFile: Setting int register 43 to 0xf
  92000: system.cpu.iew: Adding instruction [sn:7] to commit queue.
  92000: system.cpu.iew: Current wb cycle: 0, width: 19, numInst: 3
wbActual:3
  92000: system.cpu.iew: Execute: Executing instructions from IQ.
  92000: system.cpu.iew: Execute: Processing PC (0x40101b=>0x401023).(0=>1), [tid:0] [sn:9].
  92000: global: RegFile: Setting int register 44 to 0x14
  92000: system.cpu.iew: Adding instruction [sn:9] to commit queue.
  92000: system.cpu.iew: Current wb cycle: 0, width: 19, numInst: 4
wbActual:4
  92000: system.cpu: Activity: 6
  92000: system.cpu.iew: Sending instructions to commit, [sn:1] PC (0x401000=>0x401004).(0=>1).
  92000: system.cpu.iq: Waking dependents of completed instruction.
  92000: system.cpu.iq: Waking any dependents on register 39 (integer).
  92000: system.cpu.iq: Waking up a dependent instruction, [sn:2] PC (0x401000=>0x401004).(1=>2).
  92000: global: [sn:2] has 7 ready out of 7 sources. RTI 0)
  92000: system.cpu.iq: Instruction is ready to issue, putting it onto the ready list, PC (0x401000=>0x401004).(1=>2) opclass:1 [sn:2].
  92000: system.cpu.iew: Setting Destination Register 39 (integer)
  92000: system.cpu.scoreboard: Setting reg 39 (integer) as ready
  92000: system.cpu.iew: Sending instructions to commit, [sn:3] PC (0x401004=>0x40100b).(0=>1).
  92000: system.cpu.iq: Waking dependents of completed instruction.
  92000: system.cpu.iq: Waking any dependents on register 41 (integer).
  92000: system.cpu.iq: Waking up a dependent instruction, [sn:15] PC (0x401032=>0x401034).(0=>1).
  92000: global: [sn:15] has 6 ready out of 7 sources. RTI 0)
  92000: system.cpu.iq: Waking up a dependent instruction, [sn:4] PC (0x401004=>0x40100b).(1=>2).
  92000: global: [sn:4] has 3 ready out of 4 sources. RTI 0)
  92000: system.cpu.iew: Setting Destination Register 41 (integer)
  92000: system.cpu.scoreboard: Setting reg 41 (integer) as ready
  92000: system.cpu.iew: Sending instructions to commit, [sn:5] PC (0x40100b=>0x401013).(0=>1).
  92000: system.cpu.iq: Waking dependents of completed instruction.
  92000: system.cpu.iq: Waking any dependents on register 42 (integer).
  92000: system.cpu.iq: Waking up a dependent instruction, [sn:16] PC (0x401034=>0x401036).(0=>1).
  92000: global: [sn:16] has 6 ready out of 7 sources. RTI 0)
  92000: system.cpu.iq: Waking up a dependent instruction, [sn:15] PC (0x401032=>0x401034).(0=>1).
  92000: global: [sn:15] has 7 ready out of 7 sources. RTI 0)
  92000: system.cpu.iq: Instruction is ready to issue, putting it onto the ready list, PC (0x401032=>0x401034).(0=>1) opclass:1 [sn:15].
  92000: system.cpu.iq: Waking up a dependent instruction, [sn:6] PC (0x40100b=>0x401013).(1=>2).
  92000: global: [sn:6] has 3 ready out of 4 sources. RTI 0)
  92000: system.cpu.iew: Setting Destination Register 42 (integer)
  92000: system.cpu.scoreboard: Setting reg 42 (integer) as ready
  92000: system.cpu.iew: Sending instructions to commit, [sn:7] PC (0x401013=>0x40101b).(0=>1).
  92000: system.cpu.iq: Waking dependents of completed instruction.
  92000: system.cpu.iq: Waking any dependents on register 43 (integer).
  92000: system.cpu.iq: Waking up a dependent instruction, [sn:8] PC (0x401013=>0x40101b).(1=>2).
  92000: global: [sn:8] has 3 ready out of 4 sources. RTI 0)
  92000: system.cpu.iew: Setting Destination Register 43 (integer)
  92000: system.cpu.scoreboard: Setting reg 43 (integer) as ready
  92000: system.cpu.iew: Sending instructions to commit, [sn:9] PC (0x40101b=>0x401023).(0=>1).
  92000: system.cpu.iq: Waking dependents of completed instruction.
  92000: system.cpu.iq: Waking any dependents on register 44 (integer).
  92000: system.cpu.iq: Waking up a dependent instruction, [sn:16] PC (0x401034=>0x401036).(0=>1).
  92000: global: [sn:16] has 7 ready out of 7 sources. RTI 0)
  92000: system.cpu.iq: Instruction is ready to issue, putting it onto the ready list, PC (0x401034=>0x401036).(0=>1) opclass:1 [sn:16].
  92000: system.cpu.iq: Waking up a dependent instruction, [sn:10] PC (0x40101b=>0x401023).(1=>2).
  92000: global: [sn:10] has 3 ready out of 4 sources. RTI 0)
  92000: system.cpu.iew: Setting Destination Register 44 (integer)
  92000: system.cpu.scoreboard: Setting reg 44 (integer) as ready
  92000: system.cpu.iq: Attempting to schedule ready instructions from the IQ.
  92000: system.cpu.iq: Thread 0: Issuing instruction PC (0x401000=>0x401004).(1=>2) [sn:2]
  92000: system.cpu.iq: Thread 0: Issuing instruction PC (0x401032=>0x401034).(0=>1) [sn:15]
  92000: system.cpu.iq: Thread 0: Issuing instruction PC (0x401034=>0x401036).(0=>1) [sn:16]
  92000: system.cpu.iq: Thread 0: Issuing instruction PC (0x401038=>0x40103c).(0=>1) [sn:18]
  92000: system.cpu.iew: Processing [tid:0]
  92000: system.cpu.iew.lsq.thread0: LQ size: 132, #loads occupied: 4
  92000: system.cpu.iew.lsq.thread0: SQ size: 72, #stores occupied: 4
  92000: system.cpu.iew: [tid:0], Dispatch dispatched 10 instructions.
  92000: system.cpu.iew.lsq.thread0: SQ size: 72, #stores occupied: 4
  92000: system.cpu.iew.lsq.thread0: LQ size: 132, #loads occupied: 4
  92000: system.cpu.iew: IQ has 548 free entries (Can schedule: 0).  LQ has 128 free entries. SQ has 68 free entries.
  92000: system.cpu.iew: Activity this cycle.
  92000: system.cpu.commit: Getting instructions from Rename stage.
  92000: system.cpu.commit: Trying to commit instructions in the ROB.
  92000: system.cpu.commit: [tid:0] Can't commit, Instruction [sn:1] PC (0x401000=>0x401004).(0=>1) is head of ROB and not ready
  92000: system.cpu.commit: [tid:0] ROB has 20 insts & 898 free entries.
  92000: system.cpu: Scheduling next tick!
  93000: system.cpu: 

O3CPU: Ticking main, O3CPU.
  93000: system.cpu.fetch: Running stage.
  93000: system.cpu.fetch: There are no more threads available to fetch from.
  93000: system.cpu.fetch: [tid:0] Fetch is waiting cache response!
  93000: system.cpu.decode: Processing [tid:0]
  93000: system.cpu.decode: [tid:0] Not blocked, so attempting to run stage.
  93000: system.cpu.decode: [tid:0] Nothing to do, breaking out early.
  93000: system.cpu.rename: Processing [tid:0]
  93000: system.cpu.rename: [tid:0] Free IQ: 548, Free ROB: 898, Free LQ: 128, Free SQ: 68, FreeRM 127(863 870 917 1834 127 8 4575)
  93000: system.cpu.rename: [tid:0] 10 instructions not yet in ROB
  93000: system.cpu.rename: calcFreeLQEntries: free lqEntries: 128, loadsInProgress: 4, loads dispatchedToLQ: 4
  93000: system.cpu.rename: [tid:0] Not blocked, so attempting to run stage.
  93000: system.cpu.rename: [tid:0] Nothing to do, breaking out early.
  93000: system.cpu.iew: Issue: Processing [tid:0]
  93000: system.cpu.iew: [tid:0] Not blocked, so attempting to run dispatch.
  93000: system.cpu.iew: Execute: Executing instructions from IQ.
  93000: system.cpu.iew: Execute: Processing PC (0x401000=>0x401004).(1=>2), [tid:0] [sn:2].
  93000: global: RegFile: Access to int register 4, has data 0x7fffffffee20
  93000: global: RegFile: Access to int register 39, has data 0x10
  93000: global: RegFile: Setting int register 40 to 0x7fffffffee10
  93000: global: RegFile: Setting cc register 5 to 0
  93000: global: RegFile: Setting cc register 6 to 0
  93000: system.cpu.iew: Adding instruction [sn:2] to commit queue.
  93000: system.cpu.iew: Current wb cycle: 0, width: 19, numInst: 0
wbActual:0
  93000: system.cpu.iew: Execute: Executing instructions from IQ.
  93000: system.cpu.iew: Execute: Processing PC (0x401032=>0x401034).(0=>1), [tid:0] [sn:15].
  93000: global: RegFile: Access to int register 42, has data 0xa
  93000: global: RegFile: Access to int register 41, has data 0x5
  93000: global: RegFile: Setting int register 49 to 0xf
  93000: global: RegFile: Setting cc register 7 to 0x4
  93000: global: RegFile: Setting cc register 8 to 0
  93000: system.cpu.iew: Adding instruction [sn:15] to commit queue.
  93000: system.cpu.iew: Current wb cycle: 0, width: 19, numInst: 1
wbActual:1
  93000: system.cpu.iew: Execute: Executing instructions from IQ.
  93000: system.cpu.iew: Execute: Processing PC (0x401034=>0x401036).(0=>1), [tid:0] [sn:16].
  93000: global: RegFile: Access to int register 44, has data 0x14
  93000: global: RegFile: Access to int register 42, has data 0xa
  93000: global: RegFile: Setting int register 50 to 0x1e
  93000: global: RegFile: Setting cc register 9 to 0x4
  93000: global: RegFile: Setting cc register 10 to 0
  93000: system.cpu.iew: Adding instruction [sn:16] to commit queue.
  93000: system.cpu.iew: Current wb cycle: 0, width: 19, numInst: 2
wbActual:2
  93000: system.cpu.iew: Execute: Executing instructions from IQ.
  93000: system.cpu.iew: Execute: Processing PC (0x401038=>0x40103c).(0=>1), [tid:0] [sn:18].
  93000: global: RegFile: Setting int register 52 to 0x10
  93000: system.cpu.iew: Adding instruction [sn:18] to commit queue.
  93000: system.cpu.iew: Current wb cycle: 0, width: 19, numInst: 3
wbActual:3
  93000: system.cpu: Activity: 7
  93000: system.cpu.iew: Sending instructions to commit, [sn:2] PC (0x401000=>0x401004).(1=>2).
  93000: system.cpu.iq: Waking dependents of completed instruction.
  93000: system.cpu.iq: Waking any dependents on register 40 (integer).
  93000: system.cpu.iq: Waking up a dependent instruction, [sn:19] PC (0x401038=>0x40103c).(1=>2).
  93000: global: [sn:19] has 6 ready out of 7 sources. RTI 0)
  93000: system.cpu.iq: Waking up a dependent instruction, [sn:14] PC (0x40102e=>0x401032).(0=>1).
  93000: global: [sn:14] has 3 ready out of 3 sources. RTI 0)
  93000: system.cpu.iq: Checking if memory instruction can issue.
  93000: system.cpu.memDep0: Marking registers as ready for instruction PC (0x40102e=>0x401032).(0=>1) [sn:14].
  93000: system.cpu.memDep0: Instruction PC 0x40102e [sn:14] still waiting on memory dependency.
  93000: system.cpu.iq: Waking up a dependent instruction, [sn:13] PC (0x40102a=>0x40102e).(0=>1).
  93000: global: [sn:13] has 3 ready out of 3 sources. RTI 0)
  93000: system.cpu.iq: Checking if memory instruction can issue.
  93000: system.cpu.memDep0: Marking registers as ready for instruction PC (0x40102a=>0x40102e).(0=>1) [sn:13].
  93000: system.cpu.memDep0: Instruction PC 0x40102a [sn:13] still waiting on memory dependency.
  93000: system.cpu.iq: Waking up a dependent instruction, [sn:12] PC (0x401026=>0x40102a).(0=>1).
  93000: global: [sn:12] has 3 ready out of 3 sources. RTI 0)
  93000: system.cpu.iq: Checking if memory instruction can issue.
  93000: system.cpu.memDep0: Marking registers as ready for instruction PC (0x401026=>0x40102a).(0=>1) [sn:12].
  93000: system.cpu.memDep0: Instruction PC 0x401026 [sn:12] still waiting on memory dependency.
  93000: system.cpu.iq: Waking up a dependent instruction, [sn:11] PC (0x401023=>0x401026).(0=>1).
  93000: global: [sn:11] has 3 ready out of 3 sources. RTI 0)
  93000: system.cpu.iq: Checking if memory instruction can issue.
  93000: system.cpu.memDep0: Marking registers as ready for instruction PC (0x401023=>0x401026).(0=>1) [sn:11].
  93000: system.cpu.memDep0: Instruction PC 0x401023 [sn:11] still waiting on memory dependency.
  93000: system.cpu.iq: Waking up a dependent instruction, [sn:10] PC (0x40101b=>0x401023).(1=>2).
  93000: global: [sn:10] has 4 ready out of 4 sources. RTI 0)
  93000: system.cpu.iq: Checking if memory instruction can issue.
  93000: system.cpu.memDep0: Marking registers as ready for instruction PC (0x40101b=>0x401023).(1=>2) [sn:10].
  93000: system.cpu.memDep0: Instruction has its memory dependencies resolved, adding it to the ready list.
  93000: system.cpu.memDep0: Adding instruction [sn:10] to the ready list.
  93000: system.cpu.iq: Instruction is ready to issue, putting it onto the ready list, PC (0x40101b=>0x401023).(1=>2) opclass:53 [sn:10].
  93000: system.cpu.iq: Waking up a dependent instruction, [sn:8] PC (0x401013=>0x40101b).(1=>2).
  93000: global: [sn:8] has 4 ready out of 4 sources. RTI 0)
  93000: system.cpu.iq: Checking if memory instruction can issue.
  93000: system.cpu.memDep0: Marking registers as ready for instruction PC (0x401013=>0x40101b).(1=>2) [sn:8].
  93000: system.cpu.memDep0: Instruction has its memory dependencies resolved, adding it to the ready list.
  93000: system.cpu.memDep0: Adding instruction [sn:8] to the ready list.
  93000: system.cpu.iq: Instruction is ready to issue, putting it onto the ready list, PC (0x401013=>0x40101b).(1=>2) opclass:53 [sn:8].
  93000: system.cpu.iq: Waking up a dependent instruction, [sn:6] PC (0x40100b=>0x401013).(1=>2).
  93000: global: [sn:6] has 4 ready out of 4 sources. RTI 0)
  93000: system.cpu.iq: Checking if memory instruction can issue.
  93000: system.cpu.memDep0: Marking registers as ready for instruction PC (0x40100b=>0x401013).(1=>2) [sn:6].
  93000: system.cpu.memDep0: Instruction has its memory dependencies resolved, adding it to the ready list.
  93000: system.cpu.memDep0: Adding instruction [sn:6] to the ready list.
  93000: system.cpu.iq: Instruction is ready to issue, putting it onto the ready list, PC (0x40100b=>0x401013).(1=>2) opclass:53 [sn:6].
  93000: system.cpu.iq: Waking up a dependent instruction, [sn:4] PC (0x401004=>0x40100b).(1=>2).
  93000: global: [sn:4] has 4 ready out of 4 sources. RTI 0)
  93000: system.cpu.iq: Checking if memory instruction can issue.
  93000: system.cpu.memDep0: Marking registers as ready for instruction PC (0x401004=>0x40100b).(1=>2) [sn:4].
  93000: system.cpu.memDep0: Instruction has its memory dependencies resolved, adding it to the ready list.
  93000: system.cpu.memDep0: Adding instruction [sn:4] to the ready list.
  93000: system.cpu.iq: Instruction is ready to issue, putting it onto the ready list, PC (0x401004=>0x40100b).(1=>2) opclass:53 [sn:4].
  93000: system.cpu.iq: Waking any dependents on register 5 (condition_code).
  93000: system.cpu.iq: Waking any dependents on register 6 (condition_code).
  93000: system.cpu.iq: Reg 4294967295 [invalid] is part of a fix mapping, skipping
  93000: system.cpu.iq: Reg 4294967295 [invalid] is part of a fix mapping, skipping
  93000: system.cpu.iq: Reg 4294967295 [invalid] is part of a fix mapping, skipping
  93000: system.cpu.iew: Setting Destination Register 40 (integer)
  93000: system.cpu.scoreboard: Setting reg 40 (integer) as ready
  93000: system.cpu.iew: Setting Destination Register 5 (condition_code)
  93000: system.cpu.scoreboard: Setting reg 5 (condition_code) as ready
  93000: system.cpu.iew: Setting Destination Register 6 (condition_code)
  93000: system.cpu.scoreboard: Setting reg 6 (condition_code) as ready
  93000: system.cpu.iew: Setting Destination Register 4294967295 (invalid)
  93000: system.cpu.iew: Setting Destination Register 4294967295 (invalid)
  93000: system.cpu.iew: Setting Destination Register 4294967295 (invalid)
  93000: system.cpu.iew: Sending instructions to commit, [sn:15] PC (0x401032=>0x401034).(0=>1).
  93000: system.cpu.iq: Waking dependents of completed instruction.
  93000: system.cpu.iq: Waking any dependents on register 49 (integer).
  93000: system.cpu.iq: Waking up a dependent instruction, [sn:17] PC (0x401036=>0x401038).(0=>1).
  93000: global: [sn:17] has 6 ready out of 7 sources. RTI 0)
  93000: system.cpu.iq: Waking any dependents on register 7 (condition_code).
  93000: system.cpu.iq: Waking any dependents on register 8 (condition_code).
  93000: system.cpu.iq: Reg 4294967295 [invalid] is part of a fix mapping, skipping
  93000: system.cpu.iq: Reg 4294967295 [invalid] is part of a fix mapping, skipping
  93000: system.cpu.iq: Reg 4294967295 [invalid] is part of a fix mapping, skipping
  93000: system.cpu.iew: Setting Destination Register 49 (integer)
  93000: system.cpu.scoreboard: Setting reg 49 (integer) as ready
  93000: system.cpu.iew: Setting Destination Register 7 (condition_code)
  93000: system.cpu.scoreboard: Setting reg 7 (condition_code) as ready
  93000: system.cpu.iew: Setting Destination Register 8 (condition_code)
  93000: system.cpu.scoreboard: Setting reg 8 (condition_code) as ready
  93000: system.cpu.iew: Setting Destination Register 4294967295 (invalid)
  93000: system.cpu.iew: Setting Destination Register 4294967295 (invalid)
  93000: system.cpu.iew: Setting Destination Register 4294967295 (invalid)
  93000: system.cpu.iew: Sending instructions to commit, [sn:16] PC (0x401034=>0x401036).(0=>1).
  93000: system.cpu.iq: Waking dependents of completed instruction.
  93000: system.cpu.iq: Waking any dependents on register 50 (integer).
  93000: system.cpu.iq: Waking up a dependent instruction, [sn:17] PC (0x401036=>0x401038).(0=>1).
  93000: global: [sn:17] has 7 ready out of 7 sources. RTI 0)
  93000: system.cpu.iq: Instruction is ready to issue, putting it onto the ready list, PC (0x401036=>0x401038).(0=>1) opclass:1 [sn:17].
  93000: system.cpu.iq: Waking any dependents on register 9 (condition_code).
  93000: system.cpu.iq: Waking any dependents on register 10 (condition_code).
  93000: system.cpu.iq: Reg 4294967295 [invalid] is part of a fix mapping, skipping
  93000: system.cpu.iq: Reg 4294967295 [invalid] is part of a fix mapping, skipping
  93000: system.cpu.iq: Reg 4294967295 [invalid] is part of a fix mapping, skipping
  93000: system.cpu.iew: Setting Destination Register 50 (integer)
  93000: system.cpu.scoreboard: Setting reg 50 (integer) as ready
  93000: system.cpu.iew: Setting Destination Register 9 (condition_code)
  93000: system.cpu.scoreboard: Setting reg 9 (condition_code) as ready
  93000: system.cpu.iew: Setting Destination Register 10 (condition_code)
  93000: system.cpu.scoreboard: Setting reg 10 (condition_code) as ready
  93000: system.cpu.iew: Setting Destination Register 4294967295 (invalid)
  93000: system.cpu.iew: Setting Destination Register 4294967295 (invalid)
  93000: system.cpu.iew: Setting Destination Register 4294967295 (invalid)
  93000: system.cpu.iew: Sending instructions to commit, [sn:18] PC (0x401038=>0x40103c).(0=>1).
  93000: system.cpu.iq: Waking dependents of completed instruction.
  93000: system.cpu.iq: Waking any dependents on register 52 (integer).
  93000: system.cpu.iq: Waking up a dependent instruction, [sn:19] PC (0x401038=>0x40103c).(1=>2).
  93000: global: [sn:19] has 7 ready out of 7 sources. RTI 0)
  93000: system.cpu.iq: Instruction is ready to issue, putting it onto the ready list, PC (0x401038=>0x40103c).(1=>2) opclass:1 [sn:19].
  93000: system.cpu.iew: Setting Destination Register 52 (integer)
  93000: system.cpu.scoreboard: Setting reg 52 (integer) as ready
  93000: system.cpu.iq: Attempting to schedule ready instructions from the IQ.
  93000: system.cpu.iq: Thread 0: Issuing instruction PC (0x401004=>0x40100b).(1=>2) [sn:4]
  93000: system.cpu.memDep0: Issuing instruction PC 0x401004 [sn:4].
  93000: system.cpu.iq: Thread 0: Issuing instruction PC (0x40100b=>0x401013).(1=>2) [sn:6]
  93000: system.cpu.memDep0: Issuing instruction PC 0x40100b [sn:6].
  93000: system.cpu.iq: Thread 0: Issuing instruction PC (0x401013=>0x40101b).(1=>2) [sn:8]
  93000: system.cpu.memDep0: Issuing instruction PC 0x401013 [sn:8].
  93000: system.cpu.iq: Thread 0: Issuing instruction PC (0x40101b=>0x401023).(1=>2) [sn:10]
  93000: system.cpu.memDep0: Issuing instruction PC 0x40101b [sn:10].
  93000: system.cpu.iq: Thread 0: Issuing instruction PC (0x401036=>0x401038).(0=>1) [sn:17]
  93000: system.cpu.iq: Thread 0: Issuing instruction PC (0x401038=>0x40103c).(1=>2) [sn:19]
  93000: system.cpu.iew: Processing [tid:0]
  93000: system.cpu.iew.lsq.thread0: LQ size: 132, #loads occupied: 4
  93000: system.cpu.iew.lsq.thread0: SQ size: 72, #stores occupied: 4
  93000: system.cpu.iew: [tid:0], Dispatch dispatched 0 instructions.
  93000: system.cpu.iew.lsq.thread0: SQ size: 72, #stores occupied: 4
  93000: system.cpu.iew.lsq.thread0: LQ size: 132, #loads occupied: 4
  93000: system.cpu.iew: IQ has 550 free entries (Can schedule: 0).  LQ has 128 free entries. SQ has 68 free entries.
  93000: system.cpu.iew: Activity this cycle.
  93000: system.cpu.commit: Getting instructions from Rename stage.
  93000: system.cpu.commit: Trying to commit instructions in the ROB.
  93000: system.cpu.commit: [tid:0] Marking PC (0x401000=>0x401004).(0=>1), [sn:1] ready within ROB.
  93000: system.cpu.commit: [tid:0] Marking PC (0x401004=>0x40100b).(0=>1), [sn:3] ready within ROB.
  93000: system.cpu.commit: [tid:0] Marking PC (0x40100b=>0x401013).(0=>1), [sn:5] ready within ROB.
  93000: system.cpu.commit: [tid:0] Marking PC (0x401013=>0x40101b).(0=>1), [sn:7] ready within ROB.
  93000: system.cpu.commit: [tid:0] Marking PC (0x40101b=>0x401023).(0=>1), [sn:9] ready within ROB.
  93000: system.cpu.commit: [tid:0] Instruction [sn:1] PC (0x401000=>0x401004).(0=>1) is head of ROB and ready to commit
  93000: system.cpu.commit: [tid:0] ROB has 20 insts & 898 free entries.
  93000: system.cpu.commit: Activating stage.
  93000: system.cpu: Activity: 8
  93000: system.cpu: Scheduling next tick!
  94000: system.cpu: 

O3CPU: Ticking main, O3CPU.
  94000: system.cpu.fetch: Running stage.
  94000: system.cpu.fetch: There are no more threads available to fetch from.
  94000: system.cpu.fetch: [tid:0] Fetch is waiting cache response!
  94000: system.cpu.decode: Processing [tid:0]
  94000: system.cpu.decode: [tid:0] Not blocked, so attempting to run stage.
  94000: system.cpu.decode: [tid:0] Nothing to do, breaking out early.
  94000: system.cpu.rename: Processing [tid:0]
  94000: system.cpu.rename: [tid:0] Free IQ: 550, Free ROB: 898, Free LQ: 128, Free SQ: 68, FreeRM 127(863 870 917 1834 127 8 4575)
  94000: system.cpu.rename: [tid:0] 0 instructions not yet in ROB
  94000: system.cpu.rename: calcFreeLQEntries: free lqEntries: 128, loadsInProgress: 0, loads dispatchedToLQ: 0
  94000: system.cpu.rename: [tid:0] Not blocked, so attempting to run stage.
  94000: system.cpu.rename: [tid:0] Nothing to do, breaking out early.
  94000: system.cpu.iew: Issue: Processing [tid:0]
  94000: system.cpu.iew: [tid:0] Not blocked, so attempting to run dispatch.
  94000: system.cpu.iew: Execute: Executing instructions from IQ.
  94000: system.cpu.iew: Execute: Processing PC (0x401004=>0x40100b).(1=>2), [tid:0] [sn:4].
  94000: system.cpu.iew: Execute: Calculating address for memory reference.
  94000: system.cpu.iew.lsq.thread0: Executing store PC (0x401004=>0x40100b).(1=>2) [sn:4]
  94000: global: RegFile: Access to int register 40, has data 0x7fffffffee10
  94000: global: RegFile: Access to int register 41, has data 0x5
  94000: system.cpu.iew.lsq.thread0: Doing write to store idx 0, addr 0x2e10 | storeHead:0 [sn:4]
  94000: system.cpu.iew: Adding instruction [sn:4] to commit queue.
  94000: system.cpu.iew: Current wb cycle: 0, width: 19, numInst: 0
wbActual:0
  94000: system.cpu.iew: Activity this cycle.
  94000: system.cpu: Activity: 9
  94000: system.cpu.iew: Execute: Executing instructions from IQ.
  94000: system.cpu.iew: Execute: Processing PC (0x40100b=>0x401013).(1=>2), [tid:0] [sn:6].
  94000: system.cpu.iew: Execute: Calculating address for memory reference.
  94000: system.cpu.iew.lsq.thread0: Executing store PC (0x40100b=>0x401013).(1=>2) [sn:6]
  94000: global: RegFile: Access to int register 40, has data 0x7fffffffee10
  94000: global: RegFile: Access to int register 42, has data 0xa
  94000: system.cpu.iew.lsq.thread0: Doing write to store idx 1, addr 0x2e14 | storeHead:0 [sn:6]
  94000: system.cpu.iew: Adding instruction [sn:6] to commit queue.
  94000: system.cpu.iew: Current wb cycle: 0, width: 19, numInst: 1
wbActual:1
  94000: system.cpu.iew: Activity this cycle.
  94000: system.cpu.iew: Execute: Executing instructions from IQ.
  94000: system.cpu.iew: Execute: Processing PC (0x401013=>0x40101b).(1=>2), [tid:0] [sn:8].
  94000: system.cpu.iew: Execute: Calculating address for memory reference.
  94000: system.cpu.iew.lsq.thread0: Executing store PC (0x401013=>0x40101b).(1=>2) [sn:8]
  94000: global: RegFile: Access to int register 40, has data 0x7fffffffee10
  94000: global: RegFile: Access to int register 43, has data 0xf
  94000: system.cpu.iew.lsq.thread0: Doing write to store idx 2, addr 0x2e18 | storeHead:0 [sn:8]
  94000: system.cpu.iew: Adding instruction [sn:8] to commit queue.
  94000: system.cpu.iew: Current wb cycle: 0, width: 19, numInst: 2
wbActual:2
  94000: system.cpu.iew: Activity this cycle.
  94000: system.cpu.iew: Execute: Executing instructions from IQ.
  94000: system.cpu.iew: Execute: Processing PC (0x40101b=>0x401023).(1=>2), [tid:0] [sn:10].
  94000: system.cpu.iew: Execute: Calculating address for memory reference.
  94000: system.cpu.iew.lsq.thread0: Executing store PC (0x40101b=>0x401023).(1=>2) [sn:10]
  94000: global: RegFile: Access to int register 40, has data 0x7fffffffee10
  94000: global: RegFile: Access to int register 44, has data 0x14
  94000: system.cpu.iew.lsq.thread0: Doing write to store idx 3, addr 0x2e1c | storeHead:0 [sn:10]
  94000: system.cpu.iew: Adding instruction [sn:10] to commit queue.
  94000: system.cpu.iew: Current wb cycle: 0, width: 19, numInst: 3
wbActual:3
  94000: system.cpu.iew: Activity this cycle.
  94000: system.cpu.iew: Execute: Executing instructions from IQ.
  94000: system.cpu.iew: Execute: Processing PC (0x401036=>0x401038).(0=>1), [tid:0] [sn:17].
  94000: global: RegFile: Access to int register 50, has data 0x1e
  94000: global: RegFile: Access to int register 49, has data 0xf
  94000: global: RegFile: Setting int register 51 to 0xf
  94000: global: RegFile: Setting cc register 11 to 0x14
  94000: global: RegFile: Setting cc register 12 to 0
  94000: system.cpu.iew: Adding instruction [sn:17] to commit queue.
  94000: system.cpu.iew: Current wb cycle: 0, width: 19, numInst: 4
wbActual:4
  94000: system.cpu.iew: Execute: Executing instructions from IQ.
  94000: system.cpu.iew: Execute: Processing PC (0x401038=>0x40103c).(1=>2), [tid:0] [sn:19].
  94000: global: RegFile: Access to int register 40, has data 0x7fffffffee10
  94000: global: RegFile: Access to int register 52, has data 0x10
  94000: global: RegFile: Setting int register 53 to 0x7fffffffee20
  94000: global: RegFile: Setting cc register 13 to 0
  94000: global: RegFile: Setting cc register 14 to 0
  94000: system.cpu.iew: Adding instruction [sn:19] to commit queue.
  94000: system.cpu.iew: Current wb cycle: 0, width: 19, numInst: 5
wbActual:5
  94000: system.cpu.iew: Sending instructions to commit, [sn:4] PC (0x401004=>0x40100b).(1=>2).
  94000: system.cpu.iq: Waking dependents of completed instruction.
  94000: system.cpu.memDep0: Inst PC: 0x401004 [sn:4] is Releasing one dependency for inst PC: 0x401023 [sn:11].
  94000: system.cpu.memDep0: Inst PC: 0x401023 [sn:11] is just woken up!!
  94000: system.cpu.memDep0: Adding instruction [sn:11] to the ready list.
  94000: system.cpu.iq: Instruction is ready to issue, putting it onto the ready list, PC (0x401023=>0x401026).(0=>1) opclass:52 [sn:11].
  94000: system.cpu.memDep0: Completed mem instruction PC (0x401004=>0x40100b).(1=>2) [sn:4].
  94000: system.cpu.iq: Completing mem instruction PC: (0x401004=>0x40100b).(1=>2) [sn:4]
  94000: system.cpu.iew: Sending instructions to commit, [sn:6] PC (0x40100b=>0x401013).(1=>2).
  94000: system.cpu.iq: Waking dependents of completed instruction.
  94000: system.cpu.memDep0: Inst PC: 0x40100b [sn:6] is Releasing one dependency for inst PC: 0x401026 [sn:12].
  94000: system.cpu.memDep0: Inst PC: 0x401026 [sn:12] is just woken up!!
  94000: system.cpu.memDep0: Adding instruction [sn:12] to the ready list.
  94000: system.cpu.iq: Instruction is ready to issue, putting it onto the ready list, PC (0x401026=>0x40102a).(0=>1) opclass:52 [sn:12].
  94000: system.cpu.memDep0: Inst PC: 0x40100b [sn:6] is Releasing one dependency for inst PC: 0x40102a [sn:13].
  94000: system.cpu.memDep0: Inst PC: 0x40102a [sn:13] is just woken up!!
  94000: system.cpu.memDep0: Adding instruction [sn:13] to the ready list.
  94000: system.cpu.iq: Instruction is ready to issue, putting it onto the ready list, PC (0x40102a=>0x40102e).(0=>1) opclass:52 [sn:13].
  94000: system.cpu.memDep0: Completed mem instruction PC (0x40100b=>0x401013).(1=>2) [sn:6].
  94000: system.cpu.iq: Completing mem instruction PC: (0x40100b=>0x401013).(1=>2) [sn:6]
  94000: system.cpu.iew: Sending instructions to commit, [sn:8] PC (0x401013=>0x40101b).(1=>2).
  94000: system.cpu.iq: Waking dependents of completed instruction.
  94000: system.cpu.memDep0: Completed mem instruction PC (0x401013=>0x40101b).(1=>2) [sn:8].
  94000: system.cpu.iq: Completing mem instruction PC: (0x401013=>0x40101b).(1=>2) [sn:8]
  94000: system.cpu.iew: Sending instructions to commit, [sn:10] PC (0x40101b=>0x401023).(1=>2).
  94000: system.cpu.iq: Waking dependents of completed instruction.
  94000: system.cpu.memDep0: Inst PC: 0x40101b [sn:10] is Releasing one dependency for inst PC: 0x40102e [sn:14].
  94000: system.cpu.memDep0: Inst PC: 0x40102e [sn:14] is just woken up!!
  94000: system.cpu.memDep0: Adding instruction [sn:14] to the ready list.
  94000: system.cpu.iq: Instruction is ready to issue, putting it onto the ready list, PC (0x40102e=>0x401032).(0=>1) opclass:52 [sn:14].
  94000: system.cpu.memDep0: Completed mem instruction PC (0x40101b=>0x401023).(1=>2) [sn:10].
  94000: system.cpu.iq: Completing mem instruction PC: (0x40101b=>0x401023).(1=>2) [sn:10]
  94000: system.cpu.iew: Sending instructions to commit, [sn:17] PC (0x401036=>0x401038).(0=>1).
  94000: system.cpu.iq: Waking dependents of completed instruction.
  94000: system.cpu.iq: Waking any dependents on register 51 (integer).
  94000: system.cpu.iq: Waking up a dependent instruction, [sn:20] PC (0x40103c=>0x40103e).(0=>1).
  94000: global: [sn:20] has 3 ready out of 3 sources. RTI 0)
  94000: system.cpu.iq: Instruction is ready to issue, putting it onto the ready list, PC (0x40103c=>0x40103e).(0=>1) opclass:1 [sn:20].
  94000: system.cpu.iq: Waking any dependents on register 11 (condition_code).
  94000: system.cpu.iq: Waking any dependents on register 12 (condition_code).
  94000: system.cpu.iq: Reg 4294967295 [invalid] is part of a fix mapping, skipping
  94000: system.cpu.iq: Reg 4294967295 [invalid] is part of a fix mapping, skipping
  94000: system.cpu.iq: Reg 4294967295 [invalid] is part of a fix mapping, skipping
  94000: system.cpu.iew: Setting Destination Register 51 (integer)
  94000: system.cpu.scoreboard: Setting reg 51 (integer) as ready
  94000: system.cpu.iew: Setting Destination Register 11 (condition_code)
  94000: system.cpu.scoreboard: Setting reg 11 (condition_code) as ready
  94000: system.cpu.iew: Setting Destination Register 12 (condition_code)
  94000: system.cpu.scoreboard: Setting reg 12 (condition_code) as ready
  94000: system.cpu.iew: Setting Destination Register 4294967295 (invalid)
  94000: system.cpu.iew: Setting Destination Register 4294967295 (invalid)
  94000: system.cpu.iew: Setting Destination Register 4294967295 (invalid)
  94000: system.cpu.iew: Sending instructions to commit, [sn:19] PC (0x401038=>0x40103c).(1=>2).
  94000: system.cpu.iq: Waking dependents of completed instruction.
  94000: system.cpu.iq: Waking any dependents on register 53 (integer).
  94000: system.cpu.iq: Waking any dependents on register 13 (condition_code).
  94000: system.cpu.iq: Waking any dependents on register 14 (condition_code).
  94000: system.cpu.iq: Reg 4294967295 [invalid] is part of a fix mapping, skipping
  94000: system.cpu.iq: Reg 4294967295 [invalid] is part of a fix mapping, skipping
  94000: system.cpu.iq: Reg 4294967295 [invalid] is part of a fix mapping, skipping
  94000: system.cpu.iew: Setting Destination Register 53 (integer)
  94000: system.cpu.scoreboard: Setting reg 53 (integer) as ready
  94000: system.cpu.iew: Setting Destination Register 13 (condition_code)
  94000: system.cpu.scoreboard: Setting reg 13 (condition_code) as ready
  94000: system.cpu.iew: Setting Destination Register 14 (condition_code)
  94000: system.cpu.scoreboard: Setting reg 14 (condition_code) as ready
  94000: system.cpu.iew: Setting Destination Register 4294967295 (invalid)
  94000: system.cpu.iew: Setting Destination Register 4294967295 (invalid)
  94000: system.cpu.iew: Setting Destination Register 4294967295 (invalid)
  94000: system.cpu.iq: Attempting to schedule ready instructions from the IQ.
  94000: system.cpu.iq: Thread 0: Issuing instruction PC (0x401023=>0x401026).(0=>1) [sn:11]
  94000: system.cpu.memDep0: Issuing instruction PC 0x401023 [sn:11].
  94000: system.cpu.iq: Thread 0: Issuing instruction PC (0x401026=>0x40102a).(0=>1) [sn:12]
  94000: system.cpu.memDep0: Issuing instruction PC 0x401026 [sn:12].
  94000: system.cpu.iq: Thread 0: Issuing instruction PC (0x40102a=>0x40102e).(0=>1) [sn:13]
  94000: system.cpu.memDep0: Issuing instruction PC 0x40102a [sn:13].
  94000: system.cpu.iq: Thread 0: Issuing instruction PC (0x40102e=>0x401032).(0=>1) [sn:14]
  94000: system.cpu.memDep0: Issuing instruction PC 0x40102e [sn:14].
  94000: system.cpu.iq: Thread 0: Issuing instruction PC (0x40103c=>0x40103e).(0=>1) [sn:20]
  94000: system.cpu.iew: Processing [tid:0]
  94000: system.cpu.iew.lsq.thread0: LQ size: 132, #loads occupied: 4
  94000: system.cpu.iew.lsq.thread0: SQ size: 72, #stores occupied: 4
  94000: system.cpu.iew: [tid:0], Dispatch dispatched 0 instructions.
  94000: system.cpu.iew.lsq.thread0: SQ size: 72, #stores occupied: 4
  94000: system.cpu.iew.lsq.thread0: LQ size: 132, #loads occupied: 4
  94000: system.cpu.iew: IQ has 555 free entries (Can schedule: 0).  LQ has 128 free entries. SQ has 68 free entries.
  94000: system.cpu.iew: Activity this cycle.
  94000: system.cpu.commit: Getting instructions from Rename stage.
  94000: system.cpu.commit: Trying to commit instructions in the ROB.
  94000: system.cpu.commit: Trying to commit head instruction, [tid:0] [sn:1]
  94000: system.cpu.commit: [tid:0] [sn:1] Committing instruction with PC (0x401000=>0x401004).(0=>1)
  94000: system.cpu.rob: [tid:0] Retiring head instruction, instruction PC (0x401000=>0x401004).(0=>1), [sn:1]
  94000: system.cpu: Removing committed instruction [tid:0] PC (0x401000=>0x401004).(0=>1) [sn:1]
  94000: system.cpu.commit: [tid:0] Marking PC (0x401000=>0x401004).(1=>2), [sn:2] ready within ROB.
  94000: system.cpu.commit: [tid:0] Marking PC (0x401032=>0x401034).(0=>1), [sn:15] ready within ROB.
  94000: system.cpu.commit: [tid:0] Marking PC (0x401034=>0x401036).(0=>1), [sn:16] ready within ROB.
  94000: system.cpu.commit: [tid:0] Marking PC (0x401038=>0x40103c).(0=>1), [sn:18] ready within ROB.
  94000: system.cpu.commit: [tid:0] Instruction [sn:2] PC (0x401000=>0x401004).(1=>2) is head of ROB and ready to commit
  94000: system.cpu.commit: [tid:0] ROB has 19 insts & 899 free entries.
  94000: system.cpu.commit: Activity This Cycle.
  94000: system.cpu: Removing instruction, [tid:0] [sn:1] PC (0x401000=>0x401004).(0=>1)
  94000: system.cpu: Scheduling next tick!
  95000: system.cpu: 

O3CPU: Ticking main, O3CPU.
  95000: system.cpu.fetch: Running stage.
  95000: system.cpu.fetch: There are no more threads available to fetch from.
  95000: system.cpu.fetch: [tid:0] Fetch is waiting cache response!
  95000: system.cpu.decode: Processing [tid:0]
  95000: system.cpu.decode: [tid:0] Not blocked, so attempting to run stage.
  95000: system.cpu.decode: [tid:0] Nothing to do, breaking out early.
  95000: system.cpu.rename: Processing [tid:0]
  95000: system.cpu.rename: [tid:0] Free IQ: 555, Free ROB: 899, Free LQ: 128, Free SQ: 68, FreeRM 127(863 870 917 1834 127 8 4575)
  95000: system.cpu.rename: [tid:0] 0 instructions not yet in ROB
  95000: system.cpu.rename: calcFreeLQEntries: free lqEntries: 128, loadsInProgress: 0, loads dispatchedToLQ: 0
  95000: system.cpu.rename: [tid:0] Not blocked, so attempting to run stage.
  95000: system.cpu.rename: [tid:0] Nothing to do, breaking out early.
  95000: system.cpu.rename: [tid:0] Removing a committed instruction from the history buffer 0 (size=41), until [sn:1].
  95000: system.cpu.rename: [tid:0] Freeing older rename of reg 17 (17), [sn:1].
  95000: system.cpu.rename: [tid:0] Successfully freed phys reg 17 (17) from history buffer.
  95000: system.cpu.iew: Issue: Processing [tid:0]
  95000: system.cpu.iew: [tid:0] Not blocked, so attempting to run dispatch.
  95000: system.cpu.iew: Execute: Executing instructions from IQ.
  95000: system.cpu.iew: Execute: Processing PC (0x401023=>0x401026).(0=>1), [tid:0] [sn:11].
  95000: system.cpu.iew: Execute: Calculating address for memory reference.
  95000: system.cpu.iew.lsq.thread0: Executing load PC (0x401023=>0x401026).(0=>1), [sn:11]
  95000: global: RegFile: Access to int register 40, has data 0x7fffffffee10
  95000: system.cpu.iew.lsq.thread0: Read called, load idx: 0, store idx: 5, storeHead: 0 addr: 0x2e10
  95000: system.cpu.iew.lsq.thread0: Forwarding from store idx 1 to load to addr 0x7fffffffee10
  95000: system.cpu.iew: Execute: Executing instructions from IQ.
  95000: system.cpu.iew: Execute: Processing PC (0x401026=>0x40102a).(0=>1), [tid:0] [sn:12].
  95000: system.cpu.iew: Execute: Calculating address for memory reference.
  95000: system.cpu.iew.lsq.thread0: Executing load PC (0x401026=>0x40102a).(0=>1), [sn:12]
  95000: global: RegFile: Access to int register 40, has data 0x7fffffffee10
  95000: system.cpu.iew.lsq.thread0: Read called, load idx: 1, store idx: 5, storeHead: 0 addr: 0x2e14
  95000: system.cpu.iew.lsq.thread0: Forwarding from store idx 2 to load to addr 0x7fffffffee14
  95000: system.cpu.iew: Execute: Executing instructions from IQ.
  95000: system.cpu.iew: Execute: Processing PC (0x40102a=>0x40102e).(0=>1), [tid:0] [sn:13].
  95000: system.cpu.iew: Execute: Calculating address for memory reference.
  95000: system.cpu.iew.lsq.thread0: Executing load PC (0x40102a=>0x40102e).(0=>1), [sn:13]
  95000: global: RegFile: Access to int register 40, has data 0x7fffffffee10
  95000: system.cpu.iew.lsq.thread0: Read called, load idx: 2, store idx: 5, storeHead: 0 addr: 0x2e18
  95000: system.cpu.iew.lsq.thread0: Load [sn:13] not executed from fault
  95000: system.cpu.iew: Adding instruction [sn:13] to commit queue.
  95000: system.cpu.iew: Current wb cycle: 0, width: 19, numInst: 0
wbActual:0
  95000: system.cpu.iew: Activity this cycle.
  95000: system.cpu: Activity: 10
  95000: system.cpu.iew: LDSTQ detected a violation. Violator PC: (0x40102a=>0x40102e).(0=>1) [sn:13], inst PC: (0x40102a=>0x40102e).(0=>1) [sn:13]. Addr is: 0x2e18.
  95000: system.cpu.iew: [tid:0] Memory violation, squashing violator and younger insts, PC: (0x40102a=>0x40102e).(0=>1) [sn:13].
  95000: system.cpu.iew: Execute: Executing instructions from IQ.
  95000: system.cpu.iew: Execute: Processing PC (0x40102e=>0x401032).(0=>1), [tid:0] [sn:14].
  95000: system.cpu.iew: Execute: Calculating address for memory reference.
  95000: system.cpu.iew.lsq.thread0: Executing load PC (0x40102e=>0x401032).(0=>1), [sn:14]
  95000: global: RegFile: Access to int register 40, has data 0x7fffffffee10
  95000: system.cpu.iew.lsq.thread0: Read called, load idx: 3, store idx: 5, storeHead: 0 addr: 0x2e1c
  95000: system.cpu.iew.lsq.thread0: Forwarding from store idx 4 to load to addr 0x7fffffffee1c
  95000: system.cpu.iew: Execute: Executing instructions from IQ.
  95000: system.cpu.iew: Execute: Processing PC (0x40103c=>0x40103e).(0=>1), [tid:0] [sn:20].
  95000: global: RegFile: Access to int register 51, has data 0xf
  95000: global: RegFile: Setting int register 54 to 0xf
  95000: system.cpu.iew: Adding instruction [sn:20] to commit queue.
  95000: system.cpu.iew: Current wb cycle: 0, width: 19, numInst: 1
wbActual:1
  95000: system.cpu.iew: Sending instructions to commit, [sn:13] PC (0x40102a=>0x40102e).(0=>1).
  95000: system.cpu.iew: Sending instructions to commit, [sn:20] PC (0x40103c=>0x40103e).(0=>1).
  95000: system.cpu.iq: Waking dependents of completed instruction.
  95000: system.cpu.iq: Waking any dependents on register 54 (integer).
  95000: system.cpu.iew: Setting Destination Register 54 (integer)
  95000: system.cpu.scoreboard: Setting reg 54 (integer) as ready
  95000: system.cpu.iq: Attempting to schedule ready instructions from the IQ.
  95000: system.cpu.iq: Not able to schedule any instructions.
  95000: system.cpu.iew: Processing [tid:0]
  95000: system.cpu.iq: [tid:0] Committing instructions older than [sn:1]
  95000: system.cpu.iew.lsq.thread0: LQ size: 132, #loads occupied: 4
  95000: system.cpu.iew.lsq.thread0: SQ size: 72, #stores occupied: 4
  95000: system.cpu.iew: [tid:0], Dispatch dispatched 0 instructions.
  95000: system.cpu.iew.lsq.thread0: SQ size: 72, #stores occupied: 4
  95000: system.cpu.iew.lsq.thread0: LQ size: 132, #loads occupied: 4
  95000: system.cpu.iew: IQ has 555 free entries (Can schedule: 0).  LQ has 128 free entries. SQ has 68 free entries.
  95000: system.cpu.iew: Activity this cycle.
  95000: system.cpu.commit: Getting instructions from Rename stage.
  95000: system.cpu.commit: Trying to commit instructions in the ROB.
  95000: system.cpu.commit: Trying to commit head instruction, [tid:0] [sn:2]
  95000: system.cpu.commit: [tid:0] [sn:2] Committing instruction with PC (0x401000=>0x401004).(1=>2)
  95000: system.cpu.rob: [tid:0] Retiring head instruction, instruction PC (0x401000=>0x401004).(1=>2), [sn:2]
  95000: system.cpu: Removing committed instruction [tid:0] PC (0x401000=>0x401004).(1=>2) [sn:2]
  95000: system.cpu.commit: Trying to commit head instruction, [tid:0] [sn:3]
  95000: system.cpu.commit: [tid:0] [sn:3] Committing instruction with PC (0x401004=>0x40100b).(0=>1)
  95000: system.cpu.rob: [tid:0] Retiring head instruction, instruction PC (0x401004=>0x40100b).(0=>1), [sn:3]
  95000: system.cpu: Removing committed instruction [tid:0] PC (0x401004=>0x40100b).(0=>1) [sn:3]
  95000: system.cpu.commit: [tid:0] Marking PC (0x401004=>0x40100b).(1=>2), [sn:4] ready within ROB.
  95000: system.cpu.commit: [tid:0] Marking PC (0x40100b=>0x401013).(1=>2), [sn:6] ready within ROB.
  95000: system.cpu.commit: [tid:0] Marking PC (0x401013=>0x40101b).(1=>2), [sn:8] ready within ROB.
  95000: system.cpu.commit: [tid:0] Marking PC (0x40101b=>0x401023).(1=>2), [sn:10] ready within ROB.
  95000: system.cpu.commit: [tid:0] Marking PC (0x401036=>0x401038).(0=>1), [sn:17] ready within ROB.
  95000: system.cpu.commit: [tid:0] Marking PC (0x401038=>0x40103c).(1=>2), [sn:19] ready within ROB.
  95000: system.cpu.commit: [tid:0] Instruction [sn:4] PC (0x401004=>0x40100b).(1=>2) is head of ROB and ready to commit
  95000: system.cpu.commit: [tid:0] ROB has 17 insts & 901 free entries.
  95000: system.cpu.commit: Activity This Cycle.
  95000: system.cpu: Removing instruction, [tid:0] [sn:2] PC (0x401000=>0x401004).(1=>2)
  95000: system.cpu: Removing instruction, [tid:0] [sn:3] PC (0x401004=>0x40100b).(0=>1)
  95000: system.cpu: Scheduling next tick!
  95000: system.cpu: CPU already running.
  95000: global: RegFile: Setting int register 48 to 0x14
  95000: system.cpu.iew: Adding instruction [sn:14] to commit queue.
  95000: system.cpu.iew: Current wb cycle: 0, width: 19, numInst: 0
wbActual:0
  95000: system.cpu.iew: Activity this cycle.
  95000: system.cpu: Activity: 11
  95000: system.cpu: CPU already running.
  95000: global: RegFile: Setting int register 46 to 0xa
  95000: system.cpu.iew: Adding instruction [sn:12] to commit queue.
  95000: system.cpu.iew: Current wb cycle: 0, width: 19, numInst: 1
wbActual:1
  95000: system.cpu.iew: Activity this cycle.
  95000: system.cpu: CPU already running.
  95000: global: RegFile: Setting int register 45 to 0x5
  95000: system.cpu.iew: Adding instruction [sn:11] to commit queue.
  95000: system.cpu.iew: Current wb cycle: 0, width: 19, numInst: 2
wbActual:2
  95000: system.cpu.iew: Activity this cycle.
  96000: system.cpu: 

O3CPU: Ticking main, O3CPU.
  96000: system.cpu.fetch: Running stage.
  96000: system.cpu.fetch: There are no more threads available to fetch from.
  96000: system.cpu.fetch: [tid:0] Fetch is waiting cache response!
  96000: system.cpu.decode: Processing [tid:0]
  96000: system.cpu.decode: [tid:0] Not blocked, so attempting to run stage.
  96000: system.cpu.decode: [tid:0] Nothing to do, breaking out early.
  96000: system.cpu.rename: Processing [tid:0]
  96000: system.cpu.rename: [tid:0] Free IQ: 555, Free ROB: 901, Free LQ: 128, Free SQ: 68, FreeRM 127(864 870 917 1834 127 8 4575)
  96000: system.cpu.rename: [tid:0] 0 instructions not yet in ROB
  96000: system.cpu.rename: calcFreeLQEntries: free lqEntries: 128, loadsInProgress: 0, loads dispatchedToLQ: 0
  96000: system.cpu.rename: [tid:0] Not blocked, so attempting to run stage.
  96000: system.cpu.rename: [tid:0] Nothing to do, breaking out early.
  96000: system.cpu.rename: [tid:0] Removing a committed instruction from the history buffer 0 (size=40), until [sn:3].
  96000: system.cpu.rename: [tid:0] Freeing older rename of reg 4 (4), [sn:2].
  96000: system.cpu.rename: [tid:0] Successfully freed phys reg 4 (4) from history buffer.
  96000: system.cpu.rename: [tid:0] Freeing older rename of reg 0 (4726), [sn:2].
  96000: system.cpu.rename: [tid:0] Successfully freed phys reg 0 (4726) from history buffer.
  96000: system.cpu.rename: [tid:0] Freeing older rename of reg 1 (4727), [sn:2].
  96000: system.cpu.rename: [tid:0] Successfully freed phys reg 1 (4727) from history buffer.
  96000: system.cpu.rename: [tid:0] Freeing older rename of reg 4294967295 (4294967295), [sn:2].
  96000: system.cpu.rename: [tid:0] Freeing older rename of reg 4294967295 (4294967295), [sn:2].
  96000: system.cpu.rename: [tid:0] Freeing older rename of reg 4294967295 (4294967295), [sn:2].
  96000: system.cpu.rename: [tid:0] Freeing older rename of reg 39 (39), [sn:3].
  96000: system.cpu.rename: [tid:0] Successfully freed phys reg 39 (39) from history buffer.
  96000: system.cpu.iew: Issue: Processing [tid:0]
  96000: system.cpu.iew: [tid:0] Not blocked, so attempting to run dispatch.
  96000: system.cpu.iew: Sending instructions to commit, [sn:14] PC (0x40102e=>0x401032).(0=>1).
  96000: system.cpu.iq: Waking dependents of completed instruction.
  96000: system.cpu.memDep0: Completed mem instruction PC (0x40102e=>0x401032).(0=>1) [sn:14].
  96000: system.cpu.iq: Completing mem instruction PC: (0x40102e=>0x401032).(0=>1) [sn:14]
  96000: system.cpu.iq: Waking any dependents on register 48 (integer).
  96000: system.cpu.iew: Setting Destination Register 48 (integer)
  96000: system.cpu.scoreboard: Setting reg 48 (integer) as ready
  96000: system.cpu.iew: Sending instructions to commit, [sn:12] PC (0x401026=>0x40102a).(0=>1).
  96000: system.cpu.iq: Waking dependents of completed instruction.
  96000: system.cpu.memDep0: Completed mem instruction PC (0x401026=>0x40102a).(0=>1) [sn:12].
  96000: system.cpu.iq: Completing mem instruction PC: (0x401026=>0x40102a).(0=>1) [sn:12]
  96000: system.cpu.iq: Waking any dependents on register 46 (integer).
  96000: system.cpu.iew: Setting Destination Register 46 (integer)
  96000: system.cpu.scoreboard: Setting reg 46 (integer) as ready
  96000: system.cpu.iew: Sending instructions to commit, [sn:11] PC (0x401023=>0x401026).(0=>1).
  96000: system.cpu.iq: Waking dependents of completed instruction.
  96000: system.cpu.memDep0: Completed mem instruction PC (0x401023=>0x401026).(0=>1) [sn:11].
  96000: system.cpu.iq: Completing mem instruction PC: (0x401023=>0x401026).(0=>1) [sn:11]
  96000: system.cpu.iq: Waking any dependents on register 45 (integer).
  96000: system.cpu.iew: Setting Destination Register 45 (integer)
  96000: system.cpu.scoreboard: Setting reg 45 (integer) as ready
  96000: system.cpu.iq: Attempting to schedule ready instructions from the IQ.
  96000: system.cpu.iq: Not able to schedule any instructions.
  96000: system.cpu.iew: Processing [tid:0]
  96000: system.cpu.iq: [tid:0] Committing instructions older than [sn:3]
  96000: system.cpu.iew.lsq.thread0: LQ size: 132, #loads occupied: 4
  96000: system.cpu.iew.lsq.thread0: SQ size: 72, #stores occupied: 4
  96000: system.cpu.iew: [tid:0], Dispatch dispatched 0 instructions.
  96000: system.cpu.iew.lsq.thread0: SQ size: 72, #stores occupied: 4
  96000: system.cpu.iew.lsq.thread0: LQ size: 132, #loads occupied: 4
  96000: system.cpu.iew: IQ has 558 free entries (Can schedule: 0).  LQ has 128 free entries. SQ has 68 free entries.
  96000: system.cpu.iew: Activity this cycle.
  96000: system.cpu.commit: [tid:0] Squashing due to order violation [sn:13]
  96000: system.cpu.commit: [tid:0] Redirecting to PC (0x40102a=>0x40102e).(0=>1)
  96000: system.cpu.rob: Starting to squash within the ROB.
  96000: system.cpu.rob: [tid:0] Squashing instructions until [sn:12].
  96000: system.cpu.rob: [tid:0] Squashing instruction PC (0x40103c=>0x40103e).(0=>1), seq num 20.
  96000: system.cpu.rob: [tid:0] Squashing instruction PC (0x401038=>0x40103c).(1=>2), seq num 19.
  96000: system.cpu.rob: [tid:0] Squashing instruction PC (0x401038=>0x40103c).(0=>1), seq num 18.
  96000: system.cpu.rob: [tid:0] Squashing instruction PC (0x401036=>0x401038).(0=>1), seq num 17.
  96000: system.cpu.rob: [tid:0] Squashing instruction PC (0x401034=>0x401036).(0=>1), seq num 16.
  96000: system.cpu.rob: [tid:0] Squashing instruction PC (0x401032=>0x401034).(0=>1), seq num 15.
  96000: system.cpu.rob: [tid:0] Squashing instruction PC (0x40102e=>0x401032).(0=>1), seq num 14.
  96000: system.cpu.rob: [tid:0] Squashing instruction PC (0x40102a=>0x40102e).(0=>1), seq num 13.
  96000: system.cpu.rob: [tid:0] Done squashing instructions.
  96000: system.cpu.commit: [tid:0] Instruction [sn:4] PC (0x401004=>0x40100b).(1=>2) is head of ROB and ready to commit
  96000: system.cpu.commit: [tid:0] ROB has 17 insts & 901 free entries.
  96000: system.cpu.commit: Activity This Cycle.
  96000: system.cpu: Scheduling next tick!
  97000: system.cpu: 

O3CPU: Ticking main, O3CPU.
  97000: system.cpu.fetch: [tid:0] Squashing instructions due to squash from commit.
  97000: system.cpu.fetch: [tid:0] Squash from commit.
  97000: system.cpu.fetch: [tid:0] Squashing, setting PC to: (0x40102a=>0x40102e).(0=>1).
  97000: system.cpu.fetch: [tid:0] Squashing outstanding Icache miss.
  97000: system.cpu: Thread 0: Deleting instructions from instruction list.
  97000: system.cpu: ROB is not empty, squashing insts not in ROB.
  97000: system.cpu.fetch: Running stage.
  97000: system.cpu.fetch: There are no more threads available to fetch from.
  97000: system.cpu.fetch: [tid:0] Fetch is squashing!
  97000: system.cpu.fetch: [tid:0] Activating stage.
  97000: system.cpu: Activity: 12
  97000: system.cpu.decode: Processing [tid:0]
  97000: system.cpu.decode: [tid:0] Squashing instructions due to squash from commit.
  97000: system.cpu.decode: [tid:0] Squashing.
  97000: system.cpu.rename: Processing [tid:0]
  97000: system.cpu.rename: [tid:0] Free IQ: 558, Free ROB: 901, Free LQ: 128, Free SQ: 68, FreeRM 127(866 870 917 1834 127 8 4577)
  97000: system.cpu.rename: [tid:0] 0 instructions not yet in ROB
  97000: system.cpu.rename: [tid:0] Squashing instructions due to squash from commit.
  97000: system.cpu.rename: [tid:0] [squash sn:12] Squashing instructions.
  97000: system.cpu.rename: [tid:0] Removing history entry with sequence number 20 (archReg: 7, newPhysReg: 54, prevPhysReg: 7).
  97000: system.cpu.rename: [tid:0] Removing history entry with sequence number 19 (archReg: 0, newPhysReg: 4294967295, prevPhysReg: 4294967295).
  97000: system.cpu.rename: [tid:0] Removing history entry with sequence number 19 (archReg: 0, newPhysReg: 4294967295, prevPhysReg: 4294967295).
  97000: system.cpu.rename: [tid:0] Removing history entry with sequence number 19 (archReg: 0, newPhysReg: 4294967295, prevPhysReg: 4294967295).
  97000: system.cpu.rename: [tid:0] Removing history entry with sequence number 19 (archReg: 1, newPhysReg: 14, prevPhysReg: 12).
  97000: system.cpu.rename: [tid:0] Removing history entry with sequence number 19 (archReg: 0, newPhysReg: 13, prevPhysReg: 11).
  97000: system.cpu.rename: [tid:0] Removing history entry with sequence number 19 (archReg: 4, newPhysReg: 53, prevPhysReg: 40).
  97000: system.cpu.rename: [tid:0] Removing history entry with sequence number 18 (archReg: 17, newPhysReg: 52, prevPhysReg: 44).
  97000: system.cpu.rename: [tid:0] Removing history entry with sequence number 17 (archReg: 0, newPhysReg: 4294967295, prevPhysReg: 4294967295).
  97000: system.cpu.rename: [tid:0] Removing history entry with sequence number 17 (archReg: 0, newPhysReg: 4294967295, prevPhysReg: 4294967295).
  97000: system.cpu.rename: [tid:0] Removing history entry with sequence number 17 (archReg: 0, newPhysReg: 4294967295, prevPhysReg: 4294967295).
  97000: system.cpu.rename: [tid:0] Removing history entry with sequence number 17 (archReg: 1, newPhysReg: 12, prevPhysReg: 10).
  97000: system.cpu.rename: [tid:0] Removing history entry with sequence number 17 (archReg: 0, newPhysReg: 11, prevPhysReg: 9).
  97000: system.cpu.rename: [tid:0] Removing history entry with sequence number 17 (archReg: 2, newPhysReg: 51, prevPhysReg: 50).
  97000: system.cpu.rename: [tid:0] Removing history entry with sequence number 16 (archReg: 0, newPhysReg: 4294967295, prevPhysReg: 4294967295).
  97000: system.cpu.rename: [tid:0] Removing history entry with sequence number 16 (archReg: 0, newPhysReg: 4294967295, prevPhysReg: 4294967295).
  97000: system.cpu.rename: [tid:0] Removing history entry with sequence number 16 (archReg: 0, newPhysReg: 4294967295, prevPhysReg: 4294967295).
  97000: system.cpu.rename: [tid:0] Removing history entry with sequence number 16 (archReg: 1, newPhysReg: 10, prevPhysReg: 8).
  97000: system.cpu.rename: [tid:0] Removing history entry with sequence number 16 (archReg: 0, newPhysReg: 9, prevPhysReg: 7).
  97000: system.cpu.rename: [tid:0] Removing history entry with sequence number 16 (archReg: 2, newPhysReg: 50, prevPhysReg: 48).
  97000: system.cpu.rename: [tid:0] Removing history entry with sequence number 15 (archReg: 0, newPhysReg: 4294967295, prevPhysReg: 4294967295).
  97000: system.cpu.rename: [tid:0] Removing history entry with sequence number 15 (archReg: 0, newPhysReg: 4294967295, prevPhysReg: 4294967295).
  97000: system.cpu.rename: [tid:0] Removing history entry with sequence number 15 (archReg: 0, newPhysReg: 4294967295, prevPhysReg: 4294967295).
  97000: system.cpu.rename: [tid:0] Removing history entry with sequence number 15 (archReg: 1, newPhysReg: 8, prevPhysReg: 6).
  97000: system.cpu.rename: [tid:0] Removing history entry with sequence number 15 (archReg: 0, newPhysReg: 7, prevPhysReg: 5).
  97000: system.cpu.rename: [tid:0] Removing history entry with sequence number 15 (archReg: 6, newPhysReg: 49, prevPhysReg: 46).
  97000: system.cpu.rename: [tid:0] Removing history entry with sequence number 14 (archReg: 2, newPhysReg: 48, prevPhysReg: 2).
  97000: system.cpu.rename: [tid:0] Removing history entry with sequence number 13 (archReg: 1, newPhysReg: 47, prevPhysReg: 1).
  97000: system.cpu.iew: Issue: Processing [tid:0]
  97000: system.cpu.iew: [tid:0] Squashing all instructions.
  97000: system.cpu.iq: [tid:0] Starting to squash instructions in the IQ.
  97000: system.cpu.iq: [tid:0] Squashing until sequence number 12!
  97000: system.cpu.iq: [tid:0] Instruction [sn:13] PC (0x40102a=>0x40102e).(0=>1) squashed.
  97000: system.cpu.memDep0: Squashing inst [sn:13]
  97000: system.cpu.iew.lsq.thread0: Squashing until [sn:12]!(Loads:4 Stores:4)
  97000: system.cpu.iew.lsq.thread0: Load Instruction PC (0x40102e=>0x401032).(0=>1) squashed, [sn:14]
  97000: system.cpu.iew.lsq.thread0: Load Instruction PC (0x40102a=>0x40102e).(0=>1) squashed, [sn:13]
  97000: system.cpu.iew: Removing skidbuffer instructions until [sn:12] [tid:0]
  97000: system.cpu.iew: [tid:0] Removing incoming rename instructions
  97000: system.cpu.iq: Attempting to schedule ready instructions from the IQ.
  97000: system.cpu.iq: Not able to schedule any instructions.
  97000: system.cpu.iew: Processing [tid:0]
  97000: system.cpu.iew.lsq.thread0: LQ size: 132, #loads occupied: 2
  97000: system.cpu.iew.lsq.thread0: SQ size: 72, #stores occupied: 4
  97000: system.cpu.iew: [tid:0], Dispatch dispatched 0 instructions.
  97000: system.cpu.iew.lsq.thread0: SQ size: 72, #stores occupied: 4
  97000: system.cpu.iew.lsq.thread0: LQ size: 132, #loads occupied: 2
  97000: system.cpu.iew: IQ has 559 free entries (Can schedule: 0).  LQ has 130 free entries. SQ has 68 free entries.
  97000: system.cpu.iew: Activity this cycle.
  97000: system.cpu: Activity: 13
  97000: system.cpu.commit: Getting instructions from Rename stage.
  97000: system.cpu.commit: Trying to commit instructions in the ROB.
  97000: system.cpu.commit: Trying to commit head instruction, [tid:0] [sn:4]
  97000: system.cpu.commit: [tid:0] [sn:4] Committing instruction with PC (0x401004=>0x40100b).(1=>2)
  97000: system.cpu.rob: [tid:0] Retiring head instruction, instruction PC (0x401004=>0x40100b).(1=>2), [sn:4]
  97000: system.cpu: Removing committed instruction [tid:0] PC (0x401004=>0x40100b).(1=>2) [sn:4]
  97000: system.cpu.commit: MEM_TRACE_FILE environment variable not set. No predictions loaded.
  97000: system.cpu.commit: [tid:0] Marking PC (0x401026=>0x40102a).(0=>1), [sn:12] ready within ROB.
  97000: system.cpu.commit: [tid:0] Marking PC (0x401023=>0x401026).(0=>1), [sn:11] ready within ROB.
  97000: system.cpu.commit: [tid:0] Instruction [sn:5] PC (0x40100b=>0x401013).(0=>1) is head of ROB and ready to commit
  97000: system.cpu.commit: [tid:0] ROB has 16 insts & 902 free entries.
  97000: system.cpu.commit: Activity This Cycle.
O3PipeView:fetch:87000:0x00401004:0:3:  MOV_M_I : limm   t1d, 0x5
O3PipeView:decode:88000
O3PipeView:rename:89000
O3PipeView:dispatch:91000
O3PipeView:issue:91000
O3PipeView:complete:92000
O3PipeView:retire:95000:store:0
  97000: global: DynInst: [sn:3] Instruction destroyed. Instcount for system.cpu = 19
O3PipeView:fetch:87000:0x00401000:0:1:  SUB_R_I : limm   t1, 0x10
O3PipeView:decode:88000
O3PipeView:rename:89000
O3PipeView:dispatch:91000
O3PipeView:issue:91000
O3PipeView:complete:92000
O3PipeView:retire:94000:store:0
  97000: global: DynInst: [sn:1] Instruction destroyed. Instcount for system.cpu = 18
  97000: system.cpu: Activity: 12
  97000: system.cpu: Removing instruction, [tid:0] [sn:4] PC (0x401004=>0x40100b).(1=>2)
  97000: system.cpu: Scheduling next tick!
  98000: system.cpu: 

O3CPU: Ticking main, O3CPU.
  98000: system.cpu.fetch: [tid:0] Done squashing, switching to running.
  98000: system.cpu.fetch: Running stage.
  98000: system.cpu.fetch: Attempting to fetch from [tid:0]
  98000: system.cpu.fetch: [tid:0] Attempting to translate and read instruction, starting at PC (0x40102a=>0x40102e).(0=>1).
  98000: system.cpu.fetch: [tid:0] Fetching cache line 0x401000 for addr 0x401028
  98000: system.cpu: CPU already running.
  98000: system.cpu.fetch: Fetch: Doing instruction read.
  98000: system.cpu.fetch: [tid:0] Doing Icache access.
  98000: system.cpu.fetch: [tid:0] Activity: Waiting on I-cache response.
  98000: system.cpu.fetch: Deactivating stage.
  98000: system.cpu: Activity: 11
  98000: system.cpu.decode: Processing [tid:0]
  98000: system.cpu.decode: [tid:0] Done squashing, switching to running.
  98000: system.cpu.decode: [tid:0] Not blocked, so attempting to run stage.
  98000: system.cpu.decode: [tid:0] Nothing to do, breaking out early.
  98000: system.cpu.rename: Processing [tid:0]
  98000: system.cpu.rename: [tid:0] Free IQ: 559, Free ROB: 902, Free LQ: 130, Free SQ: 68, FreeRM 127(866 870 917 1834 127 8 4577)
  98000: system.cpu.rename: [tid:0] 0 instructions not yet in ROB
  98000: system.cpu.rename: [tid:0] Attempting to free phys regs of misspeculated instructions.
  98000: system.cpu.rename: [tid:0] Successfully freed phys reg 54 (54) from misspeculated instruction with sequence number 20.
  98000: system.cpu.rename: [tid:0] Successfully freed phys reg 14 (4740) from misspeculated instruction with sequence number 19.
  98000: system.cpu.rename: [tid:0] Successfully freed phys reg 13 (4739) from misspeculated instruction with sequence number 19.
  98000: system.cpu.rename: [tid:0] Successfully freed phys reg 53 (53) from misspeculated instruction with sequence number 19.
  98000: system.cpu.rename: [tid:0] Successfully freed phys reg 52 (52) from misspeculated instruction with sequence number 18.
  98000: system.cpu.rename: [tid:0] Successfully freed phys reg 12 (4738) from misspeculated instruction with sequence number 17.
  98000: system.cpu.rename: [tid:0] Successfully freed phys reg 11 (4737) from misspeculated instruction with sequence number 17.
  98000: system.cpu.rename: [tid:0] Successfully freed phys reg 51 (51) from misspeculated instruction with sequence number 17.
  98000: system.cpu.rename: [tid:0] Successfully freed phys reg 10 (4736) from misspeculated instruction with sequence number 16.
  98000: system.cpu.rename: [tid:0] Successfully freed phys reg 9 (4735) from misspeculated instruction with sequence number 16.
  98000: system.cpu.rename: [tid:0] Successfully freed phys reg 50 (50) from misspeculated instruction with sequence number 16.
  98000: system.cpu.rename: [tid:0] Successfully freed phys reg 8 (4734) from misspeculated instruction with sequence number 15.
  98000: system.cpu.rename: [tid:0] Successfully freed phys reg 7 (4733) from misspeculated instruction with sequence number 15.
  98000: system.cpu.rename: [tid:0] Successfully freed phys reg 49 (49) from misspeculated instruction with sequence number 15.
  98000: system.cpu.rename: [tid:0] Successfully freed phys reg 48 (48) from misspeculated instruction with sequence number 14.
  98000: system.cpu.rename: [tid:0] Successfully freed phys reg 47 (47) from misspeculated instruction with sequence number 13.
  98000: system.cpu.rename: calcFreeLQEntries: free lqEntries: 130, loadsInProgress: 0, loads dispatchedToLQ: 0
  98000: system.cpu.rename: [tid:0] Done squashing, switching to running.
  98000: system.cpu.rename: [tid:0] Not blocked, so attempting to run stage.
  98000: system.cpu.rename: [tid:0] Nothing to do, breaking out early.
  98000: system.cpu.rename: [tid:0] Removing a committed instruction from the history buffer 0 (size=5), until [sn:4].
  98000: system.cpu.rename: [tid:0] [sn:4] Old sequence number encountered. Ensure that a syscall happened recently.
  98000: system.cpu.iew: Issue: Processing [tid:0]
  98000: system.cpu.iew: [tid:0] Done squashing, switching to running.
  98000: system.cpu.iew: [tid:0] Not blocked, so attempting to run dispatch.
  98000: system.cpu.iq: Attempting to schedule ready instructions from the IQ.
  98000: system.cpu.iq: Not able to schedule any instructions.
  98000: system.cpu.iew: Processing [tid:0]
  98000: system.cpu.iew.lsq.thread0: Marking store as able to write back, PC (0x401004=>0x40100b).(1=>2) [sn:4]
  98000: system.cpu.iq: [tid:0] Committing instructions older than [sn:4]
  98000: system.cpu.iew: [tid:0], Dispatch dispatched 0 instructions.
  98000: system.cpu.iew.lsq.thread0: SQ size: 72, #stores occupied: 4
  98000: system.cpu.iew.lsq.thread0: LQ size: 132, #loads occupied: 2
  98000: system.cpu.iew: IQ has 559 free entries (Can schedule: 0).  LQ has 130 free entries. SQ has 68 free entries.
  98000: system.cpu.iew: IEW switching to active
  98000: system.cpu.iew: Activating stage.
  98000: system.cpu: Activity: 12
  98000: system.cpu.commit: Getting instructions from Rename stage.
  98000: system.cpu.commit: Trying to commit instructions in the ROB.
  98000: system.cpu.commit: Trying to commit head instruction, [tid:0] [sn:5]
  98000: system.cpu.commit: [tid:0] [sn:5] Committing instruction with PC (0x40100b=>0x401013).(0=>1)
  98000: system.cpu.rob: [tid:0] Retiring head instruction, instruction PC (0x40100b=>0x401013).(0=>1), [sn:5]
  98000: system.cpu: Removing committed instruction [tid:0] PC (0x40100b=>0x401013).(0=>1) [sn:5]
  98000: system.cpu.commit: Trying to commit head instruction, [tid:0] [sn:6]
  98000: system.cpu.commit: [tid:0] [sn:6] Committing instruction with PC (0x40100b=>0x401013).(1=>2)
  98000: system.cpu.rob: [tid:0] Retiring head instruction, instruction PC (0x40100b=>0x401013).(1=>2), [sn:6]
  98000: system.cpu: Removing committed instruction [tid:0] PC (0x40100b=>0x401013).(1=>2) [sn:6]
  98000: system.cpu.commit: MEM_TRACE_FILE environment variable not set. No predictions loaded.
  98000: system.cpu.commit: [tid:0] Instruction [sn:7] PC (0x401013=>0x40101b).(0=>1) is head of ROB and ready to commit
  98000: system.cpu.commit: [tid:0] ROB has 14 insts & 904 free entries.
  98000: system.cpu.commit: Activity This Cycle.
  98000: system.cpu: Activity: 13
O3PipeView:fetch:87000:0x00401000:1:2:  SUB_R_I : sub   rsp, rsp, t1
O3PipeView:decode:88000
O3PipeView:rename:89000
O3PipeView:dispatch:91000
O3PipeView:issue:92000
O3PipeView:complete:93000
O3PipeView:retire:95000:store:0
  98000: global: DynInst: [sn:2] Instruction destroyed. Instcount for system.cpu = 17
  98000: system.cpu: Activity: 12
  98000: system.cpu: Removing instruction, [tid:0] [sn:5] PC (0x40100b=>0x401013).(0=>1)
  98000: system.cpu: Removing instruction, [tid:0] [sn:6] PC (0x40100b=>0x401013).(1=>2)
  98000: system.cpu: Scheduling next tick!
  99000: system.cpu: 

O3CPU: Ticking main, O3CPU.
  99000: system.cpu.fetch: Running stage.
  99000: system.cpu.fetch: There are no more threads available to fetch from.
  99000: system.cpu.fetch: [tid:0] Fetch is waiting cache response!
  99000: system.cpu.decode: Processing [tid:0]
  99000: system.cpu.decode: [tid:0] Not blocked, so attempting to run stage.
  99000: system.cpu.decode: [tid:0] Nothing to do, breaking out early.
  99000: system.cpu.rename: Processing [tid:0]
  99000: system.cpu.rename: [tid:0] Free IQ: 559, Free ROB: 904, Free LQ: 130, Free SQ: 68, FreeRM 127(874 870 917 1834 127 8 4585)
  99000: system.cpu.rename: [tid:0] 0 instructions not yet in ROB
  99000: system.cpu.rename: calcFreeLQEntries: free lqEntries: 130, loadsInProgress: 0, loads dispatchedToLQ: 0
  99000: system.cpu.rename: [tid:0] Not blocked, so attempting to run stage.
  99000: system.cpu.rename: [tid:0] Nothing to do, breaking out early.
  99000: system.cpu.rename: [tid:0] Removing a committed instruction from the history buffer 0 (size=5), until [sn:6].
  99000: system.cpu.rename: [tid:0] Freeing older rename of reg 41 (41), [sn:5].
  99000: system.cpu.rename: [tid:0] Successfully freed phys reg 41 (41) from history buffer.
  99000: system.cpu.iew: Issue: Processing [tid:0]
  99000: system.cpu.iew: [tid:0] Not blocked, so attempting to run dispatch.
  99000: system.cpu.iq: Attempting to schedule ready instructions from the IQ.
  99000: system.cpu.iq: Not able to schedule any instructions.
  99000: system.cpu.iew.lsq: [tid:0] Writing back stores. 1 stores available for Writeback.
  99000: system.cpu.iew.lsq.thread0: D-Cache: Writing back store idx:1 PC:(0x401004=>0x40100b).(1=>2) to Addr:0x2e10, data:0x5 [sn:4]
  99000: system.cpu.iew.lsq.thread0: Memory request (pkt: WriteReq [2e10:2e13]) from inst [sn:4] was sent (cache is blocked: 0, cache_got_blocked: 0)
  99000: system.cpu.iew: Processing [tid:0]
  99000: system.cpu.iew.lsq.thread0: Marking store as able to write back, PC (0x40100b=>0x401013).(1=>2) [sn:6]
  99000: system.cpu.iq: [tid:0] Committing instructions older than [sn:6]
O3PipeView:fetch:87000:0x0040100b:0:5:  MOV_M_I : limm   t1d, 0xa
O3PipeView:decode:88000
O3PipeView:rename:89000
O3PipeView:dispatch:91000
O3PipeView:issue:91000
O3PipeView:complete:92000
O3PipeView:retire:98000:store:0
  99000: global: DynInst: [sn:5] Instruction destroyed. Instcount for system.cpu = 16
  99000: system.cpu.iew.lsq.thread0: LQ size: 132, #loads occupied: 2
  99000: system.cpu.iew.lsq.thread0: SQ size: 72, #stores occupied: 4
  99000: system.cpu.iew: [tid:0], Dispatch dispatched 0 instructions.
  99000: system.cpu.iew.lsq.thread0: SQ size: 72, #stores occupied: 4
  99000: system.cpu.iew.lsq.thread0: LQ size: 132, #loads occupied: 2
  99000: system.cpu.iew: IQ has 559 free entries (Can schedule: 0).  LQ has 130 free entries. SQ has 68 free entries.
  99000: system.cpu.iew: Activity this cycle.
  99000: system.cpu: Activity: 13
  99000: system.cpu.commit: Getting instructions from Rename stage.
  99000: system.cpu.commit: Trying to commit instructions in the ROB.
  99000: system.cpu.commit: Trying to commit head instruction, [tid:0] [sn:7]
  99000: system.cpu.commit: [tid:0] [sn:7] Committing instruction with PC (0x401013=>0x40101b).(0=>1)
  99000: system.cpu.rob: [tid:0] Retiring head instruction, instruction PC (0x401013=>0x40101b).(0=>1), [sn:7]
  99000: system.cpu: Removing committed instruction [tid:0] PC (0x401013=>0x40101b).(0=>1) [sn:7]
  99000: system.cpu.commit: Trying to commit head instruction, [tid:0] [sn:8]
  99000: system.cpu.commit: [tid:0] [sn:8] Committing instruction with PC (0x401013=>0x40101b).(1=>2)
  99000: system.cpu.rob: [tid:0] Retiring head instruction, instruction PC (0x401013=>0x40101b).(1=>2), [sn:8]
  99000: system.cpu: Removing committed instruction [tid:0] PC (0x401013=>0x40101b).(1=>2) [sn:8]
  99000: system.cpu.commit: MEM_TRACE_FILE environment variable not set. No predictions loaded.
  99000: system.cpu.commit: [tid:0] Instruction [sn:9] PC (0x40101b=>0x401023).(0=>1) is head of ROB and ready to commit
  99000: system.cpu.commit: [tid:0] ROB has 12 insts & 906 free entries.
  99000: system.cpu.commit: Activity This Cycle.
  99000: system.cpu: Activity: 12
  99000: system.cpu: Removing instruction, [tid:0] [sn:7] PC (0x401013=>0x40101b).(0=>1)
  99000: system.cpu: Removing instruction, [tid:0] [sn:8] PC (0x401013=>0x40101b).(1=>2)
  99000: system.cpu: Scheduling next tick!
 100000: system.cpu.icache_port: Fetch unit received timing
 100000: system.cpu.fetch: [tid:0] Waking up from cache miss.
 100000: system.cpu: CPU already running.
 100000: system.cpu.fetch: [tid:0] Activating fetch due to cache completion
 100000: system.cpu.fetch: Activating stage.
 100000: system.cpu: Activity: 13
 100000: system.cpu: 

O3CPU: Ticking main, O3CPU.
 100000: system.cpu.fetch: Running stage.
 100000: system.cpu.fetch: Attempting to fetch from [tid:0]
 100000: system.cpu.fetch: [tid:0] Icache miss is complete.
 100000: system.cpu.fetch: [tid:0] Adding instructions to queue to decode.
 100000: system.cpu.decoder: Decode: Decoded mov instruction: 
{
	leg = 0,
	rex = 0,
	vex/xop = 0,
	op = {
		type = one byte,
		op = 0x8b,
		},
	modRM = 0x4c,
	sib = 0x24,
	immediate = 0,
	displacement = 0x8
	dispSize = 1}

 100000: global: DynInst: [sn:21] Instruction created. Instcount for system.cpu = 17
 100000: system.cpu.fetch: [tid:0] Instruction PC (0x40102a=>0x40102e).(0=>1) created [sn:21].
 100000: system.cpu.fetch: [tid:0] Instruction is:   MOV_R_M : ld   ecx, SS:[t0 + rsp + 0x8]
 100000: system.cpu.fetch: [tid:0] Fetch queue entry created (1/128).
 100000: system.cpu.decoder: Decode: Decoded mov instruction: 
{
	leg = 0,
	rex = 0,
	vex/xop = 0,
	op = {
		type = one byte,
		op = 0x8b,
		},
	modRM = 0x54,
	sib = 0x24,
	immediate = 0,
	displacement = 0xc
	dispSize = 1}

 100000: global: DynInst: [sn:22] Instruction created. Instcount for system.cpu = 18
 100000: system.cpu.fetch: [tid:0] Instruction PC (0x40102e=>0x401032).(0=>1) created [sn:22].
 100000: system.cpu.fetch: [tid:0] Instruction is:   MOV_R_M : ld   edx, SS:[t0 + rsp + 0xc]
 100000: system.cpu.fetch: [tid:0] Fetch queue entry created (2/128).
 100000: system.cpu.decoder: Decode: Decoded add instruction: 
{
	leg = 0,
	rex = 0,
	vex/xop = 0,
	op = {
		type = one byte,
		op = 0x1,
		},
	modRM = 0xc6,
	sib = 0,
	immediate = 0,
	displacement = 0
	dispSize = 0}

 100000: global: DynInst: [sn:23] Instruction created. Instcount for system.cpu = 19
 100000: system.cpu.fetch: [tid:0] Instruction PC (0x401032=>0x401034).(0=>1) created [sn:23].
 100000: system.cpu.fetch: [tid:0] Instruction is:   ADD_R_R : add   esi, esi, eax
 100000: system.cpu.fetch: [tid:0] Fetch queue entry created (3/128).
 100000: system.cpu.decoder: Decode: Decoded add instruction: 
{
	leg = 0,
	rex = 0,
	vex/xop = 0,
	op = {
		type = one byte,
		op = 0x1,
		},
	modRM = 0xca,
	sib = 0,
	immediate = 0,
	displacement = 0
	dispSize = 0}

 100000: global: DynInst: [sn:24] Instruction created. Instcount for system.cpu = 20
 100000: system.cpu.fetch: [tid:0] Instruction PC (0x401034=>0x401036).(0=>1) created [sn:24].
 100000: system.cpu.fetch: [tid:0] Instruction is:   ADD_R_R : add   edx, edx, ecx
 100000: system.cpu.fetch: [tid:0] Fetch queue entry created (4/128).
 100000: system.cpu.decoder: Decode: Decoded sub instruction: 
{
	leg = 0,
	rex = 0,
	vex/xop = 0,
	op = {
		type = one byte,
		op = 0x29,
		},
	modRM = 0xf2,
	sib = 0,
	immediate = 0,
	displacement = 0
	dispSize = 0}

 100000: global: DynInst: [sn:25] Instruction created. Instcount for system.cpu = 21
 100000: system.cpu.fetch: [tid:0] Instruction PC (0x401036=>0x401038).(0=>1) created [sn:25].
 100000: system.cpu.fetch: [tid:0] Instruction is:   SUB_R_R : sub   edx, edx, esi
 100000: system.cpu.fetch: [tid:0] Fetch queue entry created (5/128).
 100000: system.cpu.decoder: Decode: Decoded add instruction: 
{
	leg = 0,
	rex = 0x48,
	vex/xop = 0,
	op = {
		type = one byte,
		op = 0x83,
		},
	modRM = 0xc4,
	sib = 0,
	immediate = 0x10,
	displacement = 0
	dispSize = 0}

 100000: global: DynInst: [sn:26] Instruction created. Instcount for system.cpu = 22
 100000: system.cpu.fetch: [tid:0] Instruction PC (0x401038=>0x40103c).(0=>1) created [sn:26].
 100000: system.cpu.fetch: [tid:0] Instruction is:   ADD_R_I : limm   t1, 0x10
 100000: system.cpu.fetch: [tid:0] Fetch queue entry created (6/128).
 100000: global: DynInst: [sn:27] Instruction created. Instcount for system.cpu = 23
 100000: system.cpu.fetch: [tid:0] Instruction PC (0x401038=>0x40103c).(1=>2) created [sn:27].
 100000: system.cpu.fetch: [tid:0] Instruction is:   ADD_R_I : add   rsp, rsp, t1
 100000: system.cpu.fetch: [tid:0] Fetch queue entry created (7/128).
 100000: system.cpu.decoder: Decode: Decoded mov instruction: 
{
	leg = 0,
	rex = 0,
	vex/xop = 0,
	op = {
		type = one byte,
		op = 0x89,
		},
	modRM = 0xd7,
	sib = 0,
	immediate = 0,
	displacement = 0
	dispSize = 0}

 100000: global: DynInst: [sn:28] Instruction created. Instcount for system.cpu = 24
 100000: system.cpu.fetch: [tid:0] Instruction PC (0x40103c=>0x40103e).(0=>1) created [sn:28].
 100000: system.cpu.fetch: [tid:0] Instruction is:   MOV_R_R : mov   edi, edi, edx
 100000: system.cpu.fetch: [tid:0] Fetch queue entry created (8/128).
 100000: system.cpu.fetch: [tid:0] Issuing a pipelined I-cache access, starting at PC (0x40103e=>0x401046).(0=>1).
 100000: system.cpu.fetch: [tid:0] Fetching cache line 0x401040 for addr 0x401040
 100000: system.cpu: CPU already running.
 100000: system.cpu.fetch: Fetch: Doing instruction read.
 100000: system.cpu.fetch: [tid:0] Doing Icache access.
 100000: system.cpu.fetch: [tid:0] Activity: Waiting on I-cache response.
 100000: system.cpu.fetch: Deactivating stage.
 100000: system.cpu: Activity: 12
 100000: system.cpu.fetch: [tid:0] [sn:21] Sending instruction to decode from fetch queue. Fetch queue size: 8.
 100000: system.cpu.fetch: [tid:0] [sn:22] Sending instruction to decode from fetch queue. Fetch queue size: 7.
 100000: system.cpu.fetch: [tid:0] [sn:23] Sending instruction to decode from fetch queue. Fetch queue size: 6.
 100000: system.cpu.fetch: [tid:0] [sn:24] Sending instruction to decode from fetch queue. Fetch queue size: 5.
 100000: system.cpu.fetch: [tid:0] [sn:25] Sending instruction to decode from fetch queue. Fetch queue size: 4.
 100000: system.cpu.fetch: [tid:0] [sn:26] Sending instruction to decode from fetch queue. Fetch queue size: 3.
 100000: system.cpu.fetch: [tid:0] [sn:27] Sending instruction to decode from fetch queue. Fetch queue size: 2.
 100000: system.cpu.fetch: [tid:0] [sn:28] Sending instruction to decode from fetch queue. Fetch queue size: 1.
 100000: system.cpu.fetch: Activity this cycle.
 100000: system.cpu: Activity: 13
 100000: system.cpu.decode: Processing [tid:0]
 100000: system.cpu.decode: [tid:0] Not blocked, so attempting to run stage.
 100000: system.cpu.decode: [tid:0] Nothing to do, breaking out early.
 100000: system.cpu.rename: Processing [tid:0]
 100000: system.cpu.rename: [tid:0] Free IQ: 559, Free ROB: 906, Free LQ: 130, Free SQ: 68, FreeRM 127(875 870 917 1834 127 8 4585)
 100000: system.cpu.rename: [tid:0] 0 instructions not yet in ROB
 100000: system.cpu.rename: calcFreeLQEntries: free lqEntries: 130, loadsInProgress: 0, loads dispatchedToLQ: 0
 100000: system.cpu.rename: [tid:0] Not blocked, so attempting to run stage.
 100000: system.cpu.rename: [tid:0] Nothing to do, breaking out early.
 100000: system.cpu.rename: [tid:0] Removing a committed instruction from the history buffer 0 (size=4), until [sn:8].
 100000: system.cpu.rename: [tid:0] Freeing older rename of reg 42 (42), [sn:7].
 100000: system.cpu.rename: [tid:0] Successfully freed phys reg 42 (42) from history buffer.
 100000: system.cpu.iew: Issue: Processing [tid:0]
 100000: system.cpu.iew: [tid:0] Not blocked, so attempting to run dispatch.
 100000: system.cpu.iq: Attempting to schedule ready instructions from the IQ.
 100000: system.cpu.iq: Not able to schedule any instructions.
 100000: system.cpu.iew.lsq: [tid:0] Writing back stores. 2 stores available for Writeback.
 100000: system.cpu.iew: Processing [tid:0]
 100000: system.cpu.iew.lsq.thread0: Marking store as able to write back, PC (0x401013=>0x40101b).(1=>2) [sn:8]
 100000: system.cpu.iq: [tid:0] Committing instructions older than [sn:8]
O3PipeView:fetch:87000:0x00401013:0:7:  MOV_M_I : limm   t1d, 0xf
O3PipeView:decode:88000
O3PipeView:rename:89000
O3PipeView:dispatch:91000
O3PipeView:issue:91000
O3PipeView:complete:92000
O3PipeView:retire:99000:store:0
 100000: global: DynInst: [sn:7] Instruction destroyed. Instcount for system.cpu = 23
 100000: system.cpu.iew.lsq.thread0: LQ size: 132, #loads occupied: 2
 100000: system.cpu.iew.lsq.thread0: SQ size: 72, #stores occupied: 4
 100000: system.cpu.iew: [tid:0], Dispatch dispatched 0 instructions.
 100000: system.cpu.iew.lsq.thread0: SQ size: 72, #stores occupied: 4
 100000: system.cpu.iew.lsq.thread0: LQ size: 132, #loads occupied: 2
 100000: system.cpu.iew: IQ has 559 free entries (Can schedule: 0).  LQ has 130 free entries. SQ has 68 free entries.
 100000: system.cpu.iew: Activity this cycle.
 100000: system.cpu.commit: Getting instructions from Rename stage.
 100000: system.cpu.commit: Trying to commit instructions in the ROB.
 100000: system.cpu.commit: Trying to commit head instruction, [tid:0] [sn:9]
 100000: system.cpu.commit: [tid:0] [sn:9] Committing instruction with PC (0x40101b=>0x401023).(0=>1)
 100000: system.cpu.rob: [tid:0] Retiring head instruction, instruction PC (0x40101b=>0x401023).(0=>1), [sn:9]
 100000: system.cpu: Removing committed instruction [tid:0] PC (0x40101b=>0x401023).(0=>1) [sn:9]
 100000: system.cpu.commit: Trying to commit head instruction, [tid:0] [sn:10]
 100000: system.cpu.commit: [tid:0] [sn:10] Committing instruction with PC (0x40101b=>0x401023).(1=>2)
 100000: system.cpu.rob: [tid:0] Retiring head instruction, instruction PC (0x40101b=>0x401023).(1=>2), [sn:10]
 100000: system.cpu: Removing committed instruction [tid:0] PC (0x40101b=>0x401023).(1=>2) [sn:10]
 100000: system.cpu.commit: MEM_TRACE_FILE environment variable not set. No predictions loaded.
 100000: system.cpu.commit: [tid:0] Instruction [sn:11] PC (0x401023=>0x401026).(0=>1) is head of ROB and ready to commit
 100000: system.cpu.commit: [tid:0] ROB has 10 insts & 908 free entries.
 100000: system.cpu.commit: Activity This Cycle.
 100000: system.cpu: Activity: 12
 100000: system.cpu: Removing instruction, [tid:0] [sn:9] PC (0x40101b=>0x401023).(0=>1)
 100000: system.cpu: Removing instruction, [tid:0] [sn:10] PC (0x40101b=>0x401023).(1=>2)
 100000: system.cpu: Scheduling next tick!
 101000: system.cpu: 

O3CPU: Ticking main, O3CPU.
 101000: system.cpu.fetch: Running stage.
 101000: system.cpu.fetch: There are no more threads available to fetch from.
 101000: system.cpu.fetch: [tid:0] Fetch is waiting cache response!
 101000: system.cpu.decode: Processing [tid:0]
 101000: system.cpu.decode: [tid:0] Not blocked, so attempting to run stage.
 101000: system.cpu.decode: [tid:0] Sending instruction to rename.
 101000: system.cpu.decode: [tid:0] Processing instruction [sn:21] with PC (0x40102a=>0x40102e).(0=>1)
 101000: system.cpu.decode: [tid:0] Processing instruction [sn:22] with PC (0x40102e=>0x401032).(0=>1)
 101000: system.cpu.decode: [tid:0] Processing instruction [sn:23] with PC (0x401032=>0x401034).(0=>1)
 101000: system.cpu.decode: [tid:0] Processing instruction [sn:24] with PC (0x401034=>0x401036).(0=>1)
 101000: system.cpu.decode: [tid:0] Processing instruction [sn:25] with PC (0x401036=>0x401038).(0=>1)
 101000: system.cpu.decode: [tid:0] Processing instruction [sn:26] with PC (0x401038=>0x40103c).(0=>1)
 101000: system.cpu.decode: [tid:0] Processing instruction [sn:27] with PC (0x401038=>0x40103c).(1=>2)
 101000: system.cpu.decode: [tid:0] Processing instruction [sn:28] with PC (0x40103c=>0x40103e).(0=>1)
 101000: system.cpu.decode: Activity this cycle.
 101000: system.cpu: Activity: 13
 101000: system.cpu.rename: Processing [tid:0]
 101000: system.cpu.rename: [tid:0] Free IQ: 559, Free ROB: 908, Free LQ: 130, Free SQ: 68, FreeRM 127(876 870 917 1834 127 8 4585)
 101000: system.cpu.rename: [tid:0] 0 instructions not yet in ROB
 101000: system.cpu.rename: calcFreeLQEntries: free lqEntries: 130, loadsInProgress: 0, loads dispatchedToLQ: 0
 101000: system.cpu.rename: [tid:0] Not blocked, so attempting to run stage.
 101000: system.cpu.rename: [tid:0] Nothing to do, breaking out early.
 101000: system.cpu.rename: [tid:0] Removing a committed instruction from the history buffer 0 (size=3), until [sn:10].
 101000: system.cpu.rename: [tid:0] Freeing older rename of reg 43 (43), [sn:9].
 101000: system.cpu.rename: [tid:0] Successfully freed phys reg 43 (43) from history buffer.
 101000: system.cpu.iew: Issue: Processing [tid:0]
 101000: system.cpu.iew: [tid:0] Not blocked, so attempting to run dispatch.
 101000: system.cpu.iq: Attempting to schedule ready instructions from the IQ.
 101000: system.cpu.iq: Not able to schedule any instructions.
 101000: system.cpu.iew.lsq: [tid:0] Writing back stores. 3 stores available for Writeback.
 101000: system.cpu.iew: Processing [tid:0]
 101000: system.cpu.iew.lsq.thread0: Marking store as able to write back, PC (0x40101b=>0x401023).(1=>2) [sn:10]
 101000: system.cpu.iq: [tid:0] Committing instructions older than [sn:10]
O3PipeView:fetch:87000:0x0040101b:0:9:  MOV_M_I : limm   t1d, 0x14
O3PipeView:decode:88000
O3PipeView:rename:89000
O3PipeView:dispatch:91000
O3PipeView:issue:91000
O3PipeView:complete:92000
O3PipeView:retire:100000:store:0
 101000: global: DynInst: [sn:9] Instruction destroyed. Instcount for system.cpu = 22
 101000: system.cpu.iew.lsq.thread0: LQ size: 132, #loads occupied: 2
 101000: system.cpu.iew.lsq.thread0: SQ size: 72, #stores occupied: 4
 101000: system.cpu.iew: [tid:0], Dispatch dispatched 0 instructions.
 101000: system.cpu.iew.lsq.thread0: SQ size: 72, #stores occupied: 4
 101000: system.cpu.iew.lsq.thread0: LQ size: 132, #loads occupied: 2
 101000: system.cpu.iew: IQ has 559 free entries (Can schedule: 0).  LQ has 130 free entries. SQ has 68 free entries.
 101000: system.cpu.iew: Activity this cycle.
 101000: system.cpu.commit: Getting instructions from Rename stage.
 101000: system.cpu.commit: Trying to commit instructions in the ROB.
 101000: system.cpu.commit: Trying to commit head instruction, [tid:0] [sn:11]
 101000: global: RegFile: Access to int register 45, has data 0x5
 101000: global: RegFile: Access to int register 41, has data 0x5
 101000: system.cpu.commit: [tid:0] [sn:11] Committing instruction with PC (0x401023=>0x401026).(0=>1)
 101000: system.cpu.rob: [tid:0] Retiring head instruction, instruction PC (0x401023=>0x401026).(0=>1), [sn:11]
 101000: system.cpu: Removing committed instruction [tid:0] PC (0x401023=>0x401026).(0=>1) [sn:11]
 101000: system.cpu.commit: MEM_TRACE_FILE environment variable not set. No predictions loaded.
 101000: system.cpu.commit: [tid:0] Instruction [sn:12] PC (0x401026=>0x40102a).(0=>1) is head of ROB and ready to commit
 101000: system.cpu.commit: [tid:0] ROB has 9 insts & 909 free entries.
 101000: system.cpu.commit: Activity This Cycle.
 101000: system.cpu: Activity: 12
 101000: system.cpu: Removing instruction, [tid:0] [sn:11] PC (0x401023=>0x401026).(0=>1)
 101000: system.cpu: Scheduling next tick!
 102000: system.cpu: 

O3CPU: Ticking main, O3CPU.
 102000: system.cpu.fetch: Running stage.
 102000: system.cpu.fetch: There are no more threads available to fetch from.
 102000: system.cpu.fetch: [tid:0] Fetch is waiting cache response!
 102000: system.cpu.decode: Processing [tid:0]
 102000: system.cpu.decode: [tid:0] Not blocked, so attempting to run stage.
 102000: system.cpu.decode: [tid:0] Nothing to do, breaking out early.
 102000: system.cpu.rename: Processing [tid:0]
 102000: system.cpu.rename: [tid:0] Free IQ: 559, Free ROB: 909, Free LQ: 130, Free SQ: 68, FreeRM 127(877 870 917 1834 127 8 4585)
 102000: system.cpu.rename: [tid:0] 0 instructions not yet in ROB
 102000: system.cpu.rename: calcFreeLQEntries: free lqEntries: 130, loadsInProgress: 0, loads dispatchedToLQ: 0
 102000: system.cpu.rename: [tid:0] Not blocked, so attempting to run stage.
 102000: system.cpu.rename: [tid:0] 8 available instructions to send iew.
 102000: system.cpu.rename: [tid:0] 0 insts pipelining from Rename | 0 insts dispatched to IQ last cycle.
 102000: system.cpu.rename: [tid:0] Sending instructions to IEW.
 102000: system.cpu.rename: calcFreeLQEntries: free lqEntries: 130, loadsInProgress: 0, loads dispatchedToLQ: 0
 102000: system.cpu.rename: [tid:0] Processing instruction [sn:21] with PC (0x40102a=>0x40102e).(0=>1).
 102000: system.cpu.rename: [tid:0] Looking up invalid arch reg 0, got phys reg 4294967295 (invalid) (bypassed: no)
 102000: system.cpu.rename: [tid:0] Register 4294967295 (flat: 4294967295) (invalid) is ready.
 102000: global: [sn:21] has 1 ready out of 3 sources. RTI 0)
 102000: system.cpu.rename: [tid:0] Looking up integer arch reg 4, got phys reg 40 (integer) (bypassed: no)
 102000: system.cpu.rename: [tid:0] Register 40 (flat: 40) (integer) is ready.
 102000: global: [sn:21] has 2 ready out of 3 sources. RTI 0)
 102000: system.cpu.rename: [tid:0] Looking up miscellaneous arch reg 154, got phys reg 154 (miscellaneous) (bypassed: no)
 102000: system.cpu.rename: [tid:0] Register 154 (flat: 0) (miscellaneous) is ready.
 102000: global: [sn:21] has 3 ready out of 3 sources. RTI 0)
 102000: global: Renamed reg rcx (1) to physical reg 55 (55) old mapping was 1 (1)
 102000: system.cpu.rename: [tid:0] Querying SMB Predictor for load [sn:21] with PC (0x40102a=>0x40102e).(0=>1).
 102000: system.cpu.rename: [tid:0] Renaming arch reg 1 (integer) to physical reg 55 (55).
 102000: system.cpu.rename: [tid:0] Sending instructions to IEW.
 102000: system.cpu.rename: calcFreeLQEntries: free lqEntries: 130, loadsInProgress: 1, loads dispatchedToLQ: 0
 102000: system.cpu.rename: [tid:0] Processing instruction [sn:22] with PC (0x40102e=>0x401032).(0=>1).
 102000: system.cpu.rename: [tid:0] Looking up invalid arch reg 0, got phys reg 4294967295 (invalid) (bypassed: no)
 102000: system.cpu.rename: [tid:0] Register 4294967295 (flat: 4294967295) (invalid) is ready.
 102000: global: [sn:22] has 1 ready out of 3 sources. RTI 0)
 102000: system.cpu.rename: [tid:0] Looking up integer arch reg 4, got phys reg 40 (integer) (bypassed: no)
 102000: system.cpu.rename: [tid:0] Register 40 (flat: 40) (integer) is ready.
 102000: global: [sn:22] has 2 ready out of 3 sources. RTI 0)
 102000: system.cpu.rename: [tid:0] Looking up miscellaneous arch reg 154, got phys reg 154 (miscellaneous) (bypassed: no)
 102000: system.cpu.rename: [tid:0] Register 154 (flat: 0) (miscellaneous) is ready.
 102000: global: [sn:22] has 3 ready out of 3 sources. RTI 0)
 102000: global: Renamed reg rdx (2) to physical reg 56 (56) old mapping was 2 (2)
 102000: system.cpu.rename: [tid:0] Querying SMB Predictor for load [sn:22] with PC (0x40102e=>0x401032).(0=>1).
 102000: system.cpu.rename: [tid:0] Renaming arch reg 2 (integer) to physical reg 56 (56).
 102000: system.cpu.rename: [tid:0] Sending instructions to IEW.
 102000: system.cpu.rename: [tid:0] Processing instruction [sn:23] with PC (0x401032=>0x401034).(0=>1).
 102000: system.cpu.rename: [tid:0] Looking up integer arch reg 6, got phys reg 46 (integer) (bypassed: no)
 102000: system.cpu.rename: [tid:0] Register 46 (flat: 46) (integer) is ready.
 102000: global: [sn:23] has 1 ready out of 7 sources. RTI 0)
 102000: system.cpu.rename: [tid:0] Looking up integer arch reg 0, got phys reg 41 (integer) (bypassed: yes)
 102000: system.cpu.rename: [tid:0] Register 41 (flat: 41) (integer) is ready.
 102000: global: [sn:23] has 2 ready out of 7 sources. RTI 0)
 102000: system.cpu.rename: [tid:0] Looking up invalid arch reg 0, got phys reg 4294967295 (invalid) (bypassed: no)
 102000: system.cpu.rename: [tid:0] Register 4294967295 (flat: 4294967295) (invalid) is ready.
 102000: global: [sn:23] has 3 ready out of 7 sources. RTI 0)
 102000: system.cpu.rename: [tid:0] Looking up invalid arch reg 0, got phys reg 4294967295 (invalid) (bypassed: no)
 102000: system.cpu.rename: [tid:0] Register 4294967295 (flat: 4294967295) (invalid) is ready.
 102000: global: [sn:23] has 4 ready out of 7 sources. RTI 0)
 102000: system.cpu.rename: [tid:0] Looking up invalid arch reg 0, got phys reg 4294967295 (invalid) (bypassed: no)
 102000: system.cpu.rename: [tid:0] Register 4294967295 (flat: 4294967295) (invalid) is ready.
 102000: global: [sn:23] has 5 ready out of 7 sources. RTI 0)
 102000: system.cpu.rename: [tid:0] Looking up invalid arch reg 0, got phys reg 4294967295 (invalid) (bypassed: no)
 102000: system.cpu.rename: [tid:0] Register 4294967295 (flat: 4294967295) (invalid) is ready.
 102000: global: [sn:23] has 6 ready out of 7 sources. RTI 0)
 102000: system.cpu.rename: [tid:0] Looking up invalid arch reg 0, got phys reg 4294967295 (invalid) (bypassed: no)
 102000: system.cpu.rename: [tid:0] Register 4294967295 (flat: 4294967295) (invalid) is ready.
 102000: global: [sn:23] has 7 ready out of 7 sources. RTI 0)
 102000: global: Renamed reg rsi (6) to physical reg 57 (57) old mapping was 46 (46)
 102000: system.cpu.rename: [tid:0] Renaming arch reg 6 (integer) to physical reg 57 (57).
 102000: global: Renamed reg condition_code[0] (0) to physical reg 4741 (4741) old mapping was 4731 (4731)
 102000: system.cpu.rename: [tid:0] Renaming arch reg 0 (condition_code) to physical reg 15 (4741).
 102000: global: Renamed reg condition_code[1] (1) to physical reg 4742 (4742) old mapping was 4732 (4732)
 102000: system.cpu.rename: [tid:0] Renaming arch reg 1 (condition_code) to physical reg 16 (4742).
 102000: system.cpu.rename: [tid:0] Renaming arch reg 0 (invalid) to physical reg 4294967295 (4294967295).
 102000: system.cpu.rename: [tid:0] Renaming arch reg 0 (invalid) to physical reg 4294967295 (4294967295).
 102000: system.cpu.rename: [tid:0] Renaming arch reg 0 (invalid) to physical reg 4294967295 (4294967295).
 102000: system.cpu.rename: [tid:0] Sending instructions to IEW.
 102000: system.cpu.rename: [tid:0] Processing instruction [sn:24] with PC (0x401034=>0x401036).(0=>1).
 102000: system.cpu.rename: [tid:0] Looking up integer arch reg 2, got phys reg 56 (integer) (bypassed: no)
 102000: system.cpu.rename: [tid:0] Register 56 (flat: 56) (integer) is not ready.
 102000: system.cpu.rename: [tid:0] Looking up integer arch reg 1, got phys reg 55 (integer) (bypassed: no)
 102000: system.cpu.rename: [tid:0] Register 55 (flat: 55) (integer) is not ready.
 102000: system.cpu.rename: [tid:0] Looking up invalid arch reg 0, got phys reg 4294967295 (invalid) (bypassed: no)
 102000: system.cpu.rename: [tid:0] Register 4294967295 (flat: 4294967295) (invalid) is ready.
 102000: global: [sn:24] has 1 ready out of 7 sources. RTI 0)
 102000: system.cpu.rename: [tid:0] Looking up invalid arch reg 0, got phys reg 4294967295 (invalid) (bypassed: no)
 102000: system.cpu.rename: [tid:0] Register 4294967295 (flat: 4294967295) (invalid) is ready.
 102000: global: [sn:24] has 2 ready out of 7 sources. RTI 0)
 102000: system.cpu.rename: [tid:0] Looking up invalid arch reg 0, got phys reg 4294967295 (invalid) (bypassed: no)
 102000: system.cpu.rename: [tid:0] Register 4294967295 (flat: 4294967295) (invalid) is ready.
 102000: global: [sn:24] has 3 ready out of 7 sources. RTI 0)
 102000: system.cpu.rename: [tid:0] Looking up invalid arch reg 0, got phys reg 4294967295 (invalid) (bypassed: no)
 102000: system.cpu.rename: [tid:0] Register 4294967295 (flat: 4294967295) (invalid) is ready.
 102000: global: [sn:24] has 4 ready out of 7 sources. RTI 0)
 102000: system.cpu.rename: [tid:0] Looking up invalid arch reg 0, got phys reg 4294967295 (invalid) (bypassed: no)
 102000: system.cpu.rename: [tid:0] Register 4294967295 (flat: 4294967295) (invalid) is ready.
 102000: global: [sn:24] has 5 ready out of 7 sources. RTI 0)
 102000: global: Renamed reg rdx (2) to physical reg 58 (58) old mapping was 56 (56)
 102000: system.cpu.rename: [tid:0] Renaming arch reg 2 (integer) to physical reg 58 (58).
 102000: global: Renamed reg condition_code[0] (0) to physical reg 4743 (4743) old mapping was 4741 (4741)
 102000: system.cpu.rename: [tid:0] Renaming arch reg 0 (condition_code) to physical reg 17 (4743).
 102000: global: Renamed reg condition_code[1] (1) to physical reg 4744 (4744) old mapping was 4742 (4742)
 102000: system.cpu.rename: [tid:0] Renaming arch reg 1 (condition_code) to physical reg 18 (4744).
 102000: system.cpu.rename: [tid:0] Renaming arch reg 0 (invalid) to physical reg 4294967295 (4294967295).
 102000: system.cpu.rename: [tid:0] Renaming arch reg 0 (invalid) to physical reg 4294967295 (4294967295).
 102000: system.cpu.rename: [tid:0] Renaming arch reg 0 (invalid) to physical reg 4294967295 (4294967295).
 102000: system.cpu.rename: [tid:0] Sending instructions to IEW.
 102000: system.cpu.rename: [tid:0] Processing instruction [sn:25] with PC (0x401036=>0x401038).(0=>1).
 102000: system.cpu.rename: [tid:0] Looking up integer arch reg 2, got phys reg 58 (integer) (bypassed: no)
 102000: system.cpu.rename: [tid:0] Register 58 (flat: 58) (integer) is not ready.
 102000: system.cpu.rename: [tid:0] Looking up integer arch reg 6, got phys reg 57 (integer) (bypassed: no)
 102000: system.cpu.rename: [tid:0] Register 57 (flat: 57) (integer) is not ready.
 102000: system.cpu.rename: [tid:0] Looking up invalid arch reg 0, got phys reg 4294967295 (invalid) (bypassed: no)
 102000: system.cpu.rename: [tid:0] Register 4294967295 (flat: 4294967295) (invalid) is ready.
 102000: global: [sn:25] has 1 ready out of 7 sources. RTI 0)
 102000: system.cpu.rename: [tid:0] Looking up invalid arch reg 0, got phys reg 4294967295 (invalid) (bypassed: no)
 102000: system.cpu.rename: [tid:0] Register 4294967295 (flat: 4294967295) (invalid) is ready.
 102000: global: [sn:25] has 2 ready out of 7 sources. RTI 0)
 102000: system.cpu.rename: [tid:0] Looking up invalid arch reg 0, got phys reg 4294967295 (invalid) (bypassed: no)
 102000: system.cpu.rename: [tid:0] Register 4294967295 (flat: 4294967295) (invalid) is ready.
 102000: global: [sn:25] has 3 ready out of 7 sources. RTI 0)
 102000: system.cpu.rename: [tid:0] Looking up invalid arch reg 0, got phys reg 4294967295 (invalid) (bypassed: no)
 102000: system.cpu.rename: [tid:0] Register 4294967295 (flat: 4294967295) (invalid) is ready.
 102000: global: [sn:25] has 4 ready out of 7 sources. RTI 0)
 102000: system.cpu.rename: [tid:0] Looking up invalid arch reg 0, got phys reg 4294967295 (invalid) (bypassed: no)
 102000: system.cpu.rename: [tid:0] Register 4294967295 (flat: 4294967295) (invalid) is ready.
 102000: global: [sn:25] has 5 ready out of 7 sources. RTI 0)
 102000: global: Renamed reg rdx (2) to physical reg 59 (59) old mapping was 58 (58)
 102000: system.cpu.rename: [tid:0] Renaming arch reg 2 (integer) to physical reg 59 (59).
 102000: global: Renamed reg condition_code[0] (0) to physical reg 4745 (4745) old mapping was 4743 (4743)
 102000: system.cpu.rename: [tid:0] Renaming arch reg 0 (condition_code) to physical reg 19 (4745).
 102000: global: Renamed reg condition_code[1] (1) to physical reg 4746 (4746) old mapping was 4744 (4744)
 102000: system.cpu.rename: [tid:0] Renaming arch reg 1 (condition_code) to physical reg 20 (4746).
 102000: system.cpu.rename: [tid:0] Renaming arch reg 0 (invalid) to physical reg 4294967295 (4294967295).
 102000: system.cpu.rename: [tid:0] Renaming arch reg 0 (invalid) to physical reg 4294967295 (4294967295).
 102000: system.cpu.rename: [tid:0] Renaming arch reg 0 (invalid) to physical reg 4294967295 (4294967295).
 102000: system.cpu.rename: [tid:0] Sending instructions to IEW.
 102000: system.cpu.rename: [tid:0] Processing instruction [sn:26] with PC (0x401038=>0x40103c).(0=>1).
 102000: global: Renamed reg t1 (17) to physical reg 60 (60) old mapping was 44 (44)
 102000: system.cpu.rename: [tid:0] Renaming arch reg 17 (integer) to physical reg 60 (60).
 102000: system.cpu.rename: [tid:0] Sending instructions to IEW.
 102000: system.cpu.rename: [tid:0] Processing instruction [sn:27] with PC (0x401038=>0x40103c).(1=>2).
 102000: system.cpu.rename: [tid:0] Looking up integer arch reg 4, got phys reg 40 (integer) (bypassed: no)
 102000: system.cpu.rename: [tid:0] Register 40 (flat: 40) (integer) is ready.
 102000: global: [sn:27] has 1 ready out of 7 sources. RTI 0)
 102000: system.cpu.rename: [tid:0] Looking up integer arch reg 17, got phys reg 60 (integer) (bypassed: no)
 102000: system.cpu.rename: [tid:0] Register 60 (flat: 60) (integer) is not ready.
 102000: system.cpu.rename: [tid:0] Looking up invalid arch reg 0, got phys reg 4294967295 (invalid) (bypassed: no)
 102000: system.cpu.rename: [tid:0] Register 4294967295 (flat: 4294967295) (invalid) is ready.
 102000: global: [sn:27] has 2 ready out of 7 sources. RTI 0)
 102000: system.cpu.rename: [tid:0] Looking up invalid arch reg 0, got phys reg 4294967295 (invalid) (bypassed: no)
 102000: system.cpu.rename: [tid:0] Register 4294967295 (flat: 4294967295) (invalid) is ready.
 102000: global: [sn:27] has 3 ready out of 7 sources. RTI 0)
 102000: system.cpu.rename: [tid:0] Looking up invalid arch reg 0, got phys reg 4294967295 (invalid) (bypassed: no)
 102000: system.cpu.rename: [tid:0] Register 4294967295 (flat: 4294967295) (invalid) is ready.
 102000: global: [sn:27] has 4 ready out of 7 sources. RTI 0)
 102000: system.cpu.rename: [tid:0] Looking up invalid arch reg 0, got phys reg 4294967295 (invalid) (bypassed: no)
 102000: system.cpu.rename: [tid:0] Register 4294967295 (flat: 4294967295) (invalid) is ready.
 102000: global: [sn:27] has 5 ready out of 7 sources. RTI 0)
 102000: system.cpu.rename: [tid:0] Looking up invalid arch reg 0, got phys reg 4294967295 (invalid) (bypassed: no)
 102000: system.cpu.rename: [tid:0] Register 4294967295 (flat: 4294967295) (invalid) is ready.
 102000: global: [sn:27] has 6 ready out of 7 sources. RTI 0)
 102000: global: Renamed reg rsp (4) to physical reg 61 (61) old mapping was 40 (40)
 102000: system.cpu.rename: [tid:0] Renaming arch reg 4 (integer) to physical reg 61 (61).
 102000: global: Renamed reg condition_code[0] (0) to physical reg 4747 (4747) old mapping was 4745 (4745)
 102000: system.cpu.rename: [tid:0] Renaming arch reg 0 (condition_code) to physical reg 21 (4747).
 102000: global: Renamed reg condition_code[1] (1) to physical reg 4748 (4748) old mapping was 4746 (4746)
 102000: system.cpu.rename: [tid:0] Renaming arch reg 1 (condition_code) to physical reg 22 (4748).
 102000: system.cpu.rename: [tid:0] Renaming arch reg 0 (invalid) to physical reg 4294967295 (4294967295).
 102000: system.cpu.rename: [tid:0] Renaming arch reg 0 (invalid) to physical reg 4294967295 (4294967295).
 102000: system.cpu.rename: [tid:0] Renaming arch reg 0 (invalid) to physical reg 4294967295 (4294967295).
 102000: system.cpu.rename: [tid:0] Sending instructions to IEW.
 102000: system.cpu.rename: [tid:0] Processing instruction [sn:28] with PC (0x40103c=>0x40103e).(0=>1).
 102000: system.cpu.rename: [tid:0] Looking up invalid arch reg 0, got phys reg 4294967295 (invalid) (bypassed: no)
 102000: system.cpu.rename: [tid:0] Register 4294967295 (flat: 4294967295) (invalid) is ready.
 102000: global: [sn:28] has 1 ready out of 3 sources. RTI 0)
 102000: system.cpu.rename: [tid:0] Looking up integer arch reg 2, got phys reg 59 (integer) (bypassed: no)
 102000: system.cpu.rename: [tid:0] Register 59 (flat: 59) (integer) is not ready.
 102000: system.cpu.rename: [tid:0] Looking up invalid arch reg 0, got phys reg 4294967295 (invalid) (bypassed: no)
 102000: system.cpu.rename: [tid:0] Register 4294967295 (flat: 4294967295) (invalid) is ready.
 102000: global: [sn:28] has 2 ready out of 3 sources. RTI 0)
 102000: global: Renamed reg rdi (7) to physical reg 62 (62) old mapping was 7 (7)
 102000: system.cpu.rename: [tid:0] Renaming arch reg 7 (integer) to physical reg 62 (62).
 102000: system.cpu.rename: Activity this cycle.
 102000: system.cpu: Activity: 13
 102000: system.cpu.rename: [tid:0] Removing a committed instruction from the history buffer 0 (size=30), until [sn:11].
 102000: system.cpu.rename: [tid:0] Freeing older rename of reg 0 (0), [sn:11].
 102000: system.cpu.rename: [tid:0] Successfully freed phys reg 0 (0) from history buffer.
 102000: system.cpu.iew: Issue: Processing [tid:0]
 102000: system.cpu.iew: [tid:0] Not blocked, so attempting to run dispatch.
 102000: system.cpu.iq: Attempting to schedule ready instructions from the IQ.
 102000: system.cpu.iq: Not able to schedule any instructions.
 102000: system.cpu.iew.lsq: [tid:0] Writing back stores. 4 stores available for Writeback.
 102000: system.cpu.iew: Processing [tid:0]
 102000: system.cpu.iew.lsq.thread0: Committing head load instruction, PC (0x401023=>0x401026).(0=>1)
 102000: system.cpu.iq: [tid:0] Committing instructions older than [sn:11]
O3PipeView:fetch:88000:0x00401023:0:11:  MOV_R_M : ld   eax, SS:[t0 + rsp]
O3PipeView:decode:89000
O3PipeView:rename:90000
O3PipeView:dispatch:92000
O3PipeView:issue:94000
O3PipeView:complete:95000
O3PipeView:retire:101000:store:0
 102000: global: DynInst: [sn:11] Instruction destroyed. Instcount for system.cpu = 21
 102000: system.cpu.iew.lsq.thread0: LQ size: 132, #loads occupied: 1
 102000: system.cpu.iew.lsq.thread0: SQ size: 72, #stores occupied: 4
 102000: system.cpu.iew: [tid:0], Dispatch dispatched 0 instructions.
 102000: system.cpu.iew.lsq.thread0: SQ size: 72, #stores occupied: 4
 102000: system.cpu.iew.lsq.thread0: LQ size: 132, #loads occupied: 1
 102000: system.cpu.iew: IQ has 559 free entries (Can schedule: 0).  LQ has 131 free entries. SQ has 68 free entries.
 102000: system.cpu.iew: Activity this cycle.
 102000: system.cpu.commit: Getting instructions from Rename stage.
 102000: system.cpu.commit: Trying to commit instructions in the ROB.
 102000: system.cpu.commit: Trying to commit head instruction, [tid:0] [sn:12]
 102000: global: RegFile: Access to int register 46, has data 0xa
 102000: global: RegFile: Access to int register 42, has data 0xa
 102000: system.cpu.commit: [tid:0] [sn:12] Committing instruction with PC (0x401026=>0x40102a).(0=>1)
 102000: system.cpu.rob: [tid:0] Retiring head instruction, instruction PC (0x401026=>0x40102a).(0=>1), [sn:12]
 102000: system.cpu: Removing committed instruction [tid:0] PC (0x401026=>0x40102a).(0=>1) [sn:12]
 102000: system.cpu.commit: MEM_TRACE_FILE environment variable not set. No predictions loaded.
 102000: system.cpu.commit: [tid:0] Instruction [sn:13] PC (0x40102a=>0x40102e).(0=>1) is head of ROB and ready to commit
 102000: system.cpu.commit: [tid:0] ROB has 8 insts & 910 free entries.
 102000: system.cpu.commit: Activity This Cycle.
 102000: system.cpu: Activity: 12
 102000: system.cpu: Removing instruction, [tid:0] [sn:12] PC (0x401026=>0x40102a).(0=>1)
 102000: system.cpu: Scheduling next tick!
 103000: system.cpu: 

O3CPU: Ticking main, O3CPU.
 103000: system.cpu.fetch: Running stage.
 103000: system.cpu.fetch: There are no more threads available to fetch from.
 103000: system.cpu.fetch: [tid:0] Fetch is waiting cache response!
 103000: system.cpu.decode: Processing [tid:0]
 103000: system.cpu.decode: [tid:0] Not blocked, so attempting to run stage.
 103000: system.cpu.decode: [tid:0] Nothing to do, breaking out early.
 103000: system.cpu.rename: Processing [tid:0]
 103000: system.cpu.rename: [tid:0] Free IQ: 559, Free ROB: 910, Free LQ: 131, Free SQ: 68, FreeRM 127(870 870 917 1834 127 8 4577)
 103000: system.cpu.rename: [tid:0] 8 instructions not yet in ROB
 103000: system.cpu.rename: calcFreeLQEntries: free lqEntries: 131, loadsInProgress: 2, loads dispatchedToLQ: 0
 103000: system.cpu.rename: [tid:0] Not blocked, so attempting to run stage.
 103000: system.cpu.rename: [tid:0] Nothing to do, breaking out early.
 103000: system.cpu.rename: [tid:0] Removing a committed instruction from the history buffer 0 (size=29), until [sn:12].
 103000: system.cpu.rename: [tid:0] Freeing older rename of reg 6 (6), [sn:12].
 103000: system.cpu.rename: [tid:0] Successfully freed phys reg 6 (6) from history buffer.
 103000: system.cpu.iew: Issue: Processing [tid:0]
 103000: system.cpu.iew: [tid:0] Not blocked, so attempting to run dispatch.
 103000: system.cpu.iq: Attempting to schedule ready instructions from the IQ.
 103000: system.cpu.iq: Not able to schedule any instructions.
 103000: system.cpu.iew.lsq: [tid:0] Writing back stores. 4 stores available for Writeback.
 103000: system.cpu.iew: Processing [tid:0]
 103000: system.cpu.iew.lsq.thread0: Committing head load instruction, PC (0x401026=>0x40102a).(0=>1)
 103000: system.cpu.iq: [tid:0] Committing instructions older than [sn:12]
O3PipeView:fetch:88000:0x00401026:0:12:  MOV_R_M : ld   esi, SS:[t0 + rsp + 0x4]
O3PipeView:decode:89000
O3PipeView:rename:90000
O3PipeView:dispatch:92000
O3PipeView:issue:94000
O3PipeView:complete:95000
O3PipeView:retire:102000:store:0
 103000: global: DynInst: [sn:12] Instruction destroyed. Instcount for system.cpu = 20
 103000: system.cpu.iew.lsq.thread0: LQ size: 132, #loads occupied: 0
 103000: system.cpu.iew.lsq.thread0: SQ size: 72, #stores occupied: 4
 103000: system.cpu.iew: [tid:0], Dispatch dispatched 0 instructions.
 103000: system.cpu.iew.lsq.thread0: SQ size: 72, #stores occupied: 4
 103000: system.cpu.iew.lsq.thread0: LQ size: 132, #loads occupied: 0
 103000: system.cpu.iew: IQ has 559 free entries (Can schedule: 0).  LQ has 132 free entries. SQ has 68 free entries.
 103000: system.cpu.iew: Activity this cycle.
 103000: system.cpu: Activity: 13
 103000: system.cpu.commit: Getting instructions from Rename stage.
 103000: system.cpu.commit: [tid:0] [sn:21] Inserting PC (0x40102a=>0x40102e).(0=>1) into ROB.
 103000: system.cpu.rob: Adding inst PC (0x40102a=>0x40102e).(0=>1) to the ROB.
 103000: system.cpu.rob: [tid:0] Now has 9 instructions.
 103000: system.cpu.commit: [tid:0] [sn:22] Inserting PC (0x40102e=>0x401032).(0=>1) into ROB.
 103000: system.cpu.rob: Adding inst PC (0x40102e=>0x401032).(0=>1) to the ROB.
 103000: system.cpu.rob: [tid:0] Now has 10 instructions.
 103000: system.cpu.commit: [tid:0] [sn:23] Inserting PC (0x401032=>0x401034).(0=>1) into ROB.
 103000: system.cpu.rob: Adding inst PC (0x401032=>0x401034).(0=>1) to the ROB.
 103000: system.cpu.rob: [tid:0] Now has 11 instructions.
 103000: system.cpu.commit: [tid:0] [sn:24] Inserting PC (0x401034=>0x401036).(0=>1) into ROB.
 103000: system.cpu.rob: Adding inst PC (0x401034=>0x401036).(0=>1) to the ROB.
 103000: system.cpu.rob: [tid:0] Now has 12 instructions.
 103000: system.cpu.commit: [tid:0] [sn:25] Inserting PC (0x401036=>0x401038).(0=>1) into ROB.
 103000: system.cpu.rob: Adding inst PC (0x401036=>0x401038).(0=>1) to the ROB.
 103000: system.cpu.rob: [tid:0] Now has 13 instructions.
 103000: system.cpu.commit: [tid:0] [sn:26] Inserting PC (0x401038=>0x40103c).(0=>1) into ROB.
 103000: system.cpu.rob: Adding inst PC (0x401038=>0x40103c).(0=>1) to the ROB.
 103000: system.cpu.rob: [tid:0] Now has 14 instructions.
 103000: system.cpu.commit: [tid:0] [sn:27] Inserting PC (0x401038=>0x40103c).(1=>2) into ROB.
 103000: system.cpu.rob: Adding inst PC (0x401038=>0x40103c).(1=>2) to the ROB.
 103000: system.cpu.rob: [tid:0] Now has 15 instructions.
 103000: system.cpu.commit: [tid:0] [sn:28] Inserting PC (0x40103c=>0x40103e).(0=>1) into ROB.
 103000: system.cpu.rob: Adding inst PC (0x40103c=>0x40103e).(0=>1) to the ROB.
 103000: system.cpu.rob: [tid:0] Now has 16 instructions.
 103000: system.cpu.commit: Trying to commit instructions in the ROB.
 103000: system.cpu.commit: Trying to commit head instruction, [tid:0] [sn:13]
 103000: system.cpu.commit: Retiring squashed instruction from ROB.
 103000: system.cpu.rob: [tid:0] Retiring head instruction, instruction PC (0x40102a=>0x40102e).(0=>1), [sn:13]
 103000: system.cpu: Removing committed instruction [tid:0] PC (0x40102a=>0x40102e).(0=>1) [sn:13]
 103000: system.cpu.commit: Trying to commit head instruction, [tid:0] [sn:14]
 103000: system.cpu.commit: Retiring squashed instruction from ROB.
 103000: system.cpu.rob: [tid:0] Retiring head instruction, instruction PC (0x40102e=>0x401032).(0=>1), [sn:14]
 103000: system.cpu: Removing committed instruction [tid:0] PC (0x40102e=>0x401032).(0=>1) [sn:14]
 103000: system.cpu.commit: Trying to commit head instruction, [tid:0] [sn:15]
 103000: system.cpu.commit: Retiring squashed instruction from ROB.
 103000: system.cpu.rob: [tid:0] Retiring head instruction, instruction PC (0x401032=>0x401034).(0=>1), [sn:15]
 103000: system.cpu: Removing committed instruction [tid:0] PC (0x401032=>0x401034).(0=>1) [sn:15]
 103000: system.cpu.commit: Trying to commit head instruction, [tid:0] [sn:16]
 103000: system.cpu.commit: Retiring squashed instruction from ROB.
 103000: system.cpu.rob: [tid:0] Retiring head instruction, instruction PC (0x401034=>0x401036).(0=>1), [sn:16]
 103000: system.cpu: Removing committed instruction [tid:0] PC (0x401034=>0x401036).(0=>1) [sn:16]
 103000: system.cpu.commit: Trying to commit head instruction, [tid:0] [sn:17]
 103000: system.cpu.commit: Retiring squashed instruction from ROB.
 103000: system.cpu.rob: [tid:0] Retiring head instruction, instruction PC (0x401036=>0x401038).(0=>1), [sn:17]
 103000: system.cpu: Removing committed instruction [tid:0] PC (0x401036=>0x401038).(0=>1) [sn:17]
 103000: system.cpu.commit: Trying to commit head instruction, [tid:0] [sn:18]
 103000: system.cpu.commit: Retiring squashed instruction from ROB.
 103000: system.cpu.rob: [tid:0] Retiring head instruction, instruction PC (0x401038=>0x40103c).(0=>1), [sn:18]
 103000: system.cpu: Removing committed instruction [tid:0] PC (0x401038=>0x40103c).(0=>1) [sn:18]
 103000: system.cpu.commit: Trying to commit head instruction, [tid:0] [sn:19]
 103000: system.cpu.commit: Retiring squashed instruction from ROB.
 103000: system.cpu.rob: [tid:0] Retiring head instruction, instruction PC (0x401038=>0x40103c).(1=>2), [sn:19]
 103000: system.cpu: Removing committed instruction [tid:0] PC (0x401038=>0x40103c).(1=>2) [sn:19]
 103000: system.cpu.commit: Trying to commit head instruction, [tid:0] [sn:20]
 103000: system.cpu.commit: Retiring squashed instruction from ROB.
 103000: system.cpu.rob: [tid:0] Retiring head instruction, instruction PC (0x40103c=>0x40103e).(0=>1), [sn:20]
 103000: system.cpu: Removing committed instruction [tid:0] PC (0x40103c=>0x40103e).(0=>1) [sn:20]
 103000: system.cpu.commit: [tid:0] Can't commit, Instruction [sn:21] PC (0x40102a=>0x40102e).(0=>1) is head of ROB and not ready
 103000: system.cpu.commit: [tid:0] ROB has 8 insts & 910 free entries.
 103000: system.cpu.commit: Activity This Cycle.
 103000: system.cpu.commit: Deactivating stage.
 103000: system.cpu: Activity: 12
 103000: system.cpu: Activity: 11
 103000: system.cpu: Removing instruction, [tid:0] [sn:13] PC (0x40102a=>0x40102e).(0=>1)
O3PipeView:fetch:88000:0x0040102a:0:13:  MOV_R_M : ld   ecx, SS:[t0 + rsp + 0x8]
O3PipeView:decode:89000
O3PipeView:rename:90000
O3PipeView:dispatch:92000
O3PipeView:issue:94000
O3PipeView:complete:95000
O3PipeView:retire:0:store:0
 103000: global: DynInst: [sn:13] Instruction destroyed. Instcount for system.cpu = 19
 103000: system.cpu: Removing instruction, [tid:0] [sn:14] PC (0x40102e=>0x401032).(0=>1)
O3PipeView:fetch:88000:0x0040102e:0:14:  MOV_R_M : ld   edx, SS:[t0 + rsp + 0xc]
O3PipeView:decode:89000
O3PipeView:rename:90000
O3PipeView:dispatch:92000
O3PipeView:issue:94000
O3PipeView:complete:95000
O3PipeView:retire:0:store:0
 103000: global: DynInst: [sn:14] Instruction destroyed. Instcount for system.cpu = 18
 103000: system.cpu: Removing instruction, [tid:0] [sn:15] PC (0x401032=>0x401034).(0=>1)
O3PipeView:fetch:88000:0x00401032:0:15:  ADD_R_R : add   esi, esi, eax
O3PipeView:decode:89000
O3PipeView:rename:90000
O3PipeView:dispatch:92000
O3PipeView:issue:92000
O3PipeView:complete:93000
O3PipeView:retire:0:store:0
 103000: global: DynInst: [sn:15] Instruction destroyed. Instcount for system.cpu = 17
 103000: system.cpu: Removing instruction, [tid:0] [sn:16] PC (0x401034=>0x401036).(0=>1)
O3PipeView:fetch:88000:0x00401034:0:16:  ADD_R_R : add   edx, edx, ecx
O3PipeView:decode:89000
O3PipeView:rename:90000
O3PipeView:dispatch:92000
O3PipeView:issue:92000
O3PipeView:complete:93000
O3PipeView:retire:0:store:0
 103000: global: DynInst: [sn:16] Instruction destroyed. Instcount for system.cpu = 16
 103000: system.cpu: Removing instruction, [tid:0] [sn:17] PC (0x401036=>0x401038).(0=>1)
O3PipeView:fetch:88000:0x00401036:0:17:  SUB_R_R : sub   edx, edx, esi
O3PipeView:decode:89000
O3PipeView:rename:90000
O3PipeView:dispatch:92000
O3PipeView:issue:93000
O3PipeView:complete:94000
O3PipeView:retire:0:store:0
 103000: global: DynInst: [sn:17] Instruction destroyed. Instcount for system.cpu = 15
 103000: system.cpu: Removing instruction, [tid:0] [sn:18] PC (0x401038=>0x40103c).(0=>1)
O3PipeView:fetch:88000:0x00401038:0:18:  ADD_R_I : limm   t1, 0x10
O3PipeView:decode:89000
O3PipeView:rename:90000
O3PipeView:dispatch:92000
O3PipeView:issue:92000
O3PipeView:complete:93000
O3PipeView:retire:0:store:0
 103000: global: DynInst: [sn:18] Instruction destroyed. Instcount for system.cpu = 14
 103000: system.cpu: Removing instruction, [tid:0] [sn:19] PC (0x401038=>0x40103c).(1=>2)
O3PipeView:fetch:88000:0x00401038:1:19:  ADD_R_I : add   rsp, rsp, t1
O3PipeView:decode:89000
O3PipeView:rename:90000
O3PipeView:dispatch:92000
O3PipeView:issue:93000
O3PipeView:complete:94000
O3PipeView:retire:0:store:0
 103000: global: DynInst: [sn:19] Instruction destroyed. Instcount for system.cpu = 13
 103000: system.cpu: Removing instruction, [tid:0] [sn:20] PC (0x40103c=>0x40103e).(0=>1)
O3PipeView:fetch:88000:0x0040103c:0:20:  MOV_R_R : mov   edi, edi, edx
O3PipeView:decode:89000
O3PipeView:rename:90000
O3PipeView:dispatch:92000
O3PipeView:issue:94000
O3PipeView:complete:95000
O3PipeView:retire:0:store:0
 103000: global: DynInst: [sn:20] Instruction destroyed. Instcount for system.cpu = 12
 103000: system.cpu: Scheduling next tick!
 104000: system.cpu: 

O3CPU: Ticking main, O3CPU.
 104000: system.cpu.fetch: Running stage.
 104000: system.cpu.fetch: There are no more threads available to fetch from.
 104000: system.cpu.fetch: [tid:0] Fetch is waiting cache response!
 104000: system.cpu.decode: Processing [tid:0]
 104000: system.cpu.decode: [tid:0] Not blocked, so attempting to run stage.
 104000: system.cpu.decode: [tid:0] Nothing to do, breaking out early.
 104000: system.cpu.rename: Processing [tid:0]
 104000: system.cpu.rename: [tid:0] Free IQ: 559, Free ROB: 910, Free LQ: 132, Free SQ: 68, FreeRM 127(871 870 917 1834 127 8 4577)
 104000: system.cpu.rename: [tid:0] 8 instructions not yet in ROB
 104000: system.cpu.rename: calcFreeLQEntries: free lqEntries: 132, loadsInProgress: 2, loads dispatchedToLQ: 0
 104000: system.cpu.rename: [tid:0] Not blocked, so attempting to run stage.
 104000: system.cpu.rename: [tid:0] Nothing to do, breaking out early.
 104000: system.cpu.iew: Issue: Processing [tid:0]
 104000: system.cpu.iew: [tid:0] Not blocked, so attempting to run dispatch.
 104000: system.cpu.iew: [tid:0] Issue: Adding PC (0x40102a=>0x40102e).(0=>1) [sn:21] [tid:0] to IQ.
 104000: system.cpu.iew: [tid:0] Issue: Memory instruction encountered, adding to LSQ.
 104000: system.cpu.iew.lsq.thread0: Inserting load PC (0x40102a=>0x40102e).(0=>1), idx:2 [sn:21]
 104000: system.cpu.iq: Adding instruction [sn:21] PC (0x40102a=>0x40102e).(0=>1) to the IQ.
 104000: system.cpu.memDep0: No dependency for inst PC (0x40102a=>0x40102e).(0=>1) [sn:21].
 104000: system.cpu.memDep0: Adding instruction [sn:21] to the ready list.
 104000: system.cpu.iq: Instruction is ready to issue, putting it onto the ready list, PC (0x40102a=>0x40102e).(0=>1) opclass:52 [sn:21].
 104000: system.cpu.memDep0: Also the Inst is ready to issue.
 104000: system.cpu.iew: [tid:0] Issue: Adding PC (0x40102e=>0x401032).(0=>1) [sn:22] [tid:0] to IQ.
 104000: system.cpu.iew: [tid:0] Issue: Memory instruction encountered, adding to LSQ.
 104000: system.cpu.iew.lsq.thread0: Inserting load PC (0x40102e=>0x401032).(0=>1), idx:3 [sn:22]
 104000: system.cpu.iq: Adding instruction [sn:22] PC (0x40102e=>0x401032).(0=>1) to the IQ.
 104000: system.cpu.memDep0: No dependency for inst PC (0x40102e=>0x401032).(0=>1) [sn:22].
 104000: system.cpu.memDep0: Adding instruction [sn:22] to the ready list.
 104000: system.cpu.iq: Instruction is ready to issue, putting it onto the ready list, PC (0x40102e=>0x401032).(0=>1) opclass:52 [sn:22].
 104000: system.cpu.memDep0: Also the Inst is ready to issue.
 104000: system.cpu.iew: [tid:0] Issue: Adding PC (0x401032=>0x401034).(0=>1) [sn:23] [tid:0] to IQ.
 104000: system.cpu.iq: Adding instruction [sn:23] PC (0x401032=>0x401034).(0=>1) to the IQ.
 104000: system.cpu.iq: Instruction is ready to issue, putting it onto the ready list, PC (0x401032=>0x401034).(0=>1) opclass:1 [sn:23].
 104000: system.cpu.iew: [tid:0] Issue: Adding PC (0x401034=>0x401036).(0=>1) [sn:24] [tid:0] to IQ.
 104000: system.cpu.iq: Adding instruction [sn:24] PC (0x401034=>0x401036).(0=>1) to the IQ.
 104000: system.cpu.iq: Instruction PC (0x401034=>0x401036).(0=>1) has src reg 56 (integer) that is being added to the dependency chain.
 104000: system.cpu.iq: Instruction PC (0x401034=>0x401036).(0=>1) has src reg 55 (integer) that is being added to the dependency chain.
 104000: system.cpu.iew: [tid:0] Issue: Adding PC (0x401036=>0x401038).(0=>1) [sn:25] [tid:0] to IQ.
 104000: system.cpu.iq: Adding instruction [sn:25] PC (0x401036=>0x401038).(0=>1) to the IQ.
 104000: system.cpu.iq: Instruction PC (0x401036=>0x401038).(0=>1) has src reg 58 (integer) that is being added to the dependency chain.
 104000: system.cpu.iq: Instruction PC (0x401036=>0x401038).(0=>1) has src reg 57 (integer) that is being added to the dependency chain.
 104000: system.cpu.iew: [tid:0] Issue: Adding PC (0x401038=>0x40103c).(0=>1) [sn:26] [tid:0] to IQ.
 104000: system.cpu.iq: Adding instruction [sn:26] PC (0x401038=>0x40103c).(0=>1) to the IQ.
 104000: system.cpu.iq: Instruction is ready to issue, putting it onto the ready list, PC (0x401038=>0x40103c).(0=>1) opclass:1 [sn:26].
 104000: system.cpu.iew: [tid:0] Issue: Adding PC (0x401038=>0x40103c).(1=>2) [sn:27] [tid:0] to IQ.
 104000: system.cpu.iq: Adding instruction [sn:27] PC (0x401038=>0x40103c).(1=>2) to the IQ.
 104000: system.cpu.iq: Instruction PC (0x401038=>0x40103c).(1=>2) has src reg 60 (integer) that is being added to the dependency chain.
 104000: system.cpu.iew: [tid:0] Issue: Adding PC (0x40103c=>0x40103e).(0=>1) [sn:28] [tid:0] to IQ.
 104000: system.cpu.iq: Adding instruction [sn:28] PC (0x40103c=>0x40103e).(0=>1) to the IQ.
 104000: system.cpu.iq: Instruction PC (0x40103c=>0x40103e).(0=>1) has src reg 59 (integer) that is being added to the dependency chain.
 104000: system.cpu.iq: Attempting to schedule ready instructions from the IQ.
 104000: system.cpu.iq: Thread 0: Issuing instruction PC (0x40102a=>0x40102e).(0=>1) [sn:21]
 104000: system.cpu.memDep0: Issuing instruction PC 0x40102a [sn:21].
 104000: system.cpu.iq: Thread 0: Issuing instruction PC (0x40102e=>0x401032).(0=>1) [sn:22]
 104000: system.cpu.memDep0: Issuing instruction PC 0x40102e [sn:22].
 104000: system.cpu.iq: Thread 0: Issuing instruction PC (0x401032=>0x401034).(0=>1) [sn:23]
 104000: system.cpu.iq: Thread 0: Issuing instruction PC (0x401038=>0x40103c).(0=>1) [sn:26]
 104000: system.cpu: Activity: 12
 104000: system.cpu.iew.lsq: [tid:0] Writing back stores. 4 stores available for Writeback.
 104000: system.cpu.iew: Processing [tid:0]
 104000: system.cpu.iew.lsq.thread0: LQ size: 132, #loads occupied: 2
 104000: system.cpu.iew.lsq.thread0: SQ size: 72, #stores occupied: 4
 104000: system.cpu.iew: [tid:0], Dispatch dispatched 8 instructions.
 104000: system.cpu.iew.lsq.thread0: SQ size: 72, #stores occupied: 4
 104000: system.cpu.iew.lsq.thread0: LQ size: 132, #loads occupied: 2
 104000: system.cpu.iew: IQ has 553 free entries (Can schedule: 0).  LQ has 130 free entries. SQ has 68 free entries.
 104000: system.cpu.iew: Activity this cycle.
 104000: system.cpu.commit: Getting instructions from Rename stage.
 104000: system.cpu.commit: Trying to commit instructions in the ROB.
 104000: system.cpu.commit: [tid:0] Can't commit, Instruction [sn:21] PC (0x40102a=>0x40102e).(0=>1) is head of ROB and not ready
 104000: system.cpu.commit: [tid:0] ROB has 8 insts & 910 free entries.
 104000: system.cpu: Activity: 11
 104000: system.cpu: Scheduling next tick!
 105000: system.cpu: 

O3CPU: Ticking main, O3CPU.
 105000: system.cpu.fetch: Running stage.
 105000: system.cpu.fetch: There are no more threads available to fetch from.
 105000: system.cpu.fetch: [tid:0] Fetch is waiting cache response!
 105000: system.cpu.decode: Processing [tid:0]
 105000: system.cpu.decode: [tid:0] Not blocked, so attempting to run stage.
 105000: system.cpu.decode: [tid:0] Nothing to do, breaking out early.
 105000: system.cpu.rename: Processing [tid:0]
 105000: system.cpu.rename: [tid:0] Free IQ: 553, Free ROB: 910, Free LQ: 130, Free SQ: 68, FreeRM 127(871 870 917 1834 127 8 4577)
 105000: system.cpu.rename: [tid:0] 8 instructions not yet in ROB
 105000: system.cpu.rename: calcFreeLQEntries: free lqEntries: 130, loadsInProgress: 2, loads dispatchedToLQ: 2
 105000: system.cpu.rename: [tid:0] Not blocked, so attempting to run stage.
 105000: system.cpu.rename: [tid:0] Nothing to do, breaking out early.
 105000: system.cpu.iew: Issue: Processing [tid:0]
 105000: system.cpu.iew: [tid:0] Not blocked, so attempting to run dispatch.
 105000: system.cpu.iew: Execute: Executing instructions from IQ.
 105000: system.cpu.iew: Execute: Processing PC (0x40102a=>0x40102e).(0=>1), [tid:0] [sn:21].
 105000: system.cpu.iew: Execute: Calculating address for memory reference.
 105000: system.cpu.iew.lsq.thread0: Executing load PC (0x40102a=>0x40102e).(0=>1), [sn:21]
 105000: global: RegFile: Access to int register 40, has data 0x7fffffffee10
 105000: system.cpu.iew.lsq.thread0: Read called, load idx: 2, store idx: 5, storeHead: 0 addr: 0x2e18
 105000: system.cpu.iew.lsq.thread0: Forwarding from store idx 3 to load to addr 0x7fffffffee18
 105000: system.cpu.iew: Execute: Executing instructions from IQ.
 105000: system.cpu.iew: Execute: Processing PC (0x40102e=>0x401032).(0=>1), [tid:0] [sn:22].
 105000: system.cpu.iew: Execute: Calculating address for memory reference.
 105000: system.cpu.iew.lsq.thread0: Executing load PC (0x40102e=>0x401032).(0=>1), [sn:22]
 105000: global: RegFile: Access to int register 40, has data 0x7fffffffee10
 105000: system.cpu.iew.lsq.thread0: Read called, load idx: 3, store idx: 5, storeHead: 0 addr: 0x2e1c
 105000: system.cpu.iew.lsq.thread0: Forwarding from store idx 4 to load to addr 0x7fffffffee1c
 105000: system.cpu.iew: Execute: Executing instructions from IQ.
 105000: system.cpu.iew: Execute: Processing PC (0x401032=>0x401034).(0=>1), [tid:0] [sn:23].
 105000: global: RegFile: Access to int register 46, has data 0xa
 105000: global: RegFile: Access to int register 41, has data 0x5
 105000: global: RegFile: Setting int register 57 to 0xf
 105000: global: RegFile: Setting cc register 15 to 0x4
 105000: global: RegFile: Setting cc register 16 to 0
 105000: system.cpu.iew: Adding instruction [sn:23] to commit queue.
 105000: system.cpu.iew: Current wb cycle: 0, width: 19, numInst: 0
wbActual:0
 105000: system.cpu.iew: Execute: Executing instructions from IQ.
 105000: system.cpu.iew: Execute: Processing PC (0x401038=>0x40103c).(0=>1), [tid:0] [sn:26].
 105000: global: RegFile: Setting int register 60 to 0x10
 105000: system.cpu.iew: Adding instruction [sn:26] to commit queue.
 105000: system.cpu.iew: Current wb cycle: 0, width: 19, numInst: 1
wbActual:1
 105000: system.cpu: Activity: 12
 105000: system.cpu.iew: Sending instructions to commit, [sn:23] PC (0x401032=>0x401034).(0=>1).
 105000: system.cpu.iq: Waking dependents of completed instruction.
 105000: system.cpu.iq: Waking any dependents on register 57 (integer).
 105000: system.cpu.iq: Waking up a dependent instruction, [sn:25] PC (0x401036=>0x401038).(0=>1).
 105000: global: [sn:25] has 6 ready out of 7 sources. RTI 0)
 105000: system.cpu.iq: Waking any dependents on register 15 (condition_code).
 105000: system.cpu.iq: Waking any dependents on register 16 (condition_code).
 105000: system.cpu.iq: Reg 4294967295 [invalid] is part of a fix mapping, skipping
 105000: system.cpu.iq: Reg 4294967295 [invalid] is part of a fix mapping, skipping
 105000: system.cpu.iq: Reg 4294967295 [invalid] is part of a fix mapping, skipping
 105000: system.cpu.iew: Setting Destination Register 57 (integer)
 105000: system.cpu.scoreboard: Setting reg 57 (integer) as ready
 105000: system.cpu.iew: Setting Destination Register 15 (condition_code)
 105000: system.cpu.scoreboard: Setting reg 15 (condition_code) as ready
 105000: system.cpu.iew: Setting Destination Register 16 (condition_code)
 105000: system.cpu.scoreboard: Setting reg 16 (condition_code) as ready
 105000: system.cpu.iew: Setting Destination Register 4294967295 (invalid)
 105000: system.cpu.iew: Setting Destination Register 4294967295 (invalid)
 105000: system.cpu.iew: Setting Destination Register 4294967295 (invalid)
 105000: system.cpu.iew: Sending instructions to commit, [sn:26] PC (0x401038=>0x40103c).(0=>1).
 105000: system.cpu.iq: Waking dependents of completed instruction.
 105000: system.cpu.iq: Waking any dependents on register 60 (integer).
 105000: system.cpu.iq: Waking up a dependent instruction, [sn:27] PC (0x401038=>0x40103c).(1=>2).
 105000: global: [sn:27] has 7 ready out of 7 sources. RTI 0)
 105000: system.cpu.iq: Instruction is ready to issue, putting it onto the ready list, PC (0x401038=>0x40103c).(1=>2) opclass:1 [sn:27].
 105000: system.cpu.iew: Setting Destination Register 60 (integer)
 105000: system.cpu.scoreboard: Setting reg 60 (integer) as ready
 105000: system.cpu.iq: Attempting to schedule ready instructions from the IQ.
 105000: system.cpu.iq: Thread 0: Issuing instruction PC (0x401038=>0x40103c).(1=>2) [sn:27]
 105000: system.cpu.iew.lsq: [tid:0] Writing back stores. 4 stores available for Writeback.
 105000: system.cpu.iew: Processing [tid:0]
 105000: system.cpu.iew.lsq.thread0: LQ size: 132, #loads occupied: 2
 105000: system.cpu.iew.lsq.thread0: SQ size: 72, #stores occupied: 4
 105000: system.cpu.iew: [tid:0], Dispatch dispatched 0 instructions.
 105000: system.cpu.iew.lsq.thread0: SQ size: 72, #stores occupied: 4
 105000: system.cpu.iew.lsq.thread0: LQ size: 132, #loads occupied: 2
 105000: system.cpu.iew: IQ has 554 free entries (Can schedule: 0).  LQ has 130 free entries. SQ has 68 free entries.
 105000: system.cpu.iew: Activity this cycle.
 105000: system.cpu.commit: Getting instructions from Rename stage.
 105000: system.cpu.commit: Trying to commit instructions in the ROB.
 105000: system.cpu.commit: [tid:0] Can't commit, Instruction [sn:21] PC (0x40102a=>0x40102e).(0=>1) is head of ROB and not ready
 105000: system.cpu.commit: [tid:0] ROB has 8 insts & 910 free entries.
 105000: system.cpu: Activity: 11
 105000: system.cpu: Scheduling next tick!
 105000: system.cpu: CPU already running.
 105000: global: RegFile: Setting int register 56 to 0x14
 105000: system.cpu.iew: Adding instruction [sn:22] to commit queue.
 105000: system.cpu.iew: Current wb cycle: 0, width: 19, numInst: 0
wbActual:0
 105000: system.cpu.iew: Activity this cycle.
 105000: system.cpu: Activity: 12
 105000: system.cpu: CPU already running.
 105000: global: RegFile: Setting int register 55 to 0xf
 105000: system.cpu.iew: Adding instruction [sn:21] to commit queue.
 105000: system.cpu.iew: Current wb cycle: 0, width: 19, numInst: 1
wbActual:1
 105000: system.cpu.iew: Activity this cycle.
 106000: system.cpu: 

O3CPU: Ticking main, O3CPU.
 106000: system.cpu.fetch: Running stage.
 106000: system.cpu.fetch: There are no more threads available to fetch from.
 106000: system.cpu.fetch: [tid:0] Fetch is waiting cache response!
 106000: system.cpu.decode: Processing [tid:0]
 106000: system.cpu.decode: [tid:0] Not blocked, so attempting to run stage.
 106000: system.cpu.decode: [tid:0] Nothing to do, breaking out early.
 106000: system.cpu.rename: Processing [tid:0]
 106000: system.cpu.rename: [tid:0] Free IQ: 554, Free ROB: 910, Free LQ: 130, Free SQ: 68, FreeRM 127(871 870 917 1834 127 8 4577)
 106000: system.cpu.rename: [tid:0] 0 instructions not yet in ROB
 106000: system.cpu.rename: calcFreeLQEntries: free lqEntries: 130, loadsInProgress: 0, loads dispatchedToLQ: 0
 106000: system.cpu.rename: [tid:0] Not blocked, so attempting to run stage.
 106000: system.cpu.rename: [tid:0] Nothing to do, breaking out early.
 106000: system.cpu.iew: Issue: Processing [tid:0]
 106000: system.cpu.iew: [tid:0] Not blocked, so attempting to run dispatch.
 106000: system.cpu.iew: Execute: Executing instructions from IQ.
 106000: system.cpu.iew: Execute: Processing PC (0x401038=>0x40103c).(1=>2), [tid:0] [sn:27].
 106000: global: RegFile: Access to int register 40, has data 0x7fffffffee10
 106000: global: RegFile: Access to int register 60, has data 0x10
 106000: global: RegFile: Setting int register 61 to 0x7fffffffee20
 106000: global: RegFile: Setting cc register 21 to 0
 106000: global: RegFile: Setting cc register 22 to 0
 106000: system.cpu.iew: Adding instruction [sn:27] to commit queue.
 106000: system.cpu.iew: Current wb cycle: 0, width: 19, numInst: 2
wbActual:2
 106000: system.cpu.iew: Sending instructions to commit, [sn:22] PC (0x40102e=>0x401032).(0=>1).
 106000: system.cpu.iq: Waking dependents of completed instruction.
 106000: system.cpu.memDep0: Completed mem instruction PC (0x40102e=>0x401032).(0=>1) [sn:22].
 106000: system.cpu.iq: Completing mem instruction PC: (0x40102e=>0x401032).(0=>1) [sn:22]
 106000: system.cpu.iq: Waking any dependents on register 56 (integer).
 106000: system.cpu.iq: Waking up a dependent instruction, [sn:24] PC (0x401034=>0x401036).(0=>1).
 106000: global: [sn:24] has 6 ready out of 7 sources. RTI 0)
 106000: system.cpu.iew: Setting Destination Register 56 (integer)
 106000: system.cpu.scoreboard: Setting reg 56 (integer) as ready
 106000: system.cpu.iew: Sending instructions to commit, [sn:21] PC (0x40102a=>0x40102e).(0=>1).
 106000: system.cpu.iq: Waking dependents of completed instruction.
 106000: system.cpu.memDep0: Completed mem instruction PC (0x40102a=>0x40102e).(0=>1) [sn:21].
 106000: system.cpu.iq: Completing mem instruction PC: (0x40102a=>0x40102e).(0=>1) [sn:21]
 106000: system.cpu.iq: Waking any dependents on register 55 (integer).
 106000: system.cpu.iq: Waking up a dependent instruction, [sn:24] PC (0x401034=>0x401036).(0=>1).
 106000: global: [sn:24] has 7 ready out of 7 sources. RTI 0)
 106000: system.cpu.iq: Instruction is ready to issue, putting it onto the ready list, PC (0x401034=>0x401036).(0=>1) opclass:1 [sn:24].
 106000: system.cpu.iew: Setting Destination Register 55 (integer)
 106000: system.cpu.scoreboard: Setting reg 55 (integer) as ready
 106000: system.cpu.iew: Sending instructions to commit, [sn:27] PC (0x401038=>0x40103c).(1=>2).
 106000: system.cpu.iq: Waking dependents of completed instruction.
 106000: system.cpu.iq: Waking any dependents on register 61 (integer).
 106000: system.cpu.iq: Waking any dependents on register 21 (condition_code).
 106000: system.cpu.iq: Waking any dependents on register 22 (condition_code).
 106000: system.cpu.iq: Reg 4294967295 [invalid] is part of a fix mapping, skipping
 106000: system.cpu.iq: Reg 4294967295 [invalid] is part of a fix mapping, skipping
 106000: system.cpu.iq: Reg 4294967295 [invalid] is part of a fix mapping, skipping
 106000: system.cpu.iew: Setting Destination Register 61 (integer)
 106000: system.cpu.scoreboard: Setting reg 61 (integer) as ready
 106000: system.cpu.iew: Setting Destination Register 21 (condition_code)
 106000: system.cpu.scoreboard: Setting reg 21 (condition_code) as ready
 106000: system.cpu.iew: Setting Destination Register 22 (condition_code)
 106000: system.cpu.scoreboard: Setting reg 22 (condition_code) as ready
 106000: system.cpu.iew: Setting Destination Register 4294967295 (invalid)
 106000: system.cpu.iew: Setting Destination Register 4294967295 (invalid)
 106000: system.cpu.iew: Setting Destination Register 4294967295 (invalid)
 106000: system.cpu.iq: Attempting to schedule ready instructions from the IQ.
 106000: system.cpu.iq: Thread 0: Issuing instruction PC (0x401034=>0x401036).(0=>1) [sn:24]
 106000: system.cpu.iew.lsq: [tid:0] Writing back stores. 4 stores available for Writeback.
 106000: system.cpu.iew: Processing [tid:0]
 106000: system.cpu.iew.lsq.thread0: LQ size: 132, #loads occupied: 2
 106000: system.cpu.iew.lsq.thread0: SQ size: 72, #stores occupied: 4
 106000: system.cpu.iew: [tid:0], Dispatch dispatched 0 instructions.
 106000: system.cpu.iew.lsq.thread0: SQ size: 72, #stores occupied: 4
 106000: system.cpu.iew.lsq.thread0: LQ size: 132, #loads occupied: 2
 106000: system.cpu.iew: IQ has 557 free entries (Can schedule: 0).  LQ has 130 free entries. SQ has 68 free entries.
 106000: system.cpu.iew: Activity this cycle.
 106000: system.cpu.commit: Getting instructions from Rename stage.
 106000: system.cpu.commit: Trying to commit instructions in the ROB.
 106000: system.cpu.commit: [tid:0] Marking PC (0x401032=>0x401034).(0=>1), [sn:23] ready within ROB.
 106000: system.cpu.commit: [tid:0] Marking PC (0x401038=>0x40103c).(0=>1), [sn:26] ready within ROB.
 106000: system.cpu.commit: [tid:0] Can't commit, Instruction [sn:21] PC (0x40102a=>0x40102e).(0=>1) is head of ROB and not ready
 106000: system.cpu.commit: [tid:0] ROB has 8 insts & 910 free entries.
 106000: system.cpu: Activity: 11
 106000: system.cpu: Scheduling next tick!
 107000: system.cpu: 

O3CPU: Ticking main, O3CPU.
 107000: system.cpu.fetch: Running stage.
 107000: system.cpu.fetch: There are no more threads available to fetch from.
 107000: system.cpu.fetch: [tid:0] Fetch is waiting cache response!
 107000: system.cpu.decode: Processing [tid:0]
 107000: system.cpu.decode: [tid:0] Not blocked, so attempting to run stage.
 107000: system.cpu.decode: [tid:0] Nothing to do, breaking out early.
 107000: system.cpu.rename: Processing [tid:0]
 107000: system.cpu.rename: [tid:0] Free IQ: 557, Free ROB: 910, Free LQ: 130, Free SQ: 68, FreeRM 127(871 870 917 1834 127 8 4577)
 107000: system.cpu.rename: [tid:0] 0 instructions not yet in ROB
 107000: system.cpu.rename: calcFreeLQEntries: free lqEntries: 130, loadsInProgress: 0, loads dispatchedToLQ: 0
 107000: system.cpu.rename: [tid:0] Not blocked, so attempting to run stage.
 107000: system.cpu.rename: [tid:0] Nothing to do, breaking out early.
 107000: system.cpu.iew: Issue: Processing [tid:0]
 107000: system.cpu.iew: [tid:0] Not blocked, so attempting to run dispatch.
 107000: system.cpu.iew: Execute: Executing instructions from IQ.
 107000: system.cpu.iew: Execute: Processing PC (0x401034=>0x401036).(0=>1), [tid:0] [sn:24].
 107000: global: RegFile: Access to int register 56, has data 0x14
 107000: global: RegFile: Access to int register 55, has data 0xf
 107000: global: RegFile: Setting int register 58 to 0x23
 107000: global: RegFile: Setting cc register 17 to 0x10
 107000: global: RegFile: Setting cc register 18 to 0
 107000: system.cpu.iew: Adding instruction [sn:24] to commit queue.
 107000: system.cpu.iew: Current wb cycle: 0, width: 19, numInst: 0
wbActual:0
 107000: system.cpu: Activity: 12
 107000: system.cpu.iew: Sending instructions to commit, [sn:24] PC (0x401034=>0x401036).(0=>1).
 107000: system.cpu.iq: Waking dependents of completed instruction.
 107000: system.cpu.iq: Waking any dependents on register 58 (integer).
 107000: system.cpu.iq: Waking up a dependent instruction, [sn:25] PC (0x401036=>0x401038).(0=>1).
 107000: global: [sn:25] has 7 ready out of 7 sources. RTI 0)
 107000: system.cpu.iq: Instruction is ready to issue, putting it onto the ready list, PC (0x401036=>0x401038).(0=>1) opclass:1 [sn:25].
 107000: system.cpu.iq: Waking any dependents on register 17 (condition_code).
 107000: system.cpu.iq: Waking any dependents on register 18 (condition_code).
 107000: system.cpu.iq: Reg 4294967295 [invalid] is part of a fix mapping, skipping
 107000: system.cpu.iq: Reg 4294967295 [invalid] is part of a fix mapping, skipping
 107000: system.cpu.iq: Reg 4294967295 [invalid] is part of a fix mapping, skipping
 107000: system.cpu.iew: Setting Destination Register 58 (integer)
 107000: system.cpu.scoreboard: Setting reg 58 (integer) as ready
 107000: system.cpu.iew: Setting Destination Register 17 (condition_code)
 107000: system.cpu.scoreboard: Setting reg 17 (condition_code) as ready
 107000: system.cpu.iew: Setting Destination Register 18 (condition_code)
 107000: system.cpu.scoreboard: Setting reg 18 (condition_code) as ready
 107000: system.cpu.iew: Setting Destination Register 4294967295 (invalid)
 107000: system.cpu.iew: Setting Destination Register 4294967295 (invalid)
 107000: system.cpu.iew: Setting Destination Register 4294967295 (invalid)
 107000: system.cpu.iq: Attempting to schedule ready instructions from the IQ.
 107000: system.cpu.iq: Thread 0: Issuing instruction PC (0x401036=>0x401038).(0=>1) [sn:25]
 107000: system.cpu.iew.lsq: [tid:0] Writing back stores. 4 stores available for Writeback.
 107000: system.cpu.iew: Processing [tid:0]
 107000: system.cpu.iew.lsq.thread0: LQ size: 132, #loads occupied: 2
 107000: system.cpu.iew.lsq.thread0: SQ size: 72, #stores occupied: 4
 107000: system.cpu.iew: [tid:0], Dispatch dispatched 0 instructions.
 107000: system.cpu.iew.lsq.thread0: SQ size: 72, #stores occupied: 4
 107000: system.cpu.iew.lsq.thread0: LQ size: 132, #loads occupied: 2
 107000: system.cpu.iew: IQ has 558 free entries (Can schedule: 0).  LQ has 130 free entries. SQ has 68 free entries.
 107000: system.cpu.iew: Activity this cycle.
 107000: system.cpu.commit: Getting instructions from Rename stage.
 107000: system.cpu.commit: Trying to commit instructions in the ROB.
 107000: system.cpu.commit: [tid:0] Marking PC (0x40102e=>0x401032).(0=>1), [sn:22] ready within ROB.
 107000: system.cpu.commit: [tid:0] Marking PC (0x40102a=>0x40102e).(0=>1), [sn:21] ready within ROB.
 107000: system.cpu.commit: [tid:0] Marking PC (0x401038=>0x40103c).(1=>2), [sn:27] ready within ROB.
 107000: system.cpu.commit: [tid:0] Instruction [sn:21] PC (0x40102a=>0x40102e).(0=>1) is head of ROB and ready to commit
 107000: system.cpu.commit: [tid:0] ROB has 8 insts & 910 free entries.
 107000: system.cpu.commit: Activating stage.
 107000: system.cpu: Activity: 13
 107000: system.cpu: Activity: 12
 107000: system.cpu: Scheduling next tick!
 108000: system.cpu: 

O3CPU: Ticking main, O3CPU.
 108000: system.cpu.fetch: Running stage.
 108000: system.cpu.fetch: There are no more threads available to fetch from.
 108000: system.cpu.fetch: [tid:0] Fetch is waiting cache response!
 108000: system.cpu.decode: Processing [tid:0]
 108000: system.cpu.decode: [tid:0] Not blocked, so attempting to run stage.
 108000: system.cpu.decode: [tid:0] Nothing to do, breaking out early.
 108000: system.cpu.rename: Processing [tid:0]
 108000: system.cpu.rename: [tid:0] Free IQ: 558, Free ROB: 910, Free LQ: 130, Free SQ: 68, FreeRM 127(871 870 917 1834 127 8 4577)
 108000: system.cpu.rename: [tid:0] 0 instructions not yet in ROB
 108000: system.cpu.rename: calcFreeLQEntries: free lqEntries: 130, loadsInProgress: 0, loads dispatchedToLQ: 0
 108000: system.cpu.rename: [tid:0] Not blocked, so attempting to run stage.
 108000: system.cpu.rename: [tid:0] Nothing to do, breaking out early.
 108000: system.cpu.iew: Issue: Processing [tid:0]
 108000: system.cpu.iew: [tid:0] Not blocked, so attempting to run dispatch.
 108000: system.cpu.iew: Execute: Executing instructions from IQ.
 108000: system.cpu.iew: Execute: Processing PC (0x401036=>0x401038).(0=>1), [tid:0] [sn:25].
 108000: global: RegFile: Access to int register 58, has data 0x23
 108000: global: RegFile: Access to int register 57, has data 0xf
 108000: global: RegFile: Setting int register 59 to 0x14
 108000: global: RegFile: Setting cc register 19 to 0x14
 108000: global: RegFile: Setting cc register 20 to 0
 108000: system.cpu.iew: Adding instruction [sn:25] to commit queue.
 108000: system.cpu.iew: Current wb cycle: 0, width: 19, numInst: 0
wbActual:0
 108000: system.cpu: Activity: 13
 108000: system.cpu.iew: Sending instructions to commit, [sn:25] PC (0x401036=>0x401038).(0=>1).
 108000: system.cpu.iq: Waking dependents of completed instruction.
 108000: system.cpu.iq: Waking any dependents on register 59 (integer).
 108000: system.cpu.iq: Waking up a dependent instruction, [sn:28] PC (0x40103c=>0x40103e).(0=>1).
 108000: global: [sn:28] has 3 ready out of 3 sources. RTI 0)
 108000: system.cpu.iq: Instruction is ready to issue, putting it onto the ready list, PC (0x40103c=>0x40103e).(0=>1) opclass:1 [sn:28].
 108000: system.cpu.iq: Waking any dependents on register 19 (condition_code).
 108000: system.cpu.iq: Waking any dependents on register 20 (condition_code).
 108000: system.cpu.iq: Reg 4294967295 [invalid] is part of a fix mapping, skipping
 108000: system.cpu.iq: Reg 4294967295 [invalid] is part of a fix mapping, skipping
 108000: system.cpu.iq: Reg 4294967295 [invalid] is part of a fix mapping, skipping
 108000: system.cpu.iew: Setting Destination Register 59 (integer)
 108000: system.cpu.scoreboard: Setting reg 59 (integer) as ready
 108000: system.cpu.iew: Setting Destination Register 19 (condition_code)
 108000: system.cpu.scoreboard: Setting reg 19 (condition_code) as ready
 108000: system.cpu.iew: Setting Destination Register 20 (condition_code)
 108000: system.cpu.scoreboard: Setting reg 20 (condition_code) as ready
 108000: system.cpu.iew: Setting Destination Register 4294967295 (invalid)
 108000: system.cpu.iew: Setting Destination Register 4294967295 (invalid)
 108000: system.cpu.iew: Setting Destination Register 4294967295 (invalid)
 108000: system.cpu.iq: Attempting to schedule ready instructions from the IQ.
 108000: system.cpu.iq: Thread 0: Issuing instruction PC (0x40103c=>0x40103e).(0=>1) [sn:28]
 108000: system.cpu.iew.lsq: [tid:0] Writing back stores. 4 stores available for Writeback.
 108000: system.cpu.iew: Processing [tid:0]
 108000: system.cpu.iew.lsq.thread0: LQ size: 132, #loads occupied: 2
 108000: system.cpu.iew.lsq.thread0: SQ size: 72, #stores occupied: 4
 108000: system.cpu.iew: [tid:0], Dispatch dispatched 0 instructions.
 108000: system.cpu.iew.lsq.thread0: SQ size: 72, #stores occupied: 4
 108000: system.cpu.iew.lsq.thread0: LQ size: 132, #loads occupied: 2
 108000: system.cpu.iew: IQ has 559 free entries (Can schedule: 0).  LQ has 130 free entries. SQ has 68 free entries.
 108000: system.cpu.iew: Activity this cycle.
 108000: system.cpu.commit: Getting instructions from Rename stage.
 108000: system.cpu.commit: Trying to commit instructions in the ROB.
 108000: system.cpu.commit: Trying to commit head instruction, [tid:0] [sn:21]
 108000: system.cpu.commit: [tid:0] [sn:21] Committing instruction with PC (0x40102a=>0x40102e).(0=>1)
 108000: system.cpu.rob: [tid:0] Retiring head instruction, instruction PC (0x40102a=>0x40102e).(0=>1), [sn:21]
 108000: system.cpu: Removing committed instruction [tid:0] PC (0x40102a=>0x40102e).(0=>1) [sn:21]
 108000: system.cpu.commit: MEM_TRACE_FILE environment variable not set. No predictions loaded.
 108000: system.cpu.commit: [tid:0] Marking PC (0x401034=>0x401036).(0=>1), [sn:24] ready within ROB.
 108000: system.cpu.commit: [tid:0] Instruction [sn:22] PC (0x40102e=>0x401032).(0=>1) is head of ROB and ready to commit
 108000: system.cpu.commit: [tid:0] ROB has 7 insts & 911 free entries.
 108000: system.cpu.commit: Activity This Cycle.
 108000: system.cpu: Activity: 12
 108000: system.cpu: Removing instruction, [tid:0] [sn:21] PC (0x40102a=>0x40102e).(0=>1)
 108000: system.cpu: Scheduling next tick!
 109000: system.cpu: 

O3CPU: Ticking main, O3CPU.
 109000: system.cpu.fetch: Running stage.
 109000: system.cpu.fetch: There are no more threads available to fetch from.
 109000: system.cpu.fetch: [tid:0] Fetch is waiting cache response!
 109000: system.cpu.decode: Processing [tid:0]
 109000: system.cpu.decode: [tid:0] Not blocked, so attempting to run stage.
 109000: system.cpu.decode: [tid:0] Nothing to do, breaking out early.
 109000: system.cpu.rename: Processing [tid:0]
 109000: system.cpu.rename: [tid:0] Free IQ: 559, Free ROB: 911, Free LQ: 130, Free SQ: 68, FreeRM 127(871 870 917 1834 127 8 4577)
 109000: system.cpu.rename: [tid:0] 0 instructions not yet in ROB
 109000: system.cpu.rename: calcFreeLQEntries: free lqEntries: 130, loadsInProgress: 0, loads dispatchedToLQ: 0
 109000: system.cpu.rename: [tid:0] Not blocked, so attempting to run stage.
 109000: system.cpu.rename: [tid:0] Nothing to do, breaking out early.
 109000: system.cpu.rename: [tid:0] Removing a committed instruction from the history buffer 0 (size=28), until [sn:21].
 109000: system.cpu.rename: [tid:0] Freeing older rename of reg 1 (1), [sn:21].
 109000: system.cpu.rename: [tid:0] Successfully freed phys reg 1 (1) from history buffer.
 109000: system.cpu.iew: Issue: Processing [tid:0]
 109000: system.cpu.iew: [tid:0] Not blocked, so attempting to run dispatch.
 109000: system.cpu.iew: Execute: Executing instructions from IQ.
 109000: system.cpu.iew: Execute: Processing PC (0x40103c=>0x40103e).(0=>1), [tid:0] [sn:28].
 109000: global: RegFile: Access to int register 59, has data 0x14
 109000: global: RegFile: Setting int register 62 to 0x14
 109000: system.cpu.iew: Adding instruction [sn:28] to commit queue.
 109000: system.cpu.iew: Current wb cycle: 0, width: 19, numInst: 0
wbActual:0
 109000: system.cpu: Activity: 13
 109000: system.cpu.iew: Sending instructions to commit, [sn:28] PC (0x40103c=>0x40103e).(0=>1).
 109000: system.cpu.iq: Waking dependents of completed instruction.
 109000: system.cpu.iq: Waking any dependents on register 62 (integer).
 109000: system.cpu.iew: Setting Destination Register 62 (integer)
 109000: system.cpu.scoreboard: Setting reg 62 (integer) as ready
 109000: system.cpu.iq: Attempting to schedule ready instructions from the IQ.
 109000: system.cpu.iq: Not able to schedule any instructions.
 109000: system.cpu.iew.lsq: [tid:0] Writing back stores. 4 stores available for Writeback.
 109000: system.cpu.iew: Processing [tid:0]
 109000: system.cpu.iew.lsq.thread0: Committing head load instruction, PC (0x40102a=>0x40102e).(0=>1)
 109000: system.cpu.iq: [tid:0] Committing instructions older than [sn:21]
 109000: system.cpu.iew.lsq.thread0: LQ size: 132, #loads occupied: 1
 109000: system.cpu.iew.lsq.thread0: SQ size: 72, #stores occupied: 4
 109000: system.cpu.iew: [tid:0], Dispatch dispatched 0 instructions.
 109000: system.cpu.iew.lsq.thread0: SQ size: 72, #stores occupied: 4
 109000: system.cpu.iew.lsq.thread0: LQ size: 132, #loads occupied: 1
 109000: system.cpu.iew: IQ has 559 free entries (Can schedule: 0).  LQ has 131 free entries. SQ has 68 free entries.
 109000: system.cpu.iew: Activity this cycle.
 109000: system.cpu.commit: Getting instructions from Rename stage.
 109000: system.cpu.commit: Trying to commit instructions in the ROB.
 109000: system.cpu.commit: Trying to commit head instruction, [tid:0] [sn:22]
 109000: system.cpu.commit: [tid:0] [sn:22] Committing instruction with PC (0x40102e=>0x401032).(0=>1)
 109000: system.cpu.rob: [tid:0] Retiring head instruction, instruction PC (0x40102e=>0x401032).(0=>1), [sn:22]
 109000: system.cpu: Removing committed instruction [tid:0] PC (0x40102e=>0x401032).(0=>1) [sn:22]
 109000: system.cpu.commit: MEM_TRACE_FILE environment variable not set. No predictions loaded.
 109000: system.cpu.commit: [tid:0] Marking PC (0x401036=>0x401038).(0=>1), [sn:25] ready within ROB.
 109000: system.cpu.commit: [tid:0] Instruction [sn:23] PC (0x401032=>0x401034).(0=>1) is head of ROB and ready to commit
 109000: system.cpu.commit: [tid:0] ROB has 6 insts & 912 free entries.
 109000: system.cpu.commit: Activity This Cycle.
 109000: system.cpu: Activity: 12
 109000: system.cpu: Removing instruction, [tid:0] [sn:22] PC (0x40102e=>0x401032).(0=>1)
 109000: system.cpu: Scheduling next tick!
 110000: system.cpu: 

O3CPU: Ticking main, O3CPU.
 110000: system.cpu.fetch: Running stage.
 110000: system.cpu.fetch: There are no more threads available to fetch from.
 110000: system.cpu.fetch: [tid:0] Fetch is waiting cache response!
 110000: system.cpu.decode: Processing [tid:0]
 110000: system.cpu.decode: [tid:0] Not blocked, so attempting to run stage.
 110000: system.cpu.decode: [tid:0] Nothing to do, breaking out early.
 110000: system.cpu.rename: Processing [tid:0]
 110000: system.cpu.rename: [tid:0] Free IQ: 559, Free ROB: 912, Free LQ: 131, Free SQ: 68, FreeRM 127(872 870 917 1834 127 8 4577)
 110000: system.cpu.rename: [tid:0] 0 instructions not yet in ROB
 110000: system.cpu.rename: calcFreeLQEntries: free lqEntries: 131, loadsInProgress: 0, loads dispatchedToLQ: 0
 110000: system.cpu.rename: [tid:0] Not blocked, so attempting to run stage.
 110000: system.cpu.rename: [tid:0] Nothing to do, breaking out early.
 110000: system.cpu.rename: [tid:0] Removing a committed instruction from the history buffer 0 (size=27), until [sn:22].
 110000: system.cpu.rename: [tid:0] Freeing older rename of reg 2 (2), [sn:22].
 110000: system.cpu.rename: [tid:0] Successfully freed phys reg 2 (2) from history buffer.
 110000: system.cpu.iew: Issue: Processing [tid:0]
 110000: system.cpu.iew: [tid:0] Not blocked, so attempting to run dispatch.
 110000: system.cpu.iq: Attempting to schedule ready instructions from the IQ.
 110000: system.cpu.iq: Not able to schedule any instructions.
 110000: system.cpu.iew.lsq: [tid:0] Writing back stores. 4 stores available for Writeback.
 110000: system.cpu.iew: Processing [tid:0]
 110000: system.cpu.iew.lsq.thread0: Committing head load instruction, PC (0x40102e=>0x401032).(0=>1)
 110000: system.cpu.iq: [tid:0] Committing instructions older than [sn:22]
 110000: system.cpu.iew.lsq.thread0: LQ size: 132, #loads occupied: 0
 110000: system.cpu.iew.lsq.thread0: SQ size: 72, #stores occupied: 4
 110000: system.cpu.iew: [tid:0], Dispatch dispatched 0 instructions.
 110000: system.cpu.iew.lsq.thread0: SQ size: 72, #stores occupied: 4
 110000: system.cpu.iew.lsq.thread0: LQ size: 132, #loads occupied: 0
 110000: system.cpu.iew: IQ has 559 free entries (Can schedule: 0).  LQ has 132 free entries. SQ has 68 free entries.
 110000: system.cpu.iew: Activity this cycle.
 110000: system.cpu: Activity: 13
 110000: system.cpu.commit: Getting instructions from Rename stage.
 110000: system.cpu.commit: Trying to commit instructions in the ROB.
 110000: system.cpu.commit: Trying to commit head instruction, [tid:0] [sn:23]
 110000: system.cpu.commit: [tid:0] [sn:23] Committing instruction with PC (0x401032=>0x401034).(0=>1)
 110000: system.cpu.rob: [tid:0] Retiring head instruction, instruction PC (0x401032=>0x401034).(0=>1), [sn:23]
 110000: system.cpu: Removing committed instruction [tid:0] PC (0x401032=>0x401034).(0=>1) [sn:23]
 110000: system.cpu.commit: Trying to commit head instruction, [tid:0] [sn:24]
 110000: system.cpu.commit: [tid:0] [sn:24] Committing instruction with PC (0x401034=>0x401036).(0=>1)
 110000: system.cpu.rob: [tid:0] Retiring head instruction, instruction PC (0x401034=>0x401036).(0=>1), [sn:24]
 110000: system.cpu: Removing committed instruction [tid:0] PC (0x401034=>0x401036).(0=>1) [sn:24]
 110000: system.cpu.commit: Trying to commit head instruction, [tid:0] [sn:25]
 110000: system.cpu.commit: [tid:0] [sn:25] Committing instruction with PC (0x401036=>0x401038).(0=>1)
 110000: system.cpu.rob: [tid:0] Retiring head instruction, instruction PC (0x401036=>0x401038).(0=>1), [sn:25]
 110000: system.cpu: Removing committed instruction [tid:0] PC (0x401036=>0x401038).(0=>1) [sn:25]
 110000: system.cpu.commit: Trying to commit head instruction, [tid:0] [sn:26]
 110000: system.cpu.commit: [tid:0] [sn:26] Committing instruction with PC (0x401038=>0x40103c).(0=>1)
 110000: system.cpu.rob: [tid:0] Retiring head instruction, instruction PC (0x401038=>0x40103c).(0=>1), [sn:26]
 110000: system.cpu: Removing committed instruction [tid:0] PC (0x401038=>0x40103c).(0=>1) [sn:26]
 110000: system.cpu.commit: Trying to commit head instruction, [tid:0] [sn:27]
 110000: system.cpu.commit: [tid:0] [sn:27] Committing instruction with PC (0x401038=>0x40103c).(1=>2)
 110000: system.cpu.rob: [tid:0] Retiring head instruction, instruction PC (0x401038=>0x40103c).(1=>2), [sn:27]
 110000: system.cpu: Removing committed instruction [tid:0] PC (0x401038=>0x40103c).(1=>2) [sn:27]
 110000: system.cpu.commit: [tid:0] Marking PC (0x40103c=>0x40103e).(0=>1), [sn:28] ready within ROB.
 110000: system.cpu.commit: [tid:0] Instruction [sn:28] PC (0x40103c=>0x40103e).(0=>1) is head of ROB and ready to commit
 110000: system.cpu.commit: [tid:0] ROB has 1 insts & 917 free entries.
 110000: system.cpu.commit: Activity This Cycle.
 110000: system.cpu: Activity: 12
 110000: system.cpu: Removing instruction, [tid:0] [sn:23] PC (0x401032=>0x401034).(0=>1)
 110000: system.cpu: Removing instruction, [tid:0] [sn:24] PC (0x401034=>0x401036).(0=>1)
 110000: system.cpu: Removing instruction, [tid:0] [sn:25] PC (0x401036=>0x401038).(0=>1)
 110000: system.cpu: Removing instruction, [tid:0] [sn:26] PC (0x401038=>0x40103c).(0=>1)
 110000: system.cpu: Removing instruction, [tid:0] [sn:27] PC (0x401038=>0x40103c).(1=>2)
 110000: system.cpu: Scheduling next tick!
 111000: system.cpu: 

O3CPU: Ticking main, O3CPU.
 111000: system.cpu.fetch: Running stage.
 111000: system.cpu.fetch: There are no more threads available to fetch from.
 111000: system.cpu.fetch: [tid:0] Fetch is waiting cache response!
 111000: system.cpu.decode: Processing [tid:0]
 111000: system.cpu.decode: [tid:0] Not blocked, so attempting to run stage.
 111000: system.cpu.decode: [tid:0] Nothing to do, breaking out early.
 111000: system.cpu.rename: Processing [tid:0]
 111000: system.cpu.rename: [tid:0] Free IQ: 559, Free ROB: 917, Free LQ: 132, Free SQ: 68, FreeRM 127(873 870 917 1834 127 8 4577)
 111000: system.cpu.rename: [tid:0] 0 instructions not yet in ROB
 111000: system.cpu.rename: calcFreeLQEntries: free lqEntries: 132, loadsInProgress: 0, loads dispatchedToLQ: 0
 111000: system.cpu.rename: [tid:0] Not blocked, so attempting to run stage.
 111000: system.cpu.rename: [tid:0] Nothing to do, breaking out early.
 111000: system.cpu.rename: [tid:0] Removing a committed instruction from the history buffer 0 (size=26), until [sn:27].
 111000: system.cpu.rename: [tid:0] Freeing older rename of reg 46 (46), [sn:23].
 111000: system.cpu.rename: [tid:0] Successfully freed phys reg 46 (46) from history buffer.
 111000: system.cpu.rename: [tid:0] Freeing older rename of reg 5 (4731), [sn:23].
 111000: system.cpu.rename: [tid:0] Successfully freed phys reg 5 (4731) from history buffer.
 111000: system.cpu.rename: [tid:0] Freeing older rename of reg 6 (4732), [sn:23].
 111000: system.cpu.rename: [tid:0] Successfully freed phys reg 6 (4732) from history buffer.
 111000: system.cpu.rename: [tid:0] Freeing older rename of reg 4294967295 (4294967295), [sn:23].
 111000: system.cpu.rename: [tid:0] Freeing older rename of reg 4294967295 (4294967295), [sn:23].
 111000: system.cpu.rename: [tid:0] Freeing older rename of reg 4294967295 (4294967295), [sn:23].
 111000: system.cpu.rename: [tid:0] Freeing older rename of reg 56 (56), [sn:24].
 111000: system.cpu.rename: [tid:0] Successfully freed phys reg 56 (56) from history buffer.
 111000: system.cpu.rename: [tid:0] Freeing older rename of reg 15 (4741), [sn:24].
 111000: system.cpu.rename: [tid:0] Successfully freed phys reg 15 (4741) from history buffer.
 111000: system.cpu.rename: [tid:0] Freeing older rename of reg 16 (4742), [sn:24].
 111000: system.cpu.rename: [tid:0] Successfully freed phys reg 16 (4742) from history buffer.
 111000: system.cpu.rename: [tid:0] Freeing older rename of reg 4294967295 (4294967295), [sn:24].
 111000: system.cpu.rename: [tid:0] Freeing older rename of reg 4294967295 (4294967295), [sn:24].
 111000: system.cpu.rename: [tid:0] Freeing older rename of reg 4294967295 (4294967295), [sn:24].
 111000: system.cpu.rename: [tid:0] Freeing older rename of reg 58 (58), [sn:25].
 111000: system.cpu.rename: [tid:0] Successfully freed phys reg 58 (58) from history buffer.
 111000: system.cpu.rename: [tid:0] Freeing older rename of reg 17 (4743), [sn:25].
 111000: system.cpu.rename: [tid:0] Successfully freed phys reg 17 (4743) from history buffer.
 111000: system.cpu.rename: [tid:0] Freeing older rename of reg 18 (4744), [sn:25].
 111000: system.cpu.rename: [tid:0] Successfully freed phys reg 18 (4744) from history buffer.
 111000: system.cpu.rename: [tid:0] Freeing older rename of reg 4294967295 (4294967295), [sn:25].
 111000: system.cpu.rename: [tid:0] Freeing older rename of reg 4294967295 (4294967295), [sn:25].
 111000: system.cpu.rename: [tid:0] Freeing older rename of reg 4294967295 (4294967295), [sn:25].
 111000: system.cpu.rename: [tid:0] Freeing older rename of reg 44 (44), [sn:26].
 111000: system.cpu.rename: [tid:0] Successfully freed phys reg 44 (44) from history buffer.
 111000: system.cpu.rename: [tid:0] Freeing older rename of reg 40 (40), [sn:27].
 111000: system.cpu.rename: [tid:0] Successfully freed phys reg 40 (40) from history buffer.
 111000: system.cpu.rename: [tid:0] Freeing older rename of reg 19 (4745), [sn:27].
 111000: system.cpu.rename: [tid:0] Successfully freed phys reg 19 (4745) from history buffer.
 111000: system.cpu.rename: [tid:0] Freeing older rename of reg 20 (4746), [sn:27].
 111000: system.cpu.rename: [tid:0] Successfully freed phys reg 20 (4746) from history buffer.
 111000: system.cpu.rename: [tid:0] Freeing older rename of reg 4294967295 (4294967295), [sn:27].
 111000: system.cpu.rename: [tid:0] Freeing older rename of reg 4294967295 (4294967295), [sn:27].
 111000: system.cpu.rename: [tid:0] Freeing older rename of reg 4294967295 (4294967295), [sn:27].
 111000: system.cpu.iew: Issue: Processing [tid:0]
 111000: system.cpu.iew: [tid:0] Not blocked, so attempting to run dispatch.
 111000: system.cpu.iq: Attempting to schedule ready instructions from the IQ.
 111000: system.cpu.iq: Not able to schedule any instructions.
 111000: system.cpu.iew.lsq: [tid:0] Writing back stores. 4 stores available for Writeback.
 111000: system.cpu.iew: Processing [tid:0]
 111000: system.cpu.iq: [tid:0] Committing instructions older than [sn:27]
O3PipeView:fetch:100000:0x00401032:0:23:  ADD_R_R : add   esi, esi, eax
O3PipeView:decode:101000
O3PipeView:rename:102000
O3PipeView:dispatch:104000
O3PipeView:issue:104000
O3PipeView:complete:105000
O3PipeView:retire:110000:store:0
 111000: global: DynInst: [sn:23] Instruction destroyed. Instcount for system.cpu = 11
O3PipeView:fetch:100000:0x00401038:0:26:  ADD_R_I : limm   t1, 0x10
O3PipeView:decode:101000
O3PipeView:rename:102000
O3PipeView:dispatch:104000
O3PipeView:issue:104000
O3PipeView:complete:105000
O3PipeView:retire:110000:store:0
 111000: global: DynInst: [sn:26] Instruction destroyed. Instcount for system.cpu = 10
 111000: system.cpu.iew.lsq.thread0: LQ size: 132, #loads occupied: 0
 111000: system.cpu.iew.lsq.thread0: SQ size: 72, #stores occupied: 4
 111000: system.cpu.iew: [tid:0], Dispatch dispatched 0 instructions.
 111000: system.cpu.iew.lsq.thread0: SQ size: 72, #stores occupied: 4
 111000: system.cpu.iew.lsq.thread0: LQ size: 132, #loads occupied: 0
 111000: system.cpu.iew: IQ has 559 free entries (Can schedule: 0).  LQ has 132 free entries. SQ has 68 free entries.
 111000: system.cpu.iew: Activity this cycle.
 111000: system.cpu: Activity: 13
 111000: system.cpu.commit: Getting instructions from Rename stage.
 111000: system.cpu.commit: Trying to commit instructions in the ROB.
 111000: system.cpu.commit: Trying to commit head instruction, [tid:0] [sn:28]
 111000: system.cpu.commit: [tid:0] [sn:28] Committing instruction with PC (0x40103c=>0x40103e).(0=>1)
 111000: system.cpu.rob: [tid:0] Retiring head instruction, instruction PC (0x40103c=>0x40103e).(0=>1), [sn:28]
 111000: system.cpu: Removing committed instruction [tid:0] PC (0x40103c=>0x40103e).(0=>1) [sn:28]
 111000: system.cpu.commit: [tid:0] ROB has 0 insts & 918 free entries.
 111000: system.cpu.commit: Activity This Cycle.
 111000: system.cpu.commit: Deactivating stage.
 111000: system.cpu: Activity: 12
O3PipeView:fetch:100000:0x00401038:1:27:  ADD_R_I : add   rsp, rsp, t1
O3PipeView:decode:101000
O3PipeView:rename:102000
O3PipeView:dispatch:104000
O3PipeView:issue:105000
O3PipeView:complete:106000
O3PipeView:retire:110000:store:0
 111000: global: DynInst: [sn:27] Instruction destroyed. Instcount for system.cpu = 9
O3PipeView:fetch:100000:0x0040102a:0:21:  MOV_R_M : ld   ecx, SS:[t0 + rsp + 0x8]
O3PipeView:decode:101000
O3PipeView:rename:102000
O3PipeView:dispatch:104000
O3PipeView:issue:104000
O3PipeView:complete:105000
O3PipeView:retire:108000:store:0
 111000: global: DynInst: [sn:21] Instruction destroyed. Instcount for system.cpu = 8
O3PipeView:fetch:100000:0x0040102e:0:22:  MOV_R_M : ld   edx, SS:[t0 + rsp + 0xc]
O3PipeView:decode:101000
O3PipeView:rename:102000
O3PipeView:dispatch:104000
O3PipeView:issue:104000
O3PipeView:complete:105000
O3PipeView:retire:109000:store:0
 111000: global: DynInst: [sn:22] Instruction destroyed. Instcount for system.cpu = 7
 111000: system.cpu: Activity: 11
 111000: system.cpu: Removing instruction, [tid:0] [sn:28] PC (0x40103c=>0x40103e).(0=>1)
 111000: system.cpu: Scheduling next tick!
 112000: system.cpu: 

O3CPU: Ticking main, O3CPU.
 112000: system.cpu.fetch: Running stage.
 112000: system.cpu.fetch: There are no more threads available to fetch from.
 112000: system.cpu.fetch: [tid:0] Fetch is waiting cache response!
 112000: system.cpu.decode: Processing [tid:0]
 112000: system.cpu.decode: [tid:0] Not blocked, so attempting to run stage.
 112000: system.cpu.decode: [tid:0] Nothing to do, breaking out early.
 112000: system.cpu.rename: Processing [tid:0]
 112000: system.cpu.rename: [tid:0] Free IQ: 559, Free ROB: 918, Free LQ: 132, Free SQ: 68, FreeRM 127(878 870 917 1834 127 8 4585)
 112000: system.cpu.rename: [tid:0] 0 instructions not yet in ROB
 112000: system.cpu.rename: calcFreeLQEntries: free lqEntries: 132, loadsInProgress: 0, loads dispatchedToLQ: 0
 112000: system.cpu.rename: [tid:0] Not blocked, so attempting to run stage.
 112000: system.cpu.rename: [tid:0] Nothing to do, breaking out early.
 112000: system.cpu.rename: [tid:0] Removing a committed instruction from the history buffer 0 (size=1), until [sn:28].
 112000: system.cpu.rename: [tid:0] Freeing older rename of reg 7 (7), [sn:28].
 112000: system.cpu.rename: [tid:0] Successfully freed phys reg 7 (7) from history buffer.
 112000: system.cpu.iew: Issue: Processing [tid:0]
 112000: system.cpu.iew: [tid:0] Not blocked, so attempting to run dispatch.
 112000: system.cpu.iq: Attempting to schedule ready instructions from the IQ.
 112000: system.cpu.iq: Not able to schedule any instructions.
 112000: system.cpu.iew.lsq: [tid:0] Writing back stores. 4 stores available for Writeback.
 112000: system.cpu.iew: Processing [tid:0]
 112000: system.cpu.iq: [tid:0] Committing instructions older than [sn:28]
 112000: system.cpu.iew.lsq.thread0: LQ size: 132, #loads occupied: 0
 112000: system.cpu.iew.lsq.thread0: SQ size: 72, #stores occupied: 4
 112000: system.cpu.iew: [tid:0], Dispatch dispatched 0 instructions.
 112000: system.cpu.iew.lsq.thread0: SQ size: 72, #stores occupied: 4
 112000: system.cpu.iew.lsq.thread0: LQ size: 132, #loads occupied: 0
 112000: system.cpu.iew: IQ has 559 free entries (Can schedule: 0).  LQ has 132 free entries. SQ has 68 free entries.
 112000: system.cpu.iew: Activity this cycle.
 112000: system.cpu: Activity: 12
 112000: system.cpu.commit: Getting instructions from Rename stage.
 112000: system.cpu.commit: Trying to commit instructions in the ROB.
 112000: system.cpu.commit: [tid:0] ROB has 0 insts & 918 free entries.
O3PipeView:fetch:100000:0x00401034:0:24:  ADD_R_R : add   edx, edx, ecx
O3PipeView:decode:101000
O3PipeView:rename:102000
O3PipeView:dispatch:104000
O3PipeView:issue:106000
O3PipeView:complete:107000
O3PipeView:retire:110000:store:0
 112000: global: DynInst: [sn:24] Instruction destroyed. Instcount for system.cpu = 6
 112000: system.cpu: Activity: 11
 112000: system.cpu: Scheduling next tick!
 113000: system.cpu: 

O3CPU: Ticking main, O3CPU.
 113000: system.cpu.fetch: Running stage.
 113000: system.cpu.fetch: There are no more threads available to fetch from.
 113000: system.cpu.fetch: [tid:0] Fetch is waiting cache response!
 113000: system.cpu.decode: Processing [tid:0]
 113000: system.cpu.decode: [tid:0] Not blocked, so attempting to run stage.
 113000: system.cpu.decode: [tid:0] Nothing to do, breaking out early.
 113000: system.cpu.rename: Processing [tid:0]
 113000: system.cpu.rename: [tid:0] Free IQ: 559, Free ROB: 918, Free LQ: 132, Free SQ: 68, FreeRM 127(879 870 917 1834 127 8 4585)
 113000: system.cpu.rename: [tid:0] 0 instructions not yet in ROB
 113000: system.cpu.rename: calcFreeLQEntries: free lqEntries: 132, loadsInProgress: 0, loads dispatchedToLQ: 0
 113000: system.cpu.rename: [tid:0] Not blocked, so attempting to run stage.
 113000: system.cpu.rename: [tid:0] Nothing to do, breaking out early.
 113000: system.cpu.iew: Issue: Processing [tid:0]
 113000: system.cpu.iew: [tid:0] Not blocked, so attempting to run dispatch.
 113000: system.cpu.iq: Attempting to schedule ready instructions from the IQ.
 113000: system.cpu.iq: Not able to schedule any instructions.
 113000: system.cpu.iew.lsq: [tid:0] Writing back stores. 4 stores available for Writeback.
 113000: system.cpu.iew: Processing [tid:0]
 113000: system.cpu.iew.lsq.thread0: LQ size: 132, #loads occupied: 0
 113000: system.cpu.iew.lsq.thread0: SQ size: 72, #stores occupied: 4
 113000: system.cpu.iew: [tid:0], Dispatch dispatched 0 instructions.
 113000: system.cpu.iew.lsq.thread0: SQ size: 72, #stores occupied: 4
 113000: system.cpu.iew.lsq.thread0: LQ size: 132, #loads occupied: 0
 113000: system.cpu.iew: IQ has 559 free entries (Can schedule: 0).  LQ has 132 free entries. SQ has 68 free entries.
 113000: system.cpu.iew: Activity this cycle.
 113000: system.cpu: Activity: 12
 113000: system.cpu.commit: Getting instructions from Rename stage.
 113000: system.cpu.commit: Trying to commit instructions in the ROB.
 113000: system.cpu.commit: [tid:0] ROB has 0 insts & 918 free entries.
O3PipeView:fetch:100000:0x00401036:0:25:  SUB_R_R : sub   edx, edx, esi
O3PipeView:decode:101000
O3PipeView:rename:102000
O3PipeView:dispatch:104000
O3PipeView:issue:107000
O3PipeView:complete:108000
O3PipeView:retire:110000:store:0
 113000: global: DynInst: [sn:25] Instruction destroyed. Instcount for system.cpu = 5
 113000: system.cpu: Activity: 11
 113000: system.cpu: Scheduling next tick!
 114000: system.cpu: 

O3CPU: Ticking main, O3CPU.
 114000: system.cpu.fetch: Running stage.
 114000: system.cpu.fetch: There are no more threads available to fetch from.
 114000: system.cpu.fetch: [tid:0] Fetch is waiting cache response!
 114000: system.cpu.decode: Processing [tid:0]
 114000: system.cpu.decode: [tid:0] Not blocked, so attempting to run stage.
 114000: system.cpu.decode: [tid:0] Nothing to do, breaking out early.
 114000: system.cpu.rename: Processing [tid:0]
 114000: system.cpu.rename: [tid:0] Free IQ: 559, Free ROB: 918, Free LQ: 132, Free SQ: 68, FreeRM 127(879 870 917 1834 127 8 4585)
 114000: system.cpu.rename: [tid:0] 0 instructions not yet in ROB
 114000: system.cpu.rename: calcFreeLQEntries: free lqEntries: 132, loadsInProgress: 0, loads dispatchedToLQ: 0
 114000: system.cpu.rename: [tid:0] Not blocked, so attempting to run stage.
 114000: system.cpu.rename: [tid:0] Nothing to do, breaking out early.
 114000: system.cpu.iew: Issue: Processing [tid:0]
 114000: system.cpu.iew: [tid:0] Not blocked, so attempting to run dispatch.
 114000: system.cpu.iq: Attempting to schedule ready instructions from the IQ.
 114000: system.cpu.iq: Not able to schedule any instructions.
 114000: system.cpu.iew.lsq: [tid:0] Writing back stores. 4 stores available for Writeback.
 114000: system.cpu.iew: Processing [tid:0]
 114000: system.cpu.iew: [tid:0], Dispatch dispatched 0 instructions.
 114000: system.cpu.iew.lsq.thread0: SQ size: 72, #stores occupied: 4
 114000: system.cpu.iew.lsq.thread0: LQ size: 132, #loads occupied: 0
 114000: system.cpu.iew: IQ has 559 free entries (Can schedule: 0).  LQ has 132 free entries. SQ has 68 free entries.
 114000: system.cpu.commit: Getting instructions from Rename stage.
 114000: system.cpu.commit: Trying to commit instructions in the ROB.
 114000: system.cpu.commit: [tid:0] ROB has 0 insts & 918 free entries.
O3PipeView:fetch:100000:0x0040103c:0:28:  MOV_R_R : mov   edi, edi, edx
O3PipeView:decode:101000
O3PipeView:rename:102000
O3PipeView:dispatch:104000
O3PipeView:issue:108000
O3PipeView:complete:109000
O3PipeView:retire:111000:store:0
 114000: global: DynInst: [sn:28] Instruction destroyed. Instcount for system.cpu = 4
 114000: system.cpu: Activity: 10
 114000: system.cpu: Scheduling next tick!
 115000: system.cpu: 

O3CPU: Ticking main, O3CPU.
 115000: system.cpu.fetch: Running stage.
 115000: system.cpu.fetch: There are no more threads available to fetch from.
 115000: system.cpu.fetch: [tid:0] Fetch is waiting cache response!
 115000: system.cpu.decode: Processing [tid:0]
 115000: system.cpu.decode: [tid:0] Not blocked, so attempting to run stage.
 115000: system.cpu.decode: [tid:0] Nothing to do, breaking out early.
 115000: system.cpu.rename: Processing [tid:0]
 115000: system.cpu.rename: [tid:0] Free IQ: 559, Free ROB: 918, Free LQ: 132, Free SQ: 68, FreeRM 127(879 870 917 1834 127 8 4585)
 115000: system.cpu.rename: [tid:0] 0 instructions not yet in ROB
 115000: system.cpu.rename: calcFreeLQEntries: free lqEntries: 132, loadsInProgress: 0, loads dispatchedToLQ: 0
 115000: system.cpu.rename: [tid:0] Not blocked, so attempting to run stage.
 115000: system.cpu.rename: [tid:0] Nothing to do, breaking out early.
 115000: system.cpu.iew: Issue: Processing [tid:0]
 115000: system.cpu.iew: [tid:0] Not blocked, so attempting to run dispatch.
 115000: system.cpu.iq: Attempting to schedule ready instructions from the IQ.
 115000: system.cpu.iq: Not able to schedule any instructions.
 115000: system.cpu.iew.lsq: [tid:0] Writing back stores. 4 stores available for Writeback.
 115000: system.cpu.iew: Processing [tid:0]
 115000: system.cpu.iew: [tid:0], Dispatch dispatched 0 instructions.
 115000: system.cpu.iew.lsq.thread0: SQ size: 72, #stores occupied: 4
 115000: system.cpu.iew.lsq.thread0: LQ size: 132, #loads occupied: 0
 115000: system.cpu.iew: IQ has 559 free entries (Can schedule: 0).  LQ has 132 free entries. SQ has 68 free entries.
 115000: system.cpu.commit: Getting instructions from Rename stage.
 115000: system.cpu.commit: Trying to commit instructions in the ROB.
 115000: system.cpu.commit: [tid:0] ROB has 0 insts & 918 free entries.
 115000: system.cpu: Activity: 9
 115000: system.cpu: Scheduling next tick!
 116000: system.cpu: 

O3CPU: Ticking main, O3CPU.
 116000: system.cpu.fetch: Running stage.
 116000: system.cpu.fetch: There are no more threads available to fetch from.
 116000: system.cpu.fetch: [tid:0] Fetch is waiting cache response!
 116000: system.cpu.decode: Processing [tid:0]
 116000: system.cpu.decode: [tid:0] Not blocked, so attempting to run stage.
 116000: system.cpu.decode: [tid:0] Nothing to do, breaking out early.
 116000: system.cpu.rename: Processing [tid:0]
 116000: system.cpu.rename: [tid:0] Free IQ: 559, Free ROB: 918, Free LQ: 132, Free SQ: 68, FreeRM 127(879 870 917 1834 127 8 4585)
 116000: system.cpu.rename: [tid:0] 0 instructions not yet in ROB
 116000: system.cpu.rename: calcFreeLQEntries: free lqEntries: 132, loadsInProgress: 0, loads dispatchedToLQ: 0
 116000: system.cpu.rename: [tid:0] Not blocked, so attempting to run stage.
 116000: system.cpu.rename: [tid:0] Nothing to do, breaking out early.
 116000: system.cpu.iew: Issue: Processing [tid:0]
 116000: system.cpu.iew: [tid:0] Not blocked, so attempting to run dispatch.
 116000: system.cpu.iq: Attempting to schedule ready instructions from the IQ.
 116000: system.cpu.iq: Not able to schedule any instructions.
 116000: system.cpu.iew.lsq: [tid:0] Writing back stores. 4 stores available for Writeback.
 116000: system.cpu.iew: Processing [tid:0]
 116000: system.cpu.iew: [tid:0], Dispatch dispatched 0 instructions.
 116000: system.cpu.iew.lsq.thread0: SQ size: 72, #stores occupied: 4
 116000: system.cpu.iew.lsq.thread0: LQ size: 132, #loads occupied: 0
 116000: system.cpu.iew: IQ has 559 free entries (Can schedule: 0).  LQ has 132 free entries. SQ has 68 free entries.
 116000: system.cpu.commit: Getting instructions from Rename stage.
 116000: system.cpu.commit: Trying to commit instructions in the ROB.
 116000: system.cpu.commit: [tid:0] ROB has 0 insts & 918 free entries.
 116000: system.cpu: Activity: 8
 116000: system.cpu: Scheduling next tick!
 117000: system.cpu: 

O3CPU: Ticking main, O3CPU.
 117000: system.cpu.fetch: Running stage.
 117000: system.cpu.fetch: There are no more threads available to fetch from.
 117000: system.cpu.fetch: [tid:0] Fetch is waiting cache response!
 117000: system.cpu.decode: Processing [tid:0]
 117000: system.cpu.decode: [tid:0] Not blocked, so attempting to run stage.
 117000: system.cpu.decode: [tid:0] Nothing to do, breaking out early.
 117000: system.cpu.rename: Processing [tid:0]
 117000: system.cpu.rename: [tid:0] Free IQ: 559, Free ROB: 918, Free LQ: 132, Free SQ: 68, FreeRM 127(879 870 917 1834 127 8 4585)
 117000: system.cpu.rename: [tid:0] 0 instructions not yet in ROB
 117000: system.cpu.rename: calcFreeLQEntries: free lqEntries: 132, loadsInProgress: 0, loads dispatchedToLQ: 0
 117000: system.cpu.rename: [tid:0] Not blocked, so attempting to run stage.
 117000: system.cpu.rename: [tid:0] Nothing to do, breaking out early.
 117000: system.cpu.iew: Issue: Processing [tid:0]
 117000: system.cpu.iew: [tid:0] Not blocked, so attempting to run dispatch.
 117000: system.cpu.iq: Attempting to schedule ready instructions from the IQ.
 117000: system.cpu.iq: Not able to schedule any instructions.
 117000: system.cpu.iew.lsq: [tid:0] Writing back stores. 4 stores available for Writeback.
 117000: system.cpu.iew: Processing [tid:0]
 117000: system.cpu.iew: [tid:0], Dispatch dispatched 0 instructions.
 117000: system.cpu.iew.lsq.thread0: SQ size: 72, #stores occupied: 4
 117000: system.cpu.iew.lsq.thread0: LQ size: 132, #loads occupied: 0
 117000: system.cpu.iew: IQ has 559 free entries (Can schedule: 0).  LQ has 132 free entries. SQ has 68 free entries.
 117000: system.cpu.commit: Getting instructions from Rename stage.
 117000: system.cpu.commit: Trying to commit instructions in the ROB.
 117000: system.cpu.commit: [tid:0] ROB has 0 insts & 918 free entries.
 117000: system.cpu: Activity: 7
 117000: system.cpu: Scheduling next tick!
 118000: system.cpu: 

O3CPU: Ticking main, O3CPU.
 118000: system.cpu.fetch: Running stage.
 118000: system.cpu.fetch: There are no more threads available to fetch from.
 118000: system.cpu.fetch: [tid:0] Fetch is waiting cache response!
 118000: system.cpu.decode: Processing [tid:0]
 118000: system.cpu.decode: [tid:0] Not blocked, so attempting to run stage.
 118000: system.cpu.decode: [tid:0] Nothing to do, breaking out early.
 118000: system.cpu.rename: Processing [tid:0]
 118000: system.cpu.rename: [tid:0] Free IQ: 559, Free ROB: 918, Free LQ: 132, Free SQ: 68, FreeRM 127(879 870 917 1834 127 8 4585)
 118000: system.cpu.rename: [tid:0] 0 instructions not yet in ROB
 118000: system.cpu.rename: calcFreeLQEntries: free lqEntries: 132, loadsInProgress: 0, loads dispatchedToLQ: 0
 118000: system.cpu.rename: [tid:0] Not blocked, so attempting to run stage.
 118000: system.cpu.rename: [tid:0] Nothing to do, breaking out early.
 118000: system.cpu.iew: Issue: Processing [tid:0]
 118000: system.cpu.iew: [tid:0] Not blocked, so attempting to run dispatch.
 118000: system.cpu.iq: Attempting to schedule ready instructions from the IQ.
 118000: system.cpu.iq: Not able to schedule any instructions.
 118000: system.cpu.iew.lsq: [tid:0] Writing back stores. 4 stores available for Writeback.
 118000: system.cpu.iew: Processing [tid:0]
 118000: system.cpu.iew: [tid:0], Dispatch dispatched 0 instructions.
 118000: system.cpu.iew.lsq.thread0: SQ size: 72, #stores occupied: 4
 118000: system.cpu.iew.lsq.thread0: LQ size: 132, #loads occupied: 0
 118000: system.cpu.iew: IQ has 559 free entries (Can schedule: 0).  LQ has 132 free entries. SQ has 68 free entries.
 118000: system.cpu.commit: Getting instructions from Rename stage.
 118000: system.cpu.commit: Trying to commit instructions in the ROB.
 118000: system.cpu.commit: [tid:0] ROB has 0 insts & 918 free entries.
 118000: system.cpu: Activity: 6
 118000: system.cpu: Scheduling next tick!
 119000: system.cpu: 

O3CPU: Ticking main, O3CPU.
 119000: system.cpu.fetch: Running stage.
 119000: system.cpu.fetch: There are no more threads available to fetch from.
 119000: system.cpu.fetch: [tid:0] Fetch is waiting cache response!
 119000: system.cpu.decode: Processing [tid:0]
 119000: system.cpu.decode: [tid:0] Not blocked, so attempting to run stage.
 119000: system.cpu.decode: [tid:0] Nothing to do, breaking out early.
 119000: system.cpu.rename: Processing [tid:0]
 119000: system.cpu.rename: [tid:0] Free IQ: 559, Free ROB: 918, Free LQ: 132, Free SQ: 68, FreeRM 127(879 870 917 1834 127 8 4585)
 119000: system.cpu.rename: [tid:0] 0 instructions not yet in ROB
 119000: system.cpu.rename: calcFreeLQEntries: free lqEntries: 132, loadsInProgress: 0, loads dispatchedToLQ: 0
 119000: system.cpu.rename: [tid:0] Not blocked, so attempting to run stage.
 119000: system.cpu.rename: [tid:0] Nothing to do, breaking out early.
 119000: system.cpu.iew: Issue: Processing [tid:0]
 119000: system.cpu.iew: [tid:0] Not blocked, so attempting to run dispatch.
 119000: system.cpu.iq: Attempting to schedule ready instructions from the IQ.
 119000: system.cpu.iq: Not able to schedule any instructions.
 119000: system.cpu.iew.lsq: [tid:0] Writing back stores. 4 stores available for Writeback.
 119000: system.cpu.iew: Processing [tid:0]
 119000: system.cpu.iew: [tid:0], Dispatch dispatched 0 instructions.
 119000: system.cpu.iew.lsq.thread0: SQ size: 72, #stores occupied: 4
 119000: system.cpu.iew.lsq.thread0: LQ size: 132, #loads occupied: 0
 119000: system.cpu.iew: IQ has 559 free entries (Can schedule: 0).  LQ has 132 free entries. SQ has 68 free entries.
 119000: system.cpu.commit: Getting instructions from Rename stage.
 119000: system.cpu.commit: Trying to commit instructions in the ROB.
 119000: system.cpu.commit: [tid:0] ROB has 0 insts & 918 free entries.
 119000: system.cpu: Activity: 5
 119000: system.cpu: Scheduling next tick!
 120000: system.cpu: 

O3CPU: Ticking main, O3CPU.
 120000: system.cpu.fetch: Running stage.
 120000: system.cpu.fetch: There are no more threads available to fetch from.
 120000: system.cpu.fetch: [tid:0] Fetch is waiting cache response!
 120000: system.cpu.decode: Processing [tid:0]
 120000: system.cpu.decode: [tid:0] Not blocked, so attempting to run stage.
 120000: system.cpu.decode: [tid:0] Nothing to do, breaking out early.
 120000: system.cpu.rename: Processing [tid:0]
 120000: system.cpu.rename: [tid:0] Free IQ: 559, Free ROB: 918, Free LQ: 132, Free SQ: 68, FreeRM 127(879 870 917 1834 127 8 4585)
 120000: system.cpu.rename: [tid:0] 0 instructions not yet in ROB
 120000: system.cpu.rename: calcFreeLQEntries: free lqEntries: 132, loadsInProgress: 0, loads dispatchedToLQ: 0
 120000: system.cpu.rename: [tid:0] Not blocked, so attempting to run stage.
 120000: system.cpu.rename: [tid:0] Nothing to do, breaking out early.
 120000: system.cpu.iew: Issue: Processing [tid:0]
 120000: system.cpu.iew: [tid:0] Not blocked, so attempting to run dispatch.
 120000: system.cpu.iq: Attempting to schedule ready instructions from the IQ.
 120000: system.cpu.iq: Not able to schedule any instructions.
 120000: system.cpu.iew.lsq: [tid:0] Writing back stores. 4 stores available for Writeback.
 120000: system.cpu.iew: Processing [tid:0]
 120000: system.cpu.iew: [tid:0], Dispatch dispatched 0 instructions.
 120000: system.cpu.iew.lsq.thread0: SQ size: 72, #stores occupied: 4
 120000: system.cpu.iew.lsq.thread0: LQ size: 132, #loads occupied: 0
 120000: system.cpu.iew: IQ has 559 free entries (Can schedule: 0).  LQ has 132 free entries. SQ has 68 free entries.
 120000: system.cpu.commit: Getting instructions from Rename stage.
 120000: system.cpu.commit: Trying to commit instructions in the ROB.
 120000: system.cpu.commit: [tid:0] ROB has 0 insts & 918 free entries.
 120000: system.cpu: Activity: 4
 120000: system.cpu: Scheduling next tick!
 121000: system.cpu: 

O3CPU: Ticking main, O3CPU.
 121000: system.cpu.fetch: Running stage.
 121000: system.cpu.fetch: There are no more threads available to fetch from.
 121000: system.cpu.fetch: [tid:0] Fetch is waiting cache response!
 121000: system.cpu.decode: Processing [tid:0]
 121000: system.cpu.decode: [tid:0] Not blocked, so attempting to run stage.
 121000: system.cpu.decode: [tid:0] Nothing to do, breaking out early.
 121000: system.cpu.rename: Processing [tid:0]
 121000: system.cpu.rename: [tid:0] Free IQ: 559, Free ROB: 918, Free LQ: 132, Free SQ: 68, FreeRM 127(879 870 917 1834 127 8 4585)
 121000: system.cpu.rename: [tid:0] 0 instructions not yet in ROB
 121000: system.cpu.rename: calcFreeLQEntries: free lqEntries: 132, loadsInProgress: 0, loads dispatchedToLQ: 0
 121000: system.cpu.rename: [tid:0] Not blocked, so attempting to run stage.
 121000: system.cpu.rename: [tid:0] Nothing to do, breaking out early.
 121000: system.cpu.iew: Issue: Processing [tid:0]
 121000: system.cpu.iew: [tid:0] Not blocked, so attempting to run dispatch.
 121000: system.cpu.iq: Attempting to schedule ready instructions from the IQ.
 121000: system.cpu.iq: Not able to schedule any instructions.
 121000: system.cpu.iew.lsq: [tid:0] Writing back stores. 4 stores available for Writeback.
 121000: system.cpu.iew: Processing [tid:0]
 121000: system.cpu.iew: [tid:0], Dispatch dispatched 0 instructions.
 121000: system.cpu.iew.lsq.thread0: SQ size: 72, #stores occupied: 4
 121000: system.cpu.iew.lsq.thread0: LQ size: 132, #loads occupied: 0
 121000: system.cpu.iew: IQ has 559 free entries (Can schedule: 0).  LQ has 132 free entries. SQ has 68 free entries.
 121000: system.cpu.commit: Getting instructions from Rename stage.
 121000: system.cpu.commit: Trying to commit instructions in the ROB.
 121000: system.cpu.commit: [tid:0] ROB has 0 insts & 918 free entries.
 121000: system.cpu: Activity: 3
 121000: system.cpu: Scheduling next tick!
 122000: system.cpu: 

O3CPU: Ticking main, O3CPU.
 122000: system.cpu.fetch: Running stage.
 122000: system.cpu.fetch: There are no more threads available to fetch from.
 122000: system.cpu.fetch: [tid:0] Fetch is waiting cache response!
 122000: system.cpu.decode: Processing [tid:0]
 122000: system.cpu.decode: [tid:0] Not blocked, so attempting to run stage.
 122000: system.cpu.decode: [tid:0] Nothing to do, breaking out early.
 122000: system.cpu.rename: Processing [tid:0]
 122000: system.cpu.rename: [tid:0] Free IQ: 559, Free ROB: 918, Free LQ: 132, Free SQ: 68, FreeRM 127(879 870 917 1834 127 8 4585)
 122000: system.cpu.rename: [tid:0] 0 instructions not yet in ROB
 122000: system.cpu.rename: calcFreeLQEntries: free lqEntries: 132, loadsInProgress: 0, loads dispatchedToLQ: 0
 122000: system.cpu.rename: [tid:0] Not blocked, so attempting to run stage.
 122000: system.cpu.rename: [tid:0] Nothing to do, breaking out early.
 122000: system.cpu.iew: Issue: Processing [tid:0]
 122000: system.cpu.iew: [tid:0] Not blocked, so attempting to run dispatch.
 122000: system.cpu.iq: Attempting to schedule ready instructions from the IQ.
 122000: system.cpu.iq: Not able to schedule any instructions.
 122000: system.cpu.iew.lsq: [tid:0] Writing back stores. 4 stores available for Writeback.
 122000: system.cpu.iew: Processing [tid:0]
 122000: system.cpu.iew: [tid:0], Dispatch dispatched 0 instructions.
 122000: system.cpu.iew.lsq.thread0: SQ size: 72, #stores occupied: 4
 122000: system.cpu.iew.lsq.thread0: LQ size: 132, #loads occupied: 0
 122000: system.cpu.iew: IQ has 559 free entries (Can schedule: 0).  LQ has 132 free entries. SQ has 68 free entries.
 122000: system.cpu.commit: Getting instructions from Rename stage.
 122000: system.cpu.commit: Trying to commit instructions in the ROB.
 122000: system.cpu.commit: [tid:0] ROB has 0 insts & 918 free entries.
 122000: system.cpu: Activity: 2
 122000: system.cpu: Scheduling next tick!
 123000: system.cpu: 

O3CPU: Ticking main, O3CPU.
 123000: system.cpu.fetch: Running stage.
 123000: system.cpu.fetch: There are no more threads available to fetch from.
 123000: system.cpu.fetch: [tid:0] Fetch is waiting cache response!
 123000: system.cpu.decode: Processing [tid:0]
 123000: system.cpu.decode: [tid:0] Not blocked, so attempting to run stage.
 123000: system.cpu.decode: [tid:0] Nothing to do, breaking out early.
 123000: system.cpu.rename: Processing [tid:0]
 123000: system.cpu.rename: [tid:0] Free IQ: 559, Free ROB: 918, Free LQ: 132, Free SQ: 68, FreeRM 127(879 870 917 1834 127 8 4585)
 123000: system.cpu.rename: [tid:0] 0 instructions not yet in ROB
 123000: system.cpu.rename: calcFreeLQEntries: free lqEntries: 132, loadsInProgress: 0, loads dispatchedToLQ: 0
 123000: system.cpu.rename: [tid:0] Not blocked, so attempting to run stage.
 123000: system.cpu.rename: [tid:0] Nothing to do, breaking out early.
 123000: system.cpu.iew: Issue: Processing [tid:0]
 123000: system.cpu.iew: [tid:0] Not blocked, so attempting to run dispatch.
 123000: system.cpu.iq: Attempting to schedule ready instructions from the IQ.
 123000: system.cpu.iq: Not able to schedule any instructions.
 123000: system.cpu.iew.lsq: [tid:0] Writing back stores. 4 stores available for Writeback.
 123000: system.cpu.iew: Processing [tid:0]
 123000: system.cpu.iew: [tid:0], Dispatch dispatched 0 instructions.
 123000: system.cpu.iew.lsq.thread0: SQ size: 72, #stores occupied: 4
 123000: system.cpu.iew.lsq.thread0: LQ size: 132, #loads occupied: 0
 123000: system.cpu.iew: IQ has 559 free entries (Can schedule: 0).  LQ has 132 free entries. SQ has 68 free entries.
 123000: system.cpu.commit: Getting instructions from Rename stage.
 123000: system.cpu.commit: Trying to commit instructions in the ROB.
 123000: system.cpu.commit: [tid:0] ROB has 0 insts & 918 free entries.
 123000: system.cpu: Activity: 1
 123000: system.cpu: Scheduling next tick!
 124000: system.cpu: 

O3CPU: Ticking main, O3CPU.
 124000: system.cpu.fetch: Running stage.
 124000: system.cpu.fetch: There are no more threads available to fetch from.
 124000: system.cpu.fetch: [tid:0] Fetch is waiting cache response!
 124000: system.cpu.decode: Processing [tid:0]
 124000: system.cpu.decode: [tid:0] Not blocked, so attempting to run stage.
 124000: system.cpu.decode: [tid:0] Nothing to do, breaking out early.
 124000: system.cpu.rename: Processing [tid:0]
 124000: system.cpu.rename: [tid:0] Free IQ: 559, Free ROB: 918, Free LQ: 132, Free SQ: 68, FreeRM 127(879 870 917 1834 127 8 4585)
 124000: system.cpu.rename: [tid:0] 0 instructions not yet in ROB
 124000: system.cpu.rename: calcFreeLQEntries: free lqEntries: 132, loadsInProgress: 0, loads dispatchedToLQ: 0
 124000: system.cpu.rename: [tid:0] Not blocked, so attempting to run stage.
 124000: system.cpu.rename: [tid:0] Nothing to do, breaking out early.
 124000: system.cpu.iew: Issue: Processing [tid:0]
 124000: system.cpu.iew: [tid:0] Not blocked, so attempting to run dispatch.
 124000: system.cpu.iq: Attempting to schedule ready instructions from the IQ.
 124000: system.cpu.iq: Not able to schedule any instructions.
 124000: system.cpu.iew.lsq: [tid:0] Writing back stores. 4 stores available for Writeback.
 124000: system.cpu.iew: Processing [tid:0]
 124000: system.cpu.iew: [tid:0], Dispatch dispatched 0 instructions.
 124000: system.cpu.iew.lsq.thread0: SQ size: 72, #stores occupied: 4
 124000: system.cpu.iew.lsq.thread0: LQ size: 132, #loads occupied: 0
 124000: system.cpu.iew: IQ has 559 free entries (Can schedule: 0).  LQ has 132 free entries. SQ has 68 free entries.
 124000: system.cpu.commit: Getting instructions from Rename stage.
 124000: system.cpu.commit: Trying to commit instructions in the ROB.
 124000: system.cpu.commit: [tid:0] ROB has 0 insts & 918 free entries.
 124000: system.cpu: Scheduling next tick!
 125000: system.cpu: 

O3CPU: Ticking main, O3CPU.
 125000: system.cpu.fetch: Running stage.
 125000: system.cpu.fetch: There are no more threads available to fetch from.
 125000: system.cpu.fetch: [tid:0] Fetch is waiting cache response!
 125000: system.cpu.decode: Processing [tid:0]
 125000: system.cpu.decode: [tid:0] Not blocked, so attempting to run stage.
 125000: system.cpu.decode: [tid:0] Nothing to do, breaking out early.
 125000: system.cpu.rename: Processing [tid:0]
 125000: system.cpu.rename: [tid:0] Free IQ: 559, Free ROB: 918, Free LQ: 132, Free SQ: 68, FreeRM 127(879 870 917 1834 127 8 4585)
 125000: system.cpu.rename: [tid:0] 0 instructions not yet in ROB
 125000: system.cpu.rename: calcFreeLQEntries: free lqEntries: 132, loadsInProgress: 0, loads dispatchedToLQ: 0
 125000: system.cpu.rename: [tid:0] Not blocked, so attempting to run stage.
 125000: system.cpu.rename: [tid:0] Nothing to do, breaking out early.
 125000: system.cpu.iew: Issue: Processing [tid:0]
 125000: system.cpu.iew: [tid:0] Not blocked, so attempting to run dispatch.
 125000: system.cpu.iq: Attempting to schedule ready instructions from the IQ.
 125000: system.cpu.iq: Not able to schedule any instructions.
 125000: system.cpu.iew.lsq: [tid:0] Writing back stores. 4 stores available for Writeback.
 125000: system.cpu.iew: Processing [tid:0]
 125000: system.cpu.iew: [tid:0], Dispatch dispatched 0 instructions.
 125000: system.cpu.iew.lsq.thread0: SQ size: 72, #stores occupied: 4
 125000: system.cpu.iew.lsq.thread0: LQ size: 132, #loads occupied: 0
 125000: system.cpu.iew: IQ has 559 free entries (Can schedule: 0).  LQ has 132 free entries. SQ has 68 free entries.
 125000: system.cpu.commit: Getting instructions from Rename stage.
 125000: system.cpu.commit: Trying to commit instructions in the ROB.
 125000: system.cpu.commit: [tid:0] ROB has 0 insts & 918 free entries.
 125000: system.cpu: Scheduling next tick!
 126000: system.cpu: 

O3CPU: Ticking main, O3CPU.
 126000: system.cpu.fetch: Running stage.
 126000: system.cpu.fetch: There are no more threads available to fetch from.
 126000: system.cpu.fetch: [tid:0] Fetch is waiting cache response!
 126000: system.cpu.decode: Processing [tid:0]
 126000: system.cpu.decode: [tid:0] Not blocked, so attempting to run stage.
 126000: system.cpu.decode: [tid:0] Nothing to do, breaking out early.
 126000: system.cpu.rename: Processing [tid:0]
 126000: system.cpu.rename: [tid:0] Free IQ: 559, Free ROB: 918, Free LQ: 132, Free SQ: 68, FreeRM 127(879 870 917 1834 127 8 4585)
 126000: system.cpu.rename: [tid:0] 0 instructions not yet in ROB
 126000: system.cpu.rename: calcFreeLQEntries: free lqEntries: 132, loadsInProgress: 0, loads dispatchedToLQ: 0
 126000: system.cpu.rename: [tid:0] Not blocked, so attempting to run stage.
 126000: system.cpu.rename: [tid:0] Nothing to do, breaking out early.
 126000: system.cpu.iew: Issue: Processing [tid:0]
 126000: system.cpu.iew: [tid:0] Not blocked, so attempting to run dispatch.
 126000: system.cpu.iq: Attempting to schedule ready instructions from the IQ.
 126000: system.cpu.iq: Not able to schedule any instructions.
 126000: system.cpu.iew.lsq: [tid:0] Writing back stores. 4 stores available for Writeback.
 126000: system.cpu.iew: Processing [tid:0]
 126000: system.cpu.iew: [tid:0], Dispatch dispatched 0 instructions.
 126000: system.cpu.iew.lsq.thread0: SQ size: 72, #stores occupied: 4
 126000: system.cpu.iew.lsq.thread0: LQ size: 132, #loads occupied: 0
 126000: system.cpu.iew: IQ has 559 free entries (Can schedule: 0).  LQ has 132 free entries. SQ has 68 free entries.
 126000: system.cpu.commit: Getting instructions from Rename stage.
 126000: system.cpu.commit: Trying to commit instructions in the ROB.
 126000: system.cpu.commit: [tid:0] ROB has 0 insts & 918 free entries.
 126000: system.cpu: Scheduling next tick!
 127000: system.cpu: 

O3CPU: Ticking main, O3CPU.
 127000: system.cpu.fetch: Running stage.
 127000: system.cpu.fetch: There are no more threads available to fetch from.
 127000: system.cpu.fetch: [tid:0] Fetch is waiting cache response!
 127000: system.cpu.decode: Processing [tid:0]
 127000: system.cpu.decode: [tid:0] Not blocked, so attempting to run stage.
 127000: system.cpu.decode: [tid:0] Nothing to do, breaking out early.
 127000: system.cpu.rename: Processing [tid:0]
 127000: system.cpu.rename: [tid:0] Free IQ: 559, Free ROB: 918, Free LQ: 132, Free SQ: 68, FreeRM 127(879 870 917 1834 127 8 4585)
 127000: system.cpu.rename: [tid:0] 0 instructions not yet in ROB
 127000: system.cpu.rename: calcFreeLQEntries: free lqEntries: 132, loadsInProgress: 0, loads dispatchedToLQ: 0
 127000: system.cpu.rename: [tid:0] Not blocked, so attempting to run stage.
 127000: system.cpu.rename: [tid:0] Nothing to do, breaking out early.
 127000: system.cpu.iew: Issue: Processing [tid:0]
 127000: system.cpu.iew: [tid:0] Not blocked, so attempting to run dispatch.
 127000: system.cpu.iq: Attempting to schedule ready instructions from the IQ.
 127000: system.cpu.iq: Not able to schedule any instructions.
 127000: system.cpu.iew.lsq: [tid:0] Writing back stores. 4 stores available for Writeback.
 127000: system.cpu.iew: Processing [tid:0]
 127000: system.cpu.iew: [tid:0], Dispatch dispatched 0 instructions.
 127000: system.cpu.iew.lsq.thread0: SQ size: 72, #stores occupied: 4
 127000: system.cpu.iew.lsq.thread0: LQ size: 132, #loads occupied: 0
 127000: system.cpu.iew: IQ has 559 free entries (Can schedule: 0).  LQ has 132 free entries. SQ has 68 free entries.
 127000: system.cpu.commit: Getting instructions from Rename stage.
 127000: system.cpu.commit: Trying to commit instructions in the ROB.
 127000: system.cpu.commit: [tid:0] ROB has 0 insts & 918 free entries.
 127000: system.cpu: Scheduling next tick!
 128000: system.cpu: 

O3CPU: Ticking main, O3CPU.
 128000: system.cpu.fetch: Running stage.
 128000: system.cpu.fetch: There are no more threads available to fetch from.
 128000: system.cpu.fetch: [tid:0] Fetch is waiting cache response!
 128000: system.cpu.decode: Processing [tid:0]
 128000: system.cpu.decode: [tid:0] Not blocked, so attempting to run stage.
 128000: system.cpu.decode: [tid:0] Nothing to do, breaking out early.
 128000: system.cpu.rename: Processing [tid:0]
 128000: system.cpu.rename: [tid:0] Free IQ: 559, Free ROB: 918, Free LQ: 132, Free SQ: 68, FreeRM 127(879 870 917 1834 127 8 4585)
 128000: system.cpu.rename: [tid:0] 0 instructions not yet in ROB
 128000: system.cpu.rename: calcFreeLQEntries: free lqEntries: 132, loadsInProgress: 0, loads dispatchedToLQ: 0
 128000: system.cpu.rename: [tid:0] Not blocked, so attempting to run stage.
 128000: system.cpu.rename: [tid:0] Nothing to do, breaking out early.
 128000: system.cpu.iew: Issue: Processing [tid:0]
 128000: system.cpu.iew: [tid:0] Not blocked, so attempting to run dispatch.
 128000: system.cpu.iq: Attempting to schedule ready instructions from the IQ.
 128000: system.cpu.iq: Not able to schedule any instructions.
 128000: system.cpu.iew.lsq: [tid:0] Writing back stores. 4 stores available for Writeback.
 128000: system.cpu.iew: Processing [tid:0]
 128000: system.cpu.iew: [tid:0], Dispatch dispatched 0 instructions.
 128000: system.cpu.iew.lsq.thread0: SQ size: 72, #stores occupied: 4
 128000: system.cpu.iew.lsq.thread0: LQ size: 132, #loads occupied: 0
 128000: system.cpu.iew: IQ has 559 free entries (Can schedule: 0).  LQ has 132 free entries. SQ has 68 free entries.
 128000: system.cpu.commit: Getting instructions from Rename stage.
 128000: system.cpu.commit: Trying to commit instructions in the ROB.
 128000: system.cpu.commit: [tid:0] ROB has 0 insts & 918 free entries.
 128000: system.cpu: Scheduling next tick!
 129000: system.cpu: 

O3CPU: Ticking main, O3CPU.
 129000: system.cpu.fetch: Running stage.
 129000: system.cpu.fetch: There are no more threads available to fetch from.
 129000: system.cpu.fetch: [tid:0] Fetch is waiting cache response!
 129000: system.cpu.decode: Processing [tid:0]
 129000: system.cpu.decode: [tid:0] Not blocked, so attempting to run stage.
 129000: system.cpu.decode: [tid:0] Nothing to do, breaking out early.
 129000: system.cpu.rename: Processing [tid:0]
 129000: system.cpu.rename: [tid:0] Free IQ: 559, Free ROB: 918, Free LQ: 132, Free SQ: 68, FreeRM 127(879 870 917 1834 127 8 4585)
 129000: system.cpu.rename: [tid:0] 0 instructions not yet in ROB
 129000: system.cpu.rename: calcFreeLQEntries: free lqEntries: 132, loadsInProgress: 0, loads dispatchedToLQ: 0
 129000: system.cpu.rename: [tid:0] Not blocked, so attempting to run stage.
 129000: system.cpu.rename: [tid:0] Nothing to do, breaking out early.
 129000: system.cpu.iew: Issue: Processing [tid:0]
 129000: system.cpu.iew: [tid:0] Not blocked, so attempting to run dispatch.
 129000: system.cpu.iq: Attempting to schedule ready instructions from the IQ.
 129000: system.cpu.iq: Not able to schedule any instructions.
 129000: system.cpu.iew.lsq: [tid:0] Writing back stores. 4 stores available for Writeback.
 129000: system.cpu.iew: Processing [tid:0]
 129000: system.cpu.iew: [tid:0], Dispatch dispatched 0 instructions.
 129000: system.cpu.iew.lsq.thread0: SQ size: 72, #stores occupied: 4
 129000: system.cpu.iew.lsq.thread0: LQ size: 132, #loads occupied: 0
 129000: system.cpu.iew: IQ has 559 free entries (Can schedule: 0).  LQ has 132 free entries. SQ has 68 free entries.
 129000: system.cpu.commit: Getting instructions from Rename stage.
 129000: system.cpu.commit: Trying to commit instructions in the ROB.
 129000: system.cpu.commit: [tid:0] ROB has 0 insts & 918 free entries.
 129000: system.cpu: Scheduling next tick!
 130000: system.cpu: 

O3CPU: Ticking main, O3CPU.
 130000: system.cpu.fetch: Running stage.
 130000: system.cpu.fetch: There are no more threads available to fetch from.
 130000: system.cpu.fetch: [tid:0] Fetch is waiting cache response!
 130000: system.cpu.decode: Processing [tid:0]
 130000: system.cpu.decode: [tid:0] Not blocked, so attempting to run stage.
 130000: system.cpu.decode: [tid:0] Nothing to do, breaking out early.
 130000: system.cpu.rename: Processing [tid:0]
 130000: system.cpu.rename: [tid:0] Free IQ: 559, Free ROB: 918, Free LQ: 132, Free SQ: 68, FreeRM 127(879 870 917 1834 127 8 4585)
 130000: system.cpu.rename: [tid:0] 0 instructions not yet in ROB
 130000: system.cpu.rename: calcFreeLQEntries: free lqEntries: 132, loadsInProgress: 0, loads dispatchedToLQ: 0
 130000: system.cpu.rename: [tid:0] Not blocked, so attempting to run stage.
 130000: system.cpu.rename: [tid:0] Nothing to do, breaking out early.
 130000: system.cpu.iew: Issue: Processing [tid:0]
 130000: system.cpu.iew: [tid:0] Not blocked, so attempting to run dispatch.
 130000: system.cpu.iq: Attempting to schedule ready instructions from the IQ.
 130000: system.cpu.iq: Not able to schedule any instructions.
 130000: system.cpu.iew.lsq: [tid:0] Writing back stores. 4 stores available for Writeback.
 130000: system.cpu.iew: Processing [tid:0]
 130000: system.cpu.iew: [tid:0], Dispatch dispatched 0 instructions.
 130000: system.cpu.iew.lsq.thread0: SQ size: 72, #stores occupied: 4
 130000: system.cpu.iew.lsq.thread0: LQ size: 132, #loads occupied: 0
 130000: system.cpu.iew: IQ has 559 free entries (Can schedule: 0).  LQ has 132 free entries. SQ has 68 free entries.
 130000: system.cpu.commit: Getting instructions from Rename stage.
 130000: system.cpu.commit: Trying to commit instructions in the ROB.
 130000: system.cpu.commit: [tid:0] ROB has 0 insts & 918 free entries.
 130000: system.cpu: Scheduling next tick!
 131000: system.cpu: 

O3CPU: Ticking main, O3CPU.
 131000: system.cpu.fetch: Running stage.
 131000: system.cpu.fetch: There are no more threads available to fetch from.
 131000: system.cpu.fetch: [tid:0] Fetch is waiting cache response!
 131000: system.cpu.decode: Processing [tid:0]
 131000: system.cpu.decode: [tid:0] Not blocked, so attempting to run stage.
 131000: system.cpu.decode: [tid:0] Nothing to do, breaking out early.
 131000: system.cpu.rename: Processing [tid:0]
 131000: system.cpu.rename: [tid:0] Free IQ: 559, Free ROB: 918, Free LQ: 132, Free SQ: 68, FreeRM 127(879 870 917 1834 127 8 4585)
 131000: system.cpu.rename: [tid:0] 0 instructions not yet in ROB
 131000: system.cpu.rename: calcFreeLQEntries: free lqEntries: 132, loadsInProgress: 0, loads dispatchedToLQ: 0
 131000: system.cpu.rename: [tid:0] Not blocked, so attempting to run stage.
 131000: system.cpu.rename: [tid:0] Nothing to do, breaking out early.
 131000: system.cpu.iew: Issue: Processing [tid:0]
 131000: system.cpu.iew: [tid:0] Not blocked, so attempting to run dispatch.
 131000: system.cpu.iq: Attempting to schedule ready instructions from the IQ.
 131000: system.cpu.iq: Not able to schedule any instructions.
 131000: system.cpu.iew.lsq: [tid:0] Writing back stores. 4 stores available for Writeback.
 131000: system.cpu.iew: Processing [tid:0]
 131000: system.cpu.iew: [tid:0], Dispatch dispatched 0 instructions.
 131000: system.cpu.iew.lsq.thread0: SQ size: 72, #stores occupied: 4
 131000: system.cpu.iew.lsq.thread0: LQ size: 132, #loads occupied: 0
 131000: system.cpu.iew: IQ has 559 free entries (Can schedule: 0).  LQ has 132 free entries. SQ has 68 free entries.
 131000: system.cpu.commit: Getting instructions from Rename stage.
 131000: system.cpu.commit: Trying to commit instructions in the ROB.
 131000: system.cpu.commit: [tid:0] ROB has 0 insts & 918 free entries.
 131000: system.cpu: Scheduling next tick!
 132000: system.cpu: 

O3CPU: Ticking main, O3CPU.
 132000: system.cpu.fetch: Running stage.
 132000: system.cpu.fetch: There are no more threads available to fetch from.
 132000: system.cpu.fetch: [tid:0] Fetch is waiting cache response!
 132000: system.cpu.decode: Processing [tid:0]
 132000: system.cpu.decode: [tid:0] Not blocked, so attempting to run stage.
 132000: system.cpu.decode: [tid:0] Nothing to do, breaking out early.
 132000: system.cpu.rename: Processing [tid:0]
 132000: system.cpu.rename: [tid:0] Free IQ: 559, Free ROB: 918, Free LQ: 132, Free SQ: 68, FreeRM 127(879 870 917 1834 127 8 4585)
 132000: system.cpu.rename: [tid:0] 0 instructions not yet in ROB
 132000: system.cpu.rename: calcFreeLQEntries: free lqEntries: 132, loadsInProgress: 0, loads dispatchedToLQ: 0
 132000: system.cpu.rename: [tid:0] Not blocked, so attempting to run stage.
 132000: system.cpu.rename: [tid:0] Nothing to do, breaking out early.
 132000: system.cpu.iew: Issue: Processing [tid:0]
 132000: system.cpu.iew: [tid:0] Not blocked, so attempting to run dispatch.
 132000: system.cpu.iq: Attempting to schedule ready instructions from the IQ.
 132000: system.cpu.iq: Not able to schedule any instructions.
 132000: system.cpu.iew.lsq: [tid:0] Writing back stores. 4 stores available for Writeback.
 132000: system.cpu.iew: Processing [tid:0]
 132000: system.cpu.iew: [tid:0], Dispatch dispatched 0 instructions.
 132000: system.cpu.iew.lsq.thread0: SQ size: 72, #stores occupied: 4
 132000: system.cpu.iew.lsq.thread0: LQ size: 132, #loads occupied: 0
 132000: system.cpu.iew: IQ has 559 free entries (Can schedule: 0).  LQ has 132 free entries. SQ has 68 free entries.
 132000: system.cpu.commit: Getting instructions from Rename stage.
 132000: system.cpu.commit: Trying to commit instructions in the ROB.
 132000: system.cpu.commit: [tid:0] ROB has 0 insts & 918 free entries.
 132000: system.cpu: Scheduling next tick!
 133000: system.cpu: 

O3CPU: Ticking main, O3CPU.
 133000: system.cpu.fetch: Running stage.
 133000: system.cpu.fetch: There are no more threads available to fetch from.
 133000: system.cpu.fetch: [tid:0] Fetch is waiting cache response!
 133000: system.cpu.decode: Processing [tid:0]
 133000: system.cpu.decode: [tid:0] Not blocked, so attempting to run stage.
 133000: system.cpu.decode: [tid:0] Nothing to do, breaking out early.
 133000: system.cpu.rename: Processing [tid:0]
 133000: system.cpu.rename: [tid:0] Free IQ: 559, Free ROB: 918, Free LQ: 132, Free SQ: 68, FreeRM 127(879 870 917 1834 127 8 4585)
 133000: system.cpu.rename: [tid:0] 0 instructions not yet in ROB
 133000: system.cpu.rename: calcFreeLQEntries: free lqEntries: 132, loadsInProgress: 0, loads dispatchedToLQ: 0
 133000: system.cpu.rename: [tid:0] Not blocked, so attempting to run stage.
 133000: system.cpu.rename: [tid:0] Nothing to do, breaking out early.
 133000: system.cpu.iew: Issue: Processing [tid:0]
 133000: system.cpu.iew: [tid:0] Not blocked, so attempting to run dispatch.
 133000: system.cpu.iq: Attempting to schedule ready instructions from the IQ.
 133000: system.cpu.iq: Not able to schedule any instructions.
 133000: system.cpu.iew.lsq: [tid:0] Writing back stores. 4 stores available for Writeback.
 133000: system.cpu.iew: Processing [tid:0]
 133000: system.cpu.iew: [tid:0], Dispatch dispatched 0 instructions.
 133000: system.cpu.iew.lsq.thread0: SQ size: 72, #stores occupied: 4
 133000: system.cpu.iew.lsq.thread0: LQ size: 132, #loads occupied: 0
 133000: system.cpu.iew: IQ has 559 free entries (Can schedule: 0).  LQ has 132 free entries. SQ has 68 free entries.
 133000: system.cpu.commit: Getting instructions from Rename stage.
 133000: system.cpu.commit: Trying to commit instructions in the ROB.
 133000: system.cpu.commit: [tid:0] ROB has 0 insts & 918 free entries.
 133000: system.cpu: Scheduling next tick!
 134000: system.cpu: 

O3CPU: Ticking main, O3CPU.
 134000: system.cpu.fetch: Running stage.
 134000: system.cpu.fetch: There are no more threads available to fetch from.
 134000: system.cpu.fetch: [tid:0] Fetch is waiting cache response!
 134000: system.cpu.decode: Processing [tid:0]
 134000: system.cpu.decode: [tid:0] Not blocked, so attempting to run stage.
 134000: system.cpu.decode: [tid:0] Nothing to do, breaking out early.
 134000: system.cpu.rename: Processing [tid:0]
 134000: system.cpu.rename: [tid:0] Free IQ: 559, Free ROB: 918, Free LQ: 132, Free SQ: 68, FreeRM 127(879 870 917 1834 127 8 4585)
 134000: system.cpu.rename: [tid:0] 0 instructions not yet in ROB
 134000: system.cpu.rename: calcFreeLQEntries: free lqEntries: 132, loadsInProgress: 0, loads dispatchedToLQ: 0
 134000: system.cpu.rename: [tid:0] Not blocked, so attempting to run stage.
 134000: system.cpu.rename: [tid:0] Nothing to do, breaking out early.
 134000: system.cpu.iew: Issue: Processing [tid:0]
 134000: system.cpu.iew: [tid:0] Not blocked, so attempting to run dispatch.
 134000: system.cpu.iq: Attempting to schedule ready instructions from the IQ.
 134000: system.cpu.iq: Not able to schedule any instructions.
 134000: system.cpu.iew.lsq: [tid:0] Writing back stores. 4 stores available for Writeback.
 134000: system.cpu.iew: Processing [tid:0]
 134000: system.cpu.iew: [tid:0], Dispatch dispatched 0 instructions.
 134000: system.cpu.iew.lsq.thread0: SQ size: 72, #stores occupied: 4
 134000: system.cpu.iew.lsq.thread0: LQ size: 132, #loads occupied: 0
 134000: system.cpu.iew: IQ has 559 free entries (Can schedule: 0).  LQ has 132 free entries. SQ has 68 free entries.
 134000: system.cpu.commit: Getting instructions from Rename stage.
 134000: system.cpu.commit: Trying to commit instructions in the ROB.
 134000: system.cpu.commit: [tid:0] ROB has 0 insts & 918 free entries.
 134000: system.cpu: Scheduling next tick!
 135000: system.cpu: 

O3CPU: Ticking main, O3CPU.
 135000: system.cpu.fetch: Running stage.
 135000: system.cpu.fetch: There are no more threads available to fetch from.
 135000: system.cpu.fetch: [tid:0] Fetch is waiting cache response!
 135000: system.cpu.decode: Processing [tid:0]
 135000: system.cpu.decode: [tid:0] Not blocked, so attempting to run stage.
 135000: system.cpu.decode: [tid:0] Nothing to do, breaking out early.
 135000: system.cpu.rename: Processing [tid:0]
 135000: system.cpu.rename: [tid:0] Free IQ: 559, Free ROB: 918, Free LQ: 132, Free SQ: 68, FreeRM 127(879 870 917 1834 127 8 4585)
 135000: system.cpu.rename: [tid:0] 0 instructions not yet in ROB
 135000: system.cpu.rename: calcFreeLQEntries: free lqEntries: 132, loadsInProgress: 0, loads dispatchedToLQ: 0
 135000: system.cpu.rename: [tid:0] Not blocked, so attempting to run stage.
 135000: system.cpu.rename: [tid:0] Nothing to do, breaking out early.
 135000: system.cpu.iew: Issue: Processing [tid:0]
 135000: system.cpu.iew: [tid:0] Not blocked, so attempting to run dispatch.
 135000: system.cpu.iq: Attempting to schedule ready instructions from the IQ.
 135000: system.cpu.iq: Not able to schedule any instructions.
 135000: system.cpu.iew.lsq: [tid:0] Writing back stores. 4 stores available for Writeback.
 135000: system.cpu.iew: Processing [tid:0]
 135000: system.cpu.iew: [tid:0], Dispatch dispatched 0 instructions.
 135000: system.cpu.iew.lsq.thread0: SQ size: 72, #stores occupied: 4
 135000: system.cpu.iew.lsq.thread0: LQ size: 132, #loads occupied: 0
 135000: system.cpu.iew: IQ has 559 free entries (Can schedule: 0).  LQ has 132 free entries. SQ has 68 free entries.
 135000: system.cpu.commit: Getting instructions from Rename stage.
 135000: system.cpu.commit: Trying to commit instructions in the ROB.
 135000: system.cpu.commit: [tid:0] ROB has 0 insts & 918 free entries.
 135000: system.cpu: Scheduling next tick!
 136000: system.cpu: 

O3CPU: Ticking main, O3CPU.
 136000: system.cpu.fetch: Running stage.
 136000: system.cpu.fetch: There are no more threads available to fetch from.
 136000: system.cpu.fetch: [tid:0] Fetch is waiting cache response!
 136000: system.cpu.decode: Processing [tid:0]
 136000: system.cpu.decode: [tid:0] Not blocked, so attempting to run stage.
 136000: system.cpu.decode: [tid:0] Nothing to do, breaking out early.
 136000: system.cpu.rename: Processing [tid:0]
 136000: system.cpu.rename: [tid:0] Free IQ: 559, Free ROB: 918, Free LQ: 132, Free SQ: 68, FreeRM 127(879 870 917 1834 127 8 4585)
 136000: system.cpu.rename: [tid:0] 0 instructions not yet in ROB
 136000: system.cpu.rename: calcFreeLQEntries: free lqEntries: 132, loadsInProgress: 0, loads dispatchedToLQ: 0
 136000: system.cpu.rename: [tid:0] Not blocked, so attempting to run stage.
 136000: system.cpu.rename: [tid:0] Nothing to do, breaking out early.
 136000: system.cpu.iew: Issue: Processing [tid:0]
 136000: system.cpu.iew: [tid:0] Not blocked, so attempting to run dispatch.
 136000: system.cpu.iq: Attempting to schedule ready instructions from the IQ.
 136000: system.cpu.iq: Not able to schedule any instructions.
 136000: system.cpu.iew.lsq: [tid:0] Writing back stores. 4 stores available for Writeback.
 136000: system.cpu.iew: Processing [tid:0]
 136000: system.cpu.iew: [tid:0], Dispatch dispatched 0 instructions.
 136000: system.cpu.iew.lsq.thread0: SQ size: 72, #stores occupied: 4
 136000: system.cpu.iew.lsq.thread0: LQ size: 132, #loads occupied: 0
 136000: system.cpu.iew: IQ has 559 free entries (Can schedule: 0).  LQ has 132 free entries. SQ has 68 free entries.
 136000: system.cpu.commit: Getting instructions from Rename stage.
 136000: system.cpu.commit: Trying to commit instructions in the ROB.
 136000: system.cpu.commit: [tid:0] ROB has 0 insts & 918 free entries.
 136000: system.cpu: Scheduling next tick!
 137000: system.cpu: 

O3CPU: Ticking main, O3CPU.
 137000: system.cpu.fetch: Running stage.
 137000: system.cpu.fetch: There are no more threads available to fetch from.
 137000: system.cpu.fetch: [tid:0] Fetch is waiting cache response!
 137000: system.cpu.decode: Processing [tid:0]
 137000: system.cpu.decode: [tid:0] Not blocked, so attempting to run stage.
 137000: system.cpu.decode: [tid:0] Nothing to do, breaking out early.
 137000: system.cpu.rename: Processing [tid:0]
 137000: system.cpu.rename: [tid:0] Free IQ: 559, Free ROB: 918, Free LQ: 132, Free SQ: 68, FreeRM 127(879 870 917 1834 127 8 4585)
 137000: system.cpu.rename: [tid:0] 0 instructions not yet in ROB
 137000: system.cpu.rename: calcFreeLQEntries: free lqEntries: 132, loadsInProgress: 0, loads dispatchedToLQ: 0
 137000: system.cpu.rename: [tid:0] Not blocked, so attempting to run stage.
 137000: system.cpu.rename: [tid:0] Nothing to do, breaking out early.
 137000: system.cpu.iew: Issue: Processing [tid:0]
 137000: system.cpu.iew: [tid:0] Not blocked, so attempting to run dispatch.
 137000: system.cpu.iq: Attempting to schedule ready instructions from the IQ.
 137000: system.cpu.iq: Not able to schedule any instructions.
 137000: system.cpu.iew.lsq: [tid:0] Writing back stores. 4 stores available for Writeback.
 137000: system.cpu.iew: Processing [tid:0]
 137000: system.cpu.iew: [tid:0], Dispatch dispatched 0 instructions.
 137000: system.cpu.iew.lsq.thread0: SQ size: 72, #stores occupied: 4
 137000: system.cpu.iew.lsq.thread0: LQ size: 132, #loads occupied: 0
 137000: system.cpu.iew: IQ has 559 free entries (Can schedule: 0).  LQ has 132 free entries. SQ has 68 free entries.
 137000: system.cpu.commit: Getting instructions from Rename stage.
 137000: system.cpu.commit: Trying to commit instructions in the ROB.
 137000: system.cpu.commit: [tid:0] ROB has 0 insts & 918 free entries.
 137000: system.cpu: Scheduling next tick!
 138000: system.cpu: 

O3CPU: Ticking main, O3CPU.
 138000: system.cpu.fetch: Running stage.
 138000: system.cpu.fetch: There are no more threads available to fetch from.
 138000: system.cpu.fetch: [tid:0] Fetch is waiting cache response!
 138000: system.cpu.decode: Processing [tid:0]
 138000: system.cpu.decode: [tid:0] Not blocked, so attempting to run stage.
 138000: system.cpu.decode: [tid:0] Nothing to do, breaking out early.
 138000: system.cpu.rename: Processing [tid:0]
 138000: system.cpu.rename: [tid:0] Free IQ: 559, Free ROB: 918, Free LQ: 132, Free SQ: 68, FreeRM 127(879 870 917 1834 127 8 4585)
 138000: system.cpu.rename: [tid:0] 0 instructions not yet in ROB
 138000: system.cpu.rename: calcFreeLQEntries: free lqEntries: 132, loadsInProgress: 0, loads dispatchedToLQ: 0
 138000: system.cpu.rename: [tid:0] Not blocked, so attempting to run stage.
 138000: system.cpu.rename: [tid:0] Nothing to do, breaking out early.
 138000: system.cpu.iew: Issue: Processing [tid:0]
 138000: system.cpu.iew: [tid:0] Not blocked, so attempting to run dispatch.
 138000: system.cpu.iq: Attempting to schedule ready instructions from the IQ.
 138000: system.cpu.iq: Not able to schedule any instructions.
 138000: system.cpu.iew.lsq: [tid:0] Writing back stores. 4 stores available for Writeback.
 138000: system.cpu.iew: Processing [tid:0]
 138000: system.cpu.iew: [tid:0], Dispatch dispatched 0 instructions.
 138000: system.cpu.iew.lsq.thread0: SQ size: 72, #stores occupied: 4
 138000: system.cpu.iew.lsq.thread0: LQ size: 132, #loads occupied: 0
 138000: system.cpu.iew: IQ has 559 free entries (Can schedule: 0).  LQ has 132 free entries. SQ has 68 free entries.
 138000: system.cpu.commit: Getting instructions from Rename stage.
 138000: system.cpu.commit: Trying to commit instructions in the ROB.
 138000: system.cpu.commit: [tid:0] ROB has 0 insts & 918 free entries.
 138000: system.cpu: Scheduling next tick!
 139000: system.cpu: 

O3CPU: Ticking main, O3CPU.
 139000: system.cpu.fetch: Running stage.
 139000: system.cpu.fetch: There are no more threads available to fetch from.
 139000: system.cpu.fetch: [tid:0] Fetch is waiting cache response!
 139000: system.cpu.decode: Processing [tid:0]
 139000: system.cpu.decode: [tid:0] Not blocked, so attempting to run stage.
 139000: system.cpu.decode: [tid:0] Nothing to do, breaking out early.
 139000: system.cpu.rename: Processing [tid:0]
 139000: system.cpu.rename: [tid:0] Free IQ: 559, Free ROB: 918, Free LQ: 132, Free SQ: 68, FreeRM 127(879 870 917 1834 127 8 4585)
 139000: system.cpu.rename: [tid:0] 0 instructions not yet in ROB
 139000: system.cpu.rename: calcFreeLQEntries: free lqEntries: 132, loadsInProgress: 0, loads dispatchedToLQ: 0
 139000: system.cpu.rename: [tid:0] Not blocked, so attempting to run stage.
 139000: system.cpu.rename: [tid:0] Nothing to do, breaking out early.
 139000: system.cpu.iew: Issue: Processing [tid:0]
 139000: system.cpu.iew: [tid:0] Not blocked, so attempting to run dispatch.
 139000: system.cpu.iq: Attempting to schedule ready instructions from the IQ.
 139000: system.cpu.iq: Not able to schedule any instructions.
 139000: system.cpu.iew.lsq: [tid:0] Writing back stores. 4 stores available for Writeback.
 139000: system.cpu.iew: Processing [tid:0]
 139000: system.cpu.iew: [tid:0], Dispatch dispatched 0 instructions.
 139000: system.cpu.iew.lsq.thread0: SQ size: 72, #stores occupied: 4
 139000: system.cpu.iew.lsq.thread0: LQ size: 132, #loads occupied: 0
 139000: system.cpu.iew: IQ has 559 free entries (Can schedule: 0).  LQ has 132 free entries. SQ has 68 free entries.
 139000: system.cpu.commit: Getting instructions from Rename stage.
 139000: system.cpu.commit: Trying to commit instructions in the ROB.
 139000: system.cpu.commit: [tid:0] ROB has 0 insts & 918 free entries.
 139000: system.cpu: Scheduling next tick!
 140000: system.cpu: 

O3CPU: Ticking main, O3CPU.
 140000: system.cpu.fetch: Running stage.
 140000: system.cpu.fetch: There are no more threads available to fetch from.
 140000: system.cpu.fetch: [tid:0] Fetch is waiting cache response!
 140000: system.cpu.decode: Processing [tid:0]
 140000: system.cpu.decode: [tid:0] Not blocked, so attempting to run stage.
 140000: system.cpu.decode: [tid:0] Nothing to do, breaking out early.
 140000: system.cpu.rename: Processing [tid:0]
 140000: system.cpu.rename: [tid:0] Free IQ: 559, Free ROB: 918, Free LQ: 132, Free SQ: 68, FreeRM 127(879 870 917 1834 127 8 4585)
 140000: system.cpu.rename: [tid:0] 0 instructions not yet in ROB
 140000: system.cpu.rename: calcFreeLQEntries: free lqEntries: 132, loadsInProgress: 0, loads dispatchedToLQ: 0
 140000: system.cpu.rename: [tid:0] Not blocked, so attempting to run stage.
 140000: system.cpu.rename: [tid:0] Nothing to do, breaking out early.
 140000: system.cpu.iew: Issue: Processing [tid:0]
 140000: system.cpu.iew: [tid:0] Not blocked, so attempting to run dispatch.
 140000: system.cpu.iq: Attempting to schedule ready instructions from the IQ.
 140000: system.cpu.iq: Not able to schedule any instructions.
 140000: system.cpu.iew.lsq: [tid:0] Writing back stores. 4 stores available for Writeback.
 140000: system.cpu.iew: Processing [tid:0]
 140000: system.cpu.iew: [tid:0], Dispatch dispatched 0 instructions.
 140000: system.cpu.iew.lsq.thread0: SQ size: 72, #stores occupied: 4
 140000: system.cpu.iew.lsq.thread0: LQ size: 132, #loads occupied: 0
 140000: system.cpu.iew: IQ has 559 free entries (Can schedule: 0).  LQ has 132 free entries. SQ has 68 free entries.
 140000: system.cpu.commit: Getting instructions from Rename stage.
 140000: system.cpu.commit: Trying to commit instructions in the ROB.
 140000: system.cpu.commit: [tid:0] ROB has 0 insts & 918 free entries.
 140000: system.cpu: Scheduling next tick!
 141000: system.cpu: 

O3CPU: Ticking main, O3CPU.
 141000: system.cpu.fetch: Running stage.
 141000: system.cpu.fetch: There are no more threads available to fetch from.
 141000: system.cpu.fetch: [tid:0] Fetch is waiting cache response!
 141000: system.cpu.decode: Processing [tid:0]
 141000: system.cpu.decode: [tid:0] Not blocked, so attempting to run stage.
 141000: system.cpu.decode: [tid:0] Nothing to do, breaking out early.
 141000: system.cpu.rename: Processing [tid:0]
 141000: system.cpu.rename: [tid:0] Free IQ: 559, Free ROB: 918, Free LQ: 132, Free SQ: 68, FreeRM 127(879 870 917 1834 127 8 4585)
 141000: system.cpu.rename: [tid:0] 0 instructions not yet in ROB
 141000: system.cpu.rename: calcFreeLQEntries: free lqEntries: 132, loadsInProgress: 0, loads dispatchedToLQ: 0
 141000: system.cpu.rename: [tid:0] Not blocked, so attempting to run stage.
 141000: system.cpu.rename: [tid:0] Nothing to do, breaking out early.
 141000: system.cpu.iew: Issue: Processing [tid:0]
 141000: system.cpu.iew: [tid:0] Not blocked, so attempting to run dispatch.
 141000: system.cpu.iq: Attempting to schedule ready instructions from the IQ.
 141000: system.cpu.iq: Not able to schedule any instructions.
 141000: system.cpu.iew.lsq: [tid:0] Writing back stores. 4 stores available for Writeback.
 141000: system.cpu.iew: Processing [tid:0]
 141000: system.cpu.iew: [tid:0], Dispatch dispatched 0 instructions.
 141000: system.cpu.iew.lsq.thread0: SQ size: 72, #stores occupied: 4
 141000: system.cpu.iew.lsq.thread0: LQ size: 132, #loads occupied: 0
 141000: system.cpu.iew: IQ has 559 free entries (Can schedule: 0).  LQ has 132 free entries. SQ has 68 free entries.
 141000: system.cpu.commit: Getting instructions from Rename stage.
 141000: system.cpu.commit: Trying to commit instructions in the ROB.
 141000: system.cpu.commit: [tid:0] ROB has 0 insts & 918 free entries.
 141000: system.cpu: Scheduling next tick!
 142000: system.cpu: 

O3CPU: Ticking main, O3CPU.
 142000: system.cpu.fetch: Running stage.
 142000: system.cpu.fetch: There are no more threads available to fetch from.
 142000: system.cpu.fetch: [tid:0] Fetch is waiting cache response!
 142000: system.cpu.decode: Processing [tid:0]
 142000: system.cpu.decode: [tid:0] Not blocked, so attempting to run stage.
 142000: system.cpu.decode: [tid:0] Nothing to do, breaking out early.
 142000: system.cpu.rename: Processing [tid:0]
 142000: system.cpu.rename: [tid:0] Free IQ: 559, Free ROB: 918, Free LQ: 132, Free SQ: 68, FreeRM 127(879 870 917 1834 127 8 4585)
 142000: system.cpu.rename: [tid:0] 0 instructions not yet in ROB
 142000: system.cpu.rename: calcFreeLQEntries: free lqEntries: 132, loadsInProgress: 0, loads dispatchedToLQ: 0
 142000: system.cpu.rename: [tid:0] Not blocked, so attempting to run stage.
 142000: system.cpu.rename: [tid:0] Nothing to do, breaking out early.
 142000: system.cpu.iew: Issue: Processing [tid:0]
 142000: system.cpu.iew: [tid:0] Not blocked, so attempting to run dispatch.
 142000: system.cpu.iq: Attempting to schedule ready instructions from the IQ.
 142000: system.cpu.iq: Not able to schedule any instructions.
 142000: system.cpu.iew.lsq: [tid:0] Writing back stores. 4 stores available for Writeback.
 142000: system.cpu.iew: Processing [tid:0]
 142000: system.cpu.iew: [tid:0], Dispatch dispatched 0 instructions.
 142000: system.cpu.iew.lsq.thread0: SQ size: 72, #stores occupied: 4
 142000: system.cpu.iew.lsq.thread0: LQ size: 132, #loads occupied: 0
 142000: system.cpu.iew: IQ has 559 free entries (Can schedule: 0).  LQ has 132 free entries. SQ has 68 free entries.
 142000: system.cpu.commit: Getting instructions from Rename stage.
 142000: system.cpu.commit: Trying to commit instructions in the ROB.
 142000: system.cpu.commit: [tid:0] ROB has 0 insts & 918 free entries.
 142000: system.cpu: Scheduling next tick!
 143000: system.cpu: 

O3CPU: Ticking main, O3CPU.
 143000: system.cpu.fetch: Running stage.
 143000: system.cpu.fetch: There are no more threads available to fetch from.
 143000: system.cpu.fetch: [tid:0] Fetch is waiting cache response!
 143000: system.cpu.decode: Processing [tid:0]
 143000: system.cpu.decode: [tid:0] Not blocked, so attempting to run stage.
 143000: system.cpu.decode: [tid:0] Nothing to do, breaking out early.
 143000: system.cpu.rename: Processing [tid:0]
 143000: system.cpu.rename: [tid:0] Free IQ: 559, Free ROB: 918, Free LQ: 132, Free SQ: 68, FreeRM 127(879 870 917 1834 127 8 4585)
 143000: system.cpu.rename: [tid:0] 0 instructions not yet in ROB
 143000: system.cpu.rename: calcFreeLQEntries: free lqEntries: 132, loadsInProgress: 0, loads dispatchedToLQ: 0
 143000: system.cpu.rename: [tid:0] Not blocked, so attempting to run stage.
 143000: system.cpu.rename: [tid:0] Nothing to do, breaking out early.
 143000: system.cpu.iew: Issue: Processing [tid:0]
 143000: system.cpu.iew: [tid:0] Not blocked, so attempting to run dispatch.
 143000: system.cpu.iq: Attempting to schedule ready instructions from the IQ.
 143000: system.cpu.iq: Not able to schedule any instructions.
 143000: system.cpu.iew.lsq: [tid:0] Writing back stores. 4 stores available for Writeback.
 143000: system.cpu.iew: Processing [tid:0]
 143000: system.cpu.iew: [tid:0], Dispatch dispatched 0 instructions.
 143000: system.cpu.iew.lsq.thread0: SQ size: 72, #stores occupied: 4
 143000: system.cpu.iew.lsq.thread0: LQ size: 132, #loads occupied: 0
 143000: system.cpu.iew: IQ has 559 free entries (Can schedule: 0).  LQ has 132 free entries. SQ has 68 free entries.
 143000: system.cpu.commit: Getting instructions from Rename stage.
 143000: system.cpu.commit: Trying to commit instructions in the ROB.
 143000: system.cpu.commit: [tid:0] ROB has 0 insts & 918 free entries.
 143000: system.cpu: Scheduling next tick!
 144000: system.cpu: 

O3CPU: Ticking main, O3CPU.
 144000: system.cpu.fetch: Running stage.
 144000: system.cpu.fetch: There are no more threads available to fetch from.
 144000: system.cpu.fetch: [tid:0] Fetch is waiting cache response!
 144000: system.cpu.decode: Processing [tid:0]
 144000: system.cpu.decode: [tid:0] Not blocked, so attempting to run stage.
 144000: system.cpu.decode: [tid:0] Nothing to do, breaking out early.
 144000: system.cpu.rename: Processing [tid:0]
 144000: system.cpu.rename: [tid:0] Free IQ: 559, Free ROB: 918, Free LQ: 132, Free SQ: 68, FreeRM 127(879 870 917 1834 127 8 4585)
 144000: system.cpu.rename: [tid:0] 0 instructions not yet in ROB
 144000: system.cpu.rename: calcFreeLQEntries: free lqEntries: 132, loadsInProgress: 0, loads dispatchedToLQ: 0
 144000: system.cpu.rename: [tid:0] Not blocked, so attempting to run stage.
 144000: system.cpu.rename: [tid:0] Nothing to do, breaking out early.
 144000: system.cpu.iew: Issue: Processing [tid:0]
 144000: system.cpu.iew: [tid:0] Not blocked, so attempting to run dispatch.
 144000: system.cpu.iq: Attempting to schedule ready instructions from the IQ.
 144000: system.cpu.iq: Not able to schedule any instructions.
 144000: system.cpu.iew.lsq: [tid:0] Writing back stores. 4 stores available for Writeback.
 144000: system.cpu.iew: Processing [tid:0]
 144000: system.cpu.iew: [tid:0], Dispatch dispatched 0 instructions.
 144000: system.cpu.iew.lsq.thread0: SQ size: 72, #stores occupied: 4
 144000: system.cpu.iew.lsq.thread0: LQ size: 132, #loads occupied: 0
 144000: system.cpu.iew: IQ has 559 free entries (Can schedule: 0).  LQ has 132 free entries. SQ has 68 free entries.
 144000: system.cpu.commit: Getting instructions from Rename stage.
 144000: system.cpu.commit: Trying to commit instructions in the ROB.
 144000: system.cpu.commit: [tid:0] ROB has 0 insts & 918 free entries.
 144000: system.cpu: Scheduling next tick!
 145000: system.cpu: 

O3CPU: Ticking main, O3CPU.
 145000: system.cpu.fetch: Running stage.
 145000: system.cpu.fetch: There are no more threads available to fetch from.
 145000: system.cpu.fetch: [tid:0] Fetch is waiting cache response!
 145000: system.cpu.decode: Processing [tid:0]
 145000: system.cpu.decode: [tid:0] Not blocked, so attempting to run stage.
 145000: system.cpu.decode: [tid:0] Nothing to do, breaking out early.
 145000: system.cpu.rename: Processing [tid:0]
 145000: system.cpu.rename: [tid:0] Free IQ: 559, Free ROB: 918, Free LQ: 132, Free SQ: 68, FreeRM 127(879 870 917 1834 127 8 4585)
 145000: system.cpu.rename: [tid:0] 0 instructions not yet in ROB
 145000: system.cpu.rename: calcFreeLQEntries: free lqEntries: 132, loadsInProgress: 0, loads dispatchedToLQ: 0
 145000: system.cpu.rename: [tid:0] Not blocked, so attempting to run stage.
 145000: system.cpu.rename: [tid:0] Nothing to do, breaking out early.
 145000: system.cpu.iew: Issue: Processing [tid:0]
 145000: system.cpu.iew: [tid:0] Not blocked, so attempting to run dispatch.
 145000: system.cpu.iq: Attempting to schedule ready instructions from the IQ.
 145000: system.cpu.iq: Not able to schedule any instructions.
 145000: system.cpu.iew.lsq: [tid:0] Writing back stores. 4 stores available for Writeback.
 145000: system.cpu.iew: Processing [tid:0]
 145000: system.cpu.iew: [tid:0], Dispatch dispatched 0 instructions.
 145000: system.cpu.iew.lsq.thread0: SQ size: 72, #stores occupied: 4
 145000: system.cpu.iew.lsq.thread0: LQ size: 132, #loads occupied: 0
 145000: system.cpu.iew: IQ has 559 free entries (Can schedule: 0).  LQ has 132 free entries. SQ has 68 free entries.
 145000: system.cpu.commit: Getting instructions from Rename stage.
 145000: system.cpu.commit: Trying to commit instructions in the ROB.
 145000: system.cpu.commit: [tid:0] ROB has 0 insts & 918 free entries.
 145000: system.cpu: Scheduling next tick!
 146000: system.cpu: 

O3CPU: Ticking main, O3CPU.
 146000: system.cpu.fetch: Running stage.
 146000: system.cpu.fetch: There are no more threads available to fetch from.
 146000: system.cpu.fetch: [tid:0] Fetch is waiting cache response!
 146000: system.cpu.decode: Processing [tid:0]
 146000: system.cpu.decode: [tid:0] Not blocked, so attempting to run stage.
 146000: system.cpu.decode: [tid:0] Nothing to do, breaking out early.
 146000: system.cpu.rename: Processing [tid:0]
 146000: system.cpu.rename: [tid:0] Free IQ: 559, Free ROB: 918, Free LQ: 132, Free SQ: 68, FreeRM 127(879 870 917 1834 127 8 4585)
 146000: system.cpu.rename: [tid:0] 0 instructions not yet in ROB
 146000: system.cpu.rename: calcFreeLQEntries: free lqEntries: 132, loadsInProgress: 0, loads dispatchedToLQ: 0
 146000: system.cpu.rename: [tid:0] Not blocked, so attempting to run stage.
 146000: system.cpu.rename: [tid:0] Nothing to do, breaking out early.
 146000: system.cpu.iew: Issue: Processing [tid:0]
 146000: system.cpu.iew: [tid:0] Not blocked, so attempting to run dispatch.
 146000: system.cpu.iq: Attempting to schedule ready instructions from the IQ.
 146000: system.cpu.iq: Not able to schedule any instructions.
 146000: system.cpu.iew.lsq: [tid:0] Writing back stores. 4 stores available for Writeback.
 146000: system.cpu.iew: Processing [tid:0]
 146000: system.cpu.iew: [tid:0], Dispatch dispatched 0 instructions.
 146000: system.cpu.iew.lsq.thread0: SQ size: 72, #stores occupied: 4
 146000: system.cpu.iew.lsq.thread0: LQ size: 132, #loads occupied: 0
 146000: system.cpu.iew: IQ has 559 free entries (Can schedule: 0).  LQ has 132 free entries. SQ has 68 free entries.
 146000: system.cpu.commit: Getting instructions from Rename stage.
 146000: system.cpu.commit: Trying to commit instructions in the ROB.
 146000: system.cpu.commit: [tid:0] ROB has 0 insts & 918 free entries.
 146000: system.cpu: Scheduling next tick!
 147000: system.cpu: 

O3CPU: Ticking main, O3CPU.
 147000: system.cpu.fetch: Running stage.
 147000: system.cpu.fetch: There are no more threads available to fetch from.
 147000: system.cpu.fetch: [tid:0] Fetch is waiting cache response!
 147000: system.cpu.decode: Processing [tid:0]
 147000: system.cpu.decode: [tid:0] Not blocked, so attempting to run stage.
 147000: system.cpu.decode: [tid:0] Nothing to do, breaking out early.
 147000: system.cpu.rename: Processing [tid:0]
 147000: system.cpu.rename: [tid:0] Free IQ: 559, Free ROB: 918, Free LQ: 132, Free SQ: 68, FreeRM 127(879 870 917 1834 127 8 4585)
 147000: system.cpu.rename: [tid:0] 0 instructions not yet in ROB
 147000: system.cpu.rename: calcFreeLQEntries: free lqEntries: 132, loadsInProgress: 0, loads dispatchedToLQ: 0
 147000: system.cpu.rename: [tid:0] Not blocked, so attempting to run stage.
 147000: system.cpu.rename: [tid:0] Nothing to do, breaking out early.
 147000: system.cpu.iew: Issue: Processing [tid:0]
 147000: system.cpu.iew: [tid:0] Not blocked, so attempting to run dispatch.
 147000: system.cpu.iq: Attempting to schedule ready instructions from the IQ.
 147000: system.cpu.iq: Not able to schedule any instructions.
 147000: system.cpu.iew.lsq: [tid:0] Writing back stores. 4 stores available for Writeback.
 147000: system.cpu.iew: Processing [tid:0]
 147000: system.cpu.iew: [tid:0], Dispatch dispatched 0 instructions.
 147000: system.cpu.iew.lsq.thread0: SQ size: 72, #stores occupied: 4
 147000: system.cpu.iew.lsq.thread0: LQ size: 132, #loads occupied: 0
 147000: system.cpu.iew: IQ has 559 free entries (Can schedule: 0).  LQ has 132 free entries. SQ has 68 free entries.
 147000: system.cpu.commit: Getting instructions from Rename stage.
 147000: system.cpu.commit: Trying to commit instructions in the ROB.
 147000: system.cpu.commit: [tid:0] ROB has 0 insts & 918 free entries.
 147000: system.cpu: Scheduling next tick!
 148000: system.cpu: 

O3CPU: Ticking main, O3CPU.
 148000: system.cpu.fetch: Running stage.
 148000: system.cpu.fetch: There are no more threads available to fetch from.
 148000: system.cpu.fetch: [tid:0] Fetch is waiting cache response!
 148000: system.cpu.decode: Processing [tid:0]
 148000: system.cpu.decode: [tid:0] Not blocked, so attempting to run stage.
 148000: system.cpu.decode: [tid:0] Nothing to do, breaking out early.
 148000: system.cpu.rename: Processing [tid:0]
 148000: system.cpu.rename: [tid:0] Free IQ: 559, Free ROB: 918, Free LQ: 132, Free SQ: 68, FreeRM 127(879 870 917 1834 127 8 4585)
 148000: system.cpu.rename: [tid:0] 0 instructions not yet in ROB
 148000: system.cpu.rename: calcFreeLQEntries: free lqEntries: 132, loadsInProgress: 0, loads dispatchedToLQ: 0
 148000: system.cpu.rename: [tid:0] Not blocked, so attempting to run stage.
 148000: system.cpu.rename: [tid:0] Nothing to do, breaking out early.
 148000: system.cpu.iew: Issue: Processing [tid:0]
 148000: system.cpu.iew: [tid:0] Not blocked, so attempting to run dispatch.
 148000: system.cpu.iq: Attempting to schedule ready instructions from the IQ.
 148000: system.cpu.iq: Not able to schedule any instructions.
 148000: system.cpu.iew.lsq: [tid:0] Writing back stores. 4 stores available for Writeback.
 148000: system.cpu.iew: Processing [tid:0]
 148000: system.cpu.iew: [tid:0], Dispatch dispatched 0 instructions.
 148000: system.cpu.iew.lsq.thread0: SQ size: 72, #stores occupied: 4
 148000: system.cpu.iew.lsq.thread0: LQ size: 132, #loads occupied: 0
 148000: system.cpu.iew: IQ has 559 free entries (Can schedule: 0).  LQ has 132 free entries. SQ has 68 free entries.
 148000: system.cpu.commit: Getting instructions from Rename stage.
 148000: system.cpu.commit: Trying to commit instructions in the ROB.
 148000: system.cpu.commit: [tid:0] ROB has 0 insts & 918 free entries.
 148000: system.cpu: Scheduling next tick!
 149000: system.cpu: 

O3CPU: Ticking main, O3CPU.
 149000: system.cpu.fetch: Running stage.
 149000: system.cpu.fetch: There are no more threads available to fetch from.
 149000: system.cpu.fetch: [tid:0] Fetch is waiting cache response!
 149000: system.cpu.decode: Processing [tid:0]
 149000: system.cpu.decode: [tid:0] Not blocked, so attempting to run stage.
 149000: system.cpu.decode: [tid:0] Nothing to do, breaking out early.
 149000: system.cpu.rename: Processing [tid:0]
 149000: system.cpu.rename: [tid:0] Free IQ: 559, Free ROB: 918, Free LQ: 132, Free SQ: 68, FreeRM 127(879 870 917 1834 127 8 4585)
 149000: system.cpu.rename: [tid:0] 0 instructions not yet in ROB
 149000: system.cpu.rename: calcFreeLQEntries: free lqEntries: 132, loadsInProgress: 0, loads dispatchedToLQ: 0
 149000: system.cpu.rename: [tid:0] Not blocked, so attempting to run stage.
 149000: system.cpu.rename: [tid:0] Nothing to do, breaking out early.
 149000: system.cpu.iew: Issue: Processing [tid:0]
 149000: system.cpu.iew: [tid:0] Not blocked, so attempting to run dispatch.
 149000: system.cpu.iq: Attempting to schedule ready instructions from the IQ.
 149000: system.cpu.iq: Not able to schedule any instructions.
 149000: system.cpu.iew.lsq: [tid:0] Writing back stores. 4 stores available for Writeback.
 149000: system.cpu.iew: Processing [tid:0]
 149000: system.cpu.iew: [tid:0], Dispatch dispatched 0 instructions.
 149000: system.cpu.iew.lsq.thread0: SQ size: 72, #stores occupied: 4
 149000: system.cpu.iew.lsq.thread0: LQ size: 132, #loads occupied: 0
 149000: system.cpu.iew: IQ has 559 free entries (Can schedule: 0).  LQ has 132 free entries. SQ has 68 free entries.
 149000: system.cpu.commit: Getting instructions from Rename stage.
 149000: system.cpu.commit: Trying to commit instructions in the ROB.
 149000: system.cpu.commit: [tid:0] ROB has 0 insts & 918 free entries.
 149000: system.cpu: Scheduling next tick!
 150000: system.cpu: 

O3CPU: Ticking main, O3CPU.
 150000: system.cpu.fetch: Running stage.
 150000: system.cpu.fetch: There are no more threads available to fetch from.
 150000: system.cpu.fetch: [tid:0] Fetch is waiting cache response!
 150000: system.cpu.decode: Processing [tid:0]
 150000: system.cpu.decode: [tid:0] Not blocked, so attempting to run stage.
 150000: system.cpu.decode: [tid:0] Nothing to do, breaking out early.
 150000: system.cpu.rename: Processing [tid:0]
 150000: system.cpu.rename: [tid:0] Free IQ: 559, Free ROB: 918, Free LQ: 132, Free SQ: 68, FreeRM 127(879 870 917 1834 127 8 4585)
 150000: system.cpu.rename: [tid:0] 0 instructions not yet in ROB
 150000: system.cpu.rename: calcFreeLQEntries: free lqEntries: 132, loadsInProgress: 0, loads dispatchedToLQ: 0
 150000: system.cpu.rename: [tid:0] Not blocked, so attempting to run stage.
 150000: system.cpu.rename: [tid:0] Nothing to do, breaking out early.
 150000: system.cpu.iew: Issue: Processing [tid:0]
 150000: system.cpu.iew: [tid:0] Not blocked, so attempting to run dispatch.
 150000: system.cpu.iq: Attempting to schedule ready instructions from the IQ.
 150000: system.cpu.iq: Not able to schedule any instructions.
 150000: system.cpu.iew.lsq: [tid:0] Writing back stores. 4 stores available for Writeback.
 150000: system.cpu.iew: Processing [tid:0]
 150000: system.cpu.iew: [tid:0], Dispatch dispatched 0 instructions.
 150000: system.cpu.iew.lsq.thread0: SQ size: 72, #stores occupied: 4
 150000: system.cpu.iew.lsq.thread0: LQ size: 132, #loads occupied: 0
 150000: system.cpu.iew: IQ has 559 free entries (Can schedule: 0).  LQ has 132 free entries. SQ has 68 free entries.
 150000: system.cpu.commit: Getting instructions from Rename stage.
 150000: system.cpu.commit: Trying to commit instructions in the ROB.
 150000: system.cpu.commit: [tid:0] ROB has 0 insts & 918 free entries.
 150000: system.cpu: Scheduling next tick!
 151000: system.cpu: 

O3CPU: Ticking main, O3CPU.
 151000: system.cpu.fetch: Running stage.
 151000: system.cpu.fetch: There are no more threads available to fetch from.
 151000: system.cpu.fetch: [tid:0] Fetch is waiting cache response!
 151000: system.cpu.decode: Processing [tid:0]
 151000: system.cpu.decode: [tid:0] Not blocked, so attempting to run stage.
 151000: system.cpu.decode: [tid:0] Nothing to do, breaking out early.
 151000: system.cpu.rename: Processing [tid:0]
 151000: system.cpu.rename: [tid:0] Free IQ: 559, Free ROB: 918, Free LQ: 132, Free SQ: 68, FreeRM 127(879 870 917 1834 127 8 4585)
 151000: system.cpu.rename: [tid:0] 0 instructions not yet in ROB
 151000: system.cpu.rename: calcFreeLQEntries: free lqEntries: 132, loadsInProgress: 0, loads dispatchedToLQ: 0
 151000: system.cpu.rename: [tid:0] Not blocked, so attempting to run stage.
 151000: system.cpu.rename: [tid:0] Nothing to do, breaking out early.
 151000: system.cpu.iew: Issue: Processing [tid:0]
 151000: system.cpu.iew: [tid:0] Not blocked, so attempting to run dispatch.
 151000: system.cpu.iq: Attempting to schedule ready instructions from the IQ.
 151000: system.cpu.iq: Not able to schedule any instructions.
 151000: system.cpu.iew.lsq: [tid:0] Writing back stores. 4 stores available for Writeback.
 151000: system.cpu.iew: Processing [tid:0]
 151000: system.cpu.iew: [tid:0], Dispatch dispatched 0 instructions.
 151000: system.cpu.iew.lsq.thread0: SQ size: 72, #stores occupied: 4
 151000: system.cpu.iew.lsq.thread0: LQ size: 132, #loads occupied: 0
 151000: system.cpu.iew: IQ has 559 free entries (Can schedule: 0).  LQ has 132 free entries. SQ has 68 free entries.
 151000: system.cpu.commit: Getting instructions from Rename stage.
 151000: system.cpu.commit: Trying to commit instructions in the ROB.
 151000: system.cpu.commit: [tid:0] ROB has 0 insts & 918 free entries.
 151000: system.cpu: Scheduling next tick!
 152000: system.cpu: 

O3CPU: Ticking main, O3CPU.
 152000: system.cpu.fetch: Running stage.
 152000: system.cpu.fetch: There are no more threads available to fetch from.
 152000: system.cpu.fetch: [tid:0] Fetch is waiting cache response!
 152000: system.cpu.decode: Processing [tid:0]
 152000: system.cpu.decode: [tid:0] Not blocked, so attempting to run stage.
 152000: system.cpu.decode: [tid:0] Nothing to do, breaking out early.
 152000: system.cpu.rename: Processing [tid:0]
 152000: system.cpu.rename: [tid:0] Free IQ: 559, Free ROB: 918, Free LQ: 132, Free SQ: 68, FreeRM 127(879 870 917 1834 127 8 4585)
 152000: system.cpu.rename: [tid:0] 0 instructions not yet in ROB
 152000: system.cpu.rename: calcFreeLQEntries: free lqEntries: 132, loadsInProgress: 0, loads dispatchedToLQ: 0
 152000: system.cpu.rename: [tid:0] Not blocked, so attempting to run stage.
 152000: system.cpu.rename: [tid:0] Nothing to do, breaking out early.
 152000: system.cpu.iew: Issue: Processing [tid:0]
 152000: system.cpu.iew: [tid:0] Not blocked, so attempting to run dispatch.
 152000: system.cpu.iq: Attempting to schedule ready instructions from the IQ.
 152000: system.cpu.iq: Not able to schedule any instructions.
 152000: system.cpu.iew.lsq: [tid:0] Writing back stores. 4 stores available for Writeback.
 152000: system.cpu.iew: Processing [tid:0]
 152000: system.cpu.iew: [tid:0], Dispatch dispatched 0 instructions.
 152000: system.cpu.iew.lsq.thread0: SQ size: 72, #stores occupied: 4
 152000: system.cpu.iew.lsq.thread0: LQ size: 132, #loads occupied: 0
 152000: system.cpu.iew: IQ has 559 free entries (Can schedule: 0).  LQ has 132 free entries. SQ has 68 free entries.
 152000: system.cpu.commit: Getting instructions from Rename stage.
 152000: system.cpu.commit: Trying to commit instructions in the ROB.
 152000: system.cpu.commit: [tid:0] ROB has 0 insts & 918 free entries.
 152000: system.cpu: Scheduling next tick!
 153000: system.cpu: 

O3CPU: Ticking main, O3CPU.
 153000: system.cpu.fetch: Running stage.
 153000: system.cpu.fetch: There are no more threads available to fetch from.
 153000: system.cpu.fetch: [tid:0] Fetch is waiting cache response!
 153000: system.cpu.decode: Processing [tid:0]
 153000: system.cpu.decode: [tid:0] Not blocked, so attempting to run stage.
 153000: system.cpu.decode: [tid:0] Nothing to do, breaking out early.
 153000: system.cpu.rename: Processing [tid:0]
 153000: system.cpu.rename: [tid:0] Free IQ: 559, Free ROB: 918, Free LQ: 132, Free SQ: 68, FreeRM 127(879 870 917 1834 127 8 4585)
 153000: system.cpu.rename: [tid:0] 0 instructions not yet in ROB
 153000: system.cpu.rename: calcFreeLQEntries: free lqEntries: 132, loadsInProgress: 0, loads dispatchedToLQ: 0
 153000: system.cpu.rename: [tid:0] Not blocked, so attempting to run stage.
 153000: system.cpu.rename: [tid:0] Nothing to do, breaking out early.
 153000: system.cpu.iew: Issue: Processing [tid:0]
 153000: system.cpu.iew: [tid:0] Not blocked, so attempting to run dispatch.
 153000: system.cpu.iq: Attempting to schedule ready instructions from the IQ.
 153000: system.cpu.iq: Not able to schedule any instructions.
 153000: system.cpu.iew.lsq: [tid:0] Writing back stores. 4 stores available for Writeback.
 153000: system.cpu.iew: Processing [tid:0]
 153000: system.cpu.iew: [tid:0], Dispatch dispatched 0 instructions.
 153000: system.cpu.iew.lsq.thread0: SQ size: 72, #stores occupied: 4
 153000: system.cpu.iew.lsq.thread0: LQ size: 132, #loads occupied: 0
 153000: system.cpu.iew: IQ has 559 free entries (Can schedule: 0).  LQ has 132 free entries. SQ has 68 free entries.
 153000: system.cpu.commit: Getting instructions from Rename stage.
 153000: system.cpu.commit: Trying to commit instructions in the ROB.
 153000: system.cpu.commit: [tid:0] ROB has 0 insts & 918 free entries.
 153000: system.cpu: Scheduling next tick!
 154000: system.cpu: 

O3CPU: Ticking main, O3CPU.
 154000: system.cpu.fetch: Running stage.
 154000: system.cpu.fetch: There are no more threads available to fetch from.
 154000: system.cpu.fetch: [tid:0] Fetch is waiting cache response!
 154000: system.cpu.decode: Processing [tid:0]
 154000: system.cpu.decode: [tid:0] Not blocked, so attempting to run stage.
 154000: system.cpu.decode: [tid:0] Nothing to do, breaking out early.
 154000: system.cpu.rename: Processing [tid:0]
 154000: system.cpu.rename: [tid:0] Free IQ: 559, Free ROB: 918, Free LQ: 132, Free SQ: 68, FreeRM 127(879 870 917 1834 127 8 4585)
 154000: system.cpu.rename: [tid:0] 0 instructions not yet in ROB
 154000: system.cpu.rename: calcFreeLQEntries: free lqEntries: 132, loadsInProgress: 0, loads dispatchedToLQ: 0
 154000: system.cpu.rename: [tid:0] Not blocked, so attempting to run stage.
 154000: system.cpu.rename: [tid:0] Nothing to do, breaking out early.
 154000: system.cpu.iew: Issue: Processing [tid:0]
 154000: system.cpu.iew: [tid:0] Not blocked, so attempting to run dispatch.
 154000: system.cpu.iq: Attempting to schedule ready instructions from the IQ.
 154000: system.cpu.iq: Not able to schedule any instructions.
 154000: system.cpu.iew.lsq: [tid:0] Writing back stores. 4 stores available for Writeback.
 154000: system.cpu.iew: Processing [tid:0]
 154000: system.cpu.iew: [tid:0], Dispatch dispatched 0 instructions.
 154000: system.cpu.iew.lsq.thread0: SQ size: 72, #stores occupied: 4
 154000: system.cpu.iew.lsq.thread0: LQ size: 132, #loads occupied: 0
 154000: system.cpu.iew: IQ has 559 free entries (Can schedule: 0).  LQ has 132 free entries. SQ has 68 free entries.
 154000: system.cpu.commit: Getting instructions from Rename stage.
 154000: system.cpu.commit: Trying to commit instructions in the ROB.
 154000: system.cpu.commit: [tid:0] ROB has 0 insts & 918 free entries.
 154000: system.cpu: Scheduling next tick!
 155000: system.cpu: 

O3CPU: Ticking main, O3CPU.
 155000: system.cpu.fetch: Running stage.
 155000: system.cpu.fetch: There are no more threads available to fetch from.
 155000: system.cpu.fetch: [tid:0] Fetch is waiting cache response!
 155000: system.cpu.decode: Processing [tid:0]
 155000: system.cpu.decode: [tid:0] Not blocked, so attempting to run stage.
 155000: system.cpu.decode: [tid:0] Nothing to do, breaking out early.
 155000: system.cpu.rename: Processing [tid:0]
 155000: system.cpu.rename: [tid:0] Free IQ: 559, Free ROB: 918, Free LQ: 132, Free SQ: 68, FreeRM 127(879 870 917 1834 127 8 4585)
 155000: system.cpu.rename: [tid:0] 0 instructions not yet in ROB
 155000: system.cpu.rename: calcFreeLQEntries: free lqEntries: 132, loadsInProgress: 0, loads dispatchedToLQ: 0
 155000: system.cpu.rename: [tid:0] Not blocked, so attempting to run stage.
 155000: system.cpu.rename: [tid:0] Nothing to do, breaking out early.
 155000: system.cpu.iew: Issue: Processing [tid:0]
 155000: system.cpu.iew: [tid:0] Not blocked, so attempting to run dispatch.
 155000: system.cpu.iq: Attempting to schedule ready instructions from the IQ.
 155000: system.cpu.iq: Not able to schedule any instructions.
 155000: system.cpu.iew.lsq: [tid:0] Writing back stores. 4 stores available for Writeback.
 155000: system.cpu.iew: Processing [tid:0]
 155000: system.cpu.iew: [tid:0], Dispatch dispatched 0 instructions.
 155000: system.cpu.iew.lsq.thread0: SQ size: 72, #stores occupied: 4
 155000: system.cpu.iew.lsq.thread0: LQ size: 132, #loads occupied: 0
 155000: system.cpu.iew: IQ has 559 free entries (Can schedule: 0).  LQ has 132 free entries. SQ has 68 free entries.
 155000: system.cpu.commit: Getting instructions from Rename stage.
 155000: system.cpu.commit: Trying to commit instructions in the ROB.
 155000: system.cpu.commit: [tid:0] ROB has 0 insts & 918 free entries.
 155000: system.cpu: Scheduling next tick!
 156000: system.cpu: 

O3CPU: Ticking main, O3CPU.
 156000: system.cpu.fetch: Running stage.
 156000: system.cpu.fetch: There are no more threads available to fetch from.
 156000: system.cpu.fetch: [tid:0] Fetch is waiting cache response!
 156000: system.cpu.decode: Processing [tid:0]
 156000: system.cpu.decode: [tid:0] Not blocked, so attempting to run stage.
 156000: system.cpu.decode: [tid:0] Nothing to do, breaking out early.
 156000: system.cpu.rename: Processing [tid:0]
 156000: system.cpu.rename: [tid:0] Free IQ: 559, Free ROB: 918, Free LQ: 132, Free SQ: 68, FreeRM 127(879 870 917 1834 127 8 4585)
 156000: system.cpu.rename: [tid:0] 0 instructions not yet in ROB
 156000: system.cpu.rename: calcFreeLQEntries: free lqEntries: 132, loadsInProgress: 0, loads dispatchedToLQ: 0
 156000: system.cpu.rename: [tid:0] Not blocked, so attempting to run stage.
 156000: system.cpu.rename: [tid:0] Nothing to do, breaking out early.
 156000: system.cpu.iew: Issue: Processing [tid:0]
 156000: system.cpu.iew: [tid:0] Not blocked, so attempting to run dispatch.
 156000: system.cpu.iq: Attempting to schedule ready instructions from the IQ.
 156000: system.cpu.iq: Not able to schedule any instructions.
 156000: system.cpu.iew.lsq: [tid:0] Writing back stores. 4 stores available for Writeback.
 156000: system.cpu.iew: Processing [tid:0]
 156000: system.cpu.iew: [tid:0], Dispatch dispatched 0 instructions.
 156000: system.cpu.iew.lsq.thread0: SQ size: 72, #stores occupied: 4
 156000: system.cpu.iew.lsq.thread0: LQ size: 132, #loads occupied: 0
 156000: system.cpu.iew: IQ has 559 free entries (Can schedule: 0).  LQ has 132 free entries. SQ has 68 free entries.
 156000: system.cpu.commit: Getting instructions from Rename stage.
 156000: system.cpu.commit: Trying to commit instructions in the ROB.
 156000: system.cpu.commit: [tid:0] ROB has 0 insts & 918 free entries.
 156000: system.cpu: Scheduling next tick!
 157000: system.cpu: 

O3CPU: Ticking main, O3CPU.
 157000: system.cpu.fetch: Running stage.
 157000: system.cpu.fetch: There are no more threads available to fetch from.
 157000: system.cpu.fetch: [tid:0] Fetch is waiting cache response!
 157000: system.cpu.decode: Processing [tid:0]
 157000: system.cpu.decode: [tid:0] Not blocked, so attempting to run stage.
 157000: system.cpu.decode: [tid:0] Nothing to do, breaking out early.
 157000: system.cpu.rename: Processing [tid:0]
 157000: system.cpu.rename: [tid:0] Free IQ: 559, Free ROB: 918, Free LQ: 132, Free SQ: 68, FreeRM 127(879 870 917 1834 127 8 4585)
 157000: system.cpu.rename: [tid:0] 0 instructions not yet in ROB
 157000: system.cpu.rename: calcFreeLQEntries: free lqEntries: 132, loadsInProgress: 0, loads dispatchedToLQ: 0
 157000: system.cpu.rename: [tid:0] Not blocked, so attempting to run stage.
 157000: system.cpu.rename: [tid:0] Nothing to do, breaking out early.
 157000: system.cpu.iew: Issue: Processing [tid:0]
 157000: system.cpu.iew: [tid:0] Not blocked, so attempting to run dispatch.
 157000: system.cpu.iq: Attempting to schedule ready instructions from the IQ.
 157000: system.cpu.iq: Not able to schedule any instructions.
 157000: system.cpu.iew.lsq: [tid:0] Writing back stores. 4 stores available for Writeback.
 157000: system.cpu.iew: Processing [tid:0]
 157000: system.cpu.iew: [tid:0], Dispatch dispatched 0 instructions.
 157000: system.cpu.iew.lsq.thread0: SQ size: 72, #stores occupied: 4
 157000: system.cpu.iew.lsq.thread0: LQ size: 132, #loads occupied: 0
 157000: system.cpu.iew: IQ has 559 free entries (Can schedule: 0).  LQ has 132 free entries. SQ has 68 free entries.
 157000: system.cpu.commit: Getting instructions from Rename stage.
 157000: system.cpu.commit: Trying to commit instructions in the ROB.
 157000: system.cpu.commit: [tid:0] ROB has 0 insts & 918 free entries.
 157000: system.cpu: Scheduling next tick!
 158000: system.cpu: 

O3CPU: Ticking main, O3CPU.
 158000: system.cpu.fetch: Running stage.
 158000: system.cpu.fetch: There are no more threads available to fetch from.
 158000: system.cpu.fetch: [tid:0] Fetch is waiting cache response!
 158000: system.cpu.decode: Processing [tid:0]
 158000: system.cpu.decode: [tid:0] Not blocked, so attempting to run stage.
 158000: system.cpu.decode: [tid:0] Nothing to do, breaking out early.
 158000: system.cpu.rename: Processing [tid:0]
 158000: system.cpu.rename: [tid:0] Free IQ: 559, Free ROB: 918, Free LQ: 132, Free SQ: 68, FreeRM 127(879 870 917 1834 127 8 4585)
 158000: system.cpu.rename: [tid:0] 0 instructions not yet in ROB
 158000: system.cpu.rename: calcFreeLQEntries: free lqEntries: 132, loadsInProgress: 0, loads dispatchedToLQ: 0
 158000: system.cpu.rename: [tid:0] Not blocked, so attempting to run stage.
 158000: system.cpu.rename: [tid:0] Nothing to do, breaking out early.
 158000: system.cpu.iew: Issue: Processing [tid:0]
 158000: system.cpu.iew: [tid:0] Not blocked, so attempting to run dispatch.
 158000: system.cpu.iq: Attempting to schedule ready instructions from the IQ.
 158000: system.cpu.iq: Not able to schedule any instructions.
 158000: system.cpu.iew.lsq: [tid:0] Writing back stores. 4 stores available for Writeback.
 158000: system.cpu.iew: Processing [tid:0]
 158000: system.cpu.iew: [tid:0], Dispatch dispatched 0 instructions.
 158000: system.cpu.iew.lsq.thread0: SQ size: 72, #stores occupied: 4
 158000: system.cpu.iew.lsq.thread0: LQ size: 132, #loads occupied: 0
 158000: system.cpu.iew: IQ has 559 free entries (Can schedule: 0).  LQ has 132 free entries. SQ has 68 free entries.
 158000: system.cpu.commit: Getting instructions from Rename stage.
 158000: system.cpu.commit: Trying to commit instructions in the ROB.
 158000: system.cpu.commit: [tid:0] ROB has 0 insts & 918 free entries.
 158000: system.cpu: Scheduling next tick!
 159000: system.cpu: 

O3CPU: Ticking main, O3CPU.
 159000: system.cpu.fetch: Running stage.
 159000: system.cpu.fetch: There are no more threads available to fetch from.
 159000: system.cpu.fetch: [tid:0] Fetch is waiting cache response!
 159000: system.cpu.decode: Processing [tid:0]
 159000: system.cpu.decode: [tid:0] Not blocked, so attempting to run stage.
 159000: system.cpu.decode: [tid:0] Nothing to do, breaking out early.
 159000: system.cpu.rename: Processing [tid:0]
 159000: system.cpu.rename: [tid:0] Free IQ: 559, Free ROB: 918, Free LQ: 132, Free SQ: 68, FreeRM 127(879 870 917 1834 127 8 4585)
 159000: system.cpu.rename: [tid:0] 0 instructions not yet in ROB
 159000: system.cpu.rename: calcFreeLQEntries: free lqEntries: 132, loadsInProgress: 0, loads dispatchedToLQ: 0
 159000: system.cpu.rename: [tid:0] Not blocked, so attempting to run stage.
 159000: system.cpu.rename: [tid:0] Nothing to do, breaking out early.
 159000: system.cpu.iew: Issue: Processing [tid:0]
 159000: system.cpu.iew: [tid:0] Not blocked, so attempting to run dispatch.
 159000: system.cpu.iq: Attempting to schedule ready instructions from the IQ.
 159000: system.cpu.iq: Not able to schedule any instructions.
 159000: system.cpu.iew.lsq: [tid:0] Writing back stores. 4 stores available for Writeback.
 159000: system.cpu.iew: Processing [tid:0]
 159000: system.cpu.iew: [tid:0], Dispatch dispatched 0 instructions.
 159000: system.cpu.iew.lsq.thread0: SQ size: 72, #stores occupied: 4
 159000: system.cpu.iew.lsq.thread0: LQ size: 132, #loads occupied: 0
 159000: system.cpu.iew: IQ has 559 free entries (Can schedule: 0).  LQ has 132 free entries. SQ has 68 free entries.
 159000: system.cpu.commit: Getting instructions from Rename stage.
 159000: system.cpu.commit: Trying to commit instructions in the ROB.
 159000: system.cpu.commit: [tid:0] ROB has 0 insts & 918 free entries.
 159000: system.cpu: Scheduling next tick!
 160000: system.cpu: 

O3CPU: Ticking main, O3CPU.
 160000: system.cpu.fetch: Running stage.
 160000: system.cpu.fetch: There are no more threads available to fetch from.
 160000: system.cpu.fetch: [tid:0] Fetch is waiting cache response!
 160000: system.cpu.decode: Processing [tid:0]
 160000: system.cpu.decode: [tid:0] Not blocked, so attempting to run stage.
 160000: system.cpu.decode: [tid:0] Nothing to do, breaking out early.
 160000: system.cpu.rename: Processing [tid:0]
 160000: system.cpu.rename: [tid:0] Free IQ: 559, Free ROB: 918, Free LQ: 132, Free SQ: 68, FreeRM 127(879 870 917 1834 127 8 4585)
 160000: system.cpu.rename: [tid:0] 0 instructions not yet in ROB
 160000: system.cpu.rename: calcFreeLQEntries: free lqEntries: 132, loadsInProgress: 0, loads dispatchedToLQ: 0
 160000: system.cpu.rename: [tid:0] Not blocked, so attempting to run stage.
 160000: system.cpu.rename: [tid:0] Nothing to do, breaking out early.
 160000: system.cpu.iew: Issue: Processing [tid:0]
 160000: system.cpu.iew: [tid:0] Not blocked, so attempting to run dispatch.
 160000: system.cpu.iq: Attempting to schedule ready instructions from the IQ.
 160000: system.cpu.iq: Not able to schedule any instructions.
 160000: system.cpu.iew.lsq: [tid:0] Writing back stores. 4 stores available for Writeback.
 160000: system.cpu.iew: Processing [tid:0]
 160000: system.cpu.iew: [tid:0], Dispatch dispatched 0 instructions.
 160000: system.cpu.iew.lsq.thread0: SQ size: 72, #stores occupied: 4
 160000: system.cpu.iew.lsq.thread0: LQ size: 132, #loads occupied: 0
 160000: system.cpu.iew: IQ has 559 free entries (Can schedule: 0).  LQ has 132 free entries. SQ has 68 free entries.
 160000: system.cpu.commit: Getting instructions from Rename stage.
 160000: system.cpu.commit: Trying to commit instructions in the ROB.
 160000: system.cpu.commit: [tid:0] ROB has 0 insts & 918 free entries.
 160000: system.cpu: Scheduling next tick!
 161000: system.cpu: 

O3CPU: Ticking main, O3CPU.
 161000: system.cpu.fetch: Running stage.
 161000: system.cpu.fetch: There are no more threads available to fetch from.
 161000: system.cpu.fetch: [tid:0] Fetch is waiting cache response!
 161000: system.cpu.decode: Processing [tid:0]
 161000: system.cpu.decode: [tid:0] Not blocked, so attempting to run stage.
 161000: system.cpu.decode: [tid:0] Nothing to do, breaking out early.
 161000: system.cpu.rename: Processing [tid:0]
 161000: system.cpu.rename: [tid:0] Free IQ: 559, Free ROB: 918, Free LQ: 132, Free SQ: 68, FreeRM 127(879 870 917 1834 127 8 4585)
 161000: system.cpu.rename: [tid:0] 0 instructions not yet in ROB
 161000: system.cpu.rename: calcFreeLQEntries: free lqEntries: 132, loadsInProgress: 0, loads dispatchedToLQ: 0
 161000: system.cpu.rename: [tid:0] Not blocked, so attempting to run stage.
 161000: system.cpu.rename: [tid:0] Nothing to do, breaking out early.
 161000: system.cpu.iew: Issue: Processing [tid:0]
 161000: system.cpu.iew: [tid:0] Not blocked, so attempting to run dispatch.
 161000: system.cpu.iq: Attempting to schedule ready instructions from the IQ.
 161000: system.cpu.iq: Not able to schedule any instructions.
 161000: system.cpu.iew.lsq: [tid:0] Writing back stores. 4 stores available for Writeback.
 161000: system.cpu.iew: Processing [tid:0]
 161000: system.cpu.iew: [tid:0], Dispatch dispatched 0 instructions.
 161000: system.cpu.iew.lsq.thread0: SQ size: 72, #stores occupied: 4
 161000: system.cpu.iew.lsq.thread0: LQ size: 132, #loads occupied: 0
 161000: system.cpu.iew: IQ has 559 free entries (Can schedule: 0).  LQ has 132 free entries. SQ has 68 free entries.
 161000: system.cpu.commit: Getting instructions from Rename stage.
 161000: system.cpu.commit: Trying to commit instructions in the ROB.
 161000: system.cpu.commit: [tid:0] ROB has 0 insts & 918 free entries.
 161000: system.cpu: Scheduling next tick!
 162000: system.cpu: 

O3CPU: Ticking main, O3CPU.
 162000: system.cpu.fetch: Running stage.
 162000: system.cpu.fetch: There are no more threads available to fetch from.
 162000: system.cpu.fetch: [tid:0] Fetch is waiting cache response!
 162000: system.cpu.decode: Processing [tid:0]
 162000: system.cpu.decode: [tid:0] Not blocked, so attempting to run stage.
 162000: system.cpu.decode: [tid:0] Nothing to do, breaking out early.
 162000: system.cpu.rename: Processing [tid:0]
 162000: system.cpu.rename: [tid:0] Free IQ: 559, Free ROB: 918, Free LQ: 132, Free SQ: 68, FreeRM 127(879 870 917 1834 127 8 4585)
 162000: system.cpu.rename: [tid:0] 0 instructions not yet in ROB
 162000: system.cpu.rename: calcFreeLQEntries: free lqEntries: 132, loadsInProgress: 0, loads dispatchedToLQ: 0
 162000: system.cpu.rename: [tid:0] Not blocked, so attempting to run stage.
 162000: system.cpu.rename: [tid:0] Nothing to do, breaking out early.
 162000: system.cpu.iew: Issue: Processing [tid:0]
 162000: system.cpu.iew: [tid:0] Not blocked, so attempting to run dispatch.
 162000: system.cpu.iq: Attempting to schedule ready instructions from the IQ.
 162000: system.cpu.iq: Not able to schedule any instructions.
 162000: system.cpu.iew.lsq: [tid:0] Writing back stores. 4 stores available for Writeback.
 162000: system.cpu.iew: Processing [tid:0]
 162000: system.cpu.iew: [tid:0], Dispatch dispatched 0 instructions.
 162000: system.cpu.iew.lsq.thread0: SQ size: 72, #stores occupied: 4
 162000: system.cpu.iew.lsq.thread0: LQ size: 132, #loads occupied: 0
 162000: system.cpu.iew: IQ has 559 free entries (Can schedule: 0).  LQ has 132 free entries. SQ has 68 free entries.
 162000: system.cpu.commit: Getting instructions from Rename stage.
 162000: system.cpu.commit: Trying to commit instructions in the ROB.
 162000: system.cpu.commit: [tid:0] ROB has 0 insts & 918 free entries.
 162000: system.cpu: Scheduling next tick!
 163000: system.cpu: 

O3CPU: Ticking main, O3CPU.
 163000: system.cpu.fetch: Running stage.
 163000: system.cpu.fetch: There are no more threads available to fetch from.
 163000: system.cpu.fetch: [tid:0] Fetch is waiting cache response!
 163000: system.cpu.decode: Processing [tid:0]
 163000: system.cpu.decode: [tid:0] Not blocked, so attempting to run stage.
 163000: system.cpu.decode: [tid:0] Nothing to do, breaking out early.
 163000: system.cpu.rename: Processing [tid:0]
 163000: system.cpu.rename: [tid:0] Free IQ: 559, Free ROB: 918, Free LQ: 132, Free SQ: 68, FreeRM 127(879 870 917 1834 127 8 4585)
 163000: system.cpu.rename: [tid:0] 0 instructions not yet in ROB
 163000: system.cpu.rename: calcFreeLQEntries: free lqEntries: 132, loadsInProgress: 0, loads dispatchedToLQ: 0
 163000: system.cpu.rename: [tid:0] Not blocked, so attempting to run stage.
 163000: system.cpu.rename: [tid:0] Nothing to do, breaking out early.
 163000: system.cpu.iew: Issue: Processing [tid:0]
 163000: system.cpu.iew: [tid:0] Not blocked, so attempting to run dispatch.
 163000: system.cpu.iq: Attempting to schedule ready instructions from the IQ.
 163000: system.cpu.iq: Not able to schedule any instructions.
 163000: system.cpu.iew.lsq: [tid:0] Writing back stores. 4 stores available for Writeback.
 163000: system.cpu.iew: Processing [tid:0]
 163000: system.cpu.iew: [tid:0], Dispatch dispatched 0 instructions.
 163000: system.cpu.iew.lsq.thread0: SQ size: 72, #stores occupied: 4
 163000: system.cpu.iew.lsq.thread0: LQ size: 132, #loads occupied: 0
 163000: system.cpu.iew: IQ has 559 free entries (Can schedule: 0).  LQ has 132 free entries. SQ has 68 free entries.
 163000: system.cpu.commit: Getting instructions from Rename stage.
 163000: system.cpu.commit: Trying to commit instructions in the ROB.
 163000: system.cpu.commit: [tid:0] ROB has 0 insts & 918 free entries.
 163000: system.cpu: Scheduling next tick!
 164000: system.cpu: 

O3CPU: Ticking main, O3CPU.
 164000: system.cpu.fetch: Running stage.
 164000: system.cpu.fetch: There are no more threads available to fetch from.
 164000: system.cpu.fetch: [tid:0] Fetch is waiting cache response!
 164000: system.cpu.decode: Processing [tid:0]
 164000: system.cpu.decode: [tid:0] Not blocked, so attempting to run stage.
 164000: system.cpu.decode: [tid:0] Nothing to do, breaking out early.
 164000: system.cpu.rename: Processing [tid:0]
 164000: system.cpu.rename: [tid:0] Free IQ: 559, Free ROB: 918, Free LQ: 132, Free SQ: 68, FreeRM 127(879 870 917 1834 127 8 4585)
 164000: system.cpu.rename: [tid:0] 0 instructions not yet in ROB
 164000: system.cpu.rename: calcFreeLQEntries: free lqEntries: 132, loadsInProgress: 0, loads dispatchedToLQ: 0
 164000: system.cpu.rename: [tid:0] Not blocked, so attempting to run stage.
 164000: system.cpu.rename: [tid:0] Nothing to do, breaking out early.
 164000: system.cpu.iew: Issue: Processing [tid:0]
 164000: system.cpu.iew: [tid:0] Not blocked, so attempting to run dispatch.
 164000: system.cpu.iq: Attempting to schedule ready instructions from the IQ.
 164000: system.cpu.iq: Not able to schedule any instructions.
 164000: system.cpu.iew.lsq: [tid:0] Writing back stores. 4 stores available for Writeback.
 164000: system.cpu.iew: Processing [tid:0]
 164000: system.cpu.iew: [tid:0], Dispatch dispatched 0 instructions.
 164000: system.cpu.iew.lsq.thread0: SQ size: 72, #stores occupied: 4
 164000: system.cpu.iew.lsq.thread0: LQ size: 132, #loads occupied: 0
 164000: system.cpu.iew: IQ has 559 free entries (Can schedule: 0).  LQ has 132 free entries. SQ has 68 free entries.
 164000: system.cpu.commit: Getting instructions from Rename stage.
 164000: system.cpu.commit: Trying to commit instructions in the ROB.
 164000: system.cpu.commit: [tid:0] ROB has 0 insts & 918 free entries.
 164000: system.cpu: Scheduling next tick!
 165000: system.cpu: 

O3CPU: Ticking main, O3CPU.
 165000: system.cpu.fetch: Running stage.
 165000: system.cpu.fetch: There are no more threads available to fetch from.
 165000: system.cpu.fetch: [tid:0] Fetch is waiting cache response!
 165000: system.cpu.decode: Processing [tid:0]
 165000: system.cpu.decode: [tid:0] Not blocked, so attempting to run stage.
 165000: system.cpu.decode: [tid:0] Nothing to do, breaking out early.
 165000: system.cpu.rename: Processing [tid:0]
 165000: system.cpu.rename: [tid:0] Free IQ: 559, Free ROB: 918, Free LQ: 132, Free SQ: 68, FreeRM 127(879 870 917 1834 127 8 4585)
 165000: system.cpu.rename: [tid:0] 0 instructions not yet in ROB
 165000: system.cpu.rename: calcFreeLQEntries: free lqEntries: 132, loadsInProgress: 0, loads dispatchedToLQ: 0
 165000: system.cpu.rename: [tid:0] Not blocked, so attempting to run stage.
 165000: system.cpu.rename: [tid:0] Nothing to do, breaking out early.
 165000: system.cpu.iew: Issue: Processing [tid:0]
 165000: system.cpu.iew: [tid:0] Not blocked, so attempting to run dispatch.
 165000: system.cpu.iq: Attempting to schedule ready instructions from the IQ.
 165000: system.cpu.iq: Not able to schedule any instructions.
 165000: system.cpu.iew.lsq: [tid:0] Writing back stores. 4 stores available for Writeback.
 165000: system.cpu.iew: Processing [tid:0]
 165000: system.cpu.iew: [tid:0], Dispatch dispatched 0 instructions.
 165000: system.cpu.iew.lsq.thread0: SQ size: 72, #stores occupied: 4
 165000: system.cpu.iew.lsq.thread0: LQ size: 132, #loads occupied: 0
 165000: system.cpu.iew: IQ has 559 free entries (Can schedule: 0).  LQ has 132 free entries. SQ has 68 free entries.
 165000: system.cpu.commit: Getting instructions from Rename stage.
 165000: system.cpu.commit: Trying to commit instructions in the ROB.
 165000: system.cpu.commit: [tid:0] ROB has 0 insts & 918 free entries.
 165000: system.cpu: Scheduling next tick!
 166000: system.cpu: 

O3CPU: Ticking main, O3CPU.
 166000: system.cpu.fetch: Running stage.
 166000: system.cpu.fetch: There are no more threads available to fetch from.
 166000: system.cpu.fetch: [tid:0] Fetch is waiting cache response!
 166000: system.cpu.decode: Processing [tid:0]
 166000: system.cpu.decode: [tid:0] Not blocked, so attempting to run stage.
 166000: system.cpu.decode: [tid:0] Nothing to do, breaking out early.
 166000: system.cpu.rename: Processing [tid:0]
 166000: system.cpu.rename: [tid:0] Free IQ: 559, Free ROB: 918, Free LQ: 132, Free SQ: 68, FreeRM 127(879 870 917 1834 127 8 4585)
 166000: system.cpu.rename: [tid:0] 0 instructions not yet in ROB
 166000: system.cpu.rename: calcFreeLQEntries: free lqEntries: 132, loadsInProgress: 0, loads dispatchedToLQ: 0
 166000: system.cpu.rename: [tid:0] Not blocked, so attempting to run stage.
 166000: system.cpu.rename: [tid:0] Nothing to do, breaking out early.
 166000: system.cpu.iew: Issue: Processing [tid:0]
 166000: system.cpu.iew: [tid:0] Not blocked, so attempting to run dispatch.
 166000: system.cpu.iq: Attempting to schedule ready instructions from the IQ.
 166000: system.cpu.iq: Not able to schedule any instructions.
 166000: system.cpu.iew.lsq: [tid:0] Writing back stores. 4 stores available for Writeback.
 166000: system.cpu.iew: Processing [tid:0]
 166000: system.cpu.iew: [tid:0], Dispatch dispatched 0 instructions.
 166000: system.cpu.iew.lsq.thread0: SQ size: 72, #stores occupied: 4
 166000: system.cpu.iew.lsq.thread0: LQ size: 132, #loads occupied: 0
 166000: system.cpu.iew: IQ has 559 free entries (Can schedule: 0).  LQ has 132 free entries. SQ has 68 free entries.
 166000: system.cpu.commit: Getting instructions from Rename stage.
 166000: system.cpu.commit: Trying to commit instructions in the ROB.
 166000: system.cpu.commit: [tid:0] ROB has 0 insts & 918 free entries.
 166000: system.cpu: Scheduling next tick!
 167000: system.cpu: 

O3CPU: Ticking main, O3CPU.
 167000: system.cpu.fetch: Running stage.
 167000: system.cpu.fetch: There are no more threads available to fetch from.
 167000: system.cpu.fetch: [tid:0] Fetch is waiting cache response!
 167000: system.cpu.decode: Processing [tid:0]
 167000: system.cpu.decode: [tid:0] Not blocked, so attempting to run stage.
 167000: system.cpu.decode: [tid:0] Nothing to do, breaking out early.
 167000: system.cpu.rename: Processing [tid:0]
 167000: system.cpu.rename: [tid:0] Free IQ: 559, Free ROB: 918, Free LQ: 132, Free SQ: 68, FreeRM 127(879 870 917 1834 127 8 4585)
 167000: system.cpu.rename: [tid:0] 0 instructions not yet in ROB
 167000: system.cpu.rename: calcFreeLQEntries: free lqEntries: 132, loadsInProgress: 0, loads dispatchedToLQ: 0
 167000: system.cpu.rename: [tid:0] Not blocked, so attempting to run stage.
 167000: system.cpu.rename: [tid:0] Nothing to do, breaking out early.
 167000: system.cpu.iew: Issue: Processing [tid:0]
 167000: system.cpu.iew: [tid:0] Not blocked, so attempting to run dispatch.
 167000: system.cpu.iq: Attempting to schedule ready instructions from the IQ.
 167000: system.cpu.iq: Not able to schedule any instructions.
 167000: system.cpu.iew.lsq: [tid:0] Writing back stores. 4 stores available for Writeback.
 167000: system.cpu.iew: Processing [tid:0]
 167000: system.cpu.iew: [tid:0], Dispatch dispatched 0 instructions.
 167000: system.cpu.iew.lsq.thread0: SQ size: 72, #stores occupied: 4
 167000: system.cpu.iew.lsq.thread0: LQ size: 132, #loads occupied: 0
 167000: system.cpu.iew: IQ has 559 free entries (Can schedule: 0).  LQ has 132 free entries. SQ has 68 free entries.
 167000: system.cpu.commit: Getting instructions from Rename stage.
 167000: system.cpu.commit: Trying to commit instructions in the ROB.
 167000: system.cpu.commit: [tid:0] ROB has 0 insts & 918 free entries.
 167000: system.cpu: Scheduling next tick!
 168000: system.cpu: 

O3CPU: Ticking main, O3CPU.
 168000: system.cpu.fetch: Running stage.
 168000: system.cpu.fetch: There are no more threads available to fetch from.
 168000: system.cpu.fetch: [tid:0] Fetch is waiting cache response!
 168000: system.cpu.decode: Processing [tid:0]
 168000: system.cpu.decode: [tid:0] Not blocked, so attempting to run stage.
 168000: system.cpu.decode: [tid:0] Nothing to do, breaking out early.
 168000: system.cpu.rename: Processing [tid:0]
 168000: system.cpu.rename: [tid:0] Free IQ: 559, Free ROB: 918, Free LQ: 132, Free SQ: 68, FreeRM 127(879 870 917 1834 127 8 4585)
 168000: system.cpu.rename: [tid:0] 0 instructions not yet in ROB
 168000: system.cpu.rename: calcFreeLQEntries: free lqEntries: 132, loadsInProgress: 0, loads dispatchedToLQ: 0
 168000: system.cpu.rename: [tid:0] Not blocked, so attempting to run stage.
 168000: system.cpu.rename: [tid:0] Nothing to do, breaking out early.
 168000: system.cpu.iew: Issue: Processing [tid:0]
 168000: system.cpu.iew: [tid:0] Not blocked, so attempting to run dispatch.
 168000: system.cpu.iq: Attempting to schedule ready instructions from the IQ.
 168000: system.cpu.iq: Not able to schedule any instructions.
 168000: system.cpu.iew.lsq: [tid:0] Writing back stores. 4 stores available for Writeback.
 168000: system.cpu.iew: Processing [tid:0]
 168000: system.cpu.iew: [tid:0], Dispatch dispatched 0 instructions.
 168000: system.cpu.iew.lsq.thread0: SQ size: 72, #stores occupied: 4
 168000: system.cpu.iew.lsq.thread0: LQ size: 132, #loads occupied: 0
 168000: system.cpu.iew: IQ has 559 free entries (Can schedule: 0).  LQ has 132 free entries. SQ has 68 free entries.
 168000: system.cpu.commit: Getting instructions from Rename stage.
 168000: system.cpu.commit: Trying to commit instructions in the ROB.
 168000: system.cpu.commit: [tid:0] ROB has 0 insts & 918 free entries.
 168000: system.cpu: Scheduling next tick!
 169000: system.cpu: 

O3CPU: Ticking main, O3CPU.
 169000: system.cpu.fetch: Running stage.
 169000: system.cpu.fetch: There are no more threads available to fetch from.
 169000: system.cpu.fetch: [tid:0] Fetch is waiting cache response!
 169000: system.cpu.decode: Processing [tid:0]
 169000: system.cpu.decode: [tid:0] Not blocked, so attempting to run stage.
 169000: system.cpu.decode: [tid:0] Nothing to do, breaking out early.
 169000: system.cpu.rename: Processing [tid:0]
 169000: system.cpu.rename: [tid:0] Free IQ: 559, Free ROB: 918, Free LQ: 132, Free SQ: 68, FreeRM 127(879 870 917 1834 127 8 4585)
 169000: system.cpu.rename: [tid:0] 0 instructions not yet in ROB
 169000: system.cpu.rename: calcFreeLQEntries: free lqEntries: 132, loadsInProgress: 0, loads dispatchedToLQ: 0
 169000: system.cpu.rename: [tid:0] Not blocked, so attempting to run stage.
 169000: system.cpu.rename: [tid:0] Nothing to do, breaking out early.
 169000: system.cpu.iew: Issue: Processing [tid:0]
 169000: system.cpu.iew: [tid:0] Not blocked, so attempting to run dispatch.
 169000: system.cpu.iq: Attempting to schedule ready instructions from the IQ.
 169000: system.cpu.iq: Not able to schedule any instructions.
 169000: system.cpu.iew.lsq: [tid:0] Writing back stores. 4 stores available for Writeback.
 169000: system.cpu.iew: Processing [tid:0]
 169000: system.cpu.iew: [tid:0], Dispatch dispatched 0 instructions.
 169000: system.cpu.iew.lsq.thread0: SQ size: 72, #stores occupied: 4
 169000: system.cpu.iew.lsq.thread0: LQ size: 132, #loads occupied: 0
 169000: system.cpu.iew: IQ has 559 free entries (Can schedule: 0).  LQ has 132 free entries. SQ has 68 free entries.
 169000: system.cpu.commit: Getting instructions from Rename stage.
 169000: system.cpu.commit: Trying to commit instructions in the ROB.
 169000: system.cpu.commit: [tid:0] ROB has 0 insts & 918 free entries.
 169000: system.cpu: Scheduling next tick!
 170000: system.cpu: 

O3CPU: Ticking main, O3CPU.
 170000: system.cpu.fetch: Running stage.
 170000: system.cpu.fetch: There are no more threads available to fetch from.
 170000: system.cpu.fetch: [tid:0] Fetch is waiting cache response!
 170000: system.cpu.decode: Processing [tid:0]
 170000: system.cpu.decode: [tid:0] Not blocked, so attempting to run stage.
 170000: system.cpu.decode: [tid:0] Nothing to do, breaking out early.
 170000: system.cpu.rename: Processing [tid:0]
 170000: system.cpu.rename: [tid:0] Free IQ: 559, Free ROB: 918, Free LQ: 132, Free SQ: 68, FreeRM 127(879 870 917 1834 127 8 4585)
 170000: system.cpu.rename: [tid:0] 0 instructions not yet in ROB
 170000: system.cpu.rename: calcFreeLQEntries: free lqEntries: 132, loadsInProgress: 0, loads dispatchedToLQ: 0
 170000: system.cpu.rename: [tid:0] Not blocked, so attempting to run stage.
 170000: system.cpu.rename: [tid:0] Nothing to do, breaking out early.
 170000: system.cpu.iew: Issue: Processing [tid:0]
 170000: system.cpu.iew: [tid:0] Not blocked, so attempting to run dispatch.
 170000: system.cpu.iq: Attempting to schedule ready instructions from the IQ.
 170000: system.cpu.iq: Not able to schedule any instructions.
 170000: system.cpu.iew.lsq: [tid:0] Writing back stores. 4 stores available for Writeback.
 170000: system.cpu.iew: Processing [tid:0]
 170000: system.cpu.iew: [tid:0], Dispatch dispatched 0 instructions.
 170000: system.cpu.iew.lsq.thread0: SQ size: 72, #stores occupied: 4
 170000: system.cpu.iew.lsq.thread0: LQ size: 132, #loads occupied: 0
 170000: system.cpu.iew: IQ has 559 free entries (Can schedule: 0).  LQ has 132 free entries. SQ has 68 free entries.
 170000: system.cpu.commit: Getting instructions from Rename stage.
 170000: system.cpu.commit: Trying to commit instructions in the ROB.
 170000: system.cpu.commit: [tid:0] ROB has 0 insts & 918 free entries.
 170000: system.cpu: Scheduling next tick!
 171000: system.cpu: 

O3CPU: Ticking main, O3CPU.
 171000: system.cpu.fetch: Running stage.
 171000: system.cpu.fetch: There are no more threads available to fetch from.
 171000: system.cpu.fetch: [tid:0] Fetch is waiting cache response!
 171000: system.cpu.decode: Processing [tid:0]
 171000: system.cpu.decode: [tid:0] Not blocked, so attempting to run stage.
 171000: system.cpu.decode: [tid:0] Nothing to do, breaking out early.
 171000: system.cpu.rename: Processing [tid:0]
 171000: system.cpu.rename: [tid:0] Free IQ: 559, Free ROB: 918, Free LQ: 132, Free SQ: 68, FreeRM 127(879 870 917 1834 127 8 4585)
 171000: system.cpu.rename: [tid:0] 0 instructions not yet in ROB
 171000: system.cpu.rename: calcFreeLQEntries: free lqEntries: 132, loadsInProgress: 0, loads dispatchedToLQ: 0
 171000: system.cpu.rename: [tid:0] Not blocked, so attempting to run stage.
 171000: system.cpu.rename: [tid:0] Nothing to do, breaking out early.
 171000: system.cpu.iew: Issue: Processing [tid:0]
 171000: system.cpu.iew: [tid:0] Not blocked, so attempting to run dispatch.
 171000: system.cpu.iq: Attempting to schedule ready instructions from the IQ.
 171000: system.cpu.iq: Not able to schedule any instructions.
 171000: system.cpu.iew.lsq: [tid:0] Writing back stores. 4 stores available for Writeback.
 171000: system.cpu.iew: Processing [tid:0]
 171000: system.cpu.iew: [tid:0], Dispatch dispatched 0 instructions.
 171000: system.cpu.iew.lsq.thread0: SQ size: 72, #stores occupied: 4
 171000: system.cpu.iew.lsq.thread0: LQ size: 132, #loads occupied: 0
 171000: system.cpu.iew: IQ has 559 free entries (Can schedule: 0).  LQ has 132 free entries. SQ has 68 free entries.
 171000: system.cpu.commit: Getting instructions from Rename stage.
 171000: system.cpu.commit: Trying to commit instructions in the ROB.
 171000: system.cpu.commit: [tid:0] ROB has 0 insts & 918 free entries.
 171000: system.cpu: Scheduling next tick!
 172000: system.cpu: 

O3CPU: Ticking main, O3CPU.
 172000: system.cpu.fetch: Running stage.
 172000: system.cpu.fetch: There are no more threads available to fetch from.
 172000: system.cpu.fetch: [tid:0] Fetch is waiting cache response!
 172000: system.cpu.decode: Processing [tid:0]
 172000: system.cpu.decode: [tid:0] Not blocked, so attempting to run stage.
 172000: system.cpu.decode: [tid:0] Nothing to do, breaking out early.
 172000: system.cpu.rename: Processing [tid:0]
 172000: system.cpu.rename: [tid:0] Free IQ: 559, Free ROB: 918, Free LQ: 132, Free SQ: 68, FreeRM 127(879 870 917 1834 127 8 4585)
 172000: system.cpu.rename: [tid:0] 0 instructions not yet in ROB
 172000: system.cpu.rename: calcFreeLQEntries: free lqEntries: 132, loadsInProgress: 0, loads dispatchedToLQ: 0
 172000: system.cpu.rename: [tid:0] Not blocked, so attempting to run stage.
 172000: system.cpu.rename: [tid:0] Nothing to do, breaking out early.
 172000: system.cpu.iew: Issue: Processing [tid:0]
 172000: system.cpu.iew: [tid:0] Not blocked, so attempting to run dispatch.
 172000: system.cpu.iq: Attempting to schedule ready instructions from the IQ.
 172000: system.cpu.iq: Not able to schedule any instructions.
 172000: system.cpu.iew.lsq: [tid:0] Writing back stores. 4 stores available for Writeback.
 172000: system.cpu.iew: Processing [tid:0]
 172000: system.cpu.iew: [tid:0], Dispatch dispatched 0 instructions.
 172000: system.cpu.iew.lsq.thread0: SQ size: 72, #stores occupied: 4
 172000: system.cpu.iew.lsq.thread0: LQ size: 132, #loads occupied: 0
 172000: system.cpu.iew: IQ has 559 free entries (Can schedule: 0).  LQ has 132 free entries. SQ has 68 free entries.
 172000: system.cpu.commit: Getting instructions from Rename stage.
 172000: system.cpu.commit: Trying to commit instructions in the ROB.
 172000: system.cpu.commit: [tid:0] ROB has 0 insts & 918 free entries.
 172000: system.cpu: Scheduling next tick!
 173000: system.cpu: 

O3CPU: Ticking main, O3CPU.
 173000: system.cpu.fetch: Running stage.
 173000: system.cpu.fetch: There are no more threads available to fetch from.
 173000: system.cpu.fetch: [tid:0] Fetch is waiting cache response!
 173000: system.cpu.decode: Processing [tid:0]
 173000: system.cpu.decode: [tid:0] Not blocked, so attempting to run stage.
 173000: system.cpu.decode: [tid:0] Nothing to do, breaking out early.
 173000: system.cpu.rename: Processing [tid:0]
 173000: system.cpu.rename: [tid:0] Free IQ: 559, Free ROB: 918, Free LQ: 132, Free SQ: 68, FreeRM 127(879 870 917 1834 127 8 4585)
 173000: system.cpu.rename: [tid:0] 0 instructions not yet in ROB
 173000: system.cpu.rename: calcFreeLQEntries: free lqEntries: 132, loadsInProgress: 0, loads dispatchedToLQ: 0
 173000: system.cpu.rename: [tid:0] Not blocked, so attempting to run stage.
 173000: system.cpu.rename: [tid:0] Nothing to do, breaking out early.
 173000: system.cpu.iew: Issue: Processing [tid:0]
 173000: system.cpu.iew: [tid:0] Not blocked, so attempting to run dispatch.
 173000: system.cpu.iq: Attempting to schedule ready instructions from the IQ.
 173000: system.cpu.iq: Not able to schedule any instructions.
 173000: system.cpu.iew.lsq: [tid:0] Writing back stores. 4 stores available for Writeback.
 173000: system.cpu.iew: Processing [tid:0]
 173000: system.cpu.iew: [tid:0], Dispatch dispatched 0 instructions.
 173000: system.cpu.iew.lsq.thread0: SQ size: 72, #stores occupied: 4
 173000: system.cpu.iew.lsq.thread0: LQ size: 132, #loads occupied: 0
 173000: system.cpu.iew: IQ has 559 free entries (Can schedule: 0).  LQ has 132 free entries. SQ has 68 free entries.
 173000: system.cpu.commit: Getting instructions from Rename stage.
 173000: system.cpu.commit: Trying to commit instructions in the ROB.
 173000: system.cpu.commit: [tid:0] ROB has 0 insts & 918 free entries.
 173000: system.cpu: Scheduling next tick!
 174000: system.cpu: 

O3CPU: Ticking main, O3CPU.
 174000: system.cpu.fetch: Running stage.
 174000: system.cpu.fetch: There are no more threads available to fetch from.
 174000: system.cpu.fetch: [tid:0] Fetch is waiting cache response!
 174000: system.cpu.decode: Processing [tid:0]
 174000: system.cpu.decode: [tid:0] Not blocked, so attempting to run stage.
 174000: system.cpu.decode: [tid:0] Nothing to do, breaking out early.
 174000: system.cpu.rename: Processing [tid:0]
 174000: system.cpu.rename: [tid:0] Free IQ: 559, Free ROB: 918, Free LQ: 132, Free SQ: 68, FreeRM 127(879 870 917 1834 127 8 4585)
 174000: system.cpu.rename: [tid:0] 0 instructions not yet in ROB
 174000: system.cpu.rename: calcFreeLQEntries: free lqEntries: 132, loadsInProgress: 0, loads dispatchedToLQ: 0
 174000: system.cpu.rename: [tid:0] Not blocked, so attempting to run stage.
 174000: system.cpu.rename: [tid:0] Nothing to do, breaking out early.
 174000: system.cpu.iew: Issue: Processing [tid:0]
 174000: system.cpu.iew: [tid:0] Not blocked, so attempting to run dispatch.
 174000: system.cpu.iq: Attempting to schedule ready instructions from the IQ.
 174000: system.cpu.iq: Not able to schedule any instructions.
 174000: system.cpu.iew.lsq: [tid:0] Writing back stores. 4 stores available for Writeback.
 174000: system.cpu.iew: Processing [tid:0]
 174000: system.cpu.iew: [tid:0], Dispatch dispatched 0 instructions.
 174000: system.cpu.iew.lsq.thread0: SQ size: 72, #stores occupied: 4
 174000: system.cpu.iew.lsq.thread0: LQ size: 132, #loads occupied: 0
 174000: system.cpu.iew: IQ has 559 free entries (Can schedule: 0).  LQ has 132 free entries. SQ has 68 free entries.
 174000: system.cpu.commit: Getting instructions from Rename stage.
 174000: system.cpu.commit: Trying to commit instructions in the ROB.
 174000: system.cpu.commit: [tid:0] ROB has 0 insts & 918 free entries.
 174000: system.cpu: Scheduling next tick!
 175000: system.cpu.icache_port: Fetch unit received timing
 175000: system.cpu.fetch: [tid:0] Waking up from cache miss.
 175000: system.cpu: 

O3CPU: Ticking main, O3CPU.
 175000: system.cpu.fetch: Running stage.
 175000: system.cpu.fetch: There are no more threads available to fetch from.
 175000: system.cpu.fetch: [tid:0] Fetch is waiting cache response!
 175000: system.cpu.decode: Processing [tid:0]
 175000: system.cpu.decode: [tid:0] Not blocked, so attempting to run stage.
 175000: system.cpu.decode: [tid:0] Nothing to do, breaking out early.
 175000: system.cpu.rename: Processing [tid:0]
 175000: system.cpu.rename: [tid:0] Free IQ: 559, Free ROB: 918, Free LQ: 132, Free SQ: 68, FreeRM 127(879 870 917 1834 127 8 4585)
 175000: system.cpu.rename: [tid:0] 0 instructions not yet in ROB
 175000: system.cpu.rename: calcFreeLQEntries: free lqEntries: 132, loadsInProgress: 0, loads dispatchedToLQ: 0
 175000: system.cpu.rename: [tid:0] Not blocked, so attempting to run stage.
 175000: system.cpu.rename: [tid:0] Nothing to do, breaking out early.
 175000: system.cpu.iew: Issue: Processing [tid:0]
 175000: system.cpu.iew: [tid:0] Not blocked, so attempting to run dispatch.
 175000: system.cpu.iq: Attempting to schedule ready instructions from the IQ.
 175000: system.cpu.iq: Not able to schedule any instructions.
 175000: system.cpu.iew.lsq: [tid:0] Writing back stores. 4 stores available for Writeback.
 175000: system.cpu.iew: Processing [tid:0]
 175000: system.cpu.iew: [tid:0], Dispatch dispatched 0 instructions.
 175000: system.cpu.iew.lsq.thread0: SQ size: 72, #stores occupied: 4
 175000: system.cpu.iew.lsq.thread0: LQ size: 132, #loads occupied: 0
 175000: system.cpu.iew: IQ has 559 free entries (Can schedule: 0).  LQ has 132 free entries. SQ has 68 free entries.
 175000: system.cpu.commit: Getting instructions from Rename stage.
 175000: system.cpu.commit: Trying to commit instructions in the ROB.
 175000: system.cpu.commit: [tid:0] ROB has 0 insts & 918 free entries.
 175000: system.cpu: Scheduling next tick!
 175001: system.cpu.icache_port: Fetch unit received timing
 175001: system.cpu.fetch: [tid:0] Waking up from cache miss.
 175001: system.cpu: CPU already running.
 175001: system.cpu.fetch: [tid:0] Activating fetch due to cache completion
 175001: system.cpu.fetch: Activating stage.
 175001: system.cpu: Activity: 2
 176000: system.cpu: 

O3CPU: Ticking main, O3CPU.
 176000: system.cpu.fetch: Running stage.
 176000: system.cpu.fetch: Attempting to fetch from [tid:0]
 176000: system.cpu.fetch: [tid:0] Icache miss is complete.
 176000: system.cpu.fetch: [tid:0] Adding instructions to queue to decode.
 176000: system.cpu.decoder: Decode: Decoded mov instruction: 
{
	leg = 0,
	rex = 0x48,
	vex/xop = 0,
	op = {
		type = one byte,
		op = 0xc7,
		},
	modRM = 0xc0,
	sib = 0,
	immediate = 0x3c,
	displacement = 0
	dispSize = 0}

 176000: global: DynInst: [sn:29] Instruction created. Instcount for system.cpu = 5
 176000: system.cpu.fetch: [tid:0] Instruction PC (0x40103e=>0x401045).(0=>1) created [sn:29].
 176000: system.cpu.fetch: [tid:0] Instruction is:   MOV_R_I : limm   rax, 0x3c
 176000: system.cpu.fetch: [tid:0] Fetch queue entry created (1/128).
 176000: system.cpu.decoder: Decode: Decoded syscall instruction: 
{
	leg = 0,
	rex = 0,
	vex/xop = 0,
	op = {
		type = two byte,
		op = 0x5,
		},
	modRM = 0,
	sib = 0,
	immediate = 0,
	displacement = 0
	dispSize = 0}

 176000: global: DynInst: [sn:30] Instruction created. Instcount for system.cpu = 6
 176000: system.cpu.fetch: [tid:0] Instruction PC (0x401045=>0x401047).(0=>1) created [sn:30].
 176000: system.cpu.fetch: [tid:0] Instruction is:   syscall   
 176000: system.cpu.fetch: [tid:0] Fetch queue entry created (2/128).
 176000: system.cpu.decoder: Decode: Decoded add instruction: 
{
	leg = 0,
	rex = 0,
	vex/xop = 0,
	op = {
		type = one byte,
		op = 0,
		},
	modRM = 0,
	sib = 0,
	immediate = 0,
	displacement = 0
	dispSize = 0}

 176000: global: DynInst: [sn:31] Instruction created. Instcount for system.cpu = 7
 176000: system.cpu.fetch: [tid:0] Instruction PC (0x401047=>0x401049).(0=>1) created [sn:31].
 176000: system.cpu.fetch: [tid:0] Instruction is:   ADD_M_R : ldst   t1b, DS:[rax]
 176000: system.cpu.fetch: [tid:0] Fetch queue entry created (3/128).
 176000: global: DynInst: [sn:32] Instruction created. Instcount for system.cpu = 8
 176000: system.cpu.fetch: [tid:0] Instruction PC (0x401047=>0x401049).(1=>2) created [sn:32].
 176000: system.cpu.fetch: [tid:0] Instruction is:   ADD_M_R : add   t1b, t1b, al
 176000: system.cpu.fetch: [tid:0] Fetch queue entry created (4/128).
 176000: global: DynInst: [sn:33] Instruction created. Instcount for system.cpu = 9
 176000: system.cpu.fetch: [tid:0] Instruction PC (0x401047=>0x401049).(2=>3) created [sn:33].
 176000: system.cpu.fetch: [tid:0] Instruction is:   ADD_M_R : st   t1b, DS:[rax]
 176000: system.cpu.fetch: [tid:0] Fetch queue entry created (5/128).
 176000: system.cpu.decoder: Decode: Decoded add instruction: 
{
	leg = 0,
	rex = 0,
	vex/xop = 0,
	op = {
		type = one byte,
		op = 0,
		},
	modRM = 0,
	sib = 0,
	immediate = 0,
	displacement = 0
	dispSize = 0}

 176000: global: DynInst: [sn:34] Instruction created. Instcount for system.cpu = 10
 176000: system.cpu.fetch: [tid:0] Instruction PC (0x401049=>0x40104b).(0=>1) created [sn:34].
 176000: system.cpu.fetch: [tid:0] Instruction is:   ADD_M_R : ldst   t1b, DS:[rax]
 176000: system.cpu.fetch: [tid:0] Fetch queue entry created (6/128).
 176000: global: DynInst: [sn:35] Instruction created. Instcount for system.cpu = 11
 176000: system.cpu.fetch: [tid:0] Instruction PC (0x401049=>0x40104b).(1=>2) created [sn:35].
 176000: system.cpu.fetch: [tid:0] Instruction is:   ADD_M_R : add   t1b, t1b, al
 176000: system.cpu.fetch: [tid:0] Fetch queue entry created (7/128).
 176000: global: DynInst: [sn:36] Instruction created. Instcount for system.cpu = 12
 176000: system.cpu.fetch: [tid:0] Instruction PC (0x401049=>0x40104b).(2=>3) created [sn:36].
 176000: system.cpu.fetch: [tid:0] Instruction is:   ADD_M_R : st   t1b, DS:[rax]
 176000: system.cpu.fetch: [tid:0] Fetch queue entry created (8/128).
 176000: system.cpu.decoder: Decode: Decoded add instruction: 
{
	leg = 0,
	rex = 0,
	vex/xop = 0,
	op = {
		type = one byte,
		op = 0,
		},
	modRM = 0,
	sib = 0,
	immediate = 0,
	displacement = 0
	dispSize = 0}

 176000: global: DynInst: [sn:37] Instruction created. Instcount for system.cpu = 13
 176000: system.cpu.fetch: [tid:0] Instruction PC (0x40104b=>0x40104d).(0=>1) created [sn:37].
 176000: system.cpu.fetch: [tid:0] Instruction is:   ADD_M_R : ldst   t1b, DS:[rax]
 176000: system.cpu.fetch: [tid:0] Fetch queue entry created (9/128).
 176000: global: DynInst: [sn:38] Instruction created. Instcount for system.cpu = 14
 176000: system.cpu.fetch: [tid:0] Instruction PC (0x40104b=>0x40104d).(1=>2) created [sn:38].
 176000: system.cpu.fetch: [tid:0] Instruction is:   ADD_M_R : add   t1b, t1b, al
 176000: system.cpu.fetch: [tid:0] Fetch queue entry created (10/128).
 176000: system.cpu.fetch: [tid:0] Done fetching, reached fetch bandwidth for this cycle.
 176000: system.cpu.fetch: [tid:0] [sn:29] Sending instruction to decode from fetch queue. Fetch queue size: 10.
 176000: system.cpu.fetch: [tid:0] [sn:30] Sending instruction to decode from fetch queue. Fetch queue size: 9.
 176000: system.cpu.fetch: [tid:0] [sn:31] Sending instruction to decode from fetch queue. Fetch queue size: 8.
 176000: system.cpu.fetch: [tid:0] [sn:32] Sending instruction to decode from fetch queue. Fetch queue size: 7.
 176000: system.cpu.fetch: [tid:0] [sn:33] Sending instruction to decode from fetch queue. Fetch queue size: 6.
 176000: system.cpu.fetch: [tid:0] [sn:34] Sending instruction to decode from fetch queue. Fetch queue size: 5.
 176000: system.cpu.fetch: [tid:0] [sn:35] Sending instruction to decode from fetch queue. Fetch queue size: 4.
 176000: system.cpu.fetch: [tid:0] [sn:36] Sending instruction to decode from fetch queue. Fetch queue size: 3.
 176000: system.cpu.fetch: [tid:0] [sn:37] Sending instruction to decode from fetch queue. Fetch queue size: 2.
 176000: system.cpu.fetch: [tid:0] [sn:38] Sending instruction to decode from fetch queue. Fetch queue size: 1.
 176000: system.cpu.fetch: Activity this cycle.
 176000: system.cpu: Activity: 3
 176000: system.cpu.decode: Processing [tid:0]
 176000: system.cpu.decode: [tid:0] Not blocked, so attempting to run stage.
 176000: system.cpu.decode: [tid:0] Nothing to do, breaking out early.
 176000: system.cpu.rename: Processing [tid:0]
 176000: system.cpu.rename: [tid:0] Free IQ: 559, Free ROB: 918, Free LQ: 132, Free SQ: 68, FreeRM 127(879 870 917 1834 127 8 4585)
 176000: system.cpu.rename: [tid:0] 0 instructions not yet in ROB
 176000: system.cpu.rename: calcFreeLQEntries: free lqEntries: 132, loadsInProgress: 0, loads dispatchedToLQ: 0
 176000: system.cpu.rename: [tid:0] Not blocked, so attempting to run stage.
 176000: system.cpu.rename: [tid:0] Nothing to do, breaking out early.
 176000: system.cpu.iew: Issue: Processing [tid:0]
 176000: system.cpu.iew: [tid:0] Not blocked, so attempting to run dispatch.
 176000: system.cpu.iq: Attempting to schedule ready instructions from the IQ.
 176000: system.cpu.iq: Not able to schedule any instructions.
 176000: system.cpu.iew.lsq: [tid:0] Writing back stores. 4 stores available for Writeback.
 176000: system.cpu.iew: Processing [tid:0]
 176000: system.cpu.iew: [tid:0], Dispatch dispatched 0 instructions.
 176000: system.cpu.iew.lsq.thread0: SQ size: 72, #stores occupied: 4
 176000: system.cpu.iew.lsq.thread0: LQ size: 132, #loads occupied: 0
 176000: system.cpu.iew: IQ has 559 free entries (Can schedule: 0).  LQ has 132 free entries. SQ has 68 free entries.
 176000: system.cpu.commit: Getting instructions from Rename stage.
 176000: system.cpu.commit: Trying to commit instructions in the ROB.
 176000: system.cpu.commit: [tid:0] ROB has 0 insts & 918 free entries.
 176000: system.cpu: Scheduling next tick!
 177000: system.cpu: 

O3CPU: Ticking main, O3CPU.
 177000: system.cpu.fetch: Running stage.
 177000: system.cpu.fetch: Attempting to fetch from [tid:0]
 177000: system.cpu.fetch: [tid:0] Adding instructions to queue to decode.
 177000: global: DynInst: [sn:39] Instruction created. Instcount for system.cpu = 15
 177000: system.cpu.fetch: [tid:0] Instruction PC (0x40104b=>0x40104d).(2=>3) created [sn:39].
 177000: system.cpu.fetch: [tid:0] Instruction is:   ADD_M_R : st   t1b, DS:[rax]
 177000: system.cpu.fetch: [tid:0] Fetch queue entry created (1/128).
 177000: system.cpu.decoder: Decode: Decoded add instruction: 
{
	leg = 0,
	rex = 0,
	vex/xop = 0,
	op = {
		type = one byte,
		op = 0,
		},
	modRM = 0,
	sib = 0,
	immediate = 0,
	displacement = 0
	dispSize = 0}

 177000: global: DynInst: [sn:40] Instruction created. Instcount for system.cpu = 16
 177000: system.cpu.fetch: [tid:0] Instruction PC (0x40104d=>0x40104f).(0=>1) created [sn:40].
 177000: system.cpu.fetch: [tid:0] Instruction is:   ADD_M_R : ldst   t1b, DS:[rax]
 177000: system.cpu.fetch: [tid:0] Fetch queue entry created (2/128).
 177000: global: DynInst: [sn:41] Instruction created. Instcount for system.cpu = 17
 177000: system.cpu.fetch: [tid:0] Instruction PC (0x40104d=>0x40104f).(1=>2) created [sn:41].
 177000: system.cpu.fetch: [tid:0] Instruction is:   ADD_M_R : add   t1b, t1b, al
 177000: system.cpu.fetch: [tid:0] Fetch queue entry created (3/128).
 177000: global: DynInst: [sn:42] Instruction created. Instcount for system.cpu = 18
 177000: system.cpu.fetch: [tid:0] Instruction PC (0x40104d=>0x40104f).(2=>3) created [sn:42].
 177000: system.cpu.fetch: [tid:0] Instruction is:   ADD_M_R : st   t1b, DS:[rax]
 177000: system.cpu.fetch: [tid:0] Fetch queue entry created (4/128).
 177000: system.cpu.decoder: Decode: Decoded add instruction: 
{
	leg = 0,
	rex = 0,
	vex/xop = 0,
	op = {
		type = one byte,
		op = 0,
		},
	modRM = 0,
	sib = 0,
	immediate = 0,
	displacement = 0
	dispSize = 0}

 177000: global: DynInst: [sn:43] Instruction created. Instcount for system.cpu = 19
 177000: system.cpu.fetch: [tid:0] Instruction PC (0x40104f=>0x401051).(0=>1) created [sn:43].
 177000: system.cpu.fetch: [tid:0] Instruction is:   ADD_M_R : ldst   t1b, DS:[rax]
 177000: system.cpu.fetch: [tid:0] Fetch queue entry created (5/128).
 177000: global: DynInst: [sn:44] Instruction created. Instcount for system.cpu = 20
 177000: system.cpu.fetch: [tid:0] Instruction PC (0x40104f=>0x401051).(1=>2) created [sn:44].
 177000: system.cpu.fetch: [tid:0] Instruction is:   ADD_M_R : add   t1b, t1b, al
 177000: system.cpu.fetch: [tid:0] Fetch queue entry created (6/128).
 177000: global: DynInst: [sn:45] Instruction created. Instcount for system.cpu = 21
 177000: system.cpu.fetch: [tid:0] Instruction PC (0x40104f=>0x401051).(2=>3) created [sn:45].
 177000: system.cpu.fetch: [tid:0] Instruction is:   ADD_M_R : st   t1b, DS:[rax]
 177000: system.cpu.fetch: [tid:0] Fetch queue entry created (7/128).
 177000: system.cpu.decoder: Decode: Decoded add instruction: 
{
	leg = 0,
	rex = 0,
	vex/xop = 0,
	op = {
		type = one byte,
		op = 0,
		},
	modRM = 0,
	sib = 0,
	immediate = 0,
	displacement = 0
	dispSize = 0}

 177000: global: DynInst: [sn:46] Instruction created. Instcount for system.cpu = 22
 177000: system.cpu.fetch: [tid:0] Instruction PC (0x401051=>0x401053).(0=>1) created [sn:46].
 177000: system.cpu.fetch: [tid:0] Instruction is:   ADD_M_R : ldst   t1b, DS:[rax]
 177000: system.cpu.fetch: [tid:0] Fetch queue entry created (8/128).
 177000: global: DynInst: [sn:47] Instruction created. Instcount for system.cpu = 23
 177000: system.cpu.fetch: [tid:0] Instruction PC (0x401051=>0x401053).(1=>2) created [sn:47].
 177000: system.cpu.fetch: [tid:0] Instruction is:   ADD_M_R : add   t1b, t1b, al
 177000: system.cpu.fetch: [tid:0] Fetch queue entry created (9/128).
 177000: global: DynInst: [sn:48] Instruction created. Instcount for system.cpu = 24
 177000: system.cpu.fetch: [tid:0] Instruction PC (0x401051=>0x401053).(2=>3) created [sn:48].
 177000: system.cpu.fetch: [tid:0] Instruction is:   ADD_M_R : st   t1b, DS:[rax]
 177000: system.cpu.fetch: [tid:0] Fetch queue entry created (10/128).
 177000: system.cpu.fetch: [tid:0] Done fetching, reached fetch bandwidth for this cycle.
 177000: system.cpu.fetch: [tid:0] [sn:39] Sending instruction to decode from fetch queue. Fetch queue size: 10.
 177000: system.cpu.fetch: [tid:0] [sn:40] Sending instruction to decode from fetch queue. Fetch queue size: 9.
 177000: system.cpu.fetch: [tid:0] [sn:41] Sending instruction to decode from fetch queue. Fetch queue size: 8.
 177000: system.cpu.fetch: [tid:0] [sn:42] Sending instruction to decode from fetch queue. Fetch queue size: 7.
 177000: system.cpu.fetch: [tid:0] [sn:43] Sending instruction to decode from fetch queue. Fetch queue size: 6.
 177000: system.cpu.fetch: [tid:0] [sn:44] Sending instruction to decode from fetch queue. Fetch queue size: 5.
 177000: system.cpu.fetch: [tid:0] [sn:45] Sending instruction to decode from fetch queue. Fetch queue size: 4.
 177000: system.cpu.fetch: [tid:0] [sn:46] Sending instruction to decode from fetch queue. Fetch queue size: 3.
 177000: system.cpu.fetch: [tid:0] [sn:47] Sending instruction to decode from fetch queue. Fetch queue size: 2.
 177000: system.cpu.fetch: [tid:0] [sn:48] Sending instruction to decode from fetch queue. Fetch queue size: 1.
 177000: system.cpu.fetch: Activity this cycle.
 177000: system.cpu: Activity: 4
 177000: system.cpu.decode: Processing [tid:0]
 177000: system.cpu.decode: [tid:0] Not blocked, so attempting to run stage.
 177000: system.cpu.decode: [tid:0] Sending instruction to rename.
 177000: system.cpu.decode: [tid:0] Processing instruction [sn:29] with PC (0x40103e=>0x401045).(0=>1)
 177000: system.cpu.decode: [tid:0] Processing instruction [sn:30] with PC (0x401045=>0x401047).(0=>1)
 177000: system.cpu.decode: [tid:0] Processing instruction [sn:31] with PC (0x401047=>0x401049).(0=>1)
 177000: system.cpu.decode: [tid:0] Processing instruction [sn:32] with PC (0x401047=>0x401049).(1=>2)
 177000: system.cpu.decode: [tid:0] Processing instruction [sn:33] with PC (0x401047=>0x401049).(2=>3)
 177000: system.cpu.decode: [tid:0] Processing instruction [sn:34] with PC (0x401049=>0x40104b).(0=>1)
 177000: system.cpu.decode: [tid:0] Processing instruction [sn:35] with PC (0x401049=>0x40104b).(1=>2)
 177000: system.cpu.decode: [tid:0] Processing instruction [sn:36] with PC (0x401049=>0x40104b).(2=>3)
 177000: system.cpu.decode: [tid:0] Processing instruction [sn:37] with PC (0x40104b=>0x40104d).(0=>1)
 177000: system.cpu.decode: [tid:0] Processing instruction [sn:38] with PC (0x40104b=>0x40104d).(1=>2)
 177000: system.cpu.decode: Activity this cycle.
 177000: system.cpu.rename: Processing [tid:0]
 177000: system.cpu.rename: [tid:0] Free IQ: 559, Free ROB: 918, Free LQ: 132, Free SQ: 68, FreeRM 127(879 870 917 1834 127 8 4585)
 177000: system.cpu.rename: [tid:0] 0 instructions not yet in ROB
 177000: system.cpu.rename: calcFreeLQEntries: free lqEntries: 132, loadsInProgress: 0, loads dispatchedToLQ: 0
 177000: system.cpu.rename: [tid:0] Not blocked, so attempting to run stage.
 177000: system.cpu.rename: [tid:0] Nothing to do, breaking out early.
 177000: system.cpu.iew: Issue: Processing [tid:0]
 177000: system.cpu.iew: [tid:0] Not blocked, so attempting to run dispatch.
 177000: system.cpu.iq: Attempting to schedule ready instructions from the IQ.
 177000: system.cpu.iq: Not able to schedule any instructions.
 177000: system.cpu.iew.lsq: [tid:0] Writing back stores. 4 stores available for Writeback.
 177000: system.cpu.iew: Processing [tid:0]
 177000: system.cpu.iew: [tid:0], Dispatch dispatched 0 instructions.
 177000: system.cpu.iew.lsq.thread0: SQ size: 72, #stores occupied: 4
 177000: system.cpu.iew.lsq.thread0: LQ size: 132, #loads occupied: 0
 177000: system.cpu.iew: IQ has 559 free entries (Can schedule: 0).  LQ has 132 free entries. SQ has 68 free entries.
 177000: system.cpu.commit: Getting instructions from Rename stage.
 177000: system.cpu.commit: Trying to commit instructions in the ROB.
 177000: system.cpu.commit: [tid:0] ROB has 0 insts & 918 free entries.
 177000: system.cpu: Scheduling next tick!
 178000: system.cpu: 

O3CPU: Ticking main, O3CPU.
 178000: system.cpu.fetch: Running stage.
 178000: system.cpu.fetch: Attempting to fetch from [tid:0]
 178000: system.cpu.fetch: [tid:0] Adding instructions to queue to decode.
 178000: system.cpu.decoder: Decode: Decoded add instruction: 
{
	leg = 0,
	rex = 0,
	vex/xop = 0,
	op = {
		type = one byte,
		op = 0,
		},
	modRM = 0,
	sib = 0,
	immediate = 0,
	displacement = 0
	dispSize = 0}

 178000: global: DynInst: [sn:49] Instruction created. Instcount for system.cpu = 25
 178000: system.cpu.fetch: [tid:0] Instruction PC (0x401053=>0x401055).(0=>1) created [sn:49].
 178000: system.cpu.fetch: [tid:0] Instruction is:   ADD_M_R : ldst   t1b, DS:[rax]
 178000: system.cpu.fetch: [tid:0] Fetch queue entry created (1/128).
 178000: global: DynInst: [sn:50] Instruction created. Instcount for system.cpu = 26
 178000: system.cpu.fetch: [tid:0] Instruction PC (0x401053=>0x401055).(1=>2) created [sn:50].
 178000: system.cpu.fetch: [tid:0] Instruction is:   ADD_M_R : add   t1b, t1b, al
 178000: system.cpu.fetch: [tid:0] Fetch queue entry created (2/128).
 178000: global: DynInst: [sn:51] Instruction created. Instcount for system.cpu = 27
 178000: system.cpu.fetch: [tid:0] Instruction PC (0x401053=>0x401055).(2=>3) created [sn:51].
 178000: system.cpu.fetch: [tid:0] Instruction is:   ADD_M_R : st   t1b, DS:[rax]
 178000: system.cpu.fetch: [tid:0] Fetch queue entry created (3/128).
 178000: system.cpu.decoder: Decode: Decoded add instruction: 
{
	leg = 0,
	rex = 0,
	vex/xop = 0,
	op = {
		type = one byte,
		op = 0,
		},
	modRM = 0,
	sib = 0,
	immediate = 0,
	displacement = 0
	dispSize = 0}

 178000: global: DynInst: [sn:52] Instruction created. Instcount for system.cpu = 28
 178000: system.cpu.fetch: [tid:0] Instruction PC (0x401055=>0x401057).(0=>1) created [sn:52].
 178000: system.cpu.fetch: [tid:0] Instruction is:   ADD_M_R : ldst   t1b, DS:[rax]
 178000: system.cpu.fetch: [tid:0] Fetch queue entry created (4/128).
 178000: global: DynInst: [sn:53] Instruction created. Instcount for system.cpu = 29
 178000: system.cpu.fetch: [tid:0] Instruction PC (0x401055=>0x401057).(1=>2) created [sn:53].
 178000: system.cpu.fetch: [tid:0] Instruction is:   ADD_M_R : add   t1b, t1b, al
 178000: system.cpu.fetch: [tid:0] Fetch queue entry created (5/128).
 178000: global: DynInst: [sn:54] Instruction created. Instcount for system.cpu = 30
 178000: system.cpu.fetch: [tid:0] Instruction PC (0x401055=>0x401057).(2=>3) created [sn:54].
 178000: system.cpu.fetch: [tid:0] Instruction is:   ADD_M_R : st   t1b, DS:[rax]
 178000: system.cpu.fetch: [tid:0] Fetch queue entry created (6/128).
 178000: system.cpu.decoder: Decode: Decoded add instruction: 
{
	leg = 0,
	rex = 0,
	vex/xop = 0,
	op = {
		type = one byte,
		op = 0,
		},
	modRM = 0,
	sib = 0,
	immediate = 0,
	displacement = 0
	dispSize = 0}

 178000: global: DynInst: [sn:55] Instruction created. Instcount for system.cpu = 31
 178000: system.cpu.fetch: [tid:0] Instruction PC (0x401057=>0x401059).(0=>1) created [sn:55].
 178000: system.cpu.fetch: [tid:0] Instruction is:   ADD_M_R : ldst   t1b, DS:[rax]
 178000: system.cpu.fetch: [tid:0] Fetch queue entry created (7/128).
 178000: global: DynInst: [sn:56] Instruction created. Instcount for system.cpu = 32
 178000: system.cpu.fetch: [tid:0] Instruction PC (0x401057=>0x401059).(1=>2) created [sn:56].
 178000: system.cpu.fetch: [tid:0] Instruction is:   ADD_M_R : add   t1b, t1b, al
 178000: system.cpu.fetch: [tid:0] Fetch queue entry created (8/128).
 178000: global: DynInst: [sn:57] Instruction created. Instcount for system.cpu = 33
 178000: system.cpu.fetch: [tid:0] Instruction PC (0x401057=>0x401059).(2=>3) created [sn:57].
 178000: system.cpu.fetch: [tid:0] Instruction is:   ADD_M_R : st   t1b, DS:[rax]
 178000: system.cpu.fetch: [tid:0] Fetch queue entry created (9/128).
 178000: system.cpu.decoder: Decode: Decoded add instruction: 
{
	leg = 0,
	rex = 0,
	vex/xop = 0,
	op = {
		type = one byte,
		op = 0,
		},
	modRM = 0,
	sib = 0,
	immediate = 0,
	displacement = 0
	dispSize = 0}

 178000: global: DynInst: [sn:58] Instruction created. Instcount for system.cpu = 34
 178000: system.cpu.fetch: [tid:0] Instruction PC (0x401059=>0x40105b).(0=>1) created [sn:58].
 178000: system.cpu.fetch: [tid:0] Instruction is:   ADD_M_R : ldst   t1b, DS:[rax]
 178000: system.cpu.fetch: [tid:0] Fetch queue entry created (10/128).
 178000: system.cpu.fetch: [tid:0] Done fetching, reached fetch bandwidth for this cycle.
 178000: system.cpu.fetch: [tid:0] [sn:49] Sending instruction to decode from fetch queue. Fetch queue size: 10.
 178000: system.cpu.fetch: [tid:0] [sn:50] Sending instruction to decode from fetch queue. Fetch queue size: 9.
 178000: system.cpu.fetch: [tid:0] [sn:51] Sending instruction to decode from fetch queue. Fetch queue size: 8.
 178000: system.cpu.fetch: [tid:0] [sn:52] Sending instruction to decode from fetch queue. Fetch queue size: 7.
 178000: system.cpu.fetch: [tid:0] [sn:53] Sending instruction to decode from fetch queue. Fetch queue size: 6.
 178000: system.cpu.fetch: [tid:0] [sn:54] Sending instruction to decode from fetch queue. Fetch queue size: 5.
 178000: system.cpu.fetch: [tid:0] [sn:55] Sending instruction to decode from fetch queue. Fetch queue size: 4.
 178000: system.cpu.fetch: [tid:0] [sn:56] Sending instruction to decode from fetch queue. Fetch queue size: 3.
 178000: system.cpu.fetch: [tid:0] [sn:57] Sending instruction to decode from fetch queue. Fetch queue size: 2.
 178000: system.cpu.fetch: [tid:0] [sn:58] Sending instruction to decode from fetch queue. Fetch queue size: 1.
 178000: system.cpu.fetch: Activity this cycle.
 178000: system.cpu: Activity: 5
 178000: system.cpu.decode: Processing [tid:0]
 178000: system.cpu.decode: [tid:0] Not blocked, so attempting to run stage.
 178000: system.cpu.decode: [tid:0] Sending instruction to rename.
 178000: system.cpu.decode: [tid:0] Processing instruction [sn:39] with PC (0x40104b=>0x40104d).(2=>3)
 178000: system.cpu.decode: [tid:0] Processing instruction [sn:40] with PC (0x40104d=>0x40104f).(0=>1)
 178000: system.cpu.decode: [tid:0] Processing instruction [sn:41] with PC (0x40104d=>0x40104f).(1=>2)
 178000: system.cpu.decode: [tid:0] Processing instruction [sn:42] with PC (0x40104d=>0x40104f).(2=>3)
 178000: system.cpu.decode: [tid:0] Processing instruction [sn:43] with PC (0x40104f=>0x401051).(0=>1)
 178000: system.cpu.decode: [tid:0] Processing instruction [sn:44] with PC (0x40104f=>0x401051).(1=>2)
 178000: system.cpu.decode: [tid:0] Processing instruction [sn:45] with PC (0x40104f=>0x401051).(2=>3)
 178000: system.cpu.decode: [tid:0] Processing instruction [sn:46] with PC (0x401051=>0x401053).(0=>1)
 178000: system.cpu.decode: [tid:0] Processing instruction [sn:47] with PC (0x401051=>0x401053).(1=>2)
 178000: system.cpu.decode: [tid:0] Processing instruction [sn:48] with PC (0x401051=>0x401053).(2=>3)
 178000: system.cpu.decode: Activity this cycle.
 178000: system.cpu.rename: Processing [tid:0]
 178000: system.cpu.rename: [tid:0] Free IQ: 559, Free ROB: 918, Free LQ: 132, Free SQ: 68, FreeRM 127(879 870 917 1834 127 8 4585)
 178000: system.cpu.rename: [tid:0] 0 instructions not yet in ROB
 178000: system.cpu.rename: calcFreeLQEntries: free lqEntries: 132, loadsInProgress: 0, loads dispatchedToLQ: 0
 178000: system.cpu.rename: [tid:0] Not blocked, so attempting to run stage.
 178000: system.cpu.rename: [tid:0] 10 available instructions to send iew.
 178000: system.cpu.rename: [tid:0] 0 insts pipelining from Rename | 0 insts dispatched to IQ last cycle.
 178000: system.cpu.rename: [tid:0] Sending instructions to IEW.
 178000: system.cpu.rename: [tid:0] Processing instruction [sn:29] with PC (0x40103e=>0x401045).(0=>1).
 178000: global: Renamed reg rax (0) to physical reg 63 (63) old mapping was 45 (45)
 178000: system.cpu.rename: [tid:0] Renaming arch reg 0 (integer) to physical reg 63 (63).
 178000: system.cpu.rename: [tid:0] Sending instructions to IEW.
 178000: system.cpu.rename: [tid:0] Processing instruction [sn:30] with PC (0x401045=>0x401047).(0=>1).
 178000: system.cpu.rename: [tid:0] Sending instructions to IEW.
 178000: system.cpu.rename: calcFreeLQEntries: free lqEntries: 132, loadsInProgress: 0, loads dispatchedToLQ: 0
 178000: system.cpu.rename: [tid:0] Processing instruction [sn:31] with PC (0x401047=>0x401049).(0=>1).
 178000: system.cpu.rename: [tid:0] Looking up invalid arch reg 0, got phys reg 4294967295 (invalid) (bypassed: no)
 178000: system.cpu.rename: [tid:0] Register 4294967295 (flat: 4294967295) (invalid) is ready.
 178000: global: [sn:31] has 1 ready out of 4 sources. RTI 0)
 178000: system.cpu.rename: [tid:0] Looking up integer arch reg 0, got phys reg 63 (integer) (bypassed: no)
 178000: system.cpu.rename: [tid:0] Register 63 (flat: 63) (integer) is not ready.
 178000: system.cpu.rename: [tid:0] Looking up integer arch reg 17, got phys reg 60 (integer) (bypassed: no)
 178000: system.cpu.rename: [tid:0] Register 60 (flat: 60) (integer) is ready.
 178000: global: [sn:31] has 2 ready out of 4 sources. RTI 0)
 178000: system.cpu.rename: [tid:0] Looking up miscellaneous arch reg 155, got phys reg 155 (miscellaneous) (bypassed: no)
 178000: system.cpu.rename: [tid:0] Register 155 (flat: 0) (miscellaneous) is ready.
 178000: global: [sn:31] has 3 ready out of 4 sources. RTI 0)
 178000: global: Renamed reg t1 (17) to physical reg 64 (64) old mapping was 60 (60)
 178000: system.cpu.rename: [tid:0] Querying SMB Predictor for load [sn:31] with PC (0x401047=>0x401049).(0=>1).
 178000: system.cpu.rename: [tid:0] Renaming arch reg 17 (integer) to physical reg 64 (64).
 178000: system.cpu.rename: [tid:0] Sending instructions to IEW.
 178000: system.cpu.rename: [tid:0] Processing instruction [sn:32] with PC (0x401047=>0x401049).(1=>2).
 178000: system.cpu.rename: [tid:0] Looking up integer arch reg 17, got phys reg 64 (integer) (bypassed: no)
 178000: system.cpu.rename: [tid:0] Register 64 (flat: 64) (integer) is not ready.
 178000: system.cpu.rename: [tid:0] Looking up integer arch reg 0, got phys reg 63 (integer) (bypassed: no)
 178000: system.cpu.rename: [tid:0] Register 63 (flat: 63) (integer) is not ready.
 178000: system.cpu.rename: [tid:0] Looking up integer arch reg 17, got phys reg 64 (integer) (bypassed: no)
 178000: system.cpu.rename: [tid:0] Register 64 (flat: 64) (integer) is not ready.
 178000: system.cpu.rename: [tid:0] Looking up invalid arch reg 0, got phys reg 4294967295 (invalid) (bypassed: no)
 178000: system.cpu.rename: [tid:0] Register 4294967295 (flat: 4294967295) (invalid) is ready.
 178000: global: [sn:32] has 1 ready out of 8 sources. RTI 0)
 178000: system.cpu.rename: [tid:0] Looking up invalid arch reg 0, got phys reg 4294967295 (invalid) (bypassed: no)
 178000: system.cpu.rename: [tid:0] Register 4294967295 (flat: 4294967295) (invalid) is ready.
 178000: global: [sn:32] has 2 ready out of 8 sources. RTI 0)
 178000: system.cpu.rename: [tid:0] Looking up invalid arch reg 0, got phys reg 4294967295 (invalid) (bypassed: no)
 178000: system.cpu.rename: [tid:0] Register 4294967295 (flat: 4294967295) (invalid) is ready.
 178000: global: [sn:32] has 3 ready out of 8 sources. RTI 0)
 178000: system.cpu.rename: [tid:0] Looking up invalid arch reg 0, got phys reg 4294967295 (invalid) (bypassed: no)
 178000: system.cpu.rename: [tid:0] Register 4294967295 (flat: 4294967295) (invalid) is ready.
 178000: global: [sn:32] has 4 ready out of 8 sources. RTI 0)
 178000: system.cpu.rename: [tid:0] Looking up invalid arch reg 0, got phys reg 4294967295 (invalid) (bypassed: no)
 178000: system.cpu.rename: [tid:0] Register 4294967295 (flat: 4294967295) (invalid) is ready.
 178000: global: [sn:32] has 5 ready out of 8 sources. RTI 0)
 178000: global: Renamed reg t1 (17) to physical reg 65 (65) old mapping was 64 (64)
 178000: system.cpu.rename: [tid:0] Renaming arch reg 17 (integer) to physical reg 65 (65).
 178000: global: Renamed reg condition_code[0] (0) to physical reg 4749 (4749) old mapping was 4747 (4747)
 178000: system.cpu.rename: [tid:0] Renaming arch reg 0 (condition_code) to physical reg 23 (4749).
 178000: global: Renamed reg condition_code[1] (1) to physical reg 4750 (4750) old mapping was 4748 (4748)
 178000: system.cpu.rename: [tid:0] Renaming arch reg 1 (condition_code) to physical reg 24 (4750).
 178000: system.cpu.rename: [tid:0] Renaming arch reg 0 (invalid) to physical reg 4294967295 (4294967295).
 178000: system.cpu.rename: [tid:0] Renaming arch reg 0 (invalid) to physical reg 4294967295 (4294967295).
 178000: system.cpu.rename: [tid:0] Renaming arch reg 0 (invalid) to physical reg 4294967295 (4294967295).
 178000: system.cpu.rename: [tid:0] Sending instructions to IEW.
 178000: system.cpu.rename: calcFreeSQEntries: free sqEntries: 68, storesInProgress: 0, stores dispatchedToSQ: 0
 178000: system.cpu.rename: [tid:0] Processing instruction [sn:33] with PC (0x401047=>0x401049).(2=>3).
 178000: system.cpu.rename: [tid:0] Looking up invalid arch reg 0, got phys reg 4294967295 (invalid) (bypassed: no)
 178000: system.cpu.rename: [tid:0] Register 4294967295 (flat: 4294967295) (invalid) is ready.
 178000: global: [sn:33] has 1 ready out of 4 sources. RTI 0)
 178000: system.cpu.rename: [tid:0] Looking up integer arch reg 0, got phys reg 63 (integer) (bypassed: no)
 178000: system.cpu.rename: [tid:0] Register 63 (flat: 63) (integer) is not ready.
 178000: system.cpu.rename: [tid:0] Looking up integer arch reg 17, got phys reg 65 (integer) (bypassed: no)
 178000: system.cpu.rename: [tid:0] Register 65 (flat: 65) (integer) is not ready.
 178000: system.cpu.rename: [tid:0] Looking up miscellaneous arch reg 155, got phys reg 155 (miscellaneous) (bypassed: no)
 178000: system.cpu.rename: [tid:0] Register 155 (flat: 0) (miscellaneous) is ready.
 178000: global: [sn:33] has 2 ready out of 4 sources. RTI 0)
 178000: system.cpu.rename: [tid:0] Sending instructions to IEW.
 178000: system.cpu.rename: calcFreeLQEntries: free lqEntries: 132, loadsInProgress: 1, loads dispatchedToLQ: 0
 178000: system.cpu.rename: [tid:0] Processing instruction [sn:34] with PC (0x401049=>0x40104b).(0=>1).
 178000: system.cpu.rename: [tid:0] Looking up invalid arch reg 0, got phys reg 4294967295 (invalid) (bypassed: no)
 178000: system.cpu.rename: [tid:0] Register 4294967295 (flat: 4294967295) (invalid) is ready.
 178000: global: [sn:34] has 1 ready out of 4 sources. RTI 0)
 178000: system.cpu.rename: [tid:0] Looking up integer arch reg 0, got phys reg 63 (integer) (bypassed: no)
 178000: system.cpu.rename: [tid:0] Register 63 (flat: 63) (integer) is not ready.
 178000: system.cpu.rename: [tid:0] Looking up integer arch reg 17, got phys reg 65 (integer) (bypassed: no)
 178000: system.cpu.rename: [tid:0] Register 65 (flat: 65) (integer) is not ready.
 178000: system.cpu.rename: [tid:0] Looking up miscellaneous arch reg 155, got phys reg 155 (miscellaneous) (bypassed: no)
 178000: system.cpu.rename: [tid:0] Register 155 (flat: 0) (miscellaneous) is ready.
 178000: global: [sn:34] has 2 ready out of 4 sources. RTI 0)
 178000: global: Renamed reg t1 (17) to physical reg 66 (66) old mapping was 65 (65)
 178000: system.cpu.rename: [tid:0] Querying SMB Predictor for load [sn:34] with PC (0x401049=>0x40104b).(0=>1).
 178000: system.cpu.rename: [tid:0] Renaming arch reg 17 (integer) to physical reg 66 (66).
 178000: system.cpu.rename: [tid:0] Sending instructions to IEW.
 178000: system.cpu.rename: [tid:0] Processing instruction [sn:35] with PC (0x401049=>0x40104b).(1=>2).
 178000: system.cpu.rename: [tid:0] Looking up integer arch reg 17, got phys reg 66 (integer) (bypassed: no)
 178000: system.cpu.rename: [tid:0] Register 66 (flat: 66) (integer) is not ready.
 178000: system.cpu.rename: [tid:0] Looking up integer arch reg 0, got phys reg 63 (integer) (bypassed: no)
 178000: system.cpu.rename: [tid:0] Register 63 (flat: 63) (integer) is not ready.
 178000: system.cpu.rename: [tid:0] Looking up integer arch reg 17, got phys reg 66 (integer) (bypassed: no)
 178000: system.cpu.rename: [tid:0] Register 66 (flat: 66) (integer) is not ready.
 178000: system.cpu.rename: [tid:0] Looking up invalid arch reg 0, got phys reg 4294967295 (invalid) (bypassed: no)
 178000: system.cpu.rename: [tid:0] Register 4294967295 (flat: 4294967295) (invalid) is ready.
 178000: global: [sn:35] has 1 ready out of 8 sources. RTI 0)
 178000: system.cpu.rename: [tid:0] Looking up invalid arch reg 0, got phys reg 4294967295 (invalid) (bypassed: no)
 178000: system.cpu.rename: [tid:0] Register 4294967295 (flat: 4294967295) (invalid) is ready.
 178000: global: [sn:35] has 2 ready out of 8 sources. RTI 0)
 178000: system.cpu.rename: [tid:0] Looking up invalid arch reg 0, got phys reg 4294967295 (invalid) (bypassed: no)
 178000: system.cpu.rename: [tid:0] Register 4294967295 (flat: 4294967295) (invalid) is ready.
 178000: global: [sn:35] has 3 ready out of 8 sources. RTI 0)
 178000: system.cpu.rename: [tid:0] Looking up invalid arch reg 0, got phys reg 4294967295 (invalid) (bypassed: no)
 178000: system.cpu.rename: [tid:0] Register 4294967295 (flat: 4294967295) (invalid) is ready.
 178000: global: [sn:35] has 4 ready out of 8 sources. RTI 0)
 178000: system.cpu.rename: [tid:0] Looking up invalid arch reg 0, got phys reg 4294967295 (invalid) (bypassed: no)
 178000: system.cpu.rename: [tid:0] Register 4294967295 (flat: 4294967295) (invalid) is ready.
 178000: global: [sn:35] has 5 ready out of 8 sources. RTI 0)
 178000: global: Renamed reg t1 (17) to physical reg 67 (67) old mapping was 66 (66)
 178000: system.cpu.rename: [tid:0] Renaming arch reg 17 (integer) to physical reg 67 (67).
 178000: global: Renamed reg condition_code[0] (0) to physical reg 4751 (4751) old mapping was 4749 (4749)
 178000: system.cpu.rename: [tid:0] Renaming arch reg 0 (condition_code) to physical reg 25 (4751).
 178000: global: Renamed reg condition_code[1] (1) to physical reg 4752 (4752) old mapping was 4750 (4750)
 178000: system.cpu.rename: [tid:0] Renaming arch reg 1 (condition_code) to physical reg 26 (4752).
 178000: system.cpu.rename: [tid:0] Renaming arch reg 0 (invalid) to physical reg 4294967295 (4294967295).
 178000: system.cpu.rename: [tid:0] Renaming arch reg 0 (invalid) to physical reg 4294967295 (4294967295).
 178000: system.cpu.rename: [tid:0] Renaming arch reg 0 (invalid) to physical reg 4294967295 (4294967295).
 178000: system.cpu.rename: [tid:0] Sending instructions to IEW.
 178000: system.cpu.rename: calcFreeSQEntries: free sqEntries: 68, storesInProgress: 1, stores dispatchedToSQ: 0
 178000: system.cpu.rename: [tid:0] Processing instruction [sn:36] with PC (0x401049=>0x40104b).(2=>3).
 178000: system.cpu.rename: [tid:0] Looking up invalid arch reg 0, got phys reg 4294967295 (invalid) (bypassed: no)
 178000: system.cpu.rename: [tid:0] Register 4294967295 (flat: 4294967295) (invalid) is ready.
 178000: global: [sn:36] has 1 ready out of 4 sources. RTI 0)
 178000: system.cpu.rename: [tid:0] Looking up integer arch reg 0, got phys reg 63 (integer) (bypassed: no)
 178000: system.cpu.rename: [tid:0] Register 63 (flat: 63) (integer) is not ready.
 178000: system.cpu.rename: [tid:0] Looking up integer arch reg 17, got phys reg 67 (integer) (bypassed: no)
 178000: system.cpu.rename: [tid:0] Register 67 (flat: 67) (integer) is not ready.
 178000: system.cpu.rename: [tid:0] Looking up miscellaneous arch reg 155, got phys reg 155 (miscellaneous) (bypassed: no)
 178000: system.cpu.rename: [tid:0] Register 155 (flat: 0) (miscellaneous) is ready.
 178000: global: [sn:36] has 2 ready out of 4 sources. RTI 0)
 178000: system.cpu.rename: [tid:0] Sending instructions to IEW.
 178000: system.cpu.rename: calcFreeLQEntries: free lqEntries: 132, loadsInProgress: 2, loads dispatchedToLQ: 0
 178000: system.cpu.rename: [tid:0] Processing instruction [sn:37] with PC (0x40104b=>0x40104d).(0=>1).
 178000: system.cpu.rename: [tid:0] Looking up invalid arch reg 0, got phys reg 4294967295 (invalid) (bypassed: no)
 178000: system.cpu.rename: [tid:0] Register 4294967295 (flat: 4294967295) (invalid) is ready.
 178000: global: [sn:37] has 1 ready out of 4 sources. RTI 0)
 178000: system.cpu.rename: [tid:0] Looking up integer arch reg 0, got phys reg 63 (integer) (bypassed: no)
 178000: system.cpu.rename: [tid:0] Register 63 (flat: 63) (integer) is not ready.
 178000: system.cpu.rename: [tid:0] Looking up integer arch reg 17, got phys reg 67 (integer) (bypassed: no)
 178000: system.cpu.rename: [tid:0] Register 67 (flat: 67) (integer) is not ready.
 178000: system.cpu.rename: [tid:0] Looking up miscellaneous arch reg 155, got phys reg 155 (miscellaneous) (bypassed: no)
 178000: system.cpu.rename: [tid:0] Register 155 (flat: 0) (miscellaneous) is ready.
 178000: global: [sn:37] has 2 ready out of 4 sources. RTI 0)
 178000: global: Renamed reg t1 (17) to physical reg 68 (68) old mapping was 67 (67)
 178000: system.cpu.rename: [tid:0] Querying SMB Predictor for load [sn:37] with PC (0x40104b=>0x40104d).(0=>1).
 178000: system.cpu.rename: [tid:0] Renaming arch reg 17 (integer) to physical reg 68 (68).
 178000: system.cpu.rename: [tid:0] Sending instructions to IEW.
 178000: system.cpu.rename: [tid:0] Processing instruction [sn:38] with PC (0x40104b=>0x40104d).(1=>2).
 178000: system.cpu.rename: [tid:0] Looking up integer arch reg 17, got phys reg 68 (integer) (bypassed: no)
 178000: system.cpu.rename: [tid:0] Register 68 (flat: 68) (integer) is not ready.
 178000: system.cpu.rename: [tid:0] Looking up integer arch reg 0, got phys reg 63 (integer) (bypassed: no)
 178000: system.cpu.rename: [tid:0] Register 63 (flat: 63) (integer) is not ready.
 178000: system.cpu.rename: [tid:0] Looking up integer arch reg 17, got phys reg 68 (integer) (bypassed: no)
 178000: system.cpu.rename: [tid:0] Register 68 (flat: 68) (integer) is not ready.
 178000: system.cpu.rename: [tid:0] Looking up invalid arch reg 0, got phys reg 4294967295 (invalid) (bypassed: no)
 178000: system.cpu.rename: [tid:0] Register 4294967295 (flat: 4294967295) (invalid) is ready.
 178000: global: [sn:38] has 1 ready out of 8 sources. RTI 0)
 178000: system.cpu.rename: [tid:0] Looking up invalid arch reg 0, got phys reg 4294967295 (invalid) (bypassed: no)
 178000: system.cpu.rename: [tid:0] Register 4294967295 (flat: 4294967295) (invalid) is ready.
 178000: global: [sn:38] has 2 ready out of 8 sources. RTI 0)
 178000: system.cpu.rename: [tid:0] Looking up invalid arch reg 0, got phys reg 4294967295 (invalid) (bypassed: no)
 178000: system.cpu.rename: [tid:0] Register 4294967295 (flat: 4294967295) (invalid) is ready.
 178000: global: [sn:38] has 3 ready out of 8 sources. RTI 0)
 178000: system.cpu.rename: [tid:0] Looking up invalid arch reg 0, got phys reg 4294967295 (invalid) (bypassed: no)
 178000: system.cpu.rename: [tid:0] Register 4294967295 (flat: 4294967295) (invalid) is ready.
 178000: global: [sn:38] has 4 ready out of 8 sources. RTI 0)
 178000: system.cpu.rename: [tid:0] Looking up invalid arch reg 0, got phys reg 4294967295 (invalid) (bypassed: no)
 178000: system.cpu.rename: [tid:0] Register 4294967295 (flat: 4294967295) (invalid) is ready.
 178000: global: [sn:38] has 5 ready out of 8 sources. RTI 0)
 178000: global: Renamed reg t1 (17) to physical reg 69 (69) old mapping was 68 (68)
 178000: system.cpu.rename: [tid:0] Renaming arch reg 17 (integer) to physical reg 69 (69).
 178000: global: Renamed reg condition_code[0] (0) to physical reg 4753 (4753) old mapping was 4751 (4751)
 178000: system.cpu.rename: [tid:0] Renaming arch reg 0 (condition_code) to physical reg 27 (4753).
 178000: global: Renamed reg condition_code[1] (1) to physical reg 4754 (4754) old mapping was 4752 (4752)
 178000: system.cpu.rename: [tid:0] Renaming arch reg 1 (condition_code) to physical reg 28 (4754).
 178000: system.cpu.rename: [tid:0] Renaming arch reg 0 (invalid) to physical reg 4294967295 (4294967295).
 178000: system.cpu.rename: [tid:0] Renaming arch reg 0 (invalid) to physical reg 4294967295 (4294967295).
 178000: system.cpu.rename: [tid:0] Renaming arch reg 0 (invalid) to physical reg 4294967295 (4294967295).
 178000: system.cpu.rename: Activity this cycle.
 178000: system.cpu.iew: Issue: Processing [tid:0]
 178000: system.cpu.iew: [tid:0] Not blocked, so attempting to run dispatch.
 178000: system.cpu.iq: Attempting to schedule ready instructions from the IQ.
 178000: system.cpu.iq: Not able to schedule any instructions.
 178000: system.cpu.iew.lsq: [tid:0] Writing back stores. 4 stores available for Writeback.
 178000: system.cpu.iew: Processing [tid:0]
 178000: system.cpu.iew: [tid:0], Dispatch dispatched 0 instructions.
 178000: system.cpu.iew.lsq.thread0: SQ size: 72, #stores occupied: 4
 178000: system.cpu.iew.lsq.thread0: LQ size: 132, #loads occupied: 0
 178000: system.cpu.iew: IQ has 559 free entries (Can schedule: 0).  LQ has 132 free entries. SQ has 68 free entries.
 178000: system.cpu.commit: Getting instructions from Rename stage.
 178000: system.cpu.commit: Trying to commit instructions in the ROB.
 178000: system.cpu.commit: [tid:0] ROB has 0 insts & 918 free entries.
 178000: system.cpu: Scheduling next tick!
 179000: system.cpu: 

O3CPU: Ticking main, O3CPU.
 179000: system.cpu.fetch: Running stage.
 179000: system.cpu.fetch: Attempting to fetch from [tid:0]
 179000: system.cpu.fetch: [tid:0] Adding instructions to queue to decode.
 179000: global: DynInst: [sn:59] Instruction created. Instcount for system.cpu = 35
 179000: system.cpu.fetch: [tid:0] Instruction PC (0x401059=>0x40105b).(1=>2) created [sn:59].
 179000: system.cpu.fetch: [tid:0] Instruction is:   ADD_M_R : add   t1b, t1b, al
 179000: system.cpu.fetch: [tid:0] Fetch queue entry created (1/128).
 179000: global: DynInst: [sn:60] Instruction created. Instcount for system.cpu = 36
 179000: system.cpu.fetch: [tid:0] Instruction PC (0x401059=>0x40105b).(2=>3) created [sn:60].
 179000: system.cpu.fetch: [tid:0] Instruction is:   ADD_M_R : st   t1b, DS:[rax]
 179000: system.cpu.fetch: [tid:0] Fetch queue entry created (2/128).
 179000: system.cpu.decoder: Decode: Decoded add instruction: 
{
	leg = 0,
	rex = 0,
	vex/xop = 0,
	op = {
		type = one byte,
		op = 0,
		},
	modRM = 0,
	sib = 0,
	immediate = 0,
	displacement = 0
	dispSize = 0}

 179000: global: DynInst: [sn:61] Instruction created. Instcount for system.cpu = 37
 179000: system.cpu.fetch: [tid:0] Instruction PC (0x40105b=>0x40105d).(0=>1) created [sn:61].
 179000: system.cpu.fetch: [tid:0] Instruction is:   ADD_M_R : ldst   t1b, DS:[rax]
 179000: system.cpu.fetch: [tid:0] Fetch queue entry created (3/128).
 179000: global: DynInst: [sn:62] Instruction created. Instcount for system.cpu = 38
 179000: system.cpu.fetch: [tid:0] Instruction PC (0x40105b=>0x40105d).(1=>2) created [sn:62].
 179000: system.cpu.fetch: [tid:0] Instruction is:   ADD_M_R : add   t1b, t1b, al
 179000: system.cpu.fetch: [tid:0] Fetch queue entry created (4/128).
 179000: global: DynInst: [sn:63] Instruction created. Instcount for system.cpu = 39
 179000: system.cpu.fetch: [tid:0] Instruction PC (0x40105b=>0x40105d).(2=>3) created [sn:63].
 179000: system.cpu.fetch: [tid:0] Instruction is:   ADD_M_R : st   t1b, DS:[rax]
 179000: system.cpu.fetch: [tid:0] Fetch queue entry created (5/128).
 179000: system.cpu.decoder: Decode: Decoded add instruction: 
{
	leg = 0,
	rex = 0,
	vex/xop = 0,
	op = {
		type = one byte,
		op = 0,
		},
	modRM = 0,
	sib = 0,
	immediate = 0,
	displacement = 0
	dispSize = 0}

 179000: global: DynInst: [sn:64] Instruction created. Instcount for system.cpu = 40
 179000: system.cpu.fetch: [tid:0] Instruction PC (0x40105d=>0x40105f).(0=>1) created [sn:64].
 179000: system.cpu.fetch: [tid:0] Instruction is:   ADD_M_R : ldst   t1b, DS:[rax]
 179000: system.cpu.fetch: [tid:0] Fetch queue entry created (6/128).
 179000: global: DynInst: [sn:65] Instruction created. Instcount for system.cpu = 41
 179000: system.cpu.fetch: [tid:0] Instruction PC (0x40105d=>0x40105f).(1=>2) created [sn:65].
 179000: system.cpu.fetch: [tid:0] Instruction is:   ADD_M_R : add   t1b, t1b, al
 179000: system.cpu.fetch: [tid:0] Fetch queue entry created (7/128).
 179000: global: DynInst: [sn:66] Instruction created. Instcount for system.cpu = 42
 179000: system.cpu.fetch: [tid:0] Instruction PC (0x40105d=>0x40105f).(2=>3) created [sn:66].
 179000: system.cpu.fetch: [tid:0] Instruction is:   ADD_M_R : st   t1b, DS:[rax]
 179000: system.cpu.fetch: [tid:0] Fetch queue entry created (8/128).
 179000: system.cpu.decoder: Decode: Decoded add instruction: 
{
	leg = 0,
	rex = 0,
	vex/xop = 0,
	op = {
		type = one byte,
		op = 0,
		},
	modRM = 0,
	sib = 0,
	immediate = 0,
	displacement = 0
	dispSize = 0}

 179000: global: DynInst: [sn:67] Instruction created. Instcount for system.cpu = 43
 179000: system.cpu.fetch: [tid:0] Instruction PC (0x40105f=>0x401061).(0=>1) created [sn:67].
 179000: system.cpu.fetch: [tid:0] Instruction is:   ADD_M_R : ldst   t1b, DS:[rax]
 179000: system.cpu.fetch: [tid:0] Fetch queue entry created (9/128).
 179000: global: DynInst: [sn:68] Instruction created. Instcount for system.cpu = 44
 179000: system.cpu.fetch: [tid:0] Instruction PC (0x40105f=>0x401061).(1=>2) created [sn:68].
 179000: system.cpu.fetch: [tid:0] Instruction is:   ADD_M_R : add   t1b, t1b, al
 179000: system.cpu.fetch: [tid:0] Fetch queue entry created (10/128).
 179000: system.cpu.fetch: [tid:0] Done fetching, reached fetch bandwidth for this cycle.
 179000: system.cpu.fetch: [tid:0] [sn:59] Sending instruction to decode from fetch queue. Fetch queue size: 10.
 179000: system.cpu.fetch: [tid:0] [sn:60] Sending instruction to decode from fetch queue. Fetch queue size: 9.
 179000: system.cpu.fetch: [tid:0] [sn:61] Sending instruction to decode from fetch queue. Fetch queue size: 8.
 179000: system.cpu.fetch: [tid:0] [sn:62] Sending instruction to decode from fetch queue. Fetch queue size: 7.
 179000: system.cpu.fetch: [tid:0] [sn:63] Sending instruction to decode from fetch queue. Fetch queue size: 6.
 179000: system.cpu.fetch: [tid:0] [sn:64] Sending instruction to decode from fetch queue. Fetch queue size: 5.
 179000: system.cpu.fetch: [tid:0] [sn:65] Sending instruction to decode from fetch queue. Fetch queue size: 4.
 179000: system.cpu.fetch: [tid:0] [sn:66] Sending instruction to decode from fetch queue. Fetch queue size: 3.
 179000: system.cpu.fetch: [tid:0] [sn:67] Sending instruction to decode from fetch queue. Fetch queue size: 2.
 179000: system.cpu.fetch: [tid:0] [sn:68] Sending instruction to decode from fetch queue. Fetch queue size: 1.
 179000: system.cpu.fetch: Activity this cycle.
 179000: system.cpu: Activity: 6
 179000: system.cpu.decode: Processing [tid:0]
 179000: system.cpu.decode: [tid:0] Not blocked, so attempting to run stage.
 179000: system.cpu.decode: [tid:0] Sending instruction to rename.
 179000: system.cpu.decode: [tid:0] Processing instruction [sn:49] with PC (0x401053=>0x401055).(0=>1)
 179000: system.cpu.decode: [tid:0] Processing instruction [sn:50] with PC (0x401053=>0x401055).(1=>2)
 179000: system.cpu.decode: [tid:0] Processing instruction [sn:51] with PC (0x401053=>0x401055).(2=>3)
 179000: system.cpu.decode: [tid:0] Processing instruction [sn:52] with PC (0x401055=>0x401057).(0=>1)
 179000: system.cpu.decode: [tid:0] Processing instruction [sn:53] with PC (0x401055=>0x401057).(1=>2)
 179000: system.cpu.decode: [tid:0] Processing instruction [sn:54] with PC (0x401055=>0x401057).(2=>3)
 179000: system.cpu.decode: [tid:0] Processing instruction [sn:55] with PC (0x401057=>0x401059).(0=>1)
 179000: system.cpu.decode: [tid:0] Processing instruction [sn:56] with PC (0x401057=>0x401059).(1=>2)
 179000: system.cpu.decode: [tid:0] Processing instruction [sn:57] with PC (0x401057=>0x401059).(2=>3)
 179000: system.cpu.decode: [tid:0] Processing instruction [sn:58] with PC (0x401059=>0x40105b).(0=>1)
 179000: system.cpu.decode: Activity this cycle.
 179000: system.cpu.rename: Processing [tid:0]
 179000: system.cpu.rename: [tid:0] Free IQ: 559, Free ROB: 918, Free LQ: 132, Free SQ: 68, FreeRM 127(872 870 917 1834 127 8 4579)
 179000: system.cpu.rename: [tid:0] 10 instructions not yet in ROB
 179000: system.cpu.rename: calcFreeLQEntries: free lqEntries: 132, loadsInProgress: 3, loads dispatchedToLQ: 0
 179000: system.cpu.rename: [tid:0] Not blocked, so attempting to run stage.
 179000: system.cpu.rename: [tid:0] 10 available instructions to send iew.
 179000: system.cpu.rename: [tid:0] 10 insts pipelining from Rename | 0 insts dispatched to IQ last cycle.
 179000: system.cpu.rename: [tid:0] Sending instructions to IEW.
 179000: system.cpu.rename: calcFreeSQEntries: free sqEntries: 68, storesInProgress: 2, stores dispatchedToSQ: 0
 179000: system.cpu.rename: [tid:0] Processing instruction [sn:39] with PC (0x40104b=>0x40104d).(2=>3).
 179000: system.cpu.rename: [tid:0] Looking up invalid arch reg 0, got phys reg 4294967295 (invalid) (bypassed: no)
 179000: system.cpu.rename: [tid:0] Register 4294967295 (flat: 4294967295) (invalid) is ready.
 179000: global: [sn:39] has 1 ready out of 4 sources. RTI 0)
 179000: system.cpu.rename: [tid:0] Looking up integer arch reg 0, got phys reg 63 (integer) (bypassed: no)
 179000: system.cpu.rename: [tid:0] Register 63 (flat: 63) (integer) is not ready.
 179000: system.cpu.rename: [tid:0] Looking up integer arch reg 17, got phys reg 69 (integer) (bypassed: no)
 179000: system.cpu.rename: [tid:0] Register 69 (flat: 69) (integer) is not ready.
 179000: system.cpu.rename: [tid:0] Looking up miscellaneous arch reg 155, got phys reg 155 (miscellaneous) (bypassed: no)
 179000: system.cpu.rename: [tid:0] Register 155 (flat: 0) (miscellaneous) is ready.
 179000: global: [sn:39] has 2 ready out of 4 sources. RTI 0)
 179000: system.cpu.rename: [tid:0] Sending instructions to IEW.
 179000: system.cpu.rename: calcFreeLQEntries: free lqEntries: 132, loadsInProgress: 3, loads dispatchedToLQ: 0
 179000: system.cpu.rename: [tid:0] Processing instruction [sn:40] with PC (0x40104d=>0x40104f).(0=>1).
 179000: system.cpu.rename: [tid:0] Looking up invalid arch reg 0, got phys reg 4294967295 (invalid) (bypassed: no)
 179000: system.cpu.rename: [tid:0] Register 4294967295 (flat: 4294967295) (invalid) is ready.
 179000: global: [sn:40] has 1 ready out of 4 sources. RTI 0)
 179000: system.cpu.rename: [tid:0] Looking up integer arch reg 0, got phys reg 63 (integer) (bypassed: no)
 179000: system.cpu.rename: [tid:0] Register 63 (flat: 63) (integer) is not ready.
 179000: system.cpu.rename: [tid:0] Looking up integer arch reg 17, got phys reg 69 (integer) (bypassed: no)
 179000: system.cpu.rename: [tid:0] Register 69 (flat: 69) (integer) is not ready.
 179000: system.cpu.rename: [tid:0] Looking up miscellaneous arch reg 155, got phys reg 155 (miscellaneous) (bypassed: no)
 179000: system.cpu.rename: [tid:0] Register 155 (flat: 0) (miscellaneous) is ready.
 179000: global: [sn:40] has 2 ready out of 4 sources. RTI 0)
 179000: global: Renamed reg t1 (17) to physical reg 70 (70) old mapping was 69 (69)
 179000: system.cpu.rename: [tid:0] Querying SMB Predictor for load [sn:40] with PC (0x40104d=>0x40104f).(0=>1).
 179000: system.cpu.rename: [tid:0] Renaming arch reg 17 (integer) to physical reg 70 (70).
 179000: system.cpu.rename: [tid:0] Sending instructions to IEW.
 179000: system.cpu.rename: [tid:0] Processing instruction [sn:41] with PC (0x40104d=>0x40104f).(1=>2).
 179000: system.cpu.rename: [tid:0] Looking up integer arch reg 17, got phys reg 70 (integer) (bypassed: no)
 179000: system.cpu.rename: [tid:0] Register 70 (flat: 70) (integer) is not ready.
 179000: system.cpu.rename: [tid:0] Looking up integer arch reg 0, got phys reg 63 (integer) (bypassed: no)
 179000: system.cpu.rename: [tid:0] Register 63 (flat: 63) (integer) is not ready.
 179000: system.cpu.rename: [tid:0] Looking up integer arch reg 17, got phys reg 70 (integer) (bypassed: no)
 179000: system.cpu.rename: [tid:0] Register 70 (flat: 70) (integer) is not ready.
 179000: system.cpu.rename: [tid:0] Looking up invalid arch reg 0, got phys reg 4294967295 (invalid) (bypassed: no)
 179000: system.cpu.rename: [tid:0] Register 4294967295 (flat: 4294967295) (invalid) is ready.
 179000: global: [sn:41] has 1 ready out of 8 sources. RTI 0)
 179000: system.cpu.rename: [tid:0] Looking up invalid arch reg 0, got phys reg 4294967295 (invalid) (bypassed: no)
 179000: system.cpu.rename: [tid:0] Register 4294967295 (flat: 4294967295) (invalid) is ready.
 179000: global: [sn:41] has 2 ready out of 8 sources. RTI 0)
 179000: system.cpu.rename: [tid:0] Looking up invalid arch reg 0, got phys reg 4294967295 (invalid) (bypassed: no)
 179000: system.cpu.rename: [tid:0] Register 4294967295 (flat: 4294967295) (invalid) is ready.
 179000: global: [sn:41] has 3 ready out of 8 sources. RTI 0)
 179000: system.cpu.rename: [tid:0] Looking up invalid arch reg 0, got phys reg 4294967295 (invalid) (bypassed: no)
 179000: system.cpu.rename: [tid:0] Register 4294967295 (flat: 4294967295) (invalid) is ready.
 179000: global: [sn:41] has 4 ready out of 8 sources. RTI 0)
 179000: system.cpu.rename: [tid:0] Looking up invalid arch reg 0, got phys reg 4294967295 (invalid) (bypassed: no)
 179000: system.cpu.rename: [tid:0] Register 4294967295 (flat: 4294967295) (invalid) is ready.
 179000: global: [sn:41] has 5 ready out of 8 sources. RTI 0)
 179000: global: Renamed reg t1 (17) to physical reg 71 (71) old mapping was 70 (70)
 179000: system.cpu.rename: [tid:0] Renaming arch reg 17 (integer) to physical reg 71 (71).
 179000: global: Renamed reg condition_code[0] (0) to physical reg 4755 (4755) old mapping was 4753 (4753)
 179000: system.cpu.rename: [tid:0] Renaming arch reg 0 (condition_code) to physical reg 29 (4755).
 179000: global: Renamed reg condition_code[1] (1) to physical reg 4756 (4756) old mapping was 4754 (4754)
 179000: system.cpu.rename: [tid:0] Renaming arch reg 1 (condition_code) to physical reg 30 (4756).
 179000: system.cpu.rename: [tid:0] Renaming arch reg 0 (invalid) to physical reg 4294967295 (4294967295).
 179000: system.cpu.rename: [tid:0] Renaming arch reg 0 (invalid) to physical reg 4294967295 (4294967295).
 179000: system.cpu.rename: [tid:0] Renaming arch reg 0 (invalid) to physical reg 4294967295 (4294967295).
 179000: system.cpu.rename: [tid:0] Sending instructions to IEW.
 179000: system.cpu.rename: calcFreeSQEntries: free sqEntries: 68, storesInProgress: 3, stores dispatchedToSQ: 0
 179000: system.cpu.rename: [tid:0] Processing instruction [sn:42] with PC (0x40104d=>0x40104f).(2=>3).
 179000: system.cpu.rename: [tid:0] Looking up invalid arch reg 0, got phys reg 4294967295 (invalid) (bypassed: no)
 179000: system.cpu.rename: [tid:0] Register 4294967295 (flat: 4294967295) (invalid) is ready.
 179000: global: [sn:42] has 1 ready out of 4 sources. RTI 0)
 179000: system.cpu.rename: [tid:0] Looking up integer arch reg 0, got phys reg 63 (integer) (bypassed: no)
 179000: system.cpu.rename: [tid:0] Register 63 (flat: 63) (integer) is not ready.
 179000: system.cpu.rename: [tid:0] Looking up integer arch reg 17, got phys reg 71 (integer) (bypassed: no)
 179000: system.cpu.rename: [tid:0] Register 71 (flat: 71) (integer) is not ready.
 179000: system.cpu.rename: [tid:0] Looking up miscellaneous arch reg 155, got phys reg 155 (miscellaneous) (bypassed: no)
 179000: system.cpu.rename: [tid:0] Register 155 (flat: 0) (miscellaneous) is ready.
 179000: global: [sn:42] has 2 ready out of 4 sources. RTI 0)
 179000: system.cpu.rename: [tid:0] Sending instructions to IEW.
 179000: system.cpu.rename: calcFreeLQEntries: free lqEntries: 132, loadsInProgress: 4, loads dispatchedToLQ: 0
 179000: system.cpu.rename: [tid:0] Processing instruction [sn:43] with PC (0x40104f=>0x401051).(0=>1).
 179000: system.cpu.rename: [tid:0] Looking up invalid arch reg 0, got phys reg 4294967295 (invalid) (bypassed: no)
 179000: system.cpu.rename: [tid:0] Register 4294967295 (flat: 4294967295) (invalid) is ready.
 179000: global: [sn:43] has 1 ready out of 4 sources. RTI 0)
 179000: system.cpu.rename: [tid:0] Looking up integer arch reg 0, got phys reg 63 (integer) (bypassed: no)
 179000: system.cpu.rename: [tid:0] Register 63 (flat: 63) (integer) is not ready.
 179000: system.cpu.rename: [tid:0] Looking up integer arch reg 17, got phys reg 71 (integer) (bypassed: no)
 179000: system.cpu.rename: [tid:0] Register 71 (flat: 71) (integer) is not ready.
 179000: system.cpu.rename: [tid:0] Looking up miscellaneous arch reg 155, got phys reg 155 (miscellaneous) (bypassed: no)
 179000: system.cpu.rename: [tid:0] Register 155 (flat: 0) (miscellaneous) is ready.
 179000: global: [sn:43] has 2 ready out of 4 sources. RTI 0)
 179000: global: Renamed reg t1 (17) to physical reg 72 (72) old mapping was 71 (71)
 179000: system.cpu.rename: [tid:0] Querying SMB Predictor for load [sn:43] with PC (0x40104f=>0x401051).(0=>1).
 179000: system.cpu.rename: [tid:0] Renaming arch reg 17 (integer) to physical reg 72 (72).
 179000: system.cpu.rename: [tid:0] Sending instructions to IEW.
 179000: system.cpu.rename: [tid:0] Processing instruction [sn:44] with PC (0x40104f=>0x401051).(1=>2).
 179000: system.cpu.rename: [tid:0] Looking up integer arch reg 17, got phys reg 72 (integer) (bypassed: no)
 179000: system.cpu.rename: [tid:0] Register 72 (flat: 72) (integer) is not ready.
 179000: system.cpu.rename: [tid:0] Looking up integer arch reg 0, got phys reg 63 (integer) (bypassed: no)
 179000: system.cpu.rename: [tid:0] Register 63 (flat: 63) (integer) is not ready.
 179000: system.cpu.rename: [tid:0] Looking up integer arch reg 17, got phys reg 72 (integer) (bypassed: no)
 179000: system.cpu.rename: [tid:0] Register 72 (flat: 72) (integer) is not ready.
 179000: system.cpu.rename: [tid:0] Looking up invalid arch reg 0, got phys reg 4294967295 (invalid) (bypassed: no)
 179000: system.cpu.rename: [tid:0] Register 4294967295 (flat: 4294967295) (invalid) is ready.
 179000: global: [sn:44] has 1 ready out of 8 sources. RTI 0)
 179000: system.cpu.rename: [tid:0] Looking up invalid arch reg 0, got phys reg 4294967295 (invalid) (bypassed: no)
 179000: system.cpu.rename: [tid:0] Register 4294967295 (flat: 4294967295) (invalid) is ready.
 179000: global: [sn:44] has 2 ready out of 8 sources. RTI 0)
 179000: system.cpu.rename: [tid:0] Looking up invalid arch reg 0, got phys reg 4294967295 (invalid) (bypassed: no)
 179000: system.cpu.rename: [tid:0] Register 4294967295 (flat: 4294967295) (invalid) is ready.
 179000: global: [sn:44] has 3 ready out of 8 sources. RTI 0)
 179000: system.cpu.rename: [tid:0] Looking up invalid arch reg 0, got phys reg 4294967295 (invalid) (bypassed: no)
 179000: system.cpu.rename: [tid:0] Register 4294967295 (flat: 4294967295) (invalid) is ready.
 179000: global: [sn:44] has 4 ready out of 8 sources. RTI 0)
 179000: system.cpu.rename: [tid:0] Looking up invalid arch reg 0, got phys reg 4294967295 (invalid) (bypassed: no)
 179000: system.cpu.rename: [tid:0] Register 4294967295 (flat: 4294967295) (invalid) is ready.
 179000: global: [sn:44] has 5 ready out of 8 sources. RTI 0)
 179000: global: Renamed reg t1 (17) to physical reg 73 (73) old mapping was 72 (72)
 179000: system.cpu.rename: [tid:0] Renaming arch reg 17 (integer) to physical reg 73 (73).
 179000: global: Renamed reg condition_code[0] (0) to physical reg 4757 (4757) old mapping was 4755 (4755)
 179000: system.cpu.rename: [tid:0] Renaming arch reg 0 (condition_code) to physical reg 31 (4757).
 179000: global: Renamed reg condition_code[1] (1) to physical reg 4758 (4758) old mapping was 4756 (4756)
 179000: system.cpu.rename: [tid:0] Renaming arch reg 1 (condition_code) to physical reg 32 (4758).
 179000: system.cpu.rename: [tid:0] Renaming arch reg 0 (invalid) to physical reg 4294967295 (4294967295).
 179000: system.cpu.rename: [tid:0] Renaming arch reg 0 (invalid) to physical reg 4294967295 (4294967295).
 179000: system.cpu.rename: [tid:0] Renaming arch reg 0 (invalid) to physical reg 4294967295 (4294967295).
 179000: system.cpu.rename: [tid:0] Sending instructions to IEW.
 179000: system.cpu.rename: calcFreeSQEntries: free sqEntries: 68, storesInProgress: 4, stores dispatchedToSQ: 0
 179000: system.cpu.rename: [tid:0] Processing instruction [sn:45] with PC (0x40104f=>0x401051).(2=>3).
 179000: system.cpu.rename: [tid:0] Looking up invalid arch reg 0, got phys reg 4294967295 (invalid) (bypassed: no)
 179000: system.cpu.rename: [tid:0] Register 4294967295 (flat: 4294967295) (invalid) is ready.
 179000: global: [sn:45] has 1 ready out of 4 sources. RTI 0)
 179000: system.cpu.rename: [tid:0] Looking up integer arch reg 0, got phys reg 63 (integer) (bypassed: no)
 179000: system.cpu.rename: [tid:0] Register 63 (flat: 63) (integer) is not ready.
 179000: system.cpu.rename: [tid:0] Looking up integer arch reg 17, got phys reg 73 (integer) (bypassed: no)
 179000: system.cpu.rename: [tid:0] Register 73 (flat: 73) (integer) is not ready.
 179000: system.cpu.rename: [tid:0] Looking up miscellaneous arch reg 155, got phys reg 155 (miscellaneous) (bypassed: no)
 179000: system.cpu.rename: [tid:0] Register 155 (flat: 0) (miscellaneous) is ready.
 179000: global: [sn:45] has 2 ready out of 4 sources. RTI 0)
 179000: system.cpu.rename: [tid:0] Sending instructions to IEW.
 179000: system.cpu.rename: calcFreeLQEntries: free lqEntries: 132, loadsInProgress: 5, loads dispatchedToLQ: 0
 179000: system.cpu.rename: [tid:0] Processing instruction [sn:46] with PC (0x401051=>0x401053).(0=>1).
 179000: system.cpu.rename: [tid:0] Looking up invalid arch reg 0, got phys reg 4294967295 (invalid) (bypassed: no)
 179000: system.cpu.rename: [tid:0] Register 4294967295 (flat: 4294967295) (invalid) is ready.
 179000: global: [sn:46] has 1 ready out of 4 sources. RTI 0)
 179000: system.cpu.rename: [tid:0] Looking up integer arch reg 0, got phys reg 63 (integer) (bypassed: no)
 179000: system.cpu.rename: [tid:0] Register 63 (flat: 63) (integer) is not ready.
 179000: system.cpu.rename: [tid:0] Looking up integer arch reg 17, got phys reg 73 (integer) (bypassed: no)
 179000: system.cpu.rename: [tid:0] Register 73 (flat: 73) (integer) is not ready.
 179000: system.cpu.rename: [tid:0] Looking up miscellaneous arch reg 155, got phys reg 155 (miscellaneous) (bypassed: no)
 179000: system.cpu.rename: [tid:0] Register 155 (flat: 0) (miscellaneous) is ready.
 179000: global: [sn:46] has 2 ready out of 4 sources. RTI 0)
 179000: global: Renamed reg t1 (17) to physical reg 74 (74) old mapping was 73 (73)
 179000: system.cpu.rename: [tid:0] Querying SMB Predictor for load [sn:46] with PC (0x401051=>0x401053).(0=>1).
 179000: system.cpu.rename: [tid:0] Renaming arch reg 17 (integer) to physical reg 74 (74).
 179000: system.cpu.rename: [tid:0] Sending instructions to IEW.
 179000: system.cpu.rename: [tid:0] Processing instruction [sn:47] with PC (0x401051=>0x401053).(1=>2).
 179000: system.cpu.rename: [tid:0] Looking up integer arch reg 17, got phys reg 74 (integer) (bypassed: no)
 179000: system.cpu.rename: [tid:0] Register 74 (flat: 74) (integer) is not ready.
 179000: system.cpu.rename: [tid:0] Looking up integer arch reg 0, got phys reg 63 (integer) (bypassed: no)
 179000: system.cpu.rename: [tid:0] Register 63 (flat: 63) (integer) is not ready.
 179000: system.cpu.rename: [tid:0] Looking up integer arch reg 17, got phys reg 74 (integer) (bypassed: no)
 179000: system.cpu.rename: [tid:0] Register 74 (flat: 74) (integer) is not ready.
 179000: system.cpu.rename: [tid:0] Looking up invalid arch reg 0, got phys reg 4294967295 (invalid) (bypassed: no)
 179000: system.cpu.rename: [tid:0] Register 4294967295 (flat: 4294967295) (invalid) is ready.
 179000: global: [sn:47] has 1 ready out of 8 sources. RTI 0)
 179000: system.cpu.rename: [tid:0] Looking up invalid arch reg 0, got phys reg 4294967295 (invalid) (bypassed: no)
 179000: system.cpu.rename: [tid:0] Register 4294967295 (flat: 4294967295) (invalid) is ready.
 179000: global: [sn:47] has 2 ready out of 8 sources. RTI 0)
 179000: system.cpu.rename: [tid:0] Looking up invalid arch reg 0, got phys reg 4294967295 (invalid) (bypassed: no)
 179000: system.cpu.rename: [tid:0] Register 4294967295 (flat: 4294967295) (invalid) is ready.
 179000: global: [sn:47] has 3 ready out of 8 sources. RTI 0)
 179000: system.cpu.rename: [tid:0] Looking up invalid arch reg 0, got phys reg 4294967295 (invalid) (bypassed: no)
 179000: system.cpu.rename: [tid:0] Register 4294967295 (flat: 4294967295) (invalid) is ready.
 179000: global: [sn:47] has 4 ready out of 8 sources. RTI 0)
 179000: system.cpu.rename: [tid:0] Looking up invalid arch reg 0, got phys reg 4294967295 (invalid) (bypassed: no)
 179000: system.cpu.rename: [tid:0] Register 4294967295 (flat: 4294967295) (invalid) is ready.
 179000: global: [sn:47] has 5 ready out of 8 sources. RTI 0)
 179000: global: Renamed reg t1 (17) to physical reg 75 (75) old mapping was 74 (74)
 179000: system.cpu.rename: [tid:0] Renaming arch reg 17 (integer) to physical reg 75 (75).
 179000: global: Renamed reg condition_code[0] (0) to physical reg 4759 (4759) old mapping was 4757 (4757)
 179000: system.cpu.rename: [tid:0] Renaming arch reg 0 (condition_code) to physical reg 33 (4759).
 179000: global: Renamed reg condition_code[1] (1) to physical reg 4760 (4760) old mapping was 4758 (4758)
 179000: system.cpu.rename: [tid:0] Renaming arch reg 1 (condition_code) to physical reg 34 (4760).
 179000: system.cpu.rename: [tid:0] Renaming arch reg 0 (invalid) to physical reg 4294967295 (4294967295).
 179000: system.cpu.rename: [tid:0] Renaming arch reg 0 (invalid) to physical reg 4294967295 (4294967295).
 179000: system.cpu.rename: [tid:0] Renaming arch reg 0 (invalid) to physical reg 4294967295 (4294967295).
 179000: system.cpu.rename: [tid:0] Sending instructions to IEW.
 179000: system.cpu.rename: calcFreeSQEntries: free sqEntries: 68, storesInProgress: 5, stores dispatchedToSQ: 0
 179000: system.cpu.rename: [tid:0] Processing instruction [sn:48] with PC (0x401051=>0x401053).(2=>3).
 179000: system.cpu.rename: [tid:0] Looking up invalid arch reg 0, got phys reg 4294967295 (invalid) (bypassed: no)
 179000: system.cpu.rename: [tid:0] Register 4294967295 (flat: 4294967295) (invalid) is ready.
 179000: global: [sn:48] has 1 ready out of 4 sources. RTI 0)
 179000: system.cpu.rename: [tid:0] Looking up integer arch reg 0, got phys reg 63 (integer) (bypassed: no)
 179000: system.cpu.rename: [tid:0] Register 63 (flat: 63) (integer) is not ready.
 179000: system.cpu.rename: [tid:0] Looking up integer arch reg 17, got phys reg 75 (integer) (bypassed: no)
 179000: system.cpu.rename: [tid:0] Register 75 (flat: 75) (integer) is not ready.
 179000: system.cpu.rename: [tid:0] Looking up miscellaneous arch reg 155, got phys reg 155 (miscellaneous) (bypassed: no)
 179000: system.cpu.rename: [tid:0] Register 155 (flat: 0) (miscellaneous) is ready.
 179000: global: [sn:48] has 2 ready out of 4 sources. RTI 0)
 179000: system.cpu.rename: Activity this cycle.
 179000: system.cpu.iew: Issue: Processing [tid:0]
 179000: system.cpu.iew: [tid:0] Not blocked, so attempting to run dispatch.
 179000: system.cpu.iq: Attempting to schedule ready instructions from the IQ.
 179000: system.cpu.iq: Not able to schedule any instructions.
 179000: system.cpu.iew.lsq: [tid:0] Writing back stores. 4 stores available for Writeback.
 179000: system.cpu.iew: Processing [tid:0]
 179000: system.cpu.iew: [tid:0], Dispatch dispatched 0 instructions.
 179000: system.cpu.iew.lsq.thread0: SQ size: 72, #stores occupied: 4
 179000: system.cpu.iew.lsq.thread0: LQ size: 132, #loads occupied: 0
 179000: system.cpu.iew: IQ has 559 free entries (Can schedule: 0).  LQ has 132 free entries. SQ has 68 free entries.
 179000: system.cpu.commit: Getting instructions from Rename stage.
 179000: system.cpu.commit: [tid:0] [sn:29] Inserting PC (0x40103e=>0x401045).(0=>1) into ROB.
 179000: system.cpu.rob: Adding inst PC (0x40103e=>0x401045).(0=>1) to the ROB.
 179000: system.cpu.rob: [tid:0] Now has 1 instructions.
 179000: system.cpu.commit: [tid:0] [sn:30] Inserting PC (0x401045=>0x401047).(0=>1) into ROB.
 179000: system.cpu.rob: Adding inst PC (0x401045=>0x401047).(0=>1) to the ROB.
 179000: system.cpu.rob: [tid:0] Now has 2 instructions.
 179000: system.cpu.commit: [tid:0] [sn:31] Inserting PC (0x401047=>0x401049).(0=>1) into ROB.
 179000: system.cpu.rob: Adding inst PC (0x401047=>0x401049).(0=>1) to the ROB.
 179000: system.cpu.rob: [tid:0] Now has 3 instructions.
 179000: system.cpu.commit: [tid:0] [sn:32] Inserting PC (0x401047=>0x401049).(1=>2) into ROB.
 179000: system.cpu.rob: Adding inst PC (0x401047=>0x401049).(1=>2) to the ROB.
 179000: system.cpu.rob: [tid:0] Now has 4 instructions.
 179000: system.cpu.commit: [tid:0] [sn:33] Inserting PC (0x401047=>0x401049).(2=>3) into ROB.
 179000: system.cpu.rob: Adding inst PC (0x401047=>0x401049).(2=>3) to the ROB.
 179000: system.cpu.rob: [tid:0] Now has 5 instructions.
 179000: system.cpu.commit: [tid:0] [sn:34] Inserting PC (0x401049=>0x40104b).(0=>1) into ROB.
 179000: system.cpu.rob: Adding inst PC (0x401049=>0x40104b).(0=>1) to the ROB.
 179000: system.cpu.rob: [tid:0] Now has 6 instructions.
 179000: system.cpu.commit: [tid:0] [sn:35] Inserting PC (0x401049=>0x40104b).(1=>2) into ROB.
 179000: system.cpu.rob: Adding inst PC (0x401049=>0x40104b).(1=>2) to the ROB.
 179000: system.cpu.rob: [tid:0] Now has 7 instructions.
 179000: system.cpu.commit: [tid:0] [sn:36] Inserting PC (0x401049=>0x40104b).(2=>3) into ROB.
 179000: system.cpu.rob: Adding inst PC (0x401049=>0x40104b).(2=>3) to the ROB.
 179000: system.cpu.rob: [tid:0] Now has 8 instructions.
 179000: system.cpu.commit: [tid:0] [sn:37] Inserting PC (0x40104b=>0x40104d).(0=>1) into ROB.
 179000: system.cpu.rob: Adding inst PC (0x40104b=>0x40104d).(0=>1) to the ROB.
 179000: system.cpu.rob: [tid:0] Now has 9 instructions.
 179000: system.cpu.commit: [tid:0] [sn:38] Inserting PC (0x40104b=>0x40104d).(1=>2) into ROB.
 179000: system.cpu.rob: Adding inst PC (0x40104b=>0x40104d).(1=>2) to the ROB.
 179000: system.cpu.rob: [tid:0] Now has 10 instructions.
 179000: system.cpu.commit: Trying to commit instructions in the ROB.
 179000: system.cpu.commit: [tid:0] Can't commit, Instruction [sn:29] PC (0x40103e=>0x401045).(0=>1) is head of ROB and not ready
 179000: system.cpu.commit: [tid:0] ROB has 10 insts & 908 free entries.
 179000: system.cpu.commit: Activity This Cycle.
 179000: system.cpu: Scheduling next tick!
 180000: system.cpu: 

O3CPU: Ticking main, O3CPU.
 180000: system.cpu.fetch: Running stage.
 180000: system.cpu.fetch: Attempting to fetch from [tid:0]
 180000: system.cpu.fetch: [tid:0] Adding instructions to queue to decode.
 180000: global: DynInst: [sn:69] Instruction created. Instcount for system.cpu = 45
 180000: system.cpu.fetch: [tid:0] Instruction PC (0x40105f=>0x401061).(2=>3) created [sn:69].
 180000: system.cpu.fetch: [tid:0] Instruction is:   ADD_M_R : st   t1b, DS:[rax]
 180000: system.cpu.fetch: [tid:0] Fetch queue entry created (1/128).
 180000: system.cpu.decoder: Decode: Decoded add instruction: 
{
	leg = 0,
	rex = 0,
	vex/xop = 0,
	op = {
		type = one byte,
		op = 0,
		},
	modRM = 0,
	sib = 0,
	immediate = 0,
	displacement = 0
	dispSize = 0}

 180000: global: DynInst: [sn:70] Instruction created. Instcount for system.cpu = 46
 180000: system.cpu.fetch: [tid:0] Instruction PC (0x401061=>0x401063).(0=>1) created [sn:70].
 180000: system.cpu.fetch: [tid:0] Instruction is:   ADD_M_R : ldst   t1b, DS:[rax]
 180000: system.cpu.fetch: [tid:0] Fetch queue entry created (2/128).
 180000: global: DynInst: [sn:71] Instruction created. Instcount for system.cpu = 47
 180000: system.cpu.fetch: [tid:0] Instruction PC (0x401061=>0x401063).(1=>2) created [sn:71].
 180000: system.cpu.fetch: [tid:0] Instruction is:   ADD_M_R : add   t1b, t1b, al
 180000: system.cpu.fetch: [tid:0] Fetch queue entry created (3/128).
 180000: global: DynInst: [sn:72] Instruction created. Instcount for system.cpu = 48
 180000: system.cpu.fetch: [tid:0] Instruction PC (0x401061=>0x401063).(2=>3) created [sn:72].
 180000: system.cpu.fetch: [tid:0] Instruction is:   ADD_M_R : st   t1b, DS:[rax]
 180000: system.cpu.fetch: [tid:0] Fetch queue entry created (4/128).
 180000: system.cpu.decoder: Decode: Decoded add instruction: 
{
	leg = 0,
	rex = 0,
	vex/xop = 0,
	op = {
		type = one byte,
		op = 0,
		},
	modRM = 0,
	sib = 0,
	immediate = 0,
	displacement = 0
	dispSize = 0}

 180000: global: DynInst: [sn:73] Instruction created. Instcount for system.cpu = 49
 180000: system.cpu.fetch: [tid:0] Instruction PC (0x401063=>0x401065).(0=>1) created [sn:73].
 180000: system.cpu.fetch: [tid:0] Instruction is:   ADD_M_R : ldst   t1b, DS:[rax]
 180000: system.cpu.fetch: [tid:0] Fetch queue entry created (5/128).
 180000: global: DynInst: [sn:74] Instruction created. Instcount for system.cpu = 50
 180000: system.cpu.fetch: [tid:0] Instruction PC (0x401063=>0x401065).(1=>2) created [sn:74].
 180000: system.cpu.fetch: [tid:0] Instruction is:   ADD_M_R : add   t1b, t1b, al
 180000: system.cpu.fetch: [tid:0] Fetch queue entry created (6/128).
 180000: global: DynInst: [sn:75] Instruction created. Instcount for system.cpu = 51
 180000: system.cpu.fetch: [tid:0] Instruction PC (0x401063=>0x401065).(2=>3) created [sn:75].
 180000: system.cpu.fetch: [tid:0] Instruction is:   ADD_M_R : st   t1b, DS:[rax]
 180000: system.cpu.fetch: [tid:0] Fetch queue entry created (7/128).
 180000: system.cpu.decoder: Decode: Decoded add instruction: 
{
	leg = 0,
	rex = 0,
	vex/xop = 0,
	op = {
		type = one byte,
		op = 0,
		},
	modRM = 0,
	sib = 0,
	immediate = 0,
	displacement = 0
	dispSize = 0}

 180000: global: DynInst: [sn:76] Instruction created. Instcount for system.cpu = 52
 180000: system.cpu.fetch: [tid:0] Instruction PC (0x401065=>0x401067).(0=>1) created [sn:76].
 180000: system.cpu.fetch: [tid:0] Instruction is:   ADD_M_R : ldst   t1b, DS:[rax]
 180000: system.cpu.fetch: [tid:0] Fetch queue entry created (8/128).
 180000: global: DynInst: [sn:77] Instruction created. Instcount for system.cpu = 53
 180000: system.cpu.fetch: [tid:0] Instruction PC (0x401065=>0x401067).(1=>2) created [sn:77].
 180000: system.cpu.fetch: [tid:0] Instruction is:   ADD_M_R : add   t1b, t1b, al
 180000: system.cpu.fetch: [tid:0] Fetch queue entry created (9/128).
 180000: global: DynInst: [sn:78] Instruction created. Instcount for system.cpu = 54
 180000: system.cpu.fetch: [tid:0] Instruction PC (0x401065=>0x401067).(2=>3) created [sn:78].
 180000: system.cpu.fetch: [tid:0] Instruction is:   ADD_M_R : st   t1b, DS:[rax]
 180000: system.cpu.fetch: [tid:0] Fetch queue entry created (10/128).
 180000: system.cpu.fetch: [tid:0] Done fetching, reached fetch bandwidth for this cycle.
 180000: system.cpu.fetch: [tid:0] [sn:69] Sending instruction to decode from fetch queue. Fetch queue size: 10.
 180000: system.cpu.fetch: [tid:0] [sn:70] Sending instruction to decode from fetch queue. Fetch queue size: 9.
 180000: system.cpu.fetch: [tid:0] [sn:71] Sending instruction to decode from fetch queue. Fetch queue size: 8.
 180000: system.cpu.fetch: [tid:0] [sn:72] Sending instruction to decode from fetch queue. Fetch queue size: 7.
 180000: system.cpu.fetch: [tid:0] [sn:73] Sending instruction to decode from fetch queue. Fetch queue size: 6.
 180000: system.cpu.fetch: [tid:0] [sn:74] Sending instruction to decode from fetch queue. Fetch queue size: 5.
 180000: system.cpu.fetch: [tid:0] [sn:75] Sending instruction to decode from fetch queue. Fetch queue size: 4.
 180000: system.cpu.fetch: [tid:0] [sn:76] Sending instruction to decode from fetch queue. Fetch queue size: 3.
 180000: system.cpu.fetch: [tid:0] [sn:77] Sending instruction to decode from fetch queue. Fetch queue size: 2.
 180000: system.cpu.fetch: [tid:0] [sn:78] Sending instruction to decode from fetch queue. Fetch queue size: 1.
 180000: system.cpu.fetch: Activity this cycle.
 180000: system.cpu: Activity: 7
 180000: system.cpu.decode: Processing [tid:0]
 180000: system.cpu.decode: [tid:0] Not blocked, so attempting to run stage.
 180000: system.cpu.decode: [tid:0] Sending instruction to rename.
 180000: system.cpu.decode: [tid:0] Processing instruction [sn:59] with PC (0x401059=>0x40105b).(1=>2)
 180000: system.cpu.decode: [tid:0] Processing instruction [sn:60] with PC (0x401059=>0x40105b).(2=>3)
 180000: system.cpu.decode: [tid:0] Processing instruction [sn:61] with PC (0x40105b=>0x40105d).(0=>1)
 180000: system.cpu.decode: [tid:0] Processing instruction [sn:62] with PC (0x40105b=>0x40105d).(1=>2)
 180000: system.cpu.decode: [tid:0] Processing instruction [sn:63] with PC (0x40105b=>0x40105d).(2=>3)
 180000: system.cpu.decode: [tid:0] Processing instruction [sn:64] with PC (0x40105d=>0x40105f).(0=>1)
 180000: system.cpu.decode: [tid:0] Processing instruction [sn:65] with PC (0x40105d=>0x40105f).(1=>2)
 180000: system.cpu.decode: [tid:0] Processing instruction [sn:66] with PC (0x40105d=>0x40105f).(2=>3)
 180000: system.cpu.decode: [tid:0] Processing instruction [sn:67] with PC (0x40105f=>0x401061).(0=>1)
 180000: system.cpu.decode: [tid:0] Processing instruction [sn:68] with PC (0x40105f=>0x401061).(1=>2)
 180000: system.cpu.decode: Activity this cycle.
 180000: system.cpu.rename: Processing [tid:0]
 180000: system.cpu.rename: [tid:0] Free IQ: 559, Free ROB: 908, Free LQ: 132, Free SQ: 68, FreeRM 127(866 870 917 1834 127 8 4573)
 180000: system.cpu.rename: [tid:0] 20 instructions not yet in ROB
 180000: system.cpu.rename: calcFreeLQEntries: free lqEntries: 132, loadsInProgress: 6, loads dispatchedToLQ: 0
 180000: system.cpu.rename: [tid:0] Not blocked, so attempting to run stage.
 180000: system.cpu.rename: [tid:0] 10 available instructions to send iew.
 180000: system.cpu.rename: [tid:0] 20 insts pipelining from Rename | 0 insts dispatched to IQ last cycle.
 180000: system.cpu.rename: [tid:0] Sending instructions to IEW.
 180000: system.cpu.rename: calcFreeLQEntries: free lqEntries: 132, loadsInProgress: 6, loads dispatchedToLQ: 0
 180000: system.cpu.rename: [tid:0] Processing instruction [sn:49] with PC (0x401053=>0x401055).(0=>1).
 180000: system.cpu.rename: [tid:0] Looking up invalid arch reg 0, got phys reg 4294967295 (invalid) (bypassed: no)
 180000: system.cpu.rename: [tid:0] Register 4294967295 (flat: 4294967295) (invalid) is ready.
 180000: global: [sn:49] has 1 ready out of 4 sources. RTI 0)
 180000: system.cpu.rename: [tid:0] Looking up integer arch reg 0, got phys reg 63 (integer) (bypassed: no)
 180000: system.cpu.rename: [tid:0] Register 63 (flat: 63) (integer) is not ready.
 180000: system.cpu.rename: [tid:0] Looking up integer arch reg 17, got phys reg 75 (integer) (bypassed: no)
 180000: system.cpu.rename: [tid:0] Register 75 (flat: 75) (integer) is not ready.
 180000: system.cpu.rename: [tid:0] Looking up miscellaneous arch reg 155, got phys reg 155 (miscellaneous) (bypassed: no)
 180000: system.cpu.rename: [tid:0] Register 155 (flat: 0) (miscellaneous) is ready.
 180000: global: [sn:49] has 2 ready out of 4 sources. RTI 0)
 180000: global: Renamed reg t1 (17) to physical reg 76 (76) old mapping was 75 (75)
 180000: system.cpu.rename: [tid:0] Querying SMB Predictor for load [sn:49] with PC (0x401053=>0x401055).(0=>1).
 180000: system.cpu.rename: [tid:0] Renaming arch reg 17 (integer) to physical reg 76 (76).
 180000: system.cpu.rename: [tid:0] Sending instructions to IEW.
 180000: system.cpu.rename: [tid:0] Processing instruction [sn:50] with PC (0x401053=>0x401055).(1=>2).
 180000: system.cpu.rename: [tid:0] Looking up integer arch reg 17, got phys reg 76 (integer) (bypassed: no)
 180000: system.cpu.rename: [tid:0] Register 76 (flat: 76) (integer) is not ready.
 180000: system.cpu.rename: [tid:0] Looking up integer arch reg 0, got phys reg 63 (integer) (bypassed: no)
 180000: system.cpu.rename: [tid:0] Register 63 (flat: 63) (integer) is not ready.
 180000: system.cpu.rename: [tid:0] Looking up integer arch reg 17, got phys reg 76 (integer) (bypassed: no)
 180000: system.cpu.rename: [tid:0] Register 76 (flat: 76) (integer) is not ready.
 180000: system.cpu.rename: [tid:0] Looking up invalid arch reg 0, got phys reg 4294967295 (invalid) (bypassed: no)
 180000: system.cpu.rename: [tid:0] Register 4294967295 (flat: 4294967295) (invalid) is ready.
 180000: global: [sn:50] has 1 ready out of 8 sources. RTI 0)
 180000: system.cpu.rename: [tid:0] Looking up invalid arch reg 0, got phys reg 4294967295 (invalid) (bypassed: no)
 180000: system.cpu.rename: [tid:0] Register 4294967295 (flat: 4294967295) (invalid) is ready.
 180000: global: [sn:50] has 2 ready out of 8 sources. RTI 0)
 180000: system.cpu.rename: [tid:0] Looking up invalid arch reg 0, got phys reg 4294967295 (invalid) (bypassed: no)
 180000: system.cpu.rename: [tid:0] Register 4294967295 (flat: 4294967295) (invalid) is ready.
 180000: global: [sn:50] has 3 ready out of 8 sources. RTI 0)
 180000: system.cpu.rename: [tid:0] Looking up invalid arch reg 0, got phys reg 4294967295 (invalid) (bypassed: no)
 180000: system.cpu.rename: [tid:0] Register 4294967295 (flat: 4294967295) (invalid) is ready.
 180000: global: [sn:50] has 4 ready out of 8 sources. RTI 0)
 180000: system.cpu.rename: [tid:0] Looking up invalid arch reg 0, got phys reg 4294967295 (invalid) (bypassed: no)
 180000: system.cpu.rename: [tid:0] Register 4294967295 (flat: 4294967295) (invalid) is ready.
 180000: global: [sn:50] has 5 ready out of 8 sources. RTI 0)
 180000: global: Renamed reg t1 (17) to physical reg 77 (77) old mapping was 76 (76)
 180000: system.cpu.rename: [tid:0] Renaming arch reg 17 (integer) to physical reg 77 (77).
 180000: global: Renamed reg condition_code[0] (0) to physical reg 4761 (4761) old mapping was 4759 (4759)
 180000: system.cpu.rename: [tid:0] Renaming arch reg 0 (condition_code) to physical reg 35 (4761).
 180000: global: Renamed reg condition_code[1] (1) to physical reg 4762 (4762) old mapping was 4760 (4760)
 180000: system.cpu.rename: [tid:0] Renaming arch reg 1 (condition_code) to physical reg 36 (4762).
 180000: system.cpu.rename: [tid:0] Renaming arch reg 0 (invalid) to physical reg 4294967295 (4294967295).
 180000: system.cpu.rename: [tid:0] Renaming arch reg 0 (invalid) to physical reg 4294967295 (4294967295).
 180000: system.cpu.rename: [tid:0] Renaming arch reg 0 (invalid) to physical reg 4294967295 (4294967295).
 180000: system.cpu.rename: [tid:0] Sending instructions to IEW.
 180000: system.cpu.rename: calcFreeSQEntries: free sqEntries: 68, storesInProgress: 6, stores dispatchedToSQ: 0
 180000: system.cpu.rename: [tid:0] Processing instruction [sn:51] with PC (0x401053=>0x401055).(2=>3).
 180000: system.cpu.rename: [tid:0] Looking up invalid arch reg 0, got phys reg 4294967295 (invalid) (bypassed: no)
 180000: system.cpu.rename: [tid:0] Register 4294967295 (flat: 4294967295) (invalid) is ready.
 180000: global: [sn:51] has 1 ready out of 4 sources. RTI 0)
 180000: system.cpu.rename: [tid:0] Looking up integer arch reg 0, got phys reg 63 (integer) (bypassed: no)
 180000: system.cpu.rename: [tid:0] Register 63 (flat: 63) (integer) is not ready.
 180000: system.cpu.rename: [tid:0] Looking up integer arch reg 17, got phys reg 77 (integer) (bypassed: no)
 180000: system.cpu.rename: [tid:0] Register 77 (flat: 77) (integer) is not ready.
 180000: system.cpu.rename: [tid:0] Looking up miscellaneous arch reg 155, got phys reg 155 (miscellaneous) (bypassed: no)
 180000: system.cpu.rename: [tid:0] Register 155 (flat: 0) (miscellaneous) is ready.
 180000: global: [sn:51] has 2 ready out of 4 sources. RTI 0)
 180000: system.cpu.rename: [tid:0] Sending instructions to IEW.
 180000: system.cpu.rename: calcFreeLQEntries: free lqEntries: 132, loadsInProgress: 7, loads dispatchedToLQ: 0
 180000: system.cpu.rename: [tid:0] Processing instruction [sn:52] with PC (0x401055=>0x401057).(0=>1).
 180000: system.cpu.rename: [tid:0] Looking up invalid arch reg 0, got phys reg 4294967295 (invalid) (bypassed: no)
 180000: system.cpu.rename: [tid:0] Register 4294967295 (flat: 4294967295) (invalid) is ready.
 180000: global: [sn:52] has 1 ready out of 4 sources. RTI 0)
 180000: system.cpu.rename: [tid:0] Looking up integer arch reg 0, got phys reg 63 (integer) (bypassed: no)
 180000: system.cpu.rename: [tid:0] Register 63 (flat: 63) (integer) is not ready.
 180000: system.cpu.rename: [tid:0] Looking up integer arch reg 17, got phys reg 77 (integer) (bypassed: no)
 180000: system.cpu.rename: [tid:0] Register 77 (flat: 77) (integer) is not ready.
 180000: system.cpu.rename: [tid:0] Looking up miscellaneous arch reg 155, got phys reg 155 (miscellaneous) (bypassed: no)
 180000: system.cpu.rename: [tid:0] Register 155 (flat: 0) (miscellaneous) is ready.
 180000: global: [sn:52] has 2 ready out of 4 sources. RTI 0)
 180000: global: Renamed reg t1 (17) to physical reg 78 (78) old mapping was 77 (77)
 180000: system.cpu.rename: [tid:0] Querying SMB Predictor for load [sn:52] with PC (0x401055=>0x401057).(0=>1).
 180000: system.cpu.rename: [tid:0] Renaming arch reg 17 (integer) to physical reg 78 (78).
 180000: system.cpu.rename: [tid:0] Sending instructions to IEW.
 180000: system.cpu.rename: [tid:0] Processing instruction [sn:53] with PC (0x401055=>0x401057).(1=>2).
 180000: system.cpu.rename: [tid:0] Looking up integer arch reg 17, got phys reg 78 (integer) (bypassed: no)
 180000: system.cpu.rename: [tid:0] Register 78 (flat: 78) (integer) is not ready.
 180000: system.cpu.rename: [tid:0] Looking up integer arch reg 0, got phys reg 63 (integer) (bypassed: no)
 180000: system.cpu.rename: [tid:0] Register 63 (flat: 63) (integer) is not ready.
 180000: system.cpu.rename: [tid:0] Looking up integer arch reg 17, got phys reg 78 (integer) (bypassed: no)
 180000: system.cpu.rename: [tid:0] Register 78 (flat: 78) (integer) is not ready.
 180000: system.cpu.rename: [tid:0] Looking up invalid arch reg 0, got phys reg 4294967295 (invalid) (bypassed: no)
 180000: system.cpu.rename: [tid:0] Register 4294967295 (flat: 4294967295) (invalid) is ready.
 180000: global: [sn:53] has 1 ready out of 8 sources. RTI 0)
 180000: system.cpu.rename: [tid:0] Looking up invalid arch reg 0, got phys reg 4294967295 (invalid) (bypassed: no)
 180000: system.cpu.rename: [tid:0] Register 4294967295 (flat: 4294967295) (invalid) is ready.
 180000: global: [sn:53] has 2 ready out of 8 sources. RTI 0)
 180000: system.cpu.rename: [tid:0] Looking up invalid arch reg 0, got phys reg 4294967295 (invalid) (bypassed: no)
 180000: system.cpu.rename: [tid:0] Register 4294967295 (flat: 4294967295) (invalid) is ready.
 180000: global: [sn:53] has 3 ready out of 8 sources. RTI 0)
 180000: system.cpu.rename: [tid:0] Looking up invalid arch reg 0, got phys reg 4294967295 (invalid) (bypassed: no)
 180000: system.cpu.rename: [tid:0] Register 4294967295 (flat: 4294967295) (invalid) is ready.
 180000: global: [sn:53] has 4 ready out of 8 sources. RTI 0)
 180000: system.cpu.rename: [tid:0] Looking up invalid arch reg 0, got phys reg 4294967295 (invalid) (bypassed: no)
 180000: system.cpu.rename: [tid:0] Register 4294967295 (flat: 4294967295) (invalid) is ready.
 180000: global: [sn:53] has 5 ready out of 8 sources. RTI 0)
 180000: global: Renamed reg t1 (17) to physical reg 79 (79) old mapping was 78 (78)
 180000: system.cpu.rename: [tid:0] Renaming arch reg 17 (integer) to physical reg 79 (79).
 180000: global: Renamed reg condition_code[0] (0) to physical reg 4763 (4763) old mapping was 4761 (4761)
 180000: system.cpu.rename: [tid:0] Renaming arch reg 0 (condition_code) to physical reg 37 (4763).
 180000: global: Renamed reg condition_code[1] (1) to physical reg 4764 (4764) old mapping was 4762 (4762)
 180000: system.cpu.rename: [tid:0] Renaming arch reg 1 (condition_code) to physical reg 38 (4764).
 180000: system.cpu.rename: [tid:0] Renaming arch reg 0 (invalid) to physical reg 4294967295 (4294967295).
 180000: system.cpu.rename: [tid:0] Renaming arch reg 0 (invalid) to physical reg 4294967295 (4294967295).
 180000: system.cpu.rename: [tid:0] Renaming arch reg 0 (invalid) to physical reg 4294967295 (4294967295).
 180000: system.cpu.rename: [tid:0] Sending instructions to IEW.
 180000: system.cpu.rename: calcFreeSQEntries: free sqEntries: 68, storesInProgress: 7, stores dispatchedToSQ: 0
 180000: system.cpu.rename: [tid:0] Processing instruction [sn:54] with PC (0x401055=>0x401057).(2=>3).
 180000: system.cpu.rename: [tid:0] Looking up invalid arch reg 0, got phys reg 4294967295 (invalid) (bypassed: no)
 180000: system.cpu.rename: [tid:0] Register 4294967295 (flat: 4294967295) (invalid) is ready.
 180000: global: [sn:54] has 1 ready out of 4 sources. RTI 0)
 180000: system.cpu.rename: [tid:0] Looking up integer arch reg 0, got phys reg 63 (integer) (bypassed: no)
 180000: system.cpu.rename: [tid:0] Register 63 (flat: 63) (integer) is not ready.
 180000: system.cpu.rename: [tid:0] Looking up integer arch reg 17, got phys reg 79 (integer) (bypassed: no)
 180000: system.cpu.rename: [tid:0] Register 79 (flat: 79) (integer) is not ready.
 180000: system.cpu.rename: [tid:0] Looking up miscellaneous arch reg 155, got phys reg 155 (miscellaneous) (bypassed: no)
 180000: system.cpu.rename: [tid:0] Register 155 (flat: 0) (miscellaneous) is ready.
 180000: global: [sn:54] has 2 ready out of 4 sources. RTI 0)
 180000: system.cpu.rename: [tid:0] Sending instructions to IEW.
 180000: system.cpu.rename: calcFreeLQEntries: free lqEntries: 132, loadsInProgress: 8, loads dispatchedToLQ: 0
 180000: system.cpu.rename: [tid:0] Processing instruction [sn:55] with PC (0x401057=>0x401059).(0=>1).
 180000: system.cpu.rename: [tid:0] Looking up invalid arch reg 0, got phys reg 4294967295 (invalid) (bypassed: no)
 180000: system.cpu.rename: [tid:0] Register 4294967295 (flat: 4294967295) (invalid) is ready.
 180000: global: [sn:55] has 1 ready out of 4 sources. RTI 0)
 180000: system.cpu.rename: [tid:0] Looking up integer arch reg 0, got phys reg 63 (integer) (bypassed: no)
 180000: system.cpu.rename: [tid:0] Register 63 (flat: 63) (integer) is not ready.
 180000: system.cpu.rename: [tid:0] Looking up integer arch reg 17, got phys reg 79 (integer) (bypassed: no)
 180000: system.cpu.rename: [tid:0] Register 79 (flat: 79) (integer) is not ready.
 180000: system.cpu.rename: [tid:0] Looking up miscellaneous arch reg 155, got phys reg 155 (miscellaneous) (bypassed: no)
 180000: system.cpu.rename: [tid:0] Register 155 (flat: 0) (miscellaneous) is ready.
 180000: global: [sn:55] has 2 ready out of 4 sources. RTI 0)
 180000: global: Renamed reg t1 (17) to physical reg 80 (80) old mapping was 79 (79)
 180000: system.cpu.rename: [tid:0] Querying SMB Predictor for load [sn:55] with PC (0x401057=>0x401059).(0=>1).
 180000: system.cpu.rename: [tid:0] Renaming arch reg 17 (integer) to physical reg 80 (80).
 180000: system.cpu.rename: [tid:0] Sending instructions to IEW.
 180000: system.cpu.rename: [tid:0] Processing instruction [sn:56] with PC (0x401057=>0x401059).(1=>2).
 180000: system.cpu.rename: [tid:0] Looking up integer arch reg 17, got phys reg 80 (integer) (bypassed: no)
 180000: system.cpu.rename: [tid:0] Register 80 (flat: 80) (integer) is not ready.
 180000: system.cpu.rename: [tid:0] Looking up integer arch reg 0, got phys reg 63 (integer) (bypassed: no)
 180000: system.cpu.rename: [tid:0] Register 63 (flat: 63) (integer) is not ready.
 180000: system.cpu.rename: [tid:0] Looking up integer arch reg 17, got phys reg 80 (integer) (bypassed: no)
 180000: system.cpu.rename: [tid:0] Register 80 (flat: 80) (integer) is not ready.
 180000: system.cpu.rename: [tid:0] Looking up invalid arch reg 0, got phys reg 4294967295 (invalid) (bypassed: no)
 180000: system.cpu.rename: [tid:0] Register 4294967295 (flat: 4294967295) (invalid) is ready.
 180000: global: [sn:56] has 1 ready out of 8 sources. RTI 0)
 180000: system.cpu.rename: [tid:0] Looking up invalid arch reg 0, got phys reg 4294967295 (invalid) (bypassed: no)
 180000: system.cpu.rename: [tid:0] Register 4294967295 (flat: 4294967295) (invalid) is ready.
 180000: global: [sn:56] has 2 ready out of 8 sources. RTI 0)
 180000: system.cpu.rename: [tid:0] Looking up invalid arch reg 0, got phys reg 4294967295 (invalid) (bypassed: no)
 180000: system.cpu.rename: [tid:0] Register 4294967295 (flat: 4294967295) (invalid) is ready.
 180000: global: [sn:56] has 3 ready out of 8 sources. RTI 0)
 180000: system.cpu.rename: [tid:0] Looking up invalid arch reg 0, got phys reg 4294967295 (invalid) (bypassed: no)
 180000: system.cpu.rename: [tid:0] Register 4294967295 (flat: 4294967295) (invalid) is ready.
 180000: global: [sn:56] has 4 ready out of 8 sources. RTI 0)
 180000: system.cpu.rename: [tid:0] Looking up invalid arch reg 0, got phys reg 4294967295 (invalid) (bypassed: no)
 180000: system.cpu.rename: [tid:0] Register 4294967295 (flat: 4294967295) (invalid) is ready.
 180000: global: [sn:56] has 5 ready out of 8 sources. RTI 0)
 180000: global: Renamed reg t1 (17) to physical reg 81 (81) old mapping was 80 (80)
 180000: system.cpu.rename: [tid:0] Renaming arch reg 17 (integer) to physical reg 81 (81).
 180000: global: Renamed reg condition_code[0] (0) to physical reg 4765 (4765) old mapping was 4763 (4763)
 180000: system.cpu.rename: [tid:0] Renaming arch reg 0 (condition_code) to physical reg 39 (4765).
 180000: global: Renamed reg condition_code[1] (1) to physical reg 4766 (4766) old mapping was 4764 (4764)
 180000: system.cpu.rename: [tid:0] Renaming arch reg 1 (condition_code) to physical reg 40 (4766).
 180000: system.cpu.rename: [tid:0] Renaming arch reg 0 (invalid) to physical reg 4294967295 (4294967295).
 180000: system.cpu.rename: [tid:0] Renaming arch reg 0 (invalid) to physical reg 4294967295 (4294967295).
 180000: system.cpu.rename: [tid:0] Renaming arch reg 0 (invalid) to physical reg 4294967295 (4294967295).
 180000: system.cpu.rename: [tid:0] Sending instructions to IEW.
 180000: system.cpu.rename: calcFreeSQEntries: free sqEntries: 68, storesInProgress: 8, stores dispatchedToSQ: 0
 180000: system.cpu.rename: [tid:0] Processing instruction [sn:57] with PC (0x401057=>0x401059).(2=>3).
 180000: system.cpu.rename: [tid:0] Looking up invalid arch reg 0, got phys reg 4294967295 (invalid) (bypassed: no)
 180000: system.cpu.rename: [tid:0] Register 4294967295 (flat: 4294967295) (invalid) is ready.
 180000: global: [sn:57] has 1 ready out of 4 sources. RTI 0)
 180000: system.cpu.rename: [tid:0] Looking up integer arch reg 0, got phys reg 63 (integer) (bypassed: no)
 180000: system.cpu.rename: [tid:0] Register 63 (flat: 63) (integer) is not ready.
 180000: system.cpu.rename: [tid:0] Looking up integer arch reg 17, got phys reg 81 (integer) (bypassed: no)
 180000: system.cpu.rename: [tid:0] Register 81 (flat: 81) (integer) is not ready.
 180000: system.cpu.rename: [tid:0] Looking up miscellaneous arch reg 155, got phys reg 155 (miscellaneous) (bypassed: no)
 180000: system.cpu.rename: [tid:0] Register 155 (flat: 0) (miscellaneous) is ready.
 180000: global: [sn:57] has 2 ready out of 4 sources. RTI 0)
 180000: system.cpu.rename: [tid:0] Sending instructions to IEW.
 180000: system.cpu.rename: calcFreeLQEntries: free lqEntries: 132, loadsInProgress: 9, loads dispatchedToLQ: 0
 180000: system.cpu.rename: [tid:0] Processing instruction [sn:58] with PC (0x401059=>0x40105b).(0=>1).
 180000: system.cpu.rename: [tid:0] Looking up invalid arch reg 0, got phys reg 4294967295 (invalid) (bypassed: no)
 180000: system.cpu.rename: [tid:0] Register 4294967295 (flat: 4294967295) (invalid) is ready.
 180000: global: [sn:58] has 1 ready out of 4 sources. RTI 0)
 180000: system.cpu.rename: [tid:0] Looking up integer arch reg 0, got phys reg 63 (integer) (bypassed: no)
 180000: system.cpu.rename: [tid:0] Register 63 (flat: 63) (integer) is not ready.
 180000: system.cpu.rename: [tid:0] Looking up integer arch reg 17, got phys reg 81 (integer) (bypassed: no)
 180000: system.cpu.rename: [tid:0] Register 81 (flat: 81) (integer) is not ready.
 180000: system.cpu.rename: [tid:0] Looking up miscellaneous arch reg 155, got phys reg 155 (miscellaneous) (bypassed: no)
 180000: system.cpu.rename: [tid:0] Register 155 (flat: 0) (miscellaneous) is ready.
 180000: global: [sn:58] has 2 ready out of 4 sources. RTI 0)
 180000: global: Renamed reg t1 (17) to physical reg 82 (82) old mapping was 81 (81)
 180000: system.cpu.rename: [tid:0] Querying SMB Predictor for load [sn:58] with PC (0x401059=>0x40105b).(0=>1).
 180000: system.cpu.rename: [tid:0] Renaming arch reg 17 (integer) to physical reg 82 (82).
 180000: system.cpu.rename: Activity this cycle.
 180000: system.cpu.iew: Issue: Processing [tid:0]
 180000: system.cpu.iew: [tid:0] Not blocked, so attempting to run dispatch.
 180000: system.cpu.iew: [tid:0] Issue: Adding PC (0x40103e=>0x401045).(0=>1) [sn:29] [tid:0] to IQ.
 180000: system.cpu.iq: Adding instruction [sn:29] PC (0x40103e=>0x401045).(0=>1) to the IQ.
 180000: system.cpu.iq: Instruction is ready to issue, putting it onto the ready list, PC (0x40103e=>0x401045).(0=>1) opclass:1 [sn:29].
 180000: system.cpu.iew: [tid:0] Issue: Adding PC (0x401045=>0x401047).(0=>1) [sn:30] [tid:0] to IQ.
 180000: system.cpu.iq: Adding instruction [sn:30] PC (0x401045=>0x401047).(0=>1) to the IQ.
 180000: system.cpu.iq: Instruction is ready to issue, putting it onto the ready list, PC (0x401045=>0x401047).(0=>1) opclass:1 [sn:30].
 180000: system.cpu.iew: [tid:0] Issue: Adding PC (0x401047=>0x401049).(0=>1) [sn:31] [tid:0] to IQ.
 180000: system.cpu.iew: [tid:0] Issue: Memory instruction encountered, adding to LSQ.
 180000: system.cpu.iew.lsq.thread0: Inserting load PC (0x401047=>0x401049).(0=>1), idx:4 [sn:31]
 180000: system.cpu.iq: Adding instruction [sn:31] PC (0x401047=>0x401049).(0=>1) to the IQ.
 180000: system.cpu.iq: Instruction PC (0x401047=>0x401049).(0=>1) has src reg 63 (integer) that is being added to the dependency chain.
 180000: system.cpu.memDep0: No dependency for inst PC (0x401047=>0x401049).(0=>1) [sn:31].
 180000: system.cpu.iew: [tid:0] Issue: Adding PC (0x401047=>0x401049).(1=>2) [sn:32] [tid:0] to IQ.
 180000: system.cpu.iq: Adding instruction [sn:32] PC (0x401047=>0x401049).(1=>2) to the IQ.
 180000: system.cpu.iq: Instruction PC (0x401047=>0x401049).(1=>2) has src reg 64 (integer) that is being added to the dependency chain.
 180000: system.cpu.iq: Instruction PC (0x401047=>0x401049).(1=>2) has src reg 63 (integer) that is being added to the dependency chain.
 180000: system.cpu.iq: Instruction PC (0x401047=>0x401049).(1=>2) has src reg 64 (integer) that is being added to the dependency chain.
 180000: system.cpu.iew: [tid:0] Issue: Adding PC (0x401047=>0x401049).(2=>3) [sn:33] [tid:0] to IQ.
 180000: system.cpu.iew: [tid:0] Issue: Memory instruction encountered, adding to LSQ.
 180000: system.cpu.iew.lsq.thread0: Inserting store PC (0x401047=>0x401049).(2=>3), idx:4 [sn:33]
 180000: system.cpu.iq: Adding instruction [sn:33] PC (0x401047=>0x401049).(2=>3) to the IQ.
 180000: system.cpu.iq: Instruction PC (0x401047=>0x401049).(2=>3) has src reg 63 (integer) that is being added to the dependency chain.
 180000: system.cpu.iq: Instruction PC (0x401047=>0x401049).(2=>3) has src reg 65 (integer) that is being added to the dependency chain.
 180000: system.cpu.memDep0: No dependency for inst PC (0x401047=>0x401049).(2=>3) [sn:33].
 180000: system.cpu.memDep0: Inserting store/atomic PC (0x401047=>0x401049).(2=>3) [sn:33].
 180000: system.cpu.iew: [tid:0] Issue: Adding PC (0x401049=>0x40104b).(0=>1) [sn:34] [tid:0] to IQ.
 180000: system.cpu.iew: [tid:0] Issue: Memory instruction encountered, adding to LSQ.
 180000: system.cpu.iew.lsq.thread0: Inserting load PC (0x401049=>0x40104b).(0=>1), idx:5 [sn:34]
 180000: system.cpu.iq: Adding instruction [sn:34] PC (0x401049=>0x40104b).(0=>1) to the IQ.
 180000: system.cpu.iq: Instruction PC (0x401049=>0x40104b).(0=>1) has src reg 63 (integer) that is being added to the dependency chain.
 180000: system.cpu.iq: Instruction PC (0x401049=>0x40104b).(0=>1) has src reg 65 (integer) that is being added to the dependency chain.
 180000: system.cpu.memDep0: No dependency for inst PC (0x401049=>0x40104b).(0=>1) [sn:34].
 180000: system.cpu.iew: [tid:0] Issue: Adding PC (0x401049=>0x40104b).(1=>2) [sn:35] [tid:0] to IQ.
 180000: system.cpu.iq: Adding instruction [sn:35] PC (0x401049=>0x40104b).(1=>2) to the IQ.
 180000: system.cpu.iq: Instruction PC (0x401049=>0x40104b).(1=>2) has src reg 66 (integer) that is being added to the dependency chain.
 180000: system.cpu.iq: Instruction PC (0x401049=>0x40104b).(1=>2) has src reg 63 (integer) that is being added to the dependency chain.
 180000: system.cpu.iq: Instruction PC (0x401049=>0x40104b).(1=>2) has src reg 66 (integer) that is being added to the dependency chain.
 180000: system.cpu.iew: [tid:0] Issue: Adding PC (0x401049=>0x40104b).(2=>3) [sn:36] [tid:0] to IQ.
 180000: system.cpu.iew: [tid:0] Issue: Memory instruction encountered, adding to LSQ.
 180000: system.cpu.iew.lsq.thread0: Inserting store PC (0x401049=>0x40104b).(2=>3), idx:5 [sn:36]
 180000: system.cpu.iq: Adding instruction [sn:36] PC (0x401049=>0x40104b).(2=>3) to the IQ.
 180000: system.cpu.iq: Instruction PC (0x401049=>0x40104b).(2=>3) has src reg 63 (integer) that is being added to the dependency chain.
 180000: system.cpu.iq: Instruction PC (0x401049=>0x40104b).(2=>3) has src reg 67 (integer) that is being added to the dependency chain.
 180000: system.cpu.memDep0: No dependency for inst PC (0x401049=>0x40104b).(2=>3) [sn:36].
 180000: system.cpu.memDep0: Inserting store/atomic PC (0x401049=>0x40104b).(2=>3) [sn:36].
 180000: system.cpu.iew: [tid:0] Issue: Adding PC (0x40104b=>0x40104d).(0=>1) [sn:37] [tid:0] to IQ.
 180000: system.cpu.iew: [tid:0] Issue: Memory instruction encountered, adding to LSQ.
 180000: system.cpu.iew.lsq.thread0: Inserting load PC (0x40104b=>0x40104d).(0=>1), idx:6 [sn:37]
 180000: system.cpu.iq: Adding instruction [sn:37] PC (0x40104b=>0x40104d).(0=>1) to the IQ.
 180000: system.cpu.iq: Instruction PC (0x40104b=>0x40104d).(0=>1) has src reg 63 (integer) that is being added to the dependency chain.
 180000: system.cpu.iq: Instruction PC (0x40104b=>0x40104d).(0=>1) has src reg 67 (integer) that is being added to the dependency chain.
 180000: system.cpu.memDep0: No dependency for inst PC (0x40104b=>0x40104d).(0=>1) [sn:37].
 180000: system.cpu.iew: [tid:0] Issue: Adding PC (0x40104b=>0x40104d).(1=>2) [sn:38] [tid:0] to IQ.
 180000: system.cpu.iq: Adding instruction [sn:38] PC (0x40104b=>0x40104d).(1=>2) to the IQ.
 180000: system.cpu.iq: Instruction PC (0x40104b=>0x40104d).(1=>2) has src reg 68 (integer) that is being added to the dependency chain.
 180000: system.cpu.iq: Instruction PC (0x40104b=>0x40104d).(1=>2) has src reg 63 (integer) that is being added to the dependency chain.
 180000: system.cpu.iq: Instruction PC (0x40104b=>0x40104d).(1=>2) has src reg 68 (integer) that is being added to the dependency chain.
 180000: system.cpu.iq: Attempting to schedule ready instructions from the IQ.
 180000: system.cpu.iq: Thread 0: Issuing instruction PC (0x40103e=>0x401045).(0=>1) [sn:29]
 180000: system.cpu.iq: Thread 0: Issuing instruction PC (0x401045=>0x401047).(0=>1) [sn:30]
 180000: system.cpu.iew.lsq: [tid:0] Writing back stores. 4 stores available for Writeback.
 180000: system.cpu.iew: Processing [tid:0]
 180000: system.cpu.iew: [tid:0], Dispatch dispatched 10 instructions.
 180000: system.cpu.iew.lsq.thread0: SQ size: 72, #stores occupied: 6
 180000: system.cpu.iew.lsq.thread0: LQ size: 132, #loads occupied: 3
 180000: system.cpu.iew: IQ has 551 free entries (Can schedule: 0).  LQ has 129 free entries. SQ has 66 free entries.
 180000: system.cpu.commit: Getting instructions from Rename stage.
 180000: system.cpu.commit: [tid:0] [sn:39] Inserting PC (0x40104b=>0x40104d).(2=>3) into ROB.
 180000: system.cpu.rob: Adding inst PC (0x40104b=>0x40104d).(2=>3) to the ROB.
 180000: system.cpu.rob: [tid:0] Now has 11 instructions.
 180000: system.cpu.commit: [tid:0] [sn:40] Inserting PC (0x40104d=>0x40104f).(0=>1) into ROB.
 180000: system.cpu.rob: Adding inst PC (0x40104d=>0x40104f).(0=>1) to the ROB.
 180000: system.cpu.rob: [tid:0] Now has 12 instructions.
 180000: system.cpu.commit: [tid:0] [sn:41] Inserting PC (0x40104d=>0x40104f).(1=>2) into ROB.
 180000: system.cpu.rob: Adding inst PC (0x40104d=>0x40104f).(1=>2) to the ROB.
 180000: system.cpu.rob: [tid:0] Now has 13 instructions.
 180000: system.cpu.commit: [tid:0] [sn:42] Inserting PC (0x40104d=>0x40104f).(2=>3) into ROB.
 180000: system.cpu.rob: Adding inst PC (0x40104d=>0x40104f).(2=>3) to the ROB.
 180000: system.cpu.rob: [tid:0] Now has 14 instructions.
 180000: system.cpu.commit: [tid:0] [sn:43] Inserting PC (0x40104f=>0x401051).(0=>1) into ROB.
 180000: system.cpu.rob: Adding inst PC (0x40104f=>0x401051).(0=>1) to the ROB.
 180000: system.cpu.rob: [tid:0] Now has 15 instructions.
 180000: system.cpu.commit: [tid:0] [sn:44] Inserting PC (0x40104f=>0x401051).(1=>2) into ROB.
 180000: system.cpu.rob: Adding inst PC (0x40104f=>0x401051).(1=>2) to the ROB.
 180000: system.cpu.rob: [tid:0] Now has 16 instructions.
 180000: system.cpu.commit: [tid:0] [sn:45] Inserting PC (0x40104f=>0x401051).(2=>3) into ROB.
 180000: system.cpu.rob: Adding inst PC (0x40104f=>0x401051).(2=>3) to the ROB.
 180000: system.cpu.rob: [tid:0] Now has 17 instructions.
 180000: system.cpu.commit: [tid:0] [sn:46] Inserting PC (0x401051=>0x401053).(0=>1) into ROB.
 180000: system.cpu.rob: Adding inst PC (0x401051=>0x401053).(0=>1) to the ROB.
 180000: system.cpu.rob: [tid:0] Now has 18 instructions.
 180000: system.cpu.commit: [tid:0] [sn:47] Inserting PC (0x401051=>0x401053).(1=>2) into ROB.
 180000: system.cpu.rob: Adding inst PC (0x401051=>0x401053).(1=>2) to the ROB.
 180000: system.cpu.rob: [tid:0] Now has 19 instructions.
 180000: system.cpu.commit: [tid:0] [sn:48] Inserting PC (0x401051=>0x401053).(2=>3) into ROB.
 180000: system.cpu.rob: Adding inst PC (0x401051=>0x401053).(2=>3) to the ROB.
 180000: system.cpu.rob: [tid:0] Now has 20 instructions.
 180000: system.cpu.commit: Trying to commit instructions in the ROB.
 180000: system.cpu.commit: [tid:0] Can't commit, Instruction [sn:29] PC (0x40103e=>0x401045).(0=>1) is head of ROB and not ready
 180000: system.cpu.commit: [tid:0] ROB has 20 insts & 898 free entries.
 180000: system.cpu.commit: Activity This Cycle.
 180000: system.cpu: Scheduling next tick!
 181000: system.cpu: 

O3CPU: Ticking main, O3CPU.
 181000: system.cpu.fetch: Running stage.
 181000: system.cpu.fetch: Attempting to fetch from [tid:0]
 181000: system.cpu.fetch: [tid:0] Adding instructions to queue to decode.
 181000: system.cpu.decoder: Decode: Decoded add instruction: 
{
	leg = 0,
	rex = 0,
	vex/xop = 0,
	op = {
		type = one byte,
		op = 0,
		},
	modRM = 0,
	sib = 0,
	immediate = 0,
	displacement = 0
	dispSize = 0}

 181000: global: DynInst: [sn:79] Instruction created. Instcount for system.cpu = 55
 181000: system.cpu.fetch: [tid:0] Instruction PC (0x401067=>0x401069).(0=>1) created [sn:79].
 181000: system.cpu.fetch: [tid:0] Instruction is:   ADD_M_R : ldst   t1b, DS:[rax]
 181000: system.cpu.fetch: [tid:0] Fetch queue entry created (1/128).
 181000: global: DynInst: [sn:80] Instruction created. Instcount for system.cpu = 56
 181000: system.cpu.fetch: [tid:0] Instruction PC (0x401067=>0x401069).(1=>2) created [sn:80].
 181000: system.cpu.fetch: [tid:0] Instruction is:   ADD_M_R : add   t1b, t1b, al
 181000: system.cpu.fetch: [tid:0] Fetch queue entry created (2/128).
 181000: global: DynInst: [sn:81] Instruction created. Instcount for system.cpu = 57
 181000: system.cpu.fetch: [tid:0] Instruction PC (0x401067=>0x401069).(2=>3) created [sn:81].
 181000: system.cpu.fetch: [tid:0] Instruction is:   ADD_M_R : st   t1b, DS:[rax]
 181000: system.cpu.fetch: [tid:0] Fetch queue entry created (3/128).
 181000: system.cpu.decoder: Decode: Decoded add instruction: 
{
	leg = 0,
	rex = 0,
	vex/xop = 0,
	op = {
		type = one byte,
		op = 0,
		},
	modRM = 0,
	sib = 0,
	immediate = 0,
	displacement = 0
	dispSize = 0}

 181000: global: DynInst: [sn:82] Instruction created. Instcount for system.cpu = 58
 181000: system.cpu.fetch: [tid:0] Instruction PC (0x401069=>0x40106b).(0=>1) created [sn:82].
 181000: system.cpu.fetch: [tid:0] Instruction is:   ADD_M_R : ldst   t1b, DS:[rax]
 181000: system.cpu.fetch: [tid:0] Fetch queue entry created (4/128).
 181000: global: DynInst: [sn:83] Instruction created. Instcount for system.cpu = 59
 181000: system.cpu.fetch: [tid:0] Instruction PC (0x401069=>0x40106b).(1=>2) created [sn:83].
 181000: system.cpu.fetch: [tid:0] Instruction is:   ADD_M_R : add   t1b, t1b, al
 181000: system.cpu.fetch: [tid:0] Fetch queue entry created (5/128).
 181000: global: DynInst: [sn:84] Instruction created. Instcount for system.cpu = 60
 181000: system.cpu.fetch: [tid:0] Instruction PC (0x401069=>0x40106b).(2=>3) created [sn:84].
 181000: system.cpu.fetch: [tid:0] Instruction is:   ADD_M_R : st   t1b, DS:[rax]
 181000: system.cpu.fetch: [tid:0] Fetch queue entry created (6/128).
 181000: system.cpu.decoder: Decode: Decoded add instruction: 
{
	leg = 0,
	rex = 0,
	vex/xop = 0,
	op = {
		type = one byte,
		op = 0,
		},
	modRM = 0,
	sib = 0,
	immediate = 0,
	displacement = 0
	dispSize = 0}

 181000: global: DynInst: [sn:85] Instruction created. Instcount for system.cpu = 61
 181000: system.cpu.fetch: [tid:0] Instruction PC (0x40106b=>0x40106d).(0=>1) created [sn:85].
 181000: system.cpu.fetch: [tid:0] Instruction is:   ADD_M_R : ldst   t1b, DS:[rax]
 181000: system.cpu.fetch: [tid:0] Fetch queue entry created (7/128).
 181000: global: DynInst: [sn:86] Instruction created. Instcount for system.cpu = 62
 181000: system.cpu.fetch: [tid:0] Instruction PC (0x40106b=>0x40106d).(1=>2) created [sn:86].
 181000: system.cpu.fetch: [tid:0] Instruction is:   ADD_M_R : add   t1b, t1b, al
 181000: system.cpu.fetch: [tid:0] Fetch queue entry created (8/128).
 181000: global: DynInst: [sn:87] Instruction created. Instcount for system.cpu = 63
 181000: system.cpu.fetch: [tid:0] Instruction PC (0x40106b=>0x40106d).(2=>3) created [sn:87].
 181000: system.cpu.fetch: [tid:0] Instruction is:   ADD_M_R : st   t1b, DS:[rax]
 181000: system.cpu.fetch: [tid:0] Fetch queue entry created (9/128).
 181000: system.cpu.decoder: Decode: Decoded add instruction: 
{
	leg = 0,
	rex = 0,
	vex/xop = 0,
	op = {
		type = one byte,
		op = 0,
		},
	modRM = 0,
	sib = 0,
	immediate = 0,
	displacement = 0
	dispSize = 0}

 181000: global: DynInst: [sn:88] Instruction created. Instcount for system.cpu = 64
 181000: system.cpu.fetch: [tid:0] Instruction PC (0x40106d=>0x40106f).(0=>1) created [sn:88].
 181000: system.cpu.fetch: [tid:0] Instruction is:   ADD_M_R : ldst   t1b, DS:[rax]
 181000: system.cpu.fetch: [tid:0] Fetch queue entry created (10/128).
 181000: system.cpu.fetch: [tid:0] Done fetching, reached fetch bandwidth for this cycle.
 181000: system.cpu.fetch: [tid:0] [sn:79] Sending instruction to decode from fetch queue. Fetch queue size: 10.
 181000: system.cpu.fetch: [tid:0] [sn:80] Sending instruction to decode from fetch queue. Fetch queue size: 9.
 181000: system.cpu.fetch: [tid:0] [sn:81] Sending instruction to decode from fetch queue. Fetch queue size: 8.
 181000: system.cpu.fetch: [tid:0] [sn:82] Sending instruction to decode from fetch queue. Fetch queue size: 7.
 181000: system.cpu.fetch: [tid:0] [sn:83] Sending instruction to decode from fetch queue. Fetch queue size: 6.
 181000: system.cpu.fetch: [tid:0] [sn:84] Sending instruction to decode from fetch queue. Fetch queue size: 5.
 181000: system.cpu.fetch: [tid:0] [sn:85] Sending instruction to decode from fetch queue. Fetch queue size: 4.
 181000: system.cpu.fetch: [tid:0] [sn:86] Sending instruction to decode from fetch queue. Fetch queue size: 3.
 181000: system.cpu.fetch: [tid:0] [sn:87] Sending instruction to decode from fetch queue. Fetch queue size: 2.
 181000: system.cpu.fetch: [tid:0] [sn:88] Sending instruction to decode from fetch queue. Fetch queue size: 1.
 181000: system.cpu.fetch: Activity this cycle.
 181000: system.cpu: Activity: 8
 181000: system.cpu.decode: Processing [tid:0]
 181000: system.cpu.decode: [tid:0] Not blocked, so attempting to run stage.
 181000: system.cpu.decode: [tid:0] Sending instruction to rename.
 181000: system.cpu.decode: [tid:0] Processing instruction [sn:69] with PC (0x40105f=>0x401061).(2=>3)
 181000: system.cpu.decode: [tid:0] Processing instruction [sn:70] with PC (0x401061=>0x401063).(0=>1)
 181000: system.cpu.decode: [tid:0] Processing instruction [sn:71] with PC (0x401061=>0x401063).(1=>2)
 181000: system.cpu.decode: [tid:0] Processing instruction [sn:72] with PC (0x401061=>0x401063).(2=>3)
 181000: system.cpu.decode: [tid:0] Processing instruction [sn:73] with PC (0x401063=>0x401065).(0=>1)
 181000: system.cpu.decode: [tid:0] Processing instruction [sn:74] with PC (0x401063=>0x401065).(1=>2)
 181000: system.cpu.decode: [tid:0] Processing instruction [sn:75] with PC (0x401063=>0x401065).(2=>3)
 181000: system.cpu.decode: [tid:0] Processing instruction [sn:76] with PC (0x401065=>0x401067).(0=>1)
 181000: system.cpu.decode: [tid:0] Processing instruction [sn:77] with PC (0x401065=>0x401067).(1=>2)
 181000: system.cpu.decode: [tid:0] Processing instruction [sn:78] with PC (0x401065=>0x401067).(2=>3)
 181000: system.cpu.decode: Activity this cycle.
 181000: system.cpu.rename: Processing [tid:0]
 181000: system.cpu.rename: [tid:0] Free IQ: 559, Free ROB: 898, Free LQ: 132, Free SQ: 68, FreeRM 127(859 870 917 1834 127 8 4567)
 181000: system.cpu.rename: [tid:0] 30 instructions not yet in ROB
 181000: system.cpu.rename: calcFreeLQEntries: free lqEntries: 132, loadsInProgress: 10, loads dispatchedToLQ: 3
 181000: system.cpu.rename: [tid:0] Not blocked, so attempting to run stage.
 181000: system.cpu.rename: [tid:0] 10 available instructions to send iew.
 181000: system.cpu.rename: [tid:0] 30 insts pipelining from Rename | 10 insts dispatched to IQ last cycle.
 181000: system.cpu.rename: [tid:0] Sending instructions to IEW.
 181000: system.cpu.rename: [tid:0] Processing instruction [sn:59] with PC (0x401059=>0x40105b).(1=>2).
 181000: system.cpu.rename: [tid:0] Looking up integer arch reg 17, got phys reg 82 (integer) (bypassed: no)
 181000: system.cpu.rename: [tid:0] Register 82 (flat: 82) (integer) is not ready.
 181000: system.cpu.rename: [tid:0] Looking up integer arch reg 0, got phys reg 63 (integer) (bypassed: no)
 181000: system.cpu.rename: [tid:0] Register 63 (flat: 63) (integer) is not ready.
 181000: system.cpu.rename: [tid:0] Looking up integer arch reg 17, got phys reg 82 (integer) (bypassed: no)
 181000: system.cpu.rename: [tid:0] Register 82 (flat: 82) (integer) is not ready.
 181000: system.cpu.rename: [tid:0] Looking up invalid arch reg 0, got phys reg 4294967295 (invalid) (bypassed: no)
 181000: system.cpu.rename: [tid:0] Register 4294967295 (flat: 4294967295) (invalid) is ready.
 181000: global: [sn:59] has 1 ready out of 8 sources. RTI 0)
 181000: system.cpu.rename: [tid:0] Looking up invalid arch reg 0, got phys reg 4294967295 (invalid) (bypassed: no)
 181000: system.cpu.rename: [tid:0] Register 4294967295 (flat: 4294967295) (invalid) is ready.
 181000: global: [sn:59] has 2 ready out of 8 sources. RTI 0)
 181000: system.cpu.rename: [tid:0] Looking up invalid arch reg 0, got phys reg 4294967295 (invalid) (bypassed: no)
 181000: system.cpu.rename: [tid:0] Register 4294967295 (flat: 4294967295) (invalid) is ready.
 181000: global: [sn:59] has 3 ready out of 8 sources. RTI 0)
 181000: system.cpu.rename: [tid:0] Looking up invalid arch reg 0, got phys reg 4294967295 (invalid) (bypassed: no)
 181000: system.cpu.rename: [tid:0] Register 4294967295 (flat: 4294967295) (invalid) is ready.
 181000: global: [sn:59] has 4 ready out of 8 sources. RTI 0)
 181000: system.cpu.rename: [tid:0] Looking up invalid arch reg 0, got phys reg 4294967295 (invalid) (bypassed: no)
 181000: system.cpu.rename: [tid:0] Register 4294967295 (flat: 4294967295) (invalid) is ready.
 181000: global: [sn:59] has 5 ready out of 8 sources. RTI 0)
 181000: global: Renamed reg t1 (17) to physical reg 83 (83) old mapping was 82 (82)
 181000: system.cpu.rename: [tid:0] Renaming arch reg 17 (integer) to physical reg 83 (83).
 181000: global: Renamed reg condition_code[0] (0) to physical reg 4767 (4767) old mapping was 4765 (4765)
 181000: system.cpu.rename: [tid:0] Renaming arch reg 0 (condition_code) to physical reg 41 (4767).
 181000: global: Renamed reg condition_code[1] (1) to physical reg 4768 (4768) old mapping was 4766 (4766)
 181000: system.cpu.rename: [tid:0] Renaming arch reg 1 (condition_code) to physical reg 42 (4768).
 181000: system.cpu.rename: [tid:0] Renaming arch reg 0 (invalid) to physical reg 4294967295 (4294967295).
 181000: system.cpu.rename: [tid:0] Renaming arch reg 0 (invalid) to physical reg 4294967295 (4294967295).
 181000: system.cpu.rename: [tid:0] Renaming arch reg 0 (invalid) to physical reg 4294967295 (4294967295).
 181000: system.cpu.rename: [tid:0] Sending instructions to IEW.
 181000: system.cpu.rename: calcFreeSQEntries: free sqEntries: 68, storesInProgress: 9, stores dispatchedToSQ: 2
 181000: system.cpu.rename: [tid:0] Processing instruction [sn:60] with PC (0x401059=>0x40105b).(2=>3).
 181000: system.cpu.rename: [tid:0] Looking up invalid arch reg 0, got phys reg 4294967295 (invalid) (bypassed: no)
 181000: system.cpu.rename: [tid:0] Register 4294967295 (flat: 4294967295) (invalid) is ready.
 181000: global: [sn:60] has 1 ready out of 4 sources. RTI 0)
 181000: system.cpu.rename: [tid:0] Looking up integer arch reg 0, got phys reg 63 (integer) (bypassed: no)
 181000: system.cpu.rename: [tid:0] Register 63 (flat: 63) (integer) is not ready.
 181000: system.cpu.rename: [tid:0] Looking up integer arch reg 17, got phys reg 83 (integer) (bypassed: no)
 181000: system.cpu.rename: [tid:0] Register 83 (flat: 83) (integer) is not ready.
 181000: system.cpu.rename: [tid:0] Looking up miscellaneous arch reg 155, got phys reg 155 (miscellaneous) (bypassed: no)
 181000: system.cpu.rename: [tid:0] Register 155 (flat: 0) (miscellaneous) is ready.
 181000: global: [sn:60] has 2 ready out of 4 sources. RTI 0)
 181000: system.cpu.rename: [tid:0] Sending instructions to IEW.
 181000: system.cpu.rename: calcFreeLQEntries: free lqEntries: 132, loadsInProgress: 10, loads dispatchedToLQ: 3
 181000: system.cpu.rename: [tid:0] Processing instruction [sn:61] with PC (0x40105b=>0x40105d).(0=>1).
 181000: system.cpu.rename: [tid:0] Looking up invalid arch reg 0, got phys reg 4294967295 (invalid) (bypassed: no)
 181000: system.cpu.rename: [tid:0] Register 4294967295 (flat: 4294967295) (invalid) is ready.
 181000: global: [sn:61] has 1 ready out of 4 sources. RTI 0)
 181000: system.cpu.rename: [tid:0] Looking up integer arch reg 0, got phys reg 63 (integer) (bypassed: no)
 181000: system.cpu.rename: [tid:0] Register 63 (flat: 63) (integer) is not ready.
 181000: system.cpu.rename: [tid:0] Looking up integer arch reg 17, got phys reg 83 (integer) (bypassed: no)
 181000: system.cpu.rename: [tid:0] Register 83 (flat: 83) (integer) is not ready.
 181000: system.cpu.rename: [tid:0] Looking up miscellaneous arch reg 155, got phys reg 155 (miscellaneous) (bypassed: no)
 181000: system.cpu.rename: [tid:0] Register 155 (flat: 0) (miscellaneous) is ready.
 181000: global: [sn:61] has 2 ready out of 4 sources. RTI 0)
 181000: global: Renamed reg t1 (17) to physical reg 84 (84) old mapping was 83 (83)
 181000: system.cpu.rename: [tid:0] Querying SMB Predictor for load [sn:61] with PC (0x40105b=>0x40105d).(0=>1).
 181000: system.cpu.rename: [tid:0] Renaming arch reg 17 (integer) to physical reg 84 (84).
 181000: system.cpu.rename: [tid:0] Sending instructions to IEW.
 181000: system.cpu.rename: [tid:0] Processing instruction [sn:62] with PC (0x40105b=>0x40105d).(1=>2).
 181000: system.cpu.rename: [tid:0] Looking up integer arch reg 17, got phys reg 84 (integer) (bypassed: no)
 181000: system.cpu.rename: [tid:0] Register 84 (flat: 84) (integer) is not ready.
 181000: system.cpu.rename: [tid:0] Looking up integer arch reg 0, got phys reg 63 (integer) (bypassed: no)
 181000: system.cpu.rename: [tid:0] Register 63 (flat: 63) (integer) is not ready.
 181000: system.cpu.rename: [tid:0] Looking up integer arch reg 17, got phys reg 84 (integer) (bypassed: no)
 181000: system.cpu.rename: [tid:0] Register 84 (flat: 84) (integer) is not ready.
 181000: system.cpu.rename: [tid:0] Looking up invalid arch reg 0, got phys reg 4294967295 (invalid) (bypassed: no)
 181000: system.cpu.rename: [tid:0] Register 4294967295 (flat: 4294967295) (invalid) is ready.
 181000: global: [sn:62] has 1 ready out of 8 sources. RTI 0)
 181000: system.cpu.rename: [tid:0] Looking up invalid arch reg 0, got phys reg 4294967295 (invalid) (bypassed: no)
 181000: system.cpu.rename: [tid:0] Register 4294967295 (flat: 4294967295) (invalid) is ready.
 181000: global: [sn:62] has 2 ready out of 8 sources. RTI 0)
 181000: system.cpu.rename: [tid:0] Looking up invalid arch reg 0, got phys reg 4294967295 (invalid) (bypassed: no)
 181000: system.cpu.rename: [tid:0] Register 4294967295 (flat: 4294967295) (invalid) is ready.
 181000: global: [sn:62] has 3 ready out of 8 sources. RTI 0)
 181000: system.cpu.rename: [tid:0] Looking up invalid arch reg 0, got phys reg 4294967295 (invalid) (bypassed: no)
 181000: system.cpu.rename: [tid:0] Register 4294967295 (flat: 4294967295) (invalid) is ready.
 181000: global: [sn:62] has 4 ready out of 8 sources. RTI 0)
 181000: system.cpu.rename: [tid:0] Looking up invalid arch reg 0, got phys reg 4294967295 (invalid) (bypassed: no)
 181000: system.cpu.rename: [tid:0] Register 4294967295 (flat: 4294967295) (invalid) is ready.
 181000: global: [sn:62] has 5 ready out of 8 sources. RTI 0)
 181000: global: Renamed reg t1 (17) to physical reg 85 (85) old mapping was 84 (84)
 181000: system.cpu.rename: [tid:0] Renaming arch reg 17 (integer) to physical reg 85 (85).
 181000: global: Renamed reg condition_code[0] (0) to physical reg 4769 (4769) old mapping was 4767 (4767)
 181000: system.cpu.rename: [tid:0] Renaming arch reg 0 (condition_code) to physical reg 43 (4769).
 181000: global: Renamed reg condition_code[1] (1) to physical reg 4770 (4770) old mapping was 4768 (4768)
 181000: system.cpu.rename: [tid:0] Renaming arch reg 1 (condition_code) to physical reg 44 (4770).
 181000: system.cpu.rename: [tid:0] Renaming arch reg 0 (invalid) to physical reg 4294967295 (4294967295).
 181000: system.cpu.rename: [tid:0] Renaming arch reg 0 (invalid) to physical reg 4294967295 (4294967295).
 181000: system.cpu.rename: [tid:0] Renaming arch reg 0 (invalid) to physical reg 4294967295 (4294967295).
 181000: system.cpu.rename: [tid:0] Sending instructions to IEW.
 181000: system.cpu.rename: calcFreeSQEntries: free sqEntries: 68, storesInProgress: 10, stores dispatchedToSQ: 2
 181000: system.cpu.rename: [tid:0] Processing instruction [sn:63] with PC (0x40105b=>0x40105d).(2=>3).
 181000: system.cpu.rename: [tid:0] Looking up invalid arch reg 0, got phys reg 4294967295 (invalid) (bypassed: no)
 181000: system.cpu.rename: [tid:0] Register 4294967295 (flat: 4294967295) (invalid) is ready.
 181000: global: [sn:63] has 1 ready out of 4 sources. RTI 0)
 181000: system.cpu.rename: [tid:0] Looking up integer arch reg 0, got phys reg 63 (integer) (bypassed: no)
 181000: system.cpu.rename: [tid:0] Register 63 (flat: 63) (integer) is not ready.
 181000: system.cpu.rename: [tid:0] Looking up integer arch reg 17, got phys reg 85 (integer) (bypassed: no)
 181000: system.cpu.rename: [tid:0] Register 85 (flat: 85) (integer) is not ready.
 181000: system.cpu.rename: [tid:0] Looking up miscellaneous arch reg 155, got phys reg 155 (miscellaneous) (bypassed: no)
 181000: system.cpu.rename: [tid:0] Register 155 (flat: 0) (miscellaneous) is ready.
 181000: global: [sn:63] has 2 ready out of 4 sources. RTI 0)
 181000: system.cpu.rename: [tid:0] Sending instructions to IEW.
 181000: system.cpu.rename: calcFreeLQEntries: free lqEntries: 132, loadsInProgress: 11, loads dispatchedToLQ: 3
 181000: system.cpu.rename: [tid:0] Processing instruction [sn:64] with PC (0x40105d=>0x40105f).(0=>1).
 181000: system.cpu.rename: [tid:0] Looking up invalid arch reg 0, got phys reg 4294967295 (invalid) (bypassed: no)
 181000: system.cpu.rename: [tid:0] Register 4294967295 (flat: 4294967295) (invalid) is ready.
 181000: global: [sn:64] has 1 ready out of 4 sources. RTI 0)
 181000: system.cpu.rename: [tid:0] Looking up integer arch reg 0, got phys reg 63 (integer) (bypassed: no)
 181000: system.cpu.rename: [tid:0] Register 63 (flat: 63) (integer) is not ready.
 181000: system.cpu.rename: [tid:0] Looking up integer arch reg 17, got phys reg 85 (integer) (bypassed: no)
 181000: system.cpu.rename: [tid:0] Register 85 (flat: 85) (integer) is not ready.
 181000: system.cpu.rename: [tid:0] Looking up miscellaneous arch reg 155, got phys reg 155 (miscellaneous) (bypassed: no)
 181000: system.cpu.rename: [tid:0] Register 155 (flat: 0) (miscellaneous) is ready.
 181000: global: [sn:64] has 2 ready out of 4 sources. RTI 0)
 181000: global: Renamed reg t1 (17) to physical reg 86 (86) old mapping was 85 (85)
 181000: system.cpu.rename: [tid:0] Querying SMB Predictor for load [sn:64] with PC (0x40105d=>0x40105f).(0=>1).
 181000: system.cpu.rename: [tid:0] Renaming arch reg 17 (integer) to physical reg 86 (86).
 181000: system.cpu.rename: [tid:0] Sending instructions to IEW.
 181000: system.cpu.rename: [tid:0] Processing instruction [sn:65] with PC (0x40105d=>0x40105f).(1=>2).
 181000: system.cpu.rename: [tid:0] Looking up integer arch reg 17, got phys reg 86 (integer) (bypassed: no)
 181000: system.cpu.rename: [tid:0] Register 86 (flat: 86) (integer) is not ready.
 181000: system.cpu.rename: [tid:0] Looking up integer arch reg 0, got phys reg 63 (integer) (bypassed: no)
 181000: system.cpu.rename: [tid:0] Register 63 (flat: 63) (integer) is not ready.
 181000: system.cpu.rename: [tid:0] Looking up integer arch reg 17, got phys reg 86 (integer) (bypassed: no)
 181000: system.cpu.rename: [tid:0] Register 86 (flat: 86) (integer) is not ready.
 181000: system.cpu.rename: [tid:0] Looking up invalid arch reg 0, got phys reg 4294967295 (invalid) (bypassed: no)
 181000: system.cpu.rename: [tid:0] Register 4294967295 (flat: 4294967295) (invalid) is ready.
 181000: global: [sn:65] has 1 ready out of 8 sources. RTI 0)
 181000: system.cpu.rename: [tid:0] Looking up invalid arch reg 0, got phys reg 4294967295 (invalid) (bypassed: no)
 181000: system.cpu.rename: [tid:0] Register 4294967295 (flat: 4294967295) (invalid) is ready.
 181000: global: [sn:65] has 2 ready out of 8 sources. RTI 0)
 181000: system.cpu.rename: [tid:0] Looking up invalid arch reg 0, got phys reg 4294967295 (invalid) (bypassed: no)
 181000: system.cpu.rename: [tid:0] Register 4294967295 (flat: 4294967295) (invalid) is ready.
 181000: global: [sn:65] has 3 ready out of 8 sources. RTI 0)
 181000: system.cpu.rename: [tid:0] Looking up invalid arch reg 0, got phys reg 4294967295 (invalid) (bypassed: no)
 181000: system.cpu.rename: [tid:0] Register 4294967295 (flat: 4294967295) (invalid) is ready.
 181000: global: [sn:65] has 4 ready out of 8 sources. RTI 0)
 181000: system.cpu.rename: [tid:0] Looking up invalid arch reg 0, got phys reg 4294967295 (invalid) (bypassed: no)
 181000: system.cpu.rename: [tid:0] Register 4294967295 (flat: 4294967295) (invalid) is ready.
 181000: global: [sn:65] has 5 ready out of 8 sources. RTI 0)
 181000: global: Renamed reg t1 (17) to physical reg 87 (87) old mapping was 86 (86)
 181000: system.cpu.rename: [tid:0] Renaming arch reg 17 (integer) to physical reg 87 (87).
 181000: global: Renamed reg condition_code[0] (0) to physical reg 4771 (4771) old mapping was 4769 (4769)
 181000: system.cpu.rename: [tid:0] Renaming arch reg 0 (condition_code) to physical reg 45 (4771).
 181000: global: Renamed reg condition_code[1] (1) to physical reg 4772 (4772) old mapping was 4770 (4770)
 181000: system.cpu.rename: [tid:0] Renaming arch reg 1 (condition_code) to physical reg 46 (4772).
 181000: system.cpu.rename: [tid:0] Renaming arch reg 0 (invalid) to physical reg 4294967295 (4294967295).
 181000: system.cpu.rename: [tid:0] Renaming arch reg 0 (invalid) to physical reg 4294967295 (4294967295).
 181000: system.cpu.rename: [tid:0] Renaming arch reg 0 (invalid) to physical reg 4294967295 (4294967295).
 181000: system.cpu.rename: [tid:0] Sending instructions to IEW.
 181000: system.cpu.rename: calcFreeSQEntries: free sqEntries: 68, storesInProgress: 11, stores dispatchedToSQ: 2
 181000: system.cpu.rename: [tid:0] Processing instruction [sn:66] with PC (0x40105d=>0x40105f).(2=>3).
 181000: system.cpu.rename: [tid:0] Looking up invalid arch reg 0, got phys reg 4294967295 (invalid) (bypassed: no)
 181000: system.cpu.rename: [tid:0] Register 4294967295 (flat: 4294967295) (invalid) is ready.
 181000: global: [sn:66] has 1 ready out of 4 sources. RTI 0)
 181000: system.cpu.rename: [tid:0] Looking up integer arch reg 0, got phys reg 63 (integer) (bypassed: no)
 181000: system.cpu.rename: [tid:0] Register 63 (flat: 63) (integer) is not ready.
 181000: system.cpu.rename: [tid:0] Looking up integer arch reg 17, got phys reg 87 (integer) (bypassed: no)
 181000: system.cpu.rename: [tid:0] Register 87 (flat: 87) (integer) is not ready.
 181000: system.cpu.rename: [tid:0] Looking up miscellaneous arch reg 155, got phys reg 155 (miscellaneous) (bypassed: no)
 181000: system.cpu.rename: [tid:0] Register 155 (flat: 0) (miscellaneous) is ready.
 181000: global: [sn:66] has 2 ready out of 4 sources. RTI 0)
 181000: system.cpu.rename: [tid:0] Sending instructions to IEW.
 181000: system.cpu.rename: calcFreeLQEntries: free lqEntries: 132, loadsInProgress: 12, loads dispatchedToLQ: 3
 181000: system.cpu.rename: [tid:0] Processing instruction [sn:67] with PC (0x40105f=>0x401061).(0=>1).
 181000: system.cpu.rename: [tid:0] Looking up invalid arch reg 0, got phys reg 4294967295 (invalid) (bypassed: no)
 181000: system.cpu.rename: [tid:0] Register 4294967295 (flat: 4294967295) (invalid) is ready.
 181000: global: [sn:67] has 1 ready out of 4 sources. RTI 0)
 181000: system.cpu.rename: [tid:0] Looking up integer arch reg 0, got phys reg 63 (integer) (bypassed: no)
 181000: system.cpu.rename: [tid:0] Register 63 (flat: 63) (integer) is not ready.
 181000: system.cpu.rename: [tid:0] Looking up integer arch reg 17, got phys reg 87 (integer) (bypassed: no)
 181000: system.cpu.rename: [tid:0] Register 87 (flat: 87) (integer) is not ready.
 181000: system.cpu.rename: [tid:0] Looking up miscellaneous arch reg 155, got phys reg 155 (miscellaneous) (bypassed: no)
 181000: system.cpu.rename: [tid:0] Register 155 (flat: 0) (miscellaneous) is ready.
 181000: global: [sn:67] has 2 ready out of 4 sources. RTI 0)
 181000: global: Renamed reg t1 (17) to physical reg 88 (88) old mapping was 87 (87)
 181000: system.cpu.rename: [tid:0] Querying SMB Predictor for load [sn:67] with PC (0x40105f=>0x401061).(0=>1).
 181000: system.cpu.rename: [tid:0] Renaming arch reg 17 (integer) to physical reg 88 (88).
 181000: system.cpu.rename: [tid:0] Sending instructions to IEW.
 181000: system.cpu.rename: [tid:0] Processing instruction [sn:68] with PC (0x40105f=>0x401061).(1=>2).
 181000: system.cpu.rename: [tid:0] Looking up integer arch reg 17, got phys reg 88 (integer) (bypassed: no)
 181000: system.cpu.rename: [tid:0] Register 88 (flat: 88) (integer) is not ready.
 181000: system.cpu.rename: [tid:0] Looking up integer arch reg 0, got phys reg 63 (integer) (bypassed: no)
 181000: system.cpu.rename: [tid:0] Register 63 (flat: 63) (integer) is not ready.
 181000: system.cpu.rename: [tid:0] Looking up integer arch reg 17, got phys reg 88 (integer) (bypassed: no)
 181000: system.cpu.rename: [tid:0] Register 88 (flat: 88) (integer) is not ready.
 181000: system.cpu.rename: [tid:0] Looking up invalid arch reg 0, got phys reg 4294967295 (invalid) (bypassed: no)
 181000: system.cpu.rename: [tid:0] Register 4294967295 (flat: 4294967295) (invalid) is ready.
 181000: global: [sn:68] has 1 ready out of 8 sources. RTI 0)
 181000: system.cpu.rename: [tid:0] Looking up invalid arch reg 0, got phys reg 4294967295 (invalid) (bypassed: no)
 181000: system.cpu.rename: [tid:0] Register 4294967295 (flat: 4294967295) (invalid) is ready.
 181000: global: [sn:68] has 2 ready out of 8 sources. RTI 0)
 181000: system.cpu.rename: [tid:0] Looking up invalid arch reg 0, got phys reg 4294967295 (invalid) (bypassed: no)
 181000: system.cpu.rename: [tid:0] Register 4294967295 (flat: 4294967295) (invalid) is ready.
 181000: global: [sn:68] has 3 ready out of 8 sources. RTI 0)
 181000: system.cpu.rename: [tid:0] Looking up invalid arch reg 0, got phys reg 4294967295 (invalid) (bypassed: no)
 181000: system.cpu.rename: [tid:0] Register 4294967295 (flat: 4294967295) (invalid) is ready.
 181000: global: [sn:68] has 4 ready out of 8 sources. RTI 0)
 181000: system.cpu.rename: [tid:0] Looking up invalid arch reg 0, got phys reg 4294967295 (invalid) (bypassed: no)
 181000: system.cpu.rename: [tid:0] Register 4294967295 (flat: 4294967295) (invalid) is ready.
 181000: global: [sn:68] has 5 ready out of 8 sources. RTI 0)
 181000: global: Renamed reg t1 (17) to physical reg 89 (89) old mapping was 88 (88)
 181000: system.cpu.rename: [tid:0] Renaming arch reg 17 (integer) to physical reg 89 (89).
 181000: global: Renamed reg condition_code[0] (0) to physical reg 4773 (4773) old mapping was 4771 (4771)
 181000: system.cpu.rename: [tid:0] Renaming arch reg 0 (condition_code) to physical reg 47 (4773).
 181000: global: Renamed reg condition_code[1] (1) to physical reg 4774 (4774) old mapping was 4772 (4772)
 181000: system.cpu.rename: [tid:0] Renaming arch reg 1 (condition_code) to physical reg 48 (4774).
 181000: system.cpu.rename: [tid:0] Renaming arch reg 0 (invalid) to physical reg 4294967295 (4294967295).
 181000: system.cpu.rename: [tid:0] Renaming arch reg 0 (invalid) to physical reg 4294967295 (4294967295).
 181000: system.cpu.rename: [tid:0] Renaming arch reg 0 (invalid) to physical reg 4294967295 (4294967295).
 181000: system.cpu.rename: Activity this cycle.
 181000: system.cpu.iew: Issue: Processing [tid:0]
 181000: system.cpu.iew: [tid:0] Not blocked, so attempting to run dispatch.
 181000: system.cpu.iew: [tid:0] Issue: Adding PC (0x40104b=>0x40104d).(2=>3) [sn:39] [tid:0] to IQ.
 181000: system.cpu.iew: [tid:0] Issue: Memory instruction encountered, adding to LSQ.
 181000: system.cpu.iew.lsq.thread0: Inserting store PC (0x40104b=>0x40104d).(2=>3), idx:6 [sn:39]
 181000: system.cpu.iq: Adding instruction [sn:39] PC (0x40104b=>0x40104d).(2=>3) to the IQ.
 181000: system.cpu.iq: Instruction PC (0x40104b=>0x40104d).(2=>3) has src reg 63 (integer) that is being added to the dependency chain.
 181000: system.cpu.iq: Instruction PC (0x40104b=>0x40104d).(2=>3) has src reg 69 (integer) that is being added to the dependency chain.
 181000: system.cpu.memDep0: No dependency for inst PC (0x40104b=>0x40104d).(2=>3) [sn:39].
 181000: system.cpu.memDep0: Inserting store/atomic PC (0x40104b=>0x40104d).(2=>3) [sn:39].
 181000: system.cpu.iew: [tid:0] Issue: Adding PC (0x40104d=>0x40104f).(0=>1) [sn:40] [tid:0] to IQ.
 181000: system.cpu.iew: [tid:0] Issue: Memory instruction encountered, adding to LSQ.
 181000: system.cpu.iew.lsq.thread0: Inserting load PC (0x40104d=>0x40104f).(0=>1), idx:7 [sn:40]
 181000: system.cpu.iq: Adding instruction [sn:40] PC (0x40104d=>0x40104f).(0=>1) to the IQ.
 181000: system.cpu.iq: Instruction PC (0x40104d=>0x40104f).(0=>1) has src reg 63 (integer) that is being added to the dependency chain.
 181000: system.cpu.iq: Instruction PC (0x40104d=>0x40104f).(0=>1) has src reg 69 (integer) that is being added to the dependency chain.
 181000: system.cpu.memDep0: No dependency for inst PC (0x40104d=>0x40104f).(0=>1) [sn:40].
 181000: system.cpu.iew: [tid:0] Issue: Adding PC (0x40104d=>0x40104f).(1=>2) [sn:41] [tid:0] to IQ.
 181000: system.cpu.iq: Adding instruction [sn:41] PC (0x40104d=>0x40104f).(1=>2) to the IQ.
 181000: system.cpu.iq: Instruction PC (0x40104d=>0x40104f).(1=>2) has src reg 70 (integer) that is being added to the dependency chain.
 181000: system.cpu.iq: Instruction PC (0x40104d=>0x40104f).(1=>2) has src reg 63 (integer) that is being added to the dependency chain.
 181000: system.cpu.iq: Instruction PC (0x40104d=>0x40104f).(1=>2) has src reg 70 (integer) that is being added to the dependency chain.
 181000: system.cpu.iew: [tid:0] Issue: Adding PC (0x40104d=>0x40104f).(2=>3) [sn:42] [tid:0] to IQ.
 181000: system.cpu.iew: [tid:0] Issue: Memory instruction encountered, adding to LSQ.
 181000: system.cpu.iew.lsq.thread0: Inserting store PC (0x40104d=>0x40104f).(2=>3), idx:7 [sn:42]
 181000: system.cpu.iq: Adding instruction [sn:42] PC (0x40104d=>0x40104f).(2=>3) to the IQ.
 181000: system.cpu.iq: Instruction PC (0x40104d=>0x40104f).(2=>3) has src reg 63 (integer) that is being added to the dependency chain.
 181000: system.cpu.iq: Instruction PC (0x40104d=>0x40104f).(2=>3) has src reg 71 (integer) that is being added to the dependency chain.
 181000: system.cpu.memDep0: No dependency for inst PC (0x40104d=>0x40104f).(2=>3) [sn:42].
 181000: system.cpu.memDep0: Inserting store/atomic PC (0x40104d=>0x40104f).(2=>3) [sn:42].
 181000: system.cpu.iew: [tid:0] Issue: Adding PC (0x40104f=>0x401051).(0=>1) [sn:43] [tid:0] to IQ.
 181000: system.cpu.iew: [tid:0] Issue: Memory instruction encountered, adding to LSQ.
 181000: system.cpu.iew.lsq.thread0: Inserting load PC (0x40104f=>0x401051).(0=>1), idx:8 [sn:43]
 181000: system.cpu.iq: Adding instruction [sn:43] PC (0x40104f=>0x401051).(0=>1) to the IQ.
 181000: system.cpu.iq: Instruction PC (0x40104f=>0x401051).(0=>1) has src reg 63 (integer) that is being added to the dependency chain.
 181000: system.cpu.iq: Instruction PC (0x40104f=>0x401051).(0=>1) has src reg 71 (integer) that is being added to the dependency chain.
 181000: system.cpu.memDep0: No dependency for inst PC (0x40104f=>0x401051).(0=>1) [sn:43].
 181000: system.cpu.iew: [tid:0] Issue: Adding PC (0x40104f=>0x401051).(1=>2) [sn:44] [tid:0] to IQ.
 181000: system.cpu.iq: Adding instruction [sn:44] PC (0x40104f=>0x401051).(1=>2) to the IQ.
 181000: system.cpu.iq: Instruction PC (0x40104f=>0x401051).(1=>2) has src reg 72 (integer) that is being added to the dependency chain.
 181000: system.cpu.iq: Instruction PC (0x40104f=>0x401051).(1=>2) has src reg 63 (integer) that is being added to the dependency chain.
 181000: system.cpu.iq: Instruction PC (0x40104f=>0x401051).(1=>2) has src reg 72 (integer) that is being added to the dependency chain.
 181000: system.cpu.iew: [tid:0] Issue: Adding PC (0x40104f=>0x401051).(2=>3) [sn:45] [tid:0] to IQ.
 181000: system.cpu.iew: [tid:0] Issue: Memory instruction encountered, adding to LSQ.
 181000: system.cpu.iew.lsq.thread0: Inserting store PC (0x40104f=>0x401051).(2=>3), idx:8 [sn:45]
 181000: system.cpu.iq: Adding instruction [sn:45] PC (0x40104f=>0x401051).(2=>3) to the IQ.
 181000: system.cpu.iq: Instruction PC (0x40104f=>0x401051).(2=>3) has src reg 63 (integer) that is being added to the dependency chain.
 181000: system.cpu.iq: Instruction PC (0x40104f=>0x401051).(2=>3) has src reg 73 (integer) that is being added to the dependency chain.
 181000: system.cpu.memDep0: No dependency for inst PC (0x40104f=>0x401051).(2=>3) [sn:45].
 181000: system.cpu.memDep0: Inserting store/atomic PC (0x40104f=>0x401051).(2=>3) [sn:45].
 181000: system.cpu.iew: [tid:0] Issue: Adding PC (0x401051=>0x401053).(0=>1) [sn:46] [tid:0] to IQ.
 181000: system.cpu.iew: [tid:0] Issue: Memory instruction encountered, adding to LSQ.
 181000: system.cpu.iew.lsq.thread0: Inserting load PC (0x401051=>0x401053).(0=>1), idx:9 [sn:46]
 181000: system.cpu.iq: Adding instruction [sn:46] PC (0x401051=>0x401053).(0=>1) to the IQ.
 181000: system.cpu.iq: Instruction PC (0x401051=>0x401053).(0=>1) has src reg 63 (integer) that is being added to the dependency chain.
 181000: system.cpu.iq: Instruction PC (0x401051=>0x401053).(0=>1) has src reg 73 (integer) that is being added to the dependency chain.
 181000: system.cpu.memDep0: No dependency for inst PC (0x401051=>0x401053).(0=>1) [sn:46].
 181000: system.cpu.iew: [tid:0] Issue: Adding PC (0x401051=>0x401053).(1=>2) [sn:47] [tid:0] to IQ.
 181000: system.cpu.iq: Adding instruction [sn:47] PC (0x401051=>0x401053).(1=>2) to the IQ.
 181000: system.cpu.iq: Instruction PC (0x401051=>0x401053).(1=>2) has src reg 74 (integer) that is being added to the dependency chain.
 181000: system.cpu.iq: Instruction PC (0x401051=>0x401053).(1=>2) has src reg 63 (integer) that is being added to the dependency chain.
 181000: system.cpu.iq: Instruction PC (0x401051=>0x401053).(1=>2) has src reg 74 (integer) that is being added to the dependency chain.
 181000: system.cpu.iew: [tid:0] Issue: Adding PC (0x401051=>0x401053).(2=>3) [sn:48] [tid:0] to IQ.
 181000: system.cpu.iew: [tid:0] Issue: Memory instruction encountered, adding to LSQ.
 181000: system.cpu.iew.lsq.thread0: Inserting store PC (0x401051=>0x401053).(2=>3), idx:9 [sn:48]
 181000: system.cpu.iq: Adding instruction [sn:48] PC (0x401051=>0x401053).(2=>3) to the IQ.
 181000: system.cpu.iq: Instruction PC (0x401051=>0x401053).(2=>3) has src reg 63 (integer) that is being added to the dependency chain.
 181000: system.cpu.iq: Instruction PC (0x401051=>0x401053).(2=>3) has src reg 75 (integer) that is being added to the dependency chain.
 181000: system.cpu.memDep0: No dependency for inst PC (0x401051=>0x401053).(2=>3) [sn:48].
 181000: system.cpu.memDep0: Inserting store/atomic PC (0x401051=>0x401053).(2=>3) [sn:48].
 181000: system.cpu.iew: Execute: Executing instructions from IQ.
 181000: system.cpu.iew: Execute: Processing PC (0x40103e=>0x401045).(0=>1), [tid:0] [sn:29].
 181000: global: RegFile: Setting int register 63 to 0x3c
 181000: system.cpu.iew: Adding instruction [sn:29] to commit queue.
 181000: system.cpu.iew: Current wb cycle: 0, width: 19, numInst: 0
wbActual:0
 181000: system.cpu.iew: Execute: Executing instructions from IQ.
 181000: system.cpu.iew: Execute: Processing PC (0x401045=>0x401047).(0=>1), [tid:0] [sn:30].
 181000: system.cpu.iew: Adding instruction [sn:30] to commit queue.
 181000: system.cpu.iew: Current wb cycle: 0, width: 19, numInst: 1
wbActual:1
 181000: system.cpu.iew: Sending instructions to commit, [sn:29] PC (0x40103e=>0x401045).(0=>1).
 181000: system.cpu.iq: Waking dependents of completed instruction.
 181000: system.cpu.iq: Waking any dependents on register 63 (integer).
 181000: system.cpu.iq: Waking up a dependent instruction, [sn:48] PC (0x401051=>0x401053).(2=>3).
 181000: global: [sn:48] has 3 ready out of 4 sources. RTI 0)
 181000: system.cpu.iq: Waking up a dependent instruction, [sn:47] PC (0x401051=>0x401053).(1=>2).
 181000: global: [sn:47] has 6 ready out of 8 sources. RTI 0)
 181000: system.cpu.iq: Waking up a dependent instruction, [sn:46] PC (0x401051=>0x401053).(0=>1).
 181000: global: [sn:46] has 3 ready out of 4 sources. RTI 0)
 181000: system.cpu.iq: Waking up a dependent instruction, [sn:45] PC (0x40104f=>0x401051).(2=>3).
 181000: global: [sn:45] has 3 ready out of 4 sources. RTI 0)
 181000: system.cpu.iq: Waking up a dependent instruction, [sn:44] PC (0x40104f=>0x401051).(1=>2).
 181000: global: [sn:44] has 6 ready out of 8 sources. RTI 0)
 181000: system.cpu.iq: Waking up a dependent instruction, [sn:43] PC (0x40104f=>0x401051).(0=>1).
 181000: global: [sn:43] has 3 ready out of 4 sources. RTI 0)
 181000: system.cpu.iq: Waking up a dependent instruction, [sn:42] PC (0x40104d=>0x40104f).(2=>3).
 181000: global: [sn:42] has 3 ready out of 4 sources. RTI 0)
 181000: system.cpu.iq: Waking up a dependent instruction, [sn:41] PC (0x40104d=>0x40104f).(1=>2).
 181000: global: [sn:41] has 6 ready out of 8 sources. RTI 0)
 181000: system.cpu.iq: Waking up a dependent instruction, [sn:40] PC (0x40104d=>0x40104f).(0=>1).
 181000: global: [sn:40] has 3 ready out of 4 sources. RTI 0)
 181000: system.cpu.iq: Waking up a dependent instruction, [sn:39] PC (0x40104b=>0x40104d).(2=>3).
 181000: global: [sn:39] has 3 ready out of 4 sources. RTI 0)
 181000: system.cpu.iq: Waking up a dependent instruction, [sn:38] PC (0x40104b=>0x40104d).(1=>2).
 181000: global: [sn:38] has 6 ready out of 8 sources. RTI 0)
 181000: system.cpu.iq: Waking up a dependent instruction, [sn:37] PC (0x40104b=>0x40104d).(0=>1).
 181000: global: [sn:37] has 3 ready out of 4 sources. RTI 0)
 181000: system.cpu.iq: Waking up a dependent instruction, [sn:36] PC (0x401049=>0x40104b).(2=>3).
 181000: global: [sn:36] has 3 ready out of 4 sources. RTI 0)
 181000: system.cpu.iq: Waking up a dependent instruction, [sn:35] PC (0x401049=>0x40104b).(1=>2).
 181000: global: [sn:35] has 6 ready out of 8 sources. RTI 0)
 181000: system.cpu.iq: Waking up a dependent instruction, [sn:34] PC (0x401049=>0x40104b).(0=>1).
 181000: global: [sn:34] has 3 ready out of 4 sources. RTI 0)
 181000: system.cpu.iq: Waking up a dependent instruction, [sn:33] PC (0x401047=>0x401049).(2=>3).
 181000: global: [sn:33] has 3 ready out of 4 sources. RTI 0)
 181000: system.cpu.iq: Waking up a dependent instruction, [sn:32] PC (0x401047=>0x401049).(1=>2).
 181000: global: [sn:32] has 6 ready out of 8 sources. RTI 0)
 181000: system.cpu.iq: Waking up a dependent instruction, [sn:31] PC (0x401047=>0x401049).(0=>1).
 181000: global: [sn:31] has 4 ready out of 4 sources. RTI 0)
 181000: system.cpu.iq: Checking if memory instruction can issue.
 181000: system.cpu.memDep0: Marking registers as ready for instruction PC (0x401047=>0x401049).(0=>1) [sn:31].
 181000: system.cpu.memDep0: Instruction has its memory dependencies resolved, adding it to the ready list.
 181000: system.cpu.memDep0: Adding instruction [sn:31] to the ready list.
 181000: system.cpu.iq: Instruction is ready to issue, putting it onto the ready list, PC (0x401047=>0x401049).(0=>1) opclass:52 [sn:31].
 181000: system.cpu.iew: Setting Destination Register 63 (integer)
 181000: system.cpu.scoreboard: Setting reg 63 (integer) as ready
 181000: system.cpu.iew: Sending instructions to commit, [sn:30] PC (0x401045=>0x401047).(0=>1).
 181000: system.cpu.iq: Attempting to schedule ready instructions from the IQ.
 181000: system.cpu.iq: Thread 0: Issuing instruction PC (0x401047=>0x401049).(0=>1) [sn:31]
 181000: system.cpu.memDep0: Issuing instruction PC 0x401047 [sn:31].
 181000: system.cpu.iew.lsq: [tid:0] Writing back stores. 4 stores available for Writeback.
 181000: system.cpu.iew: Processing [tid:0]
 181000: system.cpu.iew.lsq.thread0: LQ size: 132, #loads occupied: 6
 181000: system.cpu.iew.lsq.thread0: SQ size: 72, #stores occupied: 10
 181000: system.cpu.iew: [tid:0], Dispatch dispatched 10 instructions.
 181000: system.cpu.iew.lsq.thread0: SQ size: 72, #stores occupied: 10
 181000: system.cpu.iew.lsq.thread0: LQ size: 132, #loads occupied: 6
 181000: system.cpu.iew: IQ has 541 free entries (Can schedule: 0).  LQ has 126 free entries. SQ has 62 free entries.
 181000: system.cpu.iew: Activity this cycle.
 181000: system.cpu.commit: Getting instructions from Rename stage.
 181000: system.cpu.commit: [tid:0] [sn:49] Inserting PC (0x401053=>0x401055).(0=>1) into ROB.
 181000: system.cpu.rob: Adding inst PC (0x401053=>0x401055).(0=>1) to the ROB.
 181000: system.cpu.rob: [tid:0] Now has 21 instructions.
 181000: system.cpu.commit: [tid:0] [sn:50] Inserting PC (0x401053=>0x401055).(1=>2) into ROB.
 181000: system.cpu.rob: Adding inst PC (0x401053=>0x401055).(1=>2) to the ROB.
 181000: system.cpu.rob: [tid:0] Now has 22 instructions.
 181000: system.cpu.commit: [tid:0] [sn:51] Inserting PC (0x401053=>0x401055).(2=>3) into ROB.
 181000: system.cpu.rob: Adding inst PC (0x401053=>0x401055).(2=>3) to the ROB.
 181000: system.cpu.rob: [tid:0] Now has 23 instructions.
 181000: system.cpu.commit: [tid:0] [sn:52] Inserting PC (0x401055=>0x401057).(0=>1) into ROB.
 181000: system.cpu.rob: Adding inst PC (0x401055=>0x401057).(0=>1) to the ROB.
 181000: system.cpu.rob: [tid:0] Now has 24 instructions.
 181000: system.cpu.commit: [tid:0] [sn:53] Inserting PC (0x401055=>0x401057).(1=>2) into ROB.
 181000: system.cpu.rob: Adding inst PC (0x401055=>0x401057).(1=>2) to the ROB.
 181000: system.cpu.rob: [tid:0] Now has 25 instructions.
 181000: system.cpu.commit: [tid:0] [sn:54] Inserting PC (0x401055=>0x401057).(2=>3) into ROB.
 181000: system.cpu.rob: Adding inst PC (0x401055=>0x401057).(2=>3) to the ROB.
 181000: system.cpu.rob: [tid:0] Now has 26 instructions.
 181000: system.cpu.commit: [tid:0] [sn:55] Inserting PC (0x401057=>0x401059).(0=>1) into ROB.
 181000: system.cpu.rob: Adding inst PC (0x401057=>0x401059).(0=>1) to the ROB.
 181000: system.cpu.rob: [tid:0] Now has 27 instructions.
 181000: system.cpu.commit: [tid:0] [sn:56] Inserting PC (0x401057=>0x401059).(1=>2) into ROB.
 181000: system.cpu.rob: Adding inst PC (0x401057=>0x401059).(1=>2) to the ROB.
 181000: system.cpu.rob: [tid:0] Now has 28 instructions.
 181000: system.cpu.commit: [tid:0] [sn:57] Inserting PC (0x401057=>0x401059).(2=>3) into ROB.
 181000: system.cpu.rob: Adding inst PC (0x401057=>0x401059).(2=>3) to the ROB.
 181000: system.cpu.rob: [tid:0] Now has 29 instructions.
 181000: system.cpu.commit: [tid:0] [sn:58] Inserting PC (0x401059=>0x40105b).(0=>1) into ROB.
 181000: system.cpu.rob: Adding inst PC (0x401059=>0x40105b).(0=>1) to the ROB.
 181000: system.cpu.rob: [tid:0] Now has 30 instructions.
 181000: system.cpu.commit: Trying to commit instructions in the ROB.
 181000: system.cpu.commit: [tid:0] Can't commit, Instruction [sn:29] PC (0x40103e=>0x401045).(0=>1) is head of ROB and not ready
 181000: system.cpu.commit: [tid:0] ROB has 30 insts & 888 free entries.
 181000: system.cpu.commit: Activity This Cycle.
 181000: system.cpu: Scheduling next tick!
 182000: system.cpu: 

O3CPU: Ticking main, O3CPU.
 182000: system.cpu.fetch: Running stage.
 182000: system.cpu.fetch: Attempting to fetch from [tid:0]
 182000: system.cpu.fetch: [tid:0] Adding instructions to queue to decode.
 182000: global: DynInst: [sn:89] Instruction created. Instcount for system.cpu = 65
 182000: system.cpu.fetch: [tid:0] Instruction PC (0x40106d=>0x40106f).(1=>2) created [sn:89].
 182000: system.cpu.fetch: [tid:0] Instruction is:   ADD_M_R : add   t1b, t1b, al
 182000: system.cpu.fetch: [tid:0] Fetch queue entry created (1/128).
 182000: global: DynInst: [sn:90] Instruction created. Instcount for system.cpu = 66
 182000: system.cpu.fetch: [tid:0] Instruction PC (0x40106d=>0x40106f).(2=>3) created [sn:90].
 182000: system.cpu.fetch: [tid:0] Instruction is:   ADD_M_R : st   t1b, DS:[rax]
 182000: system.cpu.fetch: [tid:0] Fetch queue entry created (2/128).
 182000: system.cpu.decoder: Decode: Decoded add instruction: 
{
	leg = 0,
	rex = 0,
	vex/xop = 0,
	op = {
		type = one byte,
		op = 0,
		},
	modRM = 0,
	sib = 0,
	immediate = 0,
	displacement = 0
	dispSize = 0}

 182000: global: DynInst: [sn:91] Instruction created. Instcount for system.cpu = 67
 182000: system.cpu.fetch: [tid:0] Instruction PC (0x40106f=>0x401071).(0=>1) created [sn:91].
 182000: system.cpu.fetch: [tid:0] Instruction is:   ADD_M_R : ldst   t1b, DS:[rax]
 182000: system.cpu.fetch: [tid:0] Fetch queue entry created (3/128).
 182000: global: DynInst: [sn:92] Instruction created. Instcount for system.cpu = 68
 182000: system.cpu.fetch: [tid:0] Instruction PC (0x40106f=>0x401071).(1=>2) created [sn:92].
 182000: system.cpu.fetch: [tid:0] Instruction is:   ADD_M_R : add   t1b, t1b, al
 182000: system.cpu.fetch: [tid:0] Fetch queue entry created (4/128).
 182000: global: DynInst: [sn:93] Instruction created. Instcount for system.cpu = 69
 182000: system.cpu.fetch: [tid:0] Instruction PC (0x40106f=>0x401071).(2=>3) created [sn:93].
 182000: system.cpu.fetch: [tid:0] Instruction is:   ADD_M_R : st   t1b, DS:[rax]
 182000: system.cpu.fetch: [tid:0] Fetch queue entry created (5/128).
 182000: system.cpu.decoder: Decode: Decoded add instruction: 
{
	leg = 0,
	rex = 0,
	vex/xop = 0,
	op = {
		type = one byte,
		op = 0,
		},
	modRM = 0,
	sib = 0,
	immediate = 0,
	displacement = 0
	dispSize = 0}

 182000: global: DynInst: [sn:94] Instruction created. Instcount for system.cpu = 70
 182000: system.cpu.fetch: [tid:0] Instruction PC (0x401071=>0x401073).(0=>1) created [sn:94].
 182000: system.cpu.fetch: [tid:0] Instruction is:   ADD_M_R : ldst   t1b, DS:[rax]
 182000: system.cpu.fetch: [tid:0] Fetch queue entry created (6/128).
 182000: global: DynInst: [sn:95] Instruction created. Instcount for system.cpu = 71
 182000: system.cpu.fetch: [tid:0] Instruction PC (0x401071=>0x401073).(1=>2) created [sn:95].
 182000: system.cpu.fetch: [tid:0] Instruction is:   ADD_M_R : add   t1b, t1b, al
 182000: system.cpu.fetch: [tid:0] Fetch queue entry created (7/128).
 182000: global: DynInst: [sn:96] Instruction created. Instcount for system.cpu = 72
 182000: system.cpu.fetch: [tid:0] Instruction PC (0x401071=>0x401073).(2=>3) created [sn:96].
 182000: system.cpu.fetch: [tid:0] Instruction is:   ADD_M_R : st   t1b, DS:[rax]
 182000: system.cpu.fetch: [tid:0] Fetch queue entry created (8/128).
 182000: system.cpu.decoder: Decode: Decoded add instruction: 
{
	leg = 0,
	rex = 0,
	vex/xop = 0,
	op = {
		type = one byte,
		op = 0,
		},
	modRM = 0,
	sib = 0,
	immediate = 0,
	displacement = 0
	dispSize = 0}

 182000: global: DynInst: [sn:97] Instruction created. Instcount for system.cpu = 73
 182000: system.cpu.fetch: [tid:0] Instruction PC (0x401073=>0x401075).(0=>1) created [sn:97].
 182000: system.cpu.fetch: [tid:0] Instruction is:   ADD_M_R : ldst   t1b, DS:[rax]
 182000: system.cpu.fetch: [tid:0] Fetch queue entry created (9/128).
 182000: global: DynInst: [sn:98] Instruction created. Instcount for system.cpu = 74
 182000: system.cpu.fetch: [tid:0] Instruction PC (0x401073=>0x401075).(1=>2) created [sn:98].
 182000: system.cpu.fetch: [tid:0] Instruction is:   ADD_M_R : add   t1b, t1b, al
 182000: system.cpu.fetch: [tid:0] Fetch queue entry created (10/128).
 182000: system.cpu.fetch: [tid:0] Done fetching, reached fetch bandwidth for this cycle.
 182000: system.cpu.fetch: [tid:0] [sn:89] Sending instruction to decode from fetch queue. Fetch queue size: 10.
 182000: system.cpu.fetch: [tid:0] [sn:90] Sending instruction to decode from fetch queue. Fetch queue size: 9.
 182000: system.cpu.fetch: [tid:0] [sn:91] Sending instruction to decode from fetch queue. Fetch queue size: 8.
 182000: system.cpu.fetch: [tid:0] [sn:92] Sending instruction to decode from fetch queue. Fetch queue size: 7.
 182000: system.cpu.fetch: [tid:0] [sn:93] Sending instruction to decode from fetch queue. Fetch queue size: 6.
 182000: system.cpu.fetch: [tid:0] [sn:94] Sending instruction to decode from fetch queue. Fetch queue size: 5.
 182000: system.cpu.fetch: [tid:0] [sn:95] Sending instruction to decode from fetch queue. Fetch queue size: 4.
 182000: system.cpu.fetch: [tid:0] [sn:96] Sending instruction to decode from fetch queue. Fetch queue size: 3.
 182000: system.cpu.fetch: [tid:0] [sn:97] Sending instruction to decode from fetch queue. Fetch queue size: 2.
 182000: system.cpu.fetch: [tid:0] [sn:98] Sending instruction to decode from fetch queue. Fetch queue size: 1.
 182000: system.cpu.fetch: Activity this cycle.
 182000: system.cpu: Activity: 9
 182000: system.cpu.decode: Processing [tid:0]
 182000: system.cpu.decode: [tid:0] Not blocked, so attempting to run stage.
 182000: system.cpu.decode: [tid:0] Sending instruction to rename.
 182000: system.cpu.decode: [tid:0] Processing instruction [sn:79] with PC (0x401067=>0x401069).(0=>1)
 182000: system.cpu.decode: [tid:0] Processing instruction [sn:80] with PC (0x401067=>0x401069).(1=>2)
 182000: system.cpu.decode: [tid:0] Processing instruction [sn:81] with PC (0x401067=>0x401069).(2=>3)
 182000: system.cpu.decode: [tid:0] Processing instruction [sn:82] with PC (0x401069=>0x40106b).(0=>1)
 182000: system.cpu.decode: [tid:0] Processing instruction [sn:83] with PC (0x401069=>0x40106b).(1=>2)
 182000: system.cpu.decode: [tid:0] Processing instruction [sn:84] with PC (0x401069=>0x40106b).(2=>3)
 182000: system.cpu.decode: [tid:0] Processing instruction [sn:85] with PC (0x40106b=>0x40106d).(0=>1)
 182000: system.cpu.decode: [tid:0] Processing instruction [sn:86] with PC (0x40106b=>0x40106d).(1=>2)
 182000: system.cpu.decode: [tid:0] Processing instruction [sn:87] with PC (0x40106b=>0x40106d).(2=>3)
 182000: system.cpu.decode: [tid:0] Processing instruction [sn:88] with PC (0x40106d=>0x40106f).(0=>1)
 182000: system.cpu.decode: Activity this cycle.
 182000: system.cpu.rename: Processing [tid:0]
 182000: system.cpu.rename: [tid:0] Free IQ: 541, Free ROB: 888, Free LQ: 126, Free SQ: 62, FreeRM 127(852 870 917 1834 127 8 4559)
 182000: system.cpu.rename: [tid:0] 30 instructions not yet in ROB
 182000: system.cpu.rename: calcFreeLQEntries: free lqEntries: 126, loadsInProgress: 10, loads dispatchedToLQ: 3
 182000: system.cpu.rename: [tid:0] Not blocked, so attempting to run stage.
 182000: system.cpu.rename: [tid:0] 10 available instructions to send iew.
 182000: system.cpu.rename: [tid:0] 30 insts pipelining from Rename | 10 insts dispatched to IQ last cycle.
 182000: system.cpu.rename: [tid:0] Sending instructions to IEW.
 182000: system.cpu.rename: calcFreeSQEntries: free sqEntries: 62, storesInProgress: 10, stores dispatchedToSQ: 4
 182000: system.cpu.rename: [tid:0] Processing instruction [sn:69] with PC (0x40105f=>0x401061).(2=>3).
 182000: system.cpu.rename: [tid:0] Looking up invalid arch reg 0, got phys reg 4294967295 (invalid) (bypassed: no)
 182000: system.cpu.rename: [tid:0] Register 4294967295 (flat: 4294967295) (invalid) is ready.
 182000: global: [sn:69] has 1 ready out of 4 sources. RTI 0)
 182000: system.cpu.rename: [tid:0] Looking up integer arch reg 0, got phys reg 63 (integer) (bypassed: no)
 182000: system.cpu.rename: [tid:0] Register 63 (flat: 63) (integer) is ready.
 182000: global: [sn:69] has 2 ready out of 4 sources. RTI 0)
 182000: system.cpu.rename: [tid:0] Looking up integer arch reg 17, got phys reg 89 (integer) (bypassed: no)
 182000: system.cpu.rename: [tid:0] Register 89 (flat: 89) (integer) is not ready.
 182000: system.cpu.rename: [tid:0] Looking up miscellaneous arch reg 155, got phys reg 155 (miscellaneous) (bypassed: no)
 182000: system.cpu.rename: [tid:0] Register 155 (flat: 0) (miscellaneous) is ready.
 182000: global: [sn:69] has 3 ready out of 4 sources. RTI 0)
 182000: system.cpu.rename: [tid:0] Sending instructions to IEW.
 182000: system.cpu.rename: calcFreeLQEntries: free lqEntries: 126, loadsInProgress: 10, loads dispatchedToLQ: 3
 182000: system.cpu.rename: [tid:0] Processing instruction [sn:70] with PC (0x401061=>0x401063).(0=>1).
 182000: system.cpu.rename: [tid:0] Looking up invalid arch reg 0, got phys reg 4294967295 (invalid) (bypassed: no)
 182000: system.cpu.rename: [tid:0] Register 4294967295 (flat: 4294967295) (invalid) is ready.
 182000: global: [sn:70] has 1 ready out of 4 sources. RTI 0)
 182000: system.cpu.rename: [tid:0] Looking up integer arch reg 0, got phys reg 63 (integer) (bypassed: no)
 182000: system.cpu.rename: [tid:0] Register 63 (flat: 63) (integer) is ready.
 182000: global: [sn:70] has 2 ready out of 4 sources. RTI 0)
 182000: system.cpu.rename: [tid:0] Looking up integer arch reg 17, got phys reg 89 (integer) (bypassed: no)
 182000: system.cpu.rename: [tid:0] Register 89 (flat: 89) (integer) is not ready.
 182000: system.cpu.rename: [tid:0] Looking up miscellaneous arch reg 155, got phys reg 155 (miscellaneous) (bypassed: no)
 182000: system.cpu.rename: [tid:0] Register 155 (flat: 0) (miscellaneous) is ready.
 182000: global: [sn:70] has 3 ready out of 4 sources. RTI 0)
 182000: global: Renamed reg t1 (17) to physical reg 90 (90) old mapping was 89 (89)
 182000: system.cpu.rename: [tid:0] Querying SMB Predictor for load [sn:70] with PC (0x401061=>0x401063).(0=>1).
 182000: system.cpu.rename: [tid:0] Renaming arch reg 17 (integer) to physical reg 90 (90).
 182000: system.cpu.rename: [tid:0] Sending instructions to IEW.
 182000: system.cpu.rename: [tid:0] Processing instruction [sn:71] with PC (0x401061=>0x401063).(1=>2).
 182000: system.cpu.rename: [tid:0] Looking up integer arch reg 17, got phys reg 90 (integer) (bypassed: no)
 182000: system.cpu.rename: [tid:0] Register 90 (flat: 90) (integer) is not ready.
 182000: system.cpu.rename: [tid:0] Looking up integer arch reg 0, got phys reg 63 (integer) (bypassed: no)
 182000: system.cpu.rename: [tid:0] Register 63 (flat: 63) (integer) is ready.
 182000: global: [sn:71] has 1 ready out of 8 sources. RTI 0)
 182000: system.cpu.rename: [tid:0] Looking up integer arch reg 17, got phys reg 90 (integer) (bypassed: no)
 182000: system.cpu.rename: [tid:0] Register 90 (flat: 90) (integer) is not ready.
 182000: system.cpu.rename: [tid:0] Looking up invalid arch reg 0, got phys reg 4294967295 (invalid) (bypassed: no)
 182000: system.cpu.rename: [tid:0] Register 4294967295 (flat: 4294967295) (invalid) is ready.
 182000: global: [sn:71] has 2 ready out of 8 sources. RTI 0)
 182000: system.cpu.rename: [tid:0] Looking up invalid arch reg 0, got phys reg 4294967295 (invalid) (bypassed: no)
 182000: system.cpu.rename: [tid:0] Register 4294967295 (flat: 4294967295) (invalid) is ready.
 182000: global: [sn:71] has 3 ready out of 8 sources. RTI 0)
 182000: system.cpu.rename: [tid:0] Looking up invalid arch reg 0, got phys reg 4294967295 (invalid) (bypassed: no)
 182000: system.cpu.rename: [tid:0] Register 4294967295 (flat: 4294967295) (invalid) is ready.
 182000: global: [sn:71] has 4 ready out of 8 sources. RTI 0)
 182000: system.cpu.rename: [tid:0] Looking up invalid arch reg 0, got phys reg 4294967295 (invalid) (bypassed: no)
 182000: system.cpu.rename: [tid:0] Register 4294967295 (flat: 4294967295) (invalid) is ready.
 182000: global: [sn:71] has 5 ready out of 8 sources. RTI 0)
 182000: system.cpu.rename: [tid:0] Looking up invalid arch reg 0, got phys reg 4294967295 (invalid) (bypassed: no)
 182000: system.cpu.rename: [tid:0] Register 4294967295 (flat: 4294967295) (invalid) is ready.
 182000: global: [sn:71] has 6 ready out of 8 sources. RTI 0)
 182000: global: Renamed reg t1 (17) to physical reg 91 (91) old mapping was 90 (90)
 182000: system.cpu.rename: [tid:0] Renaming arch reg 17 (integer) to physical reg 91 (91).
 182000: global: Renamed reg condition_code[0] (0) to physical reg 4775 (4775) old mapping was 4773 (4773)
 182000: system.cpu.rename: [tid:0] Renaming arch reg 0 (condition_code) to physical reg 49 (4775).
 182000: global: Renamed reg condition_code[1] (1) to physical reg 4776 (4776) old mapping was 4774 (4774)
 182000: system.cpu.rename: [tid:0] Renaming arch reg 1 (condition_code) to physical reg 50 (4776).
 182000: system.cpu.rename: [tid:0] Renaming arch reg 0 (invalid) to physical reg 4294967295 (4294967295).
 182000: system.cpu.rename: [tid:0] Renaming arch reg 0 (invalid) to physical reg 4294967295 (4294967295).
 182000: system.cpu.rename: [tid:0] Renaming arch reg 0 (invalid) to physical reg 4294967295 (4294967295).
 182000: system.cpu.rename: [tid:0] Sending instructions to IEW.
 182000: system.cpu.rename: calcFreeSQEntries: free sqEntries: 62, storesInProgress: 11, stores dispatchedToSQ: 4
 182000: system.cpu.rename: [tid:0] Processing instruction [sn:72] with PC (0x401061=>0x401063).(2=>3).
 182000: system.cpu.rename: [tid:0] Looking up invalid arch reg 0, got phys reg 4294967295 (invalid) (bypassed: no)
 182000: system.cpu.rename: [tid:0] Register 4294967295 (flat: 4294967295) (invalid) is ready.
 182000: global: [sn:72] has 1 ready out of 4 sources. RTI 0)
 182000: system.cpu.rename: [tid:0] Looking up integer arch reg 0, got phys reg 63 (integer) (bypassed: no)
 182000: system.cpu.rename: [tid:0] Register 63 (flat: 63) (integer) is ready.
 182000: global: [sn:72] has 2 ready out of 4 sources. RTI 0)
 182000: system.cpu.rename: [tid:0] Looking up integer arch reg 17, got phys reg 91 (integer) (bypassed: no)
 182000: system.cpu.rename: [tid:0] Register 91 (flat: 91) (integer) is not ready.
 182000: system.cpu.rename: [tid:0] Looking up miscellaneous arch reg 155, got phys reg 155 (miscellaneous) (bypassed: no)
 182000: system.cpu.rename: [tid:0] Register 155 (flat: 0) (miscellaneous) is ready.
 182000: global: [sn:72] has 3 ready out of 4 sources. RTI 0)
 182000: system.cpu.rename: [tid:0] Sending instructions to IEW.
 182000: system.cpu.rename: calcFreeLQEntries: free lqEntries: 126, loadsInProgress: 11, loads dispatchedToLQ: 3
 182000: system.cpu.rename: [tid:0] Processing instruction [sn:73] with PC (0x401063=>0x401065).(0=>1).
 182000: system.cpu.rename: [tid:0] Looking up invalid arch reg 0, got phys reg 4294967295 (invalid) (bypassed: no)
 182000: system.cpu.rename: [tid:0] Register 4294967295 (flat: 4294967295) (invalid) is ready.
 182000: global: [sn:73] has 1 ready out of 4 sources. RTI 0)
 182000: system.cpu.rename: [tid:0] Looking up integer arch reg 0, got phys reg 63 (integer) (bypassed: no)
 182000: system.cpu.rename: [tid:0] Register 63 (flat: 63) (integer) is ready.
 182000: global: [sn:73] has 2 ready out of 4 sources. RTI 0)
 182000: system.cpu.rename: [tid:0] Looking up integer arch reg 17, got phys reg 91 (integer) (bypassed: no)
 182000: system.cpu.rename: [tid:0] Register 91 (flat: 91) (integer) is not ready.
 182000: system.cpu.rename: [tid:0] Looking up miscellaneous arch reg 155, got phys reg 155 (miscellaneous) (bypassed: no)
 182000: system.cpu.rename: [tid:0] Register 155 (flat: 0) (miscellaneous) is ready.
 182000: global: [sn:73] has 3 ready out of 4 sources. RTI 0)
 182000: global: Renamed reg t1 (17) to physical reg 92 (92) old mapping was 91 (91)
 182000: system.cpu.rename: [tid:0] Querying SMB Predictor for load [sn:73] with PC (0x401063=>0x401065).(0=>1).
 182000: system.cpu.rename: [tid:0] Renaming arch reg 17 (integer) to physical reg 92 (92).
 182000: system.cpu.rename: [tid:0] Sending instructions to IEW.
 182000: system.cpu.rename: [tid:0] Processing instruction [sn:74] with PC (0x401063=>0x401065).(1=>2).
 182000: system.cpu.rename: [tid:0] Looking up integer arch reg 17, got phys reg 92 (integer) (bypassed: no)
 182000: system.cpu.rename: [tid:0] Register 92 (flat: 92) (integer) is not ready.
 182000: system.cpu.rename: [tid:0] Looking up integer arch reg 0, got phys reg 63 (integer) (bypassed: no)
 182000: system.cpu.rename: [tid:0] Register 63 (flat: 63) (integer) is ready.
 182000: global: [sn:74] has 1 ready out of 8 sources. RTI 0)
 182000: system.cpu.rename: [tid:0] Looking up integer arch reg 17, got phys reg 92 (integer) (bypassed: no)
 182000: system.cpu.rename: [tid:0] Register 92 (flat: 92) (integer) is not ready.
 182000: system.cpu.rename: [tid:0] Looking up invalid arch reg 0, got phys reg 4294967295 (invalid) (bypassed: no)
 182000: system.cpu.rename: [tid:0] Register 4294967295 (flat: 4294967295) (invalid) is ready.
 182000: global: [sn:74] has 2 ready out of 8 sources. RTI 0)
 182000: system.cpu.rename: [tid:0] Looking up invalid arch reg 0, got phys reg 4294967295 (invalid) (bypassed: no)
 182000: system.cpu.rename: [tid:0] Register 4294967295 (flat: 4294967295) (invalid) is ready.
 182000: global: [sn:74] has 3 ready out of 8 sources. RTI 0)
 182000: system.cpu.rename: [tid:0] Looking up invalid arch reg 0, got phys reg 4294967295 (invalid) (bypassed: no)
 182000: system.cpu.rename: [tid:0] Register 4294967295 (flat: 4294967295) (invalid) is ready.
 182000: global: [sn:74] has 4 ready out of 8 sources. RTI 0)
 182000: system.cpu.rename: [tid:0] Looking up invalid arch reg 0, got phys reg 4294967295 (invalid) (bypassed: no)
 182000: system.cpu.rename: [tid:0] Register 4294967295 (flat: 4294967295) (invalid) is ready.
 182000: global: [sn:74] has 5 ready out of 8 sources. RTI 0)
 182000: system.cpu.rename: [tid:0] Looking up invalid arch reg 0, got phys reg 4294967295 (invalid) (bypassed: no)
 182000: system.cpu.rename: [tid:0] Register 4294967295 (flat: 4294967295) (invalid) is ready.
 182000: global: [sn:74] has 6 ready out of 8 sources. RTI 0)
 182000: global: Renamed reg t1 (17) to physical reg 93 (93) old mapping was 92 (92)
 182000: system.cpu.rename: [tid:0] Renaming arch reg 17 (integer) to physical reg 93 (93).
 182000: global: Renamed reg condition_code[0] (0) to physical reg 4777 (4777) old mapping was 4775 (4775)
 182000: system.cpu.rename: [tid:0] Renaming arch reg 0 (condition_code) to physical reg 51 (4777).
 182000: global: Renamed reg condition_code[1] (1) to physical reg 4778 (4778) old mapping was 4776 (4776)
 182000: system.cpu.rename: [tid:0] Renaming arch reg 1 (condition_code) to physical reg 52 (4778).
 182000: system.cpu.rename: [tid:0] Renaming arch reg 0 (invalid) to physical reg 4294967295 (4294967295).
 182000: system.cpu.rename: [tid:0] Renaming arch reg 0 (invalid) to physical reg 4294967295 (4294967295).
 182000: system.cpu.rename: [tid:0] Renaming arch reg 0 (invalid) to physical reg 4294967295 (4294967295).
 182000: system.cpu.rename: [tid:0] Sending instructions to IEW.
 182000: system.cpu.rename: calcFreeSQEntries: free sqEntries: 62, storesInProgress: 12, stores dispatchedToSQ: 4
 182000: system.cpu.rename: [tid:0] Processing instruction [sn:75] with PC (0x401063=>0x401065).(2=>3).
 182000: system.cpu.rename: [tid:0] Looking up invalid arch reg 0, got phys reg 4294967295 (invalid) (bypassed: no)
 182000: system.cpu.rename: [tid:0] Register 4294967295 (flat: 4294967295) (invalid) is ready.
 182000: global: [sn:75] has 1 ready out of 4 sources. RTI 0)
 182000: system.cpu.rename: [tid:0] Looking up integer arch reg 0, got phys reg 63 (integer) (bypassed: no)
 182000: system.cpu.rename: [tid:0] Register 63 (flat: 63) (integer) is ready.
 182000: global: [sn:75] has 2 ready out of 4 sources. RTI 0)
 182000: system.cpu.rename: [tid:0] Looking up integer arch reg 17, got phys reg 93 (integer) (bypassed: no)
 182000: system.cpu.rename: [tid:0] Register 93 (flat: 93) (integer) is not ready.
 182000: system.cpu.rename: [tid:0] Looking up miscellaneous arch reg 155, got phys reg 155 (miscellaneous) (bypassed: no)
 182000: system.cpu.rename: [tid:0] Register 155 (flat: 0) (miscellaneous) is ready.
 182000: global: [sn:75] has 3 ready out of 4 sources. RTI 0)
 182000: system.cpu.rename: [tid:0] Sending instructions to IEW.
 182000: system.cpu.rename: calcFreeLQEntries: free lqEntries: 126, loadsInProgress: 12, loads dispatchedToLQ: 3
 182000: system.cpu.rename: [tid:0] Processing instruction [sn:76] with PC (0x401065=>0x401067).(0=>1).
 182000: system.cpu.rename: [tid:0] Looking up invalid arch reg 0, got phys reg 4294967295 (invalid) (bypassed: no)
 182000: system.cpu.rename: [tid:0] Register 4294967295 (flat: 4294967295) (invalid) is ready.
 182000: global: [sn:76] has 1 ready out of 4 sources. RTI 0)
 182000: system.cpu.rename: [tid:0] Looking up integer arch reg 0, got phys reg 63 (integer) (bypassed: no)
 182000: system.cpu.rename: [tid:0] Register 63 (flat: 63) (integer) is ready.
 182000: global: [sn:76] has 2 ready out of 4 sources. RTI 0)
 182000: system.cpu.rename: [tid:0] Looking up integer arch reg 17, got phys reg 93 (integer) (bypassed: no)
 182000: system.cpu.rename: [tid:0] Register 93 (flat: 93) (integer) is not ready.
 182000: system.cpu.rename: [tid:0] Looking up miscellaneous arch reg 155, got phys reg 155 (miscellaneous) (bypassed: no)
 182000: system.cpu.rename: [tid:0] Register 155 (flat: 0) (miscellaneous) is ready.
 182000: global: [sn:76] has 3 ready out of 4 sources. RTI 0)
 182000: global: Renamed reg t1 (17) to physical reg 94 (94) old mapping was 93 (93)
 182000: system.cpu.rename: [tid:0] Querying SMB Predictor for load [sn:76] with PC (0x401065=>0x401067).(0=>1).
 182000: system.cpu.rename: [tid:0] Renaming arch reg 17 (integer) to physical reg 94 (94).
 182000: system.cpu.rename: [tid:0] Sending instructions to IEW.
 182000: system.cpu.rename: [tid:0] Processing instruction [sn:77] with PC (0x401065=>0x401067).(1=>2).
 182000: system.cpu.rename: [tid:0] Looking up integer arch reg 17, got phys reg 94 (integer) (bypassed: no)
 182000: system.cpu.rename: [tid:0] Register 94 (flat: 94) (integer) is not ready.
 182000: system.cpu.rename: [tid:0] Looking up integer arch reg 0, got phys reg 63 (integer) (bypassed: no)
 182000: system.cpu.rename: [tid:0] Register 63 (flat: 63) (integer) is ready.
 182000: global: [sn:77] has 1 ready out of 8 sources. RTI 0)
 182000: system.cpu.rename: [tid:0] Looking up integer arch reg 17, got phys reg 94 (integer) (bypassed: no)
 182000: system.cpu.rename: [tid:0] Register 94 (flat: 94) (integer) is not ready.
 182000: system.cpu.rename: [tid:0] Looking up invalid arch reg 0, got phys reg 4294967295 (invalid) (bypassed: no)
 182000: system.cpu.rename: [tid:0] Register 4294967295 (flat: 4294967295) (invalid) is ready.
 182000: global: [sn:77] has 2 ready out of 8 sources. RTI 0)
 182000: system.cpu.rename: [tid:0] Looking up invalid arch reg 0, got phys reg 4294967295 (invalid) (bypassed: no)
 182000: system.cpu.rename: [tid:0] Register 4294967295 (flat: 4294967295) (invalid) is ready.
 182000: global: [sn:77] has 3 ready out of 8 sources. RTI 0)
 182000: system.cpu.rename: [tid:0] Looking up invalid arch reg 0, got phys reg 4294967295 (invalid) (bypassed: no)
 182000: system.cpu.rename: [tid:0] Register 4294967295 (flat: 4294967295) (invalid) is ready.
 182000: global: [sn:77] has 4 ready out of 8 sources. RTI 0)
 182000: system.cpu.rename: [tid:0] Looking up invalid arch reg 0, got phys reg 4294967295 (invalid) (bypassed: no)
 182000: system.cpu.rename: [tid:0] Register 4294967295 (flat: 4294967295) (invalid) is ready.
 182000: global: [sn:77] has 5 ready out of 8 sources. RTI 0)
 182000: system.cpu.rename: [tid:0] Looking up invalid arch reg 0, got phys reg 4294967295 (invalid) (bypassed: no)
 182000: system.cpu.rename: [tid:0] Register 4294967295 (flat: 4294967295) (invalid) is ready.
 182000: global: [sn:77] has 6 ready out of 8 sources. RTI 0)
 182000: global: Renamed reg t1 (17) to physical reg 95 (95) old mapping was 94 (94)
 182000: system.cpu.rename: [tid:0] Renaming arch reg 17 (integer) to physical reg 95 (95).
 182000: global: Renamed reg condition_code[0] (0) to physical reg 4779 (4779) old mapping was 4777 (4777)
 182000: system.cpu.rename: [tid:0] Renaming arch reg 0 (condition_code) to physical reg 53 (4779).
 182000: global: Renamed reg condition_code[1] (1) to physical reg 4780 (4780) old mapping was 4778 (4778)
 182000: system.cpu.rename: [tid:0] Renaming arch reg 1 (condition_code) to physical reg 54 (4780).
 182000: system.cpu.rename: [tid:0] Renaming arch reg 0 (invalid) to physical reg 4294967295 (4294967295).
 182000: system.cpu.rename: [tid:0] Renaming arch reg 0 (invalid) to physical reg 4294967295 (4294967295).
 182000: system.cpu.rename: [tid:0] Renaming arch reg 0 (invalid) to physical reg 4294967295 (4294967295).
 182000: system.cpu.rename: [tid:0] Sending instructions to IEW.
 182000: system.cpu.rename: calcFreeSQEntries: free sqEntries: 62, storesInProgress: 13, stores dispatchedToSQ: 4
 182000: system.cpu.rename: [tid:0] Processing instruction [sn:78] with PC (0x401065=>0x401067).(2=>3).
 182000: system.cpu.rename: [tid:0] Looking up invalid arch reg 0, got phys reg 4294967295 (invalid) (bypassed: no)
 182000: system.cpu.rename: [tid:0] Register 4294967295 (flat: 4294967295) (invalid) is ready.
 182000: global: [sn:78] has 1 ready out of 4 sources. RTI 0)
 182000: system.cpu.rename: [tid:0] Looking up integer arch reg 0, got phys reg 63 (integer) (bypassed: no)
 182000: system.cpu.rename: [tid:0] Register 63 (flat: 63) (integer) is ready.
 182000: global: [sn:78] has 2 ready out of 4 sources. RTI 0)
 182000: system.cpu.rename: [tid:0] Looking up integer arch reg 17, got phys reg 95 (integer) (bypassed: no)
 182000: system.cpu.rename: [tid:0] Register 95 (flat: 95) (integer) is not ready.
 182000: system.cpu.rename: [tid:0] Looking up miscellaneous arch reg 155, got phys reg 155 (miscellaneous) (bypassed: no)
 182000: system.cpu.rename: [tid:0] Register 155 (flat: 0) (miscellaneous) is ready.
 182000: global: [sn:78] has 3 ready out of 4 sources. RTI 0)
 182000: system.cpu.rename: Activity this cycle.
 182000: system.cpu.iew: Issue: Processing [tid:0]
 182000: system.cpu.iew: [tid:0] Not blocked, so attempting to run dispatch.
 182000: system.cpu.iew: [tid:0] Issue: Adding PC (0x401053=>0x401055).(0=>1) [sn:49] [tid:0] to IQ.
 182000: system.cpu.iew: [tid:0] Issue: Memory instruction encountered, adding to LSQ.
 182000: system.cpu.iew.lsq.thread0: Inserting load PC (0x401053=>0x401055).(0=>1), idx:10 [sn:49]
 182000: system.cpu.iq: Adding instruction [sn:49] PC (0x401053=>0x401055).(0=>1) to the IQ.
 182000: system.cpu.iq: Instruction PC (0x401053=>0x401055).(0=>1) has src reg 63 (integer) that became ready before it reached the IQ.
 182000: global: [sn:49] has 3 ready out of 4 sources. RTI 0)
 182000: system.cpu.iq: Instruction PC (0x401053=>0x401055).(0=>1) has src reg 75 (integer) that is being added to the dependency chain.
 182000: system.cpu.memDep0: No dependency for inst PC (0x401053=>0x401055).(0=>1) [sn:49].
 182000: system.cpu.iew: [tid:0] Issue: Adding PC (0x401053=>0x401055).(1=>2) [sn:50] [tid:0] to IQ.
 182000: system.cpu.iq: Adding instruction [sn:50] PC (0x401053=>0x401055).(1=>2) to the IQ.
 182000: system.cpu.iq: Instruction PC (0x401053=>0x401055).(1=>2) has src reg 76 (integer) that is being added to the dependency chain.
 182000: system.cpu.iq: Instruction PC (0x401053=>0x401055).(1=>2) has src reg 63 (integer) that became ready before it reached the IQ.
 182000: global: [sn:50] has 6 ready out of 8 sources. RTI 0)
 182000: system.cpu.iq: Instruction PC (0x401053=>0x401055).(1=>2) has src reg 76 (integer) that is being added to the dependency chain.
 182000: system.cpu.iew: [tid:0] Issue: Adding PC (0x401053=>0x401055).(2=>3) [sn:51] [tid:0] to IQ.
 182000: system.cpu.iew: [tid:0] Issue: Memory instruction encountered, adding to LSQ.
 182000: system.cpu.iew.lsq.thread0: Inserting store PC (0x401053=>0x401055).(2=>3), idx:10 [sn:51]
 182000: system.cpu.iq: Adding instruction [sn:51] PC (0x401053=>0x401055).(2=>3) to the IQ.
 182000: system.cpu.iq: Instruction PC (0x401053=>0x401055).(2=>3) has src reg 63 (integer) that became ready before it reached the IQ.
 182000: global: [sn:51] has 3 ready out of 4 sources. RTI 0)
 182000: system.cpu.iq: Instruction PC (0x401053=>0x401055).(2=>3) has src reg 77 (integer) that is being added to the dependency chain.
 182000: system.cpu.memDep0: No dependency for inst PC (0x401053=>0x401055).(2=>3) [sn:51].
 182000: system.cpu.memDep0: Inserting store/atomic PC (0x401053=>0x401055).(2=>3) [sn:51].
 182000: system.cpu.iew: [tid:0] Issue: Adding PC (0x401055=>0x401057).(0=>1) [sn:52] [tid:0] to IQ.
 182000: system.cpu.iew: [tid:0] Issue: Memory instruction encountered, adding to LSQ.
 182000: system.cpu.iew.lsq.thread0: Inserting load PC (0x401055=>0x401057).(0=>1), idx:11 [sn:52]
 182000: system.cpu.iq: Adding instruction [sn:52] PC (0x401055=>0x401057).(0=>1) to the IQ.
 182000: system.cpu.iq: Instruction PC (0x401055=>0x401057).(0=>1) has src reg 63 (integer) that became ready before it reached the IQ.
 182000: global: [sn:52] has 3 ready out of 4 sources. RTI 0)
 182000: system.cpu.iq: Instruction PC (0x401055=>0x401057).(0=>1) has src reg 77 (integer) that is being added to the dependency chain.
 182000: system.cpu.memDep0: No dependency for inst PC (0x401055=>0x401057).(0=>1) [sn:52].
 182000: system.cpu.iew: [tid:0] Issue: Adding PC (0x401055=>0x401057).(1=>2) [sn:53] [tid:0] to IQ.
 182000: system.cpu.iq: Adding instruction [sn:53] PC (0x401055=>0x401057).(1=>2) to the IQ.
 182000: system.cpu.iq: Instruction PC (0x401055=>0x401057).(1=>2) has src reg 78 (integer) that is being added to the dependency chain.
 182000: system.cpu.iq: Instruction PC (0x401055=>0x401057).(1=>2) has src reg 63 (integer) that became ready before it reached the IQ.
 182000: global: [sn:53] has 6 ready out of 8 sources. RTI 0)
 182000: system.cpu.iq: Instruction PC (0x401055=>0x401057).(1=>2) has src reg 78 (integer) that is being added to the dependency chain.
 182000: system.cpu.iew: [tid:0] Issue: Adding PC (0x401055=>0x401057).(2=>3) [sn:54] [tid:0] to IQ.
 182000: system.cpu.iew: [tid:0] Issue: Memory instruction encountered, adding to LSQ.
 182000: system.cpu.iew.lsq.thread0: Inserting store PC (0x401055=>0x401057).(2=>3), idx:11 [sn:54]
 182000: system.cpu.iq: Adding instruction [sn:54] PC (0x401055=>0x401057).(2=>3) to the IQ.
 182000: system.cpu.iq: Instruction PC (0x401055=>0x401057).(2=>3) has src reg 63 (integer) that became ready before it reached the IQ.
 182000: global: [sn:54] has 3 ready out of 4 sources. RTI 0)
 182000: system.cpu.iq: Instruction PC (0x401055=>0x401057).(2=>3) has src reg 79 (integer) that is being added to the dependency chain.
 182000: system.cpu.memDep0: No dependency for inst PC (0x401055=>0x401057).(2=>3) [sn:54].
 182000: system.cpu.memDep0: Inserting store/atomic PC (0x401055=>0x401057).(2=>3) [sn:54].
 182000: system.cpu.iew: [tid:0] Issue: Adding PC (0x401057=>0x401059).(0=>1) [sn:55] [tid:0] to IQ.
 182000: system.cpu.iew: [tid:0] Issue: Memory instruction encountered, adding to LSQ.
 182000: system.cpu.iew.lsq.thread0: Inserting load PC (0x401057=>0x401059).(0=>1), idx:12 [sn:55]
 182000: system.cpu.iq: Adding instruction [sn:55] PC (0x401057=>0x401059).(0=>1) to the IQ.
 182000: system.cpu.iq: Instruction PC (0x401057=>0x401059).(0=>1) has src reg 63 (integer) that became ready before it reached the IQ.
 182000: global: [sn:55] has 3 ready out of 4 sources. RTI 0)
 182000: system.cpu.iq: Instruction PC (0x401057=>0x401059).(0=>1) has src reg 79 (integer) that is being added to the dependency chain.
 182000: system.cpu.memDep0: No dependency for inst PC (0x401057=>0x401059).(0=>1) [sn:55].
 182000: system.cpu.iew: [tid:0] Issue: Adding PC (0x401057=>0x401059).(1=>2) [sn:56] [tid:0] to IQ.
 182000: system.cpu.iq: Adding instruction [sn:56] PC (0x401057=>0x401059).(1=>2) to the IQ.
 182000: system.cpu.iq: Instruction PC (0x401057=>0x401059).(1=>2) has src reg 80 (integer) that is being added to the dependency chain.
 182000: system.cpu.iq: Instruction PC (0x401057=>0x401059).(1=>2) has src reg 63 (integer) that became ready before it reached the IQ.
 182000: global: [sn:56] has 6 ready out of 8 sources. RTI 0)
 182000: system.cpu.iq: Instruction PC (0x401057=>0x401059).(1=>2) has src reg 80 (integer) that is being added to the dependency chain.
 182000: system.cpu.iew: [tid:0] Issue: Adding PC (0x401057=>0x401059).(2=>3) [sn:57] [tid:0] to IQ.
 182000: system.cpu.iew: [tid:0] Issue: Memory instruction encountered, adding to LSQ.
 182000: system.cpu.iew.lsq.thread0: Inserting store PC (0x401057=>0x401059).(2=>3), idx:12 [sn:57]
 182000: system.cpu.iq: Adding instruction [sn:57] PC (0x401057=>0x401059).(2=>3) to the IQ.
 182000: system.cpu.iq: Instruction PC (0x401057=>0x401059).(2=>3) has src reg 63 (integer) that became ready before it reached the IQ.
 182000: global: [sn:57] has 3 ready out of 4 sources. RTI 0)
 182000: system.cpu.iq: Instruction PC (0x401057=>0x401059).(2=>3) has src reg 81 (integer) that is being added to the dependency chain.
 182000: system.cpu.memDep0: No dependency for inst PC (0x401057=>0x401059).(2=>3) [sn:57].
 182000: system.cpu.memDep0: Inserting store/atomic PC (0x401057=>0x401059).(2=>3) [sn:57].
 182000: system.cpu.iew: [tid:0] Issue: Adding PC (0x401059=>0x40105b).(0=>1) [sn:58] [tid:0] to IQ.
 182000: system.cpu.iew: [tid:0] Issue: Memory instruction encountered, adding to LSQ.
 182000: system.cpu.iew.lsq.thread0: Inserting load PC (0x401059=>0x40105b).(0=>1), idx:13 [sn:58]
 182000: system.cpu.iq: Adding instruction [sn:58] PC (0x401059=>0x40105b).(0=>1) to the IQ.
 182000: system.cpu.iq: Instruction PC (0x401059=>0x40105b).(0=>1) has src reg 63 (integer) that became ready before it reached the IQ.
 182000: global: [sn:58] has 3 ready out of 4 sources. RTI 0)
 182000: system.cpu.iq: Instruction PC (0x401059=>0x40105b).(0=>1) has src reg 81 (integer) that is being added to the dependency chain.
 182000: system.cpu.memDep0: No dependency for inst PC (0x401059=>0x40105b).(0=>1) [sn:58].
 182000: system.cpu.iew: Execute: Executing instructions from IQ.
 182000: system.cpu.iew: Execute: Processing PC (0x401047=>0x401049).(0=>1), [tid:0] [sn:31].
 182000: system.cpu.iew: Execute: Calculating address for memory reference.
 182000: system.cpu.iew.lsq.thread0: Executing load PC (0x401047=>0x401049).(0=>1), [sn:31]
 182000: global: RegFile: Access to int register 63, has data 0x3c
 182000: system.cpu.iew.lsq.thread0: Load [sn:31] not executed from fault
 182000: system.cpu.iew: Adding instruction [sn:31] to commit queue.
 182000: system.cpu.iew: Current wb cycle: 0, width: 19, numInst: 0
wbActual:0
 182000: system.cpu.iew: Activity this cycle.
 182000: system.cpu.iew: Sending instructions to commit, [sn:31] PC (0x401047=>0x401049).(0=>1).
 182000: system.cpu.iq: Attempting to schedule ready instructions from the IQ.
 182000: system.cpu.iq: Not able to schedule any instructions.
 182000: system.cpu.iew.lsq: [tid:0] Writing back stores. 4 stores available for Writeback.
 182000: system.cpu.iew: Processing [tid:0]
 182000: system.cpu.iew.lsq.thread0: LQ size: 132, #loads occupied: 10
 182000: system.cpu.iew.lsq.thread0: SQ size: 72, #stores occupied: 13
 182000: system.cpu.iew: [tid:0], Dispatch dispatched 10 instructions.
 182000: system.cpu.iew.lsq.thread0: SQ size: 72, #stores occupied: 13
 182000: system.cpu.iew.lsq.thread0: LQ size: 132, #loads occupied: 10
 182000: system.cpu.iew: IQ has 531 free entries (Can schedule: 0).  LQ has 122 free entries. SQ has 59 free entries.
 182000: system.cpu.iew: Activity this cycle.
 182000: system.cpu.commit: Getting instructions from Rename stage.
 182000: system.cpu.commit: [tid:0] [sn:59] Inserting PC (0x401059=>0x40105b).(1=>2) into ROB.
 182000: system.cpu.rob: Adding inst PC (0x401059=>0x40105b).(1=>2) to the ROB.
 182000: system.cpu.rob: [tid:0] Now has 31 instructions.
 182000: system.cpu.commit: [tid:0] [sn:60] Inserting PC (0x401059=>0x40105b).(2=>3) into ROB.
 182000: system.cpu.rob: Adding inst PC (0x401059=>0x40105b).(2=>3) to the ROB.
 182000: system.cpu.rob: [tid:0] Now has 32 instructions.
 182000: system.cpu.commit: [tid:0] [sn:61] Inserting PC (0x40105b=>0x40105d).(0=>1) into ROB.
 182000: system.cpu.rob: Adding inst PC (0x40105b=>0x40105d).(0=>1) to the ROB.
 182000: system.cpu.rob: [tid:0] Now has 33 instructions.
 182000: system.cpu.commit: [tid:0] [sn:62] Inserting PC (0x40105b=>0x40105d).(1=>2) into ROB.
 182000: system.cpu.rob: Adding inst PC (0x40105b=>0x40105d).(1=>2) to the ROB.
 182000: system.cpu.rob: [tid:0] Now has 34 instructions.
 182000: system.cpu.commit: [tid:0] [sn:63] Inserting PC (0x40105b=>0x40105d).(2=>3) into ROB.
 182000: system.cpu.rob: Adding inst PC (0x40105b=>0x40105d).(2=>3) to the ROB.
 182000: system.cpu.rob: [tid:0] Now has 35 instructions.
 182000: system.cpu.commit: [tid:0] [sn:64] Inserting PC (0x40105d=>0x40105f).(0=>1) into ROB.
 182000: system.cpu.rob: Adding inst PC (0x40105d=>0x40105f).(0=>1) to the ROB.
 182000: system.cpu.rob: [tid:0] Now has 36 instructions.
 182000: system.cpu.commit: [tid:0] [sn:65] Inserting PC (0x40105d=>0x40105f).(1=>2) into ROB.
 182000: system.cpu.rob: Adding inst PC (0x40105d=>0x40105f).(1=>2) to the ROB.
 182000: system.cpu.rob: [tid:0] Now has 37 instructions.
 182000: system.cpu.commit: [tid:0] [sn:66] Inserting PC (0x40105d=>0x40105f).(2=>3) into ROB.
 182000: system.cpu.rob: Adding inst PC (0x40105d=>0x40105f).(2=>3) to the ROB.
 182000: system.cpu.rob: [tid:0] Now has 38 instructions.
 182000: system.cpu.commit: [tid:0] [sn:67] Inserting PC (0x40105f=>0x401061).(0=>1) into ROB.
 182000: system.cpu.rob: Adding inst PC (0x40105f=>0x401061).(0=>1) to the ROB.
 182000: system.cpu.rob: [tid:0] Now has 39 instructions.
 182000: system.cpu.commit: [tid:0] [sn:68] Inserting PC (0x40105f=>0x401061).(1=>2) into ROB.
 182000: system.cpu.rob: Adding inst PC (0x40105f=>0x401061).(1=>2) to the ROB.
 182000: system.cpu.rob: [tid:0] Now has 40 instructions.
 182000: system.cpu.commit: Trying to commit instructions in the ROB.
 182000: system.cpu.commit: [tid:0] Marking PC (0x40103e=>0x401045).(0=>1), [sn:29] ready within ROB.
 182000: system.cpu.commit: [tid:0] Marking PC (0x401045=>0x401047).(0=>1), [sn:30] ready within ROB.
 182000: system.cpu.commit: [tid:0] Instruction [sn:29] PC (0x40103e=>0x401045).(0=>1) is head of ROB and ready to commit
 182000: system.cpu.commit: [tid:0] ROB has 40 insts & 878 free entries.
 182000: system.cpu.commit: Activity This Cycle.
 182000: system.cpu.commit: Activating stage.
 182000: system.cpu: Activity: 10
 182000: system.cpu: Scheduling next tick!
 183000: system.cpu: 

O3CPU: Ticking main, O3CPU.
 183000: system.cpu.fetch: Running stage.
 183000: system.cpu.fetch: Attempting to fetch from [tid:0]
 183000: system.cpu.fetch: [tid:0] Adding instructions to queue to decode.
 183000: global: DynInst: [sn:99] Instruction created. Instcount for system.cpu = 75
 183000: system.cpu.fetch: [tid:0] Instruction PC (0x401073=>0x401075).(2=>3) created [sn:99].
 183000: system.cpu.fetch: [tid:0] Instruction is:   ADD_M_R : st   t1b, DS:[rax]
 183000: system.cpu.fetch: [tid:0] Fetch queue entry created (1/128).
 183000: system.cpu.decoder: Decode: Decoded add instruction: 
{
	leg = 0,
	rex = 0,
	vex/xop = 0,
	op = {
		type = one byte,
		op = 0,
		},
	modRM = 0,
	sib = 0,
	immediate = 0,
	displacement = 0
	dispSize = 0}

 183000: global: DynInst: [sn:100] Instruction created. Instcount for system.cpu = 76
 183000: system.cpu.fetch: [tid:0] Instruction PC (0x401075=>0x401077).(0=>1) created [sn:100].
 183000: system.cpu.fetch: [tid:0] Instruction is:   ADD_M_R : ldst   t1b, DS:[rax]
 183000: system.cpu.fetch: [tid:0] Fetch queue entry created (2/128).
 183000: global: DynInst: [sn:101] Instruction created. Instcount for system.cpu = 77
 183000: system.cpu.fetch: [tid:0] Instruction PC (0x401075=>0x401077).(1=>2) created [sn:101].
 183000: system.cpu.fetch: [tid:0] Instruction is:   ADD_M_R : add   t1b, t1b, al
 183000: system.cpu.fetch: [tid:0] Fetch queue entry created (3/128).
 183000: global: DynInst: [sn:102] Instruction created. Instcount for system.cpu = 78
 183000: system.cpu.fetch: [tid:0] Instruction PC (0x401075=>0x401077).(2=>3) created [sn:102].
 183000: system.cpu.fetch: [tid:0] Instruction is:   ADD_M_R : st   t1b, DS:[rax]
 183000: system.cpu.fetch: [tid:0] Fetch queue entry created (4/128).
 183000: system.cpu.decoder: Decode: Decoded add instruction: 
{
	leg = 0,
	rex = 0,
	vex/xop = 0,
	op = {
		type = one byte,
		op = 0,
		},
	modRM = 0,
	sib = 0,
	immediate = 0,
	displacement = 0
	dispSize = 0}

 183000: global: DynInst: [sn:103] Instruction created. Instcount for system.cpu = 79
 183000: system.cpu.fetch: [tid:0] Instruction PC (0x401077=>0x401079).(0=>1) created [sn:103].
 183000: system.cpu.fetch: [tid:0] Instruction is:   ADD_M_R : ldst   t1b, DS:[rax]
 183000: system.cpu.fetch: [tid:0] Fetch queue entry created (5/128).
 183000: global: DynInst: [sn:104] Instruction created. Instcount for system.cpu = 80
 183000: system.cpu.fetch: [tid:0] Instruction PC (0x401077=>0x401079).(1=>2) created [sn:104].
 183000: system.cpu.fetch: [tid:0] Instruction is:   ADD_M_R : add   t1b, t1b, al
 183000: system.cpu.fetch: [tid:0] Fetch queue entry created (6/128).
 183000: global: DynInst: [sn:105] Instruction created. Instcount for system.cpu = 81
 183000: system.cpu.fetch: [tid:0] Instruction PC (0x401077=>0x401079).(2=>3) created [sn:105].
 183000: system.cpu.fetch: [tid:0] Instruction is:   ADD_M_R : st   t1b, DS:[rax]
 183000: system.cpu.fetch: [tid:0] Fetch queue entry created (7/128).
 183000: system.cpu.decoder: Decode: Decoded add instruction: 
{
	leg = 0,
	rex = 0,
	vex/xop = 0,
	op = {
		type = one byte,
		op = 0,
		},
	modRM = 0,
	sib = 0,
	immediate = 0,
	displacement = 0
	dispSize = 0}

 183000: global: DynInst: [sn:106] Instruction created. Instcount for system.cpu = 82
 183000: system.cpu.fetch: [tid:0] Instruction PC (0x401079=>0x40107b).(0=>1) created [sn:106].
 183000: system.cpu.fetch: [tid:0] Instruction is:   ADD_M_R : ldst   t1b, DS:[rax]
 183000: system.cpu.fetch: [tid:0] Fetch queue entry created (8/128).
 183000: global: DynInst: [sn:107] Instruction created. Instcount for system.cpu = 83
 183000: system.cpu.fetch: [tid:0] Instruction PC (0x401079=>0x40107b).(1=>2) created [sn:107].
 183000: system.cpu.fetch: [tid:0] Instruction is:   ADD_M_R : add   t1b, t1b, al
 183000: system.cpu.fetch: [tid:0] Fetch queue entry created (9/128).
 183000: global: DynInst: [sn:108] Instruction created. Instcount for system.cpu = 84
 183000: system.cpu.fetch: [tid:0] Instruction PC (0x401079=>0x40107b).(2=>3) created [sn:108].
 183000: system.cpu.fetch: [tid:0] Instruction is:   ADD_M_R : st   t1b, DS:[rax]
 183000: system.cpu.fetch: [tid:0] Fetch queue entry created (10/128).
 183000: system.cpu.fetch: [tid:0] Done fetching, reached fetch bandwidth for this cycle.
 183000: system.cpu.fetch: [tid:0] [sn:99] Sending instruction to decode from fetch queue. Fetch queue size: 10.
 183000: system.cpu.fetch: [tid:0] [sn:100] Sending instruction to decode from fetch queue. Fetch queue size: 9.
 183000: system.cpu.fetch: [tid:0] [sn:101] Sending instruction to decode from fetch queue. Fetch queue size: 8.
 183000: system.cpu.fetch: [tid:0] [sn:102] Sending instruction to decode from fetch queue. Fetch queue size: 7.
 183000: system.cpu.fetch: [tid:0] [sn:103] Sending instruction to decode from fetch queue. Fetch queue size: 6.
 183000: system.cpu.fetch: [tid:0] [sn:104] Sending instruction to decode from fetch queue. Fetch queue size: 5.
 183000: system.cpu.fetch: [tid:0] [sn:105] Sending instruction to decode from fetch queue. Fetch queue size: 4.
 183000: system.cpu.fetch: [tid:0] [sn:106] Sending instruction to decode from fetch queue. Fetch queue size: 3.
 183000: system.cpu.fetch: [tid:0] [sn:107] Sending instruction to decode from fetch queue. Fetch queue size: 2.
 183000: system.cpu.fetch: [tid:0] [sn:108] Sending instruction to decode from fetch queue. Fetch queue size: 1.
 183000: system.cpu.fetch: Activity this cycle.
 183000: system.cpu: Activity: 11
 183000: system.cpu.decode: Processing [tid:0]
 183000: system.cpu.decode: [tid:0] Not blocked, so attempting to run stage.
 183000: system.cpu.decode: [tid:0] Sending instruction to rename.
 183000: system.cpu.decode: [tid:0] Processing instruction [sn:89] with PC (0x40106d=>0x40106f).(1=>2)
 183000: system.cpu.decode: [tid:0] Processing instruction [sn:90] with PC (0x40106d=>0x40106f).(2=>3)
 183000: system.cpu.decode: [tid:0] Processing instruction [sn:91] with PC (0x40106f=>0x401071).(0=>1)
 183000: system.cpu.decode: [tid:0] Processing instruction [sn:92] with PC (0x40106f=>0x401071).(1=>2)
 183000: system.cpu.decode: [tid:0] Processing instruction [sn:93] with PC (0x40106f=>0x401071).(2=>3)
 183000: system.cpu.decode: [tid:0] Processing instruction [sn:94] with PC (0x401071=>0x401073).(0=>1)
 183000: system.cpu.decode: [tid:0] Processing instruction [sn:95] with PC (0x401071=>0x401073).(1=>2)
 183000: system.cpu.decode: [tid:0] Processing instruction [sn:96] with PC (0x401071=>0x401073).(2=>3)
 183000: system.cpu.decode: [tid:0] Processing instruction [sn:97] with PC (0x401073=>0x401075).(0=>1)
 183000: system.cpu.decode: [tid:0] Processing instruction [sn:98] with PC (0x401073=>0x401075).(1=>2)
 183000: system.cpu.decode: Activity this cycle.
 183000: system.cpu.rename: Processing [tid:0]
 183000: system.cpu.rename: [tid:0] Free IQ: 531, Free ROB: 878, Free LQ: 122, Free SQ: 59, FreeRM 127(846 870 917 1834 127 8 4553)
 183000: system.cpu.rename: [tid:0] 30 instructions not yet in ROB
 183000: system.cpu.rename: calcFreeLQEntries: free lqEntries: 122, loadsInProgress: 10, loads dispatchedToLQ: 4
 183000: system.cpu.rename: [tid:0] Not blocked, so attempting to run stage.
 183000: system.cpu.rename: [tid:0] 10 available instructions to send iew.
 183000: system.cpu.rename: [tid:0] 30 insts pipelining from Rename | 10 insts dispatched to IQ last cycle.
 183000: system.cpu.rename: [tid:0] Sending instructions to IEW.
 183000: system.cpu.rename: calcFreeLQEntries: free lqEntries: 122, loadsInProgress: 10, loads dispatchedToLQ: 4
 183000: system.cpu.rename: [tid:0] Processing instruction [sn:79] with PC (0x401067=>0x401069).(0=>1).
 183000: system.cpu.rename: [tid:0] Looking up invalid arch reg 0, got phys reg 4294967295 (invalid) (bypassed: no)
 183000: system.cpu.rename: [tid:0] Register 4294967295 (flat: 4294967295) (invalid) is ready.
 183000: global: [sn:79] has 1 ready out of 4 sources. RTI 0)
 183000: system.cpu.rename: [tid:0] Looking up integer arch reg 0, got phys reg 63 (integer) (bypassed: no)
 183000: system.cpu.rename: [tid:0] Register 63 (flat: 63) (integer) is ready.
 183000: global: [sn:79] has 2 ready out of 4 sources. RTI 0)
 183000: system.cpu.rename: [tid:0] Looking up integer arch reg 17, got phys reg 95 (integer) (bypassed: no)
 183000: system.cpu.rename: [tid:0] Register 95 (flat: 95) (integer) is not ready.
 183000: system.cpu.rename: [tid:0] Looking up miscellaneous arch reg 155, got phys reg 155 (miscellaneous) (bypassed: no)
 183000: system.cpu.rename: [tid:0] Register 155 (flat: 0) (miscellaneous) is ready.
 183000: global: [sn:79] has 3 ready out of 4 sources. RTI 0)
 183000: global: Renamed reg t1 (17) to physical reg 96 (96) old mapping was 95 (95)
 183000: system.cpu.rename: [tid:0] Querying SMB Predictor for load [sn:79] with PC (0x401067=>0x401069).(0=>1).
 183000: system.cpu.rename: [tid:0] Renaming arch reg 17 (integer) to physical reg 96 (96).
 183000: system.cpu.rename: [tid:0] Sending instructions to IEW.
 183000: system.cpu.rename: [tid:0] Processing instruction [sn:80] with PC (0x401067=>0x401069).(1=>2).
 183000: system.cpu.rename: [tid:0] Looking up integer arch reg 17, got phys reg 96 (integer) (bypassed: no)
 183000: system.cpu.rename: [tid:0] Register 96 (flat: 96) (integer) is not ready.
 183000: system.cpu.rename: [tid:0] Looking up integer arch reg 0, got phys reg 63 (integer) (bypassed: no)
 183000: system.cpu.rename: [tid:0] Register 63 (flat: 63) (integer) is ready.
 183000: global: [sn:80] has 1 ready out of 8 sources. RTI 0)
 183000: system.cpu.rename: [tid:0] Looking up integer arch reg 17, got phys reg 96 (integer) (bypassed: no)
 183000: system.cpu.rename: [tid:0] Register 96 (flat: 96) (integer) is not ready.
 183000: system.cpu.rename: [tid:0] Looking up invalid arch reg 0, got phys reg 4294967295 (invalid) (bypassed: no)
 183000: system.cpu.rename: [tid:0] Register 4294967295 (flat: 4294967295) (invalid) is ready.
 183000: global: [sn:80] has 2 ready out of 8 sources. RTI 0)
 183000: system.cpu.rename: [tid:0] Looking up invalid arch reg 0, got phys reg 4294967295 (invalid) (bypassed: no)
 183000: system.cpu.rename: [tid:0] Register 4294967295 (flat: 4294967295) (invalid) is ready.
 183000: global: [sn:80] has 3 ready out of 8 sources. RTI 0)
 183000: system.cpu.rename: [tid:0] Looking up invalid arch reg 0, got phys reg 4294967295 (invalid) (bypassed: no)
 183000: system.cpu.rename: [tid:0] Register 4294967295 (flat: 4294967295) (invalid) is ready.
 183000: global: [sn:80] has 4 ready out of 8 sources. RTI 0)
 183000: system.cpu.rename: [tid:0] Looking up invalid arch reg 0, got phys reg 4294967295 (invalid) (bypassed: no)
 183000: system.cpu.rename: [tid:0] Register 4294967295 (flat: 4294967295) (invalid) is ready.
 183000: global: [sn:80] has 5 ready out of 8 sources. RTI 0)
 183000: system.cpu.rename: [tid:0] Looking up invalid arch reg 0, got phys reg 4294967295 (invalid) (bypassed: no)
 183000: system.cpu.rename: [tid:0] Register 4294967295 (flat: 4294967295) (invalid) is ready.
 183000: global: [sn:80] has 6 ready out of 8 sources. RTI 0)
 183000: global: Renamed reg t1 (17) to physical reg 97 (97) old mapping was 96 (96)
 183000: system.cpu.rename: [tid:0] Renaming arch reg 17 (integer) to physical reg 97 (97).
 183000: global: Renamed reg condition_code[0] (0) to physical reg 4781 (4781) old mapping was 4779 (4779)
 183000: system.cpu.rename: [tid:0] Renaming arch reg 0 (condition_code) to physical reg 55 (4781).
 183000: global: Renamed reg condition_code[1] (1) to physical reg 4782 (4782) old mapping was 4780 (4780)
 183000: system.cpu.rename: [tid:0] Renaming arch reg 1 (condition_code) to physical reg 56 (4782).
 183000: system.cpu.rename: [tid:0] Renaming arch reg 0 (invalid) to physical reg 4294967295 (4294967295).
 183000: system.cpu.rename: [tid:0] Renaming arch reg 0 (invalid) to physical reg 4294967295 (4294967295).
 183000: system.cpu.rename: [tid:0] Renaming arch reg 0 (invalid) to physical reg 4294967295 (4294967295).
 183000: system.cpu.rename: [tid:0] Sending instructions to IEW.
 183000: system.cpu.rename: calcFreeSQEntries: free sqEntries: 59, storesInProgress: 10, stores dispatchedToSQ: 3
 183000: system.cpu.rename: [tid:0] Processing instruction [sn:81] with PC (0x401067=>0x401069).(2=>3).
 183000: system.cpu.rename: [tid:0] Looking up invalid arch reg 0, got phys reg 4294967295 (invalid) (bypassed: no)
 183000: system.cpu.rename: [tid:0] Register 4294967295 (flat: 4294967295) (invalid) is ready.
 183000: global: [sn:81] has 1 ready out of 4 sources. RTI 0)
 183000: system.cpu.rename: [tid:0] Looking up integer arch reg 0, got phys reg 63 (integer) (bypassed: no)
 183000: system.cpu.rename: [tid:0] Register 63 (flat: 63) (integer) is ready.
 183000: global: [sn:81] has 2 ready out of 4 sources. RTI 0)
 183000: system.cpu.rename: [tid:0] Looking up integer arch reg 17, got phys reg 97 (integer) (bypassed: no)
 183000: system.cpu.rename: [tid:0] Register 97 (flat: 97) (integer) is not ready.
 183000: system.cpu.rename: [tid:0] Looking up miscellaneous arch reg 155, got phys reg 155 (miscellaneous) (bypassed: no)
 183000: system.cpu.rename: [tid:0] Register 155 (flat: 0) (miscellaneous) is ready.
 183000: global: [sn:81] has 3 ready out of 4 sources. RTI 0)
 183000: system.cpu.rename: [tid:0] Sending instructions to IEW.
 183000: system.cpu.rename: calcFreeLQEntries: free lqEntries: 122, loadsInProgress: 11, loads dispatchedToLQ: 4
 183000: system.cpu.rename: [tid:0] Processing instruction [sn:82] with PC (0x401069=>0x40106b).(0=>1).
 183000: system.cpu.rename: [tid:0] Looking up invalid arch reg 0, got phys reg 4294967295 (invalid) (bypassed: no)
 183000: system.cpu.rename: [tid:0] Register 4294967295 (flat: 4294967295) (invalid) is ready.
 183000: global: [sn:82] has 1 ready out of 4 sources. RTI 0)
 183000: system.cpu.rename: [tid:0] Looking up integer arch reg 0, got phys reg 63 (integer) (bypassed: no)
 183000: system.cpu.rename: [tid:0] Register 63 (flat: 63) (integer) is ready.
 183000: global: [sn:82] has 2 ready out of 4 sources. RTI 0)
 183000: system.cpu.rename: [tid:0] Looking up integer arch reg 17, got phys reg 97 (integer) (bypassed: no)
 183000: system.cpu.rename: [tid:0] Register 97 (flat: 97) (integer) is not ready.
 183000: system.cpu.rename: [tid:0] Looking up miscellaneous arch reg 155, got phys reg 155 (miscellaneous) (bypassed: no)
 183000: system.cpu.rename: [tid:0] Register 155 (flat: 0) (miscellaneous) is ready.
 183000: global: [sn:82] has 3 ready out of 4 sources. RTI 0)
 183000: global: Renamed reg t1 (17) to physical reg 98 (98) old mapping was 97 (97)
 183000: system.cpu.rename: [tid:0] Querying SMB Predictor for load [sn:82] with PC (0x401069=>0x40106b).(0=>1).
 183000: system.cpu.rename: [tid:0] Renaming arch reg 17 (integer) to physical reg 98 (98).
 183000: system.cpu.rename: [tid:0] Sending instructions to IEW.
 183000: system.cpu.rename: [tid:0] Processing instruction [sn:83] with PC (0x401069=>0x40106b).(1=>2).
 183000: system.cpu.rename: [tid:0] Looking up integer arch reg 17, got phys reg 98 (integer) (bypassed: no)
 183000: system.cpu.rename: [tid:0] Register 98 (flat: 98) (integer) is not ready.
 183000: system.cpu.rename: [tid:0] Looking up integer arch reg 0, got phys reg 63 (integer) (bypassed: no)
 183000: system.cpu.rename: [tid:0] Register 63 (flat: 63) (integer) is ready.
 183000: global: [sn:83] has 1 ready out of 8 sources. RTI 0)
 183000: system.cpu.rename: [tid:0] Looking up integer arch reg 17, got phys reg 98 (integer) (bypassed: no)
 183000: system.cpu.rename: [tid:0] Register 98 (flat: 98) (integer) is not ready.
 183000: system.cpu.rename: [tid:0] Looking up invalid arch reg 0, got phys reg 4294967295 (invalid) (bypassed: no)
 183000: system.cpu.rename: [tid:0] Register 4294967295 (flat: 4294967295) (invalid) is ready.
 183000: global: [sn:83] has 2 ready out of 8 sources. RTI 0)
 183000: system.cpu.rename: [tid:0] Looking up invalid arch reg 0, got phys reg 4294967295 (invalid) (bypassed: no)
 183000: system.cpu.rename: [tid:0] Register 4294967295 (flat: 4294967295) (invalid) is ready.
 183000: global: [sn:83] has 3 ready out of 8 sources. RTI 0)
 183000: system.cpu.rename: [tid:0] Looking up invalid arch reg 0, got phys reg 4294967295 (invalid) (bypassed: no)
 183000: system.cpu.rename: [tid:0] Register 4294967295 (flat: 4294967295) (invalid) is ready.
 183000: global: [sn:83] has 4 ready out of 8 sources. RTI 0)
 183000: system.cpu.rename: [tid:0] Looking up invalid arch reg 0, got phys reg 4294967295 (invalid) (bypassed: no)
 183000: system.cpu.rename: [tid:0] Register 4294967295 (flat: 4294967295) (invalid) is ready.
 183000: global: [sn:83] has 5 ready out of 8 sources. RTI 0)
 183000: system.cpu.rename: [tid:0] Looking up invalid arch reg 0, got phys reg 4294967295 (invalid) (bypassed: no)
 183000: system.cpu.rename: [tid:0] Register 4294967295 (flat: 4294967295) (invalid) is ready.
 183000: global: [sn:83] has 6 ready out of 8 sources. RTI 0)
 183000: global: Renamed reg t1 (17) to physical reg 99 (99) old mapping was 98 (98)
 183000: system.cpu.rename: [tid:0] Renaming arch reg 17 (integer) to physical reg 99 (99).
 183000: global: Renamed reg condition_code[0] (0) to physical reg 4783 (4783) old mapping was 4781 (4781)
 183000: system.cpu.rename: [tid:0] Renaming arch reg 0 (condition_code) to physical reg 57 (4783).
 183000: global: Renamed reg condition_code[1] (1) to physical reg 4784 (4784) old mapping was 4782 (4782)
 183000: system.cpu.rename: [tid:0] Renaming arch reg 1 (condition_code) to physical reg 58 (4784).
 183000: system.cpu.rename: [tid:0] Renaming arch reg 0 (invalid) to physical reg 4294967295 (4294967295).
 183000: system.cpu.rename: [tid:0] Renaming arch reg 0 (invalid) to physical reg 4294967295 (4294967295).
 183000: system.cpu.rename: [tid:0] Renaming arch reg 0 (invalid) to physical reg 4294967295 (4294967295).
 183000: system.cpu.rename: [tid:0] Sending instructions to IEW.
 183000: system.cpu.rename: calcFreeSQEntries: free sqEntries: 59, storesInProgress: 11, stores dispatchedToSQ: 3
 183000: system.cpu.rename: [tid:0] Processing instruction [sn:84] with PC (0x401069=>0x40106b).(2=>3).
 183000: system.cpu.rename: [tid:0] Looking up invalid arch reg 0, got phys reg 4294967295 (invalid) (bypassed: no)
 183000: system.cpu.rename: [tid:0] Register 4294967295 (flat: 4294967295) (invalid) is ready.
 183000: global: [sn:84] has 1 ready out of 4 sources. RTI 0)
 183000: system.cpu.rename: [tid:0] Looking up integer arch reg 0, got phys reg 63 (integer) (bypassed: no)
 183000: system.cpu.rename: [tid:0] Register 63 (flat: 63) (integer) is ready.
 183000: global: [sn:84] has 2 ready out of 4 sources. RTI 0)
 183000: system.cpu.rename: [tid:0] Looking up integer arch reg 17, got phys reg 99 (integer) (bypassed: no)
 183000: system.cpu.rename: [tid:0] Register 99 (flat: 99) (integer) is not ready.
 183000: system.cpu.rename: [tid:0] Looking up miscellaneous arch reg 155, got phys reg 155 (miscellaneous) (bypassed: no)
 183000: system.cpu.rename: [tid:0] Register 155 (flat: 0) (miscellaneous) is ready.
 183000: global: [sn:84] has 3 ready out of 4 sources. RTI 0)
 183000: system.cpu.rename: [tid:0] Sending instructions to IEW.
 183000: system.cpu.rename: calcFreeLQEntries: free lqEntries: 122, loadsInProgress: 12, loads dispatchedToLQ: 4
 183000: system.cpu.rename: [tid:0] Processing instruction [sn:85] with PC (0x40106b=>0x40106d).(0=>1).
 183000: system.cpu.rename: [tid:0] Looking up invalid arch reg 0, got phys reg 4294967295 (invalid) (bypassed: no)
 183000: system.cpu.rename: [tid:0] Register 4294967295 (flat: 4294967295) (invalid) is ready.
 183000: global: [sn:85] has 1 ready out of 4 sources. RTI 0)
 183000: system.cpu.rename: [tid:0] Looking up integer arch reg 0, got phys reg 63 (integer) (bypassed: no)
 183000: system.cpu.rename: [tid:0] Register 63 (flat: 63) (integer) is ready.
 183000: global: [sn:85] has 2 ready out of 4 sources. RTI 0)
 183000: system.cpu.rename: [tid:0] Looking up integer arch reg 17, got phys reg 99 (integer) (bypassed: no)
 183000: system.cpu.rename: [tid:0] Register 99 (flat: 99) (integer) is not ready.
 183000: system.cpu.rename: [tid:0] Looking up miscellaneous arch reg 155, got phys reg 155 (miscellaneous) (bypassed: no)
 183000: system.cpu.rename: [tid:0] Register 155 (flat: 0) (miscellaneous) is ready.
 183000: global: [sn:85] has 3 ready out of 4 sources. RTI 0)
 183000: global: Renamed reg t1 (17) to physical reg 100 (100) old mapping was 99 (99)
 183000: system.cpu.rename: [tid:0] Querying SMB Predictor for load [sn:85] with PC (0x40106b=>0x40106d).(0=>1).
 183000: system.cpu.rename: [tid:0] Renaming arch reg 17 (integer) to physical reg 100 (100).
 183000: system.cpu.rename: [tid:0] Sending instructions to IEW.
 183000: system.cpu.rename: [tid:0] Processing instruction [sn:86] with PC (0x40106b=>0x40106d).(1=>2).
 183000: system.cpu.rename: [tid:0] Looking up integer arch reg 17, got phys reg 100 (integer) (bypassed: no)
 183000: system.cpu.rename: [tid:0] Register 100 (flat: 100) (integer) is not ready.
 183000: system.cpu.rename: [tid:0] Looking up integer arch reg 0, got phys reg 63 (integer) (bypassed: no)
 183000: system.cpu.rename: [tid:0] Register 63 (flat: 63) (integer) is ready.
 183000: global: [sn:86] has 1 ready out of 8 sources. RTI 0)
 183000: system.cpu.rename: [tid:0] Looking up integer arch reg 17, got phys reg 100 (integer) (bypassed: no)
 183000: system.cpu.rename: [tid:0] Register 100 (flat: 100) (integer) is not ready.
 183000: system.cpu.rename: [tid:0] Looking up invalid arch reg 0, got phys reg 4294967295 (invalid) (bypassed: no)
 183000: system.cpu.rename: [tid:0] Register 4294967295 (flat: 4294967295) (invalid) is ready.
 183000: global: [sn:86] has 2 ready out of 8 sources. RTI 0)
 183000: system.cpu.rename: [tid:0] Looking up invalid arch reg 0, got phys reg 4294967295 (invalid) (bypassed: no)
 183000: system.cpu.rename: [tid:0] Register 4294967295 (flat: 4294967295) (invalid) is ready.
 183000: global: [sn:86] has 3 ready out of 8 sources. RTI 0)
 183000: system.cpu.rename: [tid:0] Looking up invalid arch reg 0, got phys reg 4294967295 (invalid) (bypassed: no)
 183000: system.cpu.rename: [tid:0] Register 4294967295 (flat: 4294967295) (invalid) is ready.
 183000: global: [sn:86] has 4 ready out of 8 sources. RTI 0)
 183000: system.cpu.rename: [tid:0] Looking up invalid arch reg 0, got phys reg 4294967295 (invalid) (bypassed: no)
 183000: system.cpu.rename: [tid:0] Register 4294967295 (flat: 4294967295) (invalid) is ready.
 183000: global: [sn:86] has 5 ready out of 8 sources. RTI 0)
 183000: system.cpu.rename: [tid:0] Looking up invalid arch reg 0, got phys reg 4294967295 (invalid) (bypassed: no)
 183000: system.cpu.rename: [tid:0] Register 4294967295 (flat: 4294967295) (invalid) is ready.
 183000: global: [sn:86] has 6 ready out of 8 sources. RTI 0)
 183000: global: Renamed reg t1 (17) to physical reg 101 (101) old mapping was 100 (100)
 183000: system.cpu.rename: [tid:0] Renaming arch reg 17 (integer) to physical reg 101 (101).
 183000: global: Renamed reg condition_code[0] (0) to physical reg 4785 (4785) old mapping was 4783 (4783)
 183000: system.cpu.rename: [tid:0] Renaming arch reg 0 (condition_code) to physical reg 59 (4785).
 183000: global: Renamed reg condition_code[1] (1) to physical reg 4786 (4786) old mapping was 4784 (4784)
 183000: system.cpu.rename: [tid:0] Renaming arch reg 1 (condition_code) to physical reg 60 (4786).
 183000: system.cpu.rename: [tid:0] Renaming arch reg 0 (invalid) to physical reg 4294967295 (4294967295).
 183000: system.cpu.rename: [tid:0] Renaming arch reg 0 (invalid) to physical reg 4294967295 (4294967295).
 183000: system.cpu.rename: [tid:0] Renaming arch reg 0 (invalid) to physical reg 4294967295 (4294967295).
 183000: system.cpu.rename: [tid:0] Sending instructions to IEW.
 183000: system.cpu.rename: calcFreeSQEntries: free sqEntries: 59, storesInProgress: 12, stores dispatchedToSQ: 3
 183000: system.cpu.rename: [tid:0] Processing instruction [sn:87] with PC (0x40106b=>0x40106d).(2=>3).
 183000: system.cpu.rename: [tid:0] Looking up invalid arch reg 0, got phys reg 4294967295 (invalid) (bypassed: no)
 183000: system.cpu.rename: [tid:0] Register 4294967295 (flat: 4294967295) (invalid) is ready.
 183000: global: [sn:87] has 1 ready out of 4 sources. RTI 0)
 183000: system.cpu.rename: [tid:0] Looking up integer arch reg 0, got phys reg 63 (integer) (bypassed: no)
 183000: system.cpu.rename: [tid:0] Register 63 (flat: 63) (integer) is ready.
 183000: global: [sn:87] has 2 ready out of 4 sources. RTI 0)
 183000: system.cpu.rename: [tid:0] Looking up integer arch reg 17, got phys reg 101 (integer) (bypassed: no)
 183000: system.cpu.rename: [tid:0] Register 101 (flat: 101) (integer) is not ready.
 183000: system.cpu.rename: [tid:0] Looking up miscellaneous arch reg 155, got phys reg 155 (miscellaneous) (bypassed: no)
 183000: system.cpu.rename: [tid:0] Register 155 (flat: 0) (miscellaneous) is ready.
 183000: global: [sn:87] has 3 ready out of 4 sources. RTI 0)
 183000: system.cpu.rename: [tid:0] Sending instructions to IEW.
 183000: system.cpu.rename: calcFreeLQEntries: free lqEntries: 122, loadsInProgress: 13, loads dispatchedToLQ: 4
 183000: system.cpu.rename: [tid:0] Processing instruction [sn:88] with PC (0x40106d=>0x40106f).(0=>1).
 183000: system.cpu.rename: [tid:0] Looking up invalid arch reg 0, got phys reg 4294967295 (invalid) (bypassed: no)
 183000: system.cpu.rename: [tid:0] Register 4294967295 (flat: 4294967295) (invalid) is ready.
 183000: global: [sn:88] has 1 ready out of 4 sources. RTI 0)
 183000: system.cpu.rename: [tid:0] Looking up integer arch reg 0, got phys reg 63 (integer) (bypassed: no)
 183000: system.cpu.rename: [tid:0] Register 63 (flat: 63) (integer) is ready.
 183000: global: [sn:88] has 2 ready out of 4 sources. RTI 0)
 183000: system.cpu.rename: [tid:0] Looking up integer arch reg 17, got phys reg 101 (integer) (bypassed: no)
 183000: system.cpu.rename: [tid:0] Register 101 (flat: 101) (integer) is not ready.
 183000: system.cpu.rename: [tid:0] Looking up miscellaneous arch reg 155, got phys reg 155 (miscellaneous) (bypassed: no)
 183000: system.cpu.rename: [tid:0] Register 155 (flat: 0) (miscellaneous) is ready.
 183000: global: [sn:88] has 3 ready out of 4 sources. RTI 0)
 183000: global: Renamed reg t1 (17) to physical reg 102 (102) old mapping was 101 (101)
 183000: system.cpu.rename: [tid:0] Querying SMB Predictor for load [sn:88] with PC (0x40106d=>0x40106f).(0=>1).
 183000: system.cpu.rename: [tid:0] Renaming arch reg 17 (integer) to physical reg 102 (102).
 183000: system.cpu.rename: Activity this cycle.
 183000: system.cpu.iew: Issue: Processing [tid:0]
 183000: system.cpu.iew: [tid:0] Not blocked, so attempting to run dispatch.
 183000: system.cpu.iew: [tid:0] Issue: Adding PC (0x401059=>0x40105b).(1=>2) [sn:59] [tid:0] to IQ.
 183000: system.cpu.iq: Adding instruction [sn:59] PC (0x401059=>0x40105b).(1=>2) to the IQ.
 183000: system.cpu.iq: Instruction PC (0x401059=>0x40105b).(1=>2) has src reg 82 (integer) that is being added to the dependency chain.
 183000: system.cpu.iq: Instruction PC (0x401059=>0x40105b).(1=>2) has src reg 63 (integer) that became ready before it reached the IQ.
 183000: global: [sn:59] has 6 ready out of 8 sources. RTI 0)
 183000: system.cpu.iq: Instruction PC (0x401059=>0x40105b).(1=>2) has src reg 82 (integer) that is being added to the dependency chain.
 183000: system.cpu.iew: [tid:0] Issue: Adding PC (0x401059=>0x40105b).(2=>3) [sn:60] [tid:0] to IQ.
 183000: system.cpu.iew: [tid:0] Issue: Memory instruction encountered, adding to LSQ.
 183000: system.cpu.iew.lsq.thread0: Inserting store PC (0x401059=>0x40105b).(2=>3), idx:13 [sn:60]
 183000: system.cpu.iq: Adding instruction [sn:60] PC (0x401059=>0x40105b).(2=>3) to the IQ.
 183000: system.cpu.iq: Instruction PC (0x401059=>0x40105b).(2=>3) has src reg 63 (integer) that became ready before it reached the IQ.
 183000: global: [sn:60] has 3 ready out of 4 sources. RTI 0)
 183000: system.cpu.iq: Instruction PC (0x401059=>0x40105b).(2=>3) has src reg 83 (integer) that is being added to the dependency chain.
 183000: system.cpu.memDep0: No dependency for inst PC (0x401059=>0x40105b).(2=>3) [sn:60].
 183000: system.cpu.memDep0: Inserting store/atomic PC (0x401059=>0x40105b).(2=>3) [sn:60].
 183000: system.cpu.iew: [tid:0] Issue: Adding PC (0x40105b=>0x40105d).(0=>1) [sn:61] [tid:0] to IQ.
 183000: system.cpu.iew: [tid:0] Issue: Memory instruction encountered, adding to LSQ.
 183000: system.cpu.iew.lsq.thread0: Inserting load PC (0x40105b=>0x40105d).(0=>1), idx:14 [sn:61]
 183000: system.cpu.iq: Adding instruction [sn:61] PC (0x40105b=>0x40105d).(0=>1) to the IQ.
 183000: system.cpu.iq: Instruction PC (0x40105b=>0x40105d).(0=>1) has src reg 63 (integer) that became ready before it reached the IQ.
 183000: global: [sn:61] has 3 ready out of 4 sources. RTI 0)
 183000: system.cpu.iq: Instruction PC (0x40105b=>0x40105d).(0=>1) has src reg 83 (integer) that is being added to the dependency chain.
 183000: system.cpu.memDep0: No dependency for inst PC (0x40105b=>0x40105d).(0=>1) [sn:61].
 183000: system.cpu.iew: [tid:0] Issue: Adding PC (0x40105b=>0x40105d).(1=>2) [sn:62] [tid:0] to IQ.
 183000: system.cpu.iq: Adding instruction [sn:62] PC (0x40105b=>0x40105d).(1=>2) to the IQ.
 183000: system.cpu.iq: Instruction PC (0x40105b=>0x40105d).(1=>2) has src reg 84 (integer) that is being added to the dependency chain.
 183000: system.cpu.iq: Instruction PC (0x40105b=>0x40105d).(1=>2) has src reg 63 (integer) that became ready before it reached the IQ.
 183000: global: [sn:62] has 6 ready out of 8 sources. RTI 0)
 183000: system.cpu.iq: Instruction PC (0x40105b=>0x40105d).(1=>2) has src reg 84 (integer) that is being added to the dependency chain.
 183000: system.cpu.iew: [tid:0] Issue: Adding PC (0x40105b=>0x40105d).(2=>3) [sn:63] [tid:0] to IQ.
 183000: system.cpu.iew: [tid:0] Issue: Memory instruction encountered, adding to LSQ.
 183000: system.cpu.iew.lsq.thread0: Inserting store PC (0x40105b=>0x40105d).(2=>3), idx:14 [sn:63]
 183000: system.cpu.iq: Adding instruction [sn:63] PC (0x40105b=>0x40105d).(2=>3) to the IQ.
 183000: system.cpu.iq: Instruction PC (0x40105b=>0x40105d).(2=>3) has src reg 63 (integer) that became ready before it reached the IQ.
 183000: global: [sn:63] has 3 ready out of 4 sources. RTI 0)
 183000: system.cpu.iq: Instruction PC (0x40105b=>0x40105d).(2=>3) has src reg 85 (integer) that is being added to the dependency chain.
 183000: system.cpu.memDep0: No dependency for inst PC (0x40105b=>0x40105d).(2=>3) [sn:63].
 183000: system.cpu.memDep0: Inserting store/atomic PC (0x40105b=>0x40105d).(2=>3) [sn:63].
 183000: system.cpu.iew: [tid:0] Issue: Adding PC (0x40105d=>0x40105f).(0=>1) [sn:64] [tid:0] to IQ.
 183000: system.cpu.iew: [tid:0] Issue: Memory instruction encountered, adding to LSQ.
 183000: system.cpu.iew.lsq.thread0: Inserting load PC (0x40105d=>0x40105f).(0=>1), idx:15 [sn:64]
 183000: system.cpu.iq: Adding instruction [sn:64] PC (0x40105d=>0x40105f).(0=>1) to the IQ.
 183000: system.cpu.iq: Instruction PC (0x40105d=>0x40105f).(0=>1) has src reg 63 (integer) that became ready before it reached the IQ.
 183000: global: [sn:64] has 3 ready out of 4 sources. RTI 0)
 183000: system.cpu.iq: Instruction PC (0x40105d=>0x40105f).(0=>1) has src reg 85 (integer) that is being added to the dependency chain.
 183000: system.cpu.memDep0: No dependency for inst PC (0x40105d=>0x40105f).(0=>1) [sn:64].
 183000: system.cpu.iew: [tid:0] Issue: Adding PC (0x40105d=>0x40105f).(1=>2) [sn:65] [tid:0] to IQ.
 183000: system.cpu.iq: Adding instruction [sn:65] PC (0x40105d=>0x40105f).(1=>2) to the IQ.
 183000: system.cpu.iq: Instruction PC (0x40105d=>0x40105f).(1=>2) has src reg 86 (integer) that is being added to the dependency chain.
 183000: system.cpu.iq: Instruction PC (0x40105d=>0x40105f).(1=>2) has src reg 63 (integer) that became ready before it reached the IQ.
 183000: global: [sn:65] has 6 ready out of 8 sources. RTI 0)
 183000: system.cpu.iq: Instruction PC (0x40105d=>0x40105f).(1=>2) has src reg 86 (integer) that is being added to the dependency chain.
 183000: system.cpu.iew: [tid:0] Issue: Adding PC (0x40105d=>0x40105f).(2=>3) [sn:66] [tid:0] to IQ.
 183000: system.cpu.iew: [tid:0] Issue: Memory instruction encountered, adding to LSQ.
 183000: system.cpu.iew.lsq.thread0: Inserting store PC (0x40105d=>0x40105f).(2=>3), idx:15 [sn:66]
 183000: system.cpu.iq: Adding instruction [sn:66] PC (0x40105d=>0x40105f).(2=>3) to the IQ.
 183000: system.cpu.iq: Instruction PC (0x40105d=>0x40105f).(2=>3) has src reg 63 (integer) that became ready before it reached the IQ.
 183000: global: [sn:66] has 3 ready out of 4 sources. RTI 0)
 183000: system.cpu.iq: Instruction PC (0x40105d=>0x40105f).(2=>3) has src reg 87 (integer) that is being added to the dependency chain.
 183000: system.cpu.memDep0: No dependency for inst PC (0x40105d=>0x40105f).(2=>3) [sn:66].
 183000: system.cpu.memDep0: Inserting store/atomic PC (0x40105d=>0x40105f).(2=>3) [sn:66].
 183000: system.cpu.iew: [tid:0] Issue: Adding PC (0x40105f=>0x401061).(0=>1) [sn:67] [tid:0] to IQ.
 183000: system.cpu.iew: [tid:0] Issue: Memory instruction encountered, adding to LSQ.
 183000: system.cpu.iew.lsq.thread0: Inserting load PC (0x40105f=>0x401061).(0=>1), idx:16 [sn:67]
 183000: system.cpu.iq: Adding instruction [sn:67] PC (0x40105f=>0x401061).(0=>1) to the IQ.
 183000: system.cpu.iq: Instruction PC (0x40105f=>0x401061).(0=>1) has src reg 63 (integer) that became ready before it reached the IQ.
 183000: global: [sn:67] has 3 ready out of 4 sources. RTI 0)
 183000: system.cpu.iq: Instruction PC (0x40105f=>0x401061).(0=>1) has src reg 87 (integer) that is being added to the dependency chain.
 183000: system.cpu.memDep0: No dependency for inst PC (0x40105f=>0x401061).(0=>1) [sn:67].
 183000: system.cpu.iew: [tid:0] Issue: Adding PC (0x40105f=>0x401061).(1=>2) [sn:68] [tid:0] to IQ.
 183000: system.cpu.iq: Adding instruction [sn:68] PC (0x40105f=>0x401061).(1=>2) to the IQ.
 183000: system.cpu.iq: Instruction PC (0x40105f=>0x401061).(1=>2) has src reg 88 (integer) that is being added to the dependency chain.
 183000: system.cpu.iq: Instruction PC (0x40105f=>0x401061).(1=>2) has src reg 63 (integer) that became ready before it reached the IQ.
 183000: global: [sn:68] has 6 ready out of 8 sources. RTI 0)
 183000: system.cpu.iq: Instruction PC (0x40105f=>0x401061).(1=>2) has src reg 88 (integer) that is being added to the dependency chain.
 183000: system.cpu.iq: Attempting to schedule ready instructions from the IQ.
 183000: system.cpu.iq: Not able to schedule any instructions.
 183000: system.cpu.iew.lsq: [tid:0] Writing back stores. 4 stores available for Writeback.
 183000: system.cpu.iew: Processing [tid:0]
 183000: system.cpu.iew: [tid:0], Dispatch dispatched 10 instructions.
 183000: system.cpu.iew.lsq.thread0: SQ size: 72, #stores occupied: 16
 183000: system.cpu.iew.lsq.thread0: LQ size: 132, #loads occupied: 13
 183000: system.cpu.iew: IQ has 521 free entries (Can schedule: 0).  LQ has 119 free entries. SQ has 56 free entries.
 183000: system.cpu.commit: Getting instructions from Rename stage.
 183000: system.cpu.commit: [tid:0] [sn:69] Inserting PC (0x40105f=>0x401061).(2=>3) into ROB.
 183000: system.cpu.rob: Adding inst PC (0x40105f=>0x401061).(2=>3) to the ROB.
 183000: system.cpu.rob: [tid:0] Now has 41 instructions.
 183000: system.cpu.commit: [tid:0] [sn:70] Inserting PC (0x401061=>0x401063).(0=>1) into ROB.
 183000: system.cpu.rob: Adding inst PC (0x401061=>0x401063).(0=>1) to the ROB.
 183000: system.cpu.rob: [tid:0] Now has 42 instructions.
 183000: system.cpu.commit: [tid:0] [sn:71] Inserting PC (0x401061=>0x401063).(1=>2) into ROB.
 183000: system.cpu.rob: Adding inst PC (0x401061=>0x401063).(1=>2) to the ROB.
 183000: system.cpu.rob: [tid:0] Now has 43 instructions.
 183000: system.cpu.commit: [tid:0] [sn:72] Inserting PC (0x401061=>0x401063).(2=>3) into ROB.
 183000: system.cpu.rob: Adding inst PC (0x401061=>0x401063).(2=>3) to the ROB.
 183000: system.cpu.rob: [tid:0] Now has 44 instructions.
 183000: system.cpu.commit: [tid:0] [sn:73] Inserting PC (0x401063=>0x401065).(0=>1) into ROB.
 183000: system.cpu.rob: Adding inst PC (0x401063=>0x401065).(0=>1) to the ROB.
 183000: system.cpu.rob: [tid:0] Now has 45 instructions.
 183000: system.cpu.commit: [tid:0] [sn:74] Inserting PC (0x401063=>0x401065).(1=>2) into ROB.
 183000: system.cpu.rob: Adding inst PC (0x401063=>0x401065).(1=>2) to the ROB.
 183000: system.cpu.rob: [tid:0] Now has 46 instructions.
 183000: system.cpu.commit: [tid:0] [sn:75] Inserting PC (0x401063=>0x401065).(2=>3) into ROB.
 183000: system.cpu.rob: Adding inst PC (0x401063=>0x401065).(2=>3) to the ROB.
 183000: system.cpu.rob: [tid:0] Now has 47 instructions.
 183000: system.cpu.commit: [tid:0] [sn:76] Inserting PC (0x401065=>0x401067).(0=>1) into ROB.
 183000: system.cpu.rob: Adding inst PC (0x401065=>0x401067).(0=>1) to the ROB.
 183000: system.cpu.rob: [tid:0] Now has 48 instructions.
 183000: system.cpu.commit: [tid:0] [sn:77] Inserting PC (0x401065=>0x401067).(1=>2) into ROB.
 183000: system.cpu.rob: Adding inst PC (0x401065=>0x401067).(1=>2) to the ROB.
 183000: system.cpu.rob: [tid:0] Now has 49 instructions.
 183000: system.cpu.commit: [tid:0] [sn:78] Inserting PC (0x401065=>0x401067).(2=>3) into ROB.
 183000: system.cpu.rob: Adding inst PC (0x401065=>0x401067).(2=>3) to the ROB.
 183000: system.cpu.rob: [tid:0] Now has 50 instructions.
 183000: system.cpu.commit: Trying to commit instructions in the ROB.
 183000: system.cpu.commit: Trying to commit head instruction, [tid:0] [sn:29]
 183000: system.cpu.commit: [tid:0] [sn:29] Committing instruction with PC (0x40103e=>0x401045).(0=>1)
 183000: system.cpu.rob: [tid:0] Retiring head instruction, instruction PC (0x40103e=>0x401045).(0=>1), [sn:29]
 183000: system.cpu: Removing committed instruction [tid:0] PC (0x40103e=>0x401045).(0=>1) [sn:29]
 183000: system.cpu.commit: Trying to commit head instruction, [tid:0] [sn:30]
 183000: system.cpu.commit: Inst [tid:0] [sn:30] PC (0x401045=>0x401047).(0=>1) has a fault
 183000: system.cpu.commit: [tid:0] [sn:30] Stores outstanding, fault must wait.
 183000: system.cpu.commit: Unable to commit head instruction PC:(0x401045=>0x401047).(0=>1) [tid:0] [sn:30].
 183000: system.cpu.commit: [tid:0] Marking PC (0x401047=>0x401049).(0=>1), [sn:31] ready within ROB.
 183000: system.cpu.commit: [tid:0] Instruction [sn:30] PC (0x401045=>0x401047).(0=>1) is head of ROB and ready to commit
 183000: system.cpu.commit: [tid:0] ROB has 49 insts & 869 free entries.
 183000: system.cpu.commit: Activity This Cycle.
 183000: system.cpu: Removing instruction, [tid:0] [sn:29] PC (0x40103e=>0x401045).(0=>1)
 183000: system.cpu: Scheduling next tick!
 184000: system.cpu: 

O3CPU: Ticking main, O3CPU.
 184000: system.cpu.fetch: Running stage.
 184000: system.cpu.fetch: Attempting to fetch from [tid:0]
 184000: system.cpu.fetch: [tid:0] Adding instructions to queue to decode.
 184000: system.cpu.decoder: Decode: Decoded add instruction: 
{
	leg = 0,
	rex = 0,
	vex/xop = 0,
	op = {
		type = one byte,
		op = 0,
		},
	modRM = 0,
	sib = 0,
	immediate = 0,
	displacement = 0
	dispSize = 0}

 184000: global: DynInst: [sn:109] Instruction created. Instcount for system.cpu = 85
 184000: system.cpu.fetch: [tid:0] Instruction PC (0x40107b=>0x40107d).(0=>1) created [sn:109].
 184000: system.cpu.fetch: [tid:0] Instruction is:   ADD_M_R : ldst   t1b, DS:[rax]
 184000: system.cpu.fetch: [tid:0] Fetch queue entry created (1/128).
 184000: global: DynInst: [sn:110] Instruction created. Instcount for system.cpu = 86
 184000: system.cpu.fetch: [tid:0] Instruction PC (0x40107b=>0x40107d).(1=>2) created [sn:110].
 184000: system.cpu.fetch: [tid:0] Instruction is:   ADD_M_R : add   t1b, t1b, al
 184000: system.cpu.fetch: [tid:0] Fetch queue entry created (2/128).
 184000: global: DynInst: [sn:111] Instruction created. Instcount for system.cpu = 87
 184000: system.cpu.fetch: [tid:0] Instruction PC (0x40107b=>0x40107d).(2=>3) created [sn:111].
 184000: system.cpu.fetch: [tid:0] Instruction is:   ADD_M_R : st   t1b, DS:[rax]
 184000: system.cpu.fetch: [tid:0] Fetch queue entry created (3/128).
 184000: system.cpu.decoder: Decode: Decoded add instruction: 
{
	leg = 0,
	rex = 0,
	vex/xop = 0,
	op = {
		type = one byte,
		op = 0,
		},
	modRM = 0,
	sib = 0,
	immediate = 0,
	displacement = 0
	dispSize = 0}

 184000: global: DynInst: [sn:112] Instruction created. Instcount for system.cpu = 88
 184000: system.cpu.fetch: [tid:0] Instruction PC (0x40107d=>0x40107f).(0=>1) created [sn:112].
 184000: system.cpu.fetch: [tid:0] Instruction is:   ADD_M_R : ldst   t1b, DS:[rax]
 184000: system.cpu.fetch: [tid:0] Fetch queue entry created (4/128).
 184000: global: DynInst: [sn:113] Instruction created. Instcount for system.cpu = 89
 184000: system.cpu.fetch: [tid:0] Instruction PC (0x40107d=>0x40107f).(1=>2) created [sn:113].
 184000: system.cpu.fetch: [tid:0] Instruction is:   ADD_M_R : add   t1b, t1b, al
 184000: system.cpu.fetch: [tid:0] Fetch queue entry created (5/128).
 184000: global: DynInst: [sn:114] Instruction created. Instcount for system.cpu = 90
 184000: system.cpu.fetch: [tid:0] Instruction PC (0x40107d=>0x40107f).(2=>3) created [sn:114].
 184000: system.cpu.fetch: [tid:0] Instruction is:   ADD_M_R : st   t1b, DS:[rax]
 184000: system.cpu.fetch: [tid:0] Fetch queue entry created (6/128).
 184000: system.cpu.fetch: [tid:0] Issuing a pipelined I-cache access, starting at PC (0x40107f=>0x401087).(0=>1).
 184000: system.cpu.fetch: [tid:0] Fetching cache line 0x401080 for addr 0x401080
 184000: system.cpu: CPU already running.
 184000: system.cpu.fetch: Fetch: Doing instruction read.
 184000: system.cpu.fetch: [tid:0] Doing Icache access.
 184000: system.cpu.fetch: [tid:0] Activity: Waiting on I-cache response.
 184000: system.cpu.fetch: Deactivating stage.
 184000: system.cpu: Activity: 10
 184000: system.cpu.fetch: [tid:0] [sn:109] Sending instruction to decode from fetch queue. Fetch queue size: 6.
 184000: system.cpu.fetch: [tid:0] [sn:110] Sending instruction to decode from fetch queue. Fetch queue size: 5.
 184000: system.cpu.fetch: [tid:0] [sn:111] Sending instruction to decode from fetch queue. Fetch queue size: 4.
 184000: system.cpu.fetch: [tid:0] [sn:112] Sending instruction to decode from fetch queue. Fetch queue size: 3.
 184000: system.cpu.fetch: [tid:0] [sn:113] Sending instruction to decode from fetch queue. Fetch queue size: 2.
 184000: system.cpu.fetch: [tid:0] [sn:114] Sending instruction to decode from fetch queue. Fetch queue size: 1.
 184000: system.cpu.fetch: Activity this cycle.
 184000: system.cpu: Activity: 11
 184000: system.cpu.decode: Processing [tid:0]
 184000: system.cpu.decode: [tid:0] Not blocked, so attempting to run stage.
 184000: system.cpu.decode: [tid:0] Sending instruction to rename.
 184000: system.cpu.decode: [tid:0] Processing instruction [sn:99] with PC (0x401073=>0x401075).(2=>3)
 184000: system.cpu.decode: [tid:0] Processing instruction [sn:100] with PC (0x401075=>0x401077).(0=>1)
 184000: system.cpu.decode: [tid:0] Processing instruction [sn:101] with PC (0x401075=>0x401077).(1=>2)
 184000: system.cpu.decode: [tid:0] Processing instruction [sn:102] with PC (0x401075=>0x401077).(2=>3)
 184000: system.cpu.decode: [tid:0] Processing instruction [sn:103] with PC (0x401077=>0x401079).(0=>1)
 184000: system.cpu.decode: [tid:0] Processing instruction [sn:104] with PC (0x401077=>0x401079).(1=>2)
 184000: system.cpu.decode: [tid:0] Processing instruction [sn:105] with PC (0x401077=>0x401079).(2=>3)
 184000: system.cpu.decode: [tid:0] Processing instruction [sn:106] with PC (0x401079=>0x40107b).(0=>1)
 184000: system.cpu.decode: [tid:0] Processing instruction [sn:107] with PC (0x401079=>0x40107b).(1=>2)
 184000: system.cpu.decode: [tid:0] Processing instruction [sn:108] with PC (0x401079=>0x40107b).(2=>3)
 184000: system.cpu.decode: Activity this cycle.
 184000: system.cpu.rename: Processing [tid:0]
 184000: system.cpu.rename: [tid:0] Free IQ: 531, Free ROB: 869, Free LQ: 122, Free SQ: 59, FreeRM 127(839 870 917 1834 127 8 4547)
 184000: system.cpu.rename: [tid:0] 30 instructions not yet in ROB
 184000: system.cpu.rename: calcFreeLQEntries: free lqEntries: 122, loadsInProgress: 10, loads dispatchedToLQ: 3
 184000: system.cpu.rename: [tid:0] Not blocked, so attempting to run stage.
 184000: system.cpu.rename: [tid:0] 10 available instructions to send iew.
 184000: system.cpu.rename: [tid:0] 30 insts pipelining from Rename | 10 insts dispatched to IQ last cycle.
 184000: system.cpu.rename: [tid:0] Sending instructions to IEW.
 184000: system.cpu.rename: [tid:0] Processing instruction [sn:89] with PC (0x40106d=>0x40106f).(1=>2).
 184000: system.cpu.rename: [tid:0] Looking up integer arch reg 17, got phys reg 102 (integer) (bypassed: no)
 184000: system.cpu.rename: [tid:0] Register 102 (flat: 102) (integer) is not ready.
 184000: system.cpu.rename: [tid:0] Looking up integer arch reg 0, got phys reg 63 (integer) (bypassed: no)
 184000: system.cpu.rename: [tid:0] Register 63 (flat: 63) (integer) is ready.
 184000: global: [sn:89] has 1 ready out of 8 sources. RTI 0)
 184000: system.cpu.rename: [tid:0] Looking up integer arch reg 17, got phys reg 102 (integer) (bypassed: no)
 184000: system.cpu.rename: [tid:0] Register 102 (flat: 102) (integer) is not ready.
 184000: system.cpu.rename: [tid:0] Looking up invalid arch reg 0, got phys reg 4294967295 (invalid) (bypassed: no)
 184000: system.cpu.rename: [tid:0] Register 4294967295 (flat: 4294967295) (invalid) is ready.
 184000: global: [sn:89] has 2 ready out of 8 sources. RTI 0)
 184000: system.cpu.rename: [tid:0] Looking up invalid arch reg 0, got phys reg 4294967295 (invalid) (bypassed: no)
 184000: system.cpu.rename: [tid:0] Register 4294967295 (flat: 4294967295) (invalid) is ready.
 184000: global: [sn:89] has 3 ready out of 8 sources. RTI 0)
 184000: system.cpu.rename: [tid:0] Looking up invalid arch reg 0, got phys reg 4294967295 (invalid) (bypassed: no)
 184000: system.cpu.rename: [tid:0] Register 4294967295 (flat: 4294967295) (invalid) is ready.
 184000: global: [sn:89] has 4 ready out of 8 sources. RTI 0)
 184000: system.cpu.rename: [tid:0] Looking up invalid arch reg 0, got phys reg 4294967295 (invalid) (bypassed: no)
 184000: system.cpu.rename: [tid:0] Register 4294967295 (flat: 4294967295) (invalid) is ready.
 184000: global: [sn:89] has 5 ready out of 8 sources. RTI 0)
 184000: system.cpu.rename: [tid:0] Looking up invalid arch reg 0, got phys reg 4294967295 (invalid) (bypassed: no)
 184000: system.cpu.rename: [tid:0] Register 4294967295 (flat: 4294967295) (invalid) is ready.
 184000: global: [sn:89] has 6 ready out of 8 sources. RTI 0)
 184000: global: Renamed reg t1 (17) to physical reg 103 (103) old mapping was 102 (102)
 184000: system.cpu.rename: [tid:0] Renaming arch reg 17 (integer) to physical reg 103 (103).
 184000: global: Renamed reg condition_code[0] (0) to physical reg 4787 (4787) old mapping was 4785 (4785)
 184000: system.cpu.rename: [tid:0] Renaming arch reg 0 (condition_code) to physical reg 61 (4787).
 184000: global: Renamed reg condition_code[1] (1) to physical reg 4788 (4788) old mapping was 4786 (4786)
 184000: system.cpu.rename: [tid:0] Renaming arch reg 1 (condition_code) to physical reg 62 (4788).
 184000: system.cpu.rename: [tid:0] Renaming arch reg 0 (invalid) to physical reg 4294967295 (4294967295).
 184000: system.cpu.rename: [tid:0] Renaming arch reg 0 (invalid) to physical reg 4294967295 (4294967295).
 184000: system.cpu.rename: [tid:0] Renaming arch reg 0 (invalid) to physical reg 4294967295 (4294967295).
 184000: system.cpu.rename: [tid:0] Sending instructions to IEW.
 184000: system.cpu.rename: calcFreeSQEntries: free sqEntries: 59, storesInProgress: 10, stores dispatchedToSQ: 3
 184000: system.cpu.rename: [tid:0] Processing instruction [sn:90] with PC (0x40106d=>0x40106f).(2=>3).
 184000: system.cpu.rename: [tid:0] Looking up invalid arch reg 0, got phys reg 4294967295 (invalid) (bypassed: no)
 184000: system.cpu.rename: [tid:0] Register 4294967295 (flat: 4294967295) (invalid) is ready.
 184000: global: [sn:90] has 1 ready out of 4 sources. RTI 0)
 184000: system.cpu.rename: [tid:0] Looking up integer arch reg 0, got phys reg 63 (integer) (bypassed: no)
 184000: system.cpu.rename: [tid:0] Register 63 (flat: 63) (integer) is ready.
 184000: global: [sn:90] has 2 ready out of 4 sources. RTI 0)
 184000: system.cpu.rename: [tid:0] Looking up integer arch reg 17, got phys reg 103 (integer) (bypassed: no)
 184000: system.cpu.rename: [tid:0] Register 103 (flat: 103) (integer) is not ready.
 184000: system.cpu.rename: [tid:0] Looking up miscellaneous arch reg 155, got phys reg 155 (miscellaneous) (bypassed: no)
 184000: system.cpu.rename: [tid:0] Register 155 (flat: 0) (miscellaneous) is ready.
 184000: global: [sn:90] has 3 ready out of 4 sources. RTI 0)
 184000: system.cpu.rename: [tid:0] Sending instructions to IEW.
 184000: system.cpu.rename: calcFreeLQEntries: free lqEntries: 122, loadsInProgress: 10, loads dispatchedToLQ: 3
 184000: system.cpu.rename: [tid:0] Processing instruction [sn:91] with PC (0x40106f=>0x401071).(0=>1).
 184000: system.cpu.rename: [tid:0] Looking up invalid arch reg 0, got phys reg 4294967295 (invalid) (bypassed: no)
 184000: system.cpu.rename: [tid:0] Register 4294967295 (flat: 4294967295) (invalid) is ready.
 184000: global: [sn:91] has 1 ready out of 4 sources. RTI 0)
 184000: system.cpu.rename: [tid:0] Looking up integer arch reg 0, got phys reg 63 (integer) (bypassed: no)
 184000: system.cpu.rename: [tid:0] Register 63 (flat: 63) (integer) is ready.
 184000: global: [sn:91] has 2 ready out of 4 sources. RTI 0)
 184000: system.cpu.rename: [tid:0] Looking up integer arch reg 17, got phys reg 103 (integer) (bypassed: no)
 184000: system.cpu.rename: [tid:0] Register 103 (flat: 103) (integer) is not ready.
 184000: system.cpu.rename: [tid:0] Looking up miscellaneous arch reg 155, got phys reg 155 (miscellaneous) (bypassed: no)
 184000: system.cpu.rename: [tid:0] Register 155 (flat: 0) (miscellaneous) is ready.
 184000: global: [sn:91] has 3 ready out of 4 sources. RTI 0)
 184000: global: Renamed reg t1 (17) to physical reg 104 (104) old mapping was 103 (103)
 184000: system.cpu.rename: [tid:0] Querying SMB Predictor for load [sn:91] with PC (0x40106f=>0x401071).(0=>1).
 184000: system.cpu.rename: [tid:0] Renaming arch reg 17 (integer) to physical reg 104 (104).
 184000: system.cpu.rename: [tid:0] Sending instructions to IEW.
 184000: system.cpu.rename: [tid:0] Processing instruction [sn:92] with PC (0x40106f=>0x401071).(1=>2).
 184000: system.cpu.rename: [tid:0] Looking up integer arch reg 17, got phys reg 104 (integer) (bypassed: no)
 184000: system.cpu.rename: [tid:0] Register 104 (flat: 104) (integer) is not ready.
 184000: system.cpu.rename: [tid:0] Looking up integer arch reg 0, got phys reg 63 (integer) (bypassed: no)
 184000: system.cpu.rename: [tid:0] Register 63 (flat: 63) (integer) is ready.
 184000: global: [sn:92] has 1 ready out of 8 sources. RTI 0)
 184000: system.cpu.rename: [tid:0] Looking up integer arch reg 17, got phys reg 104 (integer) (bypassed: no)
 184000: system.cpu.rename: [tid:0] Register 104 (flat: 104) (integer) is not ready.
 184000: system.cpu.rename: [tid:0] Looking up invalid arch reg 0, got phys reg 4294967295 (invalid) (bypassed: no)
 184000: system.cpu.rename: [tid:0] Register 4294967295 (flat: 4294967295) (invalid) is ready.
 184000: global: [sn:92] has 2 ready out of 8 sources. RTI 0)
 184000: system.cpu.rename: [tid:0] Looking up invalid arch reg 0, got phys reg 4294967295 (invalid) (bypassed: no)
 184000: system.cpu.rename: [tid:0] Register 4294967295 (flat: 4294967295) (invalid) is ready.
 184000: global: [sn:92] has 3 ready out of 8 sources. RTI 0)
 184000: system.cpu.rename: [tid:0] Looking up invalid arch reg 0, got phys reg 4294967295 (invalid) (bypassed: no)
 184000: system.cpu.rename: [tid:0] Register 4294967295 (flat: 4294967295) (invalid) is ready.
 184000: global: [sn:92] has 4 ready out of 8 sources. RTI 0)
 184000: system.cpu.rename: [tid:0] Looking up invalid arch reg 0, got phys reg 4294967295 (invalid) (bypassed: no)
 184000: system.cpu.rename: [tid:0] Register 4294967295 (flat: 4294967295) (invalid) is ready.
 184000: global: [sn:92] has 5 ready out of 8 sources. RTI 0)
 184000: system.cpu.rename: [tid:0] Looking up invalid arch reg 0, got phys reg 4294967295 (invalid) (bypassed: no)
 184000: system.cpu.rename: [tid:0] Register 4294967295 (flat: 4294967295) (invalid) is ready.
 184000: global: [sn:92] has 6 ready out of 8 sources. RTI 0)
 184000: global: Renamed reg t1 (17) to physical reg 105 (105) old mapping was 104 (104)
 184000: system.cpu.rename: [tid:0] Renaming arch reg 17 (integer) to physical reg 105 (105).
 184000: global: Renamed reg condition_code[0] (0) to physical reg 4789 (4789) old mapping was 4787 (4787)
 184000: system.cpu.rename: [tid:0] Renaming arch reg 0 (condition_code) to physical reg 63 (4789).
 184000: global: Renamed reg condition_code[1] (1) to physical reg 4790 (4790) old mapping was 4788 (4788)
 184000: system.cpu.rename: [tid:0] Renaming arch reg 1 (condition_code) to physical reg 64 (4790).
 184000: system.cpu.rename: [tid:0] Renaming arch reg 0 (invalid) to physical reg 4294967295 (4294967295).
 184000: system.cpu.rename: [tid:0] Renaming arch reg 0 (invalid) to physical reg 4294967295 (4294967295).
 184000: system.cpu.rename: [tid:0] Renaming arch reg 0 (invalid) to physical reg 4294967295 (4294967295).
 184000: system.cpu.rename: [tid:0] Sending instructions to IEW.
 184000: system.cpu.rename: calcFreeSQEntries: free sqEntries: 59, storesInProgress: 11, stores dispatchedToSQ: 3
 184000: system.cpu.rename: [tid:0] Processing instruction [sn:93] with PC (0x40106f=>0x401071).(2=>3).
 184000: system.cpu.rename: [tid:0] Looking up invalid arch reg 0, got phys reg 4294967295 (invalid) (bypassed: no)
 184000: system.cpu.rename: [tid:0] Register 4294967295 (flat: 4294967295) (invalid) is ready.
 184000: global: [sn:93] has 1 ready out of 4 sources. RTI 0)
 184000: system.cpu.rename: [tid:0] Looking up integer arch reg 0, got phys reg 63 (integer) (bypassed: no)
 184000: system.cpu.rename: [tid:0] Register 63 (flat: 63) (integer) is ready.
 184000: global: [sn:93] has 2 ready out of 4 sources. RTI 0)
 184000: system.cpu.rename: [tid:0] Looking up integer arch reg 17, got phys reg 105 (integer) (bypassed: no)
 184000: system.cpu.rename: [tid:0] Register 105 (flat: 105) (integer) is not ready.
 184000: system.cpu.rename: [tid:0] Looking up miscellaneous arch reg 155, got phys reg 155 (miscellaneous) (bypassed: no)
 184000: system.cpu.rename: [tid:0] Register 155 (flat: 0) (miscellaneous) is ready.
 184000: global: [sn:93] has 3 ready out of 4 sources. RTI 0)
 184000: system.cpu.rename: [tid:0] Sending instructions to IEW.
 184000: system.cpu.rename: calcFreeLQEntries: free lqEntries: 122, loadsInProgress: 11, loads dispatchedToLQ: 3
 184000: system.cpu.rename: [tid:0] Processing instruction [sn:94] with PC (0x401071=>0x401073).(0=>1).
 184000: system.cpu.rename: [tid:0] Looking up invalid arch reg 0, got phys reg 4294967295 (invalid) (bypassed: no)
 184000: system.cpu.rename: [tid:0] Register 4294967295 (flat: 4294967295) (invalid) is ready.
 184000: global: [sn:94] has 1 ready out of 4 sources. RTI 0)
 184000: system.cpu.rename: [tid:0] Looking up integer arch reg 0, got phys reg 63 (integer) (bypassed: no)
 184000: system.cpu.rename: [tid:0] Register 63 (flat: 63) (integer) is ready.
 184000: global: [sn:94] has 2 ready out of 4 sources. RTI 0)
 184000: system.cpu.rename: [tid:0] Looking up integer arch reg 17, got phys reg 105 (integer) (bypassed: no)
 184000: system.cpu.rename: [tid:0] Register 105 (flat: 105) (integer) is not ready.
 184000: system.cpu.rename: [tid:0] Looking up miscellaneous arch reg 155, got phys reg 155 (miscellaneous) (bypassed: no)
 184000: system.cpu.rename: [tid:0] Register 155 (flat: 0) (miscellaneous) is ready.
 184000: global: [sn:94] has 3 ready out of 4 sources. RTI 0)
 184000: global: Renamed reg t1 (17) to physical reg 106 (106) old mapping was 105 (105)
 184000: system.cpu.rename: [tid:0] Querying SMB Predictor for load [sn:94] with PC (0x401071=>0x401073).(0=>1).
 184000: system.cpu.rename: [tid:0] Renaming arch reg 17 (integer) to physical reg 106 (106).
 184000: system.cpu.rename: [tid:0] Sending instructions to IEW.
 184000: system.cpu.rename: [tid:0] Processing instruction [sn:95] with PC (0x401071=>0x401073).(1=>2).
 184000: system.cpu.rename: [tid:0] Looking up integer arch reg 17, got phys reg 106 (integer) (bypassed: no)
 184000: system.cpu.rename: [tid:0] Register 106 (flat: 106) (integer) is not ready.
 184000: system.cpu.rename: [tid:0] Looking up integer arch reg 0, got phys reg 63 (integer) (bypassed: no)
 184000: system.cpu.rename: [tid:0] Register 63 (flat: 63) (integer) is ready.
 184000: global: [sn:95] has 1 ready out of 8 sources. RTI 0)
 184000: system.cpu.rename: [tid:0] Looking up integer arch reg 17, got phys reg 106 (integer) (bypassed: no)
 184000: system.cpu.rename: [tid:0] Register 106 (flat: 106) (integer) is not ready.
 184000: system.cpu.rename: [tid:0] Looking up invalid arch reg 0, got phys reg 4294967295 (invalid) (bypassed: no)
 184000: system.cpu.rename: [tid:0] Register 4294967295 (flat: 4294967295) (invalid) is ready.
 184000: global: [sn:95] has 2 ready out of 8 sources. RTI 0)
 184000: system.cpu.rename: [tid:0] Looking up invalid arch reg 0, got phys reg 4294967295 (invalid) (bypassed: no)
 184000: system.cpu.rename: [tid:0] Register 4294967295 (flat: 4294967295) (invalid) is ready.
 184000: global: [sn:95] has 3 ready out of 8 sources. RTI 0)
 184000: system.cpu.rename: [tid:0] Looking up invalid arch reg 0, got phys reg 4294967295 (invalid) (bypassed: no)
 184000: system.cpu.rename: [tid:0] Register 4294967295 (flat: 4294967295) (invalid) is ready.
 184000: global: [sn:95] has 4 ready out of 8 sources. RTI 0)
 184000: system.cpu.rename: [tid:0] Looking up invalid arch reg 0, got phys reg 4294967295 (invalid) (bypassed: no)
 184000: system.cpu.rename: [tid:0] Register 4294967295 (flat: 4294967295) (invalid) is ready.
 184000: global: [sn:95] has 5 ready out of 8 sources. RTI 0)
 184000: system.cpu.rename: [tid:0] Looking up invalid arch reg 0, got phys reg 4294967295 (invalid) (bypassed: no)
 184000: system.cpu.rename: [tid:0] Register 4294967295 (flat: 4294967295) (invalid) is ready.
 184000: global: [sn:95] has 6 ready out of 8 sources. RTI 0)
 184000: global: Renamed reg t1 (17) to physical reg 107 (107) old mapping was 106 (106)
 184000: system.cpu.rename: [tid:0] Renaming arch reg 17 (integer) to physical reg 107 (107).
 184000: global: Renamed reg condition_code[0] (0) to physical reg 4791 (4791) old mapping was 4789 (4789)
 184000: system.cpu.rename: [tid:0] Renaming arch reg 0 (condition_code) to physical reg 65 (4791).
 184000: global: Renamed reg condition_code[1] (1) to physical reg 4792 (4792) old mapping was 4790 (4790)
 184000: system.cpu.rename: [tid:0] Renaming arch reg 1 (condition_code) to physical reg 66 (4792).
 184000: system.cpu.rename: [tid:0] Renaming arch reg 0 (invalid) to physical reg 4294967295 (4294967295).
 184000: system.cpu.rename: [tid:0] Renaming arch reg 0 (invalid) to physical reg 4294967295 (4294967295).
 184000: system.cpu.rename: [tid:0] Renaming arch reg 0 (invalid) to physical reg 4294967295 (4294967295).
 184000: system.cpu.rename: [tid:0] Sending instructions to IEW.
 184000: system.cpu.rename: calcFreeSQEntries: free sqEntries: 59, storesInProgress: 12, stores dispatchedToSQ: 3
 184000: system.cpu.rename: [tid:0] Processing instruction [sn:96] with PC (0x401071=>0x401073).(2=>3).
 184000: system.cpu.rename: [tid:0] Looking up invalid arch reg 0, got phys reg 4294967295 (invalid) (bypassed: no)
 184000: system.cpu.rename: [tid:0] Register 4294967295 (flat: 4294967295) (invalid) is ready.
 184000: global: [sn:96] has 1 ready out of 4 sources. RTI 0)
 184000: system.cpu.rename: [tid:0] Looking up integer arch reg 0, got phys reg 63 (integer) (bypassed: no)
 184000: system.cpu.rename: [tid:0] Register 63 (flat: 63) (integer) is ready.
 184000: global: [sn:96] has 2 ready out of 4 sources. RTI 0)
 184000: system.cpu.rename: [tid:0] Looking up integer arch reg 17, got phys reg 107 (integer) (bypassed: no)
 184000: system.cpu.rename: [tid:0] Register 107 (flat: 107) (integer) is not ready.
 184000: system.cpu.rename: [tid:0] Looking up miscellaneous arch reg 155, got phys reg 155 (miscellaneous) (bypassed: no)
 184000: system.cpu.rename: [tid:0] Register 155 (flat: 0) (miscellaneous) is ready.
 184000: global: [sn:96] has 3 ready out of 4 sources. RTI 0)
 184000: system.cpu.rename: [tid:0] Sending instructions to IEW.
 184000: system.cpu.rename: calcFreeLQEntries: free lqEntries: 122, loadsInProgress: 12, loads dispatchedToLQ: 3
 184000: system.cpu.rename: [tid:0] Processing instruction [sn:97] with PC (0x401073=>0x401075).(0=>1).
 184000: system.cpu.rename: [tid:0] Looking up invalid arch reg 0, got phys reg 4294967295 (invalid) (bypassed: no)
 184000: system.cpu.rename: [tid:0] Register 4294967295 (flat: 4294967295) (invalid) is ready.
 184000: global: [sn:97] has 1 ready out of 4 sources. RTI 0)
 184000: system.cpu.rename: [tid:0] Looking up integer arch reg 0, got phys reg 63 (integer) (bypassed: no)
 184000: system.cpu.rename: [tid:0] Register 63 (flat: 63) (integer) is ready.
 184000: global: [sn:97] has 2 ready out of 4 sources. RTI 0)
 184000: system.cpu.rename: [tid:0] Looking up integer arch reg 17, got phys reg 107 (integer) (bypassed: no)
 184000: system.cpu.rename: [tid:0] Register 107 (flat: 107) (integer) is not ready.
 184000: system.cpu.rename: [tid:0] Looking up miscellaneous arch reg 155, got phys reg 155 (miscellaneous) (bypassed: no)
 184000: system.cpu.rename: [tid:0] Register 155 (flat: 0) (miscellaneous) is ready.
 184000: global: [sn:97] has 3 ready out of 4 sources. RTI 0)
 184000: global: Renamed reg t1 (17) to physical reg 108 (108) old mapping was 107 (107)
 184000: system.cpu.rename: [tid:0] Querying SMB Predictor for load [sn:97] with PC (0x401073=>0x401075).(0=>1).
 184000: system.cpu.rename: [tid:0] Renaming arch reg 17 (integer) to physical reg 108 (108).
 184000: system.cpu.rename: [tid:0] Sending instructions to IEW.
 184000: system.cpu.rename: [tid:0] Processing instruction [sn:98] with PC (0x401073=>0x401075).(1=>2).
 184000: system.cpu.rename: [tid:0] Looking up integer arch reg 17, got phys reg 108 (integer) (bypassed: no)
 184000: system.cpu.rename: [tid:0] Register 108 (flat: 108) (integer) is not ready.
 184000: system.cpu.rename: [tid:0] Looking up integer arch reg 0, got phys reg 63 (integer) (bypassed: no)
 184000: system.cpu.rename: [tid:0] Register 63 (flat: 63) (integer) is ready.
 184000: global: [sn:98] has 1 ready out of 8 sources. RTI 0)
 184000: system.cpu.rename: [tid:0] Looking up integer arch reg 17, got phys reg 108 (integer) (bypassed: no)
 184000: system.cpu.rename: [tid:0] Register 108 (flat: 108) (integer) is not ready.
 184000: system.cpu.rename: [tid:0] Looking up invalid arch reg 0, got phys reg 4294967295 (invalid) (bypassed: no)
 184000: system.cpu.rename: [tid:0] Register 4294967295 (flat: 4294967295) (invalid) is ready.
 184000: global: [sn:98] has 2 ready out of 8 sources. RTI 0)
 184000: system.cpu.rename: [tid:0] Looking up invalid arch reg 0, got phys reg 4294967295 (invalid) (bypassed: no)
 184000: system.cpu.rename: [tid:0] Register 4294967295 (flat: 4294967295) (invalid) is ready.
 184000: global: [sn:98] has 3 ready out of 8 sources. RTI 0)
 184000: system.cpu.rename: [tid:0] Looking up invalid arch reg 0, got phys reg 4294967295 (invalid) (bypassed: no)
 184000: system.cpu.rename: [tid:0] Register 4294967295 (flat: 4294967295) (invalid) is ready.
 184000: global: [sn:98] has 4 ready out of 8 sources. RTI 0)
 184000: system.cpu.rename: [tid:0] Looking up invalid arch reg 0, got phys reg 4294967295 (invalid) (bypassed: no)
 184000: system.cpu.rename: [tid:0] Register 4294967295 (flat: 4294967295) (invalid) is ready.
 184000: global: [sn:98] has 5 ready out of 8 sources. RTI 0)
 184000: system.cpu.rename: [tid:0] Looking up invalid arch reg 0, got phys reg 4294967295 (invalid) (bypassed: no)
 184000: system.cpu.rename: [tid:0] Register 4294967295 (flat: 4294967295) (invalid) is ready.
 184000: global: [sn:98] has 6 ready out of 8 sources. RTI 0)
 184000: global: Renamed reg t1 (17) to physical reg 109 (109) old mapping was 108 (108)
 184000: system.cpu.rename: [tid:0] Renaming arch reg 17 (integer) to physical reg 109 (109).
 184000: global: Renamed reg condition_code[0] (0) to physical reg 4793 (4793) old mapping was 4791 (4791)
 184000: system.cpu.rename: [tid:0] Renaming arch reg 0 (condition_code) to physical reg 67 (4793).
 184000: global: Renamed reg condition_code[1] (1) to physical reg 4794 (4794) old mapping was 4792 (4792)
 184000: system.cpu.rename: [tid:0] Renaming arch reg 1 (condition_code) to physical reg 68 (4794).
 184000: system.cpu.rename: [tid:0] Renaming arch reg 0 (invalid) to physical reg 4294967295 (4294967295).
 184000: system.cpu.rename: [tid:0] Renaming arch reg 0 (invalid) to physical reg 4294967295 (4294967295).
 184000: system.cpu.rename: [tid:0] Renaming arch reg 0 (invalid) to physical reg 4294967295 (4294967295).
 184000: system.cpu.rename: Activity this cycle.
 184000: system.cpu.rename: [tid:0] Removing a committed instruction from the history buffer 0 (size=162), until [sn:29].
 184000: system.cpu.rename: [tid:0] Freeing older rename of reg 45 (45), [sn:29].
 184000: system.cpu.rename: [tid:0] Successfully freed phys reg 45 (45) from history buffer.
 184000: system.cpu.iew: Issue: Processing [tid:0]
 184000: system.cpu.iew: [tid:0] Not blocked, so attempting to run dispatch.
 184000: system.cpu.iew: [tid:0] Issue: Adding PC (0x40105f=>0x401061).(2=>3) [sn:69] [tid:0] to IQ.
 184000: system.cpu.iew: [tid:0] Issue: Memory instruction encountered, adding to LSQ.
 184000: system.cpu.iew.lsq.thread0: Inserting store PC (0x40105f=>0x401061).(2=>3), idx:16 [sn:69]
 184000: system.cpu.iq: Adding instruction [sn:69] PC (0x40105f=>0x401061).(2=>3) to the IQ.
 184000: system.cpu.iq: Instruction PC (0x40105f=>0x401061).(2=>3) has src reg 89 (integer) that is being added to the dependency chain.
 184000: system.cpu.memDep0: No dependency for inst PC (0x40105f=>0x401061).(2=>3) [sn:69].
 184000: system.cpu.memDep0: Inserting store/atomic PC (0x40105f=>0x401061).(2=>3) [sn:69].
 184000: system.cpu.iew: [tid:0] Issue: Adding PC (0x401061=>0x401063).(0=>1) [sn:70] [tid:0] to IQ.
 184000: system.cpu.iew: [tid:0] Issue: Memory instruction encountered, adding to LSQ.
 184000: system.cpu.iew.lsq.thread0: Inserting load PC (0x401061=>0x401063).(0=>1), idx:17 [sn:70]
 184000: system.cpu.iq: Adding instruction [sn:70] PC (0x401061=>0x401063).(0=>1) to the IQ.
 184000: system.cpu.iq: Instruction PC (0x401061=>0x401063).(0=>1) has src reg 89 (integer) that is being added to the dependency chain.
 184000: system.cpu.memDep0: No dependency for inst PC (0x401061=>0x401063).(0=>1) [sn:70].
 184000: system.cpu.iew: [tid:0] Issue: Adding PC (0x401061=>0x401063).(1=>2) [sn:71] [tid:0] to IQ.
 184000: system.cpu.iq: Adding instruction [sn:71] PC (0x401061=>0x401063).(1=>2) to the IQ.
 184000: system.cpu.iq: Instruction PC (0x401061=>0x401063).(1=>2) has src reg 90 (integer) that is being added to the dependency chain.
 184000: system.cpu.iq: Instruction PC (0x401061=>0x401063).(1=>2) has src reg 90 (integer) that is being added to the dependency chain.
 184000: system.cpu.iew: [tid:0] Issue: Adding PC (0x401061=>0x401063).(2=>3) [sn:72] [tid:0] to IQ.
 184000: system.cpu.iew: [tid:0] Issue: Memory instruction encountered, adding to LSQ.
 184000: system.cpu.iew.lsq.thread0: Inserting store PC (0x401061=>0x401063).(2=>3), idx:17 [sn:72]
 184000: system.cpu.iq: Adding instruction [sn:72] PC (0x401061=>0x401063).(2=>3) to the IQ.
 184000: system.cpu.iq: Instruction PC (0x401061=>0x401063).(2=>3) has src reg 91 (integer) that is being added to the dependency chain.
 184000: system.cpu.memDep0: No dependency for inst PC (0x401061=>0x401063).(2=>3) [sn:72].
 184000: system.cpu.memDep0: Inserting store/atomic PC (0x401061=>0x401063).(2=>3) [sn:72].
 184000: system.cpu.iew: [tid:0] Issue: Adding PC (0x401063=>0x401065).(0=>1) [sn:73] [tid:0] to IQ.
 184000: system.cpu.iew: [tid:0] Issue: Memory instruction encountered, adding to LSQ.
 184000: system.cpu.iew.lsq.thread0: Inserting load PC (0x401063=>0x401065).(0=>1), idx:18 [sn:73]
 184000: system.cpu.iq: Adding instruction [sn:73] PC (0x401063=>0x401065).(0=>1) to the IQ.
 184000: system.cpu.iq: Instruction PC (0x401063=>0x401065).(0=>1) has src reg 91 (integer) that is being added to the dependency chain.
 184000: system.cpu.memDep0: No dependency for inst PC (0x401063=>0x401065).(0=>1) [sn:73].
 184000: system.cpu.iew: [tid:0] Issue: Adding PC (0x401063=>0x401065).(1=>2) [sn:74] [tid:0] to IQ.
 184000: system.cpu.iq: Adding instruction [sn:74] PC (0x401063=>0x401065).(1=>2) to the IQ.
 184000: system.cpu.iq: Instruction PC (0x401063=>0x401065).(1=>2) has src reg 92 (integer) that is being added to the dependency chain.
 184000: system.cpu.iq: Instruction PC (0x401063=>0x401065).(1=>2) has src reg 92 (integer) that is being added to the dependency chain.
 184000: system.cpu.iew: [tid:0] Issue: Adding PC (0x401063=>0x401065).(2=>3) [sn:75] [tid:0] to IQ.
 184000: system.cpu.iew: [tid:0] Issue: Memory instruction encountered, adding to LSQ.
 184000: system.cpu.iew.lsq.thread0: Inserting store PC (0x401063=>0x401065).(2=>3), idx:18 [sn:75]
 184000: system.cpu.iq: Adding instruction [sn:75] PC (0x401063=>0x401065).(2=>3) to the IQ.
 184000: system.cpu.iq: Instruction PC (0x401063=>0x401065).(2=>3) has src reg 93 (integer) that is being added to the dependency chain.
 184000: system.cpu.memDep0: No dependency for inst PC (0x401063=>0x401065).(2=>3) [sn:75].
 184000: system.cpu.memDep0: Inserting store/atomic PC (0x401063=>0x401065).(2=>3) [sn:75].
 184000: system.cpu.iew: [tid:0] Issue: Adding PC (0x401065=>0x401067).(0=>1) [sn:76] [tid:0] to IQ.
 184000: system.cpu.iew: [tid:0] Issue: Memory instruction encountered, adding to LSQ.
 184000: system.cpu.iew.lsq.thread0: Inserting load PC (0x401065=>0x401067).(0=>1), idx:19 [sn:76]
 184000: system.cpu.iq: Adding instruction [sn:76] PC (0x401065=>0x401067).(0=>1) to the IQ.
 184000: system.cpu.iq: Instruction PC (0x401065=>0x401067).(0=>1) has src reg 93 (integer) that is being added to the dependency chain.
 184000: system.cpu.memDep0: No dependency for inst PC (0x401065=>0x401067).(0=>1) [sn:76].
 184000: system.cpu.iew: [tid:0] Issue: Adding PC (0x401065=>0x401067).(1=>2) [sn:77] [tid:0] to IQ.
 184000: system.cpu.iq: Adding instruction [sn:77] PC (0x401065=>0x401067).(1=>2) to the IQ.
 184000: system.cpu.iq: Instruction PC (0x401065=>0x401067).(1=>2) has src reg 94 (integer) that is being added to the dependency chain.
 184000: system.cpu.iq: Instruction PC (0x401065=>0x401067).(1=>2) has src reg 94 (integer) that is being added to the dependency chain.
 184000: system.cpu.iew: [tid:0] Issue: Adding PC (0x401065=>0x401067).(2=>3) [sn:78] [tid:0] to IQ.
 184000: system.cpu.iew: [tid:0] Issue: Memory instruction encountered, adding to LSQ.
 184000: system.cpu.iew.lsq.thread0: Inserting store PC (0x401065=>0x401067).(2=>3), idx:19 [sn:78]
 184000: system.cpu.iq: Adding instruction [sn:78] PC (0x401065=>0x401067).(2=>3) to the IQ.
 184000: system.cpu.iq: Instruction PC (0x401065=>0x401067).(2=>3) has src reg 95 (integer) that is being added to the dependency chain.
 184000: system.cpu.memDep0: No dependency for inst PC (0x401065=>0x401067).(2=>3) [sn:78].
 184000: system.cpu.memDep0: Inserting store/atomic PC (0x401065=>0x401067).(2=>3) [sn:78].
 184000: system.cpu.iq: Attempting to schedule ready instructions from the IQ.
 184000: system.cpu.iq: Not able to schedule any instructions.
 184000: system.cpu.iew.lsq: [tid:0] Writing back stores. 4 stores available for Writeback.
 184000: system.cpu.iew: Processing [tid:0]
 184000: system.cpu.iq: [tid:0] Committing instructions older than [sn:29]
 184000: system.cpu.iew: [tid:0], Dispatch dispatched 10 instructions.
 184000: system.cpu.iew.lsq.thread0: SQ size: 72, #stores occupied: 20
 184000: system.cpu.iew.lsq.thread0: LQ size: 132, #loads occupied: 16
 184000: system.cpu.iew: IQ has 511 free entries (Can schedule: 0).  LQ has 116 free entries. SQ has 52 free entries.
 184000: system.cpu.commit: Getting instructions from Rename stage.
 184000: system.cpu.commit: [tid:0] [sn:79] Inserting PC (0x401067=>0x401069).(0=>1) into ROB.
 184000: system.cpu.rob: Adding inst PC (0x401067=>0x401069).(0=>1) to the ROB.
 184000: system.cpu.rob: [tid:0] Now has 50 instructions.
 184000: system.cpu.commit: [tid:0] [sn:80] Inserting PC (0x401067=>0x401069).(1=>2) into ROB.
 184000: system.cpu.rob: Adding inst PC (0x401067=>0x401069).(1=>2) to the ROB.
 184000: system.cpu.rob: [tid:0] Now has 51 instructions.
 184000: system.cpu.commit: [tid:0] [sn:81] Inserting PC (0x401067=>0x401069).(2=>3) into ROB.
 184000: system.cpu.rob: Adding inst PC (0x401067=>0x401069).(2=>3) to the ROB.
 184000: system.cpu.rob: [tid:0] Now has 52 instructions.
 184000: system.cpu.commit: [tid:0] [sn:82] Inserting PC (0x401069=>0x40106b).(0=>1) into ROB.
 184000: system.cpu.rob: Adding inst PC (0x401069=>0x40106b).(0=>1) to the ROB.
 184000: system.cpu.rob: [tid:0] Now has 53 instructions.
 184000: system.cpu.commit: [tid:0] [sn:83] Inserting PC (0x401069=>0x40106b).(1=>2) into ROB.
 184000: system.cpu.rob: Adding inst PC (0x401069=>0x40106b).(1=>2) to the ROB.
 184000: system.cpu.rob: [tid:0] Now has 54 instructions.
 184000: system.cpu.commit: [tid:0] [sn:84] Inserting PC (0x401069=>0x40106b).(2=>3) into ROB.
 184000: system.cpu.rob: Adding inst PC (0x401069=>0x40106b).(2=>3) to the ROB.
 184000: system.cpu.rob: [tid:0] Now has 55 instructions.
 184000: system.cpu.commit: [tid:0] [sn:85] Inserting PC (0x40106b=>0x40106d).(0=>1) into ROB.
 184000: system.cpu.rob: Adding inst PC (0x40106b=>0x40106d).(0=>1) to the ROB.
 184000: system.cpu.rob: [tid:0] Now has 56 instructions.
 184000: system.cpu.commit: [tid:0] [sn:86] Inserting PC (0x40106b=>0x40106d).(1=>2) into ROB.
 184000: system.cpu.rob: Adding inst PC (0x40106b=>0x40106d).(1=>2) to the ROB.
 184000: system.cpu.rob: [tid:0] Now has 57 instructions.
 184000: system.cpu.commit: [tid:0] [sn:87] Inserting PC (0x40106b=>0x40106d).(2=>3) into ROB.
 184000: system.cpu.rob: Adding inst PC (0x40106b=>0x40106d).(2=>3) to the ROB.
 184000: system.cpu.rob: [tid:0] Now has 58 instructions.
 184000: system.cpu.commit: [tid:0] [sn:88] Inserting PC (0x40106d=>0x40106f).(0=>1) into ROB.
 184000: system.cpu.rob: Adding inst PC (0x40106d=>0x40106f).(0=>1) to the ROB.
 184000: system.cpu.rob: [tid:0] Now has 59 instructions.
 184000: system.cpu.commit: Trying to commit instructions in the ROB.
 184000: system.cpu.commit: Trying to commit head instruction, [tid:0] [sn:30]
 184000: system.cpu.commit: Inst [tid:0] [sn:30] PC (0x401045=>0x401047).(0=>1) has a fault
 184000: system.cpu.commit: [tid:0] [sn:30] Stores outstanding, fault must wait.
 184000: system.cpu.commit: Unable to commit head instruction PC:(0x401045=>0x401047).(0=>1) [tid:0] [sn:30].
 184000: system.cpu.commit: [tid:0] Instruction [sn:30] PC (0x401045=>0x401047).(0=>1) is head of ROB and ready to commit
 184000: system.cpu.commit: [tid:0] ROB has 59 insts & 859 free entries.
 184000: system.cpu.commit: Activity This Cycle.
 184000: system.cpu: Scheduling next tick!
 185000: system.cpu: CPU already running.
 185000: system.cpu: Activity: 12
 185000: system.cpu.iew.lsq.thread0: Completing store [sn:4], idx:0, store head idx:1
O3PipeView:fetch:87000:0x00401004:1:4:  MOV_M_I : st   t1d, SS:[t0 + rsp]
O3PipeView:decode:88000
O3PipeView:rename:89000
O3PipeView:dispatch:91000
O3PipeView:issue:93000
O3PipeView:complete:94000
O3PipeView:retire:97000:store:185000
 185000: global: DynInst: [sn:4] Instruction destroyed. Instcount for system.cpu = 89
 185000: system.cpu: 

O3CPU: Ticking main, O3CPU.
 185000: system.cpu.fetch: Running stage.
 185000: system.cpu.fetch: There are no more threads available to fetch from.
 185000: system.cpu.fetch: [tid:0] Fetch is waiting cache response!
 185000: system.cpu.decode: Processing [tid:0]
 185000: system.cpu.decode: [tid:0] Not blocked, so attempting to run stage.
 185000: system.cpu.decode: [tid:0] Sending instruction to rename.
 185000: system.cpu.decode: [tid:0] Processing instruction [sn:109] with PC (0x40107b=>0x40107d).(0=>1)
 185000: system.cpu.decode: [tid:0] Processing instruction [sn:110] with PC (0x40107b=>0x40107d).(1=>2)
 185000: system.cpu.decode: [tid:0] Processing instruction [sn:111] with PC (0x40107b=>0x40107d).(2=>3)
 185000: system.cpu.decode: [tid:0] Processing instruction [sn:112] with PC (0x40107d=>0x40107f).(0=>1)
 185000: system.cpu.decode: [tid:0] Processing instruction [sn:113] with PC (0x40107d=>0x40107f).(1=>2)
 185000: system.cpu.decode: [tid:0] Processing instruction [sn:114] with PC (0x40107d=>0x40107f).(2=>3)
 185000: system.cpu.decode: Activity this cycle.
 185000: system.cpu.rename: Processing [tid:0]
 185000: system.cpu.rename: [tid:0] Free IQ: 531, Free ROB: 859, Free LQ: 122, Free SQ: 59, FreeRM 127(833 870 917 1834 127 8 4539)
 185000: system.cpu.rename: [tid:0] 30 instructions not yet in ROB
 185000: system.cpu.rename: calcFreeLQEntries: free lqEntries: 122, loadsInProgress: 10, loads dispatchedToLQ: 3
 185000: system.cpu.rename: [tid:0] Not blocked, so attempting to run stage.
 185000: system.cpu.rename: [tid:0] 10 available instructions to send iew.
 185000: system.cpu.rename: [tid:0] 30 insts pipelining from Rename | 10 insts dispatched to IQ last cycle.
 185000: system.cpu.rename: [tid:0] Sending instructions to IEW.
 185000: system.cpu.rename: calcFreeSQEntries: free sqEntries: 59, storesInProgress: 10, stores dispatchedToSQ: 4
 185000: system.cpu.rename: [tid:0] Processing instruction [sn:99] with PC (0x401073=>0x401075).(2=>3).
 185000: system.cpu.rename: [tid:0] Looking up invalid arch reg 0, got phys reg 4294967295 (invalid) (bypassed: no)
 185000: system.cpu.rename: [tid:0] Register 4294967295 (flat: 4294967295) (invalid) is ready.
 185000: global: [sn:99] has 1 ready out of 4 sources. RTI 0)
 185000: system.cpu.rename: [tid:0] Looking up integer arch reg 0, got phys reg 63 (integer) (bypassed: no)
 185000: system.cpu.rename: [tid:0] Register 63 (flat: 63) (integer) is ready.
 185000: global: [sn:99] has 2 ready out of 4 sources. RTI 0)
 185000: system.cpu.rename: [tid:0] Looking up integer arch reg 17, got phys reg 109 (integer) (bypassed: no)
 185000: system.cpu.rename: [tid:0] Register 109 (flat: 109) (integer) is not ready.
 185000: system.cpu.rename: [tid:0] Looking up miscellaneous arch reg 155, got phys reg 155 (miscellaneous) (bypassed: no)
 185000: system.cpu.rename: [tid:0] Register 155 (flat: 0) (miscellaneous) is ready.
 185000: global: [sn:99] has 3 ready out of 4 sources. RTI 0)
 185000: system.cpu.rename: [tid:0] Sending instructions to IEW.
 185000: system.cpu.rename: calcFreeLQEntries: free lqEntries: 122, loadsInProgress: 10, loads dispatchedToLQ: 3
 185000: system.cpu.rename: [tid:0] Processing instruction [sn:100] with PC (0x401075=>0x401077).(0=>1).
 185000: system.cpu.rename: [tid:0] Looking up invalid arch reg 0, got phys reg 4294967295 (invalid) (bypassed: no)
 185000: system.cpu.rename: [tid:0] Register 4294967295 (flat: 4294967295) (invalid) is ready.
 185000: global: [sn:100] has 1 ready out of 4 sources. RTI 0)
 185000: system.cpu.rename: [tid:0] Looking up integer arch reg 0, got phys reg 63 (integer) (bypassed: no)
 185000: system.cpu.rename: [tid:0] Register 63 (flat: 63) (integer) is ready.
 185000: global: [sn:100] has 2 ready out of 4 sources. RTI 0)
 185000: system.cpu.rename: [tid:0] Looking up integer arch reg 17, got phys reg 109 (integer) (bypassed: no)
 185000: system.cpu.rename: [tid:0] Register 109 (flat: 109) (integer) is not ready.
 185000: system.cpu.rename: [tid:0] Looking up miscellaneous arch reg 155, got phys reg 155 (miscellaneous) (bypassed: no)
 185000: system.cpu.rename: [tid:0] Register 155 (flat: 0) (miscellaneous) is ready.
 185000: global: [sn:100] has 3 ready out of 4 sources. RTI 0)
 185000: global: Renamed reg t1 (17) to physical reg 110 (110) old mapping was 109 (109)
 185000: system.cpu.rename: [tid:0] Querying SMB Predictor for load [sn:100] with PC (0x401075=>0x401077).(0=>1).
 185000: system.cpu.rename: [tid:0] Renaming arch reg 17 (integer) to physical reg 110 (110).
 185000: system.cpu.rename: [tid:0] Sending instructions to IEW.
 185000: system.cpu.rename: [tid:0] Processing instruction [sn:101] with PC (0x401075=>0x401077).(1=>2).
 185000: system.cpu.rename: [tid:0] Looking up integer arch reg 17, got phys reg 110 (integer) (bypassed: no)
 185000: system.cpu.rename: [tid:0] Register 110 (flat: 110) (integer) is not ready.
 185000: system.cpu.rename: [tid:0] Looking up integer arch reg 0, got phys reg 63 (integer) (bypassed: no)
 185000: system.cpu.rename: [tid:0] Register 63 (flat: 63) (integer) is ready.
 185000: global: [sn:101] has 1 ready out of 8 sources. RTI 0)
 185000: system.cpu.rename: [tid:0] Looking up integer arch reg 17, got phys reg 110 (integer) (bypassed: no)
 185000: system.cpu.rename: [tid:0] Register 110 (flat: 110) (integer) is not ready.
 185000: system.cpu.rename: [tid:0] Looking up invalid arch reg 0, got phys reg 4294967295 (invalid) (bypassed: no)
 185000: system.cpu.rename: [tid:0] Register 4294967295 (flat: 4294967295) (invalid) is ready.
 185000: global: [sn:101] has 2 ready out of 8 sources. RTI 0)
 185000: system.cpu.rename: [tid:0] Looking up invalid arch reg 0, got phys reg 4294967295 (invalid) (bypassed: no)
 185000: system.cpu.rename: [tid:0] Register 4294967295 (flat: 4294967295) (invalid) is ready.
 185000: global: [sn:101] has 3 ready out of 8 sources. RTI 0)
 185000: system.cpu.rename: [tid:0] Looking up invalid arch reg 0, got phys reg 4294967295 (invalid) (bypassed: no)
 185000: system.cpu.rename: [tid:0] Register 4294967295 (flat: 4294967295) (invalid) is ready.
 185000: global: [sn:101] has 4 ready out of 8 sources. RTI 0)
 185000: system.cpu.rename: [tid:0] Looking up invalid arch reg 0, got phys reg 4294967295 (invalid) (bypassed: no)
 185000: system.cpu.rename: [tid:0] Register 4294967295 (flat: 4294967295) (invalid) is ready.
 185000: global: [sn:101] has 5 ready out of 8 sources. RTI 0)
 185000: system.cpu.rename: [tid:0] Looking up invalid arch reg 0, got phys reg 4294967295 (invalid) (bypassed: no)
 185000: system.cpu.rename: [tid:0] Register 4294967295 (flat: 4294967295) (invalid) is ready.
 185000: global: [sn:101] has 6 ready out of 8 sources. RTI 0)
 185000: global: Renamed reg t1 (17) to physical reg 111 (111) old mapping was 110 (110)
 185000: system.cpu.rename: [tid:0] Renaming arch reg 17 (integer) to physical reg 111 (111).
 185000: global: Renamed reg condition_code[0] (0) to physical reg 4795 (4795) old mapping was 4793 (4793)
 185000: system.cpu.rename: [tid:0] Renaming arch reg 0 (condition_code) to physical reg 69 (4795).
 185000: global: Renamed reg condition_code[1] (1) to physical reg 4796 (4796) old mapping was 4794 (4794)
 185000: system.cpu.rename: [tid:0] Renaming arch reg 1 (condition_code) to physical reg 70 (4796).
 185000: system.cpu.rename: [tid:0] Renaming arch reg 0 (invalid) to physical reg 4294967295 (4294967295).
 185000: system.cpu.rename: [tid:0] Renaming arch reg 0 (invalid) to physical reg 4294967295 (4294967295).
 185000: system.cpu.rename: [tid:0] Renaming arch reg 0 (invalid) to physical reg 4294967295 (4294967295).
 185000: system.cpu.rename: [tid:0] Sending instructions to IEW.
 185000: system.cpu.rename: calcFreeSQEntries: free sqEntries: 59, storesInProgress: 11, stores dispatchedToSQ: 4
 185000: system.cpu.rename: [tid:0] Processing instruction [sn:102] with PC (0x401075=>0x401077).(2=>3).
 185000: system.cpu.rename: [tid:0] Looking up invalid arch reg 0, got phys reg 4294967295 (invalid) (bypassed: no)
 185000: system.cpu.rename: [tid:0] Register 4294967295 (flat: 4294967295) (invalid) is ready.
 185000: global: [sn:102] has 1 ready out of 4 sources. RTI 0)
 185000: system.cpu.rename: [tid:0] Looking up integer arch reg 0, got phys reg 63 (integer) (bypassed: no)
 185000: system.cpu.rename: [tid:0] Register 63 (flat: 63) (integer) is ready.
 185000: global: [sn:102] has 2 ready out of 4 sources. RTI 0)
 185000: system.cpu.rename: [tid:0] Looking up integer arch reg 17, got phys reg 111 (integer) (bypassed: no)
 185000: system.cpu.rename: [tid:0] Register 111 (flat: 111) (integer) is not ready.
 185000: system.cpu.rename: [tid:0] Looking up miscellaneous arch reg 155, got phys reg 155 (miscellaneous) (bypassed: no)
 185000: system.cpu.rename: [tid:0] Register 155 (flat: 0) (miscellaneous) is ready.
 185000: global: [sn:102] has 3 ready out of 4 sources. RTI 0)
 185000: system.cpu.rename: [tid:0] Sending instructions to IEW.
 185000: system.cpu.rename: calcFreeLQEntries: free lqEntries: 122, loadsInProgress: 11, loads dispatchedToLQ: 3
 185000: system.cpu.rename: [tid:0] Processing instruction [sn:103] with PC (0x401077=>0x401079).(0=>1).
 185000: system.cpu.rename: [tid:0] Looking up invalid arch reg 0, got phys reg 4294967295 (invalid) (bypassed: no)
 185000: system.cpu.rename: [tid:0] Register 4294967295 (flat: 4294967295) (invalid) is ready.
 185000: global: [sn:103] has 1 ready out of 4 sources. RTI 0)
 185000: system.cpu.rename: [tid:0] Looking up integer arch reg 0, got phys reg 63 (integer) (bypassed: no)
 185000: system.cpu.rename: [tid:0] Register 63 (flat: 63) (integer) is ready.
 185000: global: [sn:103] has 2 ready out of 4 sources. RTI 0)
 185000: system.cpu.rename: [tid:0] Looking up integer arch reg 17, got phys reg 111 (integer) (bypassed: no)
 185000: system.cpu.rename: [tid:0] Register 111 (flat: 111) (integer) is not ready.
 185000: system.cpu.rename: [tid:0] Looking up miscellaneous arch reg 155, got phys reg 155 (miscellaneous) (bypassed: no)
 185000: system.cpu.rename: [tid:0] Register 155 (flat: 0) (miscellaneous) is ready.
 185000: global: [sn:103] has 3 ready out of 4 sources. RTI 0)
 185000: global: Renamed reg t1 (17) to physical reg 112 (112) old mapping was 111 (111)
 185000: system.cpu.rename: [tid:0] Querying SMB Predictor for load [sn:103] with PC (0x401077=>0x401079).(0=>1).
 185000: system.cpu.rename: [tid:0] Renaming arch reg 17 (integer) to physical reg 112 (112).
 185000: system.cpu.rename: [tid:0] Sending instructions to IEW.
 185000: system.cpu.rename: [tid:0] Processing instruction [sn:104] with PC (0x401077=>0x401079).(1=>2).
 185000: system.cpu.rename: [tid:0] Looking up integer arch reg 17, got phys reg 112 (integer) (bypassed: no)
 185000: system.cpu.rename: [tid:0] Register 112 (flat: 112) (integer) is not ready.
 185000: system.cpu.rename: [tid:0] Looking up integer arch reg 0, got phys reg 63 (integer) (bypassed: no)
 185000: system.cpu.rename: [tid:0] Register 63 (flat: 63) (integer) is ready.
 185000: global: [sn:104] has 1 ready out of 8 sources. RTI 0)
 185000: system.cpu.rename: [tid:0] Looking up integer arch reg 17, got phys reg 112 (integer) (bypassed: no)
 185000: system.cpu.rename: [tid:0] Register 112 (flat: 112) (integer) is not ready.
 185000: system.cpu.rename: [tid:0] Looking up invalid arch reg 0, got phys reg 4294967295 (invalid) (bypassed: no)
 185000: system.cpu.rename: [tid:0] Register 4294967295 (flat: 4294967295) (invalid) is ready.
 185000: global: [sn:104] has 2 ready out of 8 sources. RTI 0)
 185000: system.cpu.rename: [tid:0] Looking up invalid arch reg 0, got phys reg 4294967295 (invalid) (bypassed: no)
 185000: system.cpu.rename: [tid:0] Register 4294967295 (flat: 4294967295) (invalid) is ready.
 185000: global: [sn:104] has 3 ready out of 8 sources. RTI 0)
 185000: system.cpu.rename: [tid:0] Looking up invalid arch reg 0, got phys reg 4294967295 (invalid) (bypassed: no)
 185000: system.cpu.rename: [tid:0] Register 4294967295 (flat: 4294967295) (invalid) is ready.
 185000: global: [sn:104] has 4 ready out of 8 sources. RTI 0)
 185000: system.cpu.rename: [tid:0] Looking up invalid arch reg 0, got phys reg 4294967295 (invalid) (bypassed: no)
 185000: system.cpu.rename: [tid:0] Register 4294967295 (flat: 4294967295) (invalid) is ready.
 185000: global: [sn:104] has 5 ready out of 8 sources. RTI 0)
 185000: system.cpu.rename: [tid:0] Looking up invalid arch reg 0, got phys reg 4294967295 (invalid) (bypassed: no)
 185000: system.cpu.rename: [tid:0] Register 4294967295 (flat: 4294967295) (invalid) is ready.
 185000: global: [sn:104] has 6 ready out of 8 sources. RTI 0)
 185000: global: Renamed reg t1 (17) to physical reg 113 (113) old mapping was 112 (112)
 185000: system.cpu.rename: [tid:0] Renaming arch reg 17 (integer) to physical reg 113 (113).
 185000: global: Renamed reg condition_code[0] (0) to physical reg 4797 (4797) old mapping was 4795 (4795)
 185000: system.cpu.rename: [tid:0] Renaming arch reg 0 (condition_code) to physical reg 71 (4797).
 185000: global: Renamed reg condition_code[1] (1) to physical reg 4798 (4798) old mapping was 4796 (4796)
 185000: system.cpu.rename: [tid:0] Renaming arch reg 1 (condition_code) to physical reg 72 (4798).
 185000: system.cpu.rename: [tid:0] Renaming arch reg 0 (invalid) to physical reg 4294967295 (4294967295).
 185000: system.cpu.rename: [tid:0] Renaming arch reg 0 (invalid) to physical reg 4294967295 (4294967295).
 185000: system.cpu.rename: [tid:0] Renaming arch reg 0 (invalid) to physical reg 4294967295 (4294967295).
 185000: system.cpu.rename: [tid:0] Sending instructions to IEW.
 185000: system.cpu.rename: calcFreeSQEntries: free sqEntries: 59, storesInProgress: 12, stores dispatchedToSQ: 4
 185000: system.cpu.rename: [tid:0] Processing instruction [sn:105] with PC (0x401077=>0x401079).(2=>3).
 185000: system.cpu.rename: [tid:0] Looking up invalid arch reg 0, got phys reg 4294967295 (invalid) (bypassed: no)
 185000: system.cpu.rename: [tid:0] Register 4294967295 (flat: 4294967295) (invalid) is ready.
 185000: global: [sn:105] has 1 ready out of 4 sources. RTI 0)
 185000: system.cpu.rename: [tid:0] Looking up integer arch reg 0, got phys reg 63 (integer) (bypassed: no)
 185000: system.cpu.rename: [tid:0] Register 63 (flat: 63) (integer) is ready.
 185000: global: [sn:105] has 2 ready out of 4 sources. RTI 0)
 185000: system.cpu.rename: [tid:0] Looking up integer arch reg 17, got phys reg 113 (integer) (bypassed: no)
 185000: system.cpu.rename: [tid:0] Register 113 (flat: 113) (integer) is not ready.
 185000: system.cpu.rename: [tid:0] Looking up miscellaneous arch reg 155, got phys reg 155 (miscellaneous) (bypassed: no)
 185000: system.cpu.rename: [tid:0] Register 155 (flat: 0) (miscellaneous) is ready.
 185000: global: [sn:105] has 3 ready out of 4 sources. RTI 0)
 185000: system.cpu.rename: [tid:0] Sending instructions to IEW.
 185000: system.cpu.rename: calcFreeLQEntries: free lqEntries: 122, loadsInProgress: 12, loads dispatchedToLQ: 3
 185000: system.cpu.rename: [tid:0] Processing instruction [sn:106] with PC (0x401079=>0x40107b).(0=>1).
 185000: system.cpu.rename: [tid:0] Looking up invalid arch reg 0, got phys reg 4294967295 (invalid) (bypassed: no)
 185000: system.cpu.rename: [tid:0] Register 4294967295 (flat: 4294967295) (invalid) is ready.
 185000: global: [sn:106] has 1 ready out of 4 sources. RTI 0)
 185000: system.cpu.rename: [tid:0] Looking up integer arch reg 0, got phys reg 63 (integer) (bypassed: no)
 185000: system.cpu.rename: [tid:0] Register 63 (flat: 63) (integer) is ready.
 185000: global: [sn:106] has 2 ready out of 4 sources. RTI 0)
 185000: system.cpu.rename: [tid:0] Looking up integer arch reg 17, got phys reg 113 (integer) (bypassed: no)
 185000: system.cpu.rename: [tid:0] Register 113 (flat: 113) (integer) is not ready.
 185000: system.cpu.rename: [tid:0] Looking up miscellaneous arch reg 155, got phys reg 155 (miscellaneous) (bypassed: no)
 185000: system.cpu.rename: [tid:0] Register 155 (flat: 0) (miscellaneous) is ready.
 185000: global: [sn:106] has 3 ready out of 4 sources. RTI 0)
 185000: global: Renamed reg t1 (17) to physical reg 114 (114) old mapping was 113 (113)
 185000: system.cpu.rename: [tid:0] Querying SMB Predictor for load [sn:106] with PC (0x401079=>0x40107b).(0=>1).
 185000: system.cpu.rename: [tid:0] Renaming arch reg 17 (integer) to physical reg 114 (114).
 185000: system.cpu.rename: [tid:0] Sending instructions to IEW.
 185000: system.cpu.rename: [tid:0] Processing instruction [sn:107] with PC (0x401079=>0x40107b).(1=>2).
 185000: system.cpu.rename: [tid:0] Looking up integer arch reg 17, got phys reg 114 (integer) (bypassed: no)
 185000: system.cpu.rename: [tid:0] Register 114 (flat: 114) (integer) is not ready.
 185000: system.cpu.rename: [tid:0] Looking up integer arch reg 0, got phys reg 63 (integer) (bypassed: no)
 185000: system.cpu.rename: [tid:0] Register 63 (flat: 63) (integer) is ready.
 185000: global: [sn:107] has 1 ready out of 8 sources. RTI 0)
 185000: system.cpu.rename: [tid:0] Looking up integer arch reg 17, got phys reg 114 (integer) (bypassed: no)
 185000: system.cpu.rename: [tid:0] Register 114 (flat: 114) (integer) is not ready.
 185000: system.cpu.rename: [tid:0] Looking up invalid arch reg 0, got phys reg 4294967295 (invalid) (bypassed: no)
 185000: system.cpu.rename: [tid:0] Register 4294967295 (flat: 4294967295) (invalid) is ready.
 185000: global: [sn:107] has 2 ready out of 8 sources. RTI 0)
 185000: system.cpu.rename: [tid:0] Looking up invalid arch reg 0, got phys reg 4294967295 (invalid) (bypassed: no)
 185000: system.cpu.rename: [tid:0] Register 4294967295 (flat: 4294967295) (invalid) is ready.
 185000: global: [sn:107] has 3 ready out of 8 sources. RTI 0)
 185000: system.cpu.rename: [tid:0] Looking up invalid arch reg 0, got phys reg 4294967295 (invalid) (bypassed: no)
 185000: system.cpu.rename: [tid:0] Register 4294967295 (flat: 4294967295) (invalid) is ready.
 185000: global: [sn:107] has 4 ready out of 8 sources. RTI 0)
 185000: system.cpu.rename: [tid:0] Looking up invalid arch reg 0, got phys reg 4294967295 (invalid) (bypassed: no)
 185000: system.cpu.rename: [tid:0] Register 4294967295 (flat: 4294967295) (invalid) is ready.
 185000: global: [sn:107] has 5 ready out of 8 sources. RTI 0)
 185000: system.cpu.rename: [tid:0] Looking up invalid arch reg 0, got phys reg 4294967295 (invalid) (bypassed: no)
 185000: system.cpu.rename: [tid:0] Register 4294967295 (flat: 4294967295) (invalid) is ready.
 185000: global: [sn:107] has 6 ready out of 8 sources. RTI 0)
 185000: global: Renamed reg t1 (17) to physical reg 115 (115) old mapping was 114 (114)
 185000: system.cpu.rename: [tid:0] Renaming arch reg 17 (integer) to physical reg 115 (115).
 185000: global: Renamed reg condition_code[0] (0) to physical reg 4799 (4799) old mapping was 4797 (4797)
 185000: system.cpu.rename: [tid:0] Renaming arch reg 0 (condition_code) to physical reg 73 (4799).
 185000: global: Renamed reg condition_code[1] (1) to physical reg 4800 (4800) old mapping was 4798 (4798)
 185000: system.cpu.rename: [tid:0] Renaming arch reg 1 (condition_code) to physical reg 74 (4800).
 185000: system.cpu.rename: [tid:0] Renaming arch reg 0 (invalid) to physical reg 4294967295 (4294967295).
 185000: system.cpu.rename: [tid:0] Renaming arch reg 0 (invalid) to physical reg 4294967295 (4294967295).
 185000: system.cpu.rename: [tid:0] Renaming arch reg 0 (invalid) to physical reg 4294967295 (4294967295).
 185000: system.cpu.rename: [tid:0] Sending instructions to IEW.
 185000: system.cpu.rename: calcFreeSQEntries: free sqEntries: 59, storesInProgress: 13, stores dispatchedToSQ: 4
 185000: system.cpu.rename: [tid:0] Processing instruction [sn:108] with PC (0x401079=>0x40107b).(2=>3).
 185000: system.cpu.rename: [tid:0] Looking up invalid arch reg 0, got phys reg 4294967295 (invalid) (bypassed: no)
 185000: system.cpu.rename: [tid:0] Register 4294967295 (flat: 4294967295) (invalid) is ready.
 185000: global: [sn:108] has 1 ready out of 4 sources. RTI 0)
 185000: system.cpu.rename: [tid:0] Looking up integer arch reg 0, got phys reg 63 (integer) (bypassed: no)
 185000: system.cpu.rename: [tid:0] Register 63 (flat: 63) (integer) is ready.
 185000: global: [sn:108] has 2 ready out of 4 sources. RTI 0)
 185000: system.cpu.rename: [tid:0] Looking up integer arch reg 17, got phys reg 115 (integer) (bypassed: no)
 185000: system.cpu.rename: [tid:0] Register 115 (flat: 115) (integer) is not ready.
 185000: system.cpu.rename: [tid:0] Looking up miscellaneous arch reg 155, got phys reg 155 (miscellaneous) (bypassed: no)
 185000: system.cpu.rename: [tid:0] Register 155 (flat: 0) (miscellaneous) is ready.
 185000: global: [sn:108] has 3 ready out of 4 sources. RTI 0)
 185000: system.cpu.rename: Activity this cycle.
 185000: system.cpu.iew: Issue: Processing [tid:0]
 185000: system.cpu.iew: [tid:0] Not blocked, so attempting to run dispatch.
 185000: system.cpu.iew: [tid:0] Issue: Adding PC (0x401067=>0x401069).(0=>1) [sn:79] [tid:0] to IQ.
 185000: system.cpu.iew: [tid:0] Issue: Memory instruction encountered, adding to LSQ.
 185000: system.cpu.iew.lsq.thread0: Inserting load PC (0x401067=>0x401069).(0=>1), idx:20 [sn:79]
 185000: system.cpu.iq: Adding instruction [sn:79] PC (0x401067=>0x401069).(0=>1) to the IQ.
 185000: system.cpu.iq: Instruction PC (0x401067=>0x401069).(0=>1) has src reg 95 (integer) that is being added to the dependency chain.
 185000: system.cpu.memDep0: No dependency for inst PC (0x401067=>0x401069).(0=>1) [sn:79].
 185000: system.cpu.iew: [tid:0] Issue: Adding PC (0x401067=>0x401069).(1=>2) [sn:80] [tid:0] to IQ.
 185000: system.cpu.iq: Adding instruction [sn:80] PC (0x401067=>0x401069).(1=>2) to the IQ.
 185000: system.cpu.iq: Instruction PC (0x401067=>0x401069).(1=>2) has src reg 96 (integer) that is being added to the dependency chain.
 185000: system.cpu.iq: Instruction PC (0x401067=>0x401069).(1=>2) has src reg 96 (integer) that is being added to the dependency chain.
 185000: system.cpu.iew: [tid:0] Issue: Adding PC (0x401067=>0x401069).(2=>3) [sn:81] [tid:0] to IQ.
 185000: system.cpu.iew: [tid:0] Issue: Memory instruction encountered, adding to LSQ.
 185000: system.cpu.iew.lsq.thread0: Inserting store PC (0x401067=>0x401069).(2=>3), idx:20 [sn:81]
 185000: system.cpu.iq: Adding instruction [sn:81] PC (0x401067=>0x401069).(2=>3) to the IQ.
 185000: system.cpu.iq: Instruction PC (0x401067=>0x401069).(2=>3) has src reg 97 (integer) that is being added to the dependency chain.
 185000: system.cpu.memDep0: No dependency for inst PC (0x401067=>0x401069).(2=>3) [sn:81].
 185000: system.cpu.memDep0: Inserting store/atomic PC (0x401067=>0x401069).(2=>3) [sn:81].
 185000: system.cpu.iew: [tid:0] Issue: Adding PC (0x401069=>0x40106b).(0=>1) [sn:82] [tid:0] to IQ.
 185000: system.cpu.iew: [tid:0] Issue: Memory instruction encountered, adding to LSQ.
 185000: system.cpu.iew.lsq.thread0: Inserting load PC (0x401069=>0x40106b).(0=>1), idx:21 [sn:82]
 185000: system.cpu.iq: Adding instruction [sn:82] PC (0x401069=>0x40106b).(0=>1) to the IQ.
 185000: system.cpu.iq: Instruction PC (0x401069=>0x40106b).(0=>1) has src reg 97 (integer) that is being added to the dependency chain.
 185000: system.cpu.memDep0: No dependency for inst PC (0x401069=>0x40106b).(0=>1) [sn:82].
 185000: system.cpu.iew: [tid:0] Issue: Adding PC (0x401069=>0x40106b).(1=>2) [sn:83] [tid:0] to IQ.
 185000: system.cpu.iq: Adding instruction [sn:83] PC (0x401069=>0x40106b).(1=>2) to the IQ.
 185000: system.cpu.iq: Instruction PC (0x401069=>0x40106b).(1=>2) has src reg 98 (integer) that is being added to the dependency chain.
 185000: system.cpu.iq: Instruction PC (0x401069=>0x40106b).(1=>2) has src reg 98 (integer) that is being added to the dependency chain.
 185000: system.cpu.iew: [tid:0] Issue: Adding PC (0x401069=>0x40106b).(2=>3) [sn:84] [tid:0] to IQ.
 185000: system.cpu.iew: [tid:0] Issue: Memory instruction encountered, adding to LSQ.
 185000: system.cpu.iew.lsq.thread0: Inserting store PC (0x401069=>0x40106b).(2=>3), idx:21 [sn:84]
 185000: system.cpu.iq: Adding instruction [sn:84] PC (0x401069=>0x40106b).(2=>3) to the IQ.
 185000: system.cpu.iq: Instruction PC (0x401069=>0x40106b).(2=>3) has src reg 99 (integer) that is being added to the dependency chain.
 185000: system.cpu.memDep0: No dependency for inst PC (0x401069=>0x40106b).(2=>3) [sn:84].
 185000: system.cpu.memDep0: Inserting store/atomic PC (0x401069=>0x40106b).(2=>3) [sn:84].
 185000: system.cpu.iew: [tid:0] Issue: Adding PC (0x40106b=>0x40106d).(0=>1) [sn:85] [tid:0] to IQ.
 185000: system.cpu.iew: [tid:0] Issue: Memory instruction encountered, adding to LSQ.
 185000: system.cpu.iew.lsq.thread0: Inserting load PC (0x40106b=>0x40106d).(0=>1), idx:22 [sn:85]
 185000: system.cpu.iq: Adding instruction [sn:85] PC (0x40106b=>0x40106d).(0=>1) to the IQ.
 185000: system.cpu.iq: Instruction PC (0x40106b=>0x40106d).(0=>1) has src reg 99 (integer) that is being added to the dependency chain.
 185000: system.cpu.memDep0: No dependency for inst PC (0x40106b=>0x40106d).(0=>1) [sn:85].
 185000: system.cpu.iew: [tid:0] Issue: Adding PC (0x40106b=>0x40106d).(1=>2) [sn:86] [tid:0] to IQ.
 185000: system.cpu.iq: Adding instruction [sn:86] PC (0x40106b=>0x40106d).(1=>2) to the IQ.
 185000: system.cpu.iq: Instruction PC (0x40106b=>0x40106d).(1=>2) has src reg 100 (integer) that is being added to the dependency chain.
 185000: system.cpu.iq: Instruction PC (0x40106b=>0x40106d).(1=>2) has src reg 100 (integer) that is being added to the dependency chain.
 185000: system.cpu.iew: [tid:0] Issue: Adding PC (0x40106b=>0x40106d).(2=>3) [sn:87] [tid:0] to IQ.
 185000: system.cpu.iew: [tid:0] Issue: Memory instruction encountered, adding to LSQ.
 185000: system.cpu.iew.lsq.thread0: Inserting store PC (0x40106b=>0x40106d).(2=>3), idx:22 [sn:87]
 185000: system.cpu.iq: Adding instruction [sn:87] PC (0x40106b=>0x40106d).(2=>3) to the IQ.
 185000: system.cpu.iq: Instruction PC (0x40106b=>0x40106d).(2=>3) has src reg 101 (integer) that is being added to the dependency chain.
 185000: system.cpu.memDep0: No dependency for inst PC (0x40106b=>0x40106d).(2=>3) [sn:87].
 185000: system.cpu.memDep0: Inserting store/atomic PC (0x40106b=>0x40106d).(2=>3) [sn:87].
 185000: system.cpu.iew: [tid:0] Issue: Adding PC (0x40106d=>0x40106f).(0=>1) [sn:88] [tid:0] to IQ.
 185000: system.cpu.iew: [tid:0] Issue: Memory instruction encountered, adding to LSQ.
 185000: system.cpu.iew.lsq.thread0: Inserting load PC (0x40106d=>0x40106f).(0=>1), idx:23 [sn:88]
 185000: system.cpu.iq: Adding instruction [sn:88] PC (0x40106d=>0x40106f).(0=>1) to the IQ.
 185000: system.cpu.iq: Instruction PC (0x40106d=>0x40106f).(0=>1) has src reg 101 (integer) that is being added to the dependency chain.
 185000: system.cpu.memDep0: No dependency for inst PC (0x40106d=>0x40106f).(0=>1) [sn:88].
 185000: system.cpu.iq: Attempting to schedule ready instructions from the IQ.
 185000: system.cpu.iq: Not able to schedule any instructions.
 185000: system.cpu.iew.lsq: [tid:0] Writing back stores. 3 stores available for Writeback.
 185000: system.cpu.iew.lsq.thread0: D-Cache: Writing back store idx:2 PC:(0x40100b=>0x401013).(1=>2) to Addr:0x2e14, data:0xa [sn:6]
 185000: system.cpu.iew.lsq.thread0: Memory request (pkt: WriteResp [2e14:2e17]) from inst [sn:6] was sent (cache is blocked: 0, cache_got_blocked: 0)
 185000: system.cpu.iew: Processing [tid:0]
 185000: system.cpu.iew.lsq.thread0: LQ size: 132, #loads occupied: 20
 185000: system.cpu.iew.lsq.thread0: SQ size: 72, #stores occupied: 22
 185000: system.cpu.iew: [tid:0], Dispatch dispatched 10 instructions.
 185000: system.cpu.iew.lsq.thread0: SQ size: 72, #stores occupied: 22
 185000: system.cpu.iew.lsq.thread0: LQ size: 132, #loads occupied: 20
 185000: system.cpu.iew: IQ has 501 free entries (Can schedule: 0).  LQ has 112 free entries. SQ has 50 free entries.
 185000: system.cpu.iew: Activity this cycle.
 185000: system.cpu.commit: Getting instructions from Rename stage.
 185000: system.cpu.commit: [tid:0] [sn:89] Inserting PC (0x40106d=>0x40106f).(1=>2) into ROB.
 185000: system.cpu.rob: Adding inst PC (0x40106d=>0x40106f).(1=>2) to the ROB.
 185000: system.cpu.rob: [tid:0] Now has 60 instructions.
 185000: system.cpu.commit: [tid:0] [sn:90] Inserting PC (0x40106d=>0x40106f).(2=>3) into ROB.
 185000: system.cpu.rob: Adding inst PC (0x40106d=>0x40106f).(2=>3) to the ROB.
 185000: system.cpu.rob: [tid:0] Now has 61 instructions.
 185000: system.cpu.commit: [tid:0] [sn:91] Inserting PC (0x40106f=>0x401071).(0=>1) into ROB.
 185000: system.cpu.rob: Adding inst PC (0x40106f=>0x401071).(0=>1) to the ROB.
 185000: system.cpu.rob: [tid:0] Now has 62 instructions.
 185000: system.cpu.commit: [tid:0] [sn:92] Inserting PC (0x40106f=>0x401071).(1=>2) into ROB.
 185000: system.cpu.rob: Adding inst PC (0x40106f=>0x401071).(1=>2) to the ROB.
 185000: system.cpu.rob: [tid:0] Now has 63 instructions.
 185000: system.cpu.commit: [tid:0] [sn:93] Inserting PC (0x40106f=>0x401071).(2=>3) into ROB.
 185000: system.cpu.rob: Adding inst PC (0x40106f=>0x401071).(2=>3) to the ROB.
 185000: system.cpu.rob: [tid:0] Now has 64 instructions.
 185000: system.cpu.commit: [tid:0] [sn:94] Inserting PC (0x401071=>0x401073).(0=>1) into ROB.
 185000: system.cpu.rob: Adding inst PC (0x401071=>0x401073).(0=>1) to the ROB.
 185000: system.cpu.rob: [tid:0] Now has 65 instructions.
 185000: system.cpu.commit: [tid:0] [sn:95] Inserting PC (0x401071=>0x401073).(1=>2) into ROB.
 185000: system.cpu.rob: Adding inst PC (0x401071=>0x401073).(1=>2) to the ROB.
 185000: system.cpu.rob: [tid:0] Now has 66 instructions.
 185000: system.cpu.commit: [tid:0] [sn:96] Inserting PC (0x401071=>0x401073).(2=>3) into ROB.
 185000: system.cpu.rob: Adding inst PC (0x401071=>0x401073).(2=>3) to the ROB.
 185000: system.cpu.rob: [tid:0] Now has 67 instructions.
 185000: system.cpu.commit: [tid:0] [sn:97] Inserting PC (0x401073=>0x401075).(0=>1) into ROB.
 185000: system.cpu.rob: Adding inst PC (0x401073=>0x401075).(0=>1) to the ROB.
 185000: system.cpu.rob: [tid:0] Now has 68 instructions.
 185000: system.cpu.commit: [tid:0] [sn:98] Inserting PC (0x401073=>0x401075).(1=>2) into ROB.
 185000: system.cpu.rob: Adding inst PC (0x401073=>0x401075).(1=>2) to the ROB.
 185000: system.cpu.rob: [tid:0] Now has 69 instructions.
 185000: system.cpu.commit: Trying to commit instructions in the ROB.
 185000: system.cpu.commit: Trying to commit head instruction, [tid:0] [sn:30]
 185000: system.cpu.commit: Inst [tid:0] [sn:30] PC (0x401045=>0x401047).(0=>1) has a fault
 185000: system.cpu.commit: [tid:0] [sn:30] Stores outstanding, fault must wait.
 185000: system.cpu.commit: Unable to commit head instruction PC:(0x401045=>0x401047).(0=>1) [tid:0] [sn:30].
 185000: system.cpu.commit: [tid:0] Instruction [sn:30] PC (0x401045=>0x401047).(0=>1) is head of ROB and ready to commit
 185000: system.cpu.commit: [tid:0] ROB has 69 insts & 849 free entries.
 185000: system.cpu.commit: Activity This Cycle.
 185000: system.cpu: Scheduling next tick!
 186000: system.cpu: 

O3CPU: Ticking main, O3CPU.
 186000: system.cpu.fetch: Running stage.
 186000: system.cpu.fetch: There are no more threads available to fetch from.
 186000: system.cpu.fetch: [tid:0] Fetch is waiting cache response!
 186000: system.cpu.decode: Processing [tid:0]
 186000: system.cpu.decode: [tid:0] Not blocked, so attempting to run stage.
 186000: system.cpu.decode: [tid:0] Nothing to do, breaking out early.
 186000: system.cpu.rename: Processing [tid:0]
 186000: system.cpu.rename: [tid:0] Free IQ: 501, Free ROB: 849, Free LQ: 112, Free SQ: 50, FreeRM 127(827 870 917 1834 127 8 4533)
 186000: system.cpu.rename: [tid:0] 30 instructions not yet in ROB
 186000: system.cpu.rename: calcFreeLQEntries: free lqEntries: 112, loadsInProgress: 10, loads dispatchedToLQ: 4
 186000: system.cpu.rename: [tid:0] Not blocked, so attempting to run stage.
 186000: system.cpu.rename: [tid:0] 6 available instructions to send iew.
 186000: system.cpu.rename: [tid:0] 30 insts pipelining from Rename | 10 insts dispatched to IQ last cycle.
 186000: system.cpu.rename: [tid:0] Sending instructions to IEW.
 186000: system.cpu.rename: calcFreeLQEntries: free lqEntries: 112, loadsInProgress: 10, loads dispatchedToLQ: 4
 186000: system.cpu.rename: [tid:0] Processing instruction [sn:109] with PC (0x40107b=>0x40107d).(0=>1).
 186000: system.cpu.rename: [tid:0] Looking up invalid arch reg 0, got phys reg 4294967295 (invalid) (bypassed: no)
 186000: system.cpu.rename: [tid:0] Register 4294967295 (flat: 4294967295) (invalid) is ready.
 186000: global: [sn:109] has 1 ready out of 4 sources. RTI 0)
 186000: system.cpu.rename: [tid:0] Looking up integer arch reg 0, got phys reg 63 (integer) (bypassed: no)
 186000: system.cpu.rename: [tid:0] Register 63 (flat: 63) (integer) is ready.
 186000: global: [sn:109] has 2 ready out of 4 sources. RTI 0)
 186000: system.cpu.rename: [tid:0] Looking up integer arch reg 17, got phys reg 115 (integer) (bypassed: no)
 186000: system.cpu.rename: [tid:0] Register 115 (flat: 115) (integer) is not ready.
 186000: system.cpu.rename: [tid:0] Looking up miscellaneous arch reg 155, got phys reg 155 (miscellaneous) (bypassed: no)
 186000: system.cpu.rename: [tid:0] Register 155 (flat: 0) (miscellaneous) is ready.
 186000: global: [sn:109] has 3 ready out of 4 sources. RTI 0)
 186000: global: Renamed reg t1 (17) to physical reg 116 (116) old mapping was 115 (115)
 186000: system.cpu.rename: [tid:0] Querying SMB Predictor for load [sn:109] with PC (0x40107b=>0x40107d).(0=>1).
 186000: system.cpu.rename: [tid:0] Renaming arch reg 17 (integer) to physical reg 116 (116).
 186000: system.cpu.rename: [tid:0] Sending instructions to IEW.
 186000: system.cpu.rename: [tid:0] Processing instruction [sn:110] with PC (0x40107b=>0x40107d).(1=>2).
 186000: system.cpu.rename: [tid:0] Looking up integer arch reg 17, got phys reg 116 (integer) (bypassed: no)
 186000: system.cpu.rename: [tid:0] Register 116 (flat: 116) (integer) is not ready.
 186000: system.cpu.rename: [tid:0] Looking up integer arch reg 0, got phys reg 63 (integer) (bypassed: no)
 186000: system.cpu.rename: [tid:0] Register 63 (flat: 63) (integer) is ready.
 186000: global: [sn:110] has 1 ready out of 8 sources. RTI 0)
 186000: system.cpu.rename: [tid:0] Looking up integer arch reg 17, got phys reg 116 (integer) (bypassed: no)
 186000: system.cpu.rename: [tid:0] Register 116 (flat: 116) (integer) is not ready.
 186000: system.cpu.rename: [tid:0] Looking up invalid arch reg 0, got phys reg 4294967295 (invalid) (bypassed: no)
 186000: system.cpu.rename: [tid:0] Register 4294967295 (flat: 4294967295) (invalid) is ready.
 186000: global: [sn:110] has 2 ready out of 8 sources. RTI 0)
 186000: system.cpu.rename: [tid:0] Looking up invalid arch reg 0, got phys reg 4294967295 (invalid) (bypassed: no)
 186000: system.cpu.rename: [tid:0] Register 4294967295 (flat: 4294967295) (invalid) is ready.
 186000: global: [sn:110] has 3 ready out of 8 sources. RTI 0)
 186000: system.cpu.rename: [tid:0] Looking up invalid arch reg 0, got phys reg 4294967295 (invalid) (bypassed: no)
 186000: system.cpu.rename: [tid:0] Register 4294967295 (flat: 4294967295) (invalid) is ready.
 186000: global: [sn:110] has 4 ready out of 8 sources. RTI 0)
 186000: system.cpu.rename: [tid:0] Looking up invalid arch reg 0, got phys reg 4294967295 (invalid) (bypassed: no)
 186000: system.cpu.rename: [tid:0] Register 4294967295 (flat: 4294967295) (invalid) is ready.
 186000: global: [sn:110] has 5 ready out of 8 sources. RTI 0)
 186000: system.cpu.rename: [tid:0] Looking up invalid arch reg 0, got phys reg 4294967295 (invalid) (bypassed: no)
 186000: system.cpu.rename: [tid:0] Register 4294967295 (flat: 4294967295) (invalid) is ready.
 186000: global: [sn:110] has 6 ready out of 8 sources. RTI 0)
 186000: global: Renamed reg t1 (17) to physical reg 117 (117) old mapping was 116 (116)
 186000: system.cpu.rename: [tid:0] Renaming arch reg 17 (integer) to physical reg 117 (117).
 186000: global: Renamed reg condition_code[0] (0) to physical reg 4801 (4801) old mapping was 4799 (4799)
 186000: system.cpu.rename: [tid:0] Renaming arch reg 0 (condition_code) to physical reg 75 (4801).
 186000: global: Renamed reg condition_code[1] (1) to physical reg 4802 (4802) old mapping was 4800 (4800)
 186000: system.cpu.rename: [tid:0] Renaming arch reg 1 (condition_code) to physical reg 76 (4802).
 186000: system.cpu.rename: [tid:0] Renaming arch reg 0 (invalid) to physical reg 4294967295 (4294967295).
 186000: system.cpu.rename: [tid:0] Renaming arch reg 0 (invalid) to physical reg 4294967295 (4294967295).
 186000: system.cpu.rename: [tid:0] Renaming arch reg 0 (invalid) to physical reg 4294967295 (4294967295).
 186000: system.cpu.rename: [tid:0] Sending instructions to IEW.
 186000: system.cpu.rename: calcFreeSQEntries: free sqEntries: 50, storesInProgress: 10, stores dispatchedToSQ: 3
 186000: system.cpu.rename: [tid:0] Processing instruction [sn:111] with PC (0x40107b=>0x40107d).(2=>3).
 186000: system.cpu.rename: [tid:0] Looking up invalid arch reg 0, got phys reg 4294967295 (invalid) (bypassed: no)
 186000: system.cpu.rename: [tid:0] Register 4294967295 (flat: 4294967295) (invalid) is ready.
 186000: global: [sn:111] has 1 ready out of 4 sources. RTI 0)
 186000: system.cpu.rename: [tid:0] Looking up integer arch reg 0, got phys reg 63 (integer) (bypassed: no)
 186000: system.cpu.rename: [tid:0] Register 63 (flat: 63) (integer) is ready.
 186000: global: [sn:111] has 2 ready out of 4 sources. RTI 0)
 186000: system.cpu.rename: [tid:0] Looking up integer arch reg 17, got phys reg 117 (integer) (bypassed: no)
 186000: system.cpu.rename: [tid:0] Register 117 (flat: 117) (integer) is not ready.
 186000: system.cpu.rename: [tid:0] Looking up miscellaneous arch reg 155, got phys reg 155 (miscellaneous) (bypassed: no)
 186000: system.cpu.rename: [tid:0] Register 155 (flat: 0) (miscellaneous) is ready.
 186000: global: [sn:111] has 3 ready out of 4 sources. RTI 0)
 186000: system.cpu.rename: [tid:0] Sending instructions to IEW.
 186000: system.cpu.rename: calcFreeLQEntries: free lqEntries: 112, loadsInProgress: 11, loads dispatchedToLQ: 4
 186000: system.cpu.rename: [tid:0] Processing instruction [sn:112] with PC (0x40107d=>0x40107f).(0=>1).
 186000: system.cpu.rename: [tid:0] Looking up invalid arch reg 0, got phys reg 4294967295 (invalid) (bypassed: no)
 186000: system.cpu.rename: [tid:0] Register 4294967295 (flat: 4294967295) (invalid) is ready.
 186000: global: [sn:112] has 1 ready out of 4 sources. RTI 0)
 186000: system.cpu.rename: [tid:0] Looking up integer arch reg 0, got phys reg 63 (integer) (bypassed: no)
 186000: system.cpu.rename: [tid:0] Register 63 (flat: 63) (integer) is ready.
 186000: global: [sn:112] has 2 ready out of 4 sources. RTI 0)
 186000: system.cpu.rename: [tid:0] Looking up integer arch reg 17, got phys reg 117 (integer) (bypassed: no)
 186000: system.cpu.rename: [tid:0] Register 117 (flat: 117) (integer) is not ready.
 186000: system.cpu.rename: [tid:0] Looking up miscellaneous arch reg 155, got phys reg 155 (miscellaneous) (bypassed: no)
 186000: system.cpu.rename: [tid:0] Register 155 (flat: 0) (miscellaneous) is ready.
 186000: global: [sn:112] has 3 ready out of 4 sources. RTI 0)
 186000: global: Renamed reg t1 (17) to physical reg 118 (118) old mapping was 117 (117)
 186000: system.cpu.rename: [tid:0] Querying SMB Predictor for load [sn:112] with PC (0x40107d=>0x40107f).(0=>1).
 186000: system.cpu.rename: [tid:0] Renaming arch reg 17 (integer) to physical reg 118 (118).
 186000: system.cpu.rename: [tid:0] Sending instructions to IEW.
 186000: system.cpu.rename: [tid:0] Processing instruction [sn:113] with PC (0x40107d=>0x40107f).(1=>2).
 186000: system.cpu.rename: [tid:0] Looking up integer arch reg 17, got phys reg 118 (integer) (bypassed: no)
 186000: system.cpu.rename: [tid:0] Register 118 (flat: 118) (integer) is not ready.
 186000: system.cpu.rename: [tid:0] Looking up integer arch reg 0, got phys reg 63 (integer) (bypassed: no)
 186000: system.cpu.rename: [tid:0] Register 63 (flat: 63) (integer) is ready.
 186000: global: [sn:113] has 1 ready out of 8 sources. RTI 0)
 186000: system.cpu.rename: [tid:0] Looking up integer arch reg 17, got phys reg 118 (integer) (bypassed: no)
 186000: system.cpu.rename: [tid:0] Register 118 (flat: 118) (integer) is not ready.
 186000: system.cpu.rename: [tid:0] Looking up invalid arch reg 0, got phys reg 4294967295 (invalid) (bypassed: no)
 186000: system.cpu.rename: [tid:0] Register 4294967295 (flat: 4294967295) (invalid) is ready.
 186000: global: [sn:113] has 2 ready out of 8 sources. RTI 0)
 186000: system.cpu.rename: [tid:0] Looking up invalid arch reg 0, got phys reg 4294967295 (invalid) (bypassed: no)
 186000: system.cpu.rename: [tid:0] Register 4294967295 (flat: 4294967295) (invalid) is ready.
 186000: global: [sn:113] has 3 ready out of 8 sources. RTI 0)
 186000: system.cpu.rename: [tid:0] Looking up invalid arch reg 0, got phys reg 4294967295 (invalid) (bypassed: no)
 186000: system.cpu.rename: [tid:0] Register 4294967295 (flat: 4294967295) (invalid) is ready.
 186000: global: [sn:113] has 4 ready out of 8 sources. RTI 0)
 186000: system.cpu.rename: [tid:0] Looking up invalid arch reg 0, got phys reg 4294967295 (invalid) (bypassed: no)
 186000: system.cpu.rename: [tid:0] Register 4294967295 (flat: 4294967295) (invalid) is ready.
 186000: global: [sn:113] has 5 ready out of 8 sources. RTI 0)
 186000: system.cpu.rename: [tid:0] Looking up invalid arch reg 0, got phys reg 4294967295 (invalid) (bypassed: no)
 186000: system.cpu.rename: [tid:0] Register 4294967295 (flat: 4294967295) (invalid) is ready.
 186000: global: [sn:113] has 6 ready out of 8 sources. RTI 0)
 186000: global: Renamed reg t1 (17) to physical reg 119 (119) old mapping was 118 (118)
 186000: system.cpu.rename: [tid:0] Renaming arch reg 17 (integer) to physical reg 119 (119).
 186000: global: Renamed reg condition_code[0] (0) to physical reg 4803 (4803) old mapping was 4801 (4801)
 186000: system.cpu.rename: [tid:0] Renaming arch reg 0 (condition_code) to physical reg 77 (4803).
 186000: global: Renamed reg condition_code[1] (1) to physical reg 4804 (4804) old mapping was 4802 (4802)
 186000: system.cpu.rename: [tid:0] Renaming arch reg 1 (condition_code) to physical reg 78 (4804).
 186000: system.cpu.rename: [tid:0] Renaming arch reg 0 (invalid) to physical reg 4294967295 (4294967295).
 186000: system.cpu.rename: [tid:0] Renaming arch reg 0 (invalid) to physical reg 4294967295 (4294967295).
 186000: system.cpu.rename: [tid:0] Renaming arch reg 0 (invalid) to physical reg 4294967295 (4294967295).
 186000: system.cpu.rename: [tid:0] Sending instructions to IEW.
 186000: system.cpu.rename: calcFreeSQEntries: free sqEntries: 50, storesInProgress: 11, stores dispatchedToSQ: 3
 186000: system.cpu.rename: [tid:0] Processing instruction [sn:114] with PC (0x40107d=>0x40107f).(2=>3).
 186000: system.cpu.rename: [tid:0] Looking up invalid arch reg 0, got phys reg 4294967295 (invalid) (bypassed: no)
 186000: system.cpu.rename: [tid:0] Register 4294967295 (flat: 4294967295) (invalid) is ready.
 186000: global: [sn:114] has 1 ready out of 4 sources. RTI 0)
 186000: system.cpu.rename: [tid:0] Looking up integer arch reg 0, got phys reg 63 (integer) (bypassed: no)
 186000: system.cpu.rename: [tid:0] Register 63 (flat: 63) (integer) is ready.
 186000: global: [sn:114] has 2 ready out of 4 sources. RTI 0)
 186000: system.cpu.rename: [tid:0] Looking up integer arch reg 17, got phys reg 119 (integer) (bypassed: no)
 186000: system.cpu.rename: [tid:0] Register 119 (flat: 119) (integer) is not ready.
 186000: system.cpu.rename: [tid:0] Looking up miscellaneous arch reg 155, got phys reg 155 (miscellaneous) (bypassed: no)
 186000: system.cpu.rename: [tid:0] Register 155 (flat: 0) (miscellaneous) is ready.
 186000: global: [sn:114] has 3 ready out of 4 sources. RTI 0)
 186000: system.cpu.rename: Activity this cycle.
 186000: system.cpu: Activity: 13
 186000: system.cpu.iew: Issue: Processing [tid:0]
 186000: system.cpu.iew: [tid:0] Not blocked, so attempting to run dispatch.
 186000: system.cpu.iew: [tid:0] Issue: Adding PC (0x40106d=>0x40106f).(1=>2) [sn:89] [tid:0] to IQ.
 186000: system.cpu.iq: Adding instruction [sn:89] PC (0x40106d=>0x40106f).(1=>2) to the IQ.
 186000: system.cpu.iq: Instruction PC (0x40106d=>0x40106f).(1=>2) has src reg 102 (integer) that is being added to the dependency chain.
 186000: system.cpu.iq: Instruction PC (0x40106d=>0x40106f).(1=>2) has src reg 102 (integer) that is being added to the dependency chain.
 186000: system.cpu.iew: [tid:0] Issue: Adding PC (0x40106d=>0x40106f).(2=>3) [sn:90] [tid:0] to IQ.
 186000: system.cpu.iew: [tid:0] Issue: Memory instruction encountered, adding to LSQ.
 186000: system.cpu.iew.lsq.thread0: Inserting store PC (0x40106d=>0x40106f).(2=>3), idx:23 [sn:90]
 186000: system.cpu.iq: Adding instruction [sn:90] PC (0x40106d=>0x40106f).(2=>3) to the IQ.
 186000: system.cpu.iq: Instruction PC (0x40106d=>0x40106f).(2=>3) has src reg 103 (integer) that is being added to the dependency chain.
 186000: system.cpu.memDep0: No dependency for inst PC (0x40106d=>0x40106f).(2=>3) [sn:90].
 186000: system.cpu.memDep0: Inserting store/atomic PC (0x40106d=>0x40106f).(2=>3) [sn:90].
 186000: system.cpu.iew: [tid:0] Issue: Adding PC (0x40106f=>0x401071).(0=>1) [sn:91] [tid:0] to IQ.
 186000: system.cpu.iew: [tid:0] Issue: Memory instruction encountered, adding to LSQ.
 186000: system.cpu.iew.lsq.thread0: Inserting load PC (0x40106f=>0x401071).(0=>1), idx:24 [sn:91]
 186000: system.cpu.iq: Adding instruction [sn:91] PC (0x40106f=>0x401071).(0=>1) to the IQ.
 186000: system.cpu.iq: Instruction PC (0x40106f=>0x401071).(0=>1) has src reg 103 (integer) that is being added to the dependency chain.
 186000: system.cpu.memDep0: No dependency for inst PC (0x40106f=>0x401071).(0=>1) [sn:91].
 186000: system.cpu.iew: [tid:0] Issue: Adding PC (0x40106f=>0x401071).(1=>2) [sn:92] [tid:0] to IQ.
 186000: system.cpu.iq: Adding instruction [sn:92] PC (0x40106f=>0x401071).(1=>2) to the IQ.
 186000: system.cpu.iq: Instruction PC (0x40106f=>0x401071).(1=>2) has src reg 104 (integer) that is being added to the dependency chain.
 186000: system.cpu.iq: Instruction PC (0x40106f=>0x401071).(1=>2) has src reg 104 (integer) that is being added to the dependency chain.
 186000: system.cpu.iew: [tid:0] Issue: Adding PC (0x40106f=>0x401071).(2=>3) [sn:93] [tid:0] to IQ.
 186000: system.cpu.iew: [tid:0] Issue: Memory instruction encountered, adding to LSQ.
 186000: system.cpu.iew.lsq.thread0: Inserting store PC (0x40106f=>0x401071).(2=>3), idx:24 [sn:93]
 186000: system.cpu.iq: Adding instruction [sn:93] PC (0x40106f=>0x401071).(2=>3) to the IQ.
 186000: system.cpu.iq: Instruction PC (0x40106f=>0x401071).(2=>3) has src reg 105 (integer) that is being added to the dependency chain.
 186000: system.cpu.memDep0: No dependency for inst PC (0x40106f=>0x401071).(2=>3) [sn:93].
 186000: system.cpu.memDep0: Inserting store/atomic PC (0x40106f=>0x401071).(2=>3) [sn:93].
 186000: system.cpu.iew: [tid:0] Issue: Adding PC (0x401071=>0x401073).(0=>1) [sn:94] [tid:0] to IQ.
 186000: system.cpu.iew: [tid:0] Issue: Memory instruction encountered, adding to LSQ.
 186000: system.cpu.iew.lsq.thread0: Inserting load PC (0x401071=>0x401073).(0=>1), idx:25 [sn:94]
 186000: system.cpu.iq: Adding instruction [sn:94] PC (0x401071=>0x401073).(0=>1) to the IQ.
 186000: system.cpu.iq: Instruction PC (0x401071=>0x401073).(0=>1) has src reg 105 (integer) that is being added to the dependency chain.
 186000: system.cpu.memDep0: No dependency for inst PC (0x401071=>0x401073).(0=>1) [sn:94].
 186000: system.cpu.iew: [tid:0] Issue: Adding PC (0x401071=>0x401073).(1=>2) [sn:95] [tid:0] to IQ.
 186000: system.cpu.iq: Adding instruction [sn:95] PC (0x401071=>0x401073).(1=>2) to the IQ.
 186000: system.cpu.iq: Instruction PC (0x401071=>0x401073).(1=>2) has src reg 106 (integer) that is being added to the dependency chain.
 186000: system.cpu.iq: Instruction PC (0x401071=>0x401073).(1=>2) has src reg 106 (integer) that is being added to the dependency chain.
 186000: system.cpu.iew: [tid:0] Issue: Adding PC (0x401071=>0x401073).(2=>3) [sn:96] [tid:0] to IQ.
 186000: system.cpu.iew: [tid:0] Issue: Memory instruction encountered, adding to LSQ.
 186000: system.cpu.iew.lsq.thread0: Inserting store PC (0x401071=>0x401073).(2=>3), idx:25 [sn:96]
 186000: system.cpu.iq: Adding instruction [sn:96] PC (0x401071=>0x401073).(2=>3) to the IQ.
 186000: system.cpu.iq: Instruction PC (0x401071=>0x401073).(2=>3) has src reg 107 (integer) that is being added to the dependency chain.
 186000: system.cpu.memDep0: No dependency for inst PC (0x401071=>0x401073).(2=>3) [sn:96].
 186000: system.cpu.memDep0: Inserting store/atomic PC (0x401071=>0x401073).(2=>3) [sn:96].
 186000: system.cpu.iew: [tid:0] Issue: Adding PC (0x401073=>0x401075).(0=>1) [sn:97] [tid:0] to IQ.
 186000: system.cpu.iew: [tid:0] Issue: Memory instruction encountered, adding to LSQ.
 186000: system.cpu.iew.lsq.thread0: Inserting load PC (0x401073=>0x401075).(0=>1), idx:26 [sn:97]
 186000: system.cpu.iq: Adding instruction [sn:97] PC (0x401073=>0x401075).(0=>1) to the IQ.
 186000: system.cpu.iq: Instruction PC (0x401073=>0x401075).(0=>1) has src reg 107 (integer) that is being added to the dependency chain.
 186000: system.cpu.memDep0: No dependency for inst PC (0x401073=>0x401075).(0=>1) [sn:97].
 186000: system.cpu.iew: [tid:0] Issue: Adding PC (0x401073=>0x401075).(1=>2) [sn:98] [tid:0] to IQ.
 186000: system.cpu.iq: Adding instruction [sn:98] PC (0x401073=>0x401075).(1=>2) to the IQ.
 186000: system.cpu.iq: Instruction PC (0x401073=>0x401075).(1=>2) has src reg 108 (integer) that is being added to the dependency chain.
 186000: system.cpu.iq: Instruction PC (0x401073=>0x401075).(1=>2) has src reg 108 (integer) that is being added to the dependency chain.
 186000: system.cpu.iq: Attempting to schedule ready instructions from the IQ.
 186000: system.cpu.iq: Not able to schedule any instructions.
 186000: system.cpu.iew.lsq: [tid:0] Writing back stores. 3 stores available for Writeback.
 186000: system.cpu.iew: Processing [tid:0]
 186000: system.cpu.iew: [tid:0], Dispatch dispatched 10 instructions.
 186000: system.cpu.iew.lsq.thread0: SQ size: 72, #stores occupied: 25
 186000: system.cpu.iew.lsq.thread0: LQ size: 132, #loads occupied: 23
 186000: system.cpu.iew: IQ has 491 free entries (Can schedule: 0).  LQ has 109 free entries. SQ has 47 free entries.
 186000: system.cpu.commit: Getting instructions from Rename stage.
 186000: system.cpu.commit: [tid:0] [sn:99] Inserting PC (0x401073=>0x401075).(2=>3) into ROB.
 186000: system.cpu.rob: Adding inst PC (0x401073=>0x401075).(2=>3) to the ROB.
 186000: system.cpu.rob: [tid:0] Now has 70 instructions.
 186000: system.cpu.commit: [tid:0] [sn:100] Inserting PC (0x401075=>0x401077).(0=>1) into ROB.
 186000: system.cpu.rob: Adding inst PC (0x401075=>0x401077).(0=>1) to the ROB.
 186000: system.cpu.rob: [tid:0] Now has 71 instructions.
 186000: system.cpu.commit: [tid:0] [sn:101] Inserting PC (0x401075=>0x401077).(1=>2) into ROB.
 186000: system.cpu.rob: Adding inst PC (0x401075=>0x401077).(1=>2) to the ROB.
 186000: system.cpu.rob: [tid:0] Now has 72 instructions.
 186000: system.cpu.commit: [tid:0] [sn:102] Inserting PC (0x401075=>0x401077).(2=>3) into ROB.
 186000: system.cpu.rob: Adding inst PC (0x401075=>0x401077).(2=>3) to the ROB.
 186000: system.cpu.rob: [tid:0] Now has 73 instructions.
 186000: system.cpu.commit: [tid:0] [sn:103] Inserting PC (0x401077=>0x401079).(0=>1) into ROB.
 186000: system.cpu.rob: Adding inst PC (0x401077=>0x401079).(0=>1) to the ROB.
 186000: system.cpu.rob: [tid:0] Now has 74 instructions.
 186000: system.cpu.commit: [tid:0] [sn:104] Inserting PC (0x401077=>0x401079).(1=>2) into ROB.
 186000: system.cpu.rob: Adding inst PC (0x401077=>0x401079).(1=>2) to the ROB.
 186000: system.cpu.rob: [tid:0] Now has 75 instructions.
 186000: system.cpu.commit: [tid:0] [sn:105] Inserting PC (0x401077=>0x401079).(2=>3) into ROB.
 186000: system.cpu.rob: Adding inst PC (0x401077=>0x401079).(2=>3) to the ROB.
 186000: system.cpu.rob: [tid:0] Now has 76 instructions.
 186000: system.cpu.commit: [tid:0] [sn:106] Inserting PC (0x401079=>0x40107b).(0=>1) into ROB.
 186000: system.cpu.rob: Adding inst PC (0x401079=>0x40107b).(0=>1) to the ROB.
 186000: system.cpu.rob: [tid:0] Now has 77 instructions.
 186000: system.cpu.commit: [tid:0] [sn:107] Inserting PC (0x401079=>0x40107b).(1=>2) into ROB.
 186000: system.cpu.rob: Adding inst PC (0x401079=>0x40107b).(1=>2) to the ROB.
 186000: system.cpu.rob: [tid:0] Now has 78 instructions.
 186000: system.cpu.commit: [tid:0] [sn:108] Inserting PC (0x401079=>0x40107b).(2=>3) into ROB.
 186000: system.cpu.rob: Adding inst PC (0x401079=>0x40107b).(2=>3) to the ROB.
 186000: system.cpu.rob: [tid:0] Now has 79 instructions.
 186000: system.cpu.commit: Trying to commit instructions in the ROB.
 186000: system.cpu.commit: Trying to commit head instruction, [tid:0] [sn:30]
 186000: system.cpu.commit: Inst [tid:0] [sn:30] PC (0x401045=>0x401047).(0=>1) has a fault
 186000: system.cpu.commit: [tid:0] [sn:30] Stores outstanding, fault must wait.
 186000: system.cpu.commit: Unable to commit head instruction PC:(0x401045=>0x401047).(0=>1) [tid:0] [sn:30].
 186000: system.cpu.commit: [tid:0] Instruction [sn:30] PC (0x401045=>0x401047).(0=>1) is head of ROB and ready to commit
 186000: system.cpu.commit: [tid:0] ROB has 79 insts & 839 free entries.
 186000: system.cpu.commit: Activity This Cycle.
O3PipeView:fetch:176000:0x0040103e:0:29:  MOV_R_I : limm   rax, 0x3c
O3PipeView:decode:177000
O3PipeView:rename:178000
O3PipeView:dispatch:180000
O3PipeView:issue:180000
O3PipeView:complete:181000
O3PipeView:retire:183000:store:0
 186000: global: DynInst: [sn:29] Instruction destroyed. Instcount for system.cpu = 88
 186000: system.cpu: Activity: 12
 186000: system.cpu: Scheduling next tick!
 187000: system.cpu: CPU already running.
 187000: system.cpu: Activity: 13
 187000: system.cpu.iew.lsq.thread0: Completing store [sn:6], idx:1, store head idx:2
O3PipeView:fetch:87000:0x0040100b:1:6:  MOV_M_I : st   t1d, SS:[t0 + rsp + 0x4]
O3PipeView:decode:88000
O3PipeView:rename:89000
O3PipeView:dispatch:91000
O3PipeView:issue:93000
O3PipeView:complete:94000
O3PipeView:retire:98000:store:187000
 187000: global: DynInst: [sn:6] Instruction destroyed. Instcount for system.cpu = 87
 187000: system.cpu: 

O3CPU: Ticking main, O3CPU.
 187000: system.cpu.fetch: Running stage.
 187000: system.cpu.fetch: There are no more threads available to fetch from.
 187000: system.cpu.fetch: [tid:0] Fetch is waiting cache response!
 187000: system.cpu.decode: Processing [tid:0]
 187000: system.cpu.decode: [tid:0] Not blocked, so attempting to run stage.
 187000: system.cpu.decode: [tid:0] Nothing to do, breaking out early.
 187000: system.cpu.rename: Processing [tid:0]
 187000: system.cpu.rename: [tid:0] Free IQ: 501, Free ROB: 839, Free LQ: 112, Free SQ: 50, FreeRM 127(823 870 917 1834 127 8 4529)
 187000: system.cpu.rename: [tid:0] 26 instructions not yet in ROB
 187000: system.cpu.rename: calcFreeLQEntries: free lqEntries: 112, loadsInProgress: 8, loads dispatchedToLQ: 3
 187000: system.cpu.rename: [tid:0] Not blocked, so attempting to run stage.
 187000: system.cpu.rename: [tid:0] Nothing to do, breaking out early.
 187000: system.cpu.iew: Issue: Processing [tid:0]
 187000: system.cpu.iew: [tid:0] Not blocked, so attempting to run dispatch.
 187000: system.cpu.iew: [tid:0] Issue: Adding PC (0x401073=>0x401075).(2=>3) [sn:99] [tid:0] to IQ.
 187000: system.cpu.iew: [tid:0] Issue: Memory instruction encountered, adding to LSQ.
 187000: system.cpu.iew.lsq.thread0: Inserting store PC (0x401073=>0x401075).(2=>3), idx:26 [sn:99]
 187000: system.cpu.iq: Adding instruction [sn:99] PC (0x401073=>0x401075).(2=>3) to the IQ.
 187000: system.cpu.iq: Instruction PC (0x401073=>0x401075).(2=>3) has src reg 109 (integer) that is being added to the dependency chain.
 187000: system.cpu.memDep0: No dependency for inst PC (0x401073=>0x401075).(2=>3) [sn:99].
 187000: system.cpu.memDep0: Inserting store/atomic PC (0x401073=>0x401075).(2=>3) [sn:99].
 187000: system.cpu.iew: [tid:0] Issue: Adding PC (0x401075=>0x401077).(0=>1) [sn:100] [tid:0] to IQ.
 187000: system.cpu.iew: [tid:0] Issue: Memory instruction encountered, adding to LSQ.
 187000: system.cpu.iew.lsq.thread0: Inserting load PC (0x401075=>0x401077).(0=>1), idx:27 [sn:100]
 187000: system.cpu.iq: Adding instruction [sn:100] PC (0x401075=>0x401077).(0=>1) to the IQ.
 187000: system.cpu.iq: Instruction PC (0x401075=>0x401077).(0=>1) has src reg 109 (integer) that is being added to the dependency chain.
 187000: system.cpu.memDep0: No dependency for inst PC (0x401075=>0x401077).(0=>1) [sn:100].
 187000: system.cpu.iew: [tid:0] Issue: Adding PC (0x401075=>0x401077).(1=>2) [sn:101] [tid:0] to IQ.
 187000: system.cpu.iq: Adding instruction [sn:101] PC (0x401075=>0x401077).(1=>2) to the IQ.
 187000: system.cpu.iq: Instruction PC (0x401075=>0x401077).(1=>2) has src reg 110 (integer) that is being added to the dependency chain.
 187000: system.cpu.iq: Instruction PC (0x401075=>0x401077).(1=>2) has src reg 110 (integer) that is being added to the dependency chain.
 187000: system.cpu.iew: [tid:0] Issue: Adding PC (0x401075=>0x401077).(2=>3) [sn:102] [tid:0] to IQ.
 187000: system.cpu.iew: [tid:0] Issue: Memory instruction encountered, adding to LSQ.
 187000: system.cpu.iew.lsq.thread0: Inserting store PC (0x401075=>0x401077).(2=>3), idx:27 [sn:102]
 187000: system.cpu.iq: Adding instruction [sn:102] PC (0x401075=>0x401077).(2=>3) to the IQ.
 187000: system.cpu.iq: Instruction PC (0x401075=>0x401077).(2=>3) has src reg 111 (integer) that is being added to the dependency chain.
 187000: system.cpu.memDep0: No dependency for inst PC (0x401075=>0x401077).(2=>3) [sn:102].
 187000: system.cpu.memDep0: Inserting store/atomic PC (0x401075=>0x401077).(2=>3) [sn:102].
 187000: system.cpu.iew: [tid:0] Issue: Adding PC (0x401077=>0x401079).(0=>1) [sn:103] [tid:0] to IQ.
 187000: system.cpu.iew: [tid:0] Issue: Memory instruction encountered, adding to LSQ.
 187000: system.cpu.iew.lsq.thread0: Inserting load PC (0x401077=>0x401079).(0=>1), idx:28 [sn:103]
 187000: system.cpu.iq: Adding instruction [sn:103] PC (0x401077=>0x401079).(0=>1) to the IQ.
 187000: system.cpu.iq: Instruction PC (0x401077=>0x401079).(0=>1) has src reg 111 (integer) that is being added to the dependency chain.
 187000: system.cpu.memDep0: No dependency for inst PC (0x401077=>0x401079).(0=>1) [sn:103].
 187000: system.cpu.iew: [tid:0] Issue: Adding PC (0x401077=>0x401079).(1=>2) [sn:104] [tid:0] to IQ.
 187000: system.cpu.iq: Adding instruction [sn:104] PC (0x401077=>0x401079).(1=>2) to the IQ.
 187000: system.cpu.iq: Instruction PC (0x401077=>0x401079).(1=>2) has src reg 112 (integer) that is being added to the dependency chain.
 187000: system.cpu.iq: Instruction PC (0x401077=>0x401079).(1=>2) has src reg 112 (integer) that is being added to the dependency chain.
 187000: system.cpu.iew: [tid:0] Issue: Adding PC (0x401077=>0x401079).(2=>3) [sn:105] [tid:0] to IQ.
 187000: system.cpu.iew: [tid:0] Issue: Memory instruction encountered, adding to LSQ.
 187000: system.cpu.iew.lsq.thread0: Inserting store PC (0x401077=>0x401079).(2=>3), idx:28 [sn:105]
 187000: system.cpu.iq: Adding instruction [sn:105] PC (0x401077=>0x401079).(2=>3) to the IQ.
 187000: system.cpu.iq: Instruction PC (0x401077=>0x401079).(2=>3) has src reg 113 (integer) that is being added to the dependency chain.
 187000: system.cpu.memDep0: No dependency for inst PC (0x401077=>0x401079).(2=>3) [sn:105].
 187000: system.cpu.memDep0: Inserting store/atomic PC (0x401077=>0x401079).(2=>3) [sn:105].
 187000: system.cpu.iew: [tid:0] Issue: Adding PC (0x401079=>0x40107b).(0=>1) [sn:106] [tid:0] to IQ.
 187000: system.cpu.iew: [tid:0] Issue: Memory instruction encountered, adding to LSQ.
 187000: system.cpu.iew.lsq.thread0: Inserting load PC (0x401079=>0x40107b).(0=>1), idx:29 [sn:106]
 187000: system.cpu.iq: Adding instruction [sn:106] PC (0x401079=>0x40107b).(0=>1) to the IQ.
 187000: system.cpu.iq: Instruction PC (0x401079=>0x40107b).(0=>1) has src reg 113 (integer) that is being added to the dependency chain.
 187000: system.cpu.memDep0: No dependency for inst PC (0x401079=>0x40107b).(0=>1) [sn:106].
 187000: system.cpu.iew: [tid:0] Issue: Adding PC (0x401079=>0x40107b).(1=>2) [sn:107] [tid:0] to IQ.
 187000: system.cpu.iq: Adding instruction [sn:107] PC (0x401079=>0x40107b).(1=>2) to the IQ.
 187000: system.cpu.iq: Instruction PC (0x401079=>0x40107b).(1=>2) has src reg 114 (integer) that is being added to the dependency chain.
 187000: system.cpu.iq: Instruction PC (0x401079=>0x40107b).(1=>2) has src reg 114 (integer) that is being added to the dependency chain.
 187000: system.cpu.iew: [tid:0] Issue: Adding PC (0x401079=>0x40107b).(2=>3) [sn:108] [tid:0] to IQ.
 187000: system.cpu.iew: [tid:0] Issue: Memory instruction encountered, adding to LSQ.
 187000: system.cpu.iew.lsq.thread0: Inserting store PC (0x401079=>0x40107b).(2=>3), idx:29 [sn:108]
 187000: system.cpu.iq: Adding instruction [sn:108] PC (0x401079=>0x40107b).(2=>3) to the IQ.
 187000: system.cpu.iq: Instruction PC (0x401079=>0x40107b).(2=>3) has src reg 115 (integer) that is being added to the dependency chain.
 187000: system.cpu.memDep0: No dependency for inst PC (0x401079=>0x40107b).(2=>3) [sn:108].
 187000: system.cpu.memDep0: Inserting store/atomic PC (0x401079=>0x40107b).(2=>3) [sn:108].
 187000: system.cpu.iq: Attempting to schedule ready instructions from the IQ.
 187000: system.cpu.iq: Not able to schedule any instructions.
 187000: system.cpu.iew.lsq: [tid:0] Writing back stores. 2 stores available for Writeback.
 187000: system.cpu.iew.lsq.thread0: D-Cache: Writing back store idx:3 PC:(0x401013=>0x40101b).(1=>2) to Addr:0x2e18, data:0xf [sn:8]
 187000: system.cpu.iew.lsq.thread0: Memory request (pkt: WriteResp [2e18:2e1b]) from inst [sn:8] was sent (cache is blocked: 0, cache_got_blocked: 0)
 187000: system.cpu.iew: Processing [tid:0]
 187000: system.cpu.iew.lsq.thread0: LQ size: 132, #loads occupied: 26
 187000: system.cpu.iew.lsq.thread0: SQ size: 72, #stores occupied: 28
 187000: system.cpu.iew: [tid:0], Dispatch dispatched 10 instructions.
 187000: system.cpu.iew.lsq.thread0: SQ size: 72, #stores occupied: 28
 187000: system.cpu.iew.lsq.thread0: LQ size: 132, #loads occupied: 26
 187000: system.cpu.iew: IQ has 481 free entries (Can schedule: 0).  LQ has 106 free entries. SQ has 44 free entries.
 187000: system.cpu.iew: Activity this cycle.
 187000: system.cpu.commit: Getting instructions from Rename stage.
 187000: system.cpu.commit: [tid:0] [sn:109] Inserting PC (0x40107b=>0x40107d).(0=>1) into ROB.
 187000: system.cpu.rob: Adding inst PC (0x40107b=>0x40107d).(0=>1) to the ROB.
 187000: system.cpu.rob: [tid:0] Now has 80 instructions.
 187000: system.cpu.commit: [tid:0] [sn:110] Inserting PC (0x40107b=>0x40107d).(1=>2) into ROB.
 187000: system.cpu.rob: Adding inst PC (0x40107b=>0x40107d).(1=>2) to the ROB.
 187000: system.cpu.rob: [tid:0] Now has 81 instructions.
 187000: system.cpu.commit: [tid:0] [sn:111] Inserting PC (0x40107b=>0x40107d).(2=>3) into ROB.
 187000: system.cpu.rob: Adding inst PC (0x40107b=>0x40107d).(2=>3) to the ROB.
 187000: system.cpu.rob: [tid:0] Now has 82 instructions.
 187000: system.cpu.commit: [tid:0] [sn:112] Inserting PC (0x40107d=>0x40107f).(0=>1) into ROB.
 187000: system.cpu.rob: Adding inst PC (0x40107d=>0x40107f).(0=>1) to the ROB.
 187000: system.cpu.rob: [tid:0] Now has 83 instructions.
 187000: system.cpu.commit: [tid:0] [sn:113] Inserting PC (0x40107d=>0x40107f).(1=>2) into ROB.
 187000: system.cpu.rob: Adding inst PC (0x40107d=>0x40107f).(1=>2) to the ROB.
 187000: system.cpu.rob: [tid:0] Now has 84 instructions.
 187000: system.cpu.commit: [tid:0] [sn:114] Inserting PC (0x40107d=>0x40107f).(2=>3) into ROB.
 187000: system.cpu.rob: Adding inst PC (0x40107d=>0x40107f).(2=>3) to the ROB.
 187000: system.cpu.rob: [tid:0] Now has 85 instructions.
 187000: system.cpu.commit: Trying to commit instructions in the ROB.
 187000: system.cpu.commit: Trying to commit head instruction, [tid:0] [sn:30]
 187000: system.cpu.commit: Inst [tid:0] [sn:30] PC (0x401045=>0x401047).(0=>1) has a fault
 187000: system.cpu.commit: [tid:0] [sn:30] Stores outstanding, fault must wait.
 187000: system.cpu.commit: Unable to commit head instruction PC:(0x401045=>0x401047).(0=>1) [tid:0] [sn:30].
 187000: system.cpu.commit: [tid:0] Instruction [sn:30] PC (0x401045=>0x401047).(0=>1) is head of ROB and ready to commit
 187000: system.cpu.commit: [tid:0] ROB has 85 insts & 833 free entries.
 187000: system.cpu.commit: Activity This Cycle.
 187000: system.cpu: Activity: 12
 187000: system.cpu: Scheduling next tick!
 188000: system.cpu: 

O3CPU: Ticking main, O3CPU.
 188000: system.cpu.fetch: Running stage.
 188000: system.cpu.fetch: There are no more threads available to fetch from.
 188000: system.cpu.fetch: [tid:0] Fetch is waiting cache response!
 188000: system.cpu.decode: Processing [tid:0]
 188000: system.cpu.decode: [tid:0] Not blocked, so attempting to run stage.
 188000: system.cpu.decode: [tid:0] Nothing to do, breaking out early.
 188000: system.cpu.rename: Processing [tid:0]
 188000: system.cpu.rename: [tid:0] Free IQ: 481, Free ROB: 833, Free LQ: 106, Free SQ: 44, FreeRM 127(823 870 917 1834 127 8 4529)
 188000: system.cpu.rename: [tid:0] 16 instructions not yet in ROB
 188000: system.cpu.rename: calcFreeLQEntries: free lqEntries: 106, loadsInProgress: 5, loads dispatchedToLQ: 3
 188000: system.cpu.rename: [tid:0] Not blocked, so attempting to run stage.
 188000: system.cpu.rename: [tid:0] Nothing to do, breaking out early.
 188000: system.cpu.iew: Issue: Processing [tid:0]
 188000: system.cpu.iew: [tid:0] Not blocked, so attempting to run dispatch.
 188000: system.cpu.iew: [tid:0] Issue: Adding PC (0x40107b=>0x40107d).(0=>1) [sn:109] [tid:0] to IQ.
 188000: system.cpu.iew: [tid:0] Issue: Memory instruction encountered, adding to LSQ.
 188000: system.cpu.iew.lsq.thread0: Inserting load PC (0x40107b=>0x40107d).(0=>1), idx:30 [sn:109]
 188000: system.cpu.iq: Adding instruction [sn:109] PC (0x40107b=>0x40107d).(0=>1) to the IQ.
 188000: system.cpu.iq: Instruction PC (0x40107b=>0x40107d).(0=>1) has src reg 115 (integer) that is being added to the dependency chain.
 188000: system.cpu.memDep0: No dependency for inst PC (0x40107b=>0x40107d).(0=>1) [sn:109].
 188000: system.cpu.iew: [tid:0] Issue: Adding PC (0x40107b=>0x40107d).(1=>2) [sn:110] [tid:0] to IQ.
 188000: system.cpu.iq: Adding instruction [sn:110] PC (0x40107b=>0x40107d).(1=>2) to the IQ.
 188000: system.cpu.iq: Instruction PC (0x40107b=>0x40107d).(1=>2) has src reg 116 (integer) that is being added to the dependency chain.
 188000: system.cpu.iq: Instruction PC (0x40107b=>0x40107d).(1=>2) has src reg 116 (integer) that is being added to the dependency chain.
 188000: system.cpu.iew: [tid:0] Issue: Adding PC (0x40107b=>0x40107d).(2=>3) [sn:111] [tid:0] to IQ.
 188000: system.cpu.iew: [tid:0] Issue: Memory instruction encountered, adding to LSQ.
 188000: system.cpu.iew.lsq.thread0: Inserting store PC (0x40107b=>0x40107d).(2=>3), idx:30 [sn:111]
 188000: system.cpu.iq: Adding instruction [sn:111] PC (0x40107b=>0x40107d).(2=>3) to the IQ.
 188000: system.cpu.iq: Instruction PC (0x40107b=>0x40107d).(2=>3) has src reg 117 (integer) that is being added to the dependency chain.
 188000: system.cpu.memDep0: No dependency for inst PC (0x40107b=>0x40107d).(2=>3) [sn:111].
 188000: system.cpu.memDep0: Inserting store/atomic PC (0x40107b=>0x40107d).(2=>3) [sn:111].
 188000: system.cpu.iew: [tid:0] Issue: Adding PC (0x40107d=>0x40107f).(0=>1) [sn:112] [tid:0] to IQ.
 188000: system.cpu.iew: [tid:0] Issue: Memory instruction encountered, adding to LSQ.
 188000: system.cpu.iew.lsq.thread0: Inserting load PC (0x40107d=>0x40107f).(0=>1), idx:31 [sn:112]
 188000: system.cpu.iq: Adding instruction [sn:112] PC (0x40107d=>0x40107f).(0=>1) to the IQ.
 188000: system.cpu.iq: Instruction PC (0x40107d=>0x40107f).(0=>1) has src reg 117 (integer) that is being added to the dependency chain.
 188000: system.cpu.memDep0: No dependency for inst PC (0x40107d=>0x40107f).(0=>1) [sn:112].
 188000: system.cpu.iew: [tid:0] Issue: Adding PC (0x40107d=>0x40107f).(1=>2) [sn:113] [tid:0] to IQ.
 188000: system.cpu.iq: Adding instruction [sn:113] PC (0x40107d=>0x40107f).(1=>2) to the IQ.
 188000: system.cpu.iq: Instruction PC (0x40107d=>0x40107f).(1=>2) has src reg 118 (integer) that is being added to the dependency chain.
 188000: system.cpu.iq: Instruction PC (0x40107d=>0x40107f).(1=>2) has src reg 118 (integer) that is being added to the dependency chain.
 188000: system.cpu.iew: [tid:0] Issue: Adding PC (0x40107d=>0x40107f).(2=>3) [sn:114] [tid:0] to IQ.
 188000: system.cpu.iew: [tid:0] Issue: Memory instruction encountered, adding to LSQ.
 188000: system.cpu.iew.lsq.thread0: Inserting store PC (0x40107d=>0x40107f).(2=>3), idx:31 [sn:114]
 188000: system.cpu.iq: Adding instruction [sn:114] PC (0x40107d=>0x40107f).(2=>3) to the IQ.
 188000: system.cpu.iq: Instruction PC (0x40107d=>0x40107f).(2=>3) has src reg 119 (integer) that is being added to the dependency chain.
 188000: system.cpu.memDep0: No dependency for inst PC (0x40107d=>0x40107f).(2=>3) [sn:114].
 188000: system.cpu.memDep0: Inserting store/atomic PC (0x40107d=>0x40107f).(2=>3) [sn:114].
 188000: system.cpu.iq: Attempting to schedule ready instructions from the IQ.
 188000: system.cpu.iq: Not able to schedule any instructions.
 188000: system.cpu.iew.lsq: [tid:0] Writing back stores. 2 stores available for Writeback.
 188000: system.cpu.iew: Processing [tid:0]
 188000: system.cpu.iew: [tid:0], Dispatch dispatched 6 instructions.
 188000: system.cpu.iew.lsq.thread0: SQ size: 72, #stores occupied: 30
 188000: system.cpu.iew.lsq.thread0: LQ size: 132, #loads occupied: 28
 188000: system.cpu.iew: IQ has 475 free entries (Can schedule: 0).  LQ has 104 free entries. SQ has 42 free entries.
 188000: system.cpu.commit: Getting instructions from Rename stage.
 188000: system.cpu.commit: Trying to commit instructions in the ROB.
 188000: system.cpu.commit: Trying to commit head instruction, [tid:0] [sn:30]
 188000: system.cpu.commit: Inst [tid:0] [sn:30] PC (0x401045=>0x401047).(0=>1) has a fault
 188000: system.cpu.commit: [tid:0] [sn:30] Stores outstanding, fault must wait.
 188000: system.cpu.commit: Unable to commit head instruction PC:(0x401045=>0x401047).(0=>1) [tid:0] [sn:30].
 188000: system.cpu.commit: [tid:0] Instruction [sn:30] PC (0x401045=>0x401047).(0=>1) is head of ROB and ready to commit
 188000: system.cpu.commit: [tid:0] ROB has 85 insts & 833 free entries.
 188000: system.cpu: Activity: 11
 188000: system.cpu: Scheduling next tick!
 189000: system.cpu: CPU already running.
 189000: system.cpu: Activity: 12
 189000: system.cpu.iew.lsq.thread0: Completing store [sn:8], idx:2, store head idx:3
O3PipeView:fetch:87000:0x00401013:1:8:  MOV_M_I : st   t1d, SS:[t0 + rsp + 0x8]
O3PipeView:decode:88000
O3PipeView:rename:89000
O3PipeView:dispatch:91000
O3PipeView:issue:93000
O3PipeView:complete:94000
O3PipeView:retire:99000:store:189000
 189000: global: DynInst: [sn:8] Instruction destroyed. Instcount for system.cpu = 86
 189000: system.cpu: 

O3CPU: Ticking main, O3CPU.
 189000: system.cpu.fetch: Running stage.
 189000: system.cpu.fetch: There are no more threads available to fetch from.
 189000: system.cpu.fetch: [tid:0] Fetch is waiting cache response!
 189000: system.cpu.decode: Processing [tid:0]
 189000: system.cpu.decode: [tid:0] Not blocked, so attempting to run stage.
 189000: system.cpu.decode: [tid:0] Nothing to do, breaking out early.
 189000: system.cpu.rename: Processing [tid:0]
 189000: system.cpu.rename: [tid:0] Free IQ: 481, Free ROB: 833, Free LQ: 106, Free SQ: 44, FreeRM 127(823 870 917 1834 127 8 4529)
 189000: system.cpu.rename: [tid:0] 6 instructions not yet in ROB
 189000: system.cpu.rename: calcFreeLQEntries: free lqEntries: 106, loadsInProgress: 2, loads dispatchedToLQ: 2
 189000: system.cpu.rename: [tid:0] Not blocked, so attempting to run stage.
 189000: system.cpu.rename: [tid:0] Nothing to do, breaking out early.
 189000: system.cpu.iew: Issue: Processing [tid:0]
 189000: system.cpu.iew: [tid:0] Not blocked, so attempting to run dispatch.
 189000: system.cpu.iq: Attempting to schedule ready instructions from the IQ.
 189000: system.cpu.iq: Not able to schedule any instructions.
 189000: system.cpu.iew.lsq: [tid:0] Writing back stores. 1 stores available for Writeback.
 189000: system.cpu.iew.lsq.thread0: D-Cache: Writing back store idx:4 PC:(0x40101b=>0x401023).(1=>2) to Addr:0x2e1c, data:0x14 [sn:10]
 189000: system.cpu.iew.lsq.thread0: Memory request (pkt: WriteResp [2e1c:2e1f]) from inst [sn:10] was sent (cache is blocked: 0, cache_got_blocked: 0)
 189000: system.cpu.iew: Processing [tid:0]
 189000: system.cpu.iew.lsq.thread0: LQ size: 132, #loads occupied: 28
 189000: system.cpu.iew.lsq.thread0: SQ size: 72, #stores occupied: 29
 189000: system.cpu.iew: [tid:0], Dispatch dispatched 0 instructions.
 189000: system.cpu.iew.lsq.thread0: SQ size: 72, #stores occupied: 29
 189000: system.cpu.iew.lsq.thread0: LQ size: 132, #loads occupied: 28
 189000: system.cpu.iew: IQ has 475 free entries (Can schedule: 0).  LQ has 104 free entries. SQ has 43 free entries.
 189000: system.cpu.iew: IEW switching to idle
 189000: system.cpu.iew: Deactivating stage.
 189000: system.cpu: Activity: 11
 189000: system.cpu.iew: Activity this cycle.
 189000: system.cpu.commit: Getting instructions from Rename stage.
 189000: system.cpu.commit: Trying to commit instructions in the ROB.
 189000: system.cpu.commit: Trying to commit head instruction, [tid:0] [sn:30]
 189000: system.cpu.commit: Inst [tid:0] [sn:30] PC (0x401045=>0x401047).(0=>1) has a fault
 189000: system.cpu.commit: [tid:0] [sn:30] Stores outstanding, fault must wait.
 189000: system.cpu.commit: Unable to commit head instruction PC:(0x401045=>0x401047).(0=>1) [tid:0] [sn:30].
 189000: system.cpu.commit: [tid:0] Instruction [sn:30] PC (0x401045=>0x401047).(0=>1) is head of ROB and ready to commit
 189000: system.cpu.commit: [tid:0] ROB has 85 insts & 833 free entries.
 189000: system.cpu: Activity: 10
 189000: system.cpu: Scheduling next tick!
 190000: system.cpu: 

O3CPU: Ticking main, O3CPU.
 190000: system.cpu.fetch: Running stage.
 190000: system.cpu.fetch: There are no more threads available to fetch from.
 190000: system.cpu.fetch: [tid:0] Fetch is waiting cache response!
 190000: system.cpu.decode: Processing [tid:0]
 190000: system.cpu.decode: [tid:0] Not blocked, so attempting to run stage.
 190000: system.cpu.decode: [tid:0] Nothing to do, breaking out early.
 190000: system.cpu.rename: Processing [tid:0]
 190000: system.cpu.rename: [tid:0] Free IQ: 475, Free ROB: 833, Free LQ: 104, Free SQ: 43, FreeRM 127(823 870 917 1834 127 8 4529)
 190000: system.cpu.rename: [tid:0] 0 instructions not yet in ROB
 190000: system.cpu.rename: calcFreeLQEntries: free lqEntries: 104, loadsInProgress: 0, loads dispatchedToLQ: 0
 190000: system.cpu.rename: [tid:0] Not blocked, so attempting to run stage.
 190000: system.cpu.rename: [tid:0] Nothing to do, breaking out early.
 190000: system.cpu.iew: Issue: Processing [tid:0]
 190000: system.cpu.iew: [tid:0] Not blocked, so attempting to run dispatch.
 190000: system.cpu.iq: Attempting to schedule ready instructions from the IQ.
 190000: system.cpu.iq: Not able to schedule any instructions.
 190000: system.cpu.iew.lsq: [tid:0] Writing back stores. 1 stores available for Writeback.
 190000: system.cpu.iew: Processing [tid:0]
 190000: system.cpu.iew: [tid:0], Dispatch dispatched 0 instructions.
 190000: system.cpu.iew.lsq.thread0: SQ size: 72, #stores occupied: 29
 190000: system.cpu.iew.lsq.thread0: LQ size: 132, #loads occupied: 28
 190000: system.cpu.iew: IQ has 475 free entries (Can schedule: 0).  LQ has 104 free entries. SQ has 43 free entries.
 190000: system.cpu.commit: Getting instructions from Rename stage.
 190000: system.cpu.commit: Trying to commit instructions in the ROB.
 190000: system.cpu.commit: Trying to commit head instruction, [tid:0] [sn:30]
 190000: system.cpu.commit: Inst [tid:0] [sn:30] PC (0x401045=>0x401047).(0=>1) has a fault
 190000: system.cpu.commit: [tid:0] [sn:30] Stores outstanding, fault must wait.
 190000: system.cpu.commit: Unable to commit head instruction PC:(0x401045=>0x401047).(0=>1) [tid:0] [sn:30].
 190000: system.cpu.commit: [tid:0] Instruction [sn:30] PC (0x401045=>0x401047).(0=>1) is head of ROB and ready to commit
 190000: system.cpu.commit: [tid:0] ROB has 85 insts & 833 free entries.
 190000: system.cpu: Activity: 9
 190000: system.cpu: Scheduling next tick!
 191000: system.cpu: CPU already running.
 191000: system.cpu: Activity: 10
 191000: system.cpu.iew.lsq.thread0: Completing store [sn:10], idx:3, store head idx:4
O3PipeView:fetch:87000:0x0040101b:1:10:  MOV_M_I : st   t1d, SS:[t0 + rsp + 0xc]
O3PipeView:decode:88000
O3PipeView:rename:89000
O3PipeView:dispatch:91000
O3PipeView:issue:93000
O3PipeView:complete:94000
O3PipeView:retire:100000:store:191000
 191000: global: DynInst: [sn:10] Instruction destroyed. Instcount for system.cpu = 85
 191000: system.cpu: 

O3CPU: Ticking main, O3CPU.
 191000: system.cpu.fetch: Running stage.
 191000: system.cpu.fetch: There are no more threads available to fetch from.
 191000: system.cpu.fetch: [tid:0] Fetch is waiting cache response!
 191000: system.cpu.decode: Processing [tid:0]
 191000: system.cpu.decode: [tid:0] Not blocked, so attempting to run stage.
 191000: system.cpu.decode: [tid:0] Nothing to do, breaking out early.
 191000: system.cpu.rename: Processing [tid:0]
 191000: system.cpu.rename: [tid:0] Free IQ: 475, Free ROB: 833, Free LQ: 104, Free SQ: 43, FreeRM 127(823 870 917 1834 127 8 4529)
 191000: system.cpu.rename: [tid:0] 0 instructions not yet in ROB
 191000: system.cpu.rename: calcFreeLQEntries: free lqEntries: 104, loadsInProgress: 0, loads dispatchedToLQ: 0
 191000: system.cpu.rename: [tid:0] Not blocked, so attempting to run stage.
 191000: system.cpu.rename: [tid:0] Nothing to do, breaking out early.
 191000: system.cpu.iew: Issue: Processing [tid:0]
 191000: system.cpu.iew: [tid:0] Not blocked, so attempting to run dispatch.
 191000: system.cpu.iq: Attempting to schedule ready instructions from the IQ.
 191000: system.cpu.iq: Not able to schedule any instructions.
 191000: system.cpu.iew: Processing [tid:0]
 191000: system.cpu.iew.lsq.thread0: LQ size: 132, #loads occupied: 28
 191000: system.cpu.iew.lsq.thread0: SQ size: 72, #stores occupied: 28
 191000: system.cpu.iew: [tid:0], Dispatch dispatched 0 instructions.
 191000: system.cpu.iew.lsq.thread0: SQ size: 72, #stores occupied: 28
 191000: system.cpu.iew.lsq.thread0: LQ size: 132, #loads occupied: 28
 191000: system.cpu.iew: IQ has 475 free entries (Can schedule: 0).  LQ has 104 free entries. SQ has 44 free entries.
 191000: system.cpu.iew: Activity this cycle.
 191000: system.cpu.commit: Getting instructions from Rename stage.
 191000: system.cpu.commit: Trying to commit instructions in the ROB.
 191000: system.cpu.commit: Trying to commit head instruction, [tid:0] [sn:30]
 191000: system.cpu.commit: Inst [tid:0] [sn:30] PC (0x401045=>0x401047).(0=>1) has a fault
 191000: global: RegFile: Access to int register 63, has data 0x3c
 191000: global: RegFile: Access to int register 62, has data 0x14
 191000: global: Calling halt on Thread Context 0
 191000: system.cpu: Thread 0 is inserted to exitingThreads list
 191000: global: RegFile: Setting int register 63 to 0x14
 191000: system.cpu.commit: [tid:0] [sn:30] Committing instruction with fault
 191000: system.cpu.commit: Generating trap event for [tid:0]
 191000: system.cpu.commit: Unable to commit head instruction PC:(0x401045=>0x401047).(0=>1) [tid:0] [sn:30].
 191000: system.cpu.commit: [tid:0] Instruction [sn:30] PC (0x401045=>0x401047).(0=>1) is head of ROB and ready to commit
 191000: system.cpu.commit: [tid:0] ROB has 85 insts & 833 free entries.
 191000: system.cpu: Activity: 9
 191000: system.cpu: Scheduling next tick!
